
--------------------------------------------------------------------------------
WORKER run_id=9 method=safe_dagger kind=safe
--------------------------------------------------------------------------------
[14:38:44] [bo-budget] $ /home/s226137394/.conda/envs/maze/bin/python3 -u -m Equivariant_pathway.equivariant_CNN_hybrid.rollout_test --checkpoint /weka/s226137394/DmNfull/Equivariant_pathway/equivariant_CNN_hybrid/baseline_vs_p4/pool_x_selector/results/run_9/safe_dagger/checkpoints/best_hybrid_policy.pth --layouts /weka/s226137394/DmNfull/Equivariant_pathway/equivariant_CNN_hybrid/baseline_vs_p4/shared/heldout_layouts.yaml --out_dir /weka/s226137394/DmNfull/Equivariant_pathway/equivariant_CNN_hybrid/baseline_vs_p4/pool_x_selector/results/run_9/safe_dagger/results/eval_round_000 --seed 9 --max_steps 60
[hybrid-rollout] 200 unique; running 200 eps
[hybrid-rollout] loaded /weka/s226137394/DmNfull/Equivariant_pathway/equivariant_CNN_hybrid/baseline_vs_p4/pool_x_selector/results/run_9/safe_dagger/checkpoints/best_hybrid_policy.pth
[hybrid-rollout] ep 0 (heldout_001): steps=5 success=True
[hybrid-rollout] ep 1 (heldout_002): steps=60 success=False
[hybrid-rollout] ep 2 (heldout_003): steps=4 success=False
[hybrid-rollout] ep 3 (heldout_004): steps=60 success=False
[hybrid-rollout] ep 4 (heldout_005): steps=5 success=True
[hybrid-rollout] ep 5 (heldout_006): steps=3 success=False
[hybrid-rollout] ep 6 (heldout_007): steps=60 success=False
[hybrid-rollout] ep 7 (heldout_008): steps=60 success=False
[hybrid-rollout] ep 8 (heldout_009): steps=2 success=False
[hybrid-rollout] ep 9 (heldout_010): steps=60 success=False
[hybrid-rollout] ep 10 (heldout_011): steps=4 success=True
[hybrid-rollout] ep 11 (heldout_012): steps=3 success=False
[hybrid-rollout] ep 12 (heldout_013): steps=60 success=False
[hybrid-rollout] ep 13 (heldout_014): steps=5 success=True
[hybrid-rollout] ep 14 (heldout_015): steps=4 success=True
[hybrid-rollout] ep 15 (heldout_016): steps=1 success=False
[hybrid-rollout] ep 16 (heldout_017): steps=4 success=True
[hybrid-rollout] ep 17 (heldout_018): steps=60 success=False
[hybrid-rollout] ep 18 (heldout_019): steps=60 success=False
[hybrid-rollout] ep 19 (heldout_020): steps=5 success=True
[hybrid-rollout] ep 20 (heldout_021): steps=60 success=False
[hybrid-rollout] ep 21 (heldout_022): steps=60 success=False
[hybrid-rollout] ep 22 (heldout_023): steps=60 success=False
[hybrid-rollout] ep 23 (heldout_024): steps=60 success=False
[hybrid-rollout] ep 24 (heldout_025): steps=4 success=True
[hybrid-rollout] ep 25 (heldout_026): steps=4 success=True
[hybrid-rollout] ep 26 (heldout_027): steps=4 success=True
[hybrid-rollout] ep 27 (heldout_028): steps=4 success=True
[hybrid-rollout] ep 28 (heldout_029): steps=60 success=False
[hybrid-rollout] ep 29 (heldout_030): steps=60 success=False
[hybrid-rollout] ep 30 (heldout_031): steps=60 success=False
[hybrid-rollout] ep 31 (heldout_032): steps=60 success=False
[hybrid-rollout] ep 32 (heldout_033): steps=4 success=True
[hybrid-rollout] ep 33 (heldout_034): steps=60 success=False
[hybrid-rollout] ep 34 (heldout_035): steps=60 success=False
[hybrid-rollout] ep 35 (heldout_036): steps=5 success=True
[hybrid-rollout] ep 36 (heldout_037): steps=2 success=False
[hybrid-rollout] ep 37 (heldout_038): steps=5 success=True
[hybrid-rollout] ep 38 (heldout_039): steps=6 success=True
[hybrid-rollout] ep 39 (heldout_040): steps=2 success=False
[hybrid-rollout] ep 40 (heldout_041): steps=60 success=False
[hybrid-rollout] ep 41 (heldout_042): steps=60 success=False
[hybrid-rollout] ep 42 (heldout_043): steps=60 success=False
[hybrid-rollout] ep 43 (heldout_044): steps=5 success=True
[hybrid-rollout] ep 44 (heldout_045): steps=3 success=False
[hybrid-rollout] ep 45 (heldout_046): steps=4 success=True
[hybrid-rollout] ep 46 (heldout_047): steps=6 success=True
[hybrid-rollout] ep 47 (heldout_048): steps=6 success=True
[hybrid-rollout] ep 48 (heldout_049): steps=60 success=False
[hybrid-rollout] ep 49 (heldout_050): steps=60 success=False
[hybrid-rollout] ep 50 (heldout_051): steps=4 success=True
[hybrid-rollout] ep 51 (heldout_052): steps=4 success=True
[hybrid-rollout] ep 52 (heldout_053): steps=60 success=False
[hybrid-rollout] ep 53 (heldout_054): steps=4 success=True
[hybrid-rollout] ep 54 (heldout_055): steps=60 success=False
[hybrid-rollout] ep 55 (heldout_056): steps=4 success=True
[hybrid-rollout] ep 56 (heldout_057): steps=4 success=True
[hybrid-rollout] ep 57 (heldout_058): steps=4 success=True
[hybrid-rollout] ep 58 (heldout_059): steps=60 success=False
[hybrid-rollout] ep 59 (heldout_060): steps=6 success=True
[hybrid-rollout] ep 60 (heldout_061): steps=5 success=True
[hybrid-rollout] ep 61 (heldout_062): steps=6 success=True
[hybrid-rollout] ep 62 (heldout_063): steps=5 success=True
[hybrid-rollout] ep 63 (heldout_064): steps=1 success=False
[hybrid-rollout] ep 64 (heldout_065): steps=3 success=False
[hybrid-rollout] ep 65 (heldout_066): steps=6 success=True
[hybrid-rollout] ep 66 (heldout_067): steps=5 success=True
[hybrid-rollout] ep 67 (heldout_068): steps=4 success=True
[hybrid-rollout] ep 68 (heldout_069): steps=60 success=False
[hybrid-rollout] ep 69 (heldout_070): steps=60 success=False
[hybrid-rollout] ep 70 (heldout_071): steps=5 success=True
[hybrid-rollout] ep 71 (heldout_072): steps=60 success=False
[hybrid-rollout] ep 72 (heldout_073): steps=6 success=True
[hybrid-rollout] ep 73 (heldout_074): steps=60 success=False
[hybrid-rollout] ep 74 (heldout_075): steps=5 success=True
[hybrid-rollout] ep 75 (heldout_076): steps=60 success=False
[hybrid-rollout] ep 76 (heldout_077): steps=4 success=True
[hybrid-rollout] ep 77 (heldout_078): steps=3 success=False
[hybrid-rollout] ep 78 (heldout_079): steps=4 success=True
[hybrid-rollout] ep 79 (heldout_080): steps=4 success=True
[hybrid-rollout] ep 80 (heldout_081): steps=60 success=False
[hybrid-rollout] ep 81 (heldout_082): steps=5 success=True
[hybrid-rollout] ep 82 (heldout_083): steps=60 success=False
[hybrid-rollout] ep 83 (heldout_084): steps=1 success=False
[hybrid-rollout] ep 84 (heldout_085): steps=60 success=False
[hybrid-rollout] ep 85 (heldout_086): steps=6 success=True
[hybrid-rollout] ep 86 (heldout_087): steps=60 success=False
[hybrid-rollout] ep 87 (heldout_088): steps=60 success=False
[hybrid-rollout] ep 88 (heldout_089): steps=3 success=False
[hybrid-rollout] ep 89 (heldout_090): steps=4 success=True
[hybrid-rollout] ep 90 (heldout_091): steps=3 success=False
[hybrid-rollout] ep 91 (heldout_092): steps=5 success=True
[hybrid-rollout] ep 92 (heldout_093): steps=1 success=False
[hybrid-rollout] ep 93 (heldout_094): steps=6 success=True
[hybrid-rollout] ep 94 (heldout_095): steps=7 success=True
[hybrid-rollout] ep 95 (heldout_096): steps=60 success=False
[hybrid-rollout] ep 96 (heldout_097): steps=5 success=True
[hybrid-rollout] ep 97 (heldout_098): steps=1 success=False
[hybrid-rollout] ep 98 (heldout_099): steps=60 success=False
[hybrid-rollout] ep 99 (heldout_100): steps=60 success=False
[hybrid-rollout] ep 100 (heldout_101): steps=4 success=True
[hybrid-rollout] ep 101 (heldout_102): steps=4 success=True
[hybrid-rollout] ep 102 (heldout_103): steps=60 success=False
[hybrid-rollout] ep 103 (heldout_104): steps=6 success=True
[hybrid-rollout] ep 104 (heldout_105): steps=4 success=True
[hybrid-rollout] ep 105 (heldout_106): steps=60 success=False
[hybrid-rollout] ep 106 (heldout_107): steps=4 success=True
[hybrid-rollout] ep 107 (heldout_108): steps=60 success=False
[hybrid-rollout] ep 108 (heldout_109): steps=4 success=True
[hybrid-rollout] ep 109 (heldout_110): steps=6 success=True
[hybrid-rollout] ep 110 (heldout_111): steps=60 success=False
[hybrid-rollout] ep 111 (heldout_112): steps=60 success=False
[hybrid-rollout] ep 112 (heldout_113): steps=5 success=True
[hybrid-rollout] ep 113 (heldout_114): steps=4 success=True
[hybrid-rollout] ep 114 (heldout_115): steps=4 success=True
[hybrid-rollout] ep 115 (heldout_116): steps=60 success=False
[hybrid-rollout] ep 116 (heldout_117): steps=7 success=True
[hybrid-rollout] ep 117 (heldout_118): steps=60 success=False
[hybrid-rollout] ep 118 (heldout_119): steps=60 success=False
[hybrid-rollout] ep 119 (heldout_120): steps=7 success=True
[hybrid-rollout] ep 120 (heldout_121): steps=60 success=False
[hybrid-rollout] ep 121 (heldout_122): steps=60 success=False
[hybrid-rollout] ep 122 (heldout_123): steps=6 success=True
[hybrid-rollout] ep 123 (heldout_124): steps=1 success=False
[hybrid-rollout] ep 124 (heldout_125): steps=4 success=True
[hybrid-rollout] ep 125 (heldout_126): steps=4 success=True
[hybrid-rollout] ep 126 (heldout_127): steps=60 success=False
[hybrid-rollout] ep 127 (heldout_128): steps=60 success=False
[hybrid-rollout] ep 128 (heldout_129): steps=1 success=False
[hybrid-rollout] ep 129 (heldout_130): steps=4 success=True
[hybrid-rollout] ep 130 (heldout_131): steps=60 success=False
[hybrid-rollout] ep 131 (heldout_132): steps=4 success=True
[hybrid-rollout] ep 132 (heldout_133): steps=4 success=True
[hybrid-rollout] ep 133 (heldout_134): steps=60 success=False
[hybrid-rollout] ep 134 (heldout_135): steps=1 success=False
[hybrid-rollout] ep 135 (heldout_136): steps=60 success=False
[hybrid-rollout] ep 136 (heldout_137): steps=5 success=True
[hybrid-rollout] ep 137 (heldout_138): steps=4 success=True
[hybrid-rollout] ep 138 (heldout_139): steps=4 success=True
[hybrid-rollout] ep 139 (heldout_140): steps=60 success=False
[hybrid-rollout] ep 140 (heldout_141): steps=5 success=True
[hybrid-rollout] ep 141 (heldout_142): steps=2 success=False
[hybrid-rollout] ep 142 (heldout_143): steps=6 success=True
[hybrid-rollout] ep 143 (heldout_144): steps=4 success=True
[hybrid-rollout] ep 144 (heldout_145): steps=5 success=True
[hybrid-rollout] ep 145 (heldout_146): steps=60 success=False
[hybrid-rollout] ep 146 (heldout_147): steps=4 success=True
[hybrid-rollout] ep 147 (heldout_148): steps=60 success=False
[hybrid-rollout] ep 148 (heldout_149): steps=60 success=False
[hybrid-rollout] ep 149 (heldout_150): steps=4 success=True
[hybrid-rollout] ep 150 (heldout_151): steps=5 success=True
[hybrid-rollout] ep 151 (heldout_152): steps=5 success=False
[hybrid-rollout] ep 152 (heldout_153): steps=2 success=False
[hybrid-rollout] ep 153 (heldout_154): steps=60 success=False
[hybrid-rollout] ep 154 (heldout_155): steps=60 success=False
[hybrid-rollout] ep 155 (heldout_156): steps=4 success=False
[hybrid-rollout] ep 156 (heldout_157): steps=60 success=False
[hybrid-rollout] ep 157 (heldout_158): steps=3 success=False
[hybrid-rollout] ep 158 (heldout_159): steps=6 success=True
[hybrid-rollout] ep 159 (heldout_160): steps=60 success=False
[hybrid-rollout] ep 160 (heldout_161): steps=60 success=False
[hybrid-rollout] ep 161 (heldout_162): steps=5 success=True
[hybrid-rollout] ep 162 (heldout_163): steps=4 success=True
[hybrid-rollout] ep 163 (heldout_164): steps=60 success=False
[hybrid-rollout] ep 164 (heldout_165): steps=5 success=True
[hybrid-rollout] ep 165 (heldout_166): steps=4 success=True
[hybrid-rollout] ep 166 (heldout_167): steps=60 success=False
[hybrid-rollout] ep 167 (heldout_168): steps=4 success=True
[hybrid-rollout] ep 168 (heldout_169): steps=4 success=False
[hybrid-rollout] ep 169 (heldout_170): steps=60 success=False
[hybrid-rollout] ep 170 (heldout_171): steps=60 success=False
[hybrid-rollout] ep 171 (heldout_172): steps=60 success=False
[hybrid-rollout] ep 172 (heldout_173): steps=4 success=True
[hybrid-rollout] ep 173 (heldout_174): steps=5 success=True
[hybrid-rollout] ep 174 (heldout_175): steps=7 success=True
[hybrid-rollout] ep 175 (heldout_176): steps=6 success=True
[hybrid-rollout] ep 176 (heldout_177): steps=60 success=False
[hybrid-rollout] ep 177 (heldout_178): steps=1 success=False
[hybrid-rollout] ep 178 (heldout_179): steps=60 success=False
[hybrid-rollout] ep 179 (heldout_180): steps=4 success=True
[hybrid-rollout] ep 180 (heldout_181): steps=5 success=True
[hybrid-rollout] ep 181 (heldout_182): steps=4 success=True
[hybrid-rollout] ep 182 (heldout_183): steps=2 success=False
[hybrid-rollout] ep 183 (heldout_184): steps=5 success=False
[hybrid-rollout] ep 184 (heldout_185): steps=60 success=False
[hybrid-rollout] ep 185 (heldout_186): steps=4 success=True
[hybrid-rollout] ep 186 (heldout_187): steps=1 success=False
[hybrid-rollout] ep 187 (heldout_188): steps=5 success=True
[hybrid-rollout] ep 188 (heldout_189): steps=60 success=False
[hybrid-rollout] ep 189 (heldout_190): steps=7 success=True
[hybrid-rollout] ep 190 (heldout_191): steps=1 success=False
[hybrid-rollout] ep 191 (heldout_192): steps=7 success=True
[hybrid-rollout] ep 192 (heldout_193): steps=60 success=False
[hybrid-rollout] ep 193 (heldout_194): steps=5 success=False
[hybrid-rollout] ep 194 (heldout_195): steps=5 success=True
[hybrid-rollout] ep 195 (heldout_196): steps=4 success=True
[hybrid-rollout] ep 196 (heldout_197): steps=5 success=True
[hybrid-rollout] ep 197 (heldout_198): steps=60 success=False
[hybrid-rollout] ep 198 (heldout_199): steps=60 success=False
[hybrid-rollout] ep 199 (heldout_200): steps=4 success=True
[hybrid-rollout] DONE successes=94/200

--------------------------------------------------------------------------------
SAFE_DAGGER ROUND 1  (remaining budget = 15)
--------------------------------------------------------------------------------
[14:41:17] [iil-baseline] round 1: pool=20 successes=8 failures=12 correction_sr=0.400
[14:41:17] [iil-baseline] round 1: picked=1 saved=1 cum_extras=1/15
[14:41:17] [iil-baseline] $ /home/s226137394/.conda/envs/maze/bin/python3 -u -m Equivariant_pathway.equivariant_CNN_hybrid.baseline_vs_p4.pool_x_selector.trainer.finetune_replay --demo_dir /weka/s226137394/DmNfull/Equivariant_pathway/equivariant_CNN_hybrid/baseline_vs_p4/pool_x_selector/results/run_9/safe_dagger/demos --checkpoint_dir /weka/s226137394/DmNfull/Equivariant_pathway/equivariant_CNN_hybrid/baseline_vs_p4/pool_x_selector/results/run_9/safe_dagger/checkpoints --epochs 90 --batch_size 64 --lr 5e-05 --weight_decay 0.0001 --replay_mix 0.5 --replay_mix_floor 0.2 --seed 9 --resume --new_demos_dir /weka/s226137394/DmNfull/Equivariant_pathway/equivariant_CNN_hybrid/baseline_vs_p4/pool_x_selector/results/run_9/safe_dagger/demos/round_001
[finetune_replay] device=cuda demo_dir=/weka/s226137394/DmNfull/Equivariant_pathway/equivariant_CNN_hybrid/baseline_vs_p4/pool_x_selector/results/run_9/safe_dagger/demos new_demos_dir=/weka/s226137394/DmNfull/Equivariant_pathway/equivariant_CNN_hybrid/baseline_vs_p4/pool_x_selector/results/run_9/safe_dagger/demos/round_001
[hybrid-dataset] 20 demos -> 103 samples
[hybrid-dataset] 1 demos -> 6 samples
[finetune_replay] sampler audit: {'n_old_samples': 103, 'n_new_samples': 6, 'replay_mix_target': 0.5, 'replay_mix_effective': 0.5, 'replay_mix_floor': 0.2}
[finetune_replay] trainable params: 1,400,028
[finetune_replay] WARM START from last_hybrid_policy.pth
[finetune_replay] ep   1/90 | train loss=0.6020 top1=0.869 | val loss=0.0575 | t=0.9s  *
[finetune_replay] ep   2/90 | train loss=0.7501 top1=0.808 | val loss=0.0021 | t=0.1s  *
[finetune_replay] ep   3/90 | train loss=0.3093 top1=0.919 | val loss=0.0006 | t=0.1s  *
[finetune_replay] ep   4/90 | train loss=0.3305 top1=0.899 | val loss=0.0062 | t=0.2s
[finetune_replay] ep   5/90 | train loss=0.1071 top1=1.000 | val loss=0.0331 | t=0.1s
[finetune_replay] ep   6/90 | train loss=0.1567 top1=1.000 | val loss=0.0376 | t=0.2s
[finetune_replay] ep   7/90 | train loss=0.1111 top1=1.000 | val loss=0.0064 | t=0.1s
[finetune_replay] ep   8/90 | train loss=0.1069 top1=1.000 | val loss=0.0063 | t=0.1s
[finetune_replay] ep   9/90 | train loss=0.1066 top1=1.000 | val loss=0.0098 | t=0.1s
[finetune_replay] ep  10/90 | train loss=0.0389 top1=1.000 | val loss=0.0327 | t=0.1s
[finetune_replay] ep  11/90 | train loss=0.0500 top1=1.000 | val loss=0.0275 | t=0.1s
[finetune_replay] ep  12/90 | train loss=0.0325 top1=1.000 | val loss=0.0043 | t=0.1s
[finetune_replay] ep  13/90 | train loss=0.0165 top1=1.000 | val loss=0.0023 | t=0.2s
[finetune_replay] ep  14/90 | train loss=0.0089 top1=1.000 | val loss=0.0039 | t=0.1s
[finetune_replay] ep  15/90 | train loss=0.0107 top1=1.000 | val loss=0.0037 | t=0.1s
[finetune_replay] ep  16/90 | train loss=0.0064 top1=1.000 | val loss=0.0021 | t=0.1s
[finetune_replay] ep  17/90 | train loss=0.0081 top1=1.000 | val loss=0.0018 | t=0.1s
[finetune_replay] ep  18/90 | train loss=0.0049 top1=1.000 | val loss=0.0020 | t=0.1s
[finetune_replay] ep  19/90 | train loss=0.0041 top1=1.000 | val loss=0.0024 | t=0.1s
[finetune_replay] ep  20/90 | train loss=0.0045 top1=1.000 | val loss=0.0021 | t=0.1s
[finetune_replay] ep  21/90 | train loss=0.0037 top1=1.000 | val loss=0.0019 | t=0.1s
[finetune_replay] ep  22/90 | train loss=0.0043 top1=1.000 | val loss=0.0024 | t=0.1s
[finetune_replay] ep  23/90 | train loss=0.0044 top1=1.000 | val loss=0.0017 | t=0.2s
[finetune_replay] ep  24/90 | train loss=0.0028 top1=1.000 | val loss=0.0017 | t=0.1s
[finetune_replay] ep  25/90 | train loss=0.0026 top1=1.000 | val loss=0.0018 | t=0.1s
[finetune_replay] ep  26/90 | train loss=0.0031 top1=1.000 | val loss=0.0017 | t=0.1s
[finetune_replay] ep  27/90 | train loss=0.0021 top1=1.000 | val loss=0.0016 | t=0.1s
[finetune_replay] ep  28/90 | train loss=0.0025 top1=1.000 | val loss=0.0014 | t=0.1s
[finetune_replay] ep  29/90 | train loss=0.0023 top1=1.000 | val loss=0.0014 | t=0.1s
[finetune_replay] ep  30/90 | train loss=0.0025 top1=1.000 | val loss=0.0015 | t=0.1s
[finetune_replay] ep  31/90 | train loss=0.0024 top1=1.000 | val loss=0.0016 | t=0.1s
[finetune_replay] ep  32/90 | train loss=0.0026 top1=1.000 | val loss=0.0017 | t=0.1s
[finetune_replay] ep  33/90 | train loss=0.0023 top1=1.000 | val loss=0.0019 | t=0.1s
[finetune_replay] ep  34/90 | train loss=0.0018 top1=1.000 | val loss=0.0018 | t=0.1s
[finetune_replay] ep  35/90 | train loss=0.0026 top1=1.000 | val loss=0.0015 | t=0.1s
[finetune_replay] ep  36/90 | train loss=0.0030 top1=1.000 | val loss=0.0009 | t=0.1s
[finetune_replay] ep  37/90 | train loss=0.0022 top1=1.000 | val loss=0.0010 | t=0.1s
[finetune_replay] ep  38/90 | train loss=0.0024 top1=1.000 | val loss=0.0014 | t=0.1s
[finetune_replay] ep  39/90 | train loss=0.0016 top1=1.000 | val loss=0.0017 | t=0.1s
[finetune_replay] ep  40/90 | train loss=0.0020 top1=1.000 | val loss=0.0019 | t=0.1s
[finetune_replay] ep  41/90 | train loss=0.0019 top1=1.000 | val loss=0.0016 | t=0.1s
[finetune_replay] ep  42/90 | train loss=0.0020 top1=1.000 | val loss=0.0014 | t=0.1s
[finetune_replay] ep  43/90 | train loss=0.0024 top1=1.000 | val loss=0.0012 | t=0.1s
[finetune_replay] ep  44/90 | train loss=0.0015 top1=1.000 | val loss=0.0011 | t=0.1s
[finetune_replay] ep  45/90 | train loss=0.0022 top1=1.000 | val loss=0.0010 | t=0.1s
[finetune_replay] ep  46/90 | train loss=0.0019 top1=1.000 | val loss=0.0011 | t=0.1s
[finetune_replay] ep  47/90 | train loss=0.0017 top1=1.000 | val loss=0.0012 | t=0.1s
[finetune_replay] ep  48/90 | train loss=0.0016 top1=1.000 | val loss=0.0013 | t=0.1s
[finetune_replay] ep  49/90 | train loss=0.0017 top1=1.000 | val loss=0.0013 | t=0.1s
[finetune_replay] ep  50/90 | train loss=0.0019 top1=1.000 | val loss=0.0012 | t=0.1s
[finetune_replay] ep  51/90 | train loss=0.0019 top1=1.000 | val loss=0.0012 | t=0.1s
[finetune_replay] ep  52/90 | train loss=0.0017 top1=1.000 | val loss=0.0012 | t=0.1s
[finetune_replay] ep  53/90 | train loss=0.0019 top1=1.000 | val loss=0.0011 | t=0.1s
[finetune_replay] ep  54/90 | train loss=0.0016 top1=1.000 | val loss=0.0011 | t=0.1s
[finetune_replay] ep  55/90 | train loss=0.0017 top1=1.000 | val loss=0.0010 | t=0.2s
[finetune_replay] ep  56/90 | train loss=0.0017 top1=1.000 | val loss=0.0010 | t=0.1s
[finetune_replay] ep  57/90 | train loss=0.0019 top1=1.000 | val loss=0.0010 | t=0.1s
[finetune_replay] ep  58/90 | train loss=0.0016 top1=1.000 | val loss=0.0011 | t=0.1s
[finetune_replay] ep  59/90 | train loss=0.0014 top1=1.000 | val loss=0.0012 | t=0.1s
[finetune_replay] ep  60/90 | train loss=0.0016 top1=1.000 | val loss=0.0013 | t=0.1s
[finetune_replay] ep  61/90 | train loss=0.0016 top1=1.000 | val loss=0.0014 | t=0.1s
[finetune_replay] ep  62/90 | train loss=0.0016 top1=1.000 | val loss=0.0014 | t=0.1s
[finetune_replay] ep  63/90 | train loss=0.0012 top1=1.000 | val loss=0.0013 | t=0.1s
[finetune_replay] ep  64/90 | train loss=0.0015 top1=1.000 | val loss=0.0012 | t=0.1s
[finetune_replay] ep  65/90 | train loss=0.0015 top1=1.000 | val loss=0.0011 | t=0.1s
[finetune_replay] ep  66/90 | train loss=0.0013 top1=1.000 | val loss=0.0011 | t=0.1s
[finetune_replay] ep  67/90 | train loss=0.0015 top1=1.000 | val loss=0.0011 | t=0.2s
[finetune_replay] ep  68/90 | train loss=0.0020 top1=1.000 | val loss=0.0012 | t=0.2s
[finetune_replay] ep  69/90 | train loss=0.0014 top1=1.000 | val loss=0.0011 | t=0.1s
[finetune_replay] ep  70/90 | train loss=0.0013 top1=1.000 | val loss=0.0011 | t=0.1s
[finetune_replay] ep  71/90 | train loss=0.0013 top1=1.000 | val loss=0.0011 | t=0.1s
[finetune_replay] ep  72/90 | train loss=0.0014 top1=1.000 | val loss=0.0011 | t=0.1s
[finetune_replay] ep  73/90 | train loss=0.0012 top1=1.000 | val loss=0.0012 | t=0.1s
[finetune_replay] ep  74/90 | train loss=0.0014 top1=1.000 | val loss=0.0012 | t=0.1s
[finetune_replay] ep  75/90 | train loss=0.0011 top1=1.000 | val loss=0.0012 | t=0.1s
[finetune_replay] ep  76/90 | train loss=0.0011 top1=1.000 | val loss=0.0011 | t=0.1s
[finetune_replay] ep  77/90 | train loss=0.0017 top1=1.000 | val loss=0.0012 | t=0.1s
[finetune_replay] ep  78/90 | train loss=0.0017 top1=1.000 | val loss=0.0011 | t=0.1s
[finetune_replay] ep  79/90 | train loss=0.0015 top1=1.000 | val loss=0.0011 | t=0.1s
[finetune_replay] ep  80/90 | train loss=0.0011 top1=1.000 | val loss=0.0011 | t=0.1s
[finetune_replay] ep  81/90 | train loss=0.0013 top1=1.000 | val loss=0.0011 | t=0.1s
[finetune_replay] ep  82/90 | train loss=0.0019 top1=1.000 | val loss=0.0011 | t=0.1s
[finetune_replay] ep  83/90 | train loss=0.0013 top1=1.000 | val loss=0.0011 | t=0.1s
[finetune_replay] ep  84/90 | train loss=0.0015 top1=1.000 | val loss=0.0011 | t=0.1s
[finetune_replay] ep  85/90 | train loss=0.0013 top1=1.000 | val loss=0.0011 | t=0.1s
[finetune_replay] ep  86/90 | train loss=0.0014 top1=1.000 | val loss=0.0011 | t=0.1s
[finetune_replay] ep  87/90 | train loss=0.0013 top1=1.000 | val loss=0.0011 | t=0.1s
[finetune_replay] ep  88/90 | train loss=0.0018 top1=1.000 | val loss=0.0011 | t=0.1s
[finetune_replay] ep  89/90 | train loss=0.0016 top1=1.000 | val loss=0.0011 | t=0.1s
[finetune_replay] ep  90/90 | train loss=0.0012 top1=1.000 | val loss=0.0011 | t=0.1s
[finetune_replay] DONE best_val_loss=0.0006 @ epoch 3
[14:41:43] [bo-budget] $ /home/s226137394/.conda/envs/maze/bin/python3 -u -m Equivariant_pathway.equivariant_CNN_hybrid.rollout_test --checkpoint /weka/s226137394/DmNfull/Equivariant_pathway/equivariant_CNN_hybrid/baseline_vs_p4/pool_x_selector/results/run_9/safe_dagger/checkpoints/best_hybrid_policy.pth --layouts /weka/s226137394/DmNfull/Equivariant_pathway/equivariant_CNN_hybrid/baseline_vs_p4/shared/heldout_layouts.yaml --out_dir /weka/s226137394/DmNfull/Equivariant_pathway/equivariant_CNN_hybrid/baseline_vs_p4/pool_x_selector/results/run_9/safe_dagger/results/eval_round_001 --seed 10 --max_steps 60
[hybrid-rollout] 200 unique; running 200 eps
[hybrid-rollout] loaded /weka/s226137394/DmNfull/Equivariant_pathway/equivariant_CNN_hybrid/baseline_vs_p4/pool_x_selector/results/run_9/safe_dagger/checkpoints/best_hybrid_policy.pth
[hybrid-rollout] ep 0 (heldout_001): steps=5 success=True
[hybrid-rollout] ep 1 (heldout_002): steps=60 success=False
[hybrid-rollout] ep 2 (heldout_003): steps=4 success=False
[hybrid-rollout] ep 3 (heldout_004): steps=6 success=True
[hybrid-rollout] ep 4 (heldout_005): steps=5 success=True
[hybrid-rollout] ep 5 (heldout_006): steps=3 success=False
[hybrid-rollout] ep 6 (heldout_007): steps=60 success=False
[hybrid-rollout] ep 7 (heldout_008): steps=60 success=False
[hybrid-rollout] ep 8 (heldout_009): steps=2 success=False
[hybrid-rollout] ep 9 (heldout_010): steps=60 success=False
[hybrid-rollout] ep 10 (heldout_011): steps=4 success=True
[hybrid-rollout] ep 11 (heldout_012): steps=4 success=True
[hybrid-rollout] ep 12 (heldout_013): steps=60 success=False
[hybrid-rollout] ep 13 (heldout_014): steps=5 success=True
[hybrid-rollout] ep 14 (heldout_015): steps=4 success=True
[hybrid-rollout] ep 15 (heldout_016): steps=1 success=False
[hybrid-rollout] ep 16 (heldout_017): steps=4 success=True
[hybrid-rollout] ep 17 (heldout_018): steps=60 success=False
[hybrid-rollout] ep 18 (heldout_019): steps=60 success=False
[hybrid-rollout] ep 19 (heldout_020): steps=5 success=True
[hybrid-rollout] ep 20 (heldout_021): steps=4 success=True
[hybrid-rollout] ep 21 (heldout_022): steps=60 success=False
[hybrid-rollout] ep 22 (heldout_023): steps=60 success=False
[hybrid-rollout] ep 23 (heldout_024): steps=6 success=True
[hybrid-rollout] ep 24 (heldout_025): steps=4 success=True
[hybrid-rollout] ep 25 (heldout_026): steps=4 success=True
[hybrid-rollout] ep 26 (heldout_027): steps=4 success=True
[hybrid-rollout] ep 27 (heldout_028): steps=4 success=True
[hybrid-rollout] ep 28 (heldout_029): steps=60 success=False
[hybrid-rollout] ep 29 (heldout_030): steps=60 success=False
[hybrid-rollout] ep 30 (heldout_031): steps=60 success=False
[hybrid-rollout] ep 31 (heldout_032): steps=60 success=False
[hybrid-rollout] ep 32 (heldout_033): steps=4 success=True
[hybrid-rollout] ep 33 (heldout_034): steps=60 success=False
[hybrid-rollout] ep 34 (heldout_035): steps=60 success=False
[hybrid-rollout] ep 35 (heldout_036): steps=5 success=True
[hybrid-rollout] ep 36 (heldout_037): steps=2 success=False
[hybrid-rollout] ep 37 (heldout_038): steps=60 success=False
[hybrid-rollout] ep 38 (heldout_039): steps=6 success=True
[hybrid-rollout] ep 39 (heldout_040): steps=60 success=False
[hybrid-rollout] ep 40 (heldout_041): steps=60 success=False
[hybrid-rollout] ep 41 (heldout_042): steps=60 success=False
[hybrid-rollout] ep 42 (heldout_043): steps=60 success=False
[hybrid-rollout] ep 43 (heldout_044): steps=5 success=True
[hybrid-rollout] ep 44 (heldout_045): steps=60 success=False
[hybrid-rollout] ep 45 (heldout_046): steps=4 success=True
[hybrid-rollout] ep 46 (heldout_047): steps=6 success=True
[hybrid-rollout] ep 47 (heldout_048): steps=6 success=True
[hybrid-rollout] ep 48 (heldout_049): steps=60 success=False
[hybrid-rollout] ep 49 (heldout_050): steps=4 success=True
[hybrid-rollout] ep 50 (heldout_051): steps=4 success=True
[hybrid-rollout] ep 51 (heldout_052): steps=4 success=True
[hybrid-rollout] ep 52 (heldout_053): steps=60 success=False
[hybrid-rollout] ep 53 (heldout_054): steps=60 success=False
[hybrid-rollout] ep 54 (heldout_055): steps=60 success=False
[hybrid-rollout] ep 55 (heldout_056): steps=4 success=True
[hybrid-rollout] ep 56 (heldout_057): steps=4 success=True
[hybrid-rollout] ep 57 (heldout_058): steps=4 success=True
[hybrid-rollout] ep 58 (heldout_059): steps=5 success=True
[hybrid-rollout] ep 59 (heldout_060): steps=6 success=True
[hybrid-rollout] ep 60 (heldout_061): steps=5 success=True
[hybrid-rollout] ep 61 (heldout_062): steps=6 success=True
[hybrid-rollout] ep 62 (heldout_063): steps=5 success=True
[hybrid-rollout] ep 63 (heldout_064): steps=4 success=True
[hybrid-rollout] ep 64 (heldout_065): steps=3 success=False
[hybrid-rollout] ep 65 (heldout_066): steps=6 success=True
[hybrid-rollout] ep 66 (heldout_067): steps=5 success=True
[hybrid-rollout] ep 67 (heldout_068): steps=4 success=True
[hybrid-rollout] ep 68 (heldout_069): steps=60 success=False
[hybrid-rollout] ep 69 (heldout_070): steps=60 success=False
[hybrid-rollout] ep 70 (heldout_071): steps=5 success=True
[hybrid-rollout] ep 71 (heldout_072): steps=5 success=True
[hybrid-rollout] ep 72 (heldout_073): steps=2 success=False
[hybrid-rollout] ep 73 (heldout_074): steps=60 success=False
[hybrid-rollout] ep 74 (heldout_075): steps=5 success=True
[hybrid-rollout] ep 75 (heldout_076): steps=60 success=False
[hybrid-rollout] ep 76 (heldout_077): steps=4 success=True
[hybrid-rollout] ep 77 (heldout_078): steps=3 success=False
[hybrid-rollout] ep 78 (heldout_079): steps=4 success=True
[hybrid-rollout] ep 79 (heldout_080): steps=4 success=True
[hybrid-rollout] ep 80 (heldout_081): steps=60 success=False
[hybrid-rollout] ep 81 (heldout_082): steps=5 success=True
[hybrid-rollout] ep 82 (heldout_083): steps=4 success=True
[hybrid-rollout] ep 83 (heldout_084): steps=1 success=False
[hybrid-rollout] ep 84 (heldout_085): steps=60 success=False
[hybrid-rollout] ep 85 (heldout_086): steps=6 success=True
[hybrid-rollout] ep 86 (heldout_087): steps=7 success=True
[hybrid-rollout] ep 87 (heldout_088): steps=4 success=True
[hybrid-rollout] ep 88 (heldout_089): steps=3 success=False
[hybrid-rollout] ep 89 (heldout_090): steps=4 success=True
[hybrid-rollout] ep 90 (heldout_091): steps=5 success=True
[hybrid-rollout] ep 91 (heldout_092): steps=5 success=True
[hybrid-rollout] ep 92 (heldout_093): steps=1 success=False
[hybrid-rollout] ep 93 (heldout_094): steps=6 success=True
[hybrid-rollout] ep 94 (heldout_095): steps=7 success=True
[hybrid-rollout] ep 95 (heldout_096): steps=60 success=False
[hybrid-rollout] ep 96 (heldout_097): steps=5 success=True
[hybrid-rollout] ep 97 (heldout_098): steps=1 success=False
[hybrid-rollout] ep 98 (heldout_099): steps=60 success=False
[hybrid-rollout] ep 99 (heldout_100): steps=60 success=False
[hybrid-rollout] ep 100 (heldout_101): steps=4 success=True
[hybrid-rollout] ep 101 (heldout_102): steps=4 success=True
[hybrid-rollout] ep 102 (heldout_103): steps=60 success=False
[hybrid-rollout] ep 103 (heldout_104): steps=6 success=True
[hybrid-rollout] ep 104 (heldout_105): steps=6 success=True
[hybrid-rollout] ep 105 (heldout_106): steps=60 success=False
[hybrid-rollout] ep 106 (heldout_107): steps=4 success=True
[hybrid-rollout] ep 107 (heldout_108): steps=4 success=True
[hybrid-rollout] ep 108 (heldout_109): steps=4 success=True
[hybrid-rollout] ep 109 (heldout_110): steps=6 success=True
[hybrid-rollout] ep 110 (heldout_111): steps=60 success=False
[hybrid-rollout] ep 111 (heldout_112): steps=60 success=False
[hybrid-rollout] ep 112 (heldout_113): steps=5 success=True
[hybrid-rollout] ep 113 (heldout_114): steps=4 success=True
[hybrid-rollout] ep 114 (heldout_115): steps=4 success=True
[hybrid-rollout] ep 115 (heldout_116): steps=60 success=False
[hybrid-rollout] ep 116 (heldout_117): steps=7 success=True
[hybrid-rollout] ep 117 (heldout_118): steps=60 success=False
[hybrid-rollout] ep 118 (heldout_119): steps=60 success=False
[hybrid-rollout] ep 119 (heldout_120): steps=7 success=True
[hybrid-rollout] ep 120 (heldout_121): steps=60 success=False
[hybrid-rollout] ep 121 (heldout_122): steps=4 success=True
[hybrid-rollout] ep 122 (heldout_123): steps=6 success=True
[hybrid-rollout] ep 123 (heldout_124): steps=60 success=False
[hybrid-rollout] ep 124 (heldout_125): steps=4 success=True
[hybrid-rollout] ep 125 (heldout_126): steps=4 success=True
[hybrid-rollout] ep 126 (heldout_127): steps=60 success=False
[hybrid-rollout] ep 127 (heldout_128): steps=60 success=False
[hybrid-rollout] ep 128 (heldout_129): steps=1 success=False
[hybrid-rollout] ep 129 (heldout_130): steps=4 success=True
[hybrid-rollout] ep 130 (heldout_131): steps=60 success=False
[hybrid-rollout] ep 131 (heldout_132): steps=4 success=True
[hybrid-rollout] ep 132 (heldout_133): steps=4 success=True
[hybrid-rollout] ep 133 (heldout_134): steps=7 success=True
[hybrid-rollout] ep 134 (heldout_135): steps=6 success=True
[hybrid-rollout] ep 135 (heldout_136): steps=60 success=False
[hybrid-rollout] ep 136 (heldout_137): steps=5 success=True
[hybrid-rollout] ep 137 (heldout_138): steps=4 success=True
[hybrid-rollout] ep 138 (heldout_139): steps=4 success=True
[hybrid-rollout] ep 139 (heldout_140): steps=60 success=False
[hybrid-rollout] ep 140 (heldout_141): steps=5 success=True
[hybrid-rollout] ep 141 (heldout_142): steps=4 success=True
[hybrid-rollout] ep 142 (heldout_143): steps=60 success=False
[hybrid-rollout] ep 143 (heldout_144): steps=4 success=True
[hybrid-rollout] ep 144 (heldout_145): steps=5 success=True
[hybrid-rollout] ep 145 (heldout_146): steps=60 success=False
[hybrid-rollout] ep 146 (heldout_147): steps=4 success=True
[hybrid-rollout] ep 147 (heldout_148): steps=60 success=False
[hybrid-rollout] ep 148 (heldout_149): steps=60 success=False
[hybrid-rollout] ep 149 (heldout_150): steps=4 success=True
[hybrid-rollout] ep 150 (heldout_151): steps=5 success=True
[hybrid-rollout] ep 151 (heldout_152): steps=5 success=False
[hybrid-rollout] ep 152 (heldout_153): steps=2 success=False
[hybrid-rollout] ep 153 (heldout_154): steps=60 success=False
[hybrid-rollout] ep 154 (heldout_155): steps=60 success=False
[hybrid-rollout] ep 155 (heldout_156): steps=4 success=False
[hybrid-rollout] ep 156 (heldout_157): steps=3 success=False
[hybrid-rollout] ep 157 (heldout_158): steps=3 success=False
[hybrid-rollout] ep 158 (heldout_159): steps=6 success=True
[hybrid-rollout] ep 159 (heldout_160): steps=60 success=False
[hybrid-rollout] ep 160 (heldout_161): steps=60 success=False
[hybrid-rollout] ep 161 (heldout_162): steps=5 success=True
[hybrid-rollout] ep 162 (heldout_163): steps=4 success=True
[hybrid-rollout] ep 163 (heldout_164): steps=60 success=False
[hybrid-rollout] ep 164 (heldout_165): steps=5 success=True
[hybrid-rollout] ep 165 (heldout_166): steps=4 success=True
[hybrid-rollout] ep 166 (heldout_167): steps=4 success=True
[hybrid-rollout] ep 167 (heldout_168): steps=4 success=True
[hybrid-rollout] ep 168 (heldout_169): steps=6 success=True
[hybrid-rollout] ep 169 (heldout_170): steps=60 success=False
[hybrid-rollout] ep 170 (heldout_171): steps=60 success=False
[hybrid-rollout] ep 171 (heldout_172): steps=60 success=False
[hybrid-rollout] ep 172 (heldout_173): steps=4 success=True
[hybrid-rollout] ep 173 (heldout_174): steps=5 success=True
[hybrid-rollout] ep 174 (heldout_175): steps=7 success=True
[hybrid-rollout] ep 175 (heldout_176): steps=6 success=True
[hybrid-rollout] ep 176 (heldout_177): steps=6 success=True
[hybrid-rollout] ep 177 (heldout_178): steps=1 success=False
[hybrid-rollout] ep 178 (heldout_179): steps=60 success=False
[hybrid-rollout] ep 179 (heldout_180): steps=4 success=True
[hybrid-rollout] ep 180 (heldout_181): steps=5 success=True
[hybrid-rollout] ep 181 (heldout_182): steps=4 success=True
[hybrid-rollout] ep 182 (heldout_183): steps=5 success=True
[hybrid-rollout] ep 183 (heldout_184): steps=7 success=True
[hybrid-rollout] ep 184 (heldout_185): steps=5 success=True
[hybrid-rollout] ep 185 (heldout_186): steps=4 success=True
[hybrid-rollout] ep 186 (heldout_187): steps=1 success=False
[hybrid-rollout] ep 187 (heldout_188): steps=5 success=True
[hybrid-rollout] ep 188 (heldout_189): steps=60 success=False
[hybrid-rollout] ep 189 (heldout_190): steps=7 success=True
[hybrid-rollout] ep 190 (heldout_191): steps=1 success=False
[hybrid-rollout] ep 191 (heldout_192): steps=7 success=True
[hybrid-rollout] ep 192 (heldout_193): steps=7 success=True
[hybrid-rollout] ep 193 (heldout_194): steps=6 success=True
[hybrid-rollout] ep 194 (heldout_195): steps=5 success=True
[hybrid-rollout] ep 195 (heldout_196): steps=60 success=False
[hybrid-rollout] ep 196 (heldout_197): steps=5 success=True
[hybrid-rollout] ep 197 (heldout_198): steps=60 success=False
[hybrid-rollout] ep 198 (heldout_199): steps=60 success=False
[hybrid-rollout] ep 199 (heldout_200): steps=4 success=True
[hybrid-rollout] DONE successes=114/200
[14:43:49] [iil-baseline] round 1: heldout_sr=0.570

--------------------------------------------------------------------------------
SAFE_DAGGER ROUND 2  (remaining budget = 14)
--------------------------------------------------------------------------------
[14:43:55] [iil-baseline] round 2: pool=20 successes=10 failures=10 correction_sr=0.500
[14:43:55] [iil-baseline] round 2: picked=1 saved=1 cum_extras=2/15
[14:43:55] [iil-baseline] $ /home/s226137394/.conda/envs/maze/bin/python3 -u -m Equivariant_pathway.equivariant_CNN_hybrid.baseline_vs_p4.pool_x_selector.trainer.finetune_replay --demo_dir /weka/s226137394/DmNfull/Equivariant_pathway/equivariant_CNN_hybrid/baseline_vs_p4/pool_x_selector/results/run_9/safe_dagger/demos --checkpoint_dir /weka/s226137394/DmNfull/Equivariant_pathway/equivariant_CNN_hybrid/baseline_vs_p4/pool_x_selector/results/run_9/safe_dagger/checkpoints --epochs 90 --batch_size 64 --lr 5e-05 --weight_decay 0.0001 --replay_mix 0.5 --replay_mix_floor 0.2 --seed 9 --resume --new_demos_dir /weka/s226137394/DmNfull/Equivariant_pathway/equivariant_CNN_hybrid/baseline_vs_p4/pool_x_selector/results/run_9/safe_dagger/demos/round_002
[finetune_replay] device=cuda demo_dir=/weka/s226137394/DmNfull/Equivariant_pathway/equivariant_CNN_hybrid/baseline_vs_p4/pool_x_selector/results/run_9/safe_dagger/demos new_demos_dir=/weka/s226137394/DmNfull/Equivariant_pathway/equivariant_CNN_hybrid/baseline_vs_p4/pool_x_selector/results/run_9/safe_dagger/demos/round_002
[hybrid-dataset] 21 demos -> 109 samples
[hybrid-dataset] 1 demos -> 4 samples
[finetune_replay] sampler audit: {'n_old_samples': 109, 'n_new_samples': 4, 'replay_mix_target': 0.5, 'replay_mix_effective': 0.5, 'replay_mix_floor': 0.2}
[finetune_replay] trainable params: 1,400,028
[finetune_replay] WARM START from last_hybrid_policy.pth
[finetune_replay] ep   1/90 | train loss=0.0450 top1=1.000 | val loss=0.0095 | t=0.7s  *
[finetune_replay] ep   2/90 | train loss=0.0231 top1=1.000 | val loss=0.0029 | t=0.3s  *
[finetune_replay] ep   3/90 | train loss=0.0075 top1=1.000 | val loss=0.0027 | t=0.1s  *
[finetune_replay] ep   4/90 | train loss=0.0039 top1=1.000 | val loss=0.0042 | t=0.2s
[finetune_replay] ep   5/90 | train loss=0.0025 top1=1.000 | val loss=0.0068 | t=0.1s
[finetune_replay] ep   6/90 | train loss=0.0031 top1=1.000 | val loss=0.0065 | t=0.2s
[finetune_replay] ep   7/90 | train loss=0.0017 top1=1.000 | val loss=0.0052 | t=0.1s
[finetune_replay] ep   8/90 | train loss=0.0023 top1=1.000 | val loss=0.0036 | t=0.1s
[finetune_replay] ep   9/90 | train loss=0.0015 top1=1.000 | val loss=0.0039 | t=0.1s
[finetune_replay] ep  10/90 | train loss=0.0014 top1=1.000 | val loss=0.0045 | t=0.1s
[finetune_replay] ep  11/90 | train loss=0.0009 top1=1.000 | val loss=0.0055 | t=0.1s
[finetune_replay] ep  12/90 | train loss=0.0010 top1=1.000 | val loss=0.0080 | t=0.1s
[finetune_replay] ep  13/90 | train loss=0.0017 top1=1.000 | val loss=0.0059 | t=0.1s
[finetune_replay] ep  14/90 | train loss=0.0009 top1=1.000 | val loss=0.0049 | t=0.1s
[finetune_replay] ep  15/90 | train loss=0.0008 top1=1.000 | val loss=0.0047 | t=0.1s
[finetune_replay] ep  16/90 | train loss=0.0009 top1=1.000 | val loss=0.0050 | t=0.1s
[finetune_replay] ep  17/90 | train loss=0.0008 top1=1.000 | val loss=0.0056 | t=0.1s
[finetune_replay] ep  18/90 | train loss=0.0006 top1=1.000 | val loss=0.0070 | t=0.1s
[finetune_replay] ep  19/90 | train loss=0.0011 top1=1.000 | val loss=0.0070 | t=0.1s
[finetune_replay] ep  20/90 | train loss=0.0006 top1=1.000 | val loss=0.0070 | t=0.2s
[finetune_replay] ep  21/90 | train loss=0.0006 top1=1.000 | val loss=0.0071 | t=0.1s
[finetune_replay] ep  22/90 | train loss=0.0010 top1=1.000 | val loss=0.0072 | t=0.1s
[finetune_replay] ep  23/90 | train loss=0.0008 top1=1.000 | val loss=0.0062 | t=0.1s
[finetune_replay] ep  24/90 | train loss=0.0005 top1=1.000 | val loss=0.0062 | t=0.1s
[finetune_replay] ep  25/90 | train loss=0.0008 top1=1.000 | val loss=0.0058 | t=0.1s
[finetune_replay] ep  26/90 | train loss=0.0008 top1=1.000 | val loss=0.0065 | t=0.1s
[finetune_replay] ep  27/90 | train loss=0.0008 top1=1.000 | val loss=0.0077 | t=0.1s
[finetune_replay] ep  28/90 | train loss=0.0006 top1=1.000 | val loss=0.0080 | t=0.1s
[finetune_replay] ep  29/90 | train loss=0.0006 top1=1.000 | val loss=0.0079 | t=0.1s
[finetune_replay] ep  30/90 | train loss=0.0007 top1=1.000 | val loss=0.0072 | t=0.1s
[finetune_replay] ep  31/90 | train loss=0.0008 top1=1.000 | val loss=0.0060 | t=0.1s
[finetune_replay] ep  32/90 | train loss=0.0007 top1=1.000 | val loss=0.0057 | t=0.1s
[finetune_replay] ep  33/90 | train loss=0.0007 top1=1.000 | val loss=0.0061 | t=0.1s
[finetune_replay] ep  34/90 | train loss=0.0006 top1=1.000 | val loss=0.0073 | t=0.1s
[finetune_replay] ep  35/90 | train loss=0.0008 top1=1.000 | val loss=0.0070 | t=0.1s
[finetune_replay] ep  36/90 | train loss=0.0005 top1=1.000 | val loss=0.0068 | t=0.1s
[finetune_replay] ep  37/90 | train loss=0.0007 top1=1.000 | val loss=0.0072 | t=0.1s
[finetune_replay] ep  38/90 | train loss=0.0006 top1=1.000 | val loss=0.0080 | t=0.1s
[finetune_replay] ep  39/90 | train loss=0.0005 top1=1.000 | val loss=0.0087 | t=0.1s
[finetune_replay] ep  40/90 | train loss=0.0006 top1=1.000 | val loss=0.0094 | t=0.1s
[finetune_replay] ep  41/90 | train loss=0.0006 top1=1.000 | val loss=0.0092 | t=0.1s
[finetune_replay] ep  42/90 | train loss=0.0007 top1=1.000 | val loss=0.0091 | t=0.1s
[finetune_replay] ep  43/90 | train loss=0.0006 top1=1.000 | val loss=0.0087 | t=0.1s
[finetune_replay] ep  44/90 | train loss=0.0006 top1=1.000 | val loss=0.0084 | t=0.1s
[finetune_replay] ep  45/90 | train loss=0.0006 top1=1.000 | val loss=0.0073 | t=0.1s
[finetune_replay] ep  46/90 | train loss=0.0006 top1=1.000 | val loss=0.0074 | t=0.1s
[finetune_replay] ep  47/90 | train loss=0.0004 top1=1.000 | val loss=0.0076 | t=0.1s
[finetune_replay] ep  48/90 | train loss=0.0006 top1=1.000 | val loss=0.0083 | t=0.1s
[finetune_replay] ep  49/90 | train loss=0.0005 top1=1.000 | val loss=0.0085 | t=0.1s
[finetune_replay] ep  50/90 | train loss=0.0004 top1=1.000 | val loss=0.0087 | t=0.1s
[finetune_replay] ep  51/90 | train loss=0.0005 top1=1.000 | val loss=0.0087 | t=0.1s
[finetune_replay] ep  52/90 | train loss=0.0004 top1=1.000 | val loss=0.0086 | t=0.1s
[finetune_replay] ep  53/90 | train loss=0.0005 top1=1.000 | val loss=0.0091 | t=0.1s
[finetune_replay] ep  54/90 | train loss=0.0005 top1=1.000 | val loss=0.0091 | t=0.1s
[finetune_replay] ep  55/90 | train loss=0.0005 top1=1.000 | val loss=0.0089 | t=0.1s
[finetune_replay] ep  56/90 | train loss=0.0005 top1=1.000 | val loss=0.0091 | t=0.1s
[finetune_replay] ep  57/90 | train loss=0.0005 top1=1.000 | val loss=0.0093 | t=0.1s
[finetune_replay] ep  58/90 | train loss=0.0005 top1=1.000 | val loss=0.0093 | t=0.1s
[finetune_replay] ep  59/90 | train loss=0.0005 top1=1.000 | val loss=0.0092 | t=0.1s
[finetune_replay] ep  60/90 | train loss=0.0005 top1=1.000 | val loss=0.0095 | t=0.1s
[finetune_replay] ep  61/90 | train loss=0.0004 top1=1.000 | val loss=0.0097 | t=0.1s
[finetune_replay] ep  62/90 | train loss=0.0005 top1=1.000 | val loss=0.0096 | t=0.1s
[finetune_replay] ep  63/90 | train loss=0.0006 top1=1.000 | val loss=0.0087 | t=0.1s
[finetune_replay] ep  64/90 | train loss=0.0005 top1=1.000 | val loss=0.0088 | t=0.1s
[finetune_replay] ep  65/90 | train loss=0.0006 top1=1.000 | val loss=0.0088 | t=0.1s
[finetune_replay] ep  66/90 | train loss=0.0004 top1=1.000 | val loss=0.0087 | t=0.1s
[finetune_replay] ep  67/90 | train loss=0.0005 top1=1.000 | val loss=0.0086 | t=0.1s
[finetune_replay] ep  68/90 | train loss=0.0005 top1=1.000 | val loss=0.0088 | t=0.1s
[finetune_replay] ep  69/90 | train loss=0.0006 top1=1.000 | val loss=0.0093 | t=0.1s
[finetune_replay] ep  70/90 | train loss=0.0004 top1=1.000 | val loss=0.0097 | t=0.1s
[finetune_replay] ep  71/90 | train loss=0.0006 top1=1.000 | val loss=0.0097 | t=0.1s
[finetune_replay] ep  72/90 | train loss=0.0005 top1=1.000 | val loss=0.0093 | t=0.1s
[finetune_replay] ep  73/90 | train loss=0.0005 top1=1.000 | val loss=0.0096 | t=0.1s
[finetune_replay] ep  74/90 | train loss=0.0005 top1=1.000 | val loss=0.0101 | t=0.1s
[finetune_replay] ep  75/90 | train loss=0.0005 top1=1.000 | val loss=0.0101 | t=0.1s
[finetune_replay] ep  76/90 | train loss=0.0004 top1=1.000 | val loss=0.0102 | t=0.1s
[finetune_replay] ep  77/90 | train loss=0.0005 top1=1.000 | val loss=0.0099 | t=0.1s
[finetune_replay] ep  78/90 | train loss=0.0005 top1=1.000 | val loss=0.0101 | t=0.1s
[finetune_replay] ep  79/90 | train loss=0.0004 top1=1.000 | val loss=0.0101 | t=0.1s
[finetune_replay] ep  80/90 | train loss=0.0005 top1=1.000 | val loss=0.0107 | t=0.1s
[finetune_replay] ep  81/90 | train loss=0.0005 top1=1.000 | val loss=0.0099 | t=0.1s
[finetune_replay] ep  82/90 | train loss=0.0005 top1=1.000 | val loss=0.0099 | t=0.1s
[finetune_replay] ep  83/90 | train loss=0.0006 top1=1.000 | val loss=0.0096 | t=0.1s
[finetune_replay] ep  84/90 | train loss=0.0004 top1=1.000 | val loss=0.0097 | t=0.1s
[finetune_replay] ep  85/90 | train loss=0.0005 top1=1.000 | val loss=0.0096 | t=0.1s
[finetune_replay] ep  86/90 | train loss=0.0005 top1=1.000 | val loss=0.0100 | t=0.1s
[finetune_replay] ep  87/90 | train loss=0.0004 top1=1.000 | val loss=0.0100 | t=0.1s
[finetune_replay] ep  88/90 | train loss=0.0005 top1=1.000 | val loss=0.0103 | t=0.1s
[finetune_replay] ep  89/90 | train loss=0.0005 top1=1.000 | val loss=0.0102 | t=0.2s
[finetune_replay] ep  90/90 | train loss=0.0005 top1=1.000 | val loss=0.0101 | t=0.1s
[finetune_replay] DONE best_val_loss=0.0027 @ epoch 3
[14:44:20] [bo-budget] $ /home/s226137394/.conda/envs/maze/bin/python3 -u -m Equivariant_pathway.equivariant_CNN_hybrid.rollout_test --checkpoint /weka/s226137394/DmNfull/Equivariant_pathway/equivariant_CNN_hybrid/baseline_vs_p4/pool_x_selector/results/run_9/safe_dagger/checkpoints/best_hybrid_policy.pth --layouts /weka/s226137394/DmNfull/Equivariant_pathway/equivariant_CNN_hybrid/baseline_vs_p4/shared/heldout_layouts.yaml --out_dir /weka/s226137394/DmNfull/Equivariant_pathway/equivariant_CNN_hybrid/baseline_vs_p4/pool_x_selector/results/run_9/safe_dagger/results/eval_round_002 --seed 11 --max_steps 60
[hybrid-rollout] 200 unique; running 200 eps
[hybrid-rollout] loaded /weka/s226137394/DmNfull/Equivariant_pathway/equivariant_CNN_hybrid/baseline_vs_p4/pool_x_selector/results/run_9/safe_dagger/checkpoints/best_hybrid_policy.pth
[hybrid-rollout] ep 0 (heldout_001): steps=5 success=True
[hybrid-rollout] ep 1 (heldout_002): steps=60 success=False
[hybrid-rollout] ep 2 (heldout_003): steps=60 success=False
[hybrid-rollout] ep 3 (heldout_004): steps=6 success=True
[hybrid-rollout] ep 4 (heldout_005): steps=5 success=True
[hybrid-rollout] ep 5 (heldout_006): steps=6 success=True
[hybrid-rollout] ep 6 (heldout_007): steps=60 success=False
[hybrid-rollout] ep 7 (heldout_008): steps=60 success=False
[hybrid-rollout] ep 8 (heldout_009): steps=60 success=False
[hybrid-rollout] ep 9 (heldout_010): steps=60 success=False
[hybrid-rollout] ep 10 (heldout_011): steps=4 success=True
[hybrid-rollout] ep 11 (heldout_012): steps=6 success=True
[hybrid-rollout] ep 12 (heldout_013): steps=5 success=True
[hybrid-rollout] ep 13 (heldout_014): steps=5 success=True
[hybrid-rollout] ep 14 (heldout_015): steps=4 success=True
[hybrid-rollout] ep 15 (heldout_016): steps=5 success=True
[hybrid-rollout] ep 16 (heldout_017): steps=4 success=True
[hybrid-rollout] ep 17 (heldout_018): steps=60 success=False
[hybrid-rollout] ep 18 (heldout_019): steps=5 success=True
[hybrid-rollout] ep 19 (heldout_020): steps=5 success=True
[hybrid-rollout] ep 20 (heldout_021): steps=4 success=True
[hybrid-rollout] ep 21 (heldout_022): steps=60 success=False
[hybrid-rollout] ep 22 (heldout_023): steps=60 success=False
[hybrid-rollout] ep 23 (heldout_024): steps=6 success=True
[hybrid-rollout] ep 24 (heldout_025): steps=4 success=True
[hybrid-rollout] ep 25 (heldout_026): steps=4 success=True
[hybrid-rollout] ep 26 (heldout_027): steps=4 success=True
[hybrid-rollout] ep 27 (heldout_028): steps=4 success=True
[hybrid-rollout] ep 28 (heldout_029): steps=7 success=True
[hybrid-rollout] ep 29 (heldout_030): steps=60 success=False
[hybrid-rollout] ep 30 (heldout_031): steps=60 success=False
[hybrid-rollout] ep 31 (heldout_032): steps=60 success=False
[hybrid-rollout] ep 32 (heldout_033): steps=4 success=True
[hybrid-rollout] ep 33 (heldout_034): steps=60 success=False
[hybrid-rollout] ep 34 (heldout_035): steps=60 success=False
[hybrid-rollout] ep 35 (heldout_036): steps=5 success=True
[hybrid-rollout] ep 36 (heldout_037): steps=2 success=False
[hybrid-rollout] ep 37 (heldout_038): steps=60 success=False
[hybrid-rollout] ep 38 (heldout_039): steps=6 success=True
[hybrid-rollout] ep 39 (heldout_040): steps=60 success=False
[hybrid-rollout] ep 40 (heldout_041): steps=6 success=True
[hybrid-rollout] ep 41 (heldout_042): steps=4 success=True
[hybrid-rollout] ep 42 (heldout_043): steps=4 success=True
[hybrid-rollout] ep 43 (heldout_044): steps=5 success=True
[hybrid-rollout] ep 44 (heldout_045): steps=5 success=True
[hybrid-rollout] ep 45 (heldout_046): steps=4 success=True
[hybrid-rollout] ep 46 (heldout_047): steps=6 success=True
[hybrid-rollout] ep 47 (heldout_048): steps=6 success=True
[hybrid-rollout] ep 48 (heldout_049): steps=60 success=False
[hybrid-rollout] ep 49 (heldout_050): steps=4 success=True
[hybrid-rollout] ep 50 (heldout_051): steps=4 success=True
[hybrid-rollout] ep 51 (heldout_052): steps=60 success=False
[hybrid-rollout] ep 52 (heldout_053): steps=60 success=False
[hybrid-rollout] ep 53 (heldout_054): steps=4 success=True
[hybrid-rollout] ep 54 (heldout_055): steps=60 success=False
[hybrid-rollout] ep 55 (heldout_056): steps=4 success=True
[hybrid-rollout] ep 56 (heldout_057): steps=4 success=True
[hybrid-rollout] ep 57 (heldout_058): steps=4 success=True
[hybrid-rollout] ep 58 (heldout_059): steps=5 success=True
[hybrid-rollout] ep 59 (heldout_060): steps=6 success=True
[hybrid-rollout] ep 60 (heldout_061): steps=5 success=True
[hybrid-rollout] ep 61 (heldout_062): steps=6 success=True
[hybrid-rollout] ep 62 (heldout_063): steps=5 success=True
[hybrid-rollout] ep 63 (heldout_064): steps=4 success=True
[hybrid-rollout] ep 64 (heldout_065): steps=60 success=False
[hybrid-rollout] ep 65 (heldout_066): steps=6 success=True
[hybrid-rollout] ep 66 (heldout_067): steps=5 success=True
[hybrid-rollout] ep 67 (heldout_068): steps=4 success=True
[hybrid-rollout] ep 68 (heldout_069): steps=60 success=False
[hybrid-rollout] ep 69 (heldout_070): steps=60 success=False
[hybrid-rollout] ep 70 (heldout_071): steps=60 success=False
[hybrid-rollout] ep 71 (heldout_072): steps=60 success=False
[hybrid-rollout] ep 72 (heldout_073): steps=60 success=False
[hybrid-rollout] ep 73 (heldout_074): steps=4 success=True
[hybrid-rollout] ep 74 (heldout_075): steps=5 success=True
[hybrid-rollout] ep 75 (heldout_076): steps=60 success=False
[hybrid-rollout] ep 76 (heldout_077): steps=4 success=True
[hybrid-rollout] ep 77 (heldout_078): steps=6 success=True
[hybrid-rollout] ep 78 (heldout_079): steps=4 success=True
[hybrid-rollout] ep 79 (heldout_080): steps=4 success=True
[hybrid-rollout] ep 80 (heldout_081): steps=60 success=False
[hybrid-rollout] ep 81 (heldout_082): steps=5 success=True
[hybrid-rollout] ep 82 (heldout_083): steps=4 success=True
[hybrid-rollout] ep 83 (heldout_084): steps=60 success=False
[hybrid-rollout] ep 84 (heldout_085): steps=60 success=False
[hybrid-rollout] ep 85 (heldout_086): steps=6 success=True
[hybrid-rollout] ep 86 (heldout_087): steps=7 success=True
[hybrid-rollout] ep 87 (heldout_088): steps=4 success=True
[hybrid-rollout] ep 88 (heldout_089): steps=3 success=False
[hybrid-rollout] ep 89 (heldout_090): steps=4 success=True
[hybrid-rollout] ep 90 (heldout_091): steps=5 success=True
[hybrid-rollout] ep 91 (heldout_092): steps=5 success=True
[hybrid-rollout] ep 92 (heldout_093): steps=3 success=False
[hybrid-rollout] ep 93 (heldout_094): steps=6 success=True
[hybrid-rollout] ep 94 (heldout_095): steps=7 success=True
[hybrid-rollout] ep 95 (heldout_096): steps=60 success=False
[hybrid-rollout] ep 96 (heldout_097): steps=5 success=True
[hybrid-rollout] ep 97 (heldout_098): steps=5 success=True
[hybrid-rollout] ep 98 (heldout_099): steps=60 success=False
[hybrid-rollout] ep 99 (heldout_100): steps=60 success=False
[hybrid-rollout] ep 100 (heldout_101): steps=4 success=True
[hybrid-rollout] ep 101 (heldout_102): steps=4 success=True
[hybrid-rollout] ep 102 (heldout_103): steps=60 success=False
[hybrid-rollout] ep 103 (heldout_104): steps=6 success=True
[hybrid-rollout] ep 104 (heldout_105): steps=4 success=True
[hybrid-rollout] ep 105 (heldout_106): steps=60 success=False
[hybrid-rollout] ep 106 (heldout_107): steps=4 success=True
[hybrid-rollout] ep 107 (heldout_108): steps=4 success=True
[hybrid-rollout] ep 108 (heldout_109): steps=4 success=True
[hybrid-rollout] ep 109 (heldout_110): steps=6 success=True
[hybrid-rollout] ep 110 (heldout_111): steps=60 success=False
[hybrid-rollout] ep 111 (heldout_112): steps=60 success=False
[hybrid-rollout] ep 112 (heldout_113): steps=5 success=True
[hybrid-rollout] ep 113 (heldout_114): steps=4 success=True
[hybrid-rollout] ep 114 (heldout_115): steps=4 success=True
[hybrid-rollout] ep 115 (heldout_116): steps=60 success=False
[hybrid-rollout] ep 116 (heldout_117): steps=60 success=False
[hybrid-rollout] ep 117 (heldout_118): steps=60 success=False
[hybrid-rollout] ep 118 (heldout_119): steps=60 success=False
[hybrid-rollout] ep 119 (heldout_120): steps=7 success=True
[hybrid-rollout] ep 120 (heldout_121): steps=60 success=False
[hybrid-rollout] ep 121 (heldout_122): steps=60 success=False
[hybrid-rollout] ep 122 (heldout_123): steps=6 success=True
[hybrid-rollout] ep 123 (heldout_124): steps=60 success=False
[hybrid-rollout] ep 124 (heldout_125): steps=4 success=True
[hybrid-rollout] ep 125 (heldout_126): steps=4 success=True
[hybrid-rollout] ep 126 (heldout_127): steps=60 success=False
[hybrid-rollout] ep 127 (heldout_128): steps=60 success=False
[hybrid-rollout] ep 128 (heldout_129): steps=4 success=True
[hybrid-rollout] ep 129 (heldout_130): steps=4 success=True
[hybrid-rollout] ep 130 (heldout_131): steps=60 success=False
[hybrid-rollout] ep 131 (heldout_132): steps=4 success=True
[hybrid-rollout] ep 132 (heldout_133): steps=4 success=True
[hybrid-rollout] ep 133 (heldout_134): steps=7 success=True
[hybrid-rollout] ep 134 (heldout_135): steps=6 success=True
[hybrid-rollout] ep 135 (heldout_136): steps=60 success=False
[hybrid-rollout] ep 136 (heldout_137): steps=5 success=True
[hybrid-rollout] ep 137 (heldout_138): steps=4 success=True
[hybrid-rollout] ep 138 (heldout_139): steps=4 success=True
[hybrid-rollout] ep 139 (heldout_140): steps=60 success=False
[hybrid-rollout] ep 140 (heldout_141): steps=5 success=True
[hybrid-rollout] ep 141 (heldout_142): steps=4 success=True
[hybrid-rollout] ep 142 (heldout_143): steps=60 success=False
[hybrid-rollout] ep 143 (heldout_144): steps=4 success=True
[hybrid-rollout] ep 144 (heldout_145): steps=5 success=True
[hybrid-rollout] ep 145 (heldout_146): steps=60 success=False
[hybrid-rollout] ep 146 (heldout_147): steps=60 success=False
[hybrid-rollout] ep 147 (heldout_148): steps=60 success=False
[hybrid-rollout] ep 148 (heldout_149): steps=60 success=False
[hybrid-rollout] ep 149 (heldout_150): steps=4 success=True
[hybrid-rollout] ep 150 (heldout_151): steps=5 success=True
[hybrid-rollout] ep 151 (heldout_152): steps=6 success=True
[hybrid-rollout] ep 152 (heldout_153): steps=5 success=True
[hybrid-rollout] ep 153 (heldout_154): steps=60 success=False
[hybrid-rollout] ep 154 (heldout_155): steps=60 success=False
[hybrid-rollout] ep 155 (heldout_156): steps=4 success=False
[hybrid-rollout] ep 156 (heldout_157): steps=60 success=False
[hybrid-rollout] ep 157 (heldout_158): steps=60 success=False
[hybrid-rollout] ep 158 (heldout_159): steps=6 success=True
[hybrid-rollout] ep 159 (heldout_160): steps=60 success=False
[hybrid-rollout] ep 160 (heldout_161): steps=60 success=False
[hybrid-rollout] ep 161 (heldout_162): steps=5 success=True
[hybrid-rollout] ep 162 (heldout_163): steps=4 success=True
[hybrid-rollout] ep 163 (heldout_164): steps=6 success=True
[hybrid-rollout] ep 164 (heldout_165): steps=5 success=True
[hybrid-rollout] ep 165 (heldout_166): steps=4 success=True
[hybrid-rollout] ep 166 (heldout_167): steps=4 success=True
[hybrid-rollout] ep 167 (heldout_168): steps=60 success=False
[hybrid-rollout] ep 168 (heldout_169): steps=6 success=True
[hybrid-rollout] ep 169 (heldout_170): steps=60 success=False
[hybrid-rollout] ep 170 (heldout_171): steps=60 success=False
[hybrid-rollout] ep 171 (heldout_172): steps=60 success=False
[hybrid-rollout] ep 172 (heldout_173): steps=4 success=True
[hybrid-rollout] ep 173 (heldout_174): steps=60 success=False
[hybrid-rollout] ep 174 (heldout_175): steps=7 success=True
[hybrid-rollout] ep 175 (heldout_176): steps=6 success=True
[hybrid-rollout] ep 176 (heldout_177): steps=60 success=False
[hybrid-rollout] ep 177 (heldout_178): steps=5 success=True
[hybrid-rollout] ep 178 (heldout_179): steps=60 success=False
[hybrid-rollout] ep 179 (heldout_180): steps=4 success=True
[hybrid-rollout] ep 180 (heldout_181): steps=5 success=True
[hybrid-rollout] ep 181 (heldout_182): steps=4 success=True
[hybrid-rollout] ep 182 (heldout_183): steps=5 success=True
[hybrid-rollout] ep 183 (heldout_184): steps=7 success=True
[hybrid-rollout] ep 184 (heldout_185): steps=5 success=True
[hybrid-rollout] ep 185 (heldout_186): steps=60 success=False
[hybrid-rollout] ep 186 (heldout_187): steps=5 success=True
[hybrid-rollout] ep 187 (heldout_188): steps=5 success=True
[hybrid-rollout] ep 188 (heldout_189): steps=60 success=False
[hybrid-rollout] ep 189 (heldout_190): steps=7 success=True
[hybrid-rollout] ep 190 (heldout_191): steps=6 success=True
[hybrid-rollout] ep 191 (heldout_192): steps=7 success=True
[hybrid-rollout] ep 192 (heldout_193): steps=7 success=True
[hybrid-rollout] ep 193 (heldout_194): steps=60 success=False
[hybrid-rollout] ep 194 (heldout_195): steps=5 success=True
[hybrid-rollout] ep 195 (heldout_196): steps=4 success=True
[hybrid-rollout] ep 196 (heldout_197): steps=60 success=False
[hybrid-rollout] ep 197 (heldout_198): steps=60 success=False
[hybrid-rollout] ep 198 (heldout_199): steps=60 success=False
[hybrid-rollout] ep 199 (heldout_200): steps=4 success=True
[hybrid-rollout] DONE successes=123/200
[14:46:44] [iil-baseline] round 2: heldout_sr=0.615

--------------------------------------------------------------------------------
SAFE_DAGGER ROUND 3  (remaining budget = 13)
--------------------------------------------------------------------------------
[14:46:49] [iil-baseline] round 3: pool=20 successes=12 failures=8 correction_sr=0.600
[14:46:49] [iil-baseline] round 3: picked=1 saved=1 cum_extras=3/15
[14:46:49] [iil-baseline] $ /home/s226137394/.conda/envs/maze/bin/python3 -u -m Equivariant_pathway.equivariant_CNN_hybrid.baseline_vs_p4.pool_x_selector.trainer.finetune_replay --demo_dir /weka/s226137394/DmNfull/Equivariant_pathway/equivariant_CNN_hybrid/baseline_vs_p4/pool_x_selector/results/run_9/safe_dagger/demos --checkpoint_dir /weka/s226137394/DmNfull/Equivariant_pathway/equivariant_CNN_hybrid/baseline_vs_p4/pool_x_selector/results/run_9/safe_dagger/checkpoints --epochs 90 --batch_size 64 --lr 5e-05 --weight_decay 0.0001 --replay_mix 0.5 --replay_mix_floor 0.2 --seed 9 --resume --new_demos_dir /weka/s226137394/DmNfull/Equivariant_pathway/equivariant_CNN_hybrid/baseline_vs_p4/pool_x_selector/results/run_9/safe_dagger/demos/round_003
[finetune_replay] device=cuda demo_dir=/weka/s226137394/DmNfull/Equivariant_pathway/equivariant_CNN_hybrid/baseline_vs_p4/pool_x_selector/results/run_9/safe_dagger/demos new_demos_dir=/weka/s226137394/DmNfull/Equivariant_pathway/equivariant_CNN_hybrid/baseline_vs_p4/pool_x_selector/results/run_9/safe_dagger/demos/round_003
[hybrid-dataset] 22 demos -> 113 samples
[hybrid-dataset] 1 demos -> 5 samples
[finetune_replay] sampler audit: {'n_old_samples': 113, 'n_new_samples': 5, 'replay_mix_target': 0.5, 'replay_mix_effective': 0.5, 'replay_mix_floor': 0.2}
[finetune_replay] trainable params: 1,400,028
[finetune_replay] WARM START from last_hybrid_policy.pth
[finetune_replay] ep   1/90 | train loss=0.8655 top1=0.710 | val loss=0.1177 | t=0.8s  *
[finetune_replay] ep   2/90 | train loss=0.1264 top1=0.972 | val loss=0.0899 | t=0.1s  *
[finetune_replay] ep   3/90 | train loss=0.0792 top1=0.972 | val loss=0.0040 | t=0.1s  *
[finetune_replay] ep   4/90 | train loss=0.0314 top1=1.000 | val loss=0.0024 | t=0.1s  *
[finetune_replay] ep   5/90 | train loss=0.0137 top1=1.000 | val loss=0.0037 | t=0.1s
[finetune_replay] ep   6/90 | train loss=0.0102 top1=1.000 | val loss=0.0048 | t=0.1s
[finetune_replay] ep   7/90 | train loss=0.0082 top1=1.000 | val loss=0.0036 | t=0.1s
[finetune_replay] ep   8/90 | train loss=0.0140 top1=1.000 | val loss=0.0030 | t=0.1s
[finetune_replay] ep   9/90 | train loss=0.0063 top1=1.000 | val loss=0.0029 | t=0.1s
[finetune_replay] ep  10/90 | train loss=0.0063 top1=1.000 | val loss=0.0023 | t=0.1s  *
[finetune_replay] ep  11/90 | train loss=0.0043 top1=1.000 | val loss=0.0030 | t=0.1s
[finetune_replay] ep  12/90 | train loss=0.0048 top1=1.000 | val loss=0.0030 | t=0.1s
[finetune_replay] ep  13/90 | train loss=0.0033 top1=1.000 | val loss=0.0014 | t=0.1s  *
[finetune_replay] ep  14/90 | train loss=0.0029 top1=1.000 | val loss=0.0015 | t=0.1s
[finetune_replay] ep  15/90 | train loss=0.0029 top1=1.000 | val loss=0.0015 | t=0.1s
[finetune_replay] ep  16/90 | train loss=0.0024 top1=1.000 | val loss=0.0017 | t=0.1s
[finetune_replay] ep  17/90 | train loss=0.0022 top1=1.000 | val loss=0.0020 | t=0.1s
[finetune_replay] ep  18/90 | train loss=0.0018 top1=1.000 | val loss=0.0026 | t=0.1s
[finetune_replay] ep  19/90 | train loss=0.0027 top1=1.000 | val loss=0.0017 | t=0.1s
[finetune_replay] ep  20/90 | train loss=0.0019 top1=1.000 | val loss=0.0013 | t=0.1s  *
[finetune_replay] ep  21/90 | train loss=0.0017 top1=1.000 | val loss=0.0011 | t=0.1s  *
[finetune_replay] ep  22/90 | train loss=0.0017 top1=1.000 | val loss=0.0011 | t=0.1s  *
[finetune_replay] ep  23/90 | train loss=0.0019 top1=1.000 | val loss=0.0012 | t=0.1s
[finetune_replay] ep  24/90 | train loss=0.0019 top1=1.000 | val loss=0.0015 | t=0.1s
[finetune_replay] ep  25/90 | train loss=0.0013 top1=1.000 | val loss=0.0016 | t=0.1s
[finetune_replay] ep  26/90 | train loss=0.0015 top1=1.000 | val loss=0.0018 | t=0.1s
[finetune_replay] ep  27/90 | train loss=0.0013 top1=1.000 | val loss=0.0016 | t=0.1s
[finetune_replay] ep  28/90 | train loss=0.0014 top1=1.000 | val loss=0.0014 | t=0.1s
[finetune_replay] ep  29/90 | train loss=0.0012 top1=1.000 | val loss=0.0012 | t=0.1s
[finetune_replay] ep  30/90 | train loss=0.0012 top1=1.000 | val loss=0.0011 | t=0.1s  *
[finetune_replay] ep  31/90 | train loss=0.0014 top1=1.000 | val loss=0.0011 | t=0.1s
[finetune_replay] ep  32/90 | train loss=0.0011 top1=1.000 | val loss=0.0012 | t=0.1s
[finetune_replay] ep  33/90 | train loss=0.0014 top1=1.000 | val loss=0.0013 | t=0.1s
[finetune_replay] ep  34/90 | train loss=0.0013 top1=1.000 | val loss=0.0013 | t=0.1s
[finetune_replay] ep  35/90 | train loss=0.0012 top1=1.000 | val loss=0.0013 | t=0.1s
[finetune_replay] ep  36/90 | train loss=0.0013 top1=1.000 | val loss=0.0013 | t=0.1s
[finetune_replay] ep  37/90 | train loss=0.0011 top1=1.000 | val loss=0.0012 | t=0.1s
[finetune_replay] ep  38/90 | train loss=0.0010 top1=1.000 | val loss=0.0012 | t=0.1s
[finetune_replay] ep  39/90 | train loss=0.0011 top1=1.000 | val loss=0.0011 | t=0.1s
[finetune_replay] ep  40/90 | train loss=0.0008 top1=1.000 | val loss=0.0011 | t=0.1s  *
[finetune_replay] ep  41/90 | train loss=0.0011 top1=1.000 | val loss=0.0011 | t=0.1s
[finetune_replay] ep  42/90 | train loss=0.0013 top1=1.000 | val loss=0.0012 | t=0.1s
[finetune_replay] ep  43/90 | train loss=0.0010 top1=1.000 | val loss=0.0013 | t=0.2s
[finetune_replay] ep  44/90 | train loss=0.0011 top1=1.000 | val loss=0.0013 | t=0.1s
[finetune_replay] ep  45/90 | train loss=0.0009 top1=1.000 | val loss=0.0012 | t=0.1s
[finetune_replay] ep  46/90 | train loss=0.0010 top1=1.000 | val loss=0.0011 | t=0.1s
[finetune_replay] ep  47/90 | train loss=0.0012 top1=1.000 | val loss=0.0011 | t=0.1s
[finetune_replay] ep  48/90 | train loss=0.0008 top1=1.000 | val loss=0.0010 | t=0.1s  *
[finetune_replay] ep  49/90 | train loss=0.0012 top1=1.000 | val loss=0.0010 | t=0.1s  *
[finetune_replay] ep  50/90 | train loss=0.0008 top1=1.000 | val loss=0.0010 | t=0.1s
[finetune_replay] ep  51/90 | train loss=0.0009 top1=1.000 | val loss=0.0011 | t=0.1s
[finetune_replay] ep  52/90 | train loss=0.0011 top1=1.000 | val loss=0.0011 | t=0.1s
[finetune_replay] ep  53/90 | train loss=0.0010 top1=1.000 | val loss=0.0011 | t=0.1s
[finetune_replay] ep  54/90 | train loss=0.0011 top1=1.000 | val loss=0.0011 | t=0.1s
[finetune_replay] ep  55/90 | train loss=0.0008 top1=1.000 | val loss=0.0012 | t=0.1s
[finetune_replay] ep  56/90 | train loss=0.0008 top1=1.000 | val loss=0.0012 | t=0.1s
[finetune_replay] ep  57/90 | train loss=0.0009 top1=1.000 | val loss=0.0011 | t=0.1s
[finetune_replay] ep  58/90 | train loss=0.0009 top1=1.000 | val loss=0.0011 | t=0.1s
[finetune_replay] ep  59/90 | train loss=0.0011 top1=1.000 | val loss=0.0011 | t=0.1s
[finetune_replay] ep  60/90 | train loss=0.0009 top1=1.000 | val loss=0.0010 | t=0.1s
[finetune_replay] ep  61/90 | train loss=0.0008 top1=1.000 | val loss=0.0010 | t=0.1s
[finetune_replay] ep  62/90 | train loss=0.0010 top1=1.000 | val loss=0.0011 | t=0.1s
[finetune_replay] ep  63/90 | train loss=0.0010 top1=1.000 | val loss=0.0011 | t=0.1s
[finetune_replay] ep  64/90 | train loss=0.0008 top1=1.000 | val loss=0.0012 | t=0.1s
[finetune_replay] ep  65/90 | train loss=0.0007 top1=1.000 | val loss=0.0012 | t=0.1s
[finetune_replay] ep  66/90 | train loss=0.0008 top1=1.000 | val loss=0.0012 | t=0.1s
[finetune_replay] ep  67/90 | train loss=0.0008 top1=1.000 | val loss=0.0012 | t=0.1s
[finetune_replay] ep  68/90 | train loss=0.0009 top1=1.000 | val loss=0.0011 | t=0.1s
[finetune_replay] ep  69/90 | train loss=0.0011 top1=1.000 | val loss=0.0011 | t=0.2s
[finetune_replay] ep  70/90 | train loss=0.0009 top1=1.000 | val loss=0.0010 | t=0.2s
[finetune_replay] ep  71/90 | train loss=0.0008 top1=1.000 | val loss=0.0010 | t=0.2s  *
[finetune_replay] ep  72/90 | train loss=0.0009 top1=1.000 | val loss=0.0010 | t=0.1s  *
[finetune_replay] ep  73/90 | train loss=0.0009 top1=1.000 | val loss=0.0010 | t=0.1s
[finetune_replay] ep  74/90 | train loss=0.0007 top1=1.000 | val loss=0.0010 | t=0.1s
[finetune_replay] ep  75/90 | train loss=0.0009 top1=1.000 | val loss=0.0010 | t=0.1s
[finetune_replay] ep  76/90 | train loss=0.0008 top1=1.000 | val loss=0.0010 | t=0.1s
[finetune_replay] ep  77/90 | train loss=0.0008 top1=1.000 | val loss=0.0010 | t=0.2s
[finetune_replay] ep  78/90 | train loss=0.0008 top1=1.000 | val loss=0.0010 | t=0.1s
[finetune_replay] ep  79/90 | train loss=0.0007 top1=1.000 | val loss=0.0010 | t=0.2s
[finetune_replay] ep  80/90 | train loss=0.0007 top1=1.000 | val loss=0.0010 | t=0.1s
[finetune_replay] ep  81/90 | train loss=0.0009 top1=1.000 | val loss=0.0010 | t=0.1s  *
[finetune_replay] ep  82/90 | train loss=0.0010 top1=1.000 | val loss=0.0010 | t=0.1s
[finetune_replay] ep  83/90 | train loss=0.0008 top1=1.000 | val loss=0.0010 | t=0.1s
[finetune_replay] ep  84/90 | train loss=0.0008 top1=1.000 | val loss=0.0010 | t=0.1s
[finetune_replay] ep  85/90 | train loss=0.0008 top1=1.000 | val loss=0.0010 | t=0.2s
[finetune_replay] ep  86/90 | train loss=0.0010 top1=1.000 | val loss=0.0010 | t=0.1s
[finetune_replay] ep  87/90 | train loss=0.0008 top1=1.000 | val loss=0.0010 | t=0.1s
[finetune_replay] ep  88/90 | train loss=0.0010 top1=1.000 | val loss=0.0010 | t=0.2s
[finetune_replay] ep  89/90 | train loss=0.0008 top1=1.000 | val loss=0.0010 | t=0.2s  *
[finetune_replay] ep  90/90 | train loss=0.0008 top1=1.000 | val loss=0.0010 | t=0.1s
[finetune_replay] DONE best_val_loss=0.0010 @ epoch 89
[14:47:16] [bo-budget] $ /home/s226137394/.conda/envs/maze/bin/python3 -u -m Equivariant_pathway.equivariant_CNN_hybrid.rollout_test --checkpoint /weka/s226137394/DmNfull/Equivariant_pathway/equivariant_CNN_hybrid/baseline_vs_p4/pool_x_selector/results/run_9/safe_dagger/checkpoints/best_hybrid_policy.pth --layouts /weka/s226137394/DmNfull/Equivariant_pathway/equivariant_CNN_hybrid/baseline_vs_p4/shared/heldout_layouts.yaml --out_dir /weka/s226137394/DmNfull/Equivariant_pathway/equivariant_CNN_hybrid/baseline_vs_p4/pool_x_selector/results/run_9/safe_dagger/results/eval_round_003 --seed 12 --max_steps 60
[hybrid-rollout] 200 unique; running 200 eps
[hybrid-rollout] loaded /weka/s226137394/DmNfull/Equivariant_pathway/equivariant_CNN_hybrid/baseline_vs_p4/pool_x_selector/results/run_9/safe_dagger/checkpoints/best_hybrid_policy.pth
[hybrid-rollout] ep 0 (heldout_001): steps=5 success=True
[hybrid-rollout] ep 1 (heldout_002): steps=4 success=True
[hybrid-rollout] ep 2 (heldout_003): steps=4 success=True
[hybrid-rollout] ep 3 (heldout_004): steps=6 success=True
[hybrid-rollout] ep 4 (heldout_005): steps=5 success=True
[hybrid-rollout] ep 5 (heldout_006): steps=3 success=False
[hybrid-rollout] ep 6 (heldout_007): steps=5 success=True
[hybrid-rollout] ep 7 (heldout_008): steps=60 success=False
[hybrid-rollout] ep 8 (heldout_009): steps=6 success=True
[hybrid-rollout] ep 9 (heldout_010): steps=60 success=False
[hybrid-rollout] ep 10 (heldout_011): steps=4 success=True
[hybrid-rollout] ep 11 (heldout_012): steps=4 success=True
[hybrid-rollout] ep 12 (heldout_013): steps=5 success=True
[hybrid-rollout] ep 13 (heldout_014): steps=5 success=True
[hybrid-rollout] ep 14 (heldout_015): steps=4 success=True
[hybrid-rollout] ep 15 (heldout_016): steps=5 success=True
[hybrid-rollout] ep 16 (heldout_017): steps=4 success=True
[hybrid-rollout] ep 17 (heldout_018): steps=60 success=False
[hybrid-rollout] ep 18 (heldout_019): steps=5 success=True
[hybrid-rollout] ep 19 (heldout_020): steps=5 success=True
[hybrid-rollout] ep 20 (heldout_021): steps=4 success=True
[hybrid-rollout] ep 21 (heldout_022): steps=60 success=False
[hybrid-rollout] ep 22 (heldout_023): steps=60 success=False
[hybrid-rollout] ep 23 (heldout_024): steps=60 success=False
[hybrid-rollout] ep 24 (heldout_025): steps=4 success=True
[hybrid-rollout] ep 25 (heldout_026): steps=4 success=True
[hybrid-rollout] ep 26 (heldout_027): steps=4 success=True
[hybrid-rollout] ep 27 (heldout_028): steps=4 success=True
[hybrid-rollout] ep 28 (heldout_029): steps=5 success=True
[hybrid-rollout] ep 29 (heldout_030): steps=60 success=False
[hybrid-rollout] ep 30 (heldout_031): steps=5 success=True
[hybrid-rollout] ep 31 (heldout_032): steps=5 success=True
[hybrid-rollout] ep 32 (heldout_033): steps=4 success=True
[hybrid-rollout] ep 33 (heldout_034): steps=60 success=False
[hybrid-rollout] ep 34 (heldout_035): steps=60 success=False
[hybrid-rollout] ep 35 (heldout_036): steps=5 success=True
[hybrid-rollout] ep 36 (heldout_037): steps=4 success=True
[hybrid-rollout] ep 37 (heldout_038): steps=60 success=False
[hybrid-rollout] ep 38 (heldout_039): steps=6 success=True
[hybrid-rollout] ep 39 (heldout_040): steps=5 success=True
[hybrid-rollout] ep 40 (heldout_041): steps=6 success=True
[hybrid-rollout] ep 41 (heldout_042): steps=4 success=True
[hybrid-rollout] ep 42 (heldout_043): steps=60 success=False
[hybrid-rollout] ep 43 (heldout_044): steps=5 success=True
[hybrid-rollout] ep 44 (heldout_045): steps=60 success=False
[hybrid-rollout] ep 45 (heldout_046): steps=4 success=True
[hybrid-rollout] ep 46 (heldout_047): steps=6 success=True
[hybrid-rollout] ep 47 (heldout_048): steps=6 success=True
[hybrid-rollout] ep 48 (heldout_049): steps=60 success=False
[hybrid-rollout] ep 49 (heldout_050): steps=4 success=True
[hybrid-rollout] ep 50 (heldout_051): steps=4 success=True
[hybrid-rollout] ep 51 (heldout_052): steps=4 success=True
[hybrid-rollout] ep 52 (heldout_053): steps=60 success=False
[hybrid-rollout] ep 53 (heldout_054): steps=4 success=True
[hybrid-rollout] ep 54 (heldout_055): steps=60 success=False
[hybrid-rollout] ep 55 (heldout_056): steps=4 success=True
[hybrid-rollout] ep 56 (heldout_057): steps=4 success=True
[hybrid-rollout] ep 57 (heldout_058): steps=4 success=True
[hybrid-rollout] ep 58 (heldout_059): steps=5 success=True
[hybrid-rollout] ep 59 (heldout_060): steps=6 success=True
[hybrid-rollout] ep 60 (heldout_061): steps=5 success=True
[hybrid-rollout] ep 61 (heldout_062): steps=6 success=True
[hybrid-rollout] ep 62 (heldout_063): steps=5 success=True
[hybrid-rollout] ep 63 (heldout_064): steps=4 success=True
[hybrid-rollout] ep 64 (heldout_065): steps=60 success=False
[hybrid-rollout] ep 65 (heldout_066): steps=6 success=True
[hybrid-rollout] ep 66 (heldout_067): steps=5 success=True
[hybrid-rollout] ep 67 (heldout_068): steps=4 success=True
[hybrid-rollout] ep 68 (heldout_069): steps=4 success=True
[hybrid-rollout] ep 69 (heldout_070): steps=60 success=False
[hybrid-rollout] ep 70 (heldout_071): steps=60 success=False
[hybrid-rollout] ep 71 (heldout_072): steps=5 success=True
[hybrid-rollout] ep 72 (heldout_073): steps=60 success=False
[hybrid-rollout] ep 73 (heldout_074): steps=4 success=True
[hybrid-rollout] ep 74 (heldout_075): steps=5 success=True
[hybrid-rollout] ep 75 (heldout_076): steps=60 success=False
[hybrid-rollout] ep 76 (heldout_077): steps=4 success=True
[hybrid-rollout] ep 77 (heldout_078): steps=6 success=True
[hybrid-rollout] ep 78 (heldout_079): steps=4 success=True
[hybrid-rollout] ep 79 (heldout_080): steps=4 success=True
[hybrid-rollout] ep 80 (heldout_081): steps=5 success=True
[hybrid-rollout] ep 81 (heldout_082): steps=5 success=True
[hybrid-rollout] ep 82 (heldout_083): steps=4 success=True
[hybrid-rollout] ep 83 (heldout_084): steps=5 success=True
[hybrid-rollout] ep 84 (heldout_085): steps=60 success=False
[hybrid-rollout] ep 85 (heldout_086): steps=6 success=True
[hybrid-rollout] ep 86 (heldout_087): steps=7 success=True
[hybrid-rollout] ep 87 (heldout_088): steps=4 success=True
[hybrid-rollout] ep 88 (heldout_089): steps=3 success=False
[hybrid-rollout] ep 89 (heldout_090): steps=4 success=True
[hybrid-rollout] ep 90 (heldout_091): steps=5 success=True
[hybrid-rollout] ep 91 (heldout_092): steps=5 success=True
[hybrid-rollout] ep 92 (heldout_093): steps=6 success=True
[hybrid-rollout] ep 93 (heldout_094): steps=60 success=False
[hybrid-rollout] ep 94 (heldout_095): steps=7 success=True
[hybrid-rollout] ep 95 (heldout_096): steps=5 success=True
[hybrid-rollout] ep 96 (heldout_097): steps=5 success=True
[hybrid-rollout] ep 97 (heldout_098): steps=5 success=True
[hybrid-rollout] ep 98 (heldout_099): steps=60 success=False
[hybrid-rollout] ep 99 (heldout_100): steps=8 success=True
[hybrid-rollout] ep 100 (heldout_101): steps=4 success=True
[hybrid-rollout] ep 101 (heldout_102): steps=4 success=True
[hybrid-rollout] ep 102 (heldout_103): steps=60 success=False
[hybrid-rollout] ep 103 (heldout_104): steps=6 success=True
[hybrid-rollout] ep 104 (heldout_105): steps=6 success=True
[hybrid-rollout] ep 105 (heldout_106): steps=60 success=False
[hybrid-rollout] ep 106 (heldout_107): steps=4 success=True
[hybrid-rollout] ep 107 (heldout_108): steps=4 success=True
[hybrid-rollout] ep 108 (heldout_109): steps=4 success=True
[hybrid-rollout] ep 109 (heldout_110): steps=60 success=False
[hybrid-rollout] ep 110 (heldout_111): steps=60 success=False
[hybrid-rollout] ep 111 (heldout_112): steps=5 success=True
[hybrid-rollout] ep 112 (heldout_113): steps=5 success=True
[hybrid-rollout] ep 113 (heldout_114): steps=4 success=True
[hybrid-rollout] ep 114 (heldout_115): steps=4 success=True
[hybrid-rollout] ep 115 (heldout_116): steps=5 success=True
[hybrid-rollout] ep 116 (heldout_117): steps=1 success=False
[hybrid-rollout] ep 117 (heldout_118): steps=60 success=False
[hybrid-rollout] ep 118 (heldout_119): steps=60 success=False
[hybrid-rollout] ep 119 (heldout_120): steps=7 success=True
[hybrid-rollout] ep 120 (heldout_121): steps=4 success=True
[hybrid-rollout] ep 121 (heldout_122): steps=4 success=True
[hybrid-rollout] ep 122 (heldout_123): steps=6 success=True
[hybrid-rollout] ep 123 (heldout_124): steps=60 success=False
[hybrid-rollout] ep 124 (heldout_125): steps=4 success=True
[hybrid-rollout] ep 125 (heldout_126): steps=4 success=True
[hybrid-rollout] ep 126 (heldout_127): steps=60 success=False
[hybrid-rollout] ep 127 (heldout_128): steps=60 success=False
[hybrid-rollout] ep 128 (heldout_129): steps=4 success=True
[hybrid-rollout] ep 129 (heldout_130): steps=4 success=True
[hybrid-rollout] ep 130 (heldout_131): steps=60 success=False
[hybrid-rollout] ep 131 (heldout_132): steps=4 success=True
[hybrid-rollout] ep 132 (heldout_133): steps=4 success=True
[hybrid-rollout] ep 133 (heldout_134): steps=7 success=True
[hybrid-rollout] ep 134 (heldout_135): steps=6 success=True
[hybrid-rollout] ep 135 (heldout_136): steps=5 success=True
[hybrid-rollout] ep 136 (heldout_137): steps=5 success=True
[hybrid-rollout] ep 137 (heldout_138): steps=4 success=True
[hybrid-rollout] ep 138 (heldout_139): steps=4 success=True
[hybrid-rollout] ep 139 (heldout_140): steps=6 success=False
[hybrid-rollout] ep 140 (heldout_141): steps=5 success=True
[hybrid-rollout] ep 141 (heldout_142): steps=4 success=True
[hybrid-rollout] ep 142 (heldout_143): steps=60 success=False
[hybrid-rollout] ep 143 (heldout_144): steps=4 success=True
[hybrid-rollout] ep 144 (heldout_145): steps=5 success=True
[hybrid-rollout] ep 145 (heldout_146): steps=7 success=True
[hybrid-rollout] ep 146 (heldout_147): steps=60 success=False
[hybrid-rollout] ep 147 (heldout_148): steps=60 success=False
[hybrid-rollout] ep 148 (heldout_149): steps=60 success=False
[hybrid-rollout] ep 149 (heldout_150): steps=4 success=True
[hybrid-rollout] ep 150 (heldout_151): steps=5 success=True
[hybrid-rollout] ep 151 (heldout_152): steps=6 success=True
[hybrid-rollout] ep 152 (heldout_153): steps=5 success=True
[hybrid-rollout] ep 153 (heldout_154): steps=60 success=False
[hybrid-rollout] ep 154 (heldout_155): steps=60 success=False
[hybrid-rollout] ep 155 (heldout_156): steps=8 success=True
[hybrid-rollout] ep 156 (heldout_157): steps=4 success=True
[hybrid-rollout] ep 157 (heldout_158): steps=60 success=False
[hybrid-rollout] ep 158 (heldout_159): steps=6 success=True
[hybrid-rollout] ep 159 (heldout_160): steps=60 success=False
[hybrid-rollout] ep 160 (heldout_161): steps=60 success=False
[hybrid-rollout] ep 161 (heldout_162): steps=5 success=True
[hybrid-rollout] ep 162 (heldout_163): steps=4 success=True
[hybrid-rollout] ep 163 (heldout_164): steps=6 success=True
[hybrid-rollout] ep 164 (heldout_165): steps=5 success=True
[hybrid-rollout] ep 165 (heldout_166): steps=4 success=True
[hybrid-rollout] ep 166 (heldout_167): steps=4 success=True
[hybrid-rollout] ep 167 (heldout_168): steps=4 success=True
[hybrid-rollout] ep 168 (heldout_169): steps=8 success=True
[hybrid-rollout] ep 169 (heldout_170): steps=5 success=False
[hybrid-rollout] ep 170 (heldout_171): steps=4 success=True
[hybrid-rollout] ep 171 (heldout_172): steps=5 success=True
[hybrid-rollout] ep 172 (heldout_173): steps=4 success=True
[hybrid-rollout] ep 173 (heldout_174): steps=60 success=False
[hybrid-rollout] ep 174 (heldout_175): steps=7 success=True
[hybrid-rollout] ep 175 (heldout_176): steps=6 success=True
[hybrid-rollout] ep 176 (heldout_177): steps=6 success=True
[hybrid-rollout] ep 177 (heldout_178): steps=5 success=True
[hybrid-rollout] ep 178 (heldout_179): steps=5 success=True
[hybrid-rollout] ep 179 (heldout_180): steps=4 success=True
[hybrid-rollout] ep 180 (heldout_181): steps=5 success=True
[hybrid-rollout] ep 181 (heldout_182): steps=4 success=True
[hybrid-rollout] ep 182 (heldout_183): steps=5 success=True
[hybrid-rollout] ep 183 (heldout_184): steps=7 success=True
[hybrid-rollout] ep 184 (heldout_185): steps=5 success=True
[hybrid-rollout] ep 185 (heldout_186): steps=4 success=True
[hybrid-rollout] ep 186 (heldout_187): steps=5 success=True
[hybrid-rollout] ep 187 (heldout_188): steps=5 success=True
[hybrid-rollout] ep 188 (heldout_189): steps=5 success=True
[hybrid-rollout] ep 189 (heldout_190): steps=7 success=True
[hybrid-rollout] ep 190 (heldout_191): steps=4 success=True
[hybrid-rollout] ep 191 (heldout_192): steps=7 success=True
[hybrid-rollout] ep 192 (heldout_193): steps=7 success=True
[hybrid-rollout] ep 193 (heldout_194): steps=60 success=False
[hybrid-rollout] ep 194 (heldout_195): steps=5 success=True
[hybrid-rollout] ep 195 (heldout_196): steps=4 success=True
[hybrid-rollout] ep 196 (heldout_197): steps=5 success=True
[hybrid-rollout] ep 197 (heldout_198): steps=60 success=False
[hybrid-rollout] ep 198 (heldout_199): steps=4 success=True
[hybrid-rollout] ep 199 (heldout_200): steps=4 success=True
[hybrid-rollout] DONE successes=150/200
[14:49:05] [iil-baseline] round 3: heldout_sr=0.750

--------------------------------------------------------------------------------
SAFE_DAGGER ROUND 4  (remaining budget = 12)
--------------------------------------------------------------------------------
[14:49:09] [iil-baseline] round 4: pool=20 successes=17 failures=3 correction_sr=0.850
[14:49:09] [iil-baseline] round 4: picked=1 saved=1 cum_extras=4/15
[14:49:09] [iil-baseline] $ /home/s226137394/.conda/envs/maze/bin/python3 -u -m Equivariant_pathway.equivariant_CNN_hybrid.baseline_vs_p4.pool_x_selector.trainer.finetune_replay --demo_dir /weka/s226137394/DmNfull/Equivariant_pathway/equivariant_CNN_hybrid/baseline_vs_p4/pool_x_selector/results/run_9/safe_dagger/demos --checkpoint_dir /weka/s226137394/DmNfull/Equivariant_pathway/equivariant_CNN_hybrid/baseline_vs_p4/pool_x_selector/results/run_9/safe_dagger/checkpoints --epochs 90 --batch_size 64 --lr 5e-05 --weight_decay 0.0001 --replay_mix 0.5 --replay_mix_floor 0.2 --seed 9 --resume --new_demos_dir /weka/s226137394/DmNfull/Equivariant_pathway/equivariant_CNN_hybrid/baseline_vs_p4/pool_x_selector/results/run_9/safe_dagger/demos/round_004
[finetune_replay] device=cuda demo_dir=/weka/s226137394/DmNfull/Equivariant_pathway/equivariant_CNN_hybrid/baseline_vs_p4/pool_x_selector/results/run_9/safe_dagger/demos new_demos_dir=/weka/s226137394/DmNfull/Equivariant_pathway/equivariant_CNN_hybrid/baseline_vs_p4/pool_x_selector/results/run_9/safe_dagger/demos/round_004
[hybrid-dataset] 23 demos -> 118 samples
[hybrid-dataset] 1 demos -> 4 samples
[finetune_replay] sampler audit: {'n_old_samples': 118, 'n_new_samples': 4, 'replay_mix_target': 0.5, 'replay_mix_effective': 0.5, 'replay_mix_floor': 0.2}
[finetune_replay] trainable params: 1,400,028
[finetune_replay] WARM START from last_hybrid_policy.pth
[finetune_replay] ep   1/90 | train loss=0.2571 top1=1.000 | val loss=0.0498 | t=1.0s  *
[finetune_replay] ep   2/90 | train loss=0.0787 top1=1.000 | val loss=0.0386 | t=0.1s  *
[finetune_replay] ep   3/90 | train loss=0.0278 top1=1.000 | val loss=0.0132 | t=0.2s  *
[finetune_replay] ep   4/90 | train loss=0.0179 top1=1.000 | val loss=0.0176 | t=0.1s
[finetune_replay] ep   5/90 | train loss=0.0100 top1=1.000 | val loss=0.0224 | t=0.1s
[finetune_replay] ep   6/90 | train loss=0.0089 top1=1.000 | val loss=0.0121 | t=0.1s  *
[finetune_replay] ep   7/90 | train loss=0.0078 top1=1.000 | val loss=0.0089 | t=0.1s  *
[finetune_replay] ep   8/90 | train loss=0.0062 top1=1.000 | val loss=0.0182 | t=0.1s
[finetune_replay] ep   9/90 | train loss=0.0072 top1=1.000 | val loss=0.0079 | t=0.2s  *
[finetune_replay] ep  10/90 | train loss=0.0042 top1=1.000 | val loss=0.0100 | t=0.1s
[finetune_replay] ep  11/90 | train loss=0.0033 top1=1.000 | val loss=0.0101 | t=0.1s
[finetune_replay] ep  12/90 | train loss=0.0037 top1=1.000 | val loss=0.0057 | t=0.1s  *
[finetune_replay] ep  13/90 | train loss=0.0032 top1=1.000 | val loss=0.0053 | t=0.1s  *
[finetune_replay] ep  14/90 | train loss=0.0022 top1=1.000 | val loss=0.0083 | t=0.1s
[finetune_replay] ep  15/90 | train loss=0.0024 top1=1.000 | val loss=0.0072 | t=0.1s
[finetune_replay] ep  16/90 | train loss=0.0025 top1=1.000 | val loss=0.0047 | t=0.1s  *
[finetune_replay] ep  17/90 | train loss=0.0020 top1=1.000 | val loss=0.0052 | t=0.1s
[finetune_replay] ep  18/90 | train loss=0.0019 top1=1.000 | val loss=0.0061 | t=0.1s
[finetune_replay] ep  19/90 | train loss=0.0018 top1=1.000 | val loss=0.0057 | t=0.1s
[finetune_replay] ep  20/90 | train loss=0.0017 top1=1.000 | val loss=0.0056 | t=0.1s
[finetune_replay] ep  21/90 | train loss=0.0014 top1=1.000 | val loss=0.0050 | t=0.1s
[finetune_replay] ep  22/90 | train loss=0.0019 top1=1.000 | val loss=0.0050 | t=0.1s
[finetune_replay] ep  23/90 | train loss=0.0014 top1=1.000 | val loss=0.0049 | t=0.1s
[finetune_replay] ep  24/90 | train loss=0.0017 top1=1.000 | val loss=0.0048 | t=0.1s
[finetune_replay] ep  25/90 | train loss=0.0015 top1=1.000 | val loss=0.0045 | t=0.1s  *
[finetune_replay] ep  26/90 | train loss=0.0013 top1=1.000 | val loss=0.0044 | t=0.1s  *
[finetune_replay] ep  27/90 | train loss=0.0016 top1=1.000 | val loss=0.0046 | t=0.1s
[finetune_replay] ep  28/90 | train loss=0.0014 top1=1.000 | val loss=0.0041 | t=0.1s  *
[finetune_replay] ep  29/90 | train loss=0.0013 top1=1.000 | val loss=0.0042 | t=0.1s
[finetune_replay] ep  30/90 | train loss=0.0013 top1=1.000 | val loss=0.0044 | t=0.1s
[finetune_replay] ep  31/90 | train loss=0.0012 top1=1.000 | val loss=0.0041 | t=0.1s
[finetune_replay] ep  32/90 | train loss=0.0013 top1=1.000 | val loss=0.0043 | t=0.1s
[finetune_replay] ep  33/90 | train loss=0.0013 top1=1.000 | val loss=0.0037 | t=0.1s  *
[finetune_replay] ep  34/90 | train loss=0.0012 top1=1.000 | val loss=0.0037 | t=0.1s  *
[finetune_replay] ep  35/90 | train loss=0.0012 top1=1.000 | val loss=0.0037 | t=0.1s
[finetune_replay] ep  36/90 | train loss=0.0013 top1=1.000 | val loss=0.0038 | t=0.1s
[finetune_replay] ep  37/90 | train loss=0.0011 top1=1.000 | val loss=0.0037 | t=0.1s
[finetune_replay] ep  38/90 | train loss=0.0012 top1=1.000 | val loss=0.0036 | t=0.1s  *
[finetune_replay] ep  39/90 | train loss=0.0010 top1=1.000 | val loss=0.0032 | t=0.1s  *
[finetune_replay] ep  40/90 | train loss=0.0011 top1=1.000 | val loss=0.0032 | t=0.1s  *
[finetune_replay] ep  41/90 | train loss=0.0010 top1=1.000 | val loss=0.0034 | t=0.1s
[finetune_replay] ep  42/90 | train loss=0.0009 top1=1.000 | val loss=0.0033 | t=0.1s
[finetune_replay] ep  43/90 | train loss=0.0009 top1=1.000 | val loss=0.0031 | t=0.1s  *
[finetune_replay] ep  44/90 | train loss=0.0009 top1=1.000 | val loss=0.0030 | t=0.1s  *
[finetune_replay] ep  45/90 | train loss=0.0009 top1=1.000 | val loss=0.0032 | t=0.1s
[finetune_replay] ep  46/90 | train loss=0.0009 top1=1.000 | val loss=0.0035 | t=0.1s
[finetune_replay] ep  47/90 | train loss=0.0009 top1=1.000 | val loss=0.0033 | t=0.1s
[finetune_replay] ep  48/90 | train loss=0.0010 top1=1.000 | val loss=0.0030 | t=0.1s  *
[finetune_replay] ep  49/90 | train loss=0.0010 top1=1.000 | val loss=0.0029 | t=0.2s  *
[finetune_replay] ep  50/90 | train loss=0.0009 top1=1.000 | val loss=0.0028 | t=0.1s  *
[finetune_replay] ep  51/90 | train loss=0.0007 top1=1.000 | val loss=0.0030 | t=0.1s
[finetune_replay] ep  52/90 | train loss=0.0009 top1=1.000 | val loss=0.0032 | t=0.1s
[finetune_replay] ep  53/90 | train loss=0.0009 top1=1.000 | val loss=0.0031 | t=0.2s
[finetune_replay] ep  54/90 | train loss=0.0010 top1=1.000 | val loss=0.0031 | t=0.1s
[finetune_replay] ep  55/90 | train loss=0.0010 top1=1.000 | val loss=0.0029 | t=0.1s
[finetune_replay] ep  56/90 | train loss=0.0008 top1=1.000 | val loss=0.0030 | t=0.1s
[finetune_replay] ep  57/90 | train loss=0.0010 top1=1.000 | val loss=0.0032 | t=0.1s
[finetune_replay] ep  58/90 | train loss=0.0009 top1=1.000 | val loss=0.0033 | t=0.1s
[finetune_replay] ep  59/90 | train loss=0.0010 top1=1.000 | val loss=0.0033 | t=0.1s
[finetune_replay] ep  60/90 | train loss=0.0008 top1=1.000 | val loss=0.0031 | t=0.1s
[finetune_replay] ep  61/90 | train loss=0.0009 top1=1.000 | val loss=0.0030 | t=0.1s
[finetune_replay] ep  62/90 | train loss=0.0008 top1=1.000 | val loss=0.0029 | t=0.1s
[finetune_replay] ep  63/90 | train loss=0.0008 top1=1.000 | val loss=0.0029 | t=0.1s
[finetune_replay] ep  64/90 | train loss=0.0009 top1=1.000 | val loss=0.0029 | t=0.1s
[finetune_replay] ep  65/90 | train loss=0.0008 top1=1.000 | val loss=0.0030 | t=0.1s
[finetune_replay] ep  66/90 | train loss=0.0008 top1=1.000 | val loss=0.0030 | t=0.1s
[finetune_replay] ep  67/90 | train loss=0.0008 top1=1.000 | val loss=0.0031 | t=0.1s
[finetune_replay] ep  68/90 | train loss=0.0008 top1=1.000 | val loss=0.0029 | t=0.1s
[finetune_replay] ep  69/90 | train loss=0.0008 top1=1.000 | val loss=0.0029 | t=0.1s
[finetune_replay] ep  70/90 | train loss=0.0008 top1=1.000 | val loss=0.0029 | t=0.1s
[finetune_replay] ep  71/90 | train loss=0.0008 top1=1.000 | val loss=0.0029 | t=0.1s
[finetune_replay] ep  72/90 | train loss=0.0008 top1=1.000 | val loss=0.0030 | t=0.1s
[finetune_replay] ep  73/90 | train loss=0.0008 top1=1.000 | val loss=0.0029 | t=0.1s
[finetune_replay] ep  74/90 | train loss=0.0007 top1=1.000 | val loss=0.0029 | t=0.1s
[finetune_replay] ep  75/90 | train loss=0.0007 top1=1.000 | val loss=0.0028 | t=0.1s  *
[finetune_replay] ep  76/90 | train loss=0.0008 top1=1.000 | val loss=0.0028 | t=0.1s
[finetune_replay] ep  77/90 | train loss=0.0008 top1=1.000 | val loss=0.0028 | t=0.1s  *
[finetune_replay] ep  78/90 | train loss=0.0007 top1=1.000 | val loss=0.0027 | t=0.1s  *
[finetune_replay] ep  79/90 | train loss=0.0008 top1=1.000 | val loss=0.0027 | t=0.1s  *
[finetune_replay] ep  80/90 | train loss=0.0008 top1=1.000 | val loss=0.0027 | t=0.1s  *
[finetune_replay] ep  81/90 | train loss=0.0008 top1=1.000 | val loss=0.0027 | t=0.1s  *
[finetune_replay] ep  82/90 | train loss=0.0008 top1=1.000 | val loss=0.0027 | t=0.1s
[finetune_replay] ep  83/90 | train loss=0.0009 top1=1.000 | val loss=0.0027 | t=0.1s
[finetune_replay] ep  84/90 | train loss=0.0007 top1=1.000 | val loss=0.0027 | t=0.1s
[finetune_replay] ep  85/90 | train loss=0.0007 top1=1.000 | val loss=0.0027 | t=0.1s
[finetune_replay] ep  86/90 | train loss=0.0008 top1=1.000 | val loss=0.0028 | t=0.1s
[finetune_replay] ep  87/90 | train loss=0.0009 top1=1.000 | val loss=0.0028 | t=0.1s
[finetune_replay] ep  88/90 | train loss=0.0007 top1=1.000 | val loss=0.0028 | t=0.2s
[finetune_replay] ep  89/90 | train loss=0.0010 top1=1.000 | val loss=0.0028 | t=0.1s
[finetune_replay] ep  90/90 | train loss=0.0007 top1=1.000 | val loss=0.0029 | t=0.1s
[finetune_replay] DONE best_val_loss=0.0027 @ epoch 81
[14:49:34] [bo-budget] $ /home/s226137394/.conda/envs/maze/bin/python3 -u -m Equivariant_pathway.equivariant_CNN_hybrid.rollout_test --checkpoint /weka/s226137394/DmNfull/Equivariant_pathway/equivariant_CNN_hybrid/baseline_vs_p4/pool_x_selector/results/run_9/safe_dagger/checkpoints/best_hybrid_policy.pth --layouts /weka/s226137394/DmNfull/Equivariant_pathway/equivariant_CNN_hybrid/baseline_vs_p4/shared/heldout_layouts.yaml --out_dir /weka/s226137394/DmNfull/Equivariant_pathway/equivariant_CNN_hybrid/baseline_vs_p4/pool_x_selector/results/run_9/safe_dagger/results/eval_round_004 --seed 13 --max_steps 60
[hybrid-rollout] 200 unique; running 200 eps
[hybrid-rollout] loaded /weka/s226137394/DmNfull/Equivariant_pathway/equivariant_CNN_hybrid/baseline_vs_p4/pool_x_selector/results/run_9/safe_dagger/checkpoints/best_hybrid_policy.pth
[hybrid-rollout] ep 0 (heldout_001): steps=5 success=True
[hybrid-rollout] ep 1 (heldout_002): steps=4 success=True
[hybrid-rollout] ep 2 (heldout_003): steps=4 success=True
[hybrid-rollout] ep 3 (heldout_004): steps=6 success=True
[hybrid-rollout] ep 4 (heldout_005): steps=5 success=True
[hybrid-rollout] ep 5 (heldout_006): steps=3 success=False
[hybrid-rollout] ep 6 (heldout_007): steps=5 success=True
[hybrid-rollout] ep 7 (heldout_008): steps=4 success=True
[hybrid-rollout] ep 8 (heldout_009): steps=60 success=False
[hybrid-rollout] ep 9 (heldout_010): steps=60 success=False
[hybrid-rollout] ep 10 (heldout_011): steps=4 success=True
[hybrid-rollout] ep 11 (heldout_012): steps=60 success=False
[hybrid-rollout] ep 12 (heldout_013): steps=5 success=True
[hybrid-rollout] ep 13 (heldout_014): steps=5 success=True
[hybrid-rollout] ep 14 (heldout_015): steps=4 success=True
[hybrid-rollout] ep 15 (heldout_016): steps=5 success=True
[hybrid-rollout] ep 16 (heldout_017): steps=4 success=True
[hybrid-rollout] ep 17 (heldout_018): steps=60 success=False
[hybrid-rollout] ep 18 (heldout_019): steps=5 success=True
[hybrid-rollout] ep 19 (heldout_020): steps=5 success=True
[hybrid-rollout] ep 20 (heldout_021): steps=4 success=True
[hybrid-rollout] ep 21 (heldout_022): steps=60 success=False
[hybrid-rollout] ep 22 (heldout_023): steps=7 success=True
[hybrid-rollout] ep 23 (heldout_024): steps=60 success=False
[hybrid-rollout] ep 24 (heldout_025): steps=4 success=True
[hybrid-rollout] ep 25 (heldout_026): steps=4 success=True
[hybrid-rollout] ep 26 (heldout_027): steps=4 success=True
[hybrid-rollout] ep 27 (heldout_028): steps=4 success=True
[hybrid-rollout] ep 28 (heldout_029): steps=7 success=True
[hybrid-rollout] ep 29 (heldout_030): steps=60 success=False
[hybrid-rollout] ep 30 (heldout_031): steps=5 success=True
[hybrid-rollout] ep 31 (heldout_032): steps=5 success=True
[hybrid-rollout] ep 32 (heldout_033): steps=4 success=True
[hybrid-rollout] ep 33 (heldout_034): steps=5 success=True
[hybrid-rollout] ep 34 (heldout_035): steps=6 success=True
[hybrid-rollout] ep 35 (heldout_036): steps=5 success=True
[hybrid-rollout] ep 36 (heldout_037): steps=2 success=False
[hybrid-rollout] ep 37 (heldout_038): steps=60 success=False
[hybrid-rollout] ep 38 (heldout_039): steps=6 success=True
[hybrid-rollout] ep 39 (heldout_040): steps=5 success=True
[hybrid-rollout] ep 40 (heldout_041): steps=6 success=True
[hybrid-rollout] ep 41 (heldout_042): steps=4 success=True
[hybrid-rollout] ep 42 (heldout_043): steps=4 success=True
[hybrid-rollout] ep 43 (heldout_044): steps=5 success=True
[hybrid-rollout] ep 44 (heldout_045): steps=60 success=False
[hybrid-rollout] ep 45 (heldout_046): steps=4 success=True
[hybrid-rollout] ep 46 (heldout_047): steps=6 success=True
[hybrid-rollout] ep 47 (heldout_048): steps=6 success=True
[hybrid-rollout] ep 48 (heldout_049): steps=5 success=True
[hybrid-rollout] ep 49 (heldout_050): steps=4 success=True
[hybrid-rollout] ep 50 (heldout_051): steps=4 success=True
[hybrid-rollout] ep 51 (heldout_052): steps=4 success=True
[hybrid-rollout] ep 52 (heldout_053): steps=60 success=False
[hybrid-rollout] ep 53 (heldout_054): steps=4 success=True
[hybrid-rollout] ep 54 (heldout_055): steps=60 success=False
[hybrid-rollout] ep 55 (heldout_056): steps=4 success=True
[hybrid-rollout] ep 56 (heldout_057): steps=4 success=True
[hybrid-rollout] ep 57 (heldout_058): steps=4 success=True
[hybrid-rollout] ep 58 (heldout_059): steps=5 success=True
[hybrid-rollout] ep 59 (heldout_060): steps=6 success=True
[hybrid-rollout] ep 60 (heldout_061): steps=5 success=True
[hybrid-rollout] ep 61 (heldout_062): steps=6 success=True
[hybrid-rollout] ep 62 (heldout_063): steps=5 success=True
[hybrid-rollout] ep 63 (heldout_064): steps=4 success=True
[hybrid-rollout] ep 64 (heldout_065): steps=60 success=False
[hybrid-rollout] ep 65 (heldout_066): steps=6 success=True
[hybrid-rollout] ep 66 (heldout_067): steps=5 success=True
[hybrid-rollout] ep 67 (heldout_068): steps=4 success=True
[hybrid-rollout] ep 68 (heldout_069): steps=4 success=True
[hybrid-rollout] ep 69 (heldout_070): steps=60 success=False
[hybrid-rollout] ep 70 (heldout_071): steps=60 success=False
[hybrid-rollout] ep 71 (heldout_072): steps=5 success=True
[hybrid-rollout] ep 72 (heldout_073): steps=60 success=False
[hybrid-rollout] ep 73 (heldout_074): steps=4 success=True
[hybrid-rollout] ep 74 (heldout_075): steps=5 success=True
[hybrid-rollout] ep 75 (heldout_076): steps=60 success=False
[hybrid-rollout] ep 76 (heldout_077): steps=4 success=True
[hybrid-rollout] ep 77 (heldout_078): steps=3 success=False
[hybrid-rollout] ep 78 (heldout_079): steps=4 success=True
[hybrid-rollout] ep 79 (heldout_080): steps=4 success=True
[hybrid-rollout] ep 80 (heldout_081): steps=5 success=True
[hybrid-rollout] ep 81 (heldout_082): steps=5 success=True
[hybrid-rollout] ep 82 (heldout_083): steps=4 success=True
[hybrid-rollout] ep 83 (heldout_084): steps=1 success=False
[hybrid-rollout] ep 84 (heldout_085): steps=60 success=False
[hybrid-rollout] ep 85 (heldout_086): steps=6 success=True
[hybrid-rollout] ep 86 (heldout_087): steps=7 success=True
[hybrid-rollout] ep 87 (heldout_088): steps=4 success=True
[hybrid-rollout] ep 88 (heldout_089): steps=3 success=False
[hybrid-rollout] ep 89 (heldout_090): steps=4 success=True
[hybrid-rollout] ep 90 (heldout_091): steps=5 success=True
[hybrid-rollout] ep 91 (heldout_092): steps=5 success=True
[hybrid-rollout] ep 92 (heldout_093): steps=6 success=True
[hybrid-rollout] ep 93 (heldout_094): steps=6 success=True
[hybrid-rollout] ep 94 (heldout_095): steps=7 success=True
[hybrid-rollout] ep 95 (heldout_096): steps=5 success=True
[hybrid-rollout] ep 96 (heldout_097): steps=5 success=True
[hybrid-rollout] ep 97 (heldout_098): steps=5 success=True
[hybrid-rollout] ep 98 (heldout_099): steps=60 success=False
[hybrid-rollout] ep 99 (heldout_100): steps=8 success=True
[hybrid-rollout] ep 100 (heldout_101): steps=4 success=True
[hybrid-rollout] ep 101 (heldout_102): steps=4 success=True
[hybrid-rollout] ep 102 (heldout_103): steps=4 success=True
[hybrid-rollout] ep 103 (heldout_104): steps=6 success=True
[hybrid-rollout] ep 104 (heldout_105): steps=6 success=True
[hybrid-rollout] ep 105 (heldout_106): steps=60 success=False
[hybrid-rollout] ep 106 (heldout_107): steps=4 success=True
[hybrid-rollout] ep 107 (heldout_108): steps=4 success=True
[hybrid-rollout] ep 108 (heldout_109): steps=4 success=True
[hybrid-rollout] ep 109 (heldout_110): steps=60 success=False
[hybrid-rollout] ep 110 (heldout_111): steps=60 success=False
[hybrid-rollout] ep 111 (heldout_112): steps=5 success=True
[hybrid-rollout] ep 112 (heldout_113): steps=7 success=True
[hybrid-rollout] ep 113 (heldout_114): steps=4 success=True
[hybrid-rollout] ep 114 (heldout_115): steps=60 success=False
[hybrid-rollout] ep 115 (heldout_116): steps=5 success=True
[hybrid-rollout] ep 116 (heldout_117): steps=1 success=False
[hybrid-rollout] ep 117 (heldout_118): steps=60 success=False
[hybrid-rollout] ep 118 (heldout_119): steps=60 success=False
[hybrid-rollout] ep 119 (heldout_120): steps=7 success=True
[hybrid-rollout] ep 120 (heldout_121): steps=4 success=True
[hybrid-rollout] ep 121 (heldout_122): steps=4 success=True
[hybrid-rollout] ep 122 (heldout_123): steps=6 success=True
[hybrid-rollout] ep 123 (heldout_124): steps=60 success=False
[hybrid-rollout] ep 124 (heldout_125): steps=4 success=True
[hybrid-rollout] ep 125 (heldout_126): steps=4 success=True
[hybrid-rollout] ep 126 (heldout_127): steps=60 success=False
[hybrid-rollout] ep 127 (heldout_128): steps=7 success=True
[hybrid-rollout] ep 128 (heldout_129): steps=4 success=True
[hybrid-rollout] ep 129 (heldout_130): steps=6 success=True
[hybrid-rollout] ep 130 (heldout_131): steps=60 success=False
[hybrid-rollout] ep 131 (heldout_132): steps=4 success=True
[hybrid-rollout] ep 132 (heldout_133): steps=4 success=True
[hybrid-rollout] ep 133 (heldout_134): steps=60 success=False
[hybrid-rollout] ep 134 (heldout_135): steps=6 success=True
[hybrid-rollout] ep 135 (heldout_136): steps=5 success=True
[hybrid-rollout] ep 136 (heldout_137): steps=5 success=True
[hybrid-rollout] ep 137 (heldout_138): steps=4 success=True
[hybrid-rollout] ep 138 (heldout_139): steps=4 success=True
[hybrid-rollout] ep 139 (heldout_140): steps=5 success=True
[hybrid-rollout] ep 140 (heldout_141): steps=5 success=True
[hybrid-rollout] ep 141 (heldout_142): steps=4 success=True
[hybrid-rollout] ep 142 (heldout_143): steps=60 success=False
[hybrid-rollout] ep 143 (heldout_144): steps=4 success=True
[hybrid-rollout] ep 144 (heldout_145): steps=5 success=True
[hybrid-rollout] ep 145 (heldout_146): steps=7 success=True
[hybrid-rollout] ep 146 (heldout_147): steps=60 success=False
[hybrid-rollout] ep 147 (heldout_148): steps=60 success=False
[hybrid-rollout] ep 148 (heldout_149): steps=60 success=False
[hybrid-rollout] ep 149 (heldout_150): steps=4 success=True
[hybrid-rollout] ep 150 (heldout_151): steps=5 success=True
[hybrid-rollout] ep 151 (heldout_152): steps=6 success=True
[hybrid-rollout] ep 152 (heldout_153): steps=5 success=True
[hybrid-rollout] ep 153 (heldout_154): steps=9 success=True
[hybrid-rollout] ep 154 (heldout_155): steps=60 success=False
[hybrid-rollout] ep 155 (heldout_156): steps=4 success=False
[hybrid-rollout] ep 156 (heldout_157): steps=60 success=False
[hybrid-rollout] ep 157 (heldout_158): steps=3 success=False
[hybrid-rollout] ep 158 (heldout_159): steps=6 success=True
[hybrid-rollout] ep 159 (heldout_160): steps=60 success=False
[hybrid-rollout] ep 160 (heldout_161): steps=60 success=False
[hybrid-rollout] ep 161 (heldout_162): steps=5 success=True
[hybrid-rollout] ep 162 (heldout_163): steps=4 success=True
[hybrid-rollout] ep 163 (heldout_164): steps=6 success=True
[hybrid-rollout] ep 164 (heldout_165): steps=5 success=True
[hybrid-rollout] ep 165 (heldout_166): steps=4 success=True
[hybrid-rollout] ep 166 (heldout_167): steps=4 success=True
[hybrid-rollout] ep 167 (heldout_168): steps=4 success=True
[hybrid-rollout] ep 168 (heldout_169): steps=8 success=True
[hybrid-rollout] ep 169 (heldout_170): steps=5 success=False
[hybrid-rollout] ep 170 (heldout_171): steps=4 success=True
[hybrid-rollout] ep 171 (heldout_172): steps=5 success=True
[hybrid-rollout] ep 172 (heldout_173): steps=4 success=True
[hybrid-rollout] ep 173 (heldout_174): steps=60 success=False
[hybrid-rollout] ep 174 (heldout_175): steps=7 success=True
[hybrid-rollout] ep 175 (heldout_176): steps=10 success=True
[hybrid-rollout] ep 176 (heldout_177): steps=60 success=False
[hybrid-rollout] ep 177 (heldout_178): steps=5 success=True
[hybrid-rollout] ep 178 (heldout_179): steps=5 success=True
[hybrid-rollout] ep 179 (heldout_180): steps=4 success=True
[hybrid-rollout] ep 180 (heldout_181): steps=5 success=True
[hybrid-rollout] ep 181 (heldout_182): steps=4 success=True
[hybrid-rollout] ep 182 (heldout_183): steps=5 success=True
[hybrid-rollout] ep 183 (heldout_184): steps=7 success=True
[hybrid-rollout] ep 184 (heldout_185): steps=5 success=True
[hybrid-rollout] ep 185 (heldout_186): steps=4 success=True
[hybrid-rollout] ep 186 (heldout_187): steps=5 success=True
[hybrid-rollout] ep 187 (heldout_188): steps=5 success=True
[hybrid-rollout] ep 188 (heldout_189): steps=60 success=False
[hybrid-rollout] ep 189 (heldout_190): steps=7 success=True
[hybrid-rollout] ep 190 (heldout_191): steps=60 success=False
[hybrid-rollout] ep 191 (heldout_192): steps=7 success=True
[hybrid-rollout] ep 192 (heldout_193): steps=60 success=False
[hybrid-rollout] ep 193 (heldout_194): steps=60 success=False
[hybrid-rollout] ep 194 (heldout_195): steps=5 success=True
[hybrid-rollout] ep 195 (heldout_196): steps=4 success=True
[hybrid-rollout] ep 196 (heldout_197): steps=5 success=True
[hybrid-rollout] ep 197 (heldout_198): steps=60 success=False
[hybrid-rollout] ep 198 (heldout_199): steps=4 success=True
[hybrid-rollout] ep 199 (heldout_200): steps=4 success=True
[hybrid-rollout] DONE successes=148/200
[14:51:14] [iil-baseline] round 4: heldout_sr=0.740

--------------------------------------------------------------------------------
SAFE_DAGGER ROUND 5  (remaining budget = 11)
--------------------------------------------------------------------------------
[14:51:18] [iil-baseline] round 5: pool=20 successes=15 failures=5 correction_sr=0.750
[14:51:19] [iil-baseline] round 5: picked=1 saved=1 cum_extras=5/15
[14:51:19] [iil-baseline] $ /home/s226137394/.conda/envs/maze/bin/python3 -u -m Equivariant_pathway.equivariant_CNN_hybrid.baseline_vs_p4.pool_x_selector.trainer.finetune_replay --demo_dir /weka/s226137394/DmNfull/Equivariant_pathway/equivariant_CNN_hybrid/baseline_vs_p4/pool_x_selector/results/run_9/safe_dagger/demos --checkpoint_dir /weka/s226137394/DmNfull/Equivariant_pathway/equivariant_CNN_hybrid/baseline_vs_p4/pool_x_selector/results/run_9/safe_dagger/checkpoints --epochs 90 --batch_size 64 --lr 5e-05 --weight_decay 0.0001 --replay_mix 0.5 --replay_mix_floor 0.2 --seed 9 --resume --new_demos_dir /weka/s226137394/DmNfull/Equivariant_pathway/equivariant_CNN_hybrid/baseline_vs_p4/pool_x_selector/results/run_9/safe_dagger/demos/round_005
[finetune_replay] device=cuda demo_dir=/weka/s226137394/DmNfull/Equivariant_pathway/equivariant_CNN_hybrid/baseline_vs_p4/pool_x_selector/results/run_9/safe_dagger/demos new_demos_dir=/weka/s226137394/DmNfull/Equivariant_pathway/equivariant_CNN_hybrid/baseline_vs_p4/pool_x_selector/results/run_9/safe_dagger/demos/round_005
[hybrid-dataset] 24 demos -> 122 samples
[hybrid-dataset] 1 demos -> 8 samples
[finetune_replay] sampler audit: {'n_old_samples': 122, 'n_new_samples': 8, 'replay_mix_target': 0.5, 'replay_mix_effective': 0.5, 'replay_mix_floor': 0.2}
[finetune_replay] trainable params: 1,400,028
[finetune_replay] WARM START from last_hybrid_policy.pth
[finetune_replay] ep   1/90 | train loss=0.4097 top1=0.855 | val loss=0.0369 | t=0.7s  *
[finetune_replay] ep   2/90 | train loss=0.2373 top1=0.897 | val loss=0.0082 | t=0.1s  *
[finetune_replay] ep   3/90 | train loss=0.1323 top1=0.940 | val loss=0.0048 | t=0.2s  *
[finetune_replay] ep   4/90 | train loss=0.0753 top1=0.957 | val loss=0.0065 | t=0.2s
[finetune_replay] ep   5/90 | train loss=0.0758 top1=1.000 | val loss=0.0052 | t=0.2s
[finetune_replay] ep   6/90 | train loss=0.0520 top1=0.983 | val loss=0.0063 | t=0.2s
[finetune_replay] ep   7/90 | train loss=0.0291 top1=1.000 | val loss=0.0080 | t=0.1s
[finetune_replay] ep   8/90 | train loss=0.0252 top1=1.000 | val loss=0.0056 | t=0.2s
[finetune_replay] ep   9/90 | train loss=0.0184 top1=1.000 | val loss=0.0062 | t=0.1s
[finetune_replay] ep  10/90 | train loss=0.0121 top1=1.000 | val loss=0.0068 | t=0.1s
[finetune_replay] ep  11/90 | train loss=0.0091 top1=1.000 | val loss=0.0051 | t=0.1s
[finetune_replay] ep  12/90 | train loss=0.0097 top1=1.000 | val loss=0.0051 | t=0.1s
[finetune_replay] ep  13/90 | train loss=0.0078 top1=1.000 | val loss=0.0061 | t=0.1s
[finetune_replay] ep  14/90 | train loss=0.0051 top1=1.000 | val loss=0.0059 | t=0.1s
[finetune_replay] ep  15/90 | train loss=0.0062 top1=1.000 | val loss=0.0049 | t=0.1s
[finetune_replay] ep  16/90 | train loss=0.0047 top1=1.000 | val loss=0.0041 | t=0.1s  *
[finetune_replay] ep  17/90 | train loss=0.0061 top1=1.000 | val loss=0.0039 | t=0.1s  *
[finetune_replay] ep  18/90 | train loss=0.0035 top1=1.000 | val loss=0.0050 | t=0.1s
[finetune_replay] ep  19/90 | train loss=0.0029 top1=1.000 | val loss=0.0053 | t=0.1s
[finetune_replay] ep  20/90 | train loss=0.0042 top1=1.000 | val loss=0.0035 | t=0.1s  *
[finetune_replay] ep  21/90 | train loss=0.0049 top1=1.000 | val loss=0.0039 | t=0.1s
[finetune_replay] ep  22/90 | train loss=0.0037 top1=1.000 | val loss=0.0048 | t=0.1s
[finetune_replay] ep  23/90 | train loss=0.0026 top1=1.000 | val loss=0.0060 | t=0.1s
[finetune_replay] ep  24/90 | train loss=0.0023 top1=1.000 | val loss=0.0068 | t=0.2s
[finetune_replay] ep  25/90 | train loss=0.0036 top1=1.000 | val loss=0.0051 | t=0.1s
[finetune_replay] ep  26/90 | train loss=0.0041 top1=1.000 | val loss=0.0048 | t=0.1s
[finetune_replay] ep  27/90 | train loss=0.0034 top1=1.000 | val loss=0.0061 | t=0.1s
[finetune_replay] ep  28/90 | train loss=0.0035 top1=1.000 | val loss=0.0050 | t=0.1s
[finetune_replay] ep  29/90 | train loss=0.0023 top1=1.000 | val loss=0.0046 | t=0.1s
[finetune_replay] ep  30/90 | train loss=0.0021 top1=1.000 | val loss=0.0064 | t=0.1s
[finetune_replay] ep  31/90 | train loss=0.0027 top1=1.000 | val loss=0.0050 | t=0.1s
[finetune_replay] ep  32/90 | train loss=0.0021 top1=1.000 | val loss=0.0041 | t=0.1s
[finetune_replay] ep  33/90 | train loss=0.0019 top1=1.000 | val loss=0.0036 | t=0.1s
[finetune_replay] ep  34/90 | train loss=0.0022 top1=1.000 | val loss=0.0041 | t=0.1s
[finetune_replay] ep  35/90 | train loss=0.0018 top1=1.000 | val loss=0.0058 | t=0.1s
[finetune_replay] ep  36/90 | train loss=0.0024 top1=1.000 | val loss=0.0058 | t=0.1s
[finetune_replay] ep  37/90 | train loss=0.0023 top1=1.000 | val loss=0.0054 | t=0.1s
[finetune_replay] ep  38/90 | train loss=0.0018 top1=1.000 | val loss=0.0042 | t=0.1s
[finetune_replay] ep  39/90 | train loss=0.0015 top1=1.000 | val loss=0.0042 | t=0.1s
[finetune_replay] ep  40/90 | train loss=0.0017 top1=1.000 | val loss=0.0057 | t=0.1s
[finetune_replay] ep  41/90 | train loss=0.0020 top1=1.000 | val loss=0.0061 | t=0.1s
[finetune_replay] ep  42/90 | train loss=0.0014 top1=1.000 | val loss=0.0054 | t=0.1s
[finetune_replay] ep  43/90 | train loss=0.0016 top1=1.000 | val loss=0.0052 | t=0.1s
[finetune_replay] ep  44/90 | train loss=0.0015 top1=1.000 | val loss=0.0051 | t=0.1s
[finetune_replay] ep  45/90 | train loss=0.0017 top1=1.000 | val loss=0.0050 | t=0.1s
[finetune_replay] ep  46/90 | train loss=0.0014 top1=1.000 | val loss=0.0053 | t=0.1s
[finetune_replay] ep  47/90 | train loss=0.0017 top1=1.000 | val loss=0.0054 | t=0.1s
[finetune_replay] ep  48/90 | train loss=0.0016 top1=1.000 | val loss=0.0060 | t=0.1s
[finetune_replay] ep  49/90 | train loss=0.0013 top1=1.000 | val loss=0.0056 | t=0.1s
[finetune_replay] ep  50/90 | train loss=0.0019 top1=1.000 | val loss=0.0050 | t=0.1s
[finetune_replay] ep  51/90 | train loss=0.0015 top1=1.000 | val loss=0.0053 | t=0.1s
[finetune_replay] ep  52/90 | train loss=0.0014 top1=1.000 | val loss=0.0063 | t=0.1s
[finetune_replay] ep  53/90 | train loss=0.0014 top1=1.000 | val loss=0.0061 | t=0.1s
[finetune_replay] ep  54/90 | train loss=0.0013 top1=1.000 | val loss=0.0054 | t=0.1s
[finetune_replay] ep  55/90 | train loss=0.0013 top1=1.000 | val loss=0.0049 | t=0.1s
[finetune_replay] ep  56/90 | train loss=0.0012 top1=1.000 | val loss=0.0046 | t=0.1s
[finetune_replay] ep  57/90 | train loss=0.0015 top1=1.000 | val loss=0.0047 | t=0.1s
[finetune_replay] ep  58/90 | train loss=0.0011 top1=1.000 | val loss=0.0049 | t=0.1s
[finetune_replay] ep  59/90 | train loss=0.0012 top1=1.000 | val loss=0.0050 | t=0.1s
[finetune_replay] ep  60/90 | train loss=0.0014 top1=1.000 | val loss=0.0049 | t=0.1s
[finetune_replay] ep  61/90 | train loss=0.0016 top1=1.000 | val loss=0.0049 | t=0.1s
[finetune_replay] ep  62/90 | train loss=0.0011 top1=1.000 | val loss=0.0049 | t=0.1s
[finetune_replay] ep  63/90 | train loss=0.0012 top1=1.000 | val loss=0.0049 | t=0.1s
[finetune_replay] ep  64/90 | train loss=0.0012 top1=1.000 | val loss=0.0050 | t=0.1s
[finetune_replay] ep  65/90 | train loss=0.0012 top1=1.000 | val loss=0.0048 | t=0.1s
[finetune_replay] ep  66/90 | train loss=0.0013 top1=1.000 | val loss=0.0044 | t=0.1s
[finetune_replay] ep  67/90 | train loss=0.0015 top1=1.000 | val loss=0.0045 | t=0.2s
[finetune_replay] ep  68/90 | train loss=0.0012 top1=1.000 | val loss=0.0046 | t=0.1s
[finetune_replay] ep  69/90 | train loss=0.0012 top1=1.000 | val loss=0.0047 | t=0.1s
[finetune_replay] ep  70/90 | train loss=0.0010 top1=1.000 | val loss=0.0048 | t=0.1s
[finetune_replay] ep  71/90 | train loss=0.0018 top1=1.000 | val loss=0.0049 | t=0.1s
[finetune_replay] ep  72/90 | train loss=0.0013 top1=1.000 | val loss=0.0050 | t=0.1s
[finetune_replay] ep  73/90 | train loss=0.0011 top1=1.000 | val loss=0.0052 | t=0.1s
[finetune_replay] ep  74/90 | train loss=0.0016 top1=1.000 | val loss=0.0050 | t=0.1s
[finetune_replay] ep  75/90 | train loss=0.0014 top1=1.000 | val loss=0.0048 | t=0.1s
[finetune_replay] ep  76/90 | train loss=0.0011 top1=1.000 | val loss=0.0046 | t=0.1s
[finetune_replay] ep  77/90 | train loss=0.0011 top1=1.000 | val loss=0.0045 | t=0.1s
[finetune_replay] ep  78/90 | train loss=0.0013 top1=1.000 | val loss=0.0043 | t=0.1s
[finetune_replay] ep  79/90 | train loss=0.0012 top1=1.000 | val loss=0.0044 | t=0.1s
[finetune_replay] ep  80/90 | train loss=0.0010 top1=1.000 | val loss=0.0045 | t=0.1s
[finetune_replay] ep  81/90 | train loss=0.0011 top1=1.000 | val loss=0.0046 | t=0.1s
[finetune_replay] ep  82/90 | train loss=0.0010 top1=1.000 | val loss=0.0049 | t=0.1s
[finetune_replay] ep  83/90 | train loss=0.0011 top1=1.000 | val loss=0.0049 | t=0.1s
[finetune_replay] ep  84/90 | train loss=0.0014 top1=1.000 | val loss=0.0048 | t=0.1s
[finetune_replay] ep  85/90 | train loss=0.0013 top1=1.000 | val loss=0.0048 | t=0.1s
[finetune_replay] ep  86/90 | train loss=0.0014 top1=1.000 | val loss=0.0048 | t=0.1s
[finetune_replay] ep  87/90 | train loss=0.0011 top1=1.000 | val loss=0.0050 | t=0.1s
[finetune_replay] ep  88/90 | train loss=0.0011 top1=1.000 | val loss=0.0049 | t=0.1s
[finetune_replay] ep  89/90 | train loss=0.0010 top1=1.000 | val loss=0.0049 | t=0.1s
[finetune_replay] ep  90/90 | train loss=0.0011 top1=1.000 | val loss=0.0051 | t=0.1s
[finetune_replay] DONE best_val_loss=0.0035 @ epoch 20
[14:51:46] [bo-budget] $ /home/s226137394/.conda/envs/maze/bin/python3 -u -m Equivariant_pathway.equivariant_CNN_hybrid.rollout_test --checkpoint /weka/s226137394/DmNfull/Equivariant_pathway/equivariant_CNN_hybrid/baseline_vs_p4/pool_x_selector/results/run_9/safe_dagger/checkpoints/best_hybrid_policy.pth --layouts /weka/s226137394/DmNfull/Equivariant_pathway/equivariant_CNN_hybrid/baseline_vs_p4/shared/heldout_layouts.yaml --out_dir /weka/s226137394/DmNfull/Equivariant_pathway/equivariant_CNN_hybrid/baseline_vs_p4/pool_x_selector/results/run_9/safe_dagger/results/eval_round_005 --seed 14 --max_steps 60
[hybrid-rollout] 200 unique; running 200 eps
[hybrid-rollout] loaded /weka/s226137394/DmNfull/Equivariant_pathway/equivariant_CNN_hybrid/baseline_vs_p4/pool_x_selector/results/run_9/safe_dagger/checkpoints/best_hybrid_policy.pth
[hybrid-rollout] ep 0 (heldout_001): steps=5 success=True
[hybrid-rollout] ep 1 (heldout_002): steps=4 success=True
[hybrid-rollout] ep 2 (heldout_003): steps=4 success=True
[hybrid-rollout] ep 3 (heldout_004): steps=6 success=True
[hybrid-rollout] ep 4 (heldout_005): steps=5 success=True
[hybrid-rollout] ep 5 (heldout_006): steps=6 success=True
[hybrid-rollout] ep 6 (heldout_007): steps=60 success=False
[hybrid-rollout] ep 7 (heldout_008): steps=60 success=False
[hybrid-rollout] ep 8 (heldout_009): steps=6 success=True
[hybrid-rollout] ep 9 (heldout_010): steps=60 success=False
[hybrid-rollout] ep 10 (heldout_011): steps=4 success=True
[hybrid-rollout] ep 11 (heldout_012): steps=4 success=True
[hybrid-rollout] ep 12 (heldout_013): steps=5 success=True
[hybrid-rollout] ep 13 (heldout_014): steps=5 success=True
[hybrid-rollout] ep 14 (heldout_015): steps=3 success=False
[hybrid-rollout] ep 15 (heldout_016): steps=5 success=True
[hybrid-rollout] ep 16 (heldout_017): steps=4 success=True
[hybrid-rollout] ep 17 (heldout_018): steps=60 success=False
[hybrid-rollout] ep 18 (heldout_019): steps=5 success=True
[hybrid-rollout] ep 19 (heldout_020): steps=5 success=True
[hybrid-rollout] ep 20 (heldout_021): steps=4 success=True
[hybrid-rollout] ep 21 (heldout_022): steps=60 success=False
[hybrid-rollout] ep 22 (heldout_023): steps=60 success=False
[hybrid-rollout] ep 23 (heldout_024): steps=60 success=False
[hybrid-rollout] ep 24 (heldout_025): steps=4 success=True
[hybrid-rollout] ep 25 (heldout_026): steps=4 success=True
[hybrid-rollout] ep 26 (heldout_027): steps=4 success=True
[hybrid-rollout] ep 27 (heldout_028): steps=4 success=True
[hybrid-rollout] ep 28 (heldout_029): steps=5 success=True
[hybrid-rollout] ep 29 (heldout_030): steps=60 success=False
[hybrid-rollout] ep 30 (heldout_031): steps=5 success=True
[hybrid-rollout] ep 31 (heldout_032): steps=5 success=True
[hybrid-rollout] ep 32 (heldout_033): steps=4 success=True
[hybrid-rollout] ep 33 (heldout_034): steps=60 success=False
[hybrid-rollout] ep 34 (heldout_035): steps=60 success=False
[hybrid-rollout] ep 35 (heldout_036): steps=5 success=True
[hybrid-rollout] ep 36 (heldout_037): steps=4 success=True
[hybrid-rollout] ep 37 (heldout_038): steps=60 success=False
[hybrid-rollout] ep 38 (heldout_039): steps=6 success=True
[hybrid-rollout] ep 39 (heldout_040): steps=5 success=True
[hybrid-rollout] ep 40 (heldout_041): steps=6 success=True
[hybrid-rollout] ep 41 (heldout_042): steps=4 success=True
[hybrid-rollout] ep 42 (heldout_043): steps=4 success=True
[hybrid-rollout] ep 43 (heldout_044): steps=5 success=True
[hybrid-rollout] ep 44 (heldout_045): steps=5 success=True
[hybrid-rollout] ep 45 (heldout_046): steps=4 success=True
[hybrid-rollout] ep 46 (heldout_047): steps=60 success=False
[hybrid-rollout] ep 47 (heldout_048): steps=6 success=True
[hybrid-rollout] ep 48 (heldout_049): steps=60 success=False
[hybrid-rollout] ep 49 (heldout_050): steps=4 success=True
[hybrid-rollout] ep 50 (heldout_051): steps=4 success=True
[hybrid-rollout] ep 51 (heldout_052): steps=4 success=True
[hybrid-rollout] ep 52 (heldout_053): steps=6 success=True
[hybrid-rollout] ep 53 (heldout_054): steps=4 success=True
[hybrid-rollout] ep 54 (heldout_055): steps=60 success=False
[hybrid-rollout] ep 55 (heldout_056): steps=4 success=True
[hybrid-rollout] ep 56 (heldout_057): steps=4 success=True
[hybrid-rollout] ep 57 (heldout_058): steps=4 success=True
[hybrid-rollout] ep 58 (heldout_059): steps=5 success=True
[hybrid-rollout] ep 59 (heldout_060): steps=6 success=True
[hybrid-rollout] ep 60 (heldout_061): steps=5 success=True
[hybrid-rollout] ep 61 (heldout_062): steps=6 success=True
[hybrid-rollout] ep 62 (heldout_063): steps=5 success=True
[hybrid-rollout] ep 63 (heldout_064): steps=4 success=True
[hybrid-rollout] ep 64 (heldout_065): steps=60 success=False
[hybrid-rollout] ep 65 (heldout_066): steps=6 success=True
[hybrid-rollout] ep 66 (heldout_067): steps=5 success=True
[hybrid-rollout] ep 67 (heldout_068): steps=4 success=True
[hybrid-rollout] ep 68 (heldout_069): steps=4 success=True
[hybrid-rollout] ep 69 (heldout_070): steps=60 success=False
[hybrid-rollout] ep 70 (heldout_071): steps=5 success=True
[hybrid-rollout] ep 71 (heldout_072): steps=5 success=True
[hybrid-rollout] ep 72 (heldout_073): steps=3 success=False
[hybrid-rollout] ep 73 (heldout_074): steps=4 success=True
[hybrid-rollout] ep 74 (heldout_075): steps=5 success=True
[hybrid-rollout] ep 75 (heldout_076): steps=60 success=False
[hybrid-rollout] ep 76 (heldout_077): steps=4 success=True
[hybrid-rollout] ep 77 (heldout_078): steps=3 success=False
[hybrid-rollout] ep 78 (heldout_079): steps=4 success=True
[hybrid-rollout] ep 79 (heldout_080): steps=4 success=True
[hybrid-rollout] ep 80 (heldout_081): steps=60 success=False
[hybrid-rollout] ep 81 (heldout_082): steps=5 success=True
[hybrid-rollout] ep 82 (heldout_083): steps=4 success=True
[hybrid-rollout] ep 83 (heldout_084): steps=5 success=True
[hybrid-rollout] ep 84 (heldout_085): steps=60 success=False
[hybrid-rollout] ep 85 (heldout_086): steps=6 success=True
[hybrid-rollout] ep 86 (heldout_087): steps=7 success=True
[hybrid-rollout] ep 87 (heldout_088): steps=4 success=True
[hybrid-rollout] ep 88 (heldout_089): steps=3 success=False
[hybrid-rollout] ep 89 (heldout_090): steps=4 success=True
[hybrid-rollout] ep 90 (heldout_091): steps=5 success=True
[hybrid-rollout] ep 91 (heldout_092): steps=5 success=True
[hybrid-rollout] ep 92 (heldout_093): steps=6 success=True
[hybrid-rollout] ep 93 (heldout_094): steps=6 success=True
[hybrid-rollout] ep 94 (heldout_095): steps=7 success=True
[hybrid-rollout] ep 95 (heldout_096): steps=5 success=True
[hybrid-rollout] ep 96 (heldout_097): steps=5 success=True
[hybrid-rollout] ep 97 (heldout_098): steps=5 success=True
[hybrid-rollout] ep 98 (heldout_099): steps=60 success=False
[hybrid-rollout] ep 99 (heldout_100): steps=8 success=True
[hybrid-rollout] ep 100 (heldout_101): steps=4 success=True
[hybrid-rollout] ep 101 (heldout_102): steps=4 success=True
[hybrid-rollout] ep 102 (heldout_103): steps=60 success=False
[hybrid-rollout] ep 103 (heldout_104): steps=6 success=True
[hybrid-rollout] ep 104 (heldout_105): steps=6 success=True
[hybrid-rollout] ep 105 (heldout_106): steps=6 success=True
[hybrid-rollout] ep 106 (heldout_107): steps=4 success=True
[hybrid-rollout] ep 107 (heldout_108): steps=4 success=True
[hybrid-rollout] ep 108 (heldout_109): steps=4 success=True
[hybrid-rollout] ep 109 (heldout_110): steps=4 success=True
[hybrid-rollout] ep 110 (heldout_111): steps=60 success=False
[hybrid-rollout] ep 111 (heldout_112): steps=5 success=True
[hybrid-rollout] ep 112 (heldout_113): steps=5 success=True
[hybrid-rollout] ep 113 (heldout_114): steps=4 success=True
[hybrid-rollout] ep 114 (heldout_115): steps=4 success=True
[hybrid-rollout] ep 115 (heldout_116): steps=5 success=True
[hybrid-rollout] ep 116 (heldout_117): steps=5 success=True
[hybrid-rollout] ep 117 (heldout_118): steps=7 success=True
[hybrid-rollout] ep 118 (heldout_119): steps=4 success=True
[hybrid-rollout] ep 119 (heldout_120): steps=7 success=True
[hybrid-rollout] ep 120 (heldout_121): steps=4 success=True
[hybrid-rollout] ep 121 (heldout_122): steps=4 success=True
[hybrid-rollout] ep 122 (heldout_123): steps=6 success=True
[hybrid-rollout] ep 123 (heldout_124): steps=60 success=False
[hybrid-rollout] ep 124 (heldout_125): steps=4 success=True
[hybrid-rollout] ep 125 (heldout_126): steps=4 success=True
[hybrid-rollout] ep 126 (heldout_127): steps=60 success=False
[hybrid-rollout] ep 127 (heldout_128): steps=7 success=True
[hybrid-rollout] ep 128 (heldout_129): steps=4 success=True
[hybrid-rollout] ep 129 (heldout_130): steps=4 success=True
[hybrid-rollout] ep 130 (heldout_131): steps=60 success=False
[hybrid-rollout] ep 131 (heldout_132): steps=4 success=True
[hybrid-rollout] ep 132 (heldout_133): steps=4 success=True
[hybrid-rollout] ep 133 (heldout_134): steps=7 success=True
[hybrid-rollout] ep 134 (heldout_135): steps=6 success=True
[hybrid-rollout] ep 135 (heldout_136): steps=5 success=True
[hybrid-rollout] ep 136 (heldout_137): steps=5 success=True
[hybrid-rollout] ep 137 (heldout_138): steps=4 success=True
[hybrid-rollout] ep 138 (heldout_139): steps=4 success=True
[hybrid-rollout] ep 139 (heldout_140): steps=60 success=False
[hybrid-rollout] ep 140 (heldout_141): steps=4 success=False
[hybrid-rollout] ep 141 (heldout_142): steps=4 success=True
[hybrid-rollout] ep 142 (heldout_143): steps=6 success=True
[hybrid-rollout] ep 143 (heldout_144): steps=4 success=True
[hybrid-rollout] ep 144 (heldout_145): steps=5 success=True
[hybrid-rollout] ep 145 (heldout_146): steps=9 success=True
[hybrid-rollout] ep 146 (heldout_147): steps=4 success=True
[hybrid-rollout] ep 147 (heldout_148): steps=60 success=False
[hybrid-rollout] ep 148 (heldout_149): steps=5 success=True
[hybrid-rollout] ep 149 (heldout_150): steps=4 success=True
[hybrid-rollout] ep 150 (heldout_151): steps=5 success=True
[hybrid-rollout] ep 151 (heldout_152): steps=5 success=False
[hybrid-rollout] ep 152 (heldout_153): steps=5 success=True
[hybrid-rollout] ep 153 (heldout_154): steps=60 success=False
[hybrid-rollout] ep 154 (heldout_155): steps=60 success=False
[hybrid-rollout] ep 155 (heldout_156): steps=4 success=False
[hybrid-rollout] ep 156 (heldout_157): steps=4 success=True
[hybrid-rollout] ep 157 (heldout_158): steps=3 success=False
[hybrid-rollout] ep 158 (heldout_159): steps=6 success=True
[hybrid-rollout] ep 159 (heldout_160): steps=60 success=False
[hybrid-rollout] ep 160 (heldout_161): steps=5 success=True
[hybrid-rollout] ep 161 (heldout_162): steps=5 success=True
[hybrid-rollout] ep 162 (heldout_163): steps=4 success=True
[hybrid-rollout] ep 163 (heldout_164): steps=6 success=True
[hybrid-rollout] ep 164 (heldout_165): steps=5 success=True
[hybrid-rollout] ep 165 (heldout_166): steps=4 success=True
[hybrid-rollout] ep 166 (heldout_167): steps=4 success=True
[hybrid-rollout] ep 167 (heldout_168): steps=4 success=True
[hybrid-rollout] ep 168 (heldout_169): steps=8 success=True
[hybrid-rollout] ep 169 (heldout_170): steps=5 success=False
[hybrid-rollout] ep 170 (heldout_171): steps=4 success=True
[hybrid-rollout] ep 171 (heldout_172): steps=5 success=True
[hybrid-rollout] ep 172 (heldout_173): steps=4 success=True
[hybrid-rollout] ep 173 (heldout_174): steps=5 success=True
[hybrid-rollout] ep 174 (heldout_175): steps=60 success=False
[hybrid-rollout] ep 175 (heldout_176): steps=6 success=True
[hybrid-rollout] ep 176 (heldout_177): steps=60 success=False
[hybrid-rollout] ep 177 (heldout_178): steps=5 success=True
[hybrid-rollout] ep 178 (heldout_179): steps=5 success=True
[hybrid-rollout] ep 179 (heldout_180): steps=4 success=True
[hybrid-rollout] ep 180 (heldout_181): steps=5 success=True
[hybrid-rollout] ep 181 (heldout_182): steps=4 success=True
[hybrid-rollout] ep 182 (heldout_183): steps=5 success=True
[hybrid-rollout] ep 183 (heldout_184): steps=7 success=True
[hybrid-rollout] ep 184 (heldout_185): steps=5 success=True
[hybrid-rollout] ep 185 (heldout_186): steps=4 success=True
[hybrid-rollout] ep 186 (heldout_187): steps=5 success=True
[hybrid-rollout] ep 187 (heldout_188): steps=5 success=True
[hybrid-rollout] ep 188 (heldout_189): steps=60 success=False
[hybrid-rollout] ep 189 (heldout_190): steps=7 success=True
[hybrid-rollout] ep 190 (heldout_191): steps=4 success=True
[hybrid-rollout] ep 191 (heldout_192): steps=7 success=True
[hybrid-rollout] ep 192 (heldout_193): steps=7 success=True
[hybrid-rollout] ep 193 (heldout_194): steps=6 success=True
[hybrid-rollout] ep 194 (heldout_195): steps=5 success=True
[hybrid-rollout] ep 195 (heldout_196): steps=4 success=True
[hybrid-rollout] ep 196 (heldout_197): steps=5 success=True
[hybrid-rollout] ep 197 (heldout_198): steps=60 success=False
[hybrid-rollout] ep 198 (heldout_199): steps=60 success=False
[hybrid-rollout] ep 199 (heldout_200): steps=4 success=True
[hybrid-rollout] DONE successes=156/200
[14:53:26] [iil-baseline] round 5: heldout_sr=0.780

--------------------------------------------------------------------------------
SAFE_DAGGER ROUND 6  (remaining budget = 10)
--------------------------------------------------------------------------------
[14:53:30] [iil-baseline] round 6: pool=20 successes=16 failures=4 correction_sr=0.800
[14:53:30] [iil-baseline] round 6: picked=1 saved=1 cum_extras=6/15
[14:53:30] [iil-baseline] $ /home/s226137394/.conda/envs/maze/bin/python3 -u -m Equivariant_pathway.equivariant_CNN_hybrid.baseline_vs_p4.pool_x_selector.trainer.finetune_replay --demo_dir /weka/s226137394/DmNfull/Equivariant_pathway/equivariant_CNN_hybrid/baseline_vs_p4/pool_x_selector/results/run_9/safe_dagger/demos --checkpoint_dir /weka/s226137394/DmNfull/Equivariant_pathway/equivariant_CNN_hybrid/baseline_vs_p4/pool_x_selector/results/run_9/safe_dagger/checkpoints --epochs 90 --batch_size 64 --lr 5e-05 --weight_decay 0.0001 --replay_mix 0.5 --replay_mix_floor 0.2 --seed 9 --resume --new_demos_dir /weka/s226137394/DmNfull/Equivariant_pathway/equivariant_CNN_hybrid/baseline_vs_p4/pool_x_selector/results/run_9/safe_dagger/demos/round_006
[finetune_replay] device=cuda demo_dir=/weka/s226137394/DmNfull/Equivariant_pathway/equivariant_CNN_hybrid/baseline_vs_p4/pool_x_selector/results/run_9/safe_dagger/demos new_demos_dir=/weka/s226137394/DmNfull/Equivariant_pathway/equivariant_CNN_hybrid/baseline_vs_p4/pool_x_selector/results/run_9/safe_dagger/demos/round_006
[hybrid-dataset] 25 demos -> 130 samples
[hybrid-dataset] 1 demos -> 6 samples
[finetune_replay] sampler audit: {'n_old_samples': 130, 'n_new_samples': 6, 'replay_mix_target': 0.5, 'replay_mix_effective': 0.5, 'replay_mix_floor': 0.2}
[finetune_replay] trainable params: 1,400,028
[finetune_replay] WARM START from last_hybrid_policy.pth
[finetune_replay] ep   1/90 | train loss=0.2533 top1=0.902 | val loss=0.0010 | t=0.7s  *
[finetune_replay] ep   2/90 | train loss=0.1277 top1=0.927 | val loss=0.0060 | t=0.2s
[finetune_replay] ep   3/90 | train loss=0.1111 top1=0.943 | val loss=0.0145 | t=0.2s
[finetune_replay] ep   4/90 | train loss=0.0617 top1=1.000 | val loss=0.0084 | t=0.1s
[finetune_replay] ep   5/90 | train loss=0.0439 top1=1.000 | val loss=0.0058 | t=0.1s
[finetune_replay] ep   6/90 | train loss=0.0347 top1=1.000 | val loss=0.0038 | t=0.2s
[finetune_replay] ep   7/90 | train loss=0.0194 top1=1.000 | val loss=0.0030 | t=0.1s
[finetune_replay] ep   8/90 | train loss=0.0231 top1=1.000 | val loss=0.0023 | t=0.1s
[finetune_replay] ep   9/90 | train loss=0.0069 top1=1.000 | val loss=0.0052 | t=0.1s
[finetune_replay] ep  10/90 | train loss=0.0161 top1=1.000 | val loss=0.0056 | t=0.1s
[finetune_replay] ep  11/90 | train loss=0.0055 top1=1.000 | val loss=0.0031 | t=0.1s
[finetune_replay] ep  12/90 | train loss=0.0050 top1=1.000 | val loss=0.0022 | t=0.1s
[finetune_replay] ep  13/90 | train loss=0.0040 top1=1.000 | val loss=0.0032 | t=0.1s
[finetune_replay] ep  14/90 | train loss=0.0041 top1=1.000 | val loss=0.0049 | t=0.1s
[finetune_replay] ep  15/90 | train loss=0.0041 top1=1.000 | val loss=0.0025 | t=0.1s
[finetune_replay] ep  16/90 | train loss=0.0031 top1=1.000 | val loss=0.0019 | t=0.1s
[finetune_replay] ep  17/90 | train loss=0.0056 top1=1.000 | val loss=0.0017 | t=0.1s
[finetune_replay] ep  18/90 | train loss=0.0034 top1=1.000 | val loss=0.0019 | t=0.1s
[finetune_replay] ep  19/90 | train loss=0.0031 top1=1.000 | val loss=0.0020 | t=0.1s
[finetune_replay] ep  20/90 | train loss=0.0022 top1=1.000 | val loss=0.0018 | t=0.1s
[finetune_replay] ep  21/90 | train loss=0.0027 top1=1.000 | val loss=0.0017 | t=0.1s
[finetune_replay] ep  22/90 | train loss=0.0023 top1=1.000 | val loss=0.0018 | t=0.1s
[finetune_replay] ep  23/90 | train loss=0.0020 top1=1.000 | val loss=0.0019 | t=0.1s
[finetune_replay] ep  24/90 | train loss=0.0016 top1=1.000 | val loss=0.0018 | t=0.1s
[finetune_replay] ep  25/90 | train loss=0.0019 top1=1.000 | val loss=0.0014 | t=0.1s
[finetune_replay] ep  26/90 | train loss=0.0017 top1=1.000 | val loss=0.0012 | t=0.1s
[finetune_replay] ep  27/90 | train loss=0.0023 top1=1.000 | val loss=0.0020 | t=0.1s
[finetune_replay] ep  28/90 | train loss=0.0016 top1=1.000 | val loss=0.0024 | t=0.1s
[finetune_replay] ep  29/90 | train loss=0.0017 top1=1.000 | val loss=0.0012 | t=0.1s
[finetune_replay] ep  30/90 | train loss=0.0022 top1=1.000 | val loss=0.0010 | t=0.1s
[finetune_replay] ep  31/90 | train loss=0.0018 top1=1.000 | val loss=0.0012 | t=0.1s
[finetune_replay] ep  32/90 | train loss=0.0020 top1=1.000 | val loss=0.0016 | t=0.1s
[finetune_replay] ep  33/90 | train loss=0.0015 top1=1.000 | val loss=0.0023 | t=0.1s
[finetune_replay] ep  34/90 | train loss=0.0017 top1=1.000 | val loss=0.0016 | t=0.1s
[finetune_replay] ep  35/90 | train loss=0.0013 top1=1.000 | val loss=0.0013 | t=0.1s
[finetune_replay] ep  36/90 | train loss=0.0013 top1=1.000 | val loss=0.0013 | t=0.1s
[finetune_replay] ep  37/90 | train loss=0.0016 top1=1.000 | val loss=0.0014 | t=0.1s
[finetune_replay] ep  38/90 | train loss=0.0016 top1=1.000 | val loss=0.0015 | t=0.1s
[finetune_replay] ep  39/90 | train loss=0.0013 top1=1.000 | val loss=0.0016 | t=0.1s
[finetune_replay] ep  40/90 | train loss=0.0017 top1=1.000 | val loss=0.0015 | t=0.1s
[finetune_replay] ep  41/90 | train loss=0.0015 top1=1.000 | val loss=0.0014 | t=0.1s
[finetune_replay] ep  42/90 | train loss=0.0012 top1=1.000 | val loss=0.0014 | t=0.1s
[finetune_replay] ep  43/90 | train loss=0.0012 top1=1.000 | val loss=0.0012 | t=0.1s
[finetune_replay] ep  44/90 | train loss=0.0014 top1=1.000 | val loss=0.0011 | t=0.1s
[finetune_replay] ep  45/90 | train loss=0.0010 top1=1.000 | val loss=0.0012 | t=0.1s
[finetune_replay] ep  46/90 | train loss=0.0013 top1=1.000 | val loss=0.0015 | t=0.1s
[finetune_replay] ep  47/90 | train loss=0.0012 top1=1.000 | val loss=0.0016 | t=0.1s
[finetune_replay] ep  48/90 | train loss=0.0013 top1=1.000 | val loss=0.0014 | t=0.1s
[finetune_replay] ep  49/90 | train loss=0.0009 top1=1.000 | val loss=0.0012 | t=0.1s
[finetune_replay] ep  50/90 | train loss=0.0011 top1=1.000 | val loss=0.0011 | t=0.1s
[finetune_replay] ep  51/90 | train loss=0.0010 top1=1.000 | val loss=0.0011 | t=0.1s
[finetune_replay] ep  52/90 | train loss=0.0010 top1=1.000 | val loss=0.0011 | t=0.1s
[finetune_replay] ep  53/90 | train loss=0.0011 top1=1.000 | val loss=0.0011 | t=0.1s
[finetune_replay] ep  54/90 | train loss=0.0013 top1=1.000 | val loss=0.0011 | t=0.1s
[finetune_replay] ep  55/90 | train loss=0.0011 top1=1.000 | val loss=0.0012 | t=0.1s
[finetune_replay] ep  56/90 | train loss=0.0012 top1=1.000 | val loss=0.0013 | t=0.1s
[finetune_replay] ep  57/90 | train loss=0.0012 top1=1.000 | val loss=0.0014 | t=0.1s
[finetune_replay] ep  58/90 | train loss=0.0011 top1=1.000 | val loss=0.0016 | t=0.1s
[finetune_replay] ep  59/90 | train loss=0.0009 top1=1.000 | val loss=0.0017 | t=0.1s
[finetune_replay] ep  60/90 | train loss=0.0014 top1=1.000 | val loss=0.0017 | t=0.1s
[finetune_replay] ep  61/90 | train loss=0.0014 top1=1.000 | val loss=0.0015 | t=0.1s
[finetune_replay] ep  62/90 | train loss=0.0009 top1=1.000 | val loss=0.0013 | t=0.1s
[finetune_replay] ep  63/90 | train loss=0.0010 top1=1.000 | val loss=0.0011 | t=0.1s
[finetune_replay] ep  64/90 | train loss=0.0012 top1=1.000 | val loss=0.0011 | t=0.1s
[finetune_replay] ep  65/90 | train loss=0.0010 top1=1.000 | val loss=0.0011 | t=0.1s
[finetune_replay] ep  66/90 | train loss=0.0011 top1=1.000 | val loss=0.0012 | t=0.1s
[finetune_replay] ep  67/90 | train loss=0.0011 top1=1.000 | val loss=0.0013 | t=0.1s
[finetune_replay] ep  68/90 | train loss=0.0012 top1=1.000 | val loss=0.0013 | t=0.1s
[finetune_replay] ep  69/90 | train loss=0.0010 top1=1.000 | val loss=0.0014 | t=0.1s
[finetune_replay] ep  70/90 | train loss=0.0010 top1=1.000 | val loss=0.0014 | t=0.2s
[finetune_replay] ep  71/90 | train loss=0.0008 top1=1.000 | val loss=0.0014 | t=0.1s
[finetune_replay] ep  72/90 | train loss=0.0008 top1=1.000 | val loss=0.0014 | t=0.1s
[finetune_replay] ep  73/90 | train loss=0.0008 top1=1.000 | val loss=0.0014 | t=0.1s
[finetune_replay] ep  74/90 | train loss=0.0009 top1=1.000 | val loss=0.0014 | t=0.1s
[finetune_replay] ep  75/90 | train loss=0.0009 top1=1.000 | val loss=0.0013 | t=0.1s
[finetune_replay] ep  76/90 | train loss=0.0010 top1=1.000 | val loss=0.0013 | t=0.1s
[finetune_replay] ep  77/90 | train loss=0.0010 top1=1.000 | val loss=0.0013 | t=0.1s
[finetune_replay] ep  78/90 | train loss=0.0011 top1=1.000 | val loss=0.0013 | t=0.1s
[finetune_replay] ep  79/90 | train loss=0.0008 top1=1.000 | val loss=0.0013 | t=0.1s
[finetune_replay] ep  80/90 | train loss=0.0011 top1=1.000 | val loss=0.0013 | t=0.1s
[finetune_replay] ep  81/90 | train loss=0.0008 top1=1.000 | val loss=0.0013 | t=0.1s
[finetune_replay] ep  82/90 | train loss=0.0007 top1=1.000 | val loss=0.0013 | t=0.1s
[finetune_replay] ep  83/90 | train loss=0.0010 top1=1.000 | val loss=0.0013 | t=0.1s
[finetune_replay] ep  84/90 | train loss=0.0011 top1=1.000 | val loss=0.0013 | t=0.1s
[finetune_replay] ep  85/90 | train loss=0.0009 top1=1.000 | val loss=0.0013 | t=0.1s
[finetune_replay] ep  86/90 | train loss=0.0009 top1=1.000 | val loss=0.0013 | t=0.1s
[finetune_replay] ep  87/90 | train loss=0.0010 top1=1.000 | val loss=0.0013 | t=0.1s
[finetune_replay] ep  88/90 | train loss=0.0009 top1=1.000 | val loss=0.0013 | t=0.1s
[finetune_replay] ep  89/90 | train loss=0.0010 top1=1.000 | val loss=0.0013 | t=0.1s
[finetune_replay] ep  90/90 | train loss=0.0010 top1=1.000 | val loss=0.0012 | t=0.1s
[finetune_replay] DONE best_val_loss=0.0010 @ epoch 1
[14:53:55] [bo-budget] $ /home/s226137394/.conda/envs/maze/bin/python3 -u -m Equivariant_pathway.equivariant_CNN_hybrid.rollout_test --checkpoint /weka/s226137394/DmNfull/Equivariant_pathway/equivariant_CNN_hybrid/baseline_vs_p4/pool_x_selector/results/run_9/safe_dagger/checkpoints/best_hybrid_policy.pth --layouts /weka/s226137394/DmNfull/Equivariant_pathway/equivariant_CNN_hybrid/baseline_vs_p4/shared/heldout_layouts.yaml --out_dir /weka/s226137394/DmNfull/Equivariant_pathway/equivariant_CNN_hybrid/baseline_vs_p4/pool_x_selector/results/run_9/safe_dagger/results/eval_round_006 --seed 15 --max_steps 60
[hybrid-rollout] 200 unique; running 200 eps
[hybrid-rollout] loaded /weka/s226137394/DmNfull/Equivariant_pathway/equivariant_CNN_hybrid/baseline_vs_p4/pool_x_selector/results/run_9/safe_dagger/checkpoints/best_hybrid_policy.pth
[hybrid-rollout] ep 0 (heldout_001): steps=5 success=True
[hybrid-rollout] ep 1 (heldout_002): steps=4 success=True
[hybrid-rollout] ep 2 (heldout_003): steps=4 success=True
[hybrid-rollout] ep 3 (heldout_004): steps=6 success=True
[hybrid-rollout] ep 4 (heldout_005): steps=5 success=True
[hybrid-rollout] ep 5 (heldout_006): steps=6 success=True
[hybrid-rollout] ep 6 (heldout_007): steps=5 success=True
[hybrid-rollout] ep 7 (heldout_008): steps=1 success=False
[hybrid-rollout] ep 8 (heldout_009): steps=60 success=False
[hybrid-rollout] ep 9 (heldout_010): steps=60 success=False
[hybrid-rollout] ep 10 (heldout_011): steps=4 success=True
[hybrid-rollout] ep 11 (heldout_012): steps=60 success=False
[hybrid-rollout] ep 12 (heldout_013): steps=5 success=True
[hybrid-rollout] ep 13 (heldout_014): steps=5 success=True
[hybrid-rollout] ep 14 (heldout_015): steps=4 success=True
[hybrid-rollout] ep 15 (heldout_016): steps=5 success=True
[hybrid-rollout] ep 16 (heldout_017): steps=4 success=True
[hybrid-rollout] ep 17 (heldout_018): steps=60 success=False
[hybrid-rollout] ep 18 (heldout_019): steps=5 success=True
[hybrid-rollout] ep 19 (heldout_020): steps=5 success=True
[hybrid-rollout] ep 20 (heldout_021): steps=4 success=True
[hybrid-rollout] ep 21 (heldout_022): steps=60 success=False
[hybrid-rollout] ep 22 (heldout_023): steps=7 success=True
[hybrid-rollout] ep 23 (heldout_024): steps=60 success=False
[hybrid-rollout] ep 24 (heldout_025): steps=4 success=True
[hybrid-rollout] ep 25 (heldout_026): steps=4 success=True
[hybrid-rollout] ep 26 (heldout_027): steps=4 success=True
[hybrid-rollout] ep 27 (heldout_028): steps=4 success=True
[hybrid-rollout] ep 28 (heldout_029): steps=5 success=True
[hybrid-rollout] ep 29 (heldout_030): steps=60 success=False
[hybrid-rollout] ep 30 (heldout_031): steps=5 success=True
[hybrid-rollout] ep 31 (heldout_032): steps=5 success=True
[hybrid-rollout] ep 32 (heldout_033): steps=4 success=True
[hybrid-rollout] ep 33 (heldout_034): steps=5 success=True
[hybrid-rollout] ep 34 (heldout_035): steps=6 success=True
[hybrid-rollout] ep 35 (heldout_036): steps=5 success=True
[hybrid-rollout] ep 36 (heldout_037): steps=2 success=False
[hybrid-rollout] ep 37 (heldout_038): steps=60 success=False
[hybrid-rollout] ep 38 (heldout_039): steps=6 success=True
[hybrid-rollout] ep 39 (heldout_040): steps=5 success=True
[hybrid-rollout] ep 40 (heldout_041): steps=6 success=True
[hybrid-rollout] ep 41 (heldout_042): steps=4 success=True
[hybrid-rollout] ep 42 (heldout_043): steps=4 success=True
[hybrid-rollout] ep 43 (heldout_044): steps=5 success=True
[hybrid-rollout] ep 44 (heldout_045): steps=5 success=True
[hybrid-rollout] ep 45 (heldout_046): steps=4 success=True
[hybrid-rollout] ep 46 (heldout_047): steps=6 success=True
[hybrid-rollout] ep 47 (heldout_048): steps=6 success=True
[hybrid-rollout] ep 48 (heldout_049): steps=5 success=True
[hybrid-rollout] ep 49 (heldout_050): steps=4 success=True
[hybrid-rollout] ep 50 (heldout_051): steps=4 success=True
[hybrid-rollout] ep 51 (heldout_052): steps=4 success=True
[hybrid-rollout] ep 52 (heldout_053): steps=6 success=True
[hybrid-rollout] ep 53 (heldout_054): steps=4 success=True
[hybrid-rollout] ep 54 (heldout_055): steps=60 success=False
[hybrid-rollout] ep 55 (heldout_056): steps=4 success=True
[hybrid-rollout] ep 56 (heldout_057): steps=4 success=True
[hybrid-rollout] ep 57 (heldout_058): steps=4 success=True
[hybrid-rollout] ep 58 (heldout_059): steps=7 success=True
[hybrid-rollout] ep 59 (heldout_060): steps=6 success=True
[hybrid-rollout] ep 60 (heldout_061): steps=5 success=True
[hybrid-rollout] ep 61 (heldout_062): steps=6 success=True
[hybrid-rollout] ep 62 (heldout_063): steps=5 success=True
[hybrid-rollout] ep 63 (heldout_064): steps=4 success=True
[hybrid-rollout] ep 64 (heldout_065): steps=60 success=False
[hybrid-rollout] ep 65 (heldout_066): steps=6 success=True
[hybrid-rollout] ep 66 (heldout_067): steps=5 success=True
[hybrid-rollout] ep 67 (heldout_068): steps=4 success=True
[hybrid-rollout] ep 68 (heldout_069): steps=4 success=True
[hybrid-rollout] ep 69 (heldout_070): steps=60 success=False
[hybrid-rollout] ep 70 (heldout_071): steps=60 success=False
[hybrid-rollout] ep 71 (heldout_072): steps=5 success=True
[hybrid-rollout] ep 72 (heldout_073): steps=60 success=False
[hybrid-rollout] ep 73 (heldout_074): steps=4 success=True
[hybrid-rollout] ep 74 (heldout_075): steps=5 success=True
[hybrid-rollout] ep 75 (heldout_076): steps=3 success=False
[hybrid-rollout] ep 76 (heldout_077): steps=4 success=True
[hybrid-rollout] ep 77 (heldout_078): steps=3 success=False
[hybrid-rollout] ep 78 (heldout_079): steps=4 success=True
[hybrid-rollout] ep 79 (heldout_080): steps=4 success=True
[hybrid-rollout] ep 80 (heldout_081): steps=5 success=True
[hybrid-rollout] ep 81 (heldout_082): steps=5 success=True
[hybrid-rollout] ep 82 (heldout_083): steps=4 success=True
[hybrid-rollout] ep 83 (heldout_084): steps=1 success=False
[hybrid-rollout] ep 84 (heldout_085): steps=60 success=False
[hybrid-rollout] ep 85 (heldout_086): steps=60 success=False
[hybrid-rollout] ep 86 (heldout_087): steps=7 success=True
[hybrid-rollout] ep 87 (heldout_088): steps=4 success=True
[hybrid-rollout] ep 88 (heldout_089): steps=3 success=False
[hybrid-rollout] ep 89 (heldout_090): steps=4 success=True
[hybrid-rollout] ep 90 (heldout_091): steps=5 success=True
[hybrid-rollout] ep 91 (heldout_092): steps=60 success=False
[hybrid-rollout] ep 92 (heldout_093): steps=1 success=False
[hybrid-rollout] ep 93 (heldout_094): steps=6 success=True
[hybrid-rollout] ep 94 (heldout_095): steps=9 success=True
[hybrid-rollout] ep 95 (heldout_096): steps=5 success=True
[hybrid-rollout] ep 96 (heldout_097): steps=5 success=True
[hybrid-rollout] ep 97 (heldout_098): steps=5 success=True
[hybrid-rollout] ep 98 (heldout_099): steps=60 success=False
[hybrid-rollout] ep 99 (heldout_100): steps=8 success=True
[hybrid-rollout] ep 100 (heldout_101): steps=4 success=True
[hybrid-rollout] ep 101 (heldout_102): steps=4 success=True
[hybrid-rollout] ep 102 (heldout_103): steps=60 success=False
[hybrid-rollout] ep 103 (heldout_104): steps=6 success=True
[hybrid-rollout] ep 104 (heldout_105): steps=4 success=True
[hybrid-rollout] ep 105 (heldout_106): steps=6 success=True
[hybrid-rollout] ep 106 (heldout_107): steps=4 success=True
[hybrid-rollout] ep 107 (heldout_108): steps=4 success=True
[hybrid-rollout] ep 108 (heldout_109): steps=4 success=True
[hybrid-rollout] ep 109 (heldout_110): steps=4 success=True
[hybrid-rollout] ep 110 (heldout_111): steps=60 success=False
[hybrid-rollout] ep 111 (heldout_112): steps=5 success=True
[hybrid-rollout] ep 112 (heldout_113): steps=7 success=True
[hybrid-rollout] ep 113 (heldout_114): steps=4 success=True
[hybrid-rollout] ep 114 (heldout_115): steps=60 success=False
[hybrid-rollout] ep 115 (heldout_116): steps=5 success=True
[hybrid-rollout] ep 116 (heldout_117): steps=1 success=False
[hybrid-rollout] ep 117 (heldout_118): steps=60 success=False
[hybrid-rollout] ep 118 (heldout_119): steps=60 success=False
[hybrid-rollout] ep 119 (heldout_120): steps=7 success=True
[hybrid-rollout] ep 120 (heldout_121): steps=4 success=True
[hybrid-rollout] ep 121 (heldout_122): steps=4 success=True
[hybrid-rollout] ep 122 (heldout_123): steps=6 success=True
[hybrid-rollout] ep 123 (heldout_124): steps=60 success=False
[hybrid-rollout] ep 124 (heldout_125): steps=4 success=True
[hybrid-rollout] ep 125 (heldout_126): steps=4 success=True
[hybrid-rollout] ep 126 (heldout_127): steps=60 success=False
[hybrid-rollout] ep 127 (heldout_128): steps=7 success=True
[hybrid-rollout] ep 128 (heldout_129): steps=4 success=True
[hybrid-rollout] ep 129 (heldout_130): steps=4 success=True
[hybrid-rollout] ep 130 (heldout_131): steps=60 success=False
[hybrid-rollout] ep 131 (heldout_132): steps=4 success=True
[hybrid-rollout] ep 132 (heldout_133): steps=4 success=True
[hybrid-rollout] ep 133 (heldout_134): steps=7 success=True
[hybrid-rollout] ep 134 (heldout_135): steps=6 success=True
[hybrid-rollout] ep 135 (heldout_136): steps=5 success=True
[hybrid-rollout] ep 136 (heldout_137): steps=5 success=True
[hybrid-rollout] ep 137 (heldout_138): steps=4 success=True
[hybrid-rollout] ep 138 (heldout_139): steps=4 success=True
[hybrid-rollout] ep 139 (heldout_140): steps=5 success=True
[hybrid-rollout] ep 140 (heldout_141): steps=5 success=True
[hybrid-rollout] ep 141 (heldout_142): steps=4 success=True
[hybrid-rollout] ep 142 (heldout_143): steps=60 success=False
[hybrid-rollout] ep 143 (heldout_144): steps=4 success=True
[hybrid-rollout] ep 144 (heldout_145): steps=5 success=True
[hybrid-rollout] ep 145 (heldout_146): steps=7 success=True
[hybrid-rollout] ep 146 (heldout_147): steps=60 success=False
[hybrid-rollout] ep 147 (heldout_148): steps=60 success=False
[hybrid-rollout] ep 148 (heldout_149): steps=60 success=False
[hybrid-rollout] ep 149 (heldout_150): steps=4 success=True
[hybrid-rollout] ep 150 (heldout_151): steps=5 success=True
[hybrid-rollout] ep 151 (heldout_152): steps=6 success=True
[hybrid-rollout] ep 152 (heldout_153): steps=5 success=True
[hybrid-rollout] ep 153 (heldout_154): steps=60 success=False
[hybrid-rollout] ep 154 (heldout_155): steps=60 success=False
[hybrid-rollout] ep 155 (heldout_156): steps=4 success=False
[hybrid-rollout] ep 156 (heldout_157): steps=6 success=True
[hybrid-rollout] ep 157 (heldout_158): steps=60 success=False
[hybrid-rollout] ep 158 (heldout_159): steps=6 success=True
[hybrid-rollout] ep 159 (heldout_160): steps=60 success=False
[hybrid-rollout] ep 160 (heldout_161): steps=60 success=False
[hybrid-rollout] ep 161 (heldout_162): steps=5 success=True
[hybrid-rollout] ep 162 (heldout_163): steps=4 success=True
[hybrid-rollout] ep 163 (heldout_164): steps=6 success=True
[hybrid-rollout] ep 164 (heldout_165): steps=5 success=True
[hybrid-rollout] ep 165 (heldout_166): steps=4 success=True
[hybrid-rollout] ep 166 (heldout_167): steps=4 success=True
[hybrid-rollout] ep 167 (heldout_168): steps=4 success=True
[hybrid-rollout] ep 168 (heldout_169): steps=8 success=True
[hybrid-rollout] ep 169 (heldout_170): steps=5 success=False
[hybrid-rollout] ep 170 (heldout_171): steps=4 success=True
[hybrid-rollout] ep 171 (heldout_172): steps=5 success=True
[hybrid-rollout] ep 172 (heldout_173): steps=4 success=True
[hybrid-rollout] ep 173 (heldout_174): steps=60 success=False
[hybrid-rollout] ep 174 (heldout_175): steps=60 success=False
[hybrid-rollout] ep 175 (heldout_176): steps=6 success=True
[hybrid-rollout] ep 176 (heldout_177): steps=60 success=False
[hybrid-rollout] ep 177 (heldout_178): steps=5 success=True
[hybrid-rollout] ep 178 (heldout_179): steps=5 success=True
[hybrid-rollout] ep 179 (heldout_180): steps=4 success=True
[hybrid-rollout] ep 180 (heldout_181): steps=5 success=True
[hybrid-rollout] ep 181 (heldout_182): steps=4 success=True
[hybrid-rollout] ep 182 (heldout_183): steps=5 success=True
[hybrid-rollout] ep 183 (heldout_184): steps=7 success=True
[hybrid-rollout] ep 184 (heldout_185): steps=5 success=True
[hybrid-rollout] ep 185 (heldout_186): steps=4 success=True
[hybrid-rollout] ep 186 (heldout_187): steps=5 success=True
[hybrid-rollout] ep 187 (heldout_188): steps=5 success=True
[hybrid-rollout] ep 188 (heldout_189): steps=5 success=True
[hybrid-rollout] ep 189 (heldout_190): steps=7 success=True
[hybrid-rollout] ep 190 (heldout_191): steps=60 success=False
[hybrid-rollout] ep 191 (heldout_192): steps=7 success=True
[hybrid-rollout] ep 192 (heldout_193): steps=7 success=True
[hybrid-rollout] ep 193 (heldout_194): steps=60 success=False
[hybrid-rollout] ep 194 (heldout_195): steps=5 success=True
[hybrid-rollout] ep 195 (heldout_196): steps=4 success=True
[hybrid-rollout] ep 196 (heldout_197): steps=5 success=True
[hybrid-rollout] ep 197 (heldout_198): steps=60 success=False
[hybrid-rollout] ep 198 (heldout_199): steps=4 success=True
[hybrid-rollout] ep 199 (heldout_200): steps=4 success=True
[hybrid-rollout] DONE successes=150/200
[14:55:33] [iil-baseline] round 6: heldout_sr=0.750

--------------------------------------------------------------------------------
SAFE_DAGGER ROUND 7  (remaining budget = 9)
--------------------------------------------------------------------------------
[14:55:36] [iil-baseline] round 7: pool=20 successes=13 failures=7 correction_sr=0.650
[14:55:36] [iil-baseline] round 7: picked=1 saved=1 cum_extras=7/15
[14:55:36] [iil-baseline] $ /home/s226137394/.conda/envs/maze/bin/python3 -u -m Equivariant_pathway.equivariant_CNN_hybrid.baseline_vs_p4.pool_x_selector.trainer.finetune_replay --demo_dir /weka/s226137394/DmNfull/Equivariant_pathway/equivariant_CNN_hybrid/baseline_vs_p4/pool_x_selector/results/run_9/safe_dagger/demos --checkpoint_dir /weka/s226137394/DmNfull/Equivariant_pathway/equivariant_CNN_hybrid/baseline_vs_p4/pool_x_selector/results/run_9/safe_dagger/checkpoints --epochs 90 --batch_size 64 --lr 5e-05 --weight_decay 0.0001 --replay_mix 0.5 --replay_mix_floor 0.2 --seed 9 --resume --new_demos_dir /weka/s226137394/DmNfull/Equivariant_pathway/equivariant_CNN_hybrid/baseline_vs_p4/pool_x_selector/results/run_9/safe_dagger/demos/round_007
[finetune_replay] device=cuda demo_dir=/weka/s226137394/DmNfull/Equivariant_pathway/equivariant_CNN_hybrid/baseline_vs_p4/pool_x_selector/results/run_9/safe_dagger/demos new_demos_dir=/weka/s226137394/DmNfull/Equivariant_pathway/equivariant_CNN_hybrid/baseline_vs_p4/pool_x_selector/results/run_9/safe_dagger/demos/round_007
[hybrid-dataset] 26 demos -> 136 samples
[hybrid-dataset] 1 demos -> 4 samples
[finetune_replay] sampler audit: {'n_old_samples': 136, 'n_new_samples': 4, 'replay_mix_target': 0.5, 'replay_mix_effective': 0.5, 'replay_mix_floor': 0.2}
[finetune_replay] trainable params: 1,400,028
[finetune_replay] WARM START from last_hybrid_policy.pth
[finetune_replay] ep   1/90 | train loss=0.3512 top1=0.849 | val loss=0.1290 | t=0.8s  *
[finetune_replay] ep   2/90 | train loss=0.0669 top1=1.000 | val loss=0.0131 | t=0.1s  *
[finetune_replay] ep   3/90 | train loss=0.0199 top1=1.000 | val loss=0.0611 | t=0.1s
[finetune_replay] ep   4/90 | train loss=0.0137 top1=1.000 | val loss=0.0496 | t=0.1s
[finetune_replay] ep   5/90 | train loss=0.0315 top1=0.984 | val loss=0.0138 | t=0.1s
[finetune_replay] ep   6/90 | train loss=0.0087 top1=1.000 | val loss=0.0061 | t=0.2s  *
[finetune_replay] ep   7/90 | train loss=0.0111 top1=1.000 | val loss=0.0109 | t=0.1s
[finetune_replay] ep   8/90 | train loss=0.0110 top1=1.000 | val loss=0.0079 | t=0.1s
[finetune_replay] ep   9/90 | train loss=0.0069 top1=1.000 | val loss=0.0078 | t=0.1s
[finetune_replay] ep  10/90 | train loss=0.0086 top1=1.000 | val loss=0.0071 | t=0.1s
[finetune_replay] ep  11/90 | train loss=0.0059 top1=1.000 | val loss=0.0092 | t=0.1s
[finetune_replay] ep  12/90 | train loss=0.0084 top1=1.000 | val loss=0.0092 | t=0.1s
[finetune_replay] ep  13/90 | train loss=0.0110 top1=1.000 | val loss=0.0060 | t=0.1s  *
[finetune_replay] ep  14/90 | train loss=0.0032 top1=1.000 | val loss=0.0042 | t=0.1s  *
[finetune_replay] ep  15/90 | train loss=0.0042 top1=1.000 | val loss=0.0027 | t=0.1s  *
[finetune_replay] ep  16/90 | train loss=0.0023 top1=1.000 | val loss=0.0031 | t=0.1s
[finetune_replay] ep  17/90 | train loss=0.0034 top1=1.000 | val loss=0.0039 | t=0.1s
[finetune_replay] ep  18/90 | train loss=0.0024 top1=1.000 | val loss=0.0054 | t=0.1s
[finetune_replay] ep  19/90 | train loss=0.0026 top1=1.000 | val loss=0.0053 | t=0.1s
[finetune_replay] ep  20/90 | train loss=0.0026 top1=1.000 | val loss=0.0038 | t=0.1s
[finetune_replay] ep  21/90 | train loss=0.0018 top1=1.000 | val loss=0.0031 | t=0.1s
[finetune_replay] ep  22/90 | train loss=0.0014 top1=1.000 | val loss=0.0029 | t=0.1s
[finetune_replay] ep  23/90 | train loss=0.0015 top1=1.000 | val loss=0.0030 | t=0.1s
[finetune_replay] ep  24/90 | train loss=0.0012 top1=1.000 | val loss=0.0033 | t=0.1s
[finetune_replay] ep  25/90 | train loss=0.0016 top1=1.000 | val loss=0.0036 | t=0.1s
[finetune_replay] ep  26/90 | train loss=0.0016 top1=1.000 | val loss=0.0037 | t=0.1s
[finetune_replay] ep  27/90 | train loss=0.0011 top1=1.000 | val loss=0.0035 | t=0.1s
[finetune_replay] ep  28/90 | train loss=0.0023 top1=1.000 | val loss=0.0041 | t=0.1s
[finetune_replay] ep  29/90 | train loss=0.0011 top1=1.000 | val loss=0.0046 | t=0.1s
[finetune_replay] ep  30/90 | train loss=0.0014 top1=1.000 | val loss=0.0041 | t=0.1s
[finetune_replay] ep  31/90 | train loss=0.0013 top1=1.000 | val loss=0.0039 | t=0.1s
[finetune_replay] ep  32/90 | train loss=0.0021 top1=1.000 | val loss=0.0036 | t=0.1s
[finetune_replay] ep  33/90 | train loss=0.0010 top1=1.000 | val loss=0.0034 | t=0.1s
[finetune_replay] ep  34/90 | train loss=0.0013 top1=1.000 | val loss=0.0033 | t=0.1s
[finetune_replay] ep  35/90 | train loss=0.0010 top1=1.000 | val loss=0.0032 | t=0.1s
[finetune_replay] ep  36/90 | train loss=0.0014 top1=1.000 | val loss=0.0031 | t=0.1s
[finetune_replay] ep  37/90 | train loss=0.0014 top1=1.000 | val loss=0.0030 | t=0.1s
[finetune_replay] ep  38/90 | train loss=0.0011 top1=1.000 | val loss=0.0031 | t=0.1s
[finetune_replay] ep  39/90 | train loss=0.0015 top1=1.000 | val loss=0.0031 | t=0.1s
[finetune_replay] ep  40/90 | train loss=0.0011 top1=1.000 | val loss=0.0033 | t=0.1s
[finetune_replay] ep  41/90 | train loss=0.0017 top1=1.000 | val loss=0.0034 | t=0.1s
[finetune_replay] ep  42/90 | train loss=0.0010 top1=1.000 | val loss=0.0035 | t=0.1s
[finetune_replay] ep  43/90 | train loss=0.0008 top1=1.000 | val loss=0.0036 | t=0.1s
[finetune_replay] ep  44/90 | train loss=0.0010 top1=1.000 | val loss=0.0035 | t=0.1s
[finetune_replay] ep  45/90 | train loss=0.0011 top1=1.000 | val loss=0.0035 | t=0.1s
[finetune_replay] ep  46/90 | train loss=0.0009 top1=1.000 | val loss=0.0034 | t=0.1s
[finetune_replay] ep  47/90 | train loss=0.0010 top1=1.000 | val loss=0.0033 | t=0.1s
[finetune_replay] ep  48/90 | train loss=0.0008 top1=1.000 | val loss=0.0034 | t=0.1s
[finetune_replay] ep  49/90 | train loss=0.0011 top1=1.000 | val loss=0.0035 | t=0.1s
[finetune_replay] ep  50/90 | train loss=0.0011 top1=1.000 | val loss=0.0035 | t=0.1s
[finetune_replay] ep  51/90 | train loss=0.0009 top1=1.000 | val loss=0.0035 | t=0.1s
[finetune_replay] ep  52/90 | train loss=0.0010 top1=1.000 | val loss=0.0036 | t=0.1s
[finetune_replay] ep  53/90 | train loss=0.0010 top1=1.000 | val loss=0.0035 | t=0.1s
[finetune_replay] ep  54/90 | train loss=0.0009 top1=1.000 | val loss=0.0035 | t=0.1s
[finetune_replay] ep  55/90 | train loss=0.0010 top1=1.000 | val loss=0.0035 | t=0.1s
[finetune_replay] ep  56/90 | train loss=0.0009 top1=1.000 | val loss=0.0034 | t=0.1s
[finetune_replay] ep  57/90 | train loss=0.0010 top1=1.000 | val loss=0.0034 | t=0.1s
[finetune_replay] ep  58/90 | train loss=0.0008 top1=1.000 | val loss=0.0033 | t=0.1s
[finetune_replay] ep  59/90 | train loss=0.0007 top1=1.000 | val loss=0.0032 | t=0.1s
[finetune_replay] ep  60/90 | train loss=0.0008 top1=1.000 | val loss=0.0032 | t=0.1s
[finetune_replay] ep  61/90 | train loss=0.0012 top1=1.000 | val loss=0.0032 | t=0.1s
[finetune_replay] ep  62/90 | train loss=0.0008 top1=1.000 | val loss=0.0032 | t=0.1s
[finetune_replay] ep  63/90 | train loss=0.0011 top1=1.000 | val loss=0.0032 | t=0.1s
[finetune_replay] ep  64/90 | train loss=0.0008 top1=1.000 | val loss=0.0032 | t=0.1s
[finetune_replay] ep  65/90 | train loss=0.0009 top1=1.000 | val loss=0.0032 | t=0.1s
[finetune_replay] ep  66/90 | train loss=0.0011 top1=1.000 | val loss=0.0032 | t=0.1s
[finetune_replay] ep  67/90 | train loss=0.0007 top1=1.000 | val loss=0.0032 | t=0.1s
[finetune_replay] ep  68/90 | train loss=0.0007 top1=1.000 | val loss=0.0032 | t=0.1s
[finetune_replay] ep  69/90 | train loss=0.0008 top1=1.000 | val loss=0.0033 | t=0.1s
[finetune_replay] ep  70/90 | train loss=0.0009 top1=1.000 | val loss=0.0032 | t=0.1s
[finetune_replay] ep  71/90 | train loss=0.0008 top1=1.000 | val loss=0.0033 | t=0.1s
[finetune_replay] ep  72/90 | train loss=0.0010 top1=1.000 | val loss=0.0032 | t=0.1s
[finetune_replay] ep  73/90 | train loss=0.0007 top1=1.000 | val loss=0.0032 | t=0.1s
[finetune_replay] ep  74/90 | train loss=0.0008 top1=1.000 | val loss=0.0032 | t=0.1s
[finetune_replay] ep  75/90 | train loss=0.0008 top1=1.000 | val loss=0.0033 | t=0.1s
[finetune_replay] ep  76/90 | train loss=0.0007 top1=1.000 | val loss=0.0033 | t=0.1s
[finetune_replay] ep  77/90 | train loss=0.0009 top1=1.000 | val loss=0.0032 | t=0.1s
[finetune_replay] ep  78/90 | train loss=0.0007 top1=1.000 | val loss=0.0032 | t=0.1s
[finetune_replay] ep  79/90 | train loss=0.0007 top1=1.000 | val loss=0.0032 | t=0.1s
[finetune_replay] ep  80/90 | train loss=0.0010 top1=1.000 | val loss=0.0033 | t=0.1s
[finetune_replay] ep  81/90 | train loss=0.0010 top1=1.000 | val loss=0.0033 | t=0.1s
[finetune_replay] ep  82/90 | train loss=0.0007 top1=1.000 | val loss=0.0032 | t=0.1s
[finetune_replay] ep  83/90 | train loss=0.0010 top1=1.000 | val loss=0.0032 | t=0.1s
[finetune_replay] ep  84/90 | train loss=0.0007 top1=1.000 | val loss=0.0032 | t=0.1s
[finetune_replay] ep  85/90 | train loss=0.0006 top1=1.000 | val loss=0.0032 | t=0.1s
[finetune_replay] ep  86/90 | train loss=0.0008 top1=1.000 | val loss=0.0032 | t=0.1s
[finetune_replay] ep  87/90 | train loss=0.0009 top1=1.000 | val loss=0.0032 | t=0.1s
[finetune_replay] ep  88/90 | train loss=0.0009 top1=1.000 | val loss=0.0033 | t=0.1s
[finetune_replay] ep  89/90 | train loss=0.0008 top1=1.000 | val loss=0.0033 | t=0.1s
[finetune_replay] ep  90/90 | train loss=0.0007 top1=1.000 | val loss=0.0032 | t=0.1s
[finetune_replay] DONE best_val_loss=0.0027 @ epoch 15
[14:56:02] [bo-budget] $ /home/s226137394/.conda/envs/maze/bin/python3 -u -m Equivariant_pathway.equivariant_CNN_hybrid.rollout_test --checkpoint /weka/s226137394/DmNfull/Equivariant_pathway/equivariant_CNN_hybrid/baseline_vs_p4/pool_x_selector/results/run_9/safe_dagger/checkpoints/best_hybrid_policy.pth --layouts /weka/s226137394/DmNfull/Equivariant_pathway/equivariant_CNN_hybrid/baseline_vs_p4/shared/heldout_layouts.yaml --out_dir /weka/s226137394/DmNfull/Equivariant_pathway/equivariant_CNN_hybrid/baseline_vs_p4/pool_x_selector/results/run_9/safe_dagger/results/eval_round_007 --seed 16 --max_steps 60
[hybrid-rollout] 200 unique; running 200 eps
[hybrid-rollout] loaded /weka/s226137394/DmNfull/Equivariant_pathway/equivariant_CNN_hybrid/baseline_vs_p4/pool_x_selector/results/run_9/safe_dagger/checkpoints/best_hybrid_policy.pth
[hybrid-rollout] ep 0 (heldout_001): steps=5 success=True
[hybrid-rollout] ep 1 (heldout_002): steps=4 success=True
[hybrid-rollout] ep 2 (heldout_003): steps=4 success=True
[hybrid-rollout] ep 3 (heldout_004): steps=6 success=True
[hybrid-rollout] ep 4 (heldout_005): steps=5 success=True
[hybrid-rollout] ep 5 (heldout_006): steps=3 success=False
[hybrid-rollout] ep 6 (heldout_007): steps=5 success=True
[hybrid-rollout] ep 7 (heldout_008): steps=4 success=True
[hybrid-rollout] ep 8 (heldout_009): steps=60 success=False
[hybrid-rollout] ep 9 (heldout_010): steps=60 success=False
[hybrid-rollout] ep 10 (heldout_011): steps=4 success=True
[hybrid-rollout] ep 11 (heldout_012): steps=4 success=True
[hybrid-rollout] ep 12 (heldout_013): steps=5 success=True
[hybrid-rollout] ep 13 (heldout_014): steps=5 success=True
[hybrid-rollout] ep 14 (heldout_015): steps=4 success=True
[hybrid-rollout] ep 15 (heldout_016): steps=5 success=True
[hybrid-rollout] ep 16 (heldout_017): steps=4 success=True
[hybrid-rollout] ep 17 (heldout_018): steps=60 success=False
[hybrid-rollout] ep 18 (heldout_019): steps=5 success=True
[hybrid-rollout] ep 19 (heldout_020): steps=5 success=True
[hybrid-rollout] ep 20 (heldout_021): steps=4 success=True
[hybrid-rollout] ep 21 (heldout_022): steps=60 success=False
[hybrid-rollout] ep 22 (heldout_023): steps=7 success=True
[hybrid-rollout] ep 23 (heldout_024): steps=60 success=False
[hybrid-rollout] ep 24 (heldout_025): steps=4 success=True
[hybrid-rollout] ep 25 (heldout_026): steps=4 success=True
[hybrid-rollout] ep 26 (heldout_027): steps=4 success=True
[hybrid-rollout] ep 27 (heldout_028): steps=4 success=True
[hybrid-rollout] ep 28 (heldout_029): steps=5 success=True
[hybrid-rollout] ep 29 (heldout_030): steps=60 success=False
[hybrid-rollout] ep 30 (heldout_031): steps=5 success=True
[hybrid-rollout] ep 31 (heldout_032): steps=7 success=True
[hybrid-rollout] ep 32 (heldout_033): steps=4 success=True
[hybrid-rollout] ep 33 (heldout_034): steps=5 success=True
[hybrid-rollout] ep 34 (heldout_035): steps=6 success=True
[hybrid-rollout] ep 35 (heldout_036): steps=5 success=True
[hybrid-rollout] ep 36 (heldout_037): steps=2 success=False
[hybrid-rollout] ep 37 (heldout_038): steps=5 success=True
[hybrid-rollout] ep 38 (heldout_039): steps=6 success=True
[hybrid-rollout] ep 39 (heldout_040): steps=5 success=True
[hybrid-rollout] ep 40 (heldout_041): steps=6 success=True
[hybrid-rollout] ep 41 (heldout_042): steps=4 success=True
[hybrid-rollout] ep 42 (heldout_043): steps=4 success=True
[hybrid-rollout] ep 43 (heldout_044): steps=5 success=True
[hybrid-rollout] ep 44 (heldout_045): steps=5 success=True
[hybrid-rollout] ep 45 (heldout_046): steps=4 success=True
[hybrid-rollout] ep 46 (heldout_047): steps=6 success=True
[hybrid-rollout] ep 47 (heldout_048): steps=6 success=True
[hybrid-rollout] ep 48 (heldout_049): steps=5 success=True
[hybrid-rollout] ep 49 (heldout_050): steps=4 success=True
[hybrid-rollout] ep 50 (heldout_051): steps=4 success=True
[hybrid-rollout] ep 51 (heldout_052): steps=4 success=True
[hybrid-rollout] ep 52 (heldout_053): steps=6 success=True
[hybrid-rollout] ep 53 (heldout_054): steps=4 success=True
[hybrid-rollout] ep 54 (heldout_055): steps=60 success=False
[hybrid-rollout] ep 55 (heldout_056): steps=4 success=True
[hybrid-rollout] ep 56 (heldout_057): steps=4 success=True
[hybrid-rollout] ep 57 (heldout_058): steps=4 success=True
[hybrid-rollout] ep 58 (heldout_059): steps=5 success=True
[hybrid-rollout] ep 59 (heldout_060): steps=6 success=True
[hybrid-rollout] ep 60 (heldout_061): steps=5 success=True
[hybrid-rollout] ep 61 (heldout_062): steps=6 success=True
[hybrid-rollout] ep 62 (heldout_063): steps=5 success=True
[hybrid-rollout] ep 63 (heldout_064): steps=4 success=True
[hybrid-rollout] ep 64 (heldout_065): steps=60 success=False
[hybrid-rollout] ep 65 (heldout_066): steps=6 success=True
[hybrid-rollout] ep 66 (heldout_067): steps=5 success=True
[hybrid-rollout] ep 67 (heldout_068): steps=4 success=True
[hybrid-rollout] ep 68 (heldout_069): steps=4 success=True
[hybrid-rollout] ep 69 (heldout_070): steps=60 success=False
[hybrid-rollout] ep 70 (heldout_071): steps=5 success=True
[hybrid-rollout] ep 71 (heldout_072): steps=5 success=True
[hybrid-rollout] ep 72 (heldout_073): steps=3 success=False
[hybrid-rollout] ep 73 (heldout_074): steps=4 success=True
[hybrid-rollout] ep 74 (heldout_075): steps=5 success=True
[hybrid-rollout] ep 75 (heldout_076): steps=60 success=False
[hybrid-rollout] ep 76 (heldout_077): steps=4 success=True
[hybrid-rollout] ep 77 (heldout_078): steps=3 success=False
[hybrid-rollout] ep 78 (heldout_079): steps=4 success=True
[hybrid-rollout] ep 79 (heldout_080): steps=4 success=True
[hybrid-rollout] ep 80 (heldout_081): steps=5 success=True
[hybrid-rollout] ep 81 (heldout_082): steps=5 success=True
[hybrid-rollout] ep 82 (heldout_083): steps=4 success=True
[hybrid-rollout] ep 83 (heldout_084): steps=5 success=True
[hybrid-rollout] ep 84 (heldout_085): steps=60 success=False
[hybrid-rollout] ep 85 (heldout_086): steps=6 success=True
[hybrid-rollout] ep 86 (heldout_087): steps=7 success=True
[hybrid-rollout] ep 87 (heldout_088): steps=4 success=True
[hybrid-rollout] ep 88 (heldout_089): steps=3 success=False
[hybrid-rollout] ep 89 (heldout_090): steps=4 success=True
[hybrid-rollout] ep 90 (heldout_091): steps=5 success=True
[hybrid-rollout] ep 91 (heldout_092): steps=5 success=True
[hybrid-rollout] ep 92 (heldout_093): steps=6 success=True
[hybrid-rollout] ep 93 (heldout_094): steps=6 success=True
[hybrid-rollout] ep 94 (heldout_095): steps=7 success=True
[hybrid-rollout] ep 95 (heldout_096): steps=5 success=True
[hybrid-rollout] ep 96 (heldout_097): steps=5 success=True
[hybrid-rollout] ep 97 (heldout_098): steps=5 success=True
[hybrid-rollout] ep 98 (heldout_099): steps=60 success=False
[hybrid-rollout] ep 99 (heldout_100): steps=10 success=True
[hybrid-rollout] ep 100 (heldout_101): steps=4 success=True
[hybrid-rollout] ep 101 (heldout_102): steps=4 success=True
[hybrid-rollout] ep 102 (heldout_103): steps=60 success=False
[hybrid-rollout] ep 103 (heldout_104): steps=6 success=True
[hybrid-rollout] ep 104 (heldout_105): steps=6 success=True
[hybrid-rollout] ep 105 (heldout_106): steps=60 success=False
[hybrid-rollout] ep 106 (heldout_107): steps=4 success=True
[hybrid-rollout] ep 107 (heldout_108): steps=4 success=True
[hybrid-rollout] ep 108 (heldout_109): steps=4 success=True
[hybrid-rollout] ep 109 (heldout_110): steps=60 success=False
[hybrid-rollout] ep 110 (heldout_111): steps=60 success=False
[hybrid-rollout] ep 111 (heldout_112): steps=5 success=True
[hybrid-rollout] ep 112 (heldout_113): steps=7 success=True
[hybrid-rollout] ep 113 (heldout_114): steps=4 success=True
[hybrid-rollout] ep 114 (heldout_115): steps=4 success=True
[hybrid-rollout] ep 115 (heldout_116): steps=5 success=True
[hybrid-rollout] ep 116 (heldout_117): steps=1 success=False
[hybrid-rollout] ep 117 (heldout_118): steps=60 success=False
[hybrid-rollout] ep 118 (heldout_119): steps=60 success=False
[hybrid-rollout] ep 119 (heldout_120): steps=7 success=True
[hybrid-rollout] ep 120 (heldout_121): steps=60 success=False
[hybrid-rollout] ep 121 (heldout_122): steps=4 success=True
[hybrid-rollout] ep 122 (heldout_123): steps=6 success=True
[hybrid-rollout] ep 123 (heldout_124): steps=60 success=False
[hybrid-rollout] ep 124 (heldout_125): steps=4 success=True
[hybrid-rollout] ep 125 (heldout_126): steps=4 success=True
[hybrid-rollout] ep 126 (heldout_127): steps=60 success=False
[hybrid-rollout] ep 127 (heldout_128): steps=7 success=True
[hybrid-rollout] ep 128 (heldout_129): steps=4 success=True
[hybrid-rollout] ep 129 (heldout_130): steps=4 success=True
[hybrid-rollout] ep 130 (heldout_131): steps=6 success=True
[hybrid-rollout] ep 131 (heldout_132): steps=4 success=True
[hybrid-rollout] ep 132 (heldout_133): steps=4 success=True
[hybrid-rollout] ep 133 (heldout_134): steps=60 success=False
[hybrid-rollout] ep 134 (heldout_135): steps=6 success=True
[hybrid-rollout] ep 135 (heldout_136): steps=5 success=True
[hybrid-rollout] ep 136 (heldout_137): steps=5 success=True
[hybrid-rollout] ep 137 (heldout_138): steps=4 success=True
[hybrid-rollout] ep 138 (heldout_139): steps=4 success=True
[hybrid-rollout] ep 139 (heldout_140): steps=5 success=True
[hybrid-rollout] ep 140 (heldout_141): steps=5 success=True
[hybrid-rollout] ep 141 (heldout_142): steps=4 success=True
[hybrid-rollout] ep 142 (heldout_143): steps=10 success=True
[hybrid-rollout] ep 143 (heldout_144): steps=4 success=True
[hybrid-rollout] ep 144 (heldout_145): steps=5 success=True
[hybrid-rollout] ep 145 (heldout_146): steps=7 success=True
[hybrid-rollout] ep 146 (heldout_147): steps=60 success=False
[hybrid-rollout] ep 147 (heldout_148): steps=60 success=False
[hybrid-rollout] ep 148 (heldout_149): steps=60 success=False
[hybrid-rollout] ep 149 (heldout_150): steps=4 success=True
[hybrid-rollout] ep 150 (heldout_151): steps=5 success=True
[hybrid-rollout] ep 151 (heldout_152): steps=1 success=False
[hybrid-rollout] ep 152 (heldout_153): steps=5 success=True
[hybrid-rollout] ep 153 (heldout_154): steps=60 success=False
[hybrid-rollout] ep 154 (heldout_155): steps=6 success=True
[hybrid-rollout] ep 155 (heldout_156): steps=60 success=False
[hybrid-rollout] ep 156 (heldout_157): steps=4 success=True
[hybrid-rollout] ep 157 (heldout_158): steps=3 success=False
[hybrid-rollout] ep 158 (heldout_159): steps=6 success=True
[hybrid-rollout] ep 159 (heldout_160): steps=60 success=False
[hybrid-rollout] ep 160 (heldout_161): steps=60 success=False
[hybrid-rollout] ep 161 (heldout_162): steps=5 success=True
[hybrid-rollout] ep 162 (heldout_163): steps=4 success=True
[hybrid-rollout] ep 163 (heldout_164): steps=4 success=True
[hybrid-rollout] ep 164 (heldout_165): steps=5 success=True
[hybrid-rollout] ep 165 (heldout_166): steps=60 success=False
[hybrid-rollout] ep 166 (heldout_167): steps=4 success=True
[hybrid-rollout] ep 167 (heldout_168): steps=4 success=True
[hybrid-rollout] ep 168 (heldout_169): steps=60 success=False
[hybrid-rollout] ep 169 (heldout_170): steps=5 success=False
[hybrid-rollout] ep 170 (heldout_171): steps=4 success=True
[hybrid-rollout] ep 171 (heldout_172): steps=5 success=True
[hybrid-rollout] ep 172 (heldout_173): steps=4 success=True
[hybrid-rollout] ep 173 (heldout_174): steps=60 success=False
[hybrid-rollout] ep 174 (heldout_175): steps=5 success=True
[hybrid-rollout] ep 175 (heldout_176): steps=60 success=False
[hybrid-rollout] ep 176 (heldout_177): steps=6 success=True
[hybrid-rollout] ep 177 (heldout_178): steps=5 success=True
[hybrid-rollout] ep 178 (heldout_179): steps=5 success=True
[hybrid-rollout] ep 179 (heldout_180): steps=4 success=True
[hybrid-rollout] ep 180 (heldout_181): steps=5 success=True
[hybrid-rollout] ep 181 (heldout_182): steps=4 success=True
[hybrid-rollout] ep 182 (heldout_183): steps=60 success=False
[hybrid-rollout] ep 183 (heldout_184): steps=60 success=False
[hybrid-rollout] ep 184 (heldout_185): steps=5 success=True
[hybrid-rollout] ep 185 (heldout_186): steps=4 success=True
[hybrid-rollout] ep 186 (heldout_187): steps=5 success=True
[hybrid-rollout] ep 187 (heldout_188): steps=5 success=True
[hybrid-rollout] ep 188 (heldout_189): steps=5 success=True
[hybrid-rollout] ep 189 (heldout_190): steps=7 success=True
[hybrid-rollout] ep 190 (heldout_191): steps=4 success=True
[hybrid-rollout] ep 191 (heldout_192): steps=5 success=True
[hybrid-rollout] ep 192 (heldout_193): steps=60 success=False
[hybrid-rollout] ep 193 (heldout_194): steps=6 success=True
[hybrid-rollout] ep 194 (heldout_195): steps=5 success=True
[hybrid-rollout] ep 195 (heldout_196): steps=4 success=True
[hybrid-rollout] ep 196 (heldout_197): steps=60 success=False
[hybrid-rollout] ep 197 (heldout_198): steps=60 success=False
[hybrid-rollout] ep 198 (heldout_199): steps=4 success=True
[hybrid-rollout] ep 199 (heldout_200): steps=4 success=True
[hybrid-rollout] DONE successes=153/200
[14:57:42] [iil-baseline] round 7: heldout_sr=0.765

--------------------------------------------------------------------------------
SAFE_DAGGER ROUND 8  (remaining budget = 8)
--------------------------------------------------------------------------------
[14:57:44] [iil-baseline] round 8: pool=20 successes=15 failures=5 correction_sr=0.750
[14:57:44] [iil-baseline] round 8: picked=1 saved=1 cum_extras=8/15
[14:57:44] [iil-baseline] $ /home/s226137394/.conda/envs/maze/bin/python3 -u -m Equivariant_pathway.equivariant_CNN_hybrid.baseline_vs_p4.pool_x_selector.trainer.finetune_replay --demo_dir /weka/s226137394/DmNfull/Equivariant_pathway/equivariant_CNN_hybrid/baseline_vs_p4/pool_x_selector/results/run_9/safe_dagger/demos --checkpoint_dir /weka/s226137394/DmNfull/Equivariant_pathway/equivariant_CNN_hybrid/baseline_vs_p4/pool_x_selector/results/run_9/safe_dagger/checkpoints --epochs 90 --batch_size 64 --lr 5e-05 --weight_decay 0.0001 --replay_mix 0.5 --replay_mix_floor 0.2 --seed 9 --resume --new_demos_dir /weka/s226137394/DmNfull/Equivariant_pathway/equivariant_CNN_hybrid/baseline_vs_p4/pool_x_selector/results/run_9/safe_dagger/demos/round_008
[finetune_replay] device=cuda demo_dir=/weka/s226137394/DmNfull/Equivariant_pathway/equivariant_CNN_hybrid/baseline_vs_p4/pool_x_selector/results/run_9/safe_dagger/demos new_demos_dir=/weka/s226137394/DmNfull/Equivariant_pathway/equivariant_CNN_hybrid/baseline_vs_p4/pool_x_selector/results/run_9/safe_dagger/demos/round_008
[hybrid-dataset] 27 demos -> 140 samples
[hybrid-dataset] 1 demos -> 4 samples
[finetune_replay] sampler audit: {'n_old_samples': 140, 'n_new_samples': 4, 'replay_mix_target': 0.5, 'replay_mix_effective': 0.5, 'replay_mix_floor': 0.2}
[finetune_replay] trainable params: 1,400,028
[finetune_replay] WARM START from last_hybrid_policy.pth
[finetune_replay] ep   1/90 | train loss=0.3447 top1=0.900 | val loss=0.0177 | t=2.0s  *
[finetune_replay] ep   2/90 | train loss=0.0271 top1=1.000 | val loss=0.0430 | t=0.2s
[finetune_replay] ep   3/90 | train loss=0.0291 top1=1.000 | val loss=0.0590 | t=0.1s
[finetune_replay] ep   4/90 | train loss=0.0117 top1=1.000 | val loss=0.0250 | t=0.2s
[finetune_replay] ep   5/90 | train loss=0.0097 top1=1.000 | val loss=0.0131 | t=0.2s  *
[finetune_replay] ep   6/90 | train loss=0.0091 top1=1.000 | val loss=0.0037 | t=0.1s  *
[finetune_replay] ep   7/90 | train loss=0.0042 top1=1.000 | val loss=0.0021 | t=0.1s  *
[finetune_replay] ep   8/90 | train loss=0.0095 top1=1.000 | val loss=0.0020 | t=0.1s  *
[finetune_replay] ep   9/90 | train loss=0.0041 top1=1.000 | val loss=0.0030 | t=0.1s
[finetune_replay] ep  10/90 | train loss=0.0037 top1=1.000 | val loss=0.0030 | t=0.2s
[finetune_replay] ep  11/90 | train loss=0.0028 top1=1.000 | val loss=0.0044 | t=0.1s
[finetune_replay] ep  12/90 | train loss=0.0025 top1=1.000 | val loss=0.0051 | t=0.1s
[finetune_replay] ep  13/90 | train loss=0.0022 top1=1.000 | val loss=0.0060 | t=0.2s
[finetune_replay] ep  14/90 | train loss=0.0022 top1=1.000 | val loss=0.0049 | t=0.1s
[finetune_replay] ep  15/90 | train loss=0.0020 top1=1.000 | val loss=0.0030 | t=0.2s
[finetune_replay] ep  16/90 | train loss=0.0018 top1=1.000 | val loss=0.0029 | t=0.1s
[finetune_replay] ep  17/90 | train loss=0.0018 top1=1.000 | val loss=0.0028 | t=0.1s
[finetune_replay] ep  18/90 | train loss=0.0016 top1=1.000 | val loss=0.0028 | t=0.1s
[finetune_replay] ep  19/90 | train loss=0.0013 top1=1.000 | val loss=0.0025 | t=0.1s
[finetune_replay] ep  20/90 | train loss=0.0017 top1=1.000 | val loss=0.0022 | t=0.1s
[finetune_replay] ep  21/90 | train loss=0.0016 top1=1.000 | val loss=0.0021 | t=0.1s
[finetune_replay] ep  22/90 | train loss=0.0015 top1=1.000 | val loss=0.0155 | t=0.2s
[finetune_replay] ep  23/90 | train loss=0.0044 top1=1.000 | val loss=0.0023 | t=0.1s
[finetune_replay] ep  24/90 | train loss=0.0018 top1=1.000 | val loss=0.0024 | t=0.1s
[finetune_replay] ep  25/90 | train loss=0.0033 top1=1.000 | val loss=0.0022 | t=0.2s
[finetune_replay] ep  26/90 | train loss=0.0012 top1=1.000 | val loss=0.0031 | t=0.1s
[finetune_replay] ep  27/90 | train loss=0.0019 top1=1.000 | val loss=0.0148 | t=0.1s
[finetune_replay] ep  28/90 | train loss=0.0034 top1=1.000 | val loss=0.0071 | t=0.1s
[finetune_replay] ep  29/90 | train loss=0.0020 top1=1.000 | val loss=0.0024 | t=0.2s
[finetune_replay] ep  30/90 | train loss=0.0014 top1=1.000 | val loss=0.0022 | t=0.2s
[finetune_replay] ep  31/90 | train loss=0.0029 top1=1.000 | val loss=0.0016 | t=0.1s  *
[finetune_replay] ep  32/90 | train loss=0.0013 top1=1.000 | val loss=0.0015 | t=0.1s  *
[finetune_replay] ep  33/90 | train loss=0.0011 top1=1.000 | val loss=0.0023 | t=0.1s
[finetune_replay] ep  34/90 | train loss=0.0012 top1=1.000 | val loss=0.0036 | t=0.2s
[finetune_replay] ep  35/90 | train loss=0.0012 top1=1.000 | val loss=0.0031 | t=0.2s
[finetune_replay] ep  36/90 | train loss=0.0011 top1=1.000 | val loss=0.0023 | t=0.2s
[finetune_replay] ep  37/90 | train loss=0.0011 top1=1.000 | val loss=0.0020 | t=0.1s
[finetune_replay] ep  38/90 | train loss=0.0009 top1=1.000 | val loss=0.0019 | t=0.1s
[finetune_replay] ep  39/90 | train loss=0.0011 top1=1.000 | val loss=0.0019 | t=0.1s
[finetune_replay] ep  40/90 | train loss=0.0010 top1=1.000 | val loss=0.0018 | t=0.1s
[finetune_replay] ep  41/90 | train loss=0.0008 top1=1.000 | val loss=0.0016 | t=0.2s
[finetune_replay] ep  42/90 | train loss=0.0009 top1=1.000 | val loss=0.0016 | t=0.1s
[finetune_replay] ep  43/90 | train loss=0.0010 top1=1.000 | val loss=0.0017 | t=0.1s
[finetune_replay] ep  44/90 | train loss=0.0010 top1=1.000 | val loss=0.0018 | t=0.1s
[finetune_replay] ep  45/90 | train loss=0.0009 top1=1.000 | val loss=0.0029 | t=0.2s
[finetune_replay] ep  46/90 | train loss=0.0015 top1=1.000 | val loss=0.0026 | t=0.1s
[finetune_replay] ep  47/90 | train loss=0.0014 top1=1.000 | val loss=0.0023 | t=0.1s
[finetune_replay] ep  48/90 | train loss=0.0009 top1=1.000 | val loss=0.0028 | t=0.1s
[finetune_replay] ep  49/90 | train loss=0.0010 top1=1.000 | val loss=0.0030 | t=0.1s
[finetune_replay] ep  50/90 | train loss=0.0009 top1=1.000 | val loss=0.0029 | t=0.1s
[finetune_replay] ep  51/90 | train loss=0.0010 top1=1.000 | val loss=0.0025 | t=0.1s
[finetune_replay] ep  52/90 | train loss=0.0010 top1=1.000 | val loss=0.0022 | t=0.1s
[finetune_replay] ep  53/90 | train loss=0.0008 top1=1.000 | val loss=0.0019 | t=0.1s
[finetune_replay] ep  54/90 | train loss=0.0007 top1=1.000 | val loss=0.0018 | t=0.2s
[finetune_replay] ep  55/90 | train loss=0.0008 top1=1.000 | val loss=0.0019 | t=0.2s
[finetune_replay] ep  56/90 | train loss=0.0008 top1=1.000 | val loss=0.0022 | t=0.1s
[finetune_replay] ep  57/90 | train loss=0.0007 top1=1.000 | val loss=0.0026 | t=0.1s
[finetune_replay] ep  58/90 | train loss=0.0010 top1=1.000 | val loss=0.0030 | t=0.1s
[finetune_replay] ep  59/90 | train loss=0.0007 top1=1.000 | val loss=0.0032 | t=0.1s
[finetune_replay] ep  60/90 | train loss=0.0007 top1=1.000 | val loss=0.0031 | t=0.1s
[finetune_replay] ep  61/90 | train loss=0.0006 top1=1.000 | val loss=0.0027 | t=0.1s
[finetune_replay] ep  62/90 | train loss=0.0009 top1=1.000 | val loss=0.0026 | t=0.1s
[finetune_replay] ep  63/90 | train loss=0.0010 top1=1.000 | val loss=0.0023 | t=0.1s
[finetune_replay] ep  64/90 | train loss=0.0008 top1=1.000 | val loss=0.0022 | t=0.1s
[finetune_replay] ep  65/90 | train loss=0.0007 top1=1.000 | val loss=0.0020 | t=0.1s
[finetune_replay] ep  66/90 | train loss=0.0010 top1=1.000 | val loss=0.0018 | t=0.1s
[finetune_replay] ep  67/90 | train loss=0.0008 top1=1.000 | val loss=0.0017 | t=0.1s
[finetune_replay] ep  68/90 | train loss=0.0007 top1=1.000 | val loss=0.0017 | t=0.1s
[finetune_replay] ep  69/90 | train loss=0.0008 top1=1.000 | val loss=0.0018 | t=0.1s
[finetune_replay] ep  70/90 | train loss=0.0007 top1=1.000 | val loss=0.0019 | t=0.1s
[finetune_replay] ep  71/90 | train loss=0.0007 top1=1.000 | val loss=0.0019 | t=0.1s
[finetune_replay] ep  72/90 | train loss=0.0008 top1=1.000 | val loss=0.0020 | t=0.1s
[finetune_replay] ep  73/90 | train loss=0.0006 top1=1.000 | val loss=0.0022 | t=0.1s
[finetune_replay] ep  74/90 | train loss=0.0006 top1=1.000 | val loss=0.0023 | t=0.1s
[finetune_replay] ep  75/90 | train loss=0.0008 top1=1.000 | val loss=0.0024 | t=0.1s
[finetune_replay] ep  76/90 | train loss=0.0007 top1=1.000 | val loss=0.0024 | t=0.1s
[finetune_replay] ep  77/90 | train loss=0.0007 top1=1.000 | val loss=0.0023 | t=0.1s
[finetune_replay] ep  78/90 | train loss=0.0006 top1=1.000 | val loss=0.0023 | t=0.1s
[finetune_replay] ep  79/90 | train loss=0.0008 top1=1.000 | val loss=0.0023 | t=0.1s
[finetune_replay] ep  80/90 | train loss=0.0006 top1=1.000 | val loss=0.0022 | t=0.1s
[finetune_replay] ep  81/90 | train loss=0.0006 top1=1.000 | val loss=0.0022 | t=0.2s
[finetune_replay] ep  82/90 | train loss=0.0006 top1=1.000 | val loss=0.0022 | t=0.1s
[finetune_replay] ep  83/90 | train loss=0.0008 top1=1.000 | val loss=0.0022 | t=0.1s
[finetune_replay] ep  84/90 | train loss=0.0007 top1=1.000 | val loss=0.0022 | t=0.1s
[finetune_replay] ep  85/90 | train loss=0.0007 top1=1.000 | val loss=0.0022 | t=0.1s
[finetune_replay] ep  86/90 | train loss=0.0006 top1=1.000 | val loss=0.0022 | t=0.1s
[finetune_replay] ep  87/90 | train loss=0.0006 top1=1.000 | val loss=0.0022 | t=0.1s
[finetune_replay] ep  88/90 | train loss=0.0007 top1=1.000 | val loss=0.0022 | t=0.2s
[finetune_replay] ep  89/90 | train loss=0.0008 top1=1.000 | val loss=0.0022 | t=0.1s
[finetune_replay] ep  90/90 | train loss=0.0009 top1=1.000 | val loss=0.0021 | t=0.1s
[finetune_replay] DONE best_val_loss=0.0015 @ epoch 32
[14:58:16] [bo-budget] $ /home/s226137394/.conda/envs/maze/bin/python3 -u -m Equivariant_pathway.equivariant_CNN_hybrid.rollout_test --checkpoint /weka/s226137394/DmNfull/Equivariant_pathway/equivariant_CNN_hybrid/baseline_vs_p4/pool_x_selector/results/run_9/safe_dagger/checkpoints/best_hybrid_policy.pth --layouts /weka/s226137394/DmNfull/Equivariant_pathway/equivariant_CNN_hybrid/baseline_vs_p4/shared/heldout_layouts.yaml --out_dir /weka/s226137394/DmNfull/Equivariant_pathway/equivariant_CNN_hybrid/baseline_vs_p4/pool_x_selector/results/run_9/safe_dagger/results/eval_round_008 --seed 17 --max_steps 60
[hybrid-rollout] 200 unique; running 200 eps
[hybrid-rollout] loaded /weka/s226137394/DmNfull/Equivariant_pathway/equivariant_CNN_hybrid/baseline_vs_p4/pool_x_selector/results/run_9/safe_dagger/checkpoints/best_hybrid_policy.pth
[hybrid-rollout] ep 0 (heldout_001): steps=5 success=True
[hybrid-rollout] ep 1 (heldout_002): steps=4 success=True
[hybrid-rollout] ep 2 (heldout_003): steps=4 success=True
[hybrid-rollout] ep 3 (heldout_004): steps=6 success=True
[hybrid-rollout] ep 4 (heldout_005): steps=5 success=True
[hybrid-rollout] ep 5 (heldout_006): steps=3 success=False
[hybrid-rollout] ep 6 (heldout_007): steps=5 success=True
[hybrid-rollout] ep 7 (heldout_008): steps=4 success=True
[hybrid-rollout] ep 8 (heldout_009): steps=6 success=True
[hybrid-rollout] ep 9 (heldout_010): steps=60 success=False
[hybrid-rollout] ep 10 (heldout_011): steps=4 success=True
[hybrid-rollout] ep 11 (heldout_012): steps=4 success=True
[hybrid-rollout] ep 12 (heldout_013): steps=5 success=True
[hybrid-rollout] ep 13 (heldout_014): steps=5 success=True
[hybrid-rollout] ep 14 (heldout_015): steps=4 success=True
[hybrid-rollout] ep 15 (heldout_016): steps=5 success=True
[hybrid-rollout] ep 16 (heldout_017): steps=4 success=True
[hybrid-rollout] ep 17 (heldout_018): steps=60 success=False
[hybrid-rollout] ep 18 (heldout_019): steps=60 success=False
[hybrid-rollout] ep 19 (heldout_020): steps=60 success=False
[hybrid-rollout] ep 20 (heldout_021): steps=4 success=True
[hybrid-rollout] ep 21 (heldout_022): steps=4 success=True
[hybrid-rollout] ep 22 (heldout_023): steps=7 success=True
[hybrid-rollout] ep 23 (heldout_024): steps=60 success=False
[hybrid-rollout] ep 24 (heldout_025): steps=4 success=True
[hybrid-rollout] ep 25 (heldout_026): steps=4 success=True
[hybrid-rollout] ep 26 (heldout_027): steps=4 success=True
[hybrid-rollout] ep 27 (heldout_028): steps=4 success=True
[hybrid-rollout] ep 28 (heldout_029): steps=5 success=True
[hybrid-rollout] ep 29 (heldout_030): steps=60 success=False
[hybrid-rollout] ep 30 (heldout_031): steps=5 success=True
[hybrid-rollout] ep 31 (heldout_032): steps=5 success=True
[hybrid-rollout] ep 32 (heldout_033): steps=4 success=True
[hybrid-rollout] ep 33 (heldout_034): steps=60 success=False
[hybrid-rollout] ep 34 (heldout_035): steps=6 success=True
[hybrid-rollout] ep 35 (heldout_036): steps=5 success=True
[hybrid-rollout] ep 36 (heldout_037): steps=4 success=True
[hybrid-rollout] ep 37 (heldout_038): steps=5 success=True
[hybrid-rollout] ep 38 (heldout_039): steps=6 success=True
[hybrid-rollout] ep 39 (heldout_040): steps=5 success=True
[hybrid-rollout] ep 40 (heldout_041): steps=6 success=True
[hybrid-rollout] ep 41 (heldout_042): steps=4 success=True
[hybrid-rollout] ep 42 (heldout_043): steps=4 success=True
[hybrid-rollout] ep 43 (heldout_044): steps=5 success=True
[hybrid-rollout] ep 44 (heldout_045): steps=5 success=True
[hybrid-rollout] ep 45 (heldout_046): steps=4 success=True
[hybrid-rollout] ep 46 (heldout_047): steps=60 success=False
[hybrid-rollout] ep 47 (heldout_048): steps=6 success=True
[hybrid-rollout] ep 48 (heldout_049): steps=5 success=True
[hybrid-rollout] ep 49 (heldout_050): steps=4 success=True
[hybrid-rollout] ep 50 (heldout_051): steps=4 success=True
[hybrid-rollout] ep 51 (heldout_052): steps=4 success=True
[hybrid-rollout] ep 52 (heldout_053): steps=6 success=True
[hybrid-rollout] ep 53 (heldout_054): steps=4 success=True
[hybrid-rollout] ep 54 (heldout_055): steps=60 success=False
[hybrid-rollout] ep 55 (heldout_056): steps=4 success=True
[hybrid-rollout] ep 56 (heldout_057): steps=4 success=True
[hybrid-rollout] ep 57 (heldout_058): steps=4 success=True
[hybrid-rollout] ep 58 (heldout_059): steps=5 success=True
[hybrid-rollout] ep 59 (heldout_060): steps=6 success=True
[hybrid-rollout] ep 60 (heldout_061): steps=5 success=True
[hybrid-rollout] ep 61 (heldout_062): steps=6 success=True
[hybrid-rollout] ep 62 (heldout_063): steps=5 success=True
[hybrid-rollout] ep 63 (heldout_064): steps=4 success=True
[hybrid-rollout] ep 64 (heldout_065): steps=7 success=True
[hybrid-rollout] ep 65 (heldout_066): steps=6 success=True
[hybrid-rollout] ep 66 (heldout_067): steps=5 success=True
[hybrid-rollout] ep 67 (heldout_068): steps=4 success=True
[hybrid-rollout] ep 68 (heldout_069): steps=4 success=True
[hybrid-rollout] ep 69 (heldout_070): steps=60 success=False
[hybrid-rollout] ep 70 (heldout_071): steps=5 success=True
[hybrid-rollout] ep 71 (heldout_072): steps=5 success=True
[hybrid-rollout] ep 72 (heldout_073): steps=60 success=False
[hybrid-rollout] ep 73 (heldout_074): steps=4 success=True
[hybrid-rollout] ep 74 (heldout_075): steps=5 success=True
[hybrid-rollout] ep 75 (heldout_076): steps=60 success=False
[hybrid-rollout] ep 76 (heldout_077): steps=4 success=True
[hybrid-rollout] ep 77 (heldout_078): steps=3 success=False
[hybrid-rollout] ep 78 (heldout_079): steps=4 success=True
[hybrid-rollout] ep 79 (heldout_080): steps=4 success=True
[hybrid-rollout] ep 80 (heldout_081): steps=5 success=True
[hybrid-rollout] ep 81 (heldout_082): steps=5 success=True
[hybrid-rollout] ep 82 (heldout_083): steps=4 success=True
[hybrid-rollout] ep 83 (heldout_084): steps=5 success=True
[hybrid-rollout] ep 84 (heldout_085): steps=60 success=False
[hybrid-rollout] ep 85 (heldout_086): steps=6 success=True
[hybrid-rollout] ep 86 (heldout_087): steps=3 success=False
[hybrid-rollout] ep 87 (heldout_088): steps=4 success=True
[hybrid-rollout] ep 88 (heldout_089): steps=3 success=False
[hybrid-rollout] ep 89 (heldout_090): steps=4 success=True
[hybrid-rollout] ep 90 (heldout_091): steps=5 success=True
[hybrid-rollout] ep 91 (heldout_092): steps=5 success=True
[hybrid-rollout] ep 92 (heldout_093): steps=6 success=True
[hybrid-rollout] ep 93 (heldout_094): steps=6 success=True
[hybrid-rollout] ep 94 (heldout_095): steps=7 success=True
[hybrid-rollout] ep 95 (heldout_096): steps=5 success=True
[hybrid-rollout] ep 96 (heldout_097): steps=5 success=True
[hybrid-rollout] ep 97 (heldout_098): steps=5 success=True
[hybrid-rollout] ep 98 (heldout_099): steps=60 success=False
[hybrid-rollout] ep 99 (heldout_100): steps=10 success=True
[hybrid-rollout] ep 100 (heldout_101): steps=4 success=True
[hybrid-rollout] ep 101 (heldout_102): steps=4 success=True
[hybrid-rollout] ep 102 (heldout_103): steps=60 success=False
[hybrid-rollout] ep 103 (heldout_104): steps=6 success=True
[hybrid-rollout] ep 104 (heldout_105): steps=6 success=True
[hybrid-rollout] ep 105 (heldout_106): steps=6 success=True
[hybrid-rollout] ep 106 (heldout_107): steps=4 success=True
[hybrid-rollout] ep 107 (heldout_108): steps=4 success=True
[hybrid-rollout] ep 108 (heldout_109): steps=4 success=True
[hybrid-rollout] ep 109 (heldout_110): steps=3 success=False
[hybrid-rollout] ep 110 (heldout_111): steps=60 success=False
[hybrid-rollout] ep 111 (heldout_112): steps=5 success=True
[hybrid-rollout] ep 112 (heldout_113): steps=5 success=True
[hybrid-rollout] ep 113 (heldout_114): steps=4 success=True
[hybrid-rollout] ep 114 (heldout_115): steps=4 success=True
[hybrid-rollout] ep 115 (heldout_116): steps=5 success=True
[hybrid-rollout] ep 116 (heldout_117): steps=1 success=False
[hybrid-rollout] ep 117 (heldout_118): steps=60 success=False
[hybrid-rollout] ep 118 (heldout_119): steps=4 success=True
[hybrid-rollout] ep 119 (heldout_120): steps=60 success=False
[hybrid-rollout] ep 120 (heldout_121): steps=4 success=True
[hybrid-rollout] ep 121 (heldout_122): steps=4 success=True
[hybrid-rollout] ep 122 (heldout_123): steps=6 success=True
[hybrid-rollout] ep 123 (heldout_124): steps=60 success=False
[hybrid-rollout] ep 124 (heldout_125): steps=4 success=True
[hybrid-rollout] ep 125 (heldout_126): steps=4 success=True
[hybrid-rollout] ep 126 (heldout_127): steps=60 success=False
[hybrid-rollout] ep 127 (heldout_128): steps=7 success=True
[hybrid-rollout] ep 128 (heldout_129): steps=4 success=True
[hybrid-rollout] ep 129 (heldout_130): steps=4 success=True
[hybrid-rollout] ep 130 (heldout_131): steps=6 success=True
[hybrid-rollout] ep 131 (heldout_132): steps=4 success=True
[hybrid-rollout] ep 132 (heldout_133): steps=4 success=True
[hybrid-rollout] ep 133 (heldout_134): steps=7 success=True
[hybrid-rollout] ep 134 (heldout_135): steps=6 success=True
[hybrid-rollout] ep 135 (heldout_136): steps=5 success=True
[hybrid-rollout] ep 136 (heldout_137): steps=5 success=True
[hybrid-rollout] ep 137 (heldout_138): steps=4 success=True
[hybrid-rollout] ep 138 (heldout_139): steps=4 success=True
[hybrid-rollout] ep 139 (heldout_140): steps=5 success=True
[hybrid-rollout] ep 140 (heldout_141): steps=5 success=True
[hybrid-rollout] ep 141 (heldout_142): steps=4 success=True
[hybrid-rollout] ep 142 (heldout_143): steps=6 success=True
[hybrid-rollout] ep 143 (heldout_144): steps=4 success=True
[hybrid-rollout] ep 144 (heldout_145): steps=5 success=True
[hybrid-rollout] ep 145 (heldout_146): steps=7 success=True
[hybrid-rollout] ep 146 (heldout_147): steps=4 success=True
[hybrid-rollout] ep 147 (heldout_148): steps=60 success=False
[hybrid-rollout] ep 148 (heldout_149): steps=5 success=True
[hybrid-rollout] ep 149 (heldout_150): steps=4 success=True
[hybrid-rollout] ep 150 (heldout_151): steps=5 success=True
[hybrid-rollout] ep 151 (heldout_152): steps=6 success=True
[hybrid-rollout] ep 152 (heldout_153): steps=5 success=True
[hybrid-rollout] ep 153 (heldout_154): steps=60 success=False
[hybrid-rollout] ep 154 (heldout_155): steps=60 success=False
[hybrid-rollout] ep 155 (heldout_156): steps=60 success=False
[hybrid-rollout] ep 156 (heldout_157): steps=4 success=True
[hybrid-rollout] ep 157 (heldout_158): steps=3 success=False
[hybrid-rollout] ep 158 (heldout_159): steps=6 success=True
[hybrid-rollout] ep 159 (heldout_160): steps=60 success=False
[hybrid-rollout] ep 160 (heldout_161): steps=60 success=False
[hybrid-rollout] ep 161 (heldout_162): steps=5 success=True
[hybrid-rollout] ep 162 (heldout_163): steps=4 success=True
[hybrid-rollout] ep 163 (heldout_164): steps=6 success=True
[hybrid-rollout] ep 164 (heldout_165): steps=5 success=True
[hybrid-rollout] ep 165 (heldout_166): steps=4 success=True
[hybrid-rollout] ep 166 (heldout_167): steps=60 success=False
[hybrid-rollout] ep 167 (heldout_168): steps=4 success=True
[hybrid-rollout] ep 168 (heldout_169): steps=8 success=True
[hybrid-rollout] ep 169 (heldout_170): steps=5 success=False
[hybrid-rollout] ep 170 (heldout_171): steps=4 success=True
[hybrid-rollout] ep 171 (heldout_172): steps=5 success=True
[hybrid-rollout] ep 172 (heldout_173): steps=4 success=True
[hybrid-rollout] ep 173 (heldout_174): steps=5 success=True
[hybrid-rollout] ep 174 (heldout_175): steps=60 success=False
[hybrid-rollout] ep 175 (heldout_176): steps=6 success=True
[hybrid-rollout] ep 176 (heldout_177): steps=6 success=True
[hybrid-rollout] ep 177 (heldout_178): steps=5 success=True
[hybrid-rollout] ep 178 (heldout_179): steps=5 success=True
[hybrid-rollout] ep 179 (heldout_180): steps=4 success=True
[hybrid-rollout] ep 180 (heldout_181): steps=5 success=True
[hybrid-rollout] ep 181 (heldout_182): steps=4 success=True
[hybrid-rollout] ep 182 (heldout_183): steps=5 success=True
[hybrid-rollout] ep 183 (heldout_184): steps=7 success=True
[hybrid-rollout] ep 184 (heldout_185): steps=5 success=True
[hybrid-rollout] ep 185 (heldout_186): steps=4 success=True
[hybrid-rollout] ep 186 (heldout_187): steps=5 success=True
[hybrid-rollout] ep 187 (heldout_188): steps=5 success=True
[hybrid-rollout] ep 188 (heldout_189): steps=5 success=True
[hybrid-rollout] ep 189 (heldout_190): steps=7 success=True
[hybrid-rollout] ep 190 (heldout_191): steps=4 success=True
[hybrid-rollout] ep 191 (heldout_192): steps=5 success=True
[hybrid-rollout] ep 192 (heldout_193): steps=7 success=True
[hybrid-rollout] ep 193 (heldout_194): steps=6 success=True
[hybrid-rollout] ep 194 (heldout_195): steps=5 success=True
[hybrid-rollout] ep 195 (heldout_196): steps=4 success=True
[hybrid-rollout] ep 196 (heldout_197): steps=5 success=True
[hybrid-rollout] ep 197 (heldout_198): steps=60 success=False
[hybrid-rollout] ep 198 (heldout_199): steps=4 success=True
[hybrid-rollout] ep 199 (heldout_200): steps=4 success=True
[hybrid-rollout] DONE successes=163/200
[14:59:42] [iil-baseline] round 8: heldout_sr=0.815

--------------------------------------------------------------------------------
SAFE_DAGGER ROUND 9  (remaining budget = 7)
--------------------------------------------------------------------------------
[14:59:46] [iil-baseline] round 9: pool=20 successes=16 failures=4 correction_sr=0.800
[14:59:46] [iil-baseline] round 9: picked=1 saved=1 cum_extras=9/15
[14:59:46] [iil-baseline] $ /home/s226137394/.conda/envs/maze/bin/python3 -u -m Equivariant_pathway.equivariant_CNN_hybrid.baseline_vs_p4.pool_x_selector.trainer.finetune_replay --demo_dir /weka/s226137394/DmNfull/Equivariant_pathway/equivariant_CNN_hybrid/baseline_vs_p4/pool_x_selector/results/run_9/safe_dagger/demos --checkpoint_dir /weka/s226137394/DmNfull/Equivariant_pathway/equivariant_CNN_hybrid/baseline_vs_p4/pool_x_selector/results/run_9/safe_dagger/checkpoints --epochs 90 --batch_size 64 --lr 5e-05 --weight_decay 0.0001 --replay_mix 0.5 --replay_mix_floor 0.2 --seed 9 --resume --new_demos_dir /weka/s226137394/DmNfull/Equivariant_pathway/equivariant_CNN_hybrid/baseline_vs_p4/pool_x_selector/results/run_9/safe_dagger/demos/round_009
[finetune_replay] device=cuda demo_dir=/weka/s226137394/DmNfull/Equivariant_pathway/equivariant_CNN_hybrid/baseline_vs_p4/pool_x_selector/results/run_9/safe_dagger/demos new_demos_dir=/weka/s226137394/DmNfull/Equivariant_pathway/equivariant_CNN_hybrid/baseline_vs_p4/pool_x_selector/results/run_9/safe_dagger/demos/round_009
[hybrid-dataset] 28 demos -> 144 samples
[hybrid-dataset] 1 demos -> 4 samples
[finetune_replay] sampler audit: {'n_old_samples': 144, 'n_new_samples': 4, 'replay_mix_target': 0.5, 'replay_mix_effective': 0.5, 'replay_mix_floor': 0.2}
[finetune_replay] trainable params: 1,400,028
[finetune_replay] WARM START from last_hybrid_policy.pth
[finetune_replay] ep   1/90 | train loss=0.1938 top1=0.933 | val loss=0.0101 | t=0.9s  *
[finetune_replay] ep   2/90 | train loss=0.0788 top1=1.000 | val loss=0.0018 | t=0.2s  *
[finetune_replay] ep   3/90 | train loss=0.0258 top1=1.000 | val loss=0.0028 | t=0.1s
[finetune_replay] ep   4/90 | train loss=0.0112 top1=1.000 | val loss=0.0038 | t=0.1s
[finetune_replay] ep   5/90 | train loss=0.0069 top1=1.000 | val loss=0.0032 | t=0.1s
[finetune_replay] ep   6/90 | train loss=0.0044 top1=1.000 | val loss=0.0024 | t=0.2s
[finetune_replay] ep   7/90 | train loss=0.0043 top1=1.000 | val loss=0.0026 | t=0.1s
[finetune_replay] ep   8/90 | train loss=0.0034 top1=1.000 | val loss=0.0027 | t=0.1s
[finetune_replay] ep   9/90 | train loss=0.0025 top1=1.000 | val loss=0.0028 | t=0.1s
[finetune_replay] ep  10/90 | train loss=0.0026 top1=1.000 | val loss=0.0032 | t=0.1s
[finetune_replay] ep  11/90 | train loss=0.0017 top1=1.000 | val loss=0.0040 | t=0.1s
[finetune_replay] ep  12/90 | train loss=0.0015 top1=1.000 | val loss=0.0042 | t=0.1s
[finetune_replay] ep  13/90 | train loss=0.0018 top1=1.000 | val loss=0.0040 | t=0.1s
[finetune_replay] ep  14/90 | train loss=0.0013 top1=1.000 | val loss=0.0045 | t=0.1s
[finetune_replay] ep  15/90 | train loss=0.0017 top1=1.000 | val loss=0.0038 | t=0.1s
[finetune_replay] ep  16/90 | train loss=0.0020 top1=1.000 | val loss=0.0033 | t=0.1s
[finetune_replay] ep  17/90 | train loss=0.0010 top1=1.000 | val loss=0.0040 | t=0.1s
[finetune_replay] ep  18/90 | train loss=0.0015 top1=1.000 | val loss=0.0027 | t=0.2s
[finetune_replay] ep  19/90 | train loss=0.0011 top1=1.000 | val loss=0.0030 | t=0.1s
[finetune_replay] ep  20/90 | train loss=0.0020 top1=1.000 | val loss=0.0026 | t=0.1s
[finetune_replay] ep  21/90 | train loss=0.0011 top1=1.000 | val loss=0.0032 | t=0.1s
[finetune_replay] ep  22/90 | train loss=0.0012 top1=1.000 | val loss=0.0068 | t=0.1s
[finetune_replay] ep  23/90 | train loss=0.0012 top1=1.000 | val loss=0.0063 | t=0.1s
[finetune_replay] ep  24/90 | train loss=0.0015 top1=1.000 | val loss=0.0027 | t=0.1s
[finetune_replay] ep  25/90 | train loss=0.0008 top1=1.000 | val loss=0.0027 | t=0.1s
[finetune_replay] ep  26/90 | train loss=0.0013 top1=1.000 | val loss=0.0033 | t=0.1s
[finetune_replay] ep  27/90 | train loss=0.0015 top1=1.000 | val loss=0.0228 | t=0.1s
[finetune_replay] ep  28/90 | train loss=0.0074 top1=1.000 | val loss=0.0021 | t=0.1s
[finetune_replay] ep  29/90 | train loss=0.0034 top1=1.000 | val loss=0.0024 | t=0.1s
[finetune_replay] ep  30/90 | train loss=0.0011 top1=1.000 | val loss=0.0055 | t=0.1s
[finetune_replay] ep  31/90 | train loss=0.0017 top1=1.000 | val loss=0.0203 | t=0.1s
[finetune_replay] ep  32/90 | train loss=0.0012 top1=1.000 | val loss=0.0082 | t=0.1s
[finetune_replay] ep  33/90 | train loss=0.0008 top1=1.000 | val loss=0.0042 | t=0.1s
[finetune_replay] ep  34/90 | train loss=0.0009 top1=1.000 | val loss=0.0030 | t=0.1s
[finetune_replay] ep  35/90 | train loss=0.0011 top1=1.000 | val loss=0.0029 | t=0.1s
[finetune_replay] ep  36/90 | train loss=0.0012 top1=1.000 | val loss=0.0032 | t=0.1s
[finetune_replay] ep  37/90 | train loss=0.0010 top1=1.000 | val loss=0.0039 | t=0.1s
[finetune_replay] ep  38/90 | train loss=0.0009 top1=1.000 | val loss=0.0058 | t=0.2s
[finetune_replay] ep  39/90 | train loss=0.0007 top1=1.000 | val loss=0.0071 | t=0.1s
[finetune_replay] ep  40/90 | train loss=0.0009 top1=1.000 | val loss=0.0083 | t=0.1s
[finetune_replay] ep  41/90 | train loss=0.0008 top1=1.000 | val loss=0.0087 | t=0.1s
[finetune_replay] ep  42/90 | train loss=0.0008 top1=1.000 | val loss=0.0082 | t=0.2s
[finetune_replay] ep  43/90 | train loss=0.0007 top1=1.000 | val loss=0.0077 | t=0.1s
[finetune_replay] ep  44/90 | train loss=0.0008 top1=1.000 | val loss=0.0064 | t=0.1s
[finetune_replay] ep  45/90 | train loss=0.0008 top1=1.000 | val loss=0.0045 | t=0.1s
[finetune_replay] ep  46/90 | train loss=0.0007 top1=1.000 | val loss=0.0037 | t=0.1s
[finetune_replay] ep  47/90 | train loss=0.0008 top1=1.000 | val loss=0.0034 | t=0.1s
[finetune_replay] ep  48/90 | train loss=0.0007 top1=1.000 | val loss=0.0034 | t=0.1s
[finetune_replay] ep  49/90 | train loss=0.0007 top1=1.000 | val loss=0.0036 | t=0.2s
[finetune_replay] ep  50/90 | train loss=0.0007 top1=1.000 | val loss=0.0040 | t=0.1s
[finetune_replay] ep  51/90 | train loss=0.0007 top1=1.000 | val loss=0.0044 | t=0.1s
[finetune_replay] ep  52/90 | train loss=0.0006 top1=1.000 | val loss=0.0046 | t=0.1s
[finetune_replay] ep  53/90 | train loss=0.0007 top1=1.000 | val loss=0.0046 | t=0.1s
[finetune_replay] ep  54/90 | train loss=0.0005 top1=1.000 | val loss=0.0047 | t=0.1s
[finetune_replay] ep  55/90 | train loss=0.0005 top1=1.000 | val loss=0.0048 | t=0.1s
[finetune_replay] ep  56/90 | train loss=0.0005 top1=1.000 | val loss=0.0049 | t=0.2s
[finetune_replay] ep  57/90 | train loss=0.0005 top1=1.000 | val loss=0.0051 | t=0.1s
[finetune_replay] ep  58/90 | train loss=0.0006 top1=1.000 | val loss=0.0051 | t=0.1s
[finetune_replay] ep  59/90 | train loss=0.0007 top1=1.000 | val loss=0.0052 | t=0.1s
[finetune_replay] ep  60/90 | train loss=0.0008 top1=1.000 | val loss=0.0051 | t=0.1s
[finetune_replay] ep  61/90 | train loss=0.0007 top1=1.000 | val loss=0.0049 | t=0.1s
[finetune_replay] ep  62/90 | train loss=0.0006 top1=1.000 | val loss=0.0047 | t=0.1s
[finetune_replay] ep  63/90 | train loss=0.0006 top1=1.000 | val loss=0.0046 | t=0.1s
[finetune_replay] ep  64/90 | train loss=0.0007 top1=1.000 | val loss=0.0044 | t=0.1s
[finetune_replay] ep  65/90 | train loss=0.0006 top1=1.000 | val loss=0.0043 | t=0.1s
[finetune_replay] ep  66/90 | train loss=0.0006 top1=1.000 | val loss=0.0042 | t=0.1s
[finetune_replay] ep  67/90 | train loss=0.0006 top1=1.000 | val loss=0.0042 | t=0.2s
[finetune_replay] ep  68/90 | train loss=0.0006 top1=1.000 | val loss=0.0042 | t=0.1s
[finetune_replay] ep  69/90 | train loss=0.0006 top1=1.000 | val loss=0.0042 | t=0.1s
[finetune_replay] ep  70/90 | train loss=0.0006 top1=1.000 | val loss=0.0042 | t=0.1s
[finetune_replay] ep  71/90 | train loss=0.0004 top1=1.000 | val loss=0.0043 | t=0.1s
[finetune_replay] ep  72/90 | train loss=0.0007 top1=1.000 | val loss=0.0044 | t=0.1s
[finetune_replay] ep  73/90 | train loss=0.0006 top1=1.000 | val loss=0.0044 | t=0.1s
[finetune_replay] ep  74/90 | train loss=0.0005 top1=1.000 | val loss=0.0043 | t=0.2s
[finetune_replay] ep  75/90 | train loss=0.0005 top1=1.000 | val loss=0.0043 | t=0.1s
[finetune_replay] ep  76/90 | train loss=0.0006 top1=1.000 | val loss=0.0043 | t=0.1s
[finetune_replay] ep  77/90 | train loss=0.0006 top1=1.000 | val loss=0.0043 | t=0.1s
[finetune_replay] ep  78/90 | train loss=0.0008 top1=1.000 | val loss=0.0044 | t=0.2s
[finetune_replay] ep  79/90 | train loss=0.0005 top1=1.000 | val loss=0.0045 | t=0.1s
[finetune_replay] ep  80/90 | train loss=0.0004 top1=1.000 | val loss=0.0045 | t=0.1s
[finetune_replay] ep  81/90 | train loss=0.0006 top1=1.000 | val loss=0.0045 | t=0.1s
[finetune_replay] ep  82/90 | train loss=0.0005 top1=1.000 | val loss=0.0045 | t=0.1s
[finetune_replay] ep  83/90 | train loss=0.0006 top1=1.000 | val loss=0.0045 | t=0.1s
[finetune_replay] ep  84/90 | train loss=0.0005 top1=1.000 | val loss=0.0045 | t=0.1s
[finetune_replay] ep  85/90 | train loss=0.0006 top1=1.000 | val loss=0.0045 | t=0.1s
[finetune_replay] ep  86/90 | train loss=0.0007 top1=1.000 | val loss=0.0045 | t=0.1s
[finetune_replay] ep  87/90 | train loss=0.0005 top1=1.000 | val loss=0.0045 | t=0.2s
[finetune_replay] ep  88/90 | train loss=0.0006 top1=1.000 | val loss=0.0045 | t=0.1s
[finetune_replay] ep  89/90 | train loss=0.0005 top1=1.000 | val loss=0.0045 | t=0.1s
[finetune_replay] ep  90/90 | train loss=0.0007 top1=1.000 | val loss=0.0045 | t=0.2s
[finetune_replay] DONE best_val_loss=0.0018 @ epoch 2
[15:00:20] [bo-budget] $ /home/s226137394/.conda/envs/maze/bin/python3 -u -m Equivariant_pathway.equivariant_CNN_hybrid.rollout_test --checkpoint /weka/s226137394/DmNfull/Equivariant_pathway/equivariant_CNN_hybrid/baseline_vs_p4/pool_x_selector/results/run_9/safe_dagger/checkpoints/best_hybrid_policy.pth --layouts /weka/s226137394/DmNfull/Equivariant_pathway/equivariant_CNN_hybrid/baseline_vs_p4/shared/heldout_layouts.yaml --out_dir /weka/s226137394/DmNfull/Equivariant_pathway/equivariant_CNN_hybrid/baseline_vs_p4/pool_x_selector/results/run_9/safe_dagger/results/eval_round_009 --seed 18 --max_steps 60
[hybrid-rollout] 200 unique; running 200 eps
[hybrid-rollout] loaded /weka/s226137394/DmNfull/Equivariant_pathway/equivariant_CNN_hybrid/baseline_vs_p4/pool_x_selector/results/run_9/safe_dagger/checkpoints/best_hybrid_policy.pth
[hybrid-rollout] ep 0 (heldout_001): steps=5 success=True
[hybrid-rollout] ep 1 (heldout_002): steps=4 success=True
[hybrid-rollout] ep 2 (heldout_003): steps=4 success=True
[hybrid-rollout] ep 3 (heldout_004): steps=6 success=True
[hybrid-rollout] ep 4 (heldout_005): steps=5 success=True
[hybrid-rollout] ep 5 (heldout_006): steps=3 success=False
[hybrid-rollout] ep 6 (heldout_007): steps=5 success=True
[hybrid-rollout] ep 7 (heldout_008): steps=4 success=True
[hybrid-rollout] ep 8 (heldout_009): steps=6 success=True
[hybrid-rollout] ep 9 (heldout_010): steps=60 success=False
[hybrid-rollout] ep 10 (heldout_011): steps=4 success=True
[hybrid-rollout] ep 11 (heldout_012): steps=60 success=False
[hybrid-rollout] ep 12 (heldout_013): steps=5 success=True
[hybrid-rollout] ep 13 (heldout_014): steps=5 success=True
[hybrid-rollout] ep 14 (heldout_015): steps=4 success=True
[hybrid-rollout] ep 15 (heldout_016): steps=5 success=True
[hybrid-rollout] ep 16 (heldout_017): steps=4 success=True
[hybrid-rollout] ep 17 (heldout_018): steps=2 success=False
[hybrid-rollout] ep 18 (heldout_019): steps=5 success=True
[hybrid-rollout] ep 19 (heldout_020): steps=5 success=True
[hybrid-rollout] ep 20 (heldout_021): steps=4 success=True
[hybrid-rollout] ep 21 (heldout_022): steps=60 success=False
[hybrid-rollout] ep 22 (heldout_023): steps=7 success=True
[hybrid-rollout] ep 23 (heldout_024): steps=60 success=False
[hybrid-rollout] ep 24 (heldout_025): steps=4 success=True
[hybrid-rollout] ep 25 (heldout_026): steps=6 success=True
[hybrid-rollout] ep 26 (heldout_027): steps=4 success=True
[hybrid-rollout] ep 27 (heldout_028): steps=4 success=True
[hybrid-rollout] ep 28 (heldout_029): steps=5 success=True
[hybrid-rollout] ep 29 (heldout_030): steps=60 success=False
[hybrid-rollout] ep 30 (heldout_031): steps=5 success=True
[hybrid-rollout] ep 31 (heldout_032): steps=7 success=True
[hybrid-rollout] ep 32 (heldout_033): steps=4 success=True
[hybrid-rollout] ep 33 (heldout_034): steps=5 success=True
[hybrid-rollout] ep 34 (heldout_035): steps=6 success=True
[hybrid-rollout] ep 35 (heldout_036): steps=5 success=True
[hybrid-rollout] ep 36 (heldout_037): steps=2 success=False
[hybrid-rollout] ep 37 (heldout_038): steps=5 success=True
[hybrid-rollout] ep 38 (heldout_039): steps=6 success=True
[hybrid-rollout] ep 39 (heldout_040): steps=5 success=True
[hybrid-rollout] ep 40 (heldout_041): steps=6 success=True
[hybrid-rollout] ep 41 (heldout_042): steps=4 success=True
[hybrid-rollout] ep 42 (heldout_043): steps=4 success=True
[hybrid-rollout] ep 43 (heldout_044): steps=5 success=True
[hybrid-rollout] ep 44 (heldout_045): steps=3 success=False
[hybrid-rollout] ep 45 (heldout_046): steps=4 success=True
[hybrid-rollout] ep 46 (heldout_047): steps=3 success=False
[hybrid-rollout] ep 47 (heldout_048): steps=6 success=True
[hybrid-rollout] ep 48 (heldout_049): steps=5 success=True
[hybrid-rollout] ep 49 (heldout_050): steps=4 success=True
[hybrid-rollout] ep 50 (heldout_051): steps=4 success=True
[hybrid-rollout] ep 51 (heldout_052): steps=4 success=True
[hybrid-rollout] ep 52 (heldout_053): steps=60 success=False
[hybrid-rollout] ep 53 (heldout_054): steps=4 success=True
[hybrid-rollout] ep 54 (heldout_055): steps=60 success=False
[hybrid-rollout] ep 55 (heldout_056): steps=4 success=True
[hybrid-rollout] ep 56 (heldout_057): steps=4 success=True
[hybrid-rollout] ep 57 (heldout_058): steps=4 success=True
[hybrid-rollout] ep 58 (heldout_059): steps=5 success=True
[hybrid-rollout] ep 59 (heldout_060): steps=6 success=True
[hybrid-rollout] ep 60 (heldout_061): steps=5 success=True
[hybrid-rollout] ep 61 (heldout_062): steps=6 success=True
[hybrid-rollout] ep 62 (heldout_063): steps=5 success=True
[hybrid-rollout] ep 63 (heldout_064): steps=4 success=True
[hybrid-rollout] ep 64 (heldout_065): steps=60 success=False
[hybrid-rollout] ep 65 (heldout_066): steps=6 success=True
[hybrid-rollout] ep 66 (heldout_067): steps=5 success=True
[hybrid-rollout] ep 67 (heldout_068): steps=4 success=True
[hybrid-rollout] ep 68 (heldout_069): steps=4 success=True
[hybrid-rollout] ep 69 (heldout_070): steps=60 success=False
[hybrid-rollout] ep 70 (heldout_071): steps=5 success=True
[hybrid-rollout] ep 71 (heldout_072): steps=5 success=True
[hybrid-rollout] ep 72 (heldout_073): steps=60 success=False
[hybrid-rollout] ep 73 (heldout_074): steps=4 success=True
[hybrid-rollout] ep 74 (heldout_075): steps=5 success=True
[hybrid-rollout] ep 75 (heldout_076): steps=7 success=True
[hybrid-rollout] ep 76 (heldout_077): steps=4 success=True
[hybrid-rollout] ep 77 (heldout_078): steps=3 success=False
[hybrid-rollout] ep 78 (heldout_079): steps=4 success=True
[hybrid-rollout] ep 79 (heldout_080): steps=4 success=True
[hybrid-rollout] ep 80 (heldout_081): steps=5 success=True
[hybrid-rollout] ep 81 (heldout_082): steps=5 success=True
[hybrid-rollout] ep 82 (heldout_083): steps=4 success=True
[hybrid-rollout] ep 83 (heldout_084): steps=5 success=True
[hybrid-rollout] ep 84 (heldout_085): steps=60 success=False
[hybrid-rollout] ep 85 (heldout_086): steps=6 success=True
[hybrid-rollout] ep 86 (heldout_087): steps=3 success=False
[hybrid-rollout] ep 87 (heldout_088): steps=4 success=True
[hybrid-rollout] ep 88 (heldout_089): steps=3 success=False
[hybrid-rollout] ep 89 (heldout_090): steps=4 success=True
[hybrid-rollout] ep 90 (heldout_091): steps=5 success=True
[hybrid-rollout] ep 91 (heldout_092): steps=5 success=True
[hybrid-rollout] ep 92 (heldout_093): steps=1 success=False
[hybrid-rollout] ep 93 (heldout_094): steps=6 success=True
[hybrid-rollout] ep 94 (heldout_095): steps=9 success=True
[hybrid-rollout] ep 95 (heldout_096): steps=5 success=True
[hybrid-rollout] ep 96 (heldout_097): steps=5 success=True
[hybrid-rollout] ep 97 (heldout_098): steps=5 success=True
[hybrid-rollout] ep 98 (heldout_099): steps=60 success=False
[hybrid-rollout] ep 99 (heldout_100): steps=8 success=True
[hybrid-rollout] ep 100 (heldout_101): steps=4 success=True
[hybrid-rollout] ep 101 (heldout_102): steps=4 success=True
[hybrid-rollout] ep 102 (heldout_103): steps=4 success=True
[hybrid-rollout] ep 103 (heldout_104): steps=6 success=True
[hybrid-rollout] ep 104 (heldout_105): steps=4 success=True
[hybrid-rollout] ep 105 (heldout_106): steps=60 success=False
[hybrid-rollout] ep 106 (heldout_107): steps=4 success=True
[hybrid-rollout] ep 107 (heldout_108): steps=4 success=True
[hybrid-rollout] ep 108 (heldout_109): steps=4 success=True
[hybrid-rollout] ep 109 (heldout_110): steps=4 success=True
[hybrid-rollout] ep 110 (heldout_111): steps=5 success=False
[hybrid-rollout] ep 111 (heldout_112): steps=5 success=True
[hybrid-rollout] ep 112 (heldout_113): steps=7 success=True
[hybrid-rollout] ep 113 (heldout_114): steps=4 success=True
[hybrid-rollout] ep 114 (heldout_115): steps=4 success=True
[hybrid-rollout] ep 115 (heldout_116): steps=5 success=True
[hybrid-rollout] ep 116 (heldout_117): steps=1 success=False
[hybrid-rollout] ep 117 (heldout_118): steps=60 success=False
[hybrid-rollout] ep 118 (heldout_119): steps=60 success=False
[hybrid-rollout] ep 119 (heldout_120): steps=7 success=True
[hybrid-rollout] ep 120 (heldout_121): steps=4 success=True
[hybrid-rollout] ep 121 (heldout_122): steps=4 success=True
[hybrid-rollout] ep 122 (heldout_123): steps=6 success=True
[hybrid-rollout] ep 123 (heldout_124): steps=60 success=False
[hybrid-rollout] ep 124 (heldout_125): steps=4 success=True
[hybrid-rollout] ep 125 (heldout_126): steps=4 success=True
[hybrid-rollout] ep 126 (heldout_127): steps=60 success=False
[hybrid-rollout] ep 127 (heldout_128): steps=7 success=True
[hybrid-rollout] ep 128 (heldout_129): steps=4 success=True
[hybrid-rollout] ep 129 (heldout_130): steps=4 success=True
[hybrid-rollout] ep 130 (heldout_131): steps=60 success=False
[hybrid-rollout] ep 131 (heldout_132): steps=4 success=True
[hybrid-rollout] ep 132 (heldout_133): steps=4 success=True
[hybrid-rollout] ep 133 (heldout_134): steps=7 success=True
[hybrid-rollout] ep 134 (heldout_135): steps=6 success=True
[hybrid-rollout] ep 135 (heldout_136): steps=5 success=True
[hybrid-rollout] ep 136 (heldout_137): steps=5 success=True
[hybrid-rollout] ep 137 (heldout_138): steps=4 success=True
[hybrid-rollout] ep 138 (heldout_139): steps=4 success=True
[hybrid-rollout] ep 139 (heldout_140): steps=5 success=True
[hybrid-rollout] ep 140 (heldout_141): steps=5 success=True
[hybrid-rollout] ep 141 (heldout_142): steps=4 success=True
[hybrid-rollout] ep 142 (heldout_143): steps=60 success=False
[hybrid-rollout] ep 143 (heldout_144): steps=4 success=True
[hybrid-rollout] ep 144 (heldout_145): steps=5 success=True
[hybrid-rollout] ep 145 (heldout_146): steps=7 success=True
[hybrid-rollout] ep 146 (heldout_147): steps=60 success=False
[hybrid-rollout] ep 147 (heldout_148): steps=60 success=False
[hybrid-rollout] ep 148 (heldout_149): steps=60 success=False
[hybrid-rollout] ep 149 (heldout_150): steps=4 success=True
[hybrid-rollout] ep 150 (heldout_151): steps=5 success=True
[hybrid-rollout] ep 151 (heldout_152): steps=1 success=False
[hybrid-rollout] ep 152 (heldout_153): steps=5 success=True
[hybrid-rollout] ep 153 (heldout_154): steps=60 success=False
[hybrid-rollout] ep 154 (heldout_155): steps=60 success=False
[hybrid-rollout] ep 155 (heldout_156): steps=4 success=False
[hybrid-rollout] ep 156 (heldout_157): steps=4 success=True
[hybrid-rollout] ep 157 (heldout_158): steps=3 success=False
[hybrid-rollout] ep 158 (heldout_159): steps=6 success=True
[hybrid-rollout] ep 159 (heldout_160): steps=60 success=False
[hybrid-rollout] ep 160 (heldout_161): steps=5 success=True
[hybrid-rollout] ep 161 (heldout_162): steps=5 success=True
[hybrid-rollout] ep 162 (heldout_163): steps=4 success=True
[hybrid-rollout] ep 163 (heldout_164): steps=4 success=True
[hybrid-rollout] ep 164 (heldout_165): steps=5 success=True
[hybrid-rollout] ep 165 (heldout_166): steps=4 success=True
[hybrid-rollout] ep 166 (heldout_167): steps=4 success=True
[hybrid-rollout] ep 167 (heldout_168): steps=4 success=True
[hybrid-rollout] ep 168 (heldout_169): steps=60 success=False
[hybrid-rollout] ep 169 (heldout_170): steps=5 success=False
[hybrid-rollout] ep 170 (heldout_171): steps=4 success=True
[hybrid-rollout] ep 171 (heldout_172): steps=5 success=True
[hybrid-rollout] ep 172 (heldout_173): steps=4 success=True
[hybrid-rollout] ep 173 (heldout_174): steps=60 success=False
[hybrid-rollout] ep 174 (heldout_175): steps=4 success=False
[hybrid-rollout] ep 175 (heldout_176): steps=60 success=False
[hybrid-rollout] ep 176 (heldout_177): steps=6 success=True
[hybrid-rollout] ep 177 (heldout_178): steps=5 success=True
[hybrid-rollout] ep 178 (heldout_179): steps=5 success=True
[hybrid-rollout] ep 179 (heldout_180): steps=4 success=True
[hybrid-rollout] ep 180 (heldout_181): steps=5 success=True
[hybrid-rollout] ep 181 (heldout_182): steps=4 success=True
[hybrid-rollout] ep 182 (heldout_183): steps=5 success=True
[hybrid-rollout] ep 183 (heldout_184): steps=5 success=False
[hybrid-rollout] ep 184 (heldout_185): steps=5 success=True
[hybrid-rollout] ep 185 (heldout_186): steps=4 success=True
[hybrid-rollout] ep 186 (heldout_187): steps=5 success=True
[hybrid-rollout] ep 187 (heldout_188): steps=5 success=True
[hybrid-rollout] ep 188 (heldout_189): steps=5 success=True
[hybrid-rollout] ep 189 (heldout_190): steps=9 success=True
[hybrid-rollout] ep 190 (heldout_191): steps=4 success=True
[hybrid-rollout] ep 191 (heldout_192): steps=5 success=True
[hybrid-rollout] ep 192 (heldout_193): steps=7 success=True
[hybrid-rollout] ep 193 (heldout_194): steps=6 success=True
[hybrid-rollout] ep 194 (heldout_195): steps=5 success=True
[hybrid-rollout] ep 195 (heldout_196): steps=4 success=True
[hybrid-rollout] ep 196 (heldout_197): steps=5 success=True
[hybrid-rollout] ep 197 (heldout_198): steps=60 success=False
[hybrid-rollout] ep 198 (heldout_199): steps=4 success=True
[hybrid-rollout] ep 199 (heldout_200): steps=4 success=True
[hybrid-rollout] DONE successes=154/200
[15:02:04] [iil-baseline] round 9: heldout_sr=0.770

--------------------------------------------------------------------------------
SAFE_DAGGER ROUND 10  (remaining budget = 6)
--------------------------------------------------------------------------------
[15:02:07] [iil-baseline] round 10: pool=20 successes=16 failures=4 correction_sr=0.800
[15:02:07] [iil-baseline] round 10: picked=1 saved=1 cum_extras=10/15
[15:02:07] [iil-baseline] $ /home/s226137394/.conda/envs/maze/bin/python3 -u -m Equivariant_pathway.equivariant_CNN_hybrid.baseline_vs_p4.pool_x_selector.trainer.finetune_replay --demo_dir /weka/s226137394/DmNfull/Equivariant_pathway/equivariant_CNN_hybrid/baseline_vs_p4/pool_x_selector/results/run_9/safe_dagger/demos --checkpoint_dir /weka/s226137394/DmNfull/Equivariant_pathway/equivariant_CNN_hybrid/baseline_vs_p4/pool_x_selector/results/run_9/safe_dagger/checkpoints --epochs 90 --batch_size 64 --lr 5e-05 --weight_decay 0.0001 --replay_mix 0.5 --replay_mix_floor 0.2 --seed 9 --resume --new_demos_dir /weka/s226137394/DmNfull/Equivariant_pathway/equivariant_CNN_hybrid/baseline_vs_p4/pool_x_selector/results/run_9/safe_dagger/demos/round_010
[finetune_replay] device=cuda demo_dir=/weka/s226137394/DmNfull/Equivariant_pathway/equivariant_CNN_hybrid/baseline_vs_p4/pool_x_selector/results/run_9/safe_dagger/demos new_demos_dir=/weka/s226137394/DmNfull/Equivariant_pathway/equivariant_CNN_hybrid/baseline_vs_p4/pool_x_selector/results/run_9/safe_dagger/demos/round_010
[hybrid-dataset] 29 demos -> 148 samples
[hybrid-dataset] 1 demos -> 6 samples
[finetune_replay] sampler audit: {'n_old_samples': 148, 'n_new_samples': 6, 'replay_mix_target': 0.5, 'replay_mix_effective': 0.5, 'replay_mix_floor': 0.2}
[finetune_replay] trainable params: 1,400,028
[finetune_replay] WARM START from last_hybrid_policy.pth
[finetune_replay] ep   1/90 | train loss=0.3397 top1=0.964 | val loss=0.0750 | t=1.0s  *
[finetune_replay] ep   2/90 | train loss=0.1926 top1=0.978 | val loss=0.0339 | t=0.3s  *
[finetune_replay] ep   3/90 | train loss=0.1094 top1=1.000 | val loss=0.0161 | t=0.1s  *
[finetune_replay] ep   4/90 | train loss=0.0491 top1=1.000 | val loss=0.0094 | t=0.2s  *
[finetune_replay] ep   5/90 | train loss=0.0128 top1=1.000 | val loss=0.0096 | t=0.2s
[finetune_replay] ep   6/90 | train loss=0.0223 top1=1.000 | val loss=0.0099 | t=0.3s
[finetune_replay] ep   7/90 | train loss=0.0171 top1=1.000 | val loss=0.0057 | t=0.1s  *
[finetune_replay] ep   8/90 | train loss=0.0083 top1=1.000 | val loss=0.0043 | t=0.1s  *
[finetune_replay] ep   9/90 | train loss=0.0063 top1=1.000 | val loss=0.0113 | t=0.2s
[finetune_replay] ep  10/90 | train loss=0.0068 top1=1.000 | val loss=0.0058 | t=0.2s
[finetune_replay] ep  11/90 | train loss=0.0034 top1=1.000 | val loss=0.0053 | t=0.1s
[finetune_replay] ep  12/90 | train loss=0.0035 top1=1.000 | val loss=0.0044 | t=0.2s
[finetune_replay] ep  13/90 | train loss=0.0044 top1=1.000 | val loss=0.0037 | t=0.1s  *
[finetune_replay] ep  14/90 | train loss=0.0035 top1=1.000 | val loss=0.0047 | t=0.1s
[finetune_replay] ep  15/90 | train loss=0.0035 top1=1.000 | val loss=0.0052 | t=0.1s
[finetune_replay] ep  16/90 | train loss=0.0028 top1=1.000 | val loss=0.0040 | t=0.1s
[finetune_replay] ep  17/90 | train loss=0.0028 top1=1.000 | val loss=0.0037 | t=0.1s
[finetune_replay] ep  18/90 | train loss=0.0023 top1=1.000 | val loss=0.0038 | t=0.1s
[finetune_replay] ep  19/90 | train loss=0.0019 top1=1.000 | val loss=0.0039 | t=0.1s
[finetune_replay] ep  20/90 | train loss=0.0017 top1=1.000 | val loss=0.0039 | t=0.1s
[finetune_replay] ep  21/90 | train loss=0.0021 top1=1.000 | val loss=0.0038 | t=0.2s
[finetune_replay] ep  22/90 | train loss=0.0022 top1=1.000 | val loss=0.0034 | t=0.1s  *
[finetune_replay] ep  23/90 | train loss=0.0018 top1=1.000 | val loss=0.0033 | t=0.1s  *
[finetune_replay] ep  24/90 | train loss=0.0017 top1=1.000 | val loss=0.0033 | t=0.1s
[finetune_replay] ep  25/90 | train loss=0.0018 top1=1.000 | val loss=0.0034 | t=0.1s
[finetune_replay] ep  26/90 | train loss=0.0018 top1=1.000 | val loss=0.0036 | t=0.1s
[finetune_replay] ep  27/90 | train loss=0.0018 top1=1.000 | val loss=0.0040 | t=0.2s
[finetune_replay] ep  28/90 | train loss=0.0017 top1=1.000 | val loss=0.0039 | t=0.1s
[finetune_replay] ep  29/90 | train loss=0.0017 top1=1.000 | val loss=0.0039 | t=0.1s
[finetune_replay] ep  30/90 | train loss=0.0015 top1=1.000 | val loss=0.0043 | t=0.1s
[finetune_replay] ep  31/90 | train loss=0.0012 top1=1.000 | val loss=0.0039 | t=0.1s
[finetune_replay] ep  32/90 | train loss=0.0015 top1=1.000 | val loss=0.0030 | t=0.1s  *
[finetune_replay] ep  33/90 | train loss=0.0016 top1=1.000 | val loss=0.0032 | t=0.1s
[finetune_replay] ep  34/90 | train loss=0.0014 top1=1.000 | val loss=0.0038 | t=0.1s
[finetune_replay] ep  35/90 | train loss=0.0013 top1=1.000 | val loss=0.0044 | t=0.1s
[finetune_replay] ep  36/90 | train loss=0.0010 top1=1.000 | val loss=0.0042 | t=0.1s
[finetune_replay] ep  37/90 | train loss=0.0012 top1=1.000 | val loss=0.0036 | t=0.1s
[finetune_replay] ep  38/90 | train loss=0.0012 top1=1.000 | val loss=0.0032 | t=0.1s
[finetune_replay] ep  39/90 | train loss=0.0011 top1=1.000 | val loss=0.0034 | t=0.1s
[finetune_replay] ep  40/90 | train loss=0.0014 top1=1.000 | val loss=0.0044 | t=0.2s
[finetune_replay] ep  41/90 | train loss=0.0014 top1=1.000 | val loss=0.0047 | t=0.1s
[finetune_replay] ep  42/90 | train loss=0.0010 top1=1.000 | val loss=0.0039 | t=0.1s
[finetune_replay] ep  43/90 | train loss=0.0013 top1=1.000 | val loss=0.0031 | t=0.1s
[finetune_replay] ep  44/90 | train loss=0.0012 top1=1.000 | val loss=0.0031 | t=0.1s
[finetune_replay] ep  45/90 | train loss=0.0015 top1=1.000 | val loss=0.0030 | t=0.1s
[finetune_replay] ep  46/90 | train loss=0.0011 top1=1.000 | val loss=0.0029 | t=0.1s  *
[finetune_replay] ep  47/90 | train loss=0.0010 top1=1.000 | val loss=0.0031 | t=0.1s
[finetune_replay] ep  48/90 | train loss=0.0011 top1=1.000 | val loss=0.0033 | t=0.2s
[finetune_replay] ep  49/90 | train loss=0.0009 top1=1.000 | val loss=0.0033 | t=0.1s
[finetune_replay] ep  50/90 | train loss=0.0010 top1=1.000 | val loss=0.0031 | t=0.1s
[finetune_replay] ep  51/90 | train loss=0.0009 top1=1.000 | val loss=0.0031 | t=0.1s
[finetune_replay] ep  52/90 | train loss=0.0008 top1=1.000 | val loss=0.0032 | t=0.1s
[finetune_replay] ep  53/90 | train loss=0.0010 top1=1.000 | val loss=0.0030 | t=0.1s
[finetune_replay] ep  54/90 | train loss=0.0010 top1=1.000 | val loss=0.0028 | t=0.1s  *
[finetune_replay] ep  55/90 | train loss=0.0010 top1=1.000 | val loss=0.0029 | t=0.1s
[finetune_replay] ep  56/90 | train loss=0.0010 top1=1.000 | val loss=0.0030 | t=0.1s
[finetune_replay] ep  57/90 | train loss=0.0007 top1=1.000 | val loss=0.0033 | t=0.1s
[finetune_replay] ep  58/90 | train loss=0.0009 top1=1.000 | val loss=0.0034 | t=0.1s
[finetune_replay] ep  59/90 | train loss=0.0007 top1=1.000 | val loss=0.0035 | t=0.1s
[finetune_replay] ep  60/90 | train loss=0.0010 top1=1.000 | val loss=0.0036 | t=0.1s
[finetune_replay] ep  61/90 | train loss=0.0009 top1=1.000 | val loss=0.0035 | t=0.1s
[finetune_replay] ep  62/90 | train loss=0.0008 top1=1.000 | val loss=0.0035 | t=0.1s
[finetune_replay] ep  63/90 | train loss=0.0010 top1=1.000 | val loss=0.0035 | t=0.1s
[finetune_replay] ep  64/90 | train loss=0.0007 top1=1.000 | val loss=0.0034 | t=0.2s
[finetune_replay] ep  65/90 | train loss=0.0009 top1=1.000 | val loss=0.0033 | t=0.1s
[finetune_replay] ep  66/90 | train loss=0.0009 top1=1.000 | val loss=0.0032 | t=0.1s
[finetune_replay] ep  67/90 | train loss=0.0010 top1=1.000 | val loss=0.0033 | t=0.1s
[finetune_replay] ep  68/90 | train loss=0.0007 top1=1.000 | val loss=0.0032 | t=0.2s
[finetune_replay] ep  69/90 | train loss=0.0009 top1=1.000 | val loss=0.0031 | t=0.1s
[finetune_replay] ep  70/90 | train loss=0.0008 top1=1.000 | val loss=0.0031 | t=0.1s
[finetune_replay] ep  71/90 | train loss=0.0010 top1=1.000 | val loss=0.0030 | t=0.1s
[finetune_replay] ep  72/90 | train loss=0.0011 top1=1.000 | val loss=0.0031 | t=0.1s
[finetune_replay] ep  73/90 | train loss=0.0011 top1=1.000 | val loss=0.0031 | t=0.1s
[finetune_replay] ep  74/90 | train loss=0.0007 top1=1.000 | val loss=0.0031 | t=0.1s
[finetune_replay] ep  75/90 | train loss=0.0011 top1=1.000 | val loss=0.0032 | t=0.1s
[finetune_replay] ep  76/90 | train loss=0.0007 top1=1.000 | val loss=0.0032 | t=0.2s
[finetune_replay] ep  77/90 | train loss=0.0007 top1=1.000 | val loss=0.0031 | t=0.1s
[finetune_replay] ep  78/90 | train loss=0.0009 top1=1.000 | val loss=0.0031 | t=0.1s
[finetune_replay] ep  79/90 | train loss=0.0008 top1=1.000 | val loss=0.0030 | t=0.1s
[finetune_replay] ep  80/90 | train loss=0.0009 top1=1.000 | val loss=0.0030 | t=0.1s
[finetune_replay] ep  81/90 | train loss=0.0008 top1=1.000 | val loss=0.0030 | t=0.1s
[finetune_replay] ep  82/90 | train loss=0.0007 top1=1.000 | val loss=0.0031 | t=0.1s
[finetune_replay] ep  83/90 | train loss=0.0008 top1=1.000 | val loss=0.0031 | t=0.1s
[finetune_replay] ep  84/90 | train loss=0.0008 top1=1.000 | val loss=0.0031 | t=0.1s
[finetune_replay] ep  85/90 | train loss=0.0010 top1=1.000 | val loss=0.0031 | t=0.1s
[finetune_replay] ep  86/90 | train loss=0.0008 top1=1.000 | val loss=0.0030 | t=0.1s
[finetune_replay] ep  87/90 | train loss=0.0009 top1=1.000 | val loss=0.0031 | t=0.1s
[finetune_replay] ep  88/90 | train loss=0.0007 top1=1.000 | val loss=0.0031 | t=0.1s
[finetune_replay] ep  89/90 | train loss=0.0009 top1=1.000 | val loss=0.0031 | t=0.1s
[finetune_replay] ep  90/90 | train loss=0.0009 top1=1.000 | val loss=0.0031 | t=0.1s
[finetune_replay] DONE best_val_loss=0.0028 @ epoch 54
[15:02:44] [bo-budget] $ /home/s226137394/.conda/envs/maze/bin/python3 -u -m Equivariant_pathway.equivariant_CNN_hybrid.rollout_test --checkpoint /weka/s226137394/DmNfull/Equivariant_pathway/equivariant_CNN_hybrid/baseline_vs_p4/pool_x_selector/results/run_9/safe_dagger/checkpoints/best_hybrid_policy.pth --layouts /weka/s226137394/DmNfull/Equivariant_pathway/equivariant_CNN_hybrid/baseline_vs_p4/shared/heldout_layouts.yaml --out_dir /weka/s226137394/DmNfull/Equivariant_pathway/equivariant_CNN_hybrid/baseline_vs_p4/pool_x_selector/results/run_9/safe_dagger/results/eval_round_010 --seed 19 --max_steps 60
[hybrid-rollout] 200 unique; running 200 eps
[hybrid-rollout] loaded /weka/s226137394/DmNfull/Equivariant_pathway/equivariant_CNN_hybrid/baseline_vs_p4/pool_x_selector/results/run_9/safe_dagger/checkpoints/best_hybrid_policy.pth
[hybrid-rollout] ep 0 (heldout_001): steps=5 success=True
[hybrid-rollout] ep 1 (heldout_002): steps=4 success=True
[hybrid-rollout] ep 2 (heldout_003): steps=4 success=True
[hybrid-rollout] ep 3 (heldout_004): steps=6 success=True
[hybrid-rollout] ep 4 (heldout_005): steps=5 success=True
[hybrid-rollout] ep 5 (heldout_006): steps=3 success=False
[hybrid-rollout] ep 6 (heldout_007): steps=5 success=True
[hybrid-rollout] ep 7 (heldout_008): steps=4 success=True
[hybrid-rollout] ep 8 (heldout_009): steps=6 success=True
[hybrid-rollout] ep 9 (heldout_010): steps=60 success=False
[hybrid-rollout] ep 10 (heldout_011): steps=4 success=True
[hybrid-rollout] ep 11 (heldout_012): steps=60 success=False
[hybrid-rollout] ep 12 (heldout_013): steps=5 success=True
[hybrid-rollout] ep 13 (heldout_014): steps=5 success=True
[hybrid-rollout] ep 14 (heldout_015): steps=4 success=True
[hybrid-rollout] ep 15 (heldout_016): steps=5 success=True
[hybrid-rollout] ep 16 (heldout_017): steps=4 success=True
[hybrid-rollout] ep 17 (heldout_018): steps=60 success=False
[hybrid-rollout] ep 18 (heldout_019): steps=5 success=True
[hybrid-rollout] ep 19 (heldout_020): steps=5 success=True
[hybrid-rollout] ep 20 (heldout_021): steps=4 success=True
[hybrid-rollout] ep 21 (heldout_022): steps=60 success=False
[hybrid-rollout] ep 22 (heldout_023): steps=60 success=False
[hybrid-rollout] ep 23 (heldout_024): steps=60 success=False
[hybrid-rollout] ep 24 (heldout_025): steps=4 success=True
[hybrid-rollout] ep 25 (heldout_026): steps=4 success=True
[hybrid-rollout] ep 26 (heldout_027): steps=4 success=True
[hybrid-rollout] ep 27 (heldout_028): steps=4 success=True
[hybrid-rollout] ep 28 (heldout_029): steps=5 success=True
[hybrid-rollout] ep 29 (heldout_030): steps=60 success=False
[hybrid-rollout] ep 30 (heldout_031): steps=5 success=True
[hybrid-rollout] ep 31 (heldout_032): steps=5 success=True
[hybrid-rollout] ep 32 (heldout_033): steps=4 success=True
[hybrid-rollout] ep 33 (heldout_034): steps=60 success=False
[hybrid-rollout] ep 34 (heldout_035): steps=60 success=False
[hybrid-rollout] ep 35 (heldout_036): steps=5 success=True
[hybrid-rollout] ep 36 (heldout_037): steps=4 success=True
[hybrid-rollout] ep 37 (heldout_038): steps=5 success=True
[hybrid-rollout] ep 38 (heldout_039): steps=6 success=True
[hybrid-rollout] ep 39 (heldout_040): steps=5 success=True
[hybrid-rollout] ep 40 (heldout_041): steps=60 success=False
[hybrid-rollout] ep 41 (heldout_042): steps=4 success=True
[hybrid-rollout] ep 42 (heldout_043): steps=4 success=True
[hybrid-rollout] ep 43 (heldout_044): steps=5 success=True
[hybrid-rollout] ep 44 (heldout_045): steps=5 success=True
[hybrid-rollout] ep 45 (heldout_046): steps=4 success=True
[hybrid-rollout] ep 46 (heldout_047): steps=60 success=False
[hybrid-rollout] ep 47 (heldout_048): steps=6 success=True
[hybrid-rollout] ep 48 (heldout_049): steps=5 success=True
[hybrid-rollout] ep 49 (heldout_050): steps=4 success=True
[hybrid-rollout] ep 50 (heldout_051): steps=4 success=True
[hybrid-rollout] ep 51 (heldout_052): steps=4 success=True
[hybrid-rollout] ep 52 (heldout_053): steps=6 success=True
[hybrid-rollout] ep 53 (heldout_054): steps=60 success=False
[hybrid-rollout] ep 54 (heldout_055): steps=60 success=False
[hybrid-rollout] ep 55 (heldout_056): steps=4 success=True
[hybrid-rollout] ep 56 (heldout_057): steps=4 success=True
[hybrid-rollout] ep 57 (heldout_058): steps=4 success=True
[hybrid-rollout] ep 58 (heldout_059): steps=5 success=True
[hybrid-rollout] ep 59 (heldout_060): steps=6 success=True
[hybrid-rollout] ep 60 (heldout_061): steps=5 success=True
[hybrid-rollout] ep 61 (heldout_062): steps=6 success=True
[hybrid-rollout] ep 62 (heldout_063): steps=5 success=True
[hybrid-rollout] ep 63 (heldout_064): steps=4 success=True
[hybrid-rollout] ep 64 (heldout_065): steps=7 success=True
[hybrid-rollout] ep 65 (heldout_066): steps=6 success=True
[hybrid-rollout] ep 66 (heldout_067): steps=7 success=True
[hybrid-rollout] ep 67 (heldout_068): steps=4 success=True
[hybrid-rollout] ep 68 (heldout_069): steps=4 success=True
[hybrid-rollout] ep 69 (heldout_070): steps=7 success=True
[hybrid-rollout] ep 70 (heldout_071): steps=5 success=True
[hybrid-rollout] ep 71 (heldout_072): steps=5 success=True
[hybrid-rollout] ep 72 (heldout_073): steps=60 success=False
[hybrid-rollout] ep 73 (heldout_074): steps=4 success=True
[hybrid-rollout] ep 74 (heldout_075): steps=5 success=True
[hybrid-rollout] ep 75 (heldout_076): steps=60 success=False
[hybrid-rollout] ep 76 (heldout_077): steps=4 success=True
[hybrid-rollout] ep 77 (heldout_078): steps=3 success=False
[hybrid-rollout] ep 78 (heldout_079): steps=4 success=True
[hybrid-rollout] ep 79 (heldout_080): steps=4 success=True
[hybrid-rollout] ep 80 (heldout_081): steps=5 success=True
[hybrid-rollout] ep 81 (heldout_082): steps=5 success=True
[hybrid-rollout] ep 82 (heldout_083): steps=6 success=True
[hybrid-rollout] ep 83 (heldout_084): steps=5 success=True
[hybrid-rollout] ep 84 (heldout_085): steps=60 success=False
[hybrid-rollout] ep 85 (heldout_086): steps=6 success=True
[hybrid-rollout] ep 86 (heldout_087): steps=60 success=False
[hybrid-rollout] ep 87 (heldout_088): steps=4 success=True
[hybrid-rollout] ep 88 (heldout_089): steps=3 success=False
[hybrid-rollout] ep 89 (heldout_090): steps=4 success=True
[hybrid-rollout] ep 90 (heldout_091): steps=5 success=True
[hybrid-rollout] ep 91 (heldout_092): steps=5 success=True
[hybrid-rollout] ep 92 (heldout_093): steps=6 success=True
[hybrid-rollout] ep 93 (heldout_094): steps=6 success=True
[hybrid-rollout] ep 94 (heldout_095): steps=7 success=True
[hybrid-rollout] ep 95 (heldout_096): steps=5 success=True
[hybrid-rollout] ep 96 (heldout_097): steps=5 success=True
[hybrid-rollout] ep 97 (heldout_098): steps=5 success=True
[hybrid-rollout] ep 98 (heldout_099): steps=60 success=False
[hybrid-rollout] ep 99 (heldout_100): steps=8 success=True
[hybrid-rollout] ep 100 (heldout_101): steps=4 success=True
[hybrid-rollout] ep 101 (heldout_102): steps=4 success=True
[hybrid-rollout] ep 102 (heldout_103): steps=60 success=False
[hybrid-rollout] ep 103 (heldout_104): steps=6 success=True
[hybrid-rollout] ep 104 (heldout_105): steps=6 success=True
[hybrid-rollout] ep 105 (heldout_106): steps=6 success=True
[hybrid-rollout] ep 106 (heldout_107): steps=4 success=True
[hybrid-rollout] ep 107 (heldout_108): steps=4 success=True
[hybrid-rollout] ep 108 (heldout_109): steps=4 success=True
[hybrid-rollout] ep 109 (heldout_110): steps=3 success=False
[hybrid-rollout] ep 110 (heldout_111): steps=60 success=False
[hybrid-rollout] ep 111 (heldout_112): steps=5 success=True
[hybrid-rollout] ep 112 (heldout_113): steps=7 success=True
[hybrid-rollout] ep 113 (heldout_114): steps=4 success=True
[hybrid-rollout] ep 114 (heldout_115): steps=4 success=True
[hybrid-rollout] ep 115 (heldout_116): steps=5 success=True
[hybrid-rollout] ep 116 (heldout_117): steps=5 success=True
[hybrid-rollout] ep 117 (heldout_118): steps=60 success=False
[hybrid-rollout] ep 118 (heldout_119): steps=4 success=True
[hybrid-rollout] ep 119 (heldout_120): steps=7 success=True
[hybrid-rollout] ep 120 (heldout_121): steps=60 success=False
[hybrid-rollout] ep 121 (heldout_122): steps=4 success=True
[hybrid-rollout] ep 122 (heldout_123): steps=6 success=True
[hybrid-rollout] ep 123 (heldout_124): steps=60 success=False
[hybrid-rollout] ep 124 (heldout_125): steps=4 success=True
[hybrid-rollout] ep 125 (heldout_126): steps=4 success=True
[hybrid-rollout] ep 126 (heldout_127): steps=60 success=False
[hybrid-rollout] ep 127 (heldout_128): steps=7 success=True
[hybrid-rollout] ep 128 (heldout_129): steps=4 success=True
[hybrid-rollout] ep 129 (heldout_130): steps=4 success=True
[hybrid-rollout] ep 130 (heldout_131): steps=60 success=False
[hybrid-rollout] ep 131 (heldout_132): steps=4 success=True
[hybrid-rollout] ep 132 (heldout_133): steps=4 success=True
[hybrid-rollout] ep 133 (heldout_134): steps=7 success=True
[hybrid-rollout] ep 134 (heldout_135): steps=6 success=True
[hybrid-rollout] ep 135 (heldout_136): steps=5 success=True
[hybrid-rollout] ep 136 (heldout_137): steps=5 success=True
[hybrid-rollout] ep 137 (heldout_138): steps=4 success=True
[hybrid-rollout] ep 138 (heldout_139): steps=4 success=True
[hybrid-rollout] ep 139 (heldout_140): steps=5 success=True
[hybrid-rollout] ep 140 (heldout_141): steps=5 success=True
[hybrid-rollout] ep 141 (heldout_142): steps=4 success=True
[hybrid-rollout] ep 142 (heldout_143): steps=60 success=False
[hybrid-rollout] ep 143 (heldout_144): steps=4 success=True
[hybrid-rollout] ep 144 (heldout_145): steps=5 success=True
[hybrid-rollout] ep 145 (heldout_146): steps=60 success=False
[hybrid-rollout] ep 146 (heldout_147): steps=4 success=True
[hybrid-rollout] ep 147 (heldout_148): steps=60 success=False
[hybrid-rollout] ep 148 (heldout_149): steps=5 success=True
[hybrid-rollout] ep 149 (heldout_150): steps=4 success=True
[hybrid-rollout] ep 150 (heldout_151): steps=5 success=True
[hybrid-rollout] ep 151 (heldout_152): steps=6 success=True
[hybrid-rollout] ep 152 (heldout_153): steps=5 success=True
[hybrid-rollout] ep 153 (heldout_154): steps=60 success=False
[hybrid-rollout] ep 154 (heldout_155): steps=6 success=True
[hybrid-rollout] ep 155 (heldout_156): steps=4 success=False
[hybrid-rollout] ep 156 (heldout_157): steps=4 success=True
[hybrid-rollout] ep 157 (heldout_158): steps=3 success=False
[hybrid-rollout] ep 158 (heldout_159): steps=6 success=True
[hybrid-rollout] ep 159 (heldout_160): steps=60 success=False
[hybrid-rollout] ep 160 (heldout_161): steps=60 success=False
[hybrid-rollout] ep 161 (heldout_162): steps=5 success=True
[hybrid-rollout] ep 162 (heldout_163): steps=4 success=True
[hybrid-rollout] ep 163 (heldout_164): steps=4 success=True
[hybrid-rollout] ep 164 (heldout_165): steps=5 success=True
[hybrid-rollout] ep 165 (heldout_166): steps=4 success=True
[hybrid-rollout] ep 166 (heldout_167): steps=4 success=True
[hybrid-rollout] ep 167 (heldout_168): steps=4 success=True
[hybrid-rollout] ep 168 (heldout_169): steps=60 success=False
[hybrid-rollout] ep 169 (heldout_170): steps=6 success=True
[hybrid-rollout] ep 170 (heldout_171): steps=4 success=True
[hybrid-rollout] ep 171 (heldout_172): steps=5 success=True
[hybrid-rollout] ep 172 (heldout_173): steps=4 success=True
[hybrid-rollout] ep 173 (heldout_174): steps=5 success=True
[hybrid-rollout] ep 174 (heldout_175): steps=60 success=False
[hybrid-rollout] ep 175 (heldout_176): steps=6 success=True
[hybrid-rollout] ep 176 (heldout_177): steps=60 success=False
[hybrid-rollout] ep 177 (heldout_178): steps=5 success=True
[hybrid-rollout] ep 178 (heldout_179): steps=5 success=True
[hybrid-rollout] ep 179 (heldout_180): steps=4 success=True
[hybrid-rollout] ep 180 (heldout_181): steps=5 success=True
[hybrid-rollout] ep 181 (heldout_182): steps=4 success=True
[hybrid-rollout] ep 182 (heldout_183): steps=60 success=False
[hybrid-rollout] ep 183 (heldout_184): steps=7 success=True
[hybrid-rollout] ep 184 (heldout_185): steps=5 success=True
[hybrid-rollout] ep 185 (heldout_186): steps=4 success=True
[hybrid-rollout] ep 186 (heldout_187): steps=5 success=True
[hybrid-rollout] ep 187 (heldout_188): steps=5 success=True
[hybrid-rollout] ep 188 (heldout_189): steps=60 success=False
[hybrid-rollout] ep 189 (heldout_190): steps=7 success=True
[hybrid-rollout] ep 190 (heldout_191): steps=4 success=True
[hybrid-rollout] ep 191 (heldout_192): steps=5 success=True
[hybrid-rollout] ep 192 (heldout_193): steps=7 success=True
[hybrid-rollout] ep 193 (heldout_194): steps=6 success=True
[hybrid-rollout] ep 194 (heldout_195): steps=5 success=True
[hybrid-rollout] ep 195 (heldout_196): steps=4 success=True
[hybrid-rollout] ep 196 (heldout_197): steps=5 success=True
[hybrid-rollout] ep 197 (heldout_198): steps=60 success=False
[hybrid-rollout] ep 198 (heldout_199): steps=4 success=True
[hybrid-rollout] ep 199 (heldout_200): steps=4 success=True
[hybrid-rollout] DONE successes=157/200
[15:04:21] [iil-baseline] round 10: heldout_sr=0.785

--------------------------------------------------------------------------------
SAFE_DAGGER ROUND 11  (remaining budget = 5)
--------------------------------------------------------------------------------
[15:04:24] [iil-baseline] round 11: pool=20 successes=17 failures=3 correction_sr=0.850
[15:04:25] [iil-baseline] round 11: picked=1 saved=1 cum_extras=11/15
[15:04:25] [iil-baseline] $ /home/s226137394/.conda/envs/maze/bin/python3 -u -m Equivariant_pathway.equivariant_CNN_hybrid.baseline_vs_p4.pool_x_selector.trainer.finetune_replay --demo_dir /weka/s226137394/DmNfull/Equivariant_pathway/equivariant_CNN_hybrid/baseline_vs_p4/pool_x_selector/results/run_9/safe_dagger/demos --checkpoint_dir /weka/s226137394/DmNfull/Equivariant_pathway/equivariant_CNN_hybrid/baseline_vs_p4/pool_x_selector/results/run_9/safe_dagger/checkpoints --epochs 90 --batch_size 64 --lr 5e-05 --weight_decay 0.0001 --replay_mix 0.5 --replay_mix_floor 0.2 --seed 9 --resume --new_demos_dir /weka/s226137394/DmNfull/Equivariant_pathway/equivariant_CNN_hybrid/baseline_vs_p4/pool_x_selector/results/run_9/safe_dagger/demos/round_011
[finetune_replay] device=cuda demo_dir=/weka/s226137394/DmNfull/Equivariant_pathway/equivariant_CNN_hybrid/baseline_vs_p4/pool_x_selector/results/run_9/safe_dagger/demos new_demos_dir=/weka/s226137394/DmNfull/Equivariant_pathway/equivariant_CNN_hybrid/baseline_vs_p4/pool_x_selector/results/run_9/safe_dagger/demos/round_011
[hybrid-dataset] 30 demos -> 154 samples
[hybrid-dataset] 1 demos -> 8 samples
[finetune_replay] sampler audit: {'n_old_samples': 154, 'n_new_samples': 8, 'replay_mix_target': 0.5, 'replay_mix_effective': 0.5, 'replay_mix_floor': 0.2}
[finetune_replay] trainable params: 1,400,028
[finetune_replay] WARM START from last_hybrid_policy.pth
[finetune_replay] ep   1/90 | train loss=0.2275 top1=0.966 | val loss=0.0191 | t=1.1s  *
[finetune_replay] ep   2/90 | train loss=0.1095 top1=0.952 | val loss=0.0138 | t=0.3s  *
[finetune_replay] ep   3/90 | train loss=0.0231 top1=1.000 | val loss=0.0154 | t=0.2s
[finetune_replay] ep   4/90 | train loss=0.0106 top1=1.000 | val loss=0.0169 | t=0.1s
[finetune_replay] ep   5/90 | train loss=0.0049 top1=1.000 | val loss=0.0143 | t=0.2s
[finetune_replay] ep   6/90 | train loss=0.0033 top1=1.000 | val loss=0.0178 | t=0.1s
[finetune_replay] ep   7/90 | train loss=0.0023 top1=1.000 | val loss=0.0353 | t=0.2s
[finetune_replay] ep   8/90 | train loss=0.0031 top1=1.000 | val loss=0.0117 | t=0.1s  *
[finetune_replay] ep   9/90 | train loss=0.0016 top1=1.000 | val loss=0.0093 | t=0.1s  *
[finetune_replay] ep  10/90 | train loss=0.0017 top1=1.000 | val loss=0.0145 | t=0.1s
[finetune_replay] ep  11/90 | train loss=0.0011 top1=1.000 | val loss=0.0242 | t=0.1s
[finetune_replay] ep  12/90 | train loss=0.0013 top1=1.000 | val loss=0.0213 | t=0.1s
[finetune_replay] ep  13/90 | train loss=0.0015 top1=1.000 | val loss=0.0173 | t=0.1s
[finetune_replay] ep  14/90 | train loss=0.0019 top1=1.000 | val loss=0.0144 | t=0.1s
[finetune_replay] ep  15/90 | train loss=0.0010 top1=1.000 | val loss=0.0145 | t=0.1s
[finetune_replay] ep  16/90 | train loss=0.0015 top1=1.000 | val loss=0.0243 | t=0.1s
[finetune_replay] ep  17/90 | train loss=0.0009 top1=1.000 | val loss=0.0249 | t=0.1s
[finetune_replay] ep  18/90 | train loss=0.0011 top1=1.000 | val loss=0.0178 | t=0.2s
[finetune_replay] ep  19/90 | train loss=0.0011 top1=1.000 | val loss=0.0147 | t=0.1s
[finetune_replay] ep  20/90 | train loss=0.0009 top1=1.000 | val loss=0.0146 | t=0.1s
[finetune_replay] ep  21/90 | train loss=0.0009 top1=1.000 | val loss=0.0159 | t=0.1s
[finetune_replay] ep  22/90 | train loss=0.0009 top1=1.000 | val loss=0.0217 | t=0.2s
[finetune_replay] ep  23/90 | train loss=0.0011 top1=1.000 | val loss=0.0227 | t=0.1s
[finetune_replay] ep  24/90 | train loss=0.0007 top1=1.000 | val loss=0.0166 | t=0.2s
[finetune_replay] ep  25/90 | train loss=0.0008 top1=1.000 | val loss=0.0185 | t=0.2s
[finetune_replay] ep  26/90 | train loss=0.0008 top1=1.000 | val loss=0.0196 | t=0.1s
[finetune_replay] ep  27/90 | train loss=0.0007 top1=1.000 | val loss=0.0212 | t=0.2s
[finetune_replay] ep  28/90 | train loss=0.0008 top1=1.000 | val loss=0.0224 | t=0.2s
[finetune_replay] ep  29/90 | train loss=0.0007 top1=1.000 | val loss=0.0193 | t=0.1s
[finetune_replay] ep  30/90 | train loss=0.0008 top1=1.000 | val loss=0.0225 | t=0.3s
[finetune_replay] ep  31/90 | train loss=0.0008 top1=1.000 | val loss=0.0258 | t=0.2s
[finetune_replay] ep  32/90 | train loss=0.0007 top1=1.000 | val loss=0.0204 | t=0.1s
[finetune_replay] ep  33/90 | train loss=0.0009 top1=1.000 | val loss=0.0172 | t=0.1s
[finetune_replay] ep  34/90 | train loss=0.0008 top1=1.000 | val loss=0.0236 | t=0.2s
[finetune_replay] ep  35/90 | train loss=0.0006 top1=1.000 | val loss=0.0253 | t=0.1s
[finetune_replay] ep  36/90 | train loss=0.0005 top1=1.000 | val loss=0.0257 | t=0.2s
[finetune_replay] ep  37/90 | train loss=0.0006 top1=1.000 | val loss=0.0238 | t=0.1s
[finetune_replay] ep  38/90 | train loss=0.0006 top1=1.000 | val loss=0.0196 | t=0.2s
[finetune_replay] ep  39/90 | train loss=0.0005 top1=1.000 | val loss=0.0195 | t=0.2s
[finetune_replay] ep  40/90 | train loss=0.0007 top1=1.000 | val loss=0.0229 | t=0.2s
[finetune_replay] ep  41/90 | train loss=0.0005 top1=1.000 | val loss=0.0214 | t=0.1s
[finetune_replay] ep  42/90 | train loss=0.0006 top1=1.000 | val loss=0.0190 | t=0.1s
[finetune_replay] ep  43/90 | train loss=0.0006 top1=1.000 | val loss=0.0176 | t=0.1s
[finetune_replay] ep  44/90 | train loss=0.0007 top1=1.000 | val loss=0.0173 | t=0.2s
[finetune_replay] ep  45/90 | train loss=0.0005 top1=1.000 | val loss=0.0183 | t=0.2s
[finetune_replay] ep  46/90 | train loss=0.0004 top1=1.000 | val loss=0.0197 | t=0.1s
[finetune_replay] ep  47/90 | train loss=0.0006 top1=1.000 | val loss=0.0182 | t=0.1s
[finetune_replay] ep  48/90 | train loss=0.0006 top1=1.000 | val loss=0.0142 | t=0.2s
[finetune_replay] ep  49/90 | train loss=0.0006 top1=1.000 | val loss=0.0132 | t=0.2s
[finetune_replay] ep  50/90 | train loss=0.0006 top1=1.000 | val loss=0.0140 | t=0.2s
[finetune_replay] ep  51/90 | train loss=0.0005 top1=1.000 | val loss=0.0160 | t=0.2s
[finetune_replay] ep  52/90 | train loss=0.0005 top1=1.000 | val loss=0.0175 | t=0.1s
[finetune_replay] ep  53/90 | train loss=0.0005 top1=1.000 | val loss=0.0191 | t=0.1s
[finetune_replay] ep  54/90 | train loss=0.0005 top1=1.000 | val loss=0.0186 | t=0.2s
[finetune_replay] ep  55/90 | train loss=0.0004 top1=1.000 | val loss=0.0166 | t=0.1s
[finetune_replay] ep  56/90 | train loss=0.0005 top1=1.000 | val loss=0.0157 | t=0.2s
[finetune_replay] ep  57/90 | train loss=0.0005 top1=1.000 | val loss=0.0163 | t=0.2s
[finetune_replay] ep  58/90 | train loss=0.0005 top1=1.000 | val loss=0.0164 | t=0.1s
[finetune_replay] ep  59/90 | train loss=0.0004 top1=1.000 | val loss=0.0161 | t=0.1s
[finetune_replay] ep  60/90 | train loss=0.0005 top1=1.000 | val loss=0.0162 | t=0.2s
[finetune_replay] ep  61/90 | train loss=0.0006 top1=1.000 | val loss=0.0169 | t=0.2s
[finetune_replay] ep  62/90 | train loss=0.0005 top1=1.000 | val loss=0.0166 | t=0.1s
[finetune_replay] ep  63/90 | train loss=0.0005 top1=1.000 | val loss=0.0176 | t=0.1s
[finetune_replay] ep  64/90 | train loss=0.0005 top1=1.000 | val loss=0.0191 | t=0.1s
[finetune_replay] ep  65/90 | train loss=0.0004 top1=1.000 | val loss=0.0192 | t=0.1s
[finetune_replay] ep  66/90 | train loss=0.0004 top1=1.000 | val loss=0.0193 | t=0.1s
[finetune_replay] ep  67/90 | train loss=0.0007 top1=1.000 | val loss=0.0195 | t=0.2s
[finetune_replay] ep  68/90 | train loss=0.0004 top1=1.000 | val loss=0.0194 | t=0.2s
[finetune_replay] ep  69/90 | train loss=0.0004 top1=1.000 | val loss=0.0192 | t=0.2s
[finetune_replay] ep  70/90 | train loss=0.0004 top1=1.000 | val loss=0.0189 | t=0.2s
[finetune_replay] ep  71/90 | train loss=0.0005 top1=1.000 | val loss=0.0185 | t=0.2s
[finetune_replay] ep  72/90 | train loss=0.0004 top1=1.000 | val loss=0.0192 | t=0.1s
[finetune_replay] ep  73/90 | train loss=0.0006 top1=1.000 | val loss=0.0182 | t=0.2s
[finetune_replay] ep  74/90 | train loss=0.0004 top1=1.000 | val loss=0.0171 | t=0.2s
[finetune_replay] ep  75/90 | train loss=0.0006 top1=1.000 | val loss=0.0168 | t=0.1s
[finetune_replay] ep  76/90 | train loss=0.0004 top1=1.000 | val loss=0.0169 | t=0.1s
[finetune_replay] ep  77/90 | train loss=0.0006 top1=1.000 | val loss=0.0159 | t=0.2s
[finetune_replay] ep  78/90 | train loss=0.0005 top1=1.000 | val loss=0.0157 | t=0.1s
[finetune_replay] ep  79/90 | train loss=0.0004 top1=1.000 | val loss=0.0154 | t=0.1s
[finetune_replay] ep  80/90 | train loss=0.0004 top1=1.000 | val loss=0.0160 | t=0.2s
[finetune_replay] ep  81/90 | train loss=0.0004 top1=1.000 | val loss=0.0168 | t=0.2s
[finetune_replay] ep  82/90 | train loss=0.0005 top1=1.000 | val loss=0.0166 | t=0.1s
[finetune_replay] ep  83/90 | train loss=0.0005 top1=1.000 | val loss=0.0168 | t=0.2s
[finetune_replay] ep  84/90 | train loss=0.0004 top1=1.000 | val loss=0.0178 | t=0.2s
[finetune_replay] ep  85/90 | train loss=0.0005 top1=1.000 | val loss=0.0169 | t=0.1s
[finetune_replay] ep  86/90 | train loss=0.0004 top1=1.000 | val loss=0.0169 | t=0.1s
[finetune_replay] ep  87/90 | train loss=0.0005 top1=1.000 | val loss=0.0169 | t=0.3s
[finetune_replay] ep  88/90 | train loss=0.0004 top1=1.000 | val loss=0.0171 | t=0.2s
[finetune_replay] ep  89/90 | train loss=0.0005 top1=1.000 | val loss=0.0172 | t=0.2s
[finetune_replay] ep  90/90 | train loss=0.0005 top1=1.000 | val loss=0.0170 | t=0.2s
[finetune_replay] DONE best_val_loss=0.0093 @ epoch 9
[15:04:56] [bo-budget] $ /home/s226137394/.conda/envs/maze/bin/python3 -u -m Equivariant_pathway.equivariant_CNN_hybrid.rollout_test --checkpoint /weka/s226137394/DmNfull/Equivariant_pathway/equivariant_CNN_hybrid/baseline_vs_p4/pool_x_selector/results/run_9/safe_dagger/checkpoints/best_hybrid_policy.pth --layouts /weka/s226137394/DmNfull/Equivariant_pathway/equivariant_CNN_hybrid/baseline_vs_p4/shared/heldout_layouts.yaml --out_dir /weka/s226137394/DmNfull/Equivariant_pathway/equivariant_CNN_hybrid/baseline_vs_p4/pool_x_selector/results/run_9/safe_dagger/results/eval_round_011 --seed 20 --max_steps 60
[hybrid-rollout] 200 unique; running 200 eps
[hybrid-rollout] loaded /weka/s226137394/DmNfull/Equivariant_pathway/equivariant_CNN_hybrid/baseline_vs_p4/pool_x_selector/results/run_9/safe_dagger/checkpoints/best_hybrid_policy.pth
[hybrid-rollout] ep 0 (heldout_001): steps=5 success=True
[hybrid-rollout] ep 1 (heldout_002): steps=4 success=True
[hybrid-rollout] ep 2 (heldout_003): steps=4 success=True
[hybrid-rollout] ep 3 (heldout_004): steps=6 success=True
[hybrid-rollout] ep 4 (heldout_005): steps=5 success=True
[hybrid-rollout] ep 5 (heldout_006): steps=3 success=False
[hybrid-rollout] ep 6 (heldout_007): steps=3 success=False
[hybrid-rollout] ep 7 (heldout_008): steps=4 success=True
[hybrid-rollout] ep 8 (heldout_009): steps=6 success=True
[hybrid-rollout] ep 9 (heldout_010): steps=60 success=False
[hybrid-rollout] ep 10 (heldout_011): steps=4 success=True
[hybrid-rollout] ep 11 (heldout_012): steps=60 success=False
[hybrid-rollout] ep 12 (heldout_013): steps=5 success=True
[hybrid-rollout] ep 13 (heldout_014): steps=5 success=True
[hybrid-rollout] ep 14 (heldout_015): steps=4 success=True
[hybrid-rollout] ep 15 (heldout_016): steps=5 success=True
[hybrid-rollout] ep 16 (heldout_017): steps=4 success=True
[hybrid-rollout] ep 17 (heldout_018): steps=7 success=True
[hybrid-rollout] ep 18 (heldout_019): steps=5 success=True
[hybrid-rollout] ep 19 (heldout_020): steps=5 success=True
[hybrid-rollout] ep 20 (heldout_021): steps=4 success=True
[hybrid-rollout] ep 21 (heldout_022): steps=4 success=True
[hybrid-rollout] ep 22 (heldout_023): steps=7 success=True
[hybrid-rollout] ep 23 (heldout_024): steps=60 success=False
[hybrid-rollout] ep 24 (heldout_025): steps=4 success=True
[hybrid-rollout] ep 25 (heldout_026): steps=4 success=True
[hybrid-rollout] ep 26 (heldout_027): steps=4 success=True
[hybrid-rollout] ep 27 (heldout_028): steps=4 success=True
[hybrid-rollout] ep 28 (heldout_029): steps=5 success=True
[hybrid-rollout] ep 29 (heldout_030): steps=60 success=False
[hybrid-rollout] ep 30 (heldout_031): steps=5 success=True
[hybrid-rollout] ep 31 (heldout_032): steps=5 success=True
[hybrid-rollout] ep 32 (heldout_033): steps=4 success=True
[hybrid-rollout] ep 33 (heldout_034): steps=60 success=False
[hybrid-rollout] ep 34 (heldout_035): steps=60 success=False
[hybrid-rollout] ep 35 (heldout_036): steps=5 success=True
[hybrid-rollout] ep 36 (heldout_037): steps=4 success=True
[hybrid-rollout] ep 37 (heldout_038): steps=5 success=True
[hybrid-rollout] ep 38 (heldout_039): steps=6 success=True
[hybrid-rollout] ep 39 (heldout_040): steps=5 success=True
[hybrid-rollout] ep 40 (heldout_041): steps=6 success=True
[hybrid-rollout] ep 41 (heldout_042): steps=4 success=True
[hybrid-rollout] ep 42 (heldout_043): steps=4 success=True
[hybrid-rollout] ep 43 (heldout_044): steps=5 success=True
[hybrid-rollout] ep 44 (heldout_045): steps=5 success=True
[hybrid-rollout] ep 45 (heldout_046): steps=4 success=True
[hybrid-rollout] ep 46 (heldout_047): steps=3 success=False
[hybrid-rollout] ep 47 (heldout_048): steps=6 success=True
[hybrid-rollout] ep 48 (heldout_049): steps=5 success=True
[hybrid-rollout] ep 49 (heldout_050): steps=4 success=True
[hybrid-rollout] ep 50 (heldout_051): steps=4 success=True
[hybrid-rollout] ep 51 (heldout_052): steps=4 success=True
[hybrid-rollout] ep 52 (heldout_053): steps=6 success=True
[hybrid-rollout] ep 53 (heldout_054): steps=4 success=True
[hybrid-rollout] ep 54 (heldout_055): steps=60 success=False
[hybrid-rollout] ep 55 (heldout_056): steps=4 success=True
[hybrid-rollout] ep 56 (heldout_057): steps=4 success=True
[hybrid-rollout] ep 57 (heldout_058): steps=4 success=True
[hybrid-rollout] ep 58 (heldout_059): steps=5 success=True
[hybrid-rollout] ep 59 (heldout_060): steps=6 success=True
[hybrid-rollout] ep 60 (heldout_061): steps=5 success=True
[hybrid-rollout] ep 61 (heldout_062): steps=6 success=True
[hybrid-rollout] ep 62 (heldout_063): steps=5 success=True
[hybrid-rollout] ep 63 (heldout_064): steps=4 success=True
[hybrid-rollout] ep 64 (heldout_065): steps=7 success=True
[hybrid-rollout] ep 65 (heldout_066): steps=6 success=True
[hybrid-rollout] ep 66 (heldout_067): steps=5 success=True
[hybrid-rollout] ep 67 (heldout_068): steps=4 success=True
[hybrid-rollout] ep 68 (heldout_069): steps=4 success=True
[hybrid-rollout] ep 69 (heldout_070): steps=7 success=True
[hybrid-rollout] ep 70 (heldout_071): steps=5 success=True
[hybrid-rollout] ep 71 (heldout_072): steps=5 success=True
[hybrid-rollout] ep 72 (heldout_073): steps=6 success=True
[hybrid-rollout] ep 73 (heldout_074): steps=4 success=True
[hybrid-rollout] ep 74 (heldout_075): steps=5 success=True
[hybrid-rollout] ep 75 (heldout_076): steps=60 success=False
[hybrid-rollout] ep 76 (heldout_077): steps=4 success=True
[hybrid-rollout] ep 77 (heldout_078): steps=3 success=False
[hybrid-rollout] ep 78 (heldout_079): steps=4 success=True
[hybrid-rollout] ep 79 (heldout_080): steps=4 success=True
[hybrid-rollout] ep 80 (heldout_081): steps=5 success=True
[hybrid-rollout] ep 81 (heldout_082): steps=5 success=True
[hybrid-rollout] ep 82 (heldout_083): steps=6 success=True
[hybrid-rollout] ep 83 (heldout_084): steps=5 success=True
[hybrid-rollout] ep 84 (heldout_085): steps=60 success=False
[hybrid-rollout] ep 85 (heldout_086): steps=6 success=True
[hybrid-rollout] ep 86 (heldout_087): steps=3 success=False
[hybrid-rollout] ep 87 (heldout_088): steps=4 success=True
[hybrid-rollout] ep 88 (heldout_089): steps=3 success=False
[hybrid-rollout] ep 89 (heldout_090): steps=4 success=True
[hybrid-rollout] ep 90 (heldout_091): steps=5 success=True
[hybrid-rollout] ep 91 (heldout_092): steps=5 success=True
[hybrid-rollout] ep 92 (heldout_093): steps=6 success=True
[hybrid-rollout] ep 93 (heldout_094): steps=6 success=True
[hybrid-rollout] ep 94 (heldout_095): steps=7 success=True
[hybrid-rollout] ep 95 (heldout_096): steps=5 success=True
[hybrid-rollout] ep 96 (heldout_097): steps=5 success=True
[hybrid-rollout] ep 97 (heldout_098): steps=5 success=True
[hybrid-rollout] ep 98 (heldout_099): steps=60 success=False
[hybrid-rollout] ep 99 (heldout_100): steps=60 success=False
[hybrid-rollout] ep 100 (heldout_101): steps=4 success=True
[hybrid-rollout] ep 101 (heldout_102): steps=4 success=True
[hybrid-rollout] ep 102 (heldout_103): steps=60 success=False
[hybrid-rollout] ep 103 (heldout_104): steps=6 success=True
[hybrid-rollout] ep 104 (heldout_105): steps=4 success=True
[hybrid-rollout] ep 105 (heldout_106): steps=60 success=False
[hybrid-rollout] ep 106 (heldout_107): steps=4 success=True
[hybrid-rollout] ep 107 (heldout_108): steps=4 success=True
[hybrid-rollout] ep 108 (heldout_109): steps=4 success=True
[hybrid-rollout] ep 109 (heldout_110): steps=60 success=False
[hybrid-rollout] ep 110 (heldout_111): steps=5 success=False
[hybrid-rollout] ep 111 (heldout_112): steps=5 success=True
[hybrid-rollout] ep 112 (heldout_113): steps=7 success=True
[hybrid-rollout] ep 113 (heldout_114): steps=4 success=True
[hybrid-rollout] ep 114 (heldout_115): steps=4 success=True
[hybrid-rollout] ep 115 (heldout_116): steps=5 success=True
[hybrid-rollout] ep 116 (heldout_117): steps=5 success=True
[hybrid-rollout] ep 117 (heldout_118): steps=60 success=False
[hybrid-rollout] ep 118 (heldout_119): steps=4 success=True
[hybrid-rollout] ep 119 (heldout_120): steps=7 success=True
[hybrid-rollout] ep 120 (heldout_121): steps=60 success=False
[hybrid-rollout] ep 121 (heldout_122): steps=4 success=True
[hybrid-rollout] ep 122 (heldout_123): steps=6 success=True
[hybrid-rollout] ep 123 (heldout_124): steps=8 success=True
[hybrid-rollout] ep 124 (heldout_125): steps=4 success=True
[hybrid-rollout] ep 125 (heldout_126): steps=4 success=True
[hybrid-rollout] ep 126 (heldout_127): steps=60 success=False
[hybrid-rollout] ep 127 (heldout_128): steps=60 success=False
[hybrid-rollout] ep 128 (heldout_129): steps=4 success=True
[hybrid-rollout] ep 129 (heldout_130): steps=4 success=True
[hybrid-rollout] ep 130 (heldout_131): steps=60 success=False
[hybrid-rollout] ep 131 (heldout_132): steps=4 success=True
[hybrid-rollout] ep 132 (heldout_133): steps=4 success=True
[hybrid-rollout] ep 133 (heldout_134): steps=7 success=True
[hybrid-rollout] ep 134 (heldout_135): steps=6 success=True
[hybrid-rollout] ep 135 (heldout_136): steps=5 success=True
[hybrid-rollout] ep 136 (heldout_137): steps=5 success=True
[hybrid-rollout] ep 137 (heldout_138): steps=4 success=True
[hybrid-rollout] ep 138 (heldout_139): steps=4 success=True
[hybrid-rollout] ep 139 (heldout_140): steps=5 success=True
[hybrid-rollout] ep 140 (heldout_141): steps=5 success=True
[hybrid-rollout] ep 141 (heldout_142): steps=4 success=True
[hybrid-rollout] ep 142 (heldout_143): steps=6 success=True
[hybrid-rollout] ep 143 (heldout_144): steps=4 success=True
[hybrid-rollout] ep 144 (heldout_145): steps=5 success=True
[hybrid-rollout] ep 145 (heldout_146): steps=60 success=False
[hybrid-rollout] ep 146 (heldout_147): steps=4 success=True
[hybrid-rollout] ep 147 (heldout_148): steps=60 success=False
[hybrid-rollout] ep 148 (heldout_149): steps=5 success=True
[hybrid-rollout] ep 149 (heldout_150): steps=4 success=True
[hybrid-rollout] ep 150 (heldout_151): steps=5 success=True
[hybrid-rollout] ep 151 (heldout_152): steps=6 success=True
[hybrid-rollout] ep 152 (heldout_153): steps=5 success=True
[hybrid-rollout] ep 153 (heldout_154): steps=60 success=False
[hybrid-rollout] ep 154 (heldout_155): steps=60 success=False
[hybrid-rollout] ep 155 (heldout_156): steps=3 success=False
[hybrid-rollout] ep 156 (heldout_157): steps=4 success=True
[hybrid-rollout] ep 157 (heldout_158): steps=3 success=False
[hybrid-rollout] ep 158 (heldout_159): steps=6 success=True
[hybrid-rollout] ep 159 (heldout_160): steps=60 success=False
[hybrid-rollout] ep 160 (heldout_161): steps=5 success=True
[hybrid-rollout] ep 161 (heldout_162): steps=5 success=True
[hybrid-rollout] ep 162 (heldout_163): steps=4 success=True
[hybrid-rollout] ep 163 (heldout_164): steps=4 success=True
[hybrid-rollout] ep 164 (heldout_165): steps=5 success=True
[hybrid-rollout] ep 165 (heldout_166): steps=4 success=True
[hybrid-rollout] ep 166 (heldout_167): steps=4 success=True
[hybrid-rollout] ep 167 (heldout_168): steps=4 success=True
[hybrid-rollout] ep 168 (heldout_169): steps=8 success=True
[hybrid-rollout] ep 169 (heldout_170): steps=6 success=True
[hybrid-rollout] ep 170 (heldout_171): steps=4 success=True
[hybrid-rollout] ep 171 (heldout_172): steps=5 success=True
[hybrid-rollout] ep 172 (heldout_173): steps=4 success=True
[hybrid-rollout] ep 173 (heldout_174): steps=5 success=True
[hybrid-rollout] ep 174 (heldout_175): steps=60 success=False
[hybrid-rollout] ep 175 (heldout_176): steps=60 success=False
[hybrid-rollout] ep 176 (heldout_177): steps=6 success=True
[hybrid-rollout] ep 177 (heldout_178): steps=5 success=True
[hybrid-rollout] ep 178 (heldout_179): steps=5 success=True
[hybrid-rollout] ep 179 (heldout_180): steps=4 success=True
[hybrid-rollout] ep 180 (heldout_181): steps=5 success=True
[hybrid-rollout] ep 181 (heldout_182): steps=4 success=True
[hybrid-rollout] ep 182 (heldout_183): steps=60 success=False
[hybrid-rollout] ep 183 (heldout_184): steps=60 success=False
[hybrid-rollout] ep 184 (heldout_185): steps=5 success=True
[hybrid-rollout] ep 185 (heldout_186): steps=4 success=True
[hybrid-rollout] ep 186 (heldout_187): steps=5 success=True
[hybrid-rollout] ep 187 (heldout_188): steps=5 success=True
[hybrid-rollout] ep 188 (heldout_189): steps=5 success=True
[hybrid-rollout] ep 189 (heldout_190): steps=7 success=True
[hybrid-rollout] ep 190 (heldout_191): steps=4 success=True
[hybrid-rollout] ep 191 (heldout_192): steps=5 success=True
[hybrid-rollout] ep 192 (heldout_193): steps=7 success=True
[hybrid-rollout] ep 193 (heldout_194): steps=6 success=True
[hybrid-rollout] ep 194 (heldout_195): steps=5 success=True
[hybrid-rollout] ep 195 (heldout_196): steps=4 success=True
[hybrid-rollout] ep 196 (heldout_197): steps=5 success=True
[hybrid-rollout] ep 197 (heldout_198): steps=60 success=False
[hybrid-rollout] ep 198 (heldout_199): steps=4 success=True
[hybrid-rollout] ep 199 (heldout_200): steps=4 success=True
[hybrid-rollout] DONE successes=162/200
[15:06:19] [iil-baseline] round 11: heldout_sr=0.810

--------------------------------------------------------------------------------
SAFE_DAGGER ROUND 12  (remaining budget = 4)
--------------------------------------------------------------------------------
[15:06:22] [iil-baseline] round 12: pool=20 successes=18 failures=2 correction_sr=0.900
[15:06:22] [iil-baseline] round 12: picked=1 saved=1 cum_extras=12/15
[15:06:22] [iil-baseline] $ /home/s226137394/.conda/envs/maze/bin/python3 -u -m Equivariant_pathway.equivariant_CNN_hybrid.baseline_vs_p4.pool_x_selector.trainer.finetune_replay --demo_dir /weka/s226137394/DmNfull/Equivariant_pathway/equivariant_CNN_hybrid/baseline_vs_p4/pool_x_selector/results/run_9/safe_dagger/demos --checkpoint_dir /weka/s226137394/DmNfull/Equivariant_pathway/equivariant_CNN_hybrid/baseline_vs_p4/pool_x_selector/results/run_9/safe_dagger/checkpoints --epochs 90 --batch_size 64 --lr 5e-05 --weight_decay 0.0001 --replay_mix 0.5 --replay_mix_floor 0.2 --seed 9 --resume --new_demos_dir /weka/s226137394/DmNfull/Equivariant_pathway/equivariant_CNN_hybrid/baseline_vs_p4/pool_x_selector/results/run_9/safe_dagger/demos/round_012
[finetune_replay] device=cuda demo_dir=/weka/s226137394/DmNfull/Equivariant_pathway/equivariant_CNN_hybrid/baseline_vs_p4/pool_x_selector/results/run_9/safe_dagger/demos new_demos_dir=/weka/s226137394/DmNfull/Equivariant_pathway/equivariant_CNN_hybrid/baseline_vs_p4/pool_x_selector/results/run_9/safe_dagger/demos/round_012
[hybrid-dataset] 31 demos -> 162 samples
[hybrid-dataset] 1 demos -> 5 samples
[finetune_replay] sampler audit: {'n_old_samples': 162, 'n_new_samples': 5, 'replay_mix_target': 0.5, 'replay_mix_effective': 0.5, 'replay_mix_floor': 0.2}
[finetune_replay] trainable params: 1,400,028
[finetune_replay] WARM START from last_hybrid_policy.pth
[finetune_replay] ep   1/90 | train loss=0.2122 top1=0.901 | val loss=0.0068 | t=0.9s  *
[finetune_replay] ep   2/90 | train loss=0.0323 top1=1.000 | val loss=0.0033 | t=0.1s  *
[finetune_replay] ep   3/90 | train loss=0.0118 top1=1.000 | val loss=0.0021 | t=0.2s  *
[finetune_replay] ep   4/90 | train loss=0.0072 top1=1.000 | val loss=0.0012 | t=0.1s  *
[finetune_replay] ep   5/90 | train loss=0.0038 top1=1.000 | val loss=0.0016 | t=0.2s
[finetune_replay] ep   6/90 | train loss=0.0026 top1=1.000 | val loss=0.0011 | t=0.1s  *
[finetune_replay] ep   7/90 | train loss=0.0017 top1=1.000 | val loss=0.0012 | t=0.1s
[finetune_replay] ep   8/90 | train loss=0.0020 top1=1.000 | val loss=0.0010 | t=0.1s  *
[finetune_replay] ep   9/90 | train loss=0.0012 top1=1.000 | val loss=0.0011 | t=0.2s
[finetune_replay] ep  10/90 | train loss=0.0018 top1=1.000 | val loss=0.0007 | t=0.1s  *
[finetune_replay] ep  11/90 | train loss=0.0011 top1=1.000 | val loss=0.0007 | t=0.1s
[finetune_replay] ep  12/90 | train loss=0.0010 top1=1.000 | val loss=0.0008 | t=0.1s
[finetune_replay] ep  13/90 | train loss=0.0012 top1=1.000 | val loss=0.0005 | t=0.1s  *
[finetune_replay] ep  14/90 | train loss=0.0007 top1=1.000 | val loss=0.0004 | t=0.1s  *
[finetune_replay] ep  15/90 | train loss=0.0007 top1=1.000 | val loss=0.0004 | t=0.1s
[finetune_replay] ep  16/90 | train loss=0.0009 top1=1.000 | val loss=0.0004 | t=0.1s
[finetune_replay] ep  17/90 | train loss=0.0008 top1=1.000 | val loss=0.0004 | t=0.1s
[finetune_replay] ep  18/90 | train loss=0.0004 top1=1.000 | val loss=0.0004 | t=0.1s
[finetune_replay] ep  19/90 | train loss=0.0006 top1=1.000 | val loss=0.0004 | t=0.1s
[finetune_replay] ep  20/90 | train loss=0.0007 top1=1.000 | val loss=0.0004 | t=0.1s  *
[finetune_replay] ep  21/90 | train loss=0.0005 top1=1.000 | val loss=0.0004 | t=0.1s  *
[finetune_replay] ep  22/90 | train loss=0.0006 top1=1.000 | val loss=0.0004 | t=0.1s
[finetune_replay] ep  23/90 | train loss=0.0006 top1=1.000 | val loss=0.0004 | t=0.1s  *
[finetune_replay] ep  24/90 | train loss=0.0006 top1=1.000 | val loss=0.0004 | t=0.1s  *
[finetune_replay] ep  25/90 | train loss=0.0005 top1=1.000 | val loss=0.0004 | t=0.1s  *
[finetune_replay] ep  26/90 | train loss=0.0006 top1=1.000 | val loss=0.0004 | t=0.2s
[finetune_replay] ep  27/90 | train loss=0.0005 top1=1.000 | val loss=0.0004 | t=0.1s
[finetune_replay] ep  28/90 | train loss=0.0006 top1=1.000 | val loss=0.0004 | t=0.1s
[finetune_replay] ep  29/90 | train loss=0.0006 top1=1.000 | val loss=0.0004 | t=0.1s
[finetune_replay] ep  30/90 | train loss=0.0006 top1=1.000 | val loss=0.0004 | t=0.1s  *
[finetune_replay] ep  31/90 | train loss=0.0005 top1=1.000 | val loss=0.0004 | t=0.1s  *
[finetune_replay] ep  32/90 | train loss=0.0005 top1=1.000 | val loss=0.0004 | t=0.1s
[finetune_replay] ep  33/90 | train loss=0.0005 top1=1.000 | val loss=0.0004 | t=0.1s
[finetune_replay] ep  34/90 | train loss=0.0004 top1=1.000 | val loss=0.0004 | t=0.1s
[finetune_replay] ep  35/90 | train loss=0.0004 top1=1.000 | val loss=0.0005 | t=0.1s
[finetune_replay] ep  36/90 | train loss=0.0005 top1=1.000 | val loss=0.0004 | t=0.1s
[finetune_replay] ep  37/90 | train loss=0.0006 top1=1.000 | val loss=0.0004 | t=0.1s
[finetune_replay] ep  38/90 | train loss=0.0004 top1=1.000 | val loss=0.0004 | t=0.1s  *
[finetune_replay] ep  39/90 | train loss=0.0004 top1=1.000 | val loss=0.0004 | t=0.1s  *
[finetune_replay] ep  40/90 | train loss=0.0005 top1=1.000 | val loss=0.0004 | t=0.1s  *
[finetune_replay] ep  41/90 | train loss=0.0004 top1=1.000 | val loss=0.0004 | t=0.1s
[finetune_replay] ep  42/90 | train loss=0.0005 top1=1.000 | val loss=0.0004 | t=0.1s
[finetune_replay] ep  43/90 | train loss=0.0004 top1=1.000 | val loss=0.0004 | t=0.1s  *
[finetune_replay] ep  44/90 | train loss=0.0004 top1=1.000 | val loss=0.0003 | t=0.1s  *
[finetune_replay] ep  45/90 | train loss=0.0005 top1=1.000 | val loss=0.0004 | t=0.1s
[finetune_replay] ep  46/90 | train loss=0.0004 top1=1.000 | val loss=0.0004 | t=0.1s
[finetune_replay] ep  47/90 | train loss=0.0004 top1=1.000 | val loss=0.0004 | t=0.1s
[finetune_replay] ep  48/90 | train loss=0.0004 top1=1.000 | val loss=0.0004 | t=0.1s
[finetune_replay] ep  49/90 | train loss=0.0004 top1=1.000 | val loss=0.0004 | t=0.1s
[finetune_replay] ep  50/90 | train loss=0.0004 top1=1.000 | val loss=0.0003 | t=0.1s  *
[finetune_replay] ep  51/90 | train loss=0.0004 top1=1.000 | val loss=0.0003 | t=0.1s
[finetune_replay] ep  52/90 | train loss=0.0005 top1=1.000 | val loss=0.0003 | t=0.1s
[finetune_replay] ep  53/90 | train loss=0.0003 top1=1.000 | val loss=0.0004 | t=0.1s
[finetune_replay] ep  54/90 | train loss=0.0003 top1=1.000 | val loss=0.0003 | t=0.1s  *
[finetune_replay] ep  55/90 | train loss=0.0003 top1=1.000 | val loss=0.0003 | t=0.1s
[finetune_replay] ep  56/90 | train loss=0.0004 top1=1.000 | val loss=0.0003 | t=0.1s
[finetune_replay] ep  57/90 | train loss=0.0004 top1=1.000 | val loss=0.0003 | t=0.1s
[finetune_replay] ep  58/90 | train loss=0.0005 top1=1.000 | val loss=0.0003 | t=0.1s
[finetune_replay] ep  59/90 | train loss=0.0003 top1=1.000 | val loss=0.0004 | t=0.1s
[finetune_replay] ep  60/90 | train loss=0.0004 top1=1.000 | val loss=0.0004 | t=0.1s
[finetune_replay] ep  61/90 | train loss=0.0004 top1=1.000 | val loss=0.0003 | t=0.1s  *
[finetune_replay] ep  62/90 | train loss=0.0004 top1=1.000 | val loss=0.0003 | t=0.1s  *
[finetune_replay] ep  63/90 | train loss=0.0003 top1=1.000 | val loss=0.0003 | t=0.1s
[finetune_replay] ep  64/90 | train loss=0.0004 top1=1.000 | val loss=0.0003 | t=0.1s  *
[finetune_replay] ep  65/90 | train loss=0.0004 top1=1.000 | val loss=0.0003 | t=0.1s  *
[finetune_replay] ep  66/90 | train loss=0.0004 top1=1.000 | val loss=0.0003 | t=0.1s  *
[finetune_replay] ep  67/90 | train loss=0.0003 top1=1.000 | val loss=0.0003 | t=0.1s  *
[finetune_replay] ep  68/90 | train loss=0.0004 top1=1.000 | val loss=0.0003 | t=0.1s  *
[finetune_replay] ep  69/90 | train loss=0.0003 top1=1.000 | val loss=0.0003 | t=0.1s
[finetune_replay] ep  70/90 | train loss=0.0004 top1=1.000 | val loss=0.0003 | t=0.2s
[finetune_replay] ep  71/90 | train loss=0.0003 top1=1.000 | val loss=0.0003 | t=0.1s
[finetune_replay] ep  72/90 | train loss=0.0004 top1=1.000 | val loss=0.0003 | t=0.1s
[finetune_replay] ep  73/90 | train loss=0.0003 top1=1.000 | val loss=0.0003 | t=0.2s  *
[finetune_replay] ep  74/90 | train loss=0.0003 top1=1.000 | val loss=0.0003 | t=0.1s
[finetune_replay] ep  75/90 | train loss=0.0003 top1=1.000 | val loss=0.0003 | t=0.1s
[finetune_replay] ep  76/90 | train loss=0.0004 top1=1.000 | val loss=0.0003 | t=0.1s
[finetune_replay] ep  77/90 | train loss=0.0003 top1=1.000 | val loss=0.0003 | t=0.1s  *
[finetune_replay] ep  78/90 | train loss=0.0003 top1=1.000 | val loss=0.0003 | t=0.1s
[finetune_replay] ep  79/90 | train loss=0.0003 top1=1.000 | val loss=0.0003 | t=0.1s
[finetune_replay] ep  80/90 | train loss=0.0003 top1=1.000 | val loss=0.0003 | t=0.1s
[finetune_replay] ep  81/90 | train loss=0.0003 top1=1.000 | val loss=0.0003 | t=0.1s
[finetune_replay] ep  82/90 | train loss=0.0003 top1=1.000 | val loss=0.0003 | t=0.2s
[finetune_replay] ep  83/90 | train loss=0.0003 top1=1.000 | val loss=0.0003 | t=0.2s
[finetune_replay] ep  84/90 | train loss=0.0004 top1=1.000 | val loss=0.0003 | t=0.1s
[finetune_replay] ep  85/90 | train loss=0.0003 top1=1.000 | val loss=0.0003 | t=0.2s
[finetune_replay] ep  86/90 | train loss=0.0003 top1=1.000 | val loss=0.0003 | t=0.1s
[finetune_replay] ep  87/90 | train loss=0.0004 top1=1.000 | val loss=0.0003 | t=0.1s
[finetune_replay] ep  88/90 | train loss=0.0004 top1=1.000 | val loss=0.0003 | t=0.1s
[finetune_replay] ep  89/90 | train loss=0.0003 top1=1.000 | val loss=0.0003 | t=0.1s
[finetune_replay] ep  90/90 | train loss=0.0003 top1=1.000 | val loss=0.0003 | t=0.2s
[finetune_replay] DONE best_val_loss=0.0003 @ epoch 77
[15:06:51] [bo-budget] $ /home/s226137394/.conda/envs/maze/bin/python3 -u -m Equivariant_pathway.equivariant_CNN_hybrid.rollout_test --checkpoint /weka/s226137394/DmNfull/Equivariant_pathway/equivariant_CNN_hybrid/baseline_vs_p4/pool_x_selector/results/run_9/safe_dagger/checkpoints/best_hybrid_policy.pth --layouts /weka/s226137394/DmNfull/Equivariant_pathway/equivariant_CNN_hybrid/baseline_vs_p4/shared/heldout_layouts.yaml --out_dir /weka/s226137394/DmNfull/Equivariant_pathway/equivariant_CNN_hybrid/baseline_vs_p4/pool_x_selector/results/run_9/safe_dagger/results/eval_round_012 --seed 21 --max_steps 60
[hybrid-rollout] 200 unique; running 200 eps
[hybrid-rollout] loaded /weka/s226137394/DmNfull/Equivariant_pathway/equivariant_CNN_hybrid/baseline_vs_p4/pool_x_selector/results/run_9/safe_dagger/checkpoints/best_hybrid_policy.pth
[hybrid-rollout] ep 0 (heldout_001): steps=5 success=True
[hybrid-rollout] ep 1 (heldout_002): steps=4 success=True
[hybrid-rollout] ep 2 (heldout_003): steps=4 success=True
[hybrid-rollout] ep 3 (heldout_004): steps=6 success=True
[hybrid-rollout] ep 4 (heldout_005): steps=5 success=True
[hybrid-rollout] ep 5 (heldout_006): steps=3 success=False
[hybrid-rollout] ep 6 (heldout_007): steps=5 success=True
[hybrid-rollout] ep 7 (heldout_008): steps=4 success=True
[hybrid-rollout] ep 8 (heldout_009): steps=6 success=True
[hybrid-rollout] ep 9 (heldout_010): steps=8 success=True
[hybrid-rollout] ep 10 (heldout_011): steps=4 success=True
[hybrid-rollout] ep 11 (heldout_012): steps=4 success=True
[hybrid-rollout] ep 12 (heldout_013): steps=5 success=True
[hybrid-rollout] ep 13 (heldout_014): steps=5 success=True
[hybrid-rollout] ep 14 (heldout_015): steps=4 success=True
[hybrid-rollout] ep 15 (heldout_016): steps=5 success=True
[hybrid-rollout] ep 16 (heldout_017): steps=4 success=True
[hybrid-rollout] ep 17 (heldout_018): steps=60 success=False
[hybrid-rollout] ep 18 (heldout_019): steps=5 success=True
[hybrid-rollout] ep 19 (heldout_020): steps=5 success=True
[hybrid-rollout] ep 20 (heldout_021): steps=4 success=True
[hybrid-rollout] ep 21 (heldout_022): steps=4 success=True
[hybrid-rollout] ep 22 (heldout_023): steps=60 success=False
[hybrid-rollout] ep 23 (heldout_024): steps=60 success=False
[hybrid-rollout] ep 24 (heldout_025): steps=4 success=True
[hybrid-rollout] ep 25 (heldout_026): steps=4 success=True
[hybrid-rollout] ep 26 (heldout_027): steps=4 success=True
[hybrid-rollout] ep 27 (heldout_028): steps=4 success=True
[hybrid-rollout] ep 28 (heldout_029): steps=5 success=True
[hybrid-rollout] ep 29 (heldout_030): steps=5 success=True
[hybrid-rollout] ep 30 (heldout_031): steps=5 success=True
[hybrid-rollout] ep 31 (heldout_032): steps=5 success=True
[hybrid-rollout] ep 32 (heldout_033): steps=4 success=True
[hybrid-rollout] ep 33 (heldout_034): steps=5 success=True
[hybrid-rollout] ep 34 (heldout_035): steps=6 success=True
[hybrid-rollout] ep 35 (heldout_036): steps=5 success=True
[hybrid-rollout] ep 36 (heldout_037): steps=4 success=True
[hybrid-rollout] ep 37 (heldout_038): steps=5 success=True
[hybrid-rollout] ep 38 (heldout_039): steps=6 success=True
[hybrid-rollout] ep 39 (heldout_040): steps=5 success=True
[hybrid-rollout] ep 40 (heldout_041): steps=60 success=False
[hybrid-rollout] ep 41 (heldout_042): steps=60 success=False
[hybrid-rollout] ep 42 (heldout_043): steps=4 success=True
[hybrid-rollout] ep 43 (heldout_044): steps=5 success=True
[hybrid-rollout] ep 44 (heldout_045): steps=5 success=True
[hybrid-rollout] ep 45 (heldout_046): steps=4 success=True
[hybrid-rollout] ep 46 (heldout_047): steps=3 success=False
[hybrid-rollout] ep 47 (heldout_048): steps=6 success=True
[hybrid-rollout] ep 48 (heldout_049): steps=5 success=True
[hybrid-rollout] ep 49 (heldout_050): steps=4 success=True
[hybrid-rollout] ep 50 (heldout_051): steps=4 success=True
[hybrid-rollout] ep 51 (heldout_052): steps=4 success=True
[hybrid-rollout] ep 52 (heldout_053): steps=6 success=True
[hybrid-rollout] ep 53 (heldout_054): steps=4 success=True
[hybrid-rollout] ep 54 (heldout_055): steps=6 success=True
[hybrid-rollout] ep 55 (heldout_056): steps=4 success=True
[hybrid-rollout] ep 56 (heldout_057): steps=4 success=True
[hybrid-rollout] ep 57 (heldout_058): steps=4 success=True
[hybrid-rollout] ep 58 (heldout_059): steps=5 success=True
[hybrid-rollout] ep 59 (heldout_060): steps=6 success=True
[hybrid-rollout] ep 60 (heldout_061): steps=5 success=True
[hybrid-rollout] ep 61 (heldout_062): steps=6 success=True
[hybrid-rollout] ep 62 (heldout_063): steps=5 success=True
[hybrid-rollout] ep 63 (heldout_064): steps=4 success=True
[hybrid-rollout] ep 64 (heldout_065): steps=7 success=True
[hybrid-rollout] ep 65 (heldout_066): steps=6 success=True
[hybrid-rollout] ep 66 (heldout_067): steps=5 success=True
[hybrid-rollout] ep 67 (heldout_068): steps=4 success=True
[hybrid-rollout] ep 68 (heldout_069): steps=4 success=True
[hybrid-rollout] ep 69 (heldout_070): steps=7 success=True
[hybrid-rollout] ep 70 (heldout_071): steps=5 success=True
[hybrid-rollout] ep 71 (heldout_072): steps=5 success=True
[hybrid-rollout] ep 72 (heldout_073): steps=60 success=False
[hybrid-rollout] ep 73 (heldout_074): steps=4 success=True
[hybrid-rollout] ep 74 (heldout_075): steps=5 success=True
[hybrid-rollout] ep 75 (heldout_076): steps=60 success=False
[hybrid-rollout] ep 76 (heldout_077): steps=4 success=True
[hybrid-rollout] ep 77 (heldout_078): steps=3 success=False
[hybrid-rollout] ep 78 (heldout_079): steps=4 success=True
[hybrid-rollout] ep 79 (heldout_080): steps=4 success=True
[hybrid-rollout] ep 80 (heldout_081): steps=5 success=True
[hybrid-rollout] ep 81 (heldout_082): steps=5 success=True
[hybrid-rollout] ep 82 (heldout_083): steps=4 success=True
[hybrid-rollout] ep 83 (heldout_084): steps=5 success=True
[hybrid-rollout] ep 84 (heldout_085): steps=60 success=False
[hybrid-rollout] ep 85 (heldout_086): steps=6 success=True
[hybrid-rollout] ep 86 (heldout_087): steps=60 success=False
[hybrid-rollout] ep 87 (heldout_088): steps=4 success=True
[hybrid-rollout] ep 88 (heldout_089): steps=3 success=False
[hybrid-rollout] ep 89 (heldout_090): steps=4 success=True
[hybrid-rollout] ep 90 (heldout_091): steps=5 success=True
[hybrid-rollout] ep 91 (heldout_092): steps=5 success=True
[hybrid-rollout] ep 92 (heldout_093): steps=6 success=True
[hybrid-rollout] ep 93 (heldout_094): steps=6 success=True
[hybrid-rollout] ep 94 (heldout_095): steps=7 success=True
[hybrid-rollout] ep 95 (heldout_096): steps=5 success=True
[hybrid-rollout] ep 96 (heldout_097): steps=5 success=True
[hybrid-rollout] ep 97 (heldout_098): steps=5 success=True
[hybrid-rollout] ep 98 (heldout_099): steps=60 success=False
[hybrid-rollout] ep 99 (heldout_100): steps=8 success=True
[hybrid-rollout] ep 100 (heldout_101): steps=4 success=True
[hybrid-rollout] ep 101 (heldout_102): steps=4 success=True
[hybrid-rollout] ep 102 (heldout_103): steps=60 success=False
[hybrid-rollout] ep 103 (heldout_104): steps=6 success=True
[hybrid-rollout] ep 104 (heldout_105): steps=6 success=True
[hybrid-rollout] ep 105 (heldout_106): steps=6 success=True
[hybrid-rollout] ep 106 (heldout_107): steps=4 success=True
[hybrid-rollout] ep 107 (heldout_108): steps=4 success=True
[hybrid-rollout] ep 108 (heldout_109): steps=4 success=True
[hybrid-rollout] ep 109 (heldout_110): steps=60 success=False
[hybrid-rollout] ep 110 (heldout_111): steps=60 success=False
[hybrid-rollout] ep 111 (heldout_112): steps=5 success=True
[hybrid-rollout] ep 112 (heldout_113): steps=5 success=True
[hybrid-rollout] ep 113 (heldout_114): steps=4 success=True
[hybrid-rollout] ep 114 (heldout_115): steps=4 success=True
[hybrid-rollout] ep 115 (heldout_116): steps=5 success=True
[hybrid-rollout] ep 116 (heldout_117): steps=5 success=True
[hybrid-rollout] ep 117 (heldout_118): steps=7 success=True
[hybrid-rollout] ep 118 (heldout_119): steps=4 success=True
[hybrid-rollout] ep 119 (heldout_120): steps=7 success=True
[hybrid-rollout] ep 120 (heldout_121): steps=4 success=True
[hybrid-rollout] ep 121 (heldout_122): steps=4 success=True
[hybrid-rollout] ep 122 (heldout_123): steps=6 success=True
[hybrid-rollout] ep 123 (heldout_124): steps=60 success=False
[hybrid-rollout] ep 124 (heldout_125): steps=4 success=True
[hybrid-rollout] ep 125 (heldout_126): steps=4 success=True
[hybrid-rollout] ep 126 (heldout_127): steps=60 success=False
[hybrid-rollout] ep 127 (heldout_128): steps=7 success=True
[hybrid-rollout] ep 128 (heldout_129): steps=4 success=True
[hybrid-rollout] ep 129 (heldout_130): steps=4 success=True
[hybrid-rollout] ep 130 (heldout_131): steps=60 success=False
[hybrid-rollout] ep 131 (heldout_132): steps=4 success=True
[hybrid-rollout] ep 132 (heldout_133): steps=4 success=True
[hybrid-rollout] ep 133 (heldout_134): steps=60 success=False
[hybrid-rollout] ep 134 (heldout_135): steps=6 success=True
[hybrid-rollout] ep 135 (heldout_136): steps=5 success=True
[hybrid-rollout] ep 136 (heldout_137): steps=5 success=True
[hybrid-rollout] ep 137 (heldout_138): steps=4 success=True
[hybrid-rollout] ep 138 (heldout_139): steps=4 success=True
[hybrid-rollout] ep 139 (heldout_140): steps=5 success=True
[hybrid-rollout] ep 140 (heldout_141): steps=5 success=True
[hybrid-rollout] ep 141 (heldout_142): steps=4 success=True
[hybrid-rollout] ep 142 (heldout_143): steps=6 success=True
[hybrid-rollout] ep 143 (heldout_144): steps=4 success=True
[hybrid-rollout] ep 144 (heldout_145): steps=5 success=True
[hybrid-rollout] ep 145 (heldout_146): steps=7 success=True
[hybrid-rollout] ep 146 (heldout_147): steps=4 success=True
[hybrid-rollout] ep 147 (heldout_148): steps=60 success=False
[hybrid-rollout] ep 148 (heldout_149): steps=5 success=True
[hybrid-rollout] ep 149 (heldout_150): steps=4 success=True
[hybrid-rollout] ep 150 (heldout_151): steps=5 success=True
[hybrid-rollout] ep 151 (heldout_152): steps=6 success=True
[hybrid-rollout] ep 152 (heldout_153): steps=5 success=True
[hybrid-rollout] ep 153 (heldout_154): steps=60 success=False
[hybrid-rollout] ep 154 (heldout_155): steps=60 success=False
[hybrid-rollout] ep 155 (heldout_156): steps=3 success=False
[hybrid-rollout] ep 156 (heldout_157): steps=4 success=True
[hybrid-rollout] ep 157 (heldout_158): steps=3 success=False
[hybrid-rollout] ep 158 (heldout_159): steps=6 success=True
[hybrid-rollout] ep 159 (heldout_160): steps=60 success=False
[hybrid-rollout] ep 160 (heldout_161): steps=60 success=False
[hybrid-rollout] ep 161 (heldout_162): steps=5 success=True
[hybrid-rollout] ep 162 (heldout_163): steps=4 success=True
[hybrid-rollout] ep 163 (heldout_164): steps=4 success=True
[hybrid-rollout] ep 164 (heldout_165): steps=5 success=True
[hybrid-rollout] ep 165 (heldout_166): steps=4 success=True
[hybrid-rollout] ep 166 (heldout_167): steps=4 success=True
[hybrid-rollout] ep 167 (heldout_168): steps=4 success=True
[hybrid-rollout] ep 168 (heldout_169): steps=60 success=False
[hybrid-rollout] ep 169 (heldout_170): steps=5 success=False
[hybrid-rollout] ep 170 (heldout_171): steps=4 success=True
[hybrid-rollout] ep 171 (heldout_172): steps=5 success=True
[hybrid-rollout] ep 172 (heldout_173): steps=4 success=True
[hybrid-rollout] ep 173 (heldout_174): steps=5 success=True
[hybrid-rollout] ep 174 (heldout_175): steps=60 success=False
[hybrid-rollout] ep 175 (heldout_176): steps=60 success=False
[hybrid-rollout] ep 176 (heldout_177): steps=6 success=True
[hybrid-rollout] ep 177 (heldout_178): steps=5 success=True
[hybrid-rollout] ep 178 (heldout_179): steps=5 success=True
[hybrid-rollout] ep 179 (heldout_180): steps=4 success=True
[hybrid-rollout] ep 180 (heldout_181): steps=5 success=True
[hybrid-rollout] ep 181 (heldout_182): steps=4 success=True
[hybrid-rollout] ep 182 (heldout_183): steps=5 success=True
[hybrid-rollout] ep 183 (heldout_184): steps=7 success=True
[hybrid-rollout] ep 184 (heldout_185): steps=5 success=True
[hybrid-rollout] ep 185 (heldout_186): steps=4 success=True
[hybrid-rollout] ep 186 (heldout_187): steps=5 success=True
[hybrid-rollout] ep 187 (heldout_188): steps=5 success=True
[hybrid-rollout] ep 188 (heldout_189): steps=5 success=True
[hybrid-rollout] ep 189 (heldout_190): steps=7 success=True
[hybrid-rollout] ep 190 (heldout_191): steps=4 success=True
[hybrid-rollout] ep 191 (heldout_192): steps=5 success=True
[hybrid-rollout] ep 192 (heldout_193): steps=7 success=True
[hybrid-rollout] ep 193 (heldout_194): steps=6 success=True
[hybrid-rollout] ep 194 (heldout_195): steps=5 success=True
[hybrid-rollout] ep 195 (heldout_196): steps=4 success=True
[hybrid-rollout] ep 196 (heldout_197): steps=5 success=True
[hybrid-rollout] ep 197 (heldout_198): steps=4 success=True
[hybrid-rollout] ep 198 (heldout_199): steps=4 success=True
[hybrid-rollout] ep 199 (heldout_200): steps=4 success=True
[hybrid-rollout] DONE successes=168/200
[15:08:12] [iil-baseline] round 12: heldout_sr=0.840

--------------------------------------------------------------------------------
SAFE_DAGGER ROUND 13  (remaining budget = 3)
--------------------------------------------------------------------------------
[15:08:14] [iil-baseline] round 13: pool=20 successes=19 failures=1 correction_sr=0.950
[15:08:14] [iil-baseline] round 13: picked=1 saved=1 cum_extras=13/15
[15:08:14] [iil-baseline] $ /home/s226137394/.conda/envs/maze/bin/python3 -u -m Equivariant_pathway.equivariant_CNN_hybrid.baseline_vs_p4.pool_x_selector.trainer.finetune_replay --demo_dir /weka/s226137394/DmNfull/Equivariant_pathway/equivariant_CNN_hybrid/baseline_vs_p4/pool_x_selector/results/run_9/safe_dagger/demos --checkpoint_dir /weka/s226137394/DmNfull/Equivariant_pathway/equivariant_CNN_hybrid/baseline_vs_p4/pool_x_selector/results/run_9/safe_dagger/checkpoints --epochs 90 --batch_size 64 --lr 5e-05 --weight_decay 0.0001 --replay_mix 0.5 --replay_mix_floor 0.2 --seed 9 --resume --new_demos_dir /weka/s226137394/DmNfull/Equivariant_pathway/equivariant_CNN_hybrid/baseline_vs_p4/pool_x_selector/results/run_9/safe_dagger/demos/round_013
[finetune_replay] device=cuda demo_dir=/weka/s226137394/DmNfull/Equivariant_pathway/equivariant_CNN_hybrid/baseline_vs_p4/pool_x_selector/results/run_9/safe_dagger/demos new_demos_dir=/weka/s226137394/DmNfull/Equivariant_pathway/equivariant_CNN_hybrid/baseline_vs_p4/pool_x_selector/results/run_9/safe_dagger/demos/round_013
[hybrid-dataset] 32 demos -> 167 samples
[hybrid-dataset] 1 demos -> 8 samples
[finetune_replay] sampler audit: {'n_old_samples': 167, 'n_new_samples': 8, 'replay_mix_target': 0.5, 'replay_mix_effective': 0.5, 'replay_mix_floor': 0.2}
[finetune_replay] trainable params: 1,400,028
[finetune_replay] WARM START from last_hybrid_policy.pth
[finetune_replay] ep   1/90 | train loss=0.5410 top1=0.899 | val loss=0.0832 | t=0.8s  *
[finetune_replay] ep   2/90 | train loss=0.1644 top1=0.930 | val loss=0.0083 | t=0.1s  *
[finetune_replay] ep   3/90 | train loss=0.0449 top1=1.000 | val loss=0.0082 | t=0.1s  *
[finetune_replay] ep   4/90 | train loss=0.0117 top1=1.000 | val loss=0.0124 | t=0.1s
[finetune_replay] ep   5/90 | train loss=0.0239 top1=1.000 | val loss=0.0109 | t=0.3s
[finetune_replay] ep   6/90 | train loss=0.0072 top1=1.000 | val loss=0.0039 | t=0.2s  *
[finetune_replay] ep   7/90 | train loss=0.0045 top1=1.000 | val loss=0.0036 | t=0.2s  *
[finetune_replay] ep   8/90 | train loss=0.0030 top1=1.000 | val loss=0.0033 | t=0.2s  *
[finetune_replay] ep   9/90 | train loss=0.0022 top1=1.000 | val loss=0.0037 | t=0.1s
[finetune_replay] ep  10/90 | train loss=0.0020 top1=1.000 | val loss=0.0033 | t=0.1s
[finetune_replay] ep  11/90 | train loss=0.0025 top1=1.000 | val loss=0.0033 | t=0.2s
[finetune_replay] ep  12/90 | train loss=0.0027 top1=1.000 | val loss=0.0024 | t=0.2s  *
[finetune_replay] ep  13/90 | train loss=0.0018 top1=1.000 | val loss=0.0024 | t=0.1s  *
[finetune_replay] ep  14/90 | train loss=0.0012 top1=1.000 | val loss=0.0020 | t=0.1s  *
[finetune_replay] ep  15/90 | train loss=0.0009 top1=1.000 | val loss=0.0018 | t=0.1s  *
[finetune_replay] ep  16/90 | train loss=0.0013 top1=1.000 | val loss=0.0025 | t=0.1s
[finetune_replay] ep  17/90 | train loss=0.0013 top1=1.000 | val loss=0.0040 | t=0.1s
[finetune_replay] ep  18/90 | train loss=0.0012 top1=1.000 | val loss=0.0030 | t=0.2s
[finetune_replay] ep  19/90 | train loss=0.0009 top1=1.000 | val loss=0.0019 | t=0.1s
[finetune_replay] ep  20/90 | train loss=0.0012 top1=1.000 | val loss=0.0016 | t=0.1s  *
[finetune_replay] ep  21/90 | train loss=0.0008 top1=1.000 | val loss=0.0017 | t=0.1s
[finetune_replay] ep  22/90 | train loss=0.0009 top1=1.000 | val loss=0.0016 | t=0.1s  *
[finetune_replay] ep  23/90 | train loss=0.0006 top1=1.000 | val loss=0.0013 | t=0.1s  *
[finetune_replay] ep  24/90 | train loss=0.0008 top1=1.000 | val loss=0.0015 | t=0.2s
[finetune_replay] ep  25/90 | train loss=0.0010 top1=1.000 | val loss=0.0018 | t=0.1s
[finetune_replay] ep  26/90 | train loss=0.0008 top1=1.000 | val loss=0.0029 | t=0.2s
[finetune_replay] ep  27/90 | train loss=0.0005 top1=1.000 | val loss=0.0025 | t=0.1s
[finetune_replay] ep  28/90 | train loss=0.0007 top1=1.000 | val loss=0.0018 | t=0.1s
[finetune_replay] ep  29/90 | train loss=0.0007 top1=1.000 | val loss=0.0017 | t=0.1s
[finetune_replay] ep  30/90 | train loss=0.0007 top1=1.000 | val loss=0.0019 | t=0.1s
[finetune_replay] ep  31/90 | train loss=0.0007 top1=1.000 | val loss=0.0019 | t=0.1s
[finetune_replay] ep  32/90 | train loss=0.0009 top1=1.000 | val loss=0.0019 | t=0.1s
[finetune_replay] ep  33/90 | train loss=0.0006 top1=1.000 | val loss=0.0021 | t=0.1s
[finetune_replay] ep  34/90 | train loss=0.0007 top1=1.000 | val loss=0.0026 | t=0.1s
[finetune_replay] ep  35/90 | train loss=0.0005 top1=1.000 | val loss=0.0025 | t=0.1s
[finetune_replay] ep  36/90 | train loss=0.0006 top1=1.000 | val loss=0.0020 | t=0.1s
[finetune_replay] ep  37/90 | train loss=0.0006 top1=1.000 | val loss=0.0019 | t=0.1s
[finetune_replay] ep  38/90 | train loss=0.0007 top1=1.000 | val loss=0.0018 | t=0.1s
[finetune_replay] ep  39/90 | train loss=0.0007 top1=1.000 | val loss=0.0021 | t=0.1s
[finetune_replay] ep  40/90 | train loss=0.0007 top1=1.000 | val loss=0.0026 | t=0.1s
[finetune_replay] ep  41/90 | train loss=0.0006 top1=1.000 | val loss=0.0023 | t=0.1s
[finetune_replay] ep  42/90 | train loss=0.0006 top1=1.000 | val loss=0.0019 | t=0.1s
[finetune_replay] ep  43/90 | train loss=0.0005 top1=1.000 | val loss=0.0018 | t=0.1s
[finetune_replay] ep  44/90 | train loss=0.0006 top1=1.000 | val loss=0.0017 | t=0.1s
[finetune_replay] ep  45/90 | train loss=0.0006 top1=1.000 | val loss=0.0019 | t=0.1s
[finetune_replay] ep  46/90 | train loss=0.0005 top1=1.000 | val loss=0.0018 | t=0.1s
[finetune_replay] ep  47/90 | train loss=0.0005 top1=1.000 | val loss=0.0017 | t=0.1s
[finetune_replay] ep  48/90 | train loss=0.0005 top1=1.000 | val loss=0.0017 | t=0.1s
[finetune_replay] ep  49/90 | train loss=0.0005 top1=1.000 | val loss=0.0019 | t=0.1s
[finetune_replay] ep  50/90 | train loss=0.0006 top1=1.000 | val loss=0.0019 | t=0.1s
[finetune_replay] ep  51/90 | train loss=0.0004 top1=1.000 | val loss=0.0019 | t=0.1s
[finetune_replay] ep  52/90 | train loss=0.0007 top1=1.000 | val loss=0.0018 | t=0.1s
[finetune_replay] ep  53/90 | train loss=0.0006 top1=1.000 | val loss=0.0019 | t=0.1s
[finetune_replay] ep  54/90 | train loss=0.0005 top1=1.000 | val loss=0.0019 | t=0.1s
[finetune_replay] ep  55/90 | train loss=0.0005 top1=1.000 | val loss=0.0019 | t=0.1s
[finetune_replay] ep  56/90 | train loss=0.0004 top1=1.000 | val loss=0.0018 | t=0.1s
[finetune_replay] ep  57/90 | train loss=0.0006 top1=1.000 | val loss=0.0018 | t=0.1s
[finetune_replay] ep  58/90 | train loss=0.0004 top1=1.000 | val loss=0.0019 | t=0.1s
[finetune_replay] ep  59/90 | train loss=0.0005 top1=1.000 | val loss=0.0020 | t=0.1s
[finetune_replay] ep  60/90 | train loss=0.0005 top1=1.000 | val loss=0.0020 | t=0.1s
[finetune_replay] ep  61/90 | train loss=0.0004 top1=1.000 | val loss=0.0021 | t=0.1s
[finetune_replay] ep  62/90 | train loss=0.0004 top1=1.000 | val loss=0.0020 | t=0.1s
[finetune_replay] ep  63/90 | train loss=0.0004 top1=1.000 | val loss=0.0021 | t=0.1s
[finetune_replay] ep  64/90 | train loss=0.0005 top1=1.000 | val loss=0.0019 | t=0.1s
[finetune_replay] ep  65/90 | train loss=0.0005 top1=1.000 | val loss=0.0018 | t=0.1s
[finetune_replay] ep  66/90 | train loss=0.0005 top1=1.000 | val loss=0.0017 | t=0.1s
[finetune_replay] ep  67/90 | train loss=0.0004 top1=1.000 | val loss=0.0016 | t=0.1s
[finetune_replay] ep  68/90 | train loss=0.0004 top1=1.000 | val loss=0.0016 | t=0.1s
[finetune_replay] ep  69/90 | train loss=0.0005 top1=1.000 | val loss=0.0016 | t=0.1s
[finetune_replay] ep  70/90 | train loss=0.0005 top1=1.000 | val loss=0.0017 | t=0.1s
[finetune_replay] ep  71/90 | train loss=0.0005 top1=1.000 | val loss=0.0017 | t=0.1s
[finetune_replay] ep  72/90 | train loss=0.0004 top1=1.000 | val loss=0.0018 | t=0.1s
[finetune_replay] ep  73/90 | train loss=0.0004 top1=1.000 | val loss=0.0017 | t=0.1s
[finetune_replay] ep  74/90 | train loss=0.0006 top1=1.000 | val loss=0.0018 | t=0.1s
[finetune_replay] ep  75/90 | train loss=0.0005 top1=1.000 | val loss=0.0019 | t=0.1s
[finetune_replay] ep  76/90 | train loss=0.0005 top1=1.000 | val loss=0.0020 | t=0.1s
[finetune_replay] ep  77/90 | train loss=0.0004 top1=1.000 | val loss=0.0019 | t=0.1s
[finetune_replay] ep  78/90 | train loss=0.0005 top1=1.000 | val loss=0.0019 | t=0.1s
[finetune_replay] ep  79/90 | train loss=0.0004 top1=1.000 | val loss=0.0018 | t=0.1s
[finetune_replay] ep  80/90 | train loss=0.0004 top1=1.000 | val loss=0.0019 | t=0.1s
[finetune_replay] ep  81/90 | train loss=0.0005 top1=1.000 | val loss=0.0021 | t=0.1s
[finetune_replay] ep  82/90 | train loss=0.0004 top1=1.000 | val loss=0.0020 | t=0.1s
[finetune_replay] ep  83/90 | train loss=0.0006 top1=1.000 | val loss=0.0019 | t=0.1s
[finetune_replay] ep  84/90 | train loss=0.0005 top1=1.000 | val loss=0.0020 | t=0.1s
[finetune_replay] ep  85/90 | train loss=0.0005 top1=1.000 | val loss=0.0019 | t=0.1s
[finetune_replay] ep  86/90 | train loss=0.0004 top1=1.000 | val loss=0.0018 | t=0.1s
[finetune_replay] ep  87/90 | train loss=0.0005 top1=1.000 | val loss=0.0017 | t=0.1s
[finetune_replay] ep  88/90 | train loss=0.0004 top1=1.000 | val loss=0.0018 | t=0.1s
[finetune_replay] ep  89/90 | train loss=0.0004 top1=1.000 | val loss=0.0021 | t=0.2s
[finetune_replay] ep  90/90 | train loss=0.0004 top1=1.000 | val loss=0.0021 | t=0.1s
[finetune_replay] DONE best_val_loss=0.0013 @ epoch 23
[15:08:42] [bo-budget] $ /home/s226137394/.conda/envs/maze/bin/python3 -u -m Equivariant_pathway.equivariant_CNN_hybrid.rollout_test --checkpoint /weka/s226137394/DmNfull/Equivariant_pathway/equivariant_CNN_hybrid/baseline_vs_p4/pool_x_selector/results/run_9/safe_dagger/checkpoints/best_hybrid_policy.pth --layouts /weka/s226137394/DmNfull/Equivariant_pathway/equivariant_CNN_hybrid/baseline_vs_p4/shared/heldout_layouts.yaml --out_dir /weka/s226137394/DmNfull/Equivariant_pathway/equivariant_CNN_hybrid/baseline_vs_p4/pool_x_selector/results/run_9/safe_dagger/results/eval_round_013 --seed 22 --max_steps 60
[hybrid-rollout] 200 unique; running 200 eps
[hybrid-rollout] loaded /weka/s226137394/DmNfull/Equivariant_pathway/equivariant_CNN_hybrid/baseline_vs_p4/pool_x_selector/results/run_9/safe_dagger/checkpoints/best_hybrid_policy.pth
[hybrid-rollout] ep 0 (heldout_001): steps=5 success=True
[hybrid-rollout] ep 1 (heldout_002): steps=4 success=True
[hybrid-rollout] ep 2 (heldout_003): steps=4 success=True
[hybrid-rollout] ep 3 (heldout_004): steps=6 success=True
[hybrid-rollout] ep 4 (heldout_005): steps=5 success=True
[hybrid-rollout] ep 5 (heldout_006): steps=3 success=False
[hybrid-rollout] ep 6 (heldout_007): steps=5 success=True
[hybrid-rollout] ep 7 (heldout_008): steps=4 success=True
[hybrid-rollout] ep 8 (heldout_009): steps=6 success=True
[hybrid-rollout] ep 9 (heldout_010): steps=60 success=False
[hybrid-rollout] ep 10 (heldout_011): steps=4 success=True
[hybrid-rollout] ep 11 (heldout_012): steps=4 success=True
[hybrid-rollout] ep 12 (heldout_013): steps=5 success=True
[hybrid-rollout] ep 13 (heldout_014): steps=5 success=True
[hybrid-rollout] ep 14 (heldout_015): steps=4 success=True
[hybrid-rollout] ep 15 (heldout_016): steps=5 success=True
[hybrid-rollout] ep 16 (heldout_017): steps=4 success=True
[hybrid-rollout] ep 17 (heldout_018): steps=60 success=False
[hybrid-rollout] ep 18 (heldout_019): steps=5 success=True
[hybrid-rollout] ep 19 (heldout_020): steps=5 success=True
[hybrid-rollout] ep 20 (heldout_021): steps=4 success=True
[hybrid-rollout] ep 21 (heldout_022): steps=4 success=True
[hybrid-rollout] ep 22 (heldout_023): steps=7 success=True
[hybrid-rollout] ep 23 (heldout_024): steps=60 success=False
[hybrid-rollout] ep 24 (heldout_025): steps=4 success=True
[hybrid-rollout] ep 25 (heldout_026): steps=4 success=True
[hybrid-rollout] ep 26 (heldout_027): steps=4 success=True
[hybrid-rollout] ep 27 (heldout_028): steps=4 success=True
[hybrid-rollout] ep 28 (heldout_029): steps=5 success=True
[hybrid-rollout] ep 29 (heldout_030): steps=5 success=True
[hybrid-rollout] ep 30 (heldout_031): steps=5 success=True
[hybrid-rollout] ep 31 (heldout_032): steps=5 success=True
[hybrid-rollout] ep 32 (heldout_033): steps=4 success=True
[hybrid-rollout] ep 33 (heldout_034): steps=5 success=True
[hybrid-rollout] ep 34 (heldout_035): steps=6 success=True
[hybrid-rollout] ep 35 (heldout_036): steps=5 success=True
[hybrid-rollout] ep 36 (heldout_037): steps=4 success=True
[hybrid-rollout] ep 37 (heldout_038): steps=5 success=True
[hybrid-rollout] ep 38 (heldout_039): steps=6 success=True
[hybrid-rollout] ep 39 (heldout_040): steps=5 success=True
[hybrid-rollout] ep 40 (heldout_041): steps=60 success=False
[hybrid-rollout] ep 41 (heldout_042): steps=60 success=False
[hybrid-rollout] ep 42 (heldout_043): steps=4 success=True
[hybrid-rollout] ep 43 (heldout_044): steps=5 success=True
[hybrid-rollout] ep 44 (heldout_045): steps=5 success=True
[hybrid-rollout] ep 45 (heldout_046): steps=4 success=True
[hybrid-rollout] ep 46 (heldout_047): steps=3 success=False
[hybrid-rollout] ep 47 (heldout_048): steps=6 success=True
[hybrid-rollout] ep 48 (heldout_049): steps=5 success=True
[hybrid-rollout] ep 49 (heldout_050): steps=4 success=True
[hybrid-rollout] ep 50 (heldout_051): steps=4 success=True
[hybrid-rollout] ep 51 (heldout_052): steps=4 success=True
[hybrid-rollout] ep 52 (heldout_053): steps=6 success=True
[hybrid-rollout] ep 53 (heldout_054): steps=4 success=True
[hybrid-rollout] ep 54 (heldout_055): steps=6 success=True
[hybrid-rollout] ep 55 (heldout_056): steps=4 success=True
[hybrid-rollout] ep 56 (heldout_057): steps=4 success=True
[hybrid-rollout] ep 57 (heldout_058): steps=4 success=True
[hybrid-rollout] ep 58 (heldout_059): steps=5 success=True
[hybrid-rollout] ep 59 (heldout_060): steps=6 success=True
[hybrid-rollout] ep 60 (heldout_061): steps=5 success=True
[hybrid-rollout] ep 61 (heldout_062): steps=6 success=True
[hybrid-rollout] ep 62 (heldout_063): steps=5 success=True
[hybrid-rollout] ep 63 (heldout_064): steps=4 success=True
[hybrid-rollout] ep 64 (heldout_065): steps=7 success=True
[hybrid-rollout] ep 65 (heldout_066): steps=6 success=True
[hybrid-rollout] ep 66 (heldout_067): steps=5 success=True
[hybrid-rollout] ep 67 (heldout_068): steps=4 success=True
[hybrid-rollout] ep 68 (heldout_069): steps=4 success=True
[hybrid-rollout] ep 69 (heldout_070): steps=7 success=True
[hybrid-rollout] ep 70 (heldout_071): steps=5 success=True
[hybrid-rollout] ep 71 (heldout_072): steps=5 success=True
[hybrid-rollout] ep 72 (heldout_073): steps=3 success=False
[hybrid-rollout] ep 73 (heldout_074): steps=4 success=True
[hybrid-rollout] ep 74 (heldout_075): steps=5 success=True
[hybrid-rollout] ep 75 (heldout_076): steps=60 success=False
[hybrid-rollout] ep 76 (heldout_077): steps=4 success=True
[hybrid-rollout] ep 77 (heldout_078): steps=3 success=False
[hybrid-rollout] ep 78 (heldout_079): steps=4 success=True
[hybrid-rollout] ep 79 (heldout_080): steps=4 success=True
[hybrid-rollout] ep 80 (heldout_081): steps=5 success=True
[hybrid-rollout] ep 81 (heldout_082): steps=5 success=True
[hybrid-rollout] ep 82 (heldout_083): steps=4 success=True
[hybrid-rollout] ep 83 (heldout_084): steps=5 success=True
[hybrid-rollout] ep 84 (heldout_085): steps=60 success=False
[hybrid-rollout] ep 85 (heldout_086): steps=6 success=True
[hybrid-rollout] ep 86 (heldout_087): steps=60 success=False
[hybrid-rollout] ep 87 (heldout_088): steps=4 success=True
[hybrid-rollout] ep 88 (heldout_089): steps=3 success=False
[hybrid-rollout] ep 89 (heldout_090): steps=4 success=True
[hybrid-rollout] ep 90 (heldout_091): steps=5 success=True
[hybrid-rollout] ep 91 (heldout_092): steps=5 success=True
[hybrid-rollout] ep 92 (heldout_093): steps=6 success=True
[hybrid-rollout] ep 93 (heldout_094): steps=6 success=True
[hybrid-rollout] ep 94 (heldout_095): steps=7 success=True
[hybrid-rollout] ep 95 (heldout_096): steps=5 success=True
[hybrid-rollout] ep 96 (heldout_097): steps=5 success=True
[hybrid-rollout] ep 97 (heldout_098): steps=5 success=True
[hybrid-rollout] ep 98 (heldout_099): steps=60 success=False
[hybrid-rollout] ep 99 (heldout_100): steps=8 success=True
[hybrid-rollout] ep 100 (heldout_101): steps=4 success=True
[hybrid-rollout] ep 101 (heldout_102): steps=4 success=True
[hybrid-rollout] ep 102 (heldout_103): steps=60 success=False
[hybrid-rollout] ep 103 (heldout_104): steps=6 success=True
[hybrid-rollout] ep 104 (heldout_105): steps=6 success=True
[hybrid-rollout] ep 105 (heldout_106): steps=6 success=True
[hybrid-rollout] ep 106 (heldout_107): steps=4 success=True
[hybrid-rollout] ep 107 (heldout_108): steps=4 success=True
[hybrid-rollout] ep 108 (heldout_109): steps=4 success=True
[hybrid-rollout] ep 109 (heldout_110): steps=60 success=False
[hybrid-rollout] ep 110 (heldout_111): steps=60 success=False
[hybrid-rollout] ep 111 (heldout_112): steps=5 success=True
[hybrid-rollout] ep 112 (heldout_113): steps=5 success=True
[hybrid-rollout] ep 113 (heldout_114): steps=60 success=False
[hybrid-rollout] ep 114 (heldout_115): steps=4 success=True
[hybrid-rollout] ep 115 (heldout_116): steps=5 success=True
[hybrid-rollout] ep 116 (heldout_117): steps=7 success=True
[hybrid-rollout] ep 117 (heldout_118): steps=9 success=True
[hybrid-rollout] ep 118 (heldout_119): steps=4 success=True
[hybrid-rollout] ep 119 (heldout_120): steps=7 success=True
[hybrid-rollout] ep 120 (heldout_121): steps=4 success=True
[hybrid-rollout] ep 121 (heldout_122): steps=4 success=True
[hybrid-rollout] ep 122 (heldout_123): steps=6 success=True
[hybrid-rollout] ep 123 (heldout_124): steps=60 success=False
[hybrid-rollout] ep 124 (heldout_125): steps=4 success=True
[hybrid-rollout] ep 125 (heldout_126): steps=4 success=True
[hybrid-rollout] ep 126 (heldout_127): steps=60 success=False
[hybrid-rollout] ep 127 (heldout_128): steps=7 success=True
[hybrid-rollout] ep 128 (heldout_129): steps=4 success=True
[hybrid-rollout] ep 129 (heldout_130): steps=4 success=True
[hybrid-rollout] ep 130 (heldout_131): steps=5 success=False
[hybrid-rollout] ep 131 (heldout_132): steps=4 success=True
[hybrid-rollout] ep 132 (heldout_133): steps=4 success=True
[hybrid-rollout] ep 133 (heldout_134): steps=60 success=False
[hybrid-rollout] ep 134 (heldout_135): steps=6 success=True
[hybrid-rollout] ep 135 (heldout_136): steps=5 success=True
[hybrid-rollout] ep 136 (heldout_137): steps=5 success=True
[hybrid-rollout] ep 137 (heldout_138): steps=4 success=True
[hybrid-rollout] ep 138 (heldout_139): steps=4 success=True
[hybrid-rollout] ep 139 (heldout_140): steps=5 success=True
[hybrid-rollout] ep 140 (heldout_141): steps=5 success=True
[hybrid-rollout] ep 141 (heldout_142): steps=4 success=True
[hybrid-rollout] ep 142 (heldout_143): steps=6 success=True
[hybrid-rollout] ep 143 (heldout_144): steps=4 success=True
[hybrid-rollout] ep 144 (heldout_145): steps=5 success=True
[hybrid-rollout] ep 145 (heldout_146): steps=7 success=True
[hybrid-rollout] ep 146 (heldout_147): steps=4 success=True
[hybrid-rollout] ep 147 (heldout_148): steps=60 success=False
[hybrid-rollout] ep 148 (heldout_149): steps=5 success=True
[hybrid-rollout] ep 149 (heldout_150): steps=4 success=True
[hybrid-rollout] ep 150 (heldout_151): steps=5 success=True
[hybrid-rollout] ep 151 (heldout_152): steps=6 success=True
[hybrid-rollout] ep 152 (heldout_153): steps=5 success=True
[hybrid-rollout] ep 153 (heldout_154): steps=7 success=True
[hybrid-rollout] ep 154 (heldout_155): steps=60 success=False
[hybrid-rollout] ep 155 (heldout_156): steps=4 success=False
[hybrid-rollout] ep 156 (heldout_157): steps=4 success=True
[hybrid-rollout] ep 157 (heldout_158): steps=3 success=False
[hybrid-rollout] ep 158 (heldout_159): steps=6 success=True
[hybrid-rollout] ep 159 (heldout_160): steps=60 success=False
[hybrid-rollout] ep 160 (heldout_161): steps=60 success=False
[hybrid-rollout] ep 161 (heldout_162): steps=5 success=True
[hybrid-rollout] ep 162 (heldout_163): steps=4 success=True
[hybrid-rollout] ep 163 (heldout_164): steps=4 success=True
[hybrid-rollout] ep 164 (heldout_165): steps=5 success=True
[hybrid-rollout] ep 165 (heldout_166): steps=4 success=True
[hybrid-rollout] ep 166 (heldout_167): steps=4 success=True
[hybrid-rollout] ep 167 (heldout_168): steps=4 success=True
[hybrid-rollout] ep 168 (heldout_169): steps=60 success=False
[hybrid-rollout] ep 169 (heldout_170): steps=6 success=True
[hybrid-rollout] ep 170 (heldout_171): steps=4 success=True
[hybrid-rollout] ep 171 (heldout_172): steps=5 success=True
[hybrid-rollout] ep 172 (heldout_173): steps=4 success=True
[hybrid-rollout] ep 173 (heldout_174): steps=5 success=True
[hybrid-rollout] ep 174 (heldout_175): steps=60 success=False
[hybrid-rollout] ep 175 (heldout_176): steps=60 success=False
[hybrid-rollout] ep 176 (heldout_177): steps=6 success=True
[hybrid-rollout] ep 177 (heldout_178): steps=5 success=True
[hybrid-rollout] ep 178 (heldout_179): steps=5 success=True
[hybrid-rollout] ep 179 (heldout_180): steps=4 success=True
[hybrid-rollout] ep 180 (heldout_181): steps=5 success=True
[hybrid-rollout] ep 181 (heldout_182): steps=4 success=True
[hybrid-rollout] ep 182 (heldout_183): steps=5 success=True
[hybrid-rollout] ep 183 (heldout_184): steps=7 success=True
[hybrid-rollout] ep 184 (heldout_185): steps=5 success=True
[hybrid-rollout] ep 185 (heldout_186): steps=4 success=True
[hybrid-rollout] ep 186 (heldout_187): steps=5 success=True
[hybrid-rollout] ep 187 (heldout_188): steps=5 success=True
[hybrid-rollout] ep 188 (heldout_189): steps=5 success=True
[hybrid-rollout] ep 189 (heldout_190): steps=7 success=True
[hybrid-rollout] ep 190 (heldout_191): steps=4 success=True
[hybrid-rollout] ep 191 (heldout_192): steps=5 success=True
[hybrid-rollout] ep 192 (heldout_193): steps=7 success=True
[hybrid-rollout] ep 193 (heldout_194): steps=6 success=True
[hybrid-rollout] ep 194 (heldout_195): steps=5 success=True
[hybrid-rollout] ep 195 (heldout_196): steps=4 success=True
[hybrid-rollout] ep 196 (heldout_197): steps=5 success=True
[hybrid-rollout] ep 197 (heldout_198): steps=4 success=True
[hybrid-rollout] ep 198 (heldout_199): steps=4 success=True
[hybrid-rollout] ep 199 (heldout_200): steps=4 success=True
[hybrid-rollout] DONE successes=169/200
[15:10:00] [iil-baseline] round 13: heldout_sr=0.845

--------------------------------------------------------------------------------
SAFE_DAGGER ROUND 14  (remaining budget = 2)
--------------------------------------------------------------------------------
[15:10:04] [iil-baseline] round 14: pool=20 successes=14 failures=6 correction_sr=0.700
[15:10:04] [iil-baseline] round 14: picked=1 saved=1 cum_extras=14/15
[15:10:04] [iil-baseline] $ /home/s226137394/.conda/envs/maze/bin/python3 -u -m Equivariant_pathway.equivariant_CNN_hybrid.baseline_vs_p4.pool_x_selector.trainer.finetune_replay --demo_dir /weka/s226137394/DmNfull/Equivariant_pathway/equivariant_CNN_hybrid/baseline_vs_p4/pool_x_selector/results/run_9/safe_dagger/demos --checkpoint_dir /weka/s226137394/DmNfull/Equivariant_pathway/equivariant_CNN_hybrid/baseline_vs_p4/pool_x_selector/results/run_9/safe_dagger/checkpoints --epochs 90 --batch_size 64 --lr 5e-05 --weight_decay 0.0001 --replay_mix 0.5 --replay_mix_floor 0.2 --seed 9 --resume --new_demos_dir /weka/s226137394/DmNfull/Equivariant_pathway/equivariant_CNN_hybrid/baseline_vs_p4/pool_x_selector/results/run_9/safe_dagger/demos/round_014
[finetune_replay] device=cuda demo_dir=/weka/s226137394/DmNfull/Equivariant_pathway/equivariant_CNN_hybrid/baseline_vs_p4/pool_x_selector/results/run_9/safe_dagger/demos new_demos_dir=/weka/s226137394/DmNfull/Equivariant_pathway/equivariant_CNN_hybrid/baseline_vs_p4/pool_x_selector/results/run_9/safe_dagger/demos/round_014
[hybrid-dataset] 33 demos -> 175 samples
[hybrid-dataset] 1 demos -> 6 samples
[finetune_replay] sampler audit: {'n_old_samples': 175, 'n_new_samples': 6, 'replay_mix_target': 0.5, 'replay_mix_effective': 0.5, 'replay_mix_floor': 0.2}
[finetune_replay] trainable params: 1,400,028
[finetune_replay] WARM START from last_hybrid_policy.pth
[finetune_replay] ep   1/90 | train loss=0.2050 top1=0.914 | val loss=0.0538 | t=0.9s  *
[finetune_replay] ep   2/90 | train loss=0.0141 top1=1.000 | val loss=0.0327 | t=0.4s  *
[finetune_replay] ep   3/90 | train loss=0.0059 top1=1.000 | val loss=0.0427 | t=0.2s
[finetune_replay] ep   4/90 | train loss=0.0057 top1=1.000 | val loss=0.0444 | t=0.1s
[finetune_replay] ep   5/90 | train loss=0.0028 top1=1.000 | val loss=0.0364 | t=0.1s
[finetune_replay] ep   6/90 | train loss=0.0039 top1=1.000 | val loss=0.0761 | t=0.1s
[finetune_replay] ep   7/90 | train loss=0.0046 top1=1.000 | val loss=0.0623 | t=0.1s
[finetune_replay] ep   8/90 | train loss=0.0024 top1=1.000 | val loss=0.0310 | t=0.1s  *
[finetune_replay] ep   9/90 | train loss=0.0012 top1=1.000 | val loss=0.0444 | t=0.1s
[finetune_replay] ep  10/90 | train loss=0.0019 top1=1.000 | val loss=0.0574 | t=0.2s
[finetune_replay] ep  11/90 | train loss=0.0011 top1=1.000 | val loss=0.0570 | t=0.2s
[finetune_replay] ep  12/90 | train loss=0.0009 top1=1.000 | val loss=0.0503 | t=0.1s
[finetune_replay] ep  13/90 | train loss=0.0011 top1=1.000 | val loss=0.0359 | t=0.2s
[finetune_replay] ep  14/90 | train loss=0.0008 top1=1.000 | val loss=0.0323 | t=0.1s
[finetune_replay] ep  15/90 | train loss=0.0008 top1=1.000 | val loss=0.0373 | t=0.2s
[finetune_replay] ep  16/90 | train loss=0.0009 top1=1.000 | val loss=0.0517 | t=0.1s
[finetune_replay] ep  17/90 | train loss=0.0007 top1=1.000 | val loss=0.0628 | t=0.2s
[finetune_replay] ep  18/90 | train loss=0.0010 top1=1.000 | val loss=0.0430 | t=0.2s
[finetune_replay] ep  19/90 | train loss=0.0007 top1=1.000 | val loss=0.0397 | t=0.1s
[finetune_replay] ep  20/90 | train loss=0.0007 top1=1.000 | val loss=0.0555 | t=0.2s
[finetune_replay] ep  21/90 | train loss=0.0006 top1=1.000 | val loss=0.0580 | t=0.1s
[finetune_replay] ep  22/90 | train loss=0.0008 top1=1.000 | val loss=0.0439 | t=0.2s
[finetune_replay] ep  23/90 | train loss=0.0006 top1=1.000 | val loss=0.0409 | t=0.1s
[finetune_replay] ep  24/90 | train loss=0.0005 top1=1.000 | val loss=0.0424 | t=0.2s
[finetune_replay] ep  25/90 | train loss=0.0005 top1=1.000 | val loss=0.0478 | t=0.2s
[finetune_replay] ep  26/90 | train loss=0.0010 top1=1.000 | val loss=0.0447 | t=0.2s
[finetune_replay] ep  27/90 | train loss=0.0006 top1=1.000 | val loss=0.0401 | t=0.1s
[finetune_replay] ep  28/90 | train loss=0.0005 top1=1.000 | val loss=0.0362 | t=0.1s
[finetune_replay] ep  29/90 | train loss=0.0006 top1=1.000 | val loss=0.0440 | t=0.2s
[finetune_replay] ep  30/90 | train loss=0.0005 top1=1.000 | val loss=0.0531 | t=0.1s
[finetune_replay] ep  31/90 | train loss=0.0006 top1=1.000 | val loss=0.0527 | t=0.1s
[finetune_replay] ep  32/90 | train loss=0.0005 top1=1.000 | val loss=0.0495 | t=0.1s
[finetune_replay] ep  33/90 | train loss=0.0004 top1=1.000 | val loss=0.0467 | t=0.1s
[finetune_replay] ep  34/90 | train loss=0.0006 top1=1.000 | val loss=0.0471 | t=0.2s
[finetune_replay] ep  35/90 | train loss=0.0004 top1=1.000 | val loss=0.0481 | t=0.2s
[finetune_replay] ep  36/90 | train loss=0.0004 top1=1.000 | val loss=0.0521 | t=0.1s
[finetune_replay] ep  37/90 | train loss=0.0005 top1=1.000 | val loss=0.0506 | t=0.1s
[finetune_replay] ep  38/90 | train loss=0.0004 top1=1.000 | val loss=0.0457 | t=0.2s
[finetune_replay] ep  39/90 | train loss=0.0005 top1=1.000 | val loss=0.0426 | t=0.1s
[finetune_replay] ep  40/90 | train loss=0.0004 top1=1.000 | val loss=0.0445 | t=0.1s
[finetune_replay] ep  41/90 | train loss=0.0004 top1=1.000 | val loss=0.0494 | t=0.1s
[finetune_replay] ep  42/90 | train loss=0.0005 top1=1.000 | val loss=0.0499 | t=0.1s
[finetune_replay] ep  43/90 | train loss=0.0004 top1=1.000 | val loss=0.0488 | t=0.1s
[finetune_replay] ep  44/90 | train loss=0.0004 top1=1.000 | val loss=0.0467 | t=0.1s
[finetune_replay] ep  45/90 | train loss=0.0004 top1=1.000 | val loss=0.0444 | t=0.1s
[finetune_replay] ep  46/90 | train loss=0.0004 top1=1.000 | val loss=0.0460 | t=0.1s
[finetune_replay] ep  47/90 | train loss=0.0005 top1=1.000 | val loss=0.0477 | t=0.1s
[finetune_replay] ep  48/90 | train loss=0.0004 top1=1.000 | val loss=0.0477 | t=0.1s
[finetune_replay] ep  49/90 | train loss=0.0003 top1=1.000 | val loss=0.0453 | t=0.2s
[finetune_replay] ep  50/90 | train loss=0.0004 top1=1.000 | val loss=0.0436 | t=0.2s
[finetune_replay] ep  51/90 | train loss=0.0003 top1=1.000 | val loss=0.0435 | t=0.2s
[finetune_replay] ep  52/90 | train loss=0.0005 top1=1.000 | val loss=0.0453 | t=0.1s
[finetune_replay] ep  53/90 | train loss=0.0005 top1=1.000 | val loss=0.0479 | t=0.2s
[finetune_replay] ep  54/90 | train loss=0.0004 top1=1.000 | val loss=0.0465 | t=0.2s
[finetune_replay] ep  55/90 | train loss=0.0004 top1=1.000 | val loss=0.0457 | t=0.1s
[finetune_replay] ep  56/90 | train loss=0.0004 top1=1.000 | val loss=0.0451 | t=0.2s
[finetune_replay] ep  57/90 | train loss=0.0004 top1=1.000 | val loss=0.0456 | t=0.2s
[finetune_replay] ep  58/90 | train loss=0.0003 top1=1.000 | val loss=0.0465 | t=0.1s
[finetune_replay] ep  59/90 | train loss=0.0004 top1=1.000 | val loss=0.0465 | t=0.1s
[finetune_replay] ep  60/90 | train loss=0.0004 top1=1.000 | val loss=0.0455 | t=0.2s
[finetune_replay] ep  61/90 | train loss=0.0003 top1=1.000 | val loss=0.0431 | t=0.2s
[finetune_replay] ep  62/90 | train loss=0.0004 top1=1.000 | val loss=0.0418 | t=0.2s
[finetune_replay] ep  63/90 | train loss=0.0004 top1=1.000 | val loss=0.0423 | t=0.1s
[finetune_replay] ep  64/90 | train loss=0.0003 top1=1.000 | val loss=0.0428 | t=0.2s
[finetune_replay] ep  65/90 | train loss=0.0004 top1=1.000 | val loss=0.0441 | t=0.2s
[finetune_replay] ep  66/90 | train loss=0.0003 top1=1.000 | val loss=0.0457 | t=0.1s
[finetune_replay] ep  67/90 | train loss=0.0003 top1=1.000 | val loss=0.0473 | t=0.1s
[finetune_replay] ep  68/90 | train loss=0.0004 top1=1.000 | val loss=0.0490 | t=0.1s
[finetune_replay] ep  69/90 | train loss=0.0003 top1=1.000 | val loss=0.0498 | t=0.1s
[finetune_replay] ep  70/90 | train loss=0.0003 top1=1.000 | val loss=0.0497 | t=0.1s
[finetune_replay] ep  71/90 | train loss=0.0005 top1=1.000 | val loss=0.0481 | t=0.2s
[finetune_replay] ep  72/90 | train loss=0.0003 top1=1.000 | val loss=0.0477 | t=0.1s
[finetune_replay] ep  73/90 | train loss=0.0003 top1=1.000 | val loss=0.0477 | t=0.1s
[finetune_replay] ep  74/90 | train loss=0.0003 top1=1.000 | val loss=0.0472 | t=0.1s
[finetune_replay] ep  75/90 | train loss=0.0004 top1=1.000 | val loss=0.0470 | t=0.1s
[finetune_replay] ep  76/90 | train loss=0.0003 top1=1.000 | val loss=0.0466 | t=0.1s
[finetune_replay] ep  77/90 | train loss=0.0002 top1=1.000 | val loss=0.0473 | t=0.2s
[finetune_replay] ep  78/90 | train loss=0.0003 top1=1.000 | val loss=0.0472 | t=0.1s
[finetune_replay] ep  79/90 | train loss=0.0003 top1=1.000 | val loss=0.0470 | t=0.1s
[finetune_replay] ep  80/90 | train loss=0.0003 top1=1.000 | val loss=0.0467 | t=0.1s
[finetune_replay] ep  81/90 | train loss=0.0004 top1=1.000 | val loss=0.0464 | t=0.1s
[finetune_replay] ep  82/90 | train loss=0.0005 top1=1.000 | val loss=0.0471 | t=0.1s
[finetune_replay] ep  83/90 | train loss=0.0003 top1=1.000 | val loss=0.0470 | t=0.1s
[finetune_replay] ep  84/90 | train loss=0.0003 top1=1.000 | val loss=0.0475 | t=0.1s
[finetune_replay] ep  85/90 | train loss=0.0003 top1=1.000 | val loss=0.0475 | t=0.1s
[finetune_replay] ep  86/90 | train loss=0.0004 top1=1.000 | val loss=0.0475 | t=0.1s
[finetune_replay] ep  87/90 | train loss=0.0005 top1=1.000 | val loss=0.0473 | t=0.1s
[finetune_replay] ep  88/90 | train loss=0.0003 top1=1.000 | val loss=0.0474 | t=0.1s
[finetune_replay] ep  89/90 | train loss=0.0004 top1=1.000 | val loss=0.0473 | t=0.1s
[finetune_replay] ep  90/90 | train loss=0.0003 top1=1.000 | val loss=0.0468 | t=0.1s
[finetune_replay] DONE best_val_loss=0.0310 @ epoch 8
[15:10:34] [bo-budget] $ /home/s226137394/.conda/envs/maze/bin/python3 -u -m Equivariant_pathway.equivariant_CNN_hybrid.rollout_test --checkpoint /weka/s226137394/DmNfull/Equivariant_pathway/equivariant_CNN_hybrid/baseline_vs_p4/pool_x_selector/results/run_9/safe_dagger/checkpoints/best_hybrid_policy.pth --layouts /weka/s226137394/DmNfull/Equivariant_pathway/equivariant_CNN_hybrid/baseline_vs_p4/shared/heldout_layouts.yaml --out_dir /weka/s226137394/DmNfull/Equivariant_pathway/equivariant_CNN_hybrid/baseline_vs_p4/pool_x_selector/results/run_9/safe_dagger/results/eval_round_014 --seed 23 --max_steps 60
[hybrid-rollout] 200 unique; running 200 eps
[hybrid-rollout] loaded /weka/s226137394/DmNfull/Equivariant_pathway/equivariant_CNN_hybrid/baseline_vs_p4/pool_x_selector/results/run_9/safe_dagger/checkpoints/best_hybrid_policy.pth
[hybrid-rollout] ep 0 (heldout_001): steps=5 success=True
[hybrid-rollout] ep 1 (heldout_002): steps=4 success=True
[hybrid-rollout] ep 2 (heldout_003): steps=4 success=True
[hybrid-rollout] ep 3 (heldout_004): steps=6 success=True
[hybrid-rollout] ep 4 (heldout_005): steps=5 success=True
[hybrid-rollout] ep 5 (heldout_006): steps=3 success=False
[hybrid-rollout] ep 6 (heldout_007): steps=5 success=True
[hybrid-rollout] ep 7 (heldout_008): steps=4 success=True
[hybrid-rollout] ep 8 (heldout_009): steps=6 success=True
[hybrid-rollout] ep 9 (heldout_010): steps=60 success=False
[hybrid-rollout] ep 10 (heldout_011): steps=4 success=True
[hybrid-rollout] ep 11 (heldout_012): steps=4 success=True
[hybrid-rollout] ep 12 (heldout_013): steps=5 success=True
[hybrid-rollout] ep 13 (heldout_014): steps=5 success=True
[hybrid-rollout] ep 14 (heldout_015): steps=4 success=True
[hybrid-rollout] ep 15 (heldout_016): steps=5 success=True
[hybrid-rollout] ep 16 (heldout_017): steps=4 success=True
[hybrid-rollout] ep 17 (heldout_018): steps=3 success=False
[hybrid-rollout] ep 18 (heldout_019): steps=5 success=True
[hybrid-rollout] ep 19 (heldout_020): steps=5 success=True
[hybrid-rollout] ep 20 (heldout_021): steps=4 success=True
[hybrid-rollout] ep 21 (heldout_022): steps=4 success=True
[hybrid-rollout] ep 22 (heldout_023): steps=60 success=False
[hybrid-rollout] ep 23 (heldout_024): steps=60 success=False
[hybrid-rollout] ep 24 (heldout_025): steps=4 success=True
[hybrid-rollout] ep 25 (heldout_026): steps=4 success=True
[hybrid-rollout] ep 26 (heldout_027): steps=4 success=True
[hybrid-rollout] ep 27 (heldout_028): steps=4 success=True
[hybrid-rollout] ep 28 (heldout_029): steps=5 success=True
[hybrid-rollout] ep 29 (heldout_030): steps=5 success=True
[hybrid-rollout] ep 30 (heldout_031): steps=5 success=True
[hybrid-rollout] ep 31 (heldout_032): steps=5 success=True
[hybrid-rollout] ep 32 (heldout_033): steps=60 success=False
[hybrid-rollout] ep 33 (heldout_034): steps=5 success=True
[hybrid-rollout] ep 34 (heldout_035): steps=6 success=True
[hybrid-rollout] ep 35 (heldout_036): steps=5 success=True
[hybrid-rollout] ep 36 (heldout_037): steps=4 success=True
[hybrid-rollout] ep 37 (heldout_038): steps=5 success=True
[hybrid-rollout] ep 38 (heldout_039): steps=6 success=True
[hybrid-rollout] ep 39 (heldout_040): steps=5 success=True
[hybrid-rollout] ep 40 (heldout_041): steps=60 success=False
[hybrid-rollout] ep 41 (heldout_042): steps=4 success=True
[hybrid-rollout] ep 42 (heldout_043): steps=4 success=True
[hybrid-rollout] ep 43 (heldout_044): steps=5 success=True
[hybrid-rollout] ep 44 (heldout_045): steps=5 success=True
[hybrid-rollout] ep 45 (heldout_046): steps=4 success=True
[hybrid-rollout] ep 46 (heldout_047): steps=3 success=False
[hybrid-rollout] ep 47 (heldout_048): steps=6 success=True
[hybrid-rollout] ep 48 (heldout_049): steps=5 success=True
[hybrid-rollout] ep 49 (heldout_050): steps=4 success=True
[hybrid-rollout] ep 50 (heldout_051): steps=4 success=True
[hybrid-rollout] ep 51 (heldout_052): steps=4 success=True
[hybrid-rollout] ep 52 (heldout_053): steps=6 success=True
[hybrid-rollout] ep 53 (heldout_054): steps=4 success=True
[hybrid-rollout] ep 54 (heldout_055): steps=60 success=False
[hybrid-rollout] ep 55 (heldout_056): steps=4 success=True
[hybrid-rollout] ep 56 (heldout_057): steps=4 success=True
[hybrid-rollout] ep 57 (heldout_058): steps=60 success=False
[hybrid-rollout] ep 58 (heldout_059): steps=5 success=True
[hybrid-rollout] ep 59 (heldout_060): steps=6 success=True
[hybrid-rollout] ep 60 (heldout_061): steps=5 success=True
[hybrid-rollout] ep 61 (heldout_062): steps=6 success=True
[hybrid-rollout] ep 62 (heldout_063): steps=5 success=True
[hybrid-rollout] ep 63 (heldout_064): steps=4 success=True
[hybrid-rollout] ep 64 (heldout_065): steps=7 success=True
[hybrid-rollout] ep 65 (heldout_066): steps=6 success=True
[hybrid-rollout] ep 66 (heldout_067): steps=5 success=True
[hybrid-rollout] ep 67 (heldout_068): steps=4 success=True
[hybrid-rollout] ep 68 (heldout_069): steps=4 success=True
[hybrid-rollout] ep 69 (heldout_070): steps=7 success=True
[hybrid-rollout] ep 70 (heldout_071): steps=5 success=True
[hybrid-rollout] ep 71 (heldout_072): steps=5 success=True
[hybrid-rollout] ep 72 (heldout_073): steps=60 success=False
[hybrid-rollout] ep 73 (heldout_074): steps=4 success=True
[hybrid-rollout] ep 74 (heldout_075): steps=5 success=True
[hybrid-rollout] ep 75 (heldout_076): steps=60 success=False
[hybrid-rollout] ep 76 (heldout_077): steps=4 success=True
[hybrid-rollout] ep 77 (heldout_078): steps=3 success=False
[hybrid-rollout] ep 78 (heldout_079): steps=4 success=True
[hybrid-rollout] ep 79 (heldout_080): steps=4 success=True
[hybrid-rollout] ep 80 (heldout_081): steps=5 success=True
[hybrid-rollout] ep 81 (heldout_082): steps=5 success=True
[hybrid-rollout] ep 82 (heldout_083): steps=6 success=True
[hybrid-rollout] ep 83 (heldout_084): steps=5 success=True
[hybrid-rollout] ep 84 (heldout_085): steps=60 success=False
[hybrid-rollout] ep 85 (heldout_086): steps=6 success=True
[hybrid-rollout] ep 86 (heldout_087): steps=3 success=False
[hybrid-rollout] ep 87 (heldout_088): steps=4 success=True
[hybrid-rollout] ep 88 (heldout_089): steps=3 success=False
[hybrid-rollout] ep 89 (heldout_090): steps=4 success=True
[hybrid-rollout] ep 90 (heldout_091): steps=5 success=True
[hybrid-rollout] ep 91 (heldout_092): steps=5 success=True
[hybrid-rollout] ep 92 (heldout_093): steps=6 success=True
[hybrid-rollout] ep 93 (heldout_094): steps=6 success=True
[hybrid-rollout] ep 94 (heldout_095): steps=7 success=True
[hybrid-rollout] ep 95 (heldout_096): steps=5 success=True
[hybrid-rollout] ep 96 (heldout_097): steps=5 success=True
[hybrid-rollout] ep 97 (heldout_098): steps=5 success=True
[hybrid-rollout] ep 98 (heldout_099): steps=60 success=False
[hybrid-rollout] ep 99 (heldout_100): steps=8 success=True
[hybrid-rollout] ep 100 (heldout_101): steps=4 success=True
[hybrid-rollout] ep 101 (heldout_102): steps=4 success=True
[hybrid-rollout] ep 102 (heldout_103): steps=60 success=False
[hybrid-rollout] ep 103 (heldout_104): steps=6 success=True
[hybrid-rollout] ep 104 (heldout_105): steps=6 success=True
[hybrid-rollout] ep 105 (heldout_106): steps=6 success=True
[hybrid-rollout] ep 106 (heldout_107): steps=4 success=True
[hybrid-rollout] ep 107 (heldout_108): steps=4 success=True
[hybrid-rollout] ep 108 (heldout_109): steps=4 success=True
[hybrid-rollout] ep 109 (heldout_110): steps=60 success=False
[hybrid-rollout] ep 110 (heldout_111): steps=5 success=False
[hybrid-rollout] ep 111 (heldout_112): steps=5 success=True
[hybrid-rollout] ep 112 (heldout_113): steps=5 success=True
[hybrid-rollout] ep 113 (heldout_114): steps=60 success=False
[hybrid-rollout] ep 114 (heldout_115): steps=4 success=True
[hybrid-rollout] ep 115 (heldout_116): steps=5 success=True
[hybrid-rollout] ep 116 (heldout_117): steps=7 success=True
[hybrid-rollout] ep 117 (heldout_118): steps=7 success=True
[hybrid-rollout] ep 118 (heldout_119): steps=4 success=True
[hybrid-rollout] ep 119 (heldout_120): steps=7 success=True
[hybrid-rollout] ep 120 (heldout_121): steps=4 success=True
[hybrid-rollout] ep 121 (heldout_122): steps=4 success=True
[hybrid-rollout] ep 122 (heldout_123): steps=6 success=True
[hybrid-rollout] ep 123 (heldout_124): steps=8 success=True
[hybrid-rollout] ep 124 (heldout_125): steps=4 success=True
[hybrid-rollout] ep 125 (heldout_126): steps=4 success=True
[hybrid-rollout] ep 126 (heldout_127): steps=60 success=False
[hybrid-rollout] ep 127 (heldout_128): steps=60 success=False
[hybrid-rollout] ep 128 (heldout_129): steps=4 success=True
[hybrid-rollout] ep 129 (heldout_130): steps=4 success=True
[hybrid-rollout] ep 130 (heldout_131): steps=6 success=True
[hybrid-rollout] ep 131 (heldout_132): steps=4 success=True
[hybrid-rollout] ep 132 (heldout_133): steps=4 success=True
[hybrid-rollout] ep 133 (heldout_134): steps=60 success=False
[hybrid-rollout] ep 134 (heldout_135): steps=6 success=True
[hybrid-rollout] ep 135 (heldout_136): steps=5 success=True
[hybrid-rollout] ep 136 (heldout_137): steps=5 success=True
[hybrid-rollout] ep 137 (heldout_138): steps=4 success=True
[hybrid-rollout] ep 138 (heldout_139): steps=4 success=True
[hybrid-rollout] ep 139 (heldout_140): steps=5 success=True
[hybrid-rollout] ep 140 (heldout_141): steps=5 success=True
[hybrid-rollout] ep 141 (heldout_142): steps=4 success=True
[hybrid-rollout] ep 142 (heldout_143): steps=6 success=True
[hybrid-rollout] ep 143 (heldout_144): steps=4 success=True
[hybrid-rollout] ep 144 (heldout_145): steps=5 success=True
[hybrid-rollout] ep 145 (heldout_146): steps=7 success=True
[hybrid-rollout] ep 146 (heldout_147): steps=4 success=True
[hybrid-rollout] ep 147 (heldout_148): steps=60 success=False
[hybrid-rollout] ep 148 (heldout_149): steps=5 success=True
[hybrid-rollout] ep 149 (heldout_150): steps=4 success=True
[hybrid-rollout] ep 150 (heldout_151): steps=5 success=True
[hybrid-rollout] ep 151 (heldout_152): steps=6 success=True
[hybrid-rollout] ep 152 (heldout_153): steps=5 success=True
[hybrid-rollout] ep 153 (heldout_154): steps=60 success=False
[hybrid-rollout] ep 154 (heldout_155): steps=60 success=False
[hybrid-rollout] ep 155 (heldout_156): steps=4 success=False
[hybrid-rollout] ep 156 (heldout_157): steps=4 success=True
[hybrid-rollout] ep 157 (heldout_158): steps=3 success=False
[hybrid-rollout] ep 158 (heldout_159): steps=6 success=True
[hybrid-rollout] ep 159 (heldout_160): steps=60 success=False
[hybrid-rollout] ep 160 (heldout_161): steps=4 success=False
[hybrid-rollout] ep 161 (heldout_162): steps=5 success=True
[hybrid-rollout] ep 162 (heldout_163): steps=4 success=True
[hybrid-rollout] ep 163 (heldout_164): steps=4 success=True
[hybrid-rollout] ep 164 (heldout_165): steps=5 success=True
[hybrid-rollout] ep 165 (heldout_166): steps=4 success=True
[hybrid-rollout] ep 166 (heldout_167): steps=60 success=False
[hybrid-rollout] ep 167 (heldout_168): steps=4 success=True
[hybrid-rollout] ep 168 (heldout_169): steps=60 success=False
[hybrid-rollout] ep 169 (heldout_170): steps=6 success=True
[hybrid-rollout] ep 170 (heldout_171): steps=4 success=True
[hybrid-rollout] ep 171 (heldout_172): steps=5 success=True
[hybrid-rollout] ep 172 (heldout_173): steps=4 success=True
[hybrid-rollout] ep 173 (heldout_174): steps=5 success=True
[hybrid-rollout] ep 174 (heldout_175): steps=5 success=True
[hybrid-rollout] ep 175 (heldout_176): steps=6 success=True
[hybrid-rollout] ep 176 (heldout_177): steps=6 success=True
[hybrid-rollout] ep 177 (heldout_178): steps=5 success=True
[hybrid-rollout] ep 178 (heldout_179): steps=5 success=True
[hybrid-rollout] ep 179 (heldout_180): steps=4 success=True
[hybrid-rollout] ep 180 (heldout_181): steps=5 success=True
[hybrid-rollout] ep 181 (heldout_182): steps=4 success=True
[hybrid-rollout] ep 182 (heldout_183): steps=60 success=False
[hybrid-rollout] ep 183 (heldout_184): steps=7 success=True
[hybrid-rollout] ep 184 (heldout_185): steps=5 success=True
[hybrid-rollout] ep 185 (heldout_186): steps=4 success=True
[hybrid-rollout] ep 186 (heldout_187): steps=5 success=True
[hybrid-rollout] ep 187 (heldout_188): steps=5 success=True
[hybrid-rollout] ep 188 (heldout_189): steps=5 success=True
[hybrid-rollout] ep 189 (heldout_190): steps=7 success=True
[hybrid-rollout] ep 190 (heldout_191): steps=4 success=True
[hybrid-rollout] ep 191 (heldout_192): steps=5 success=True
[hybrid-rollout] ep 192 (heldout_193): steps=7 success=True
[hybrid-rollout] ep 193 (heldout_194): steps=6 success=True
[hybrid-rollout] ep 194 (heldout_195): steps=5 success=True
[hybrid-rollout] ep 195 (heldout_196): steps=4 success=True
[hybrid-rollout] ep 196 (heldout_197): steps=5 success=True
[hybrid-rollout] ep 197 (heldout_198): steps=4 success=True
[hybrid-rollout] ep 198 (heldout_199): steps=4 success=True
[hybrid-rollout] ep 199 (heldout_200): steps=4 success=True
[hybrid-rollout] DONE successes=166/200
[15:11:55] [iil-baseline] round 14: heldout_sr=0.830

--------------------------------------------------------------------------------
SAFE_DAGGER ROUND 15  (remaining budget = 1)
--------------------------------------------------------------------------------
[15:11:57] [iil-baseline] round 15: pool=20 successes=16 failures=4 correction_sr=0.800
[15:11:57] [iil-baseline] round 15: picked=1 saved=1 cum_extras=15/15
[15:11:57] [iil-baseline] $ /home/s226137394/.conda/envs/maze/bin/python3 -u -m Equivariant_pathway.equivariant_CNN_hybrid.baseline_vs_p4.pool_x_selector.trainer.finetune_replay --demo_dir /weka/s226137394/DmNfull/Equivariant_pathway/equivariant_CNN_hybrid/baseline_vs_p4/pool_x_selector/results/run_9/safe_dagger/demos --checkpoint_dir /weka/s226137394/DmNfull/Equivariant_pathway/equivariant_CNN_hybrid/baseline_vs_p4/pool_x_selector/results/run_9/safe_dagger/checkpoints --epochs 90 --batch_size 64 --lr 5e-05 --weight_decay 0.0001 --replay_mix 0.5 --replay_mix_floor 0.2 --seed 9 --resume --new_demos_dir /weka/s226137394/DmNfull/Equivariant_pathway/equivariant_CNN_hybrid/baseline_vs_p4/pool_x_selector/results/run_9/safe_dagger/demos/round_015
[finetune_replay] device=cuda demo_dir=/weka/s226137394/DmNfull/Equivariant_pathway/equivariant_CNN_hybrid/baseline_vs_p4/pool_x_selector/results/run_9/safe_dagger/demos new_demos_dir=/weka/s226137394/DmNfull/Equivariant_pathway/equivariant_CNN_hybrid/baseline_vs_p4/pool_x_selector/results/run_9/safe_dagger/demos/round_015
[hybrid-dataset] 34 demos -> 181 samples
[hybrid-dataset] 1 demos -> 6 samples
[finetune_replay] sampler audit: {'n_old_samples': 181, 'n_new_samples': 6, 'replay_mix_target': 0.5, 'replay_mix_effective': 0.5, 'replay_mix_floor': 0.2}
[finetune_replay] trainable params: 1,400,028
[finetune_replay] WARM START from last_hybrid_policy.pth
[finetune_replay] ep   1/90 | train loss=0.1868 top1=0.988 | val loss=0.0152 | t=1.1s  *
[finetune_replay] ep   2/90 | train loss=0.0382 top1=1.000 | val loss=0.0027 | t=0.2s  *
[finetune_replay] ep   3/90 | train loss=0.0247 top1=1.000 | val loss=0.0025 | t=0.2s  *
[finetune_replay] ep   4/90 | train loss=0.0090 top1=1.000 | val loss=0.0122 | t=0.1s
[finetune_replay] ep   5/90 | train loss=0.0153 top1=1.000 | val loss=0.0025 | t=0.2s  *
[finetune_replay] ep   6/90 | train loss=0.0022 top1=1.000 | val loss=0.0247 | t=0.2s
[finetune_replay] ep   7/90 | train loss=0.0050 top1=1.000 | val loss=0.0023 | t=0.1s  *
[finetune_replay] ep   8/90 | train loss=0.0063 top1=1.000 | val loss=0.0052 | t=0.1s
[finetune_replay] ep   9/90 | train loss=0.0198 top1=0.994 | val loss=0.0020 | t=0.2s  *
[finetune_replay] ep  10/90 | train loss=0.0012 top1=1.000 | val loss=0.0086 | t=0.2s
[finetune_replay] ep  11/90 | train loss=0.0026 top1=1.000 | val loss=0.0035 | t=0.2s
[finetune_replay] ep  12/90 | train loss=0.0028 top1=1.000 | val loss=0.0010 | t=0.1s  *
[finetune_replay] ep  13/90 | train loss=0.0010 top1=1.000 | val loss=0.0023 | t=0.1s
[finetune_replay] ep  14/90 | train loss=0.0017 top1=1.000 | val loss=0.0036 | t=0.1s
[finetune_replay] ep  15/90 | train loss=0.0019 top1=1.000 | val loss=0.0013 | t=0.1s
[finetune_replay] ep  16/90 | train loss=0.0011 top1=1.000 | val loss=0.0008 | t=0.2s  *
[finetune_replay] ep  17/90 | train loss=0.0005 top1=1.000 | val loss=0.0013 | t=0.2s
[finetune_replay] ep  18/90 | train loss=0.0010 top1=1.000 | val loss=0.0017 | t=0.3s
[finetune_replay] ep  19/90 | train loss=0.0009 top1=1.000 | val loss=0.0012 | t=0.2s
[finetune_replay] ep  20/90 | train loss=0.0005 top1=1.000 | val loss=0.0009 | t=0.2s
[finetune_replay] ep  21/90 | train loss=0.0004 top1=1.000 | val loss=0.0008 | t=0.2s
[finetune_replay] ep  22/90 | train loss=0.0005 top1=1.000 | val loss=0.0008 | t=0.2s  *
[finetune_replay] ep  23/90 | train loss=0.0007 top1=1.000 | val loss=0.0008 | t=0.1s  *
[finetune_replay] ep  24/90 | train loss=0.0009 top1=1.000 | val loss=0.0008 | t=0.2s
[finetune_replay] ep  25/90 | train loss=0.0014 top1=1.000 | val loss=0.0009 | t=0.2s
[finetune_replay] ep  26/90 | train loss=0.0010 top1=1.000 | val loss=0.0009 | t=0.2s
[finetune_replay] ep  27/90 | train loss=0.0006 top1=1.000 | val loss=0.0007 | t=0.2s  *
[finetune_replay] ep  28/90 | train loss=0.0010 top1=1.000 | val loss=0.0007 | t=0.1s  *
[finetune_replay] ep  29/90 | train loss=0.0005 top1=1.000 | val loss=0.0007 | t=0.2s
[finetune_replay] ep  30/90 | train loss=0.0005 top1=1.000 | val loss=0.0008 | t=0.2s
[finetune_replay] ep  31/90 | train loss=0.0006 top1=1.000 | val loss=0.0007 | t=0.1s
[finetune_replay] ep  32/90 | train loss=0.0005 top1=1.000 | val loss=0.0007 | t=0.2s
[finetune_replay] ep  33/90 | train loss=0.0006 top1=1.000 | val loss=0.0008 | t=0.2s
[finetune_replay] ep  34/90 | train loss=0.0006 top1=1.000 | val loss=0.0007 | t=0.2s
[finetune_replay] ep  35/90 | train loss=0.0006 top1=1.000 | val loss=0.0008 | t=0.2s
[finetune_replay] ep  36/90 | train loss=0.0005 top1=1.000 | val loss=0.0009 | t=0.2s
[finetune_replay] ep  37/90 | train loss=0.0006 top1=1.000 | val loss=0.0008 | t=0.2s
[finetune_replay] ep  38/90 | train loss=0.0004 top1=1.000 | val loss=0.0007 | t=0.2s
[finetune_replay] ep  39/90 | train loss=0.0003 top1=1.000 | val loss=0.0007 | t=0.1s  *
[finetune_replay] ep  40/90 | train loss=0.0006 top1=1.000 | val loss=0.0007 | t=0.2s  *
[finetune_replay] ep  41/90 | train loss=0.0005 top1=1.000 | val loss=0.0007 | t=0.2s
[finetune_replay] ep  42/90 | train loss=0.0003 top1=1.000 | val loss=0.0007 | t=0.2s
[finetune_replay] ep  43/90 | train loss=0.0004 top1=1.000 | val loss=0.0008 | t=0.2s
[finetune_replay] ep  44/90 | train loss=0.0004 top1=1.000 | val loss=0.0007 | t=0.1s
[finetune_replay] ep  45/90 | train loss=0.0004 top1=1.000 | val loss=0.0008 | t=0.2s
[finetune_replay] ep  46/90 | train loss=0.0004 top1=1.000 | val loss=0.0008 | t=0.1s
[finetune_replay] ep  47/90 | train loss=0.0005 top1=1.000 | val loss=0.0007 | t=0.1s
[finetune_replay] ep  48/90 | train loss=0.0003 top1=1.000 | val loss=0.0008 | t=0.2s
[finetune_replay] ep  49/90 | train loss=0.0006 top1=1.000 | val loss=0.0007 | t=0.2s
[finetune_replay] ep  50/90 | train loss=0.0006 top1=1.000 | val loss=0.0007 | t=0.1s
[finetune_replay] ep  51/90 | train loss=0.0005 top1=1.000 | val loss=0.0007 | t=0.2s
[finetune_replay] ep  52/90 | train loss=0.0006 top1=1.000 | val loss=0.0007 | t=0.1s
[finetune_replay] ep  53/90 | train loss=0.0005 top1=1.000 | val loss=0.0007 | t=0.2s  *
[finetune_replay] ep  54/90 | train loss=0.0005 top1=1.000 | val loss=0.0007 | t=0.1s  *
[finetune_replay] ep  55/90 | train loss=0.0004 top1=1.000 | val loss=0.0007 | t=0.1s  *
[finetune_replay] ep  56/90 | train loss=0.0004 top1=1.000 | val loss=0.0007 | t=0.1s  *
[finetune_replay] ep  57/90 | train loss=0.0003 top1=1.000 | val loss=0.0007 | t=0.1s  *
[finetune_replay] ep  58/90 | train loss=0.0005 top1=1.000 | val loss=0.0007 | t=0.1s
[finetune_replay] ep  59/90 | train loss=0.0006 top1=1.000 | val loss=0.0006 | t=0.1s  *
[finetune_replay] ep  60/90 | train loss=0.0004 top1=1.000 | val loss=0.0006 | t=0.2s  *
[finetune_replay] ep  61/90 | train loss=0.0004 top1=1.000 | val loss=0.0006 | t=0.1s  *
[finetune_replay] ep  62/90 | train loss=0.0006 top1=1.000 | val loss=0.0006 | t=0.1s  *
[finetune_replay] ep  63/90 | train loss=0.0004 top1=1.000 | val loss=0.0006 | t=0.1s  *
[finetune_replay] ep  64/90 | train loss=0.0005 top1=1.000 | val loss=0.0006 | t=0.1s
[finetune_replay] ep  65/90 | train loss=0.0005 top1=1.000 | val loss=0.0006 | t=0.2s
[finetune_replay] ep  66/90 | train loss=0.0004 top1=1.000 | val loss=0.0006 | t=0.1s
[finetune_replay] ep  67/90 | train loss=0.0005 top1=1.000 | val loss=0.0006 | t=0.1s
[finetune_replay] ep  68/90 | train loss=0.0004 top1=1.000 | val loss=0.0006 | t=0.1s
[finetune_replay] ep  69/90 | train loss=0.0004 top1=1.000 | val loss=0.0006 | t=0.1s  *
[finetune_replay] ep  70/90 | train loss=0.0004 top1=1.000 | val loss=0.0006 | t=0.1s  *
[finetune_replay] ep  71/90 | train loss=0.0004 top1=1.000 | val loss=0.0006 | t=0.1s  *
[finetune_replay] ep  72/90 | train loss=0.0004 top1=1.000 | val loss=0.0006 | t=0.1s
[finetune_replay] ep  73/90 | train loss=0.0004 top1=1.000 | val loss=0.0006 | t=0.1s
[finetune_replay] ep  74/90 | train loss=0.0004 top1=1.000 | val loss=0.0006 | t=0.1s
[finetune_replay] ep  75/90 | train loss=0.0003 top1=1.000 | val loss=0.0006 | t=0.1s
[finetune_replay] ep  76/90 | train loss=0.0004 top1=1.000 | val loss=0.0006 | t=0.1s
[finetune_replay] ep  77/90 | train loss=0.0004 top1=1.000 | val loss=0.0006 | t=0.1s
[finetune_replay] ep  78/90 | train loss=0.0004 top1=1.000 | val loss=0.0006 | t=0.1s
[finetune_replay] ep  79/90 | train loss=0.0004 top1=1.000 | val loss=0.0006 | t=0.2s
[finetune_replay] ep  80/90 | train loss=0.0005 top1=1.000 | val loss=0.0006 | t=0.1s
[finetune_replay] ep  81/90 | train loss=0.0004 top1=1.000 | val loss=0.0006 | t=0.1s
[finetune_replay] ep  82/90 | train loss=0.0005 top1=1.000 | val loss=0.0006 | t=0.1s
[finetune_replay] ep  83/90 | train loss=0.0004 top1=1.000 | val loss=0.0006 | t=0.1s
[finetune_replay] ep  84/90 | train loss=0.0004 top1=1.000 | val loss=0.0006 | t=0.1s
[finetune_replay] ep  85/90 | train loss=0.0004 top1=1.000 | val loss=0.0006 | t=0.1s
[finetune_replay] ep  86/90 | train loss=0.0005 top1=1.000 | val loss=0.0007 | t=0.1s
[finetune_replay] ep  87/90 | train loss=0.0004 top1=1.000 | val loss=0.0006 | t=0.1s
[finetune_replay] ep  88/90 | train loss=0.0004 top1=1.000 | val loss=0.0007 | t=0.1s
[finetune_replay] ep  89/90 | train loss=0.0004 top1=1.000 | val loss=0.0006 | t=0.1s
[finetune_replay] ep  90/90 | train loss=0.0003 top1=1.000 | val loss=0.0007 | t=0.1s
[finetune_replay] DONE best_val_loss=0.0006 @ epoch 71
[15:12:29] [bo-budget] $ /home/s226137394/.conda/envs/maze/bin/python3 -u -m Equivariant_pathway.equivariant_CNN_hybrid.rollout_test --checkpoint /weka/s226137394/DmNfull/Equivariant_pathway/equivariant_CNN_hybrid/baseline_vs_p4/pool_x_selector/results/run_9/safe_dagger/checkpoints/best_hybrid_policy.pth --layouts /weka/s226137394/DmNfull/Equivariant_pathway/equivariant_CNN_hybrid/baseline_vs_p4/shared/heldout_layouts.yaml --out_dir /weka/s226137394/DmNfull/Equivariant_pathway/equivariant_CNN_hybrid/baseline_vs_p4/pool_x_selector/results/run_9/safe_dagger/results/eval_round_015 --seed 24 --max_steps 60
[hybrid-rollout] 200 unique; running 200 eps
[hybrid-rollout] loaded /weka/s226137394/DmNfull/Equivariant_pathway/equivariant_CNN_hybrid/baseline_vs_p4/pool_x_selector/results/run_9/safe_dagger/checkpoints/best_hybrid_policy.pth
[hybrid-rollout] ep 0 (heldout_001): steps=5 success=True
[hybrid-rollout] ep 1 (heldout_002): steps=4 success=True
[hybrid-rollout] ep 2 (heldout_003): steps=4 success=True
[hybrid-rollout] ep 3 (heldout_004): steps=6 success=True
[hybrid-rollout] ep 4 (heldout_005): steps=5 success=True
[hybrid-rollout] ep 5 (heldout_006): steps=3 success=False
[hybrid-rollout] ep 6 (heldout_007): steps=5 success=True
[hybrid-rollout] ep 7 (heldout_008): steps=4 success=True
[hybrid-rollout] ep 8 (heldout_009): steps=6 success=True
[hybrid-rollout] ep 9 (heldout_010): steps=8 success=True
[hybrid-rollout] ep 10 (heldout_011): steps=4 success=True
[hybrid-rollout] ep 11 (heldout_012): steps=4 success=True
[hybrid-rollout] ep 12 (heldout_013): steps=5 success=True
[hybrid-rollout] ep 13 (heldout_014): steps=5 success=True
[hybrid-rollout] ep 14 (heldout_015): steps=4 success=True
[hybrid-rollout] ep 15 (heldout_016): steps=5 success=True
[hybrid-rollout] ep 16 (heldout_017): steps=4 success=True
[hybrid-rollout] ep 17 (heldout_018): steps=7 success=True
[hybrid-rollout] ep 18 (heldout_019): steps=5 success=True
[hybrid-rollout] ep 19 (heldout_020): steps=5 success=True
[hybrid-rollout] ep 20 (heldout_021): steps=4 success=True
[hybrid-rollout] ep 21 (heldout_022): steps=4 success=True
[hybrid-rollout] ep 22 (heldout_023): steps=60 success=False
[hybrid-rollout] ep 23 (heldout_024): steps=60 success=False
[hybrid-rollout] ep 24 (heldout_025): steps=4 success=True
[hybrid-rollout] ep 25 (heldout_026): steps=4 success=True
[hybrid-rollout] ep 26 (heldout_027): steps=4 success=True
[hybrid-rollout] ep 27 (heldout_028): steps=4 success=True
[hybrid-rollout] ep 28 (heldout_029): steps=5 success=True
[hybrid-rollout] ep 29 (heldout_030): steps=5 success=True
[hybrid-rollout] ep 30 (heldout_031): steps=5 success=True
[hybrid-rollout] ep 31 (heldout_032): steps=5 success=True
[hybrid-rollout] ep 32 (heldout_033): steps=4 success=True
[hybrid-rollout] ep 33 (heldout_034): steps=5 success=True
[hybrid-rollout] ep 34 (heldout_035): steps=6 success=True
[hybrid-rollout] ep 35 (heldout_036): steps=5 success=True
[hybrid-rollout] ep 36 (heldout_037): steps=4 success=True
[hybrid-rollout] ep 37 (heldout_038): steps=5 success=True
[hybrid-rollout] ep 38 (heldout_039): steps=6 success=True
[hybrid-rollout] ep 39 (heldout_040): steps=5 success=True
[hybrid-rollout] ep 40 (heldout_041): steps=60 success=False
[hybrid-rollout] ep 41 (heldout_042): steps=4 success=True
[hybrid-rollout] ep 42 (heldout_043): steps=4 success=True
[hybrid-rollout] ep 43 (heldout_044): steps=5 success=True
[hybrid-rollout] ep 44 (heldout_045): steps=5 success=True
[hybrid-rollout] ep 45 (heldout_046): steps=4 success=True
[hybrid-rollout] ep 46 (heldout_047): steps=60 success=False
[hybrid-rollout] ep 47 (heldout_048): steps=6 success=True
[hybrid-rollout] ep 48 (heldout_049): steps=5 success=True
[hybrid-rollout] ep 49 (heldout_050): steps=4 success=True
[hybrid-rollout] ep 50 (heldout_051): steps=4 success=True
[hybrid-rollout] ep 51 (heldout_052): steps=4 success=True
[hybrid-rollout] ep 52 (heldout_053): steps=6 success=True
[hybrid-rollout] ep 53 (heldout_054): steps=4 success=True
[hybrid-rollout] ep 54 (heldout_055): steps=6 success=True
[hybrid-rollout] ep 55 (heldout_056): steps=4 success=True
[hybrid-rollout] ep 56 (heldout_057): steps=4 success=True
[hybrid-rollout] ep 57 (heldout_058): steps=4 success=True
[hybrid-rollout] ep 58 (heldout_059): steps=5 success=True
[hybrid-rollout] ep 59 (heldout_060): steps=6 success=True
[hybrid-rollout] ep 60 (heldout_061): steps=5 success=True
[hybrid-rollout] ep 61 (heldout_062): steps=6 success=True
[hybrid-rollout] ep 62 (heldout_063): steps=5 success=True
[hybrid-rollout] ep 63 (heldout_064): steps=4 success=True
[hybrid-rollout] ep 64 (heldout_065): steps=7 success=True
[hybrid-rollout] ep 65 (heldout_066): steps=6 success=True
[hybrid-rollout] ep 66 (heldout_067): steps=5 success=True
[hybrid-rollout] ep 67 (heldout_068): steps=4 success=True
[hybrid-rollout] ep 68 (heldout_069): steps=4 success=True
[hybrid-rollout] ep 69 (heldout_070): steps=7 success=True
[hybrid-rollout] ep 70 (heldout_071): steps=5 success=True
[hybrid-rollout] ep 71 (heldout_072): steps=5 success=True
[hybrid-rollout] ep 72 (heldout_073): steps=60 success=False
[hybrid-rollout] ep 73 (heldout_074): steps=4 success=True
[hybrid-rollout] ep 74 (heldout_075): steps=5 success=True
[hybrid-rollout] ep 75 (heldout_076): steps=60 success=False
[hybrid-rollout] ep 76 (heldout_077): steps=4 success=True
[hybrid-rollout] ep 77 (heldout_078): steps=3 success=False
[hybrid-rollout] ep 78 (heldout_079): steps=4 success=True
[hybrid-rollout] ep 79 (heldout_080): steps=4 success=True
[hybrid-rollout] ep 80 (heldout_081): steps=5 success=True
[hybrid-rollout] ep 81 (heldout_082): steps=5 success=True
[hybrid-rollout] ep 82 (heldout_083): steps=4 success=True
[hybrid-rollout] ep 83 (heldout_084): steps=5 success=True
[hybrid-rollout] ep 84 (heldout_085): steps=60 success=False
[hybrid-rollout] ep 85 (heldout_086): steps=6 success=True
[hybrid-rollout] ep 86 (heldout_087): steps=7 success=True
[hybrid-rollout] ep 87 (heldout_088): steps=4 success=True
[hybrid-rollout] ep 88 (heldout_089): steps=3 success=False
[hybrid-rollout] ep 89 (heldout_090): steps=4 success=True
[hybrid-rollout] ep 90 (heldout_091): steps=5 success=True
[hybrid-rollout] ep 91 (heldout_092): steps=5 success=True
[hybrid-rollout] ep 92 (heldout_093): steps=6 success=True
[hybrid-rollout] ep 93 (heldout_094): steps=6 success=True
[hybrid-rollout] ep 94 (heldout_095): steps=7 success=True
[hybrid-rollout] ep 95 (heldout_096): steps=5 success=True
[hybrid-rollout] ep 96 (heldout_097): steps=5 success=True
[hybrid-rollout] ep 97 (heldout_098): steps=5 success=True
[hybrid-rollout] ep 98 (heldout_099): steps=60 success=False
[hybrid-rollout] ep 99 (heldout_100): steps=8 success=True
[hybrid-rollout] ep 100 (heldout_101): steps=4 success=True
[hybrid-rollout] ep 101 (heldout_102): steps=4 success=True
[hybrid-rollout] ep 102 (heldout_103): steps=4 success=True
[hybrid-rollout] ep 103 (heldout_104): steps=6 success=True
[hybrid-rollout] ep 104 (heldout_105): steps=6 success=True
[hybrid-rollout] ep 105 (heldout_106): steps=6 success=True
[hybrid-rollout] ep 106 (heldout_107): steps=4 success=True
[hybrid-rollout] ep 107 (heldout_108): steps=4 success=True
[hybrid-rollout] ep 108 (heldout_109): steps=4 success=True
[hybrid-rollout] ep 109 (heldout_110): steps=60 success=False
[hybrid-rollout] ep 110 (heldout_111): steps=60 success=False
[hybrid-rollout] ep 111 (heldout_112): steps=5 success=True
[hybrid-rollout] ep 112 (heldout_113): steps=5 success=True
[hybrid-rollout] ep 113 (heldout_114): steps=4 success=True
[hybrid-rollout] ep 114 (heldout_115): steps=4 success=True
[hybrid-rollout] ep 115 (heldout_116): steps=5 success=True
[hybrid-rollout] ep 116 (heldout_117): steps=7 success=True
[hybrid-rollout] ep 117 (heldout_118): steps=7 success=True
[hybrid-rollout] ep 118 (heldout_119): steps=4 success=True
[hybrid-rollout] ep 119 (heldout_120): steps=7 success=True
[hybrid-rollout] ep 120 (heldout_121): steps=4 success=True
[hybrid-rollout] ep 121 (heldout_122): steps=4 success=True
[hybrid-rollout] ep 122 (heldout_123): steps=6 success=True
[hybrid-rollout] ep 123 (heldout_124): steps=8 success=True
[hybrid-rollout] ep 124 (heldout_125): steps=4 success=True
[hybrid-rollout] ep 125 (heldout_126): steps=4 success=True
[hybrid-rollout] ep 126 (heldout_127): steps=60 success=False
[hybrid-rollout] ep 127 (heldout_128): steps=7 success=True
[hybrid-rollout] ep 128 (heldout_129): steps=4 success=True
[hybrid-rollout] ep 129 (heldout_130): steps=4 success=True
[hybrid-rollout] ep 130 (heldout_131): steps=6 success=True
[hybrid-rollout] ep 131 (heldout_132): steps=4 success=True
[hybrid-rollout] ep 132 (heldout_133): steps=4 success=True
[hybrid-rollout] ep 133 (heldout_134): steps=60 success=False
[hybrid-rollout] ep 134 (heldout_135): steps=6 success=True
[hybrid-rollout] ep 135 (heldout_136): steps=5 success=True
[hybrid-rollout] ep 136 (heldout_137): steps=5 success=True
[hybrid-rollout] ep 137 (heldout_138): steps=4 success=True
[hybrid-rollout] ep 138 (heldout_139): steps=4 success=True
[hybrid-rollout] ep 139 (heldout_140): steps=5 success=True
[hybrid-rollout] ep 140 (heldout_141): steps=5 success=True
[hybrid-rollout] ep 141 (heldout_142): steps=4 success=True
[hybrid-rollout] ep 142 (heldout_143): steps=8 success=True
[hybrid-rollout] ep 143 (heldout_144): steps=4 success=True
[hybrid-rollout] ep 144 (heldout_145): steps=5 success=True
[hybrid-rollout] ep 145 (heldout_146): steps=7 success=True
[hybrid-rollout] ep 146 (heldout_147): steps=4 success=True
[hybrid-rollout] ep 147 (heldout_148): steps=60 success=False
[hybrid-rollout] ep 148 (heldout_149): steps=7 success=True
[hybrid-rollout] ep 149 (heldout_150): steps=4 success=True
[hybrid-rollout] ep 150 (heldout_151): steps=5 success=True
[hybrid-rollout] ep 151 (heldout_152): steps=6 success=True
[hybrid-rollout] ep 152 (heldout_153): steps=5 success=True
[hybrid-rollout] ep 153 (heldout_154): steps=60 success=False
[hybrid-rollout] ep 154 (heldout_155): steps=60 success=False
[hybrid-rollout] ep 155 (heldout_156): steps=3 success=False
[hybrid-rollout] ep 156 (heldout_157): steps=4 success=True
[hybrid-rollout] ep 157 (heldout_158): steps=3 success=False
[hybrid-rollout] ep 158 (heldout_159): steps=6 success=True
[hybrid-rollout] ep 159 (heldout_160): steps=60 success=False
[hybrid-rollout] ep 160 (heldout_161): steps=60 success=False
[hybrid-rollout] ep 161 (heldout_162): steps=5 success=True
[hybrid-rollout] ep 162 (heldout_163): steps=4 success=True
[hybrid-rollout] ep 163 (heldout_164): steps=4 success=True
[hybrid-rollout] ep 164 (heldout_165): steps=5 success=True
[hybrid-rollout] ep 165 (heldout_166): steps=4 success=True
[hybrid-rollout] ep 166 (heldout_167): steps=60 success=False
[hybrid-rollout] ep 167 (heldout_168): steps=4 success=True
[hybrid-rollout] ep 168 (heldout_169): steps=8 success=True
[hybrid-rollout] ep 169 (heldout_170): steps=5 success=False
[hybrid-rollout] ep 170 (heldout_171): steps=4 success=True
[hybrid-rollout] ep 171 (heldout_172): steps=5 success=True
[hybrid-rollout] ep 172 (heldout_173): steps=4 success=True
[hybrid-rollout] ep 173 (heldout_174): steps=5 success=True
[hybrid-rollout] ep 174 (heldout_175): steps=60 success=False
[hybrid-rollout] ep 175 (heldout_176): steps=60 success=False
[hybrid-rollout] ep 176 (heldout_177): steps=6 success=True
[hybrid-rollout] ep 177 (heldout_178): steps=5 success=True
[hybrid-rollout] ep 178 (heldout_179): steps=5 success=True
[hybrid-rollout] ep 179 (heldout_180): steps=4 success=True
[hybrid-rollout] ep 180 (heldout_181): steps=5 success=True
[hybrid-rollout] ep 181 (heldout_182): steps=4 success=True
[hybrid-rollout] ep 182 (heldout_183): steps=5 success=True
[hybrid-rollout] ep 183 (heldout_184): steps=7 success=True
[hybrid-rollout] ep 184 (heldout_185): steps=5 success=True
[hybrid-rollout] ep 185 (heldout_186): steps=4 success=True
[hybrid-rollout] ep 186 (heldout_187): steps=5 success=True
[hybrid-rollout] ep 187 (heldout_188): steps=5 success=True
[hybrid-rollout] ep 188 (heldout_189): steps=5 success=True
[hybrid-rollout] ep 189 (heldout_190): steps=7 success=True
[hybrid-rollout] ep 190 (heldout_191): steps=4 success=True
[hybrid-rollout] ep 191 (heldout_192): steps=5 success=True
[hybrid-rollout] ep 192 (heldout_193): steps=7 success=True
[hybrid-rollout] ep 193 (heldout_194): steps=6 success=True
[hybrid-rollout] ep 194 (heldout_195): steps=5 success=True
[hybrid-rollout] ep 195 (heldout_196): steps=4 success=True
[hybrid-rollout] ep 196 (heldout_197): steps=5 success=True
[hybrid-rollout] ep 197 (heldout_198): steps=4 success=True
[hybrid-rollout] ep 198 (heldout_199): steps=4 success=True
[hybrid-rollout] ep 199 (heldout_200): steps=4 success=True
[hybrid-rollout] DONE successes=174/200
[15:13:44] [iil-baseline] round 15: heldout_sr=0.870
[15:13:44] [run_baselines] worker 'safe_dagger' DONE: {'stopped_reason': 'budget_exhausted', 'n_history': 16}
