
--------------------------------------------------------------------------------
WORKER run_id=2 method=safe_dagger kind=safe
--------------------------------------------------------------------------------
[12:56:22] [bo-budget] $ /home/s226137394/.conda/envs/maze/bin/python3 -u -m Equivariant_pathway.equivariant_CNN_hybrid.rollout_test --checkpoint /weka/s226137394/DmNfull/Equivariant_pathway/equivariant_CNN_hybrid/baseline_vs_p4/pool_x_selector/results/run_2/safe_dagger/checkpoints/best_hybrid_policy.pth --layouts /weka/s226137394/DmNfull/Equivariant_pathway/equivariant_CNN_hybrid/baseline_vs_p4/shared/heldout_layouts.yaml --out_dir /weka/s226137394/DmNfull/Equivariant_pathway/equivariant_CNN_hybrid/baseline_vs_p4/pool_x_selector/results/run_2/safe_dagger/results/eval_round_000 --seed 2 --max_steps 60
[hybrid-rollout] 200 unique; running 200 eps
[hybrid-rollout] loaded /weka/s226137394/DmNfull/Equivariant_pathway/equivariant_CNN_hybrid/baseline_vs_p4/pool_x_selector/results/run_2/safe_dagger/checkpoints/best_hybrid_policy.pth
[hybrid-rollout] ep 0 (heldout_001): steps=5 success=True
[hybrid-rollout] ep 1 (heldout_002): steps=60 success=False
[hybrid-rollout] ep 2 (heldout_003): steps=4 success=False
[hybrid-rollout] ep 3 (heldout_004): steps=60 success=False
[hybrid-rollout] ep 4 (heldout_005): steps=5 success=True
[hybrid-rollout] ep 5 (heldout_006): steps=3 success=False
[hybrid-rollout] ep 6 (heldout_007): steps=60 success=False
[hybrid-rollout] ep 7 (heldout_008): steps=60 success=False
[hybrid-rollout] ep 8 (heldout_009): steps=2 success=False
[hybrid-rollout] ep 9 (heldout_010): steps=60 success=False
[hybrid-rollout] ep 10 (heldout_011): steps=4 success=True
[hybrid-rollout] ep 11 (heldout_012): steps=3 success=False
[hybrid-rollout] ep 12 (heldout_013): steps=60 success=False
[hybrid-rollout] ep 13 (heldout_014): steps=5 success=True
[hybrid-rollout] ep 14 (heldout_015): steps=4 success=True
[hybrid-rollout] ep 15 (heldout_016): steps=1 success=False
[hybrid-rollout] ep 16 (heldout_017): steps=4 success=True
[hybrid-rollout] ep 17 (heldout_018): steps=60 success=False
[hybrid-rollout] ep 18 (heldout_019): steps=60 success=False
[hybrid-rollout] ep 19 (heldout_020): steps=5 success=True
[hybrid-rollout] ep 20 (heldout_021): steps=60 success=False
[hybrid-rollout] ep 21 (heldout_022): steps=60 success=False
[hybrid-rollout] ep 22 (heldout_023): steps=60 success=False
[hybrid-rollout] ep 23 (heldout_024): steps=60 success=False
[hybrid-rollout] ep 24 (heldout_025): steps=4 success=True
[hybrid-rollout] ep 25 (heldout_026): steps=4 success=True
[hybrid-rollout] ep 26 (heldout_027): steps=4 success=True
[hybrid-rollout] ep 27 (heldout_028): steps=4 success=True
[hybrid-rollout] ep 28 (heldout_029): steps=60 success=False
[hybrid-rollout] ep 29 (heldout_030): steps=60 success=False
[hybrid-rollout] ep 30 (heldout_031): steps=60 success=False
[hybrid-rollout] ep 31 (heldout_032): steps=60 success=False
[hybrid-rollout] ep 32 (heldout_033): steps=4 success=True
[hybrid-rollout] ep 33 (heldout_034): steps=60 success=False
[hybrid-rollout] ep 34 (heldout_035): steps=60 success=False
[hybrid-rollout] ep 35 (heldout_036): steps=5 success=True
[hybrid-rollout] ep 36 (heldout_037): steps=2 success=False
[hybrid-rollout] ep 37 (heldout_038): steps=5 success=True
[hybrid-rollout] ep 38 (heldout_039): steps=6 success=True
[hybrid-rollout] ep 39 (heldout_040): steps=2 success=False
[hybrid-rollout] ep 40 (heldout_041): steps=60 success=False
[hybrid-rollout] ep 41 (heldout_042): steps=60 success=False
[hybrid-rollout] ep 42 (heldout_043): steps=60 success=False
[hybrid-rollout] ep 43 (heldout_044): steps=5 success=True
[hybrid-rollout] ep 44 (heldout_045): steps=3 success=False
[hybrid-rollout] ep 45 (heldout_046): steps=4 success=True
[hybrid-rollout] ep 46 (heldout_047): steps=6 success=True
[hybrid-rollout] ep 47 (heldout_048): steps=6 success=True
[hybrid-rollout] ep 48 (heldout_049): steps=60 success=False
[hybrid-rollout] ep 49 (heldout_050): steps=60 success=False
[hybrid-rollout] ep 50 (heldout_051): steps=4 success=True
[hybrid-rollout] ep 51 (heldout_052): steps=4 success=True
[hybrid-rollout] ep 52 (heldout_053): steps=60 success=False
[hybrid-rollout] ep 53 (heldout_054): steps=4 success=True
[hybrid-rollout] ep 54 (heldout_055): steps=60 success=False
[hybrid-rollout] ep 55 (heldout_056): steps=4 success=True
[hybrid-rollout] ep 56 (heldout_057): steps=4 success=True
[hybrid-rollout] ep 57 (heldout_058): steps=4 success=True
[hybrid-rollout] ep 58 (heldout_059): steps=60 success=False
[hybrid-rollout] ep 59 (heldout_060): steps=6 success=True
[hybrid-rollout] ep 60 (heldout_061): steps=5 success=True
[hybrid-rollout] ep 61 (heldout_062): steps=6 success=True
[hybrid-rollout] ep 62 (heldout_063): steps=5 success=True
[hybrid-rollout] ep 63 (heldout_064): steps=1 success=False
[hybrid-rollout] ep 64 (heldout_065): steps=3 success=False
[hybrid-rollout] ep 65 (heldout_066): steps=6 success=True
[hybrid-rollout] ep 66 (heldout_067): steps=5 success=True
[hybrid-rollout] ep 67 (heldout_068): steps=4 success=True
[hybrid-rollout] ep 68 (heldout_069): steps=60 success=False
[hybrid-rollout] ep 69 (heldout_070): steps=60 success=False
[hybrid-rollout] ep 70 (heldout_071): steps=5 success=True
[hybrid-rollout] ep 71 (heldout_072): steps=60 success=False
[hybrid-rollout] ep 72 (heldout_073): steps=6 success=True
[hybrid-rollout] ep 73 (heldout_074): steps=60 success=False
[hybrid-rollout] ep 74 (heldout_075): steps=5 success=True
[hybrid-rollout] ep 75 (heldout_076): steps=60 success=False
[hybrid-rollout] ep 76 (heldout_077): steps=4 success=True
[hybrid-rollout] ep 77 (heldout_078): steps=3 success=False
[hybrid-rollout] ep 78 (heldout_079): steps=4 success=True
[hybrid-rollout] ep 79 (heldout_080): steps=4 success=True
[hybrid-rollout] ep 80 (heldout_081): steps=60 success=False
[hybrid-rollout] ep 81 (heldout_082): steps=5 success=True
[hybrid-rollout] ep 82 (heldout_083): steps=60 success=False
[hybrid-rollout] ep 83 (heldout_084): steps=1 success=False
[hybrid-rollout] ep 84 (heldout_085): steps=60 success=False
[hybrid-rollout] ep 85 (heldout_086): steps=6 success=True
[hybrid-rollout] ep 86 (heldout_087): steps=60 success=False
[hybrid-rollout] ep 87 (heldout_088): steps=60 success=False
[hybrid-rollout] ep 88 (heldout_089): steps=3 success=False
[hybrid-rollout] ep 89 (heldout_090): steps=4 success=True
[hybrid-rollout] ep 90 (heldout_091): steps=3 success=False
[hybrid-rollout] ep 91 (heldout_092): steps=5 success=True
[hybrid-rollout] ep 92 (heldout_093): steps=1 success=False
[hybrid-rollout] ep 93 (heldout_094): steps=6 success=True
[hybrid-rollout] ep 94 (heldout_095): steps=7 success=True
[hybrid-rollout] ep 95 (heldout_096): steps=60 success=False
[hybrid-rollout] ep 96 (heldout_097): steps=5 success=True
[hybrid-rollout] ep 97 (heldout_098): steps=1 success=False
[hybrid-rollout] ep 98 (heldout_099): steps=60 success=False
[hybrid-rollout] ep 99 (heldout_100): steps=60 success=False
[hybrid-rollout] ep 100 (heldout_101): steps=4 success=True
[hybrid-rollout] ep 101 (heldout_102): steps=4 success=True
[hybrid-rollout] ep 102 (heldout_103): steps=60 success=False
[hybrid-rollout] ep 103 (heldout_104): steps=6 success=True
[hybrid-rollout] ep 104 (heldout_105): steps=4 success=True
[hybrid-rollout] ep 105 (heldout_106): steps=60 success=False
[hybrid-rollout] ep 106 (heldout_107): steps=4 success=True
[hybrid-rollout] ep 107 (heldout_108): steps=60 success=False
[hybrid-rollout] ep 108 (heldout_109): steps=4 success=True
[hybrid-rollout] ep 109 (heldout_110): steps=6 success=True
[hybrid-rollout] ep 110 (heldout_111): steps=60 success=False
[hybrid-rollout] ep 111 (heldout_112): steps=60 success=False
[hybrid-rollout] ep 112 (heldout_113): steps=5 success=True
[hybrid-rollout] ep 113 (heldout_114): steps=4 success=True
[hybrid-rollout] ep 114 (heldout_115): steps=4 success=True
[hybrid-rollout] ep 115 (heldout_116): steps=60 success=False
[hybrid-rollout] ep 116 (heldout_117): steps=7 success=True
[hybrid-rollout] ep 117 (heldout_118): steps=60 success=False
[hybrid-rollout] ep 118 (heldout_119): steps=60 success=False
[hybrid-rollout] ep 119 (heldout_120): steps=7 success=True
[hybrid-rollout] ep 120 (heldout_121): steps=60 success=False
[hybrid-rollout] ep 121 (heldout_122): steps=60 success=False
[hybrid-rollout] ep 122 (heldout_123): steps=6 success=True
[hybrid-rollout] ep 123 (heldout_124): steps=1 success=False
[hybrid-rollout] ep 124 (heldout_125): steps=4 success=True
[hybrid-rollout] ep 125 (heldout_126): steps=4 success=True
[hybrid-rollout] ep 126 (heldout_127): steps=60 success=False
[hybrid-rollout] ep 127 (heldout_128): steps=60 success=False
[hybrid-rollout] ep 128 (heldout_129): steps=1 success=False
[hybrid-rollout] ep 129 (heldout_130): steps=4 success=True
[hybrid-rollout] ep 130 (heldout_131): steps=60 success=False
[hybrid-rollout] ep 131 (heldout_132): steps=4 success=True
[hybrid-rollout] ep 132 (heldout_133): steps=4 success=True
[hybrid-rollout] ep 133 (heldout_134): steps=60 success=False
[hybrid-rollout] ep 134 (heldout_135): steps=1 success=False
[hybrid-rollout] ep 135 (heldout_136): steps=60 success=False
[hybrid-rollout] ep 136 (heldout_137): steps=5 success=True
[hybrid-rollout] ep 137 (heldout_138): steps=4 success=True
[hybrid-rollout] ep 138 (heldout_139): steps=4 success=True
[hybrid-rollout] ep 139 (heldout_140): steps=60 success=False
[hybrid-rollout] ep 140 (heldout_141): steps=5 success=True
[hybrid-rollout] ep 141 (heldout_142): steps=2 success=False
[hybrid-rollout] ep 142 (heldout_143): steps=6 success=True
[hybrid-rollout] ep 143 (heldout_144): steps=4 success=True
[hybrid-rollout] ep 144 (heldout_145): steps=5 success=True
[hybrid-rollout] ep 145 (heldout_146): steps=60 success=False
[hybrid-rollout] ep 146 (heldout_147): steps=4 success=True
[hybrid-rollout] ep 147 (heldout_148): steps=60 success=False
[hybrid-rollout] ep 148 (heldout_149): steps=60 success=False
[hybrid-rollout] ep 149 (heldout_150): steps=4 success=True
[hybrid-rollout] ep 150 (heldout_151): steps=5 success=True
[hybrid-rollout] ep 151 (heldout_152): steps=5 success=False
[hybrid-rollout] ep 152 (heldout_153): steps=2 success=False
[hybrid-rollout] ep 153 (heldout_154): steps=60 success=False
[hybrid-rollout] ep 154 (heldout_155): steps=60 success=False
[hybrid-rollout] ep 155 (heldout_156): steps=4 success=False
[hybrid-rollout] ep 156 (heldout_157): steps=60 success=False
[hybrid-rollout] ep 157 (heldout_158): steps=3 success=False
[hybrid-rollout] ep 158 (heldout_159): steps=6 success=True
[hybrid-rollout] ep 159 (heldout_160): steps=60 success=False
[hybrid-rollout] ep 160 (heldout_161): steps=60 success=False
[hybrid-rollout] ep 161 (heldout_162): steps=5 success=True
[hybrid-rollout] ep 162 (heldout_163): steps=4 success=True
[hybrid-rollout] ep 163 (heldout_164): steps=60 success=False
[hybrid-rollout] ep 164 (heldout_165): steps=5 success=True
[hybrid-rollout] ep 165 (heldout_166): steps=4 success=True
[hybrid-rollout] ep 166 (heldout_167): steps=60 success=False
[hybrid-rollout] ep 167 (heldout_168): steps=4 success=True
[hybrid-rollout] ep 168 (heldout_169): steps=4 success=False
[hybrid-rollout] ep 169 (heldout_170): steps=60 success=False
[hybrid-rollout] ep 170 (heldout_171): steps=60 success=False
[hybrid-rollout] ep 171 (heldout_172): steps=60 success=False
[hybrid-rollout] ep 172 (heldout_173): steps=4 success=True
[hybrid-rollout] ep 173 (heldout_174): steps=5 success=True
[hybrid-rollout] ep 174 (heldout_175): steps=7 success=True
[hybrid-rollout] ep 175 (heldout_176): steps=6 success=True
[hybrid-rollout] ep 176 (heldout_177): steps=60 success=False
[hybrid-rollout] ep 177 (heldout_178): steps=1 success=False
[hybrid-rollout] ep 178 (heldout_179): steps=60 success=False
[hybrid-rollout] ep 179 (heldout_180): steps=4 success=True
[hybrid-rollout] ep 180 (heldout_181): steps=5 success=True
[hybrid-rollout] ep 181 (heldout_182): steps=4 success=True
[hybrid-rollout] ep 182 (heldout_183): steps=2 success=False
[hybrid-rollout] ep 183 (heldout_184): steps=5 success=False
[hybrid-rollout] ep 184 (heldout_185): steps=60 success=False
[hybrid-rollout] ep 185 (heldout_186): steps=4 success=True
[hybrid-rollout] ep 186 (heldout_187): steps=1 success=False
[hybrid-rollout] ep 187 (heldout_188): steps=5 success=True
[hybrid-rollout] ep 188 (heldout_189): steps=60 success=False
[hybrid-rollout] ep 189 (heldout_190): steps=7 success=True
[hybrid-rollout] ep 190 (heldout_191): steps=1 success=False
[hybrid-rollout] ep 191 (heldout_192): steps=7 success=True
[hybrid-rollout] ep 192 (heldout_193): steps=60 success=False
[hybrid-rollout] ep 193 (heldout_194): steps=5 success=False
[hybrid-rollout] ep 194 (heldout_195): steps=5 success=True
[hybrid-rollout] ep 195 (heldout_196): steps=4 success=True
[hybrid-rollout] ep 196 (heldout_197): steps=5 success=True
[hybrid-rollout] ep 197 (heldout_198): steps=60 success=False
[hybrid-rollout] ep 198 (heldout_199): steps=60 success=False
[hybrid-rollout] ep 199 (heldout_200): steps=4 success=True
[hybrid-rollout] DONE successes=94/200

--------------------------------------------------------------------------------
SAFE_DAGGER ROUND 1  (remaining budget = 15)
--------------------------------------------------------------------------------
[12:58:56] [iil-baseline] round 1: pool=20 successes=10 failures=10 correction_sr=0.500
[12:58:57] [iil-baseline] round 1: picked=1 saved=1 cum_extras=1/15
[12:58:57] [iil-baseline] $ /home/s226137394/.conda/envs/maze/bin/python3 -u -m Equivariant_pathway.equivariant_CNN_hybrid.baseline_vs_p4.pool_x_selector.trainer.finetune_replay --demo_dir /weka/s226137394/DmNfull/Equivariant_pathway/equivariant_CNN_hybrid/baseline_vs_p4/pool_x_selector/results/run_2/safe_dagger/demos --checkpoint_dir /weka/s226137394/DmNfull/Equivariant_pathway/equivariant_CNN_hybrid/baseline_vs_p4/pool_x_selector/results/run_2/safe_dagger/checkpoints --epochs 90 --batch_size 64 --lr 5e-05 --weight_decay 0.0001 --replay_mix 0.5 --replay_mix_floor 0.2 --seed 2 --resume --new_demos_dir /weka/s226137394/DmNfull/Equivariant_pathway/equivariant_CNN_hybrid/baseline_vs_p4/pool_x_selector/results/run_2/safe_dagger/demos/round_001
[finetune_replay] device=cuda demo_dir=/weka/s226137394/DmNfull/Equivariant_pathway/equivariant_CNN_hybrid/baseline_vs_p4/pool_x_selector/results/run_2/safe_dagger/demos new_demos_dir=/weka/s226137394/DmNfull/Equivariant_pathway/equivariant_CNN_hybrid/baseline_vs_p4/pool_x_selector/results/run_2/safe_dagger/demos/round_001
[hybrid-dataset] 20 demos -> 103 samples
[hybrid-dataset] 1 demos -> 4 samples
[finetune_replay] sampler audit: {'n_old_samples': 103, 'n_new_samples': 4, 'replay_mix_target': 0.5, 'replay_mix_effective': 0.5, 'replay_mix_floor': 0.2}
[finetune_replay] trainable params: 1,400,028
[finetune_replay] WARM START from last_hybrid_policy.pth
[finetune_replay] ep   1/90 | train loss=0.9866 top1=0.619 | val loss=0.0384 | t=1.0s  *
[finetune_replay] ep   2/90 | train loss=0.4306 top1=0.835 | val loss=0.0105 | t=0.2s  *
[finetune_replay] ep   3/90 | train loss=0.0826 top1=1.000 | val loss=0.0240 | t=0.1s
[finetune_replay] ep   4/90 | train loss=0.0333 top1=1.000 | val loss=0.0596 | t=0.1s
[finetune_replay] ep   5/90 | train loss=0.0385 top1=1.000 | val loss=0.0566 | t=0.1s
[finetune_replay] ep   6/90 | train loss=0.0266 top1=1.000 | val loss=0.0550 | t=0.1s
[finetune_replay] ep   7/90 | train loss=0.0080 top1=1.000 | val loss=0.0445 | t=0.2s
[finetune_replay] ep   8/90 | train loss=0.0111 top1=1.000 | val loss=0.0322 | t=0.1s
[finetune_replay] ep   9/90 | train loss=0.0175 top1=1.000 | val loss=0.0199 | t=0.1s
[finetune_replay] ep  10/90 | train loss=0.0214 top1=1.000 | val loss=0.0128 | t=0.1s
[finetune_replay] ep  11/90 | train loss=0.0125 top1=1.000 | val loss=0.0100 | t=0.1s  *
[finetune_replay] ep  12/90 | train loss=0.0066 top1=1.000 | val loss=0.0093 | t=0.1s  *
[finetune_replay] ep  13/90 | train loss=0.0071 top1=1.000 | val loss=0.0107 | t=0.1s
[finetune_replay] ep  14/90 | train loss=0.0047 top1=1.000 | val loss=0.0112 | t=0.1s
[finetune_replay] ep  15/90 | train loss=0.0041 top1=1.000 | val loss=0.0107 | t=0.1s
[finetune_replay] ep  16/90 | train loss=0.0046 top1=1.000 | val loss=0.0099 | t=0.1s
[finetune_replay] ep  17/90 | train loss=0.0034 top1=1.000 | val loss=0.0093 | t=0.1s
[finetune_replay] ep  18/90 | train loss=0.0032 top1=1.000 | val loss=0.0090 | t=0.1s  *
[finetune_replay] ep  19/90 | train loss=0.0037 top1=1.000 | val loss=0.0091 | t=0.1s
[finetune_replay] ep  20/90 | train loss=0.0033 top1=1.000 | val loss=0.0089 | t=0.1s  *
[finetune_replay] ep  21/90 | train loss=0.0035 top1=1.000 | val loss=0.0094 | t=0.1s
[finetune_replay] ep  22/90 | train loss=0.0031 top1=1.000 | val loss=0.0095 | t=0.1s
[finetune_replay] ep  23/90 | train loss=0.0027 top1=1.000 | val loss=0.0116 | t=0.1s
[finetune_replay] ep  24/90 | train loss=0.0028 top1=1.000 | val loss=0.0123 | t=0.1s
[finetune_replay] ep  25/90 | train loss=0.0040 top1=1.000 | val loss=0.0107 | t=0.1s
[finetune_replay] ep  26/90 | train loss=0.0023 top1=1.000 | val loss=0.0093 | t=0.1s
[finetune_replay] ep  27/90 | train loss=0.0026 top1=1.000 | val loss=0.0078 | t=0.1s  *
[finetune_replay] ep  28/90 | train loss=0.0028 top1=1.000 | val loss=0.0071 | t=0.1s  *
[finetune_replay] ep  29/90 | train loss=0.0022 top1=1.000 | val loss=0.0066 | t=0.1s  *
[finetune_replay] ep  30/90 | train loss=0.0016 top1=1.000 | val loss=0.0061 | t=0.1s  *
[finetune_replay] ep  31/90 | train loss=0.0015 top1=1.000 | val loss=0.0059 | t=0.1s  *
[finetune_replay] ep  32/90 | train loss=0.0020 top1=1.000 | val loss=0.0058 | t=0.1s  *
[finetune_replay] ep  33/90 | train loss=0.0013 top1=1.000 | val loss=0.0057 | t=0.1s  *
[finetune_replay] ep  34/90 | train loss=0.0015 top1=1.000 | val loss=0.0056 | t=0.1s  *
[finetune_replay] ep  35/90 | train loss=0.0013 top1=1.000 | val loss=0.0055 | t=0.1s  *
[finetune_replay] ep  36/90 | train loss=0.0012 top1=1.000 | val loss=0.0057 | t=0.1s
[finetune_replay] ep  37/90 | train loss=0.0013 top1=1.000 | val loss=0.0058 | t=0.1s
[finetune_replay] ep  38/90 | train loss=0.0018 top1=1.000 | val loss=0.0057 | t=0.1s
[finetune_replay] ep  39/90 | train loss=0.0019 top1=1.000 | val loss=0.0055 | t=0.1s
[finetune_replay] ep  40/90 | train loss=0.0017 top1=1.000 | val loss=0.0055 | t=0.1s
[finetune_replay] ep  41/90 | train loss=0.0015 top1=1.000 | val loss=0.0058 | t=0.1s
[finetune_replay] ep  42/90 | train loss=0.0019 top1=1.000 | val loss=0.0054 | t=0.1s  *
[finetune_replay] ep  43/90 | train loss=0.0013 top1=1.000 | val loss=0.0051 | t=0.2s  *
[finetune_replay] ep  44/90 | train loss=0.0020 top1=1.000 | val loss=0.0048 | t=0.2s  *
[finetune_replay] ep  45/90 | train loss=0.0016 top1=1.000 | val loss=0.0045 | t=0.1s  *
[finetune_replay] ep  46/90 | train loss=0.0015 top1=1.000 | val loss=0.0042 | t=0.1s  *
[finetune_replay] ep  47/90 | train loss=0.0015 top1=1.000 | val loss=0.0039 | t=0.1s  *
[finetune_replay] ep  48/90 | train loss=0.0017 top1=1.000 | val loss=0.0042 | t=0.2s
[finetune_replay] ep  49/90 | train loss=0.0014 top1=1.000 | val loss=0.0045 | t=0.1s
[finetune_replay] ep  50/90 | train loss=0.0012 top1=1.000 | val loss=0.0045 | t=0.1s
[finetune_replay] ep  51/90 | train loss=0.0013 top1=1.000 | val loss=0.0045 | t=0.1s
[finetune_replay] ep  52/90 | train loss=0.0015 top1=1.000 | val loss=0.0045 | t=0.1s
[finetune_replay] ep  53/90 | train loss=0.0016 top1=1.000 | val loss=0.0046 | t=0.1s
[finetune_replay] ep  54/90 | train loss=0.0012 top1=1.000 | val loss=0.0047 | t=0.1s
[finetune_replay] ep  55/90 | train loss=0.0022 top1=1.000 | val loss=0.0044 | t=0.1s
[finetune_replay] ep  56/90 | train loss=0.0010 top1=1.000 | val loss=0.0043 | t=0.1s
[finetune_replay] ep  57/90 | train loss=0.0008 top1=1.000 | val loss=0.0042 | t=0.2s
[finetune_replay] ep  58/90 | train loss=0.0012 top1=1.000 | val loss=0.0041 | t=0.1s
[finetune_replay] ep  59/90 | train loss=0.0011 top1=1.000 | val loss=0.0042 | t=0.1s
[finetune_replay] ep  60/90 | train loss=0.0010 top1=1.000 | val loss=0.0041 | t=0.1s
[finetune_replay] ep  61/90 | train loss=0.0014 top1=1.000 | val loss=0.0045 | t=0.2s
[finetune_replay] ep  62/90 | train loss=0.0007 top1=1.000 | val loss=0.0046 | t=0.1s
[finetune_replay] ep  63/90 | train loss=0.0017 top1=1.000 | val loss=0.0049 | t=0.1s
[finetune_replay] ep  64/90 | train loss=0.0009 top1=1.000 | val loss=0.0047 | t=0.1s
[finetune_replay] ep  65/90 | train loss=0.0014 top1=1.000 | val loss=0.0048 | t=0.1s
[finetune_replay] ep  66/90 | train loss=0.0010 top1=1.000 | val loss=0.0047 | t=0.1s
[finetune_replay] ep  67/90 | train loss=0.0012 top1=1.000 | val loss=0.0047 | t=0.1s
[finetune_replay] ep  68/90 | train loss=0.0010 top1=1.000 | val loss=0.0046 | t=0.1s
[finetune_replay] ep  69/90 | train loss=0.0010 top1=1.000 | val loss=0.0045 | t=0.1s
[finetune_replay] ep  70/90 | train loss=0.0017 top1=1.000 | val loss=0.0045 | t=0.1s
[finetune_replay] ep  71/90 | train loss=0.0017 top1=1.000 | val loss=0.0044 | t=0.1s
[finetune_replay] ep  72/90 | train loss=0.0010 top1=1.000 | val loss=0.0045 | t=0.1s
[finetune_replay] ep  73/90 | train loss=0.0011 top1=1.000 | val loss=0.0048 | t=0.2s
[finetune_replay] ep  74/90 | train loss=0.0011 top1=1.000 | val loss=0.0048 | t=0.1s
[finetune_replay] ep  75/90 | train loss=0.0015 top1=1.000 | val loss=0.0046 | t=0.1s
[finetune_replay] ep  76/90 | train loss=0.0014 top1=1.000 | val loss=0.0047 | t=0.1s
[finetune_replay] ep  77/90 | train loss=0.0008 top1=1.000 | val loss=0.0047 | t=0.1s
[finetune_replay] ep  78/90 | train loss=0.0013 top1=1.000 | val loss=0.0050 | t=0.2s
[finetune_replay] ep  79/90 | train loss=0.0013 top1=1.000 | val loss=0.0050 | t=0.1s
[finetune_replay] ep  80/90 | train loss=0.0014 top1=1.000 | val loss=0.0049 | t=0.1s
[finetune_replay] ep  81/90 | train loss=0.0011 top1=1.000 | val loss=0.0048 | t=0.1s
[finetune_replay] ep  82/90 | train loss=0.0007 top1=1.000 | val loss=0.0051 | t=0.1s
[finetune_replay] ep  83/90 | train loss=0.0014 top1=1.000 | val loss=0.0050 | t=0.1s
[finetune_replay] ep  84/90 | train loss=0.0007 top1=1.000 | val loss=0.0049 | t=0.1s
[finetune_replay] ep  85/90 | train loss=0.0012 top1=1.000 | val loss=0.0049 | t=0.1s
[finetune_replay] ep  86/90 | train loss=0.0012 top1=1.000 | val loss=0.0050 | t=0.1s
[finetune_replay] ep  87/90 | train loss=0.0012 top1=1.000 | val loss=0.0052 | t=0.1s
[finetune_replay] ep  88/90 | train loss=0.0012 top1=1.000 | val loss=0.0051 | t=0.1s
[finetune_replay] ep  89/90 | train loss=0.0012 top1=1.000 | val loss=0.0050 | t=0.1s
[finetune_replay] ep  90/90 | train loss=0.0011 top1=1.000 | val loss=0.0051 | t=0.1s
[finetune_replay] DONE best_val_loss=0.0039 @ epoch 47
[12:59:23] [bo-budget] $ /home/s226137394/.conda/envs/maze/bin/python3 -u -m Equivariant_pathway.equivariant_CNN_hybrid.rollout_test --checkpoint /weka/s226137394/DmNfull/Equivariant_pathway/equivariant_CNN_hybrid/baseline_vs_p4/pool_x_selector/results/run_2/safe_dagger/checkpoints/best_hybrid_policy.pth --layouts /weka/s226137394/DmNfull/Equivariant_pathway/equivariant_CNN_hybrid/baseline_vs_p4/shared/heldout_layouts.yaml --out_dir /weka/s226137394/DmNfull/Equivariant_pathway/equivariant_CNN_hybrid/baseline_vs_p4/pool_x_selector/results/run_2/safe_dagger/results/eval_round_001 --seed 3 --max_steps 60
[hybrid-rollout] 200 unique; running 200 eps
[hybrid-rollout] loaded /weka/s226137394/DmNfull/Equivariant_pathway/equivariant_CNN_hybrid/baseline_vs_p4/pool_x_selector/results/run_2/safe_dagger/checkpoints/best_hybrid_policy.pth
[hybrid-rollout] ep 0 (heldout_001): steps=5 success=True
[hybrid-rollout] ep 1 (heldout_002): steps=60 success=False
[hybrid-rollout] ep 2 (heldout_003): steps=60 success=False
[hybrid-rollout] ep 3 (heldout_004): steps=60 success=False
[hybrid-rollout] ep 4 (heldout_005): steps=5 success=True
[hybrid-rollout] ep 5 (heldout_006): steps=3 success=False
[hybrid-rollout] ep 6 (heldout_007): steps=5 success=True
[hybrid-rollout] ep 7 (heldout_008): steps=60 success=False
[hybrid-rollout] ep 8 (heldout_009): steps=2 success=False
[hybrid-rollout] ep 9 (heldout_010): steps=6 success=False
[hybrid-rollout] ep 10 (heldout_011): steps=4 success=True
[hybrid-rollout] ep 11 (heldout_012): steps=3 success=False
[hybrid-rollout] ep 12 (heldout_013): steps=5 success=True
[hybrid-rollout] ep 13 (heldout_014): steps=5 success=True
[hybrid-rollout] ep 14 (heldout_015): steps=4 success=True
[hybrid-rollout] ep 15 (heldout_016): steps=5 success=True
[hybrid-rollout] ep 16 (heldout_017): steps=4 success=True
[hybrid-rollout] ep 17 (heldout_018): steps=60 success=False
[hybrid-rollout] ep 18 (heldout_019): steps=5 success=True
[hybrid-rollout] ep 19 (heldout_020): steps=5 success=True
[hybrid-rollout] ep 20 (heldout_021): steps=60 success=False
[hybrid-rollout] ep 21 (heldout_022): steps=60 success=False
[hybrid-rollout] ep 22 (heldout_023): steps=7 success=True
[hybrid-rollout] ep 23 (heldout_024): steps=60 success=False
[hybrid-rollout] ep 24 (heldout_025): steps=4 success=True
[hybrid-rollout] ep 25 (heldout_026): steps=4 success=True
[hybrid-rollout] ep 26 (heldout_027): steps=4 success=True
[hybrid-rollout] ep 27 (heldout_028): steps=4 success=True
[hybrid-rollout] ep 28 (heldout_029): steps=7 success=True
[hybrid-rollout] ep 29 (heldout_030): steps=60 success=False
[hybrid-rollout] ep 30 (heldout_031): steps=5 success=True
[hybrid-rollout] ep 31 (heldout_032): steps=5 success=True
[hybrid-rollout] ep 32 (heldout_033): steps=4 success=True
[hybrid-rollout] ep 33 (heldout_034): steps=5 success=True
[hybrid-rollout] ep 34 (heldout_035): steps=60 success=False
[hybrid-rollout] ep 35 (heldout_036): steps=5 success=True
[hybrid-rollout] ep 36 (heldout_037): steps=2 success=False
[hybrid-rollout] ep 37 (heldout_038): steps=5 success=True
[hybrid-rollout] ep 38 (heldout_039): steps=6 success=True
[hybrid-rollout] ep 39 (heldout_040): steps=60 success=False
[hybrid-rollout] ep 40 (heldout_041): steps=60 success=False
[hybrid-rollout] ep 41 (heldout_042): steps=60 success=False
[hybrid-rollout] ep 42 (heldout_043): steps=60 success=False
[hybrid-rollout] ep 43 (heldout_044): steps=5 success=True
[hybrid-rollout] ep 44 (heldout_045): steps=60 success=False
[hybrid-rollout] ep 45 (heldout_046): steps=4 success=True
[hybrid-rollout] ep 46 (heldout_047): steps=6 success=True
[hybrid-rollout] ep 47 (heldout_048): steps=6 success=True
[hybrid-rollout] ep 48 (heldout_049): steps=5 success=True
[hybrid-rollout] ep 49 (heldout_050): steps=4 success=True
[hybrid-rollout] ep 50 (heldout_051): steps=4 success=True
[hybrid-rollout] ep 51 (heldout_052): steps=4 success=True
[hybrid-rollout] ep 52 (heldout_053): steps=60 success=False
[hybrid-rollout] ep 53 (heldout_054): steps=4 success=True
[hybrid-rollout] ep 54 (heldout_055): steps=60 success=False
[hybrid-rollout] ep 55 (heldout_056): steps=4 success=True
[hybrid-rollout] ep 56 (heldout_057): steps=4 success=True
[hybrid-rollout] ep 57 (heldout_058): steps=4 success=True
[hybrid-rollout] ep 58 (heldout_059): steps=60 success=False
[hybrid-rollout] ep 59 (heldout_060): steps=60 success=False
[hybrid-rollout] ep 60 (heldout_061): steps=5 success=True
[hybrid-rollout] ep 61 (heldout_062): steps=6 success=True
[hybrid-rollout] ep 62 (heldout_063): steps=5 success=True
[hybrid-rollout] ep 63 (heldout_064): steps=4 success=True
[hybrid-rollout] ep 64 (heldout_065): steps=3 success=False
[hybrid-rollout] ep 65 (heldout_066): steps=6 success=True
[hybrid-rollout] ep 66 (heldout_067): steps=5 success=True
[hybrid-rollout] ep 67 (heldout_068): steps=4 success=True
[hybrid-rollout] ep 68 (heldout_069): steps=4 success=True
[hybrid-rollout] ep 69 (heldout_070): steps=60 success=False
[hybrid-rollout] ep 70 (heldout_071): steps=5 success=True
[hybrid-rollout] ep 71 (heldout_072): steps=60 success=False
[hybrid-rollout] ep 72 (heldout_073): steps=60 success=False
[hybrid-rollout] ep 73 (heldout_074): steps=4 success=True
[hybrid-rollout] ep 74 (heldout_075): steps=5 success=True
[hybrid-rollout] ep 75 (heldout_076): steps=60 success=False
[hybrid-rollout] ep 76 (heldout_077): steps=4 success=True
[hybrid-rollout] ep 77 (heldout_078): steps=3 success=False
[hybrid-rollout] ep 78 (heldout_079): steps=4 success=True
[hybrid-rollout] ep 79 (heldout_080): steps=4 success=True
[hybrid-rollout] ep 80 (heldout_081): steps=5 success=True
[hybrid-rollout] ep 81 (heldout_082): steps=5 success=True
[hybrid-rollout] ep 82 (heldout_083): steps=4 success=True
[hybrid-rollout] ep 83 (heldout_084): steps=1 success=False
[hybrid-rollout] ep 84 (heldout_085): steps=6 success=True
[hybrid-rollout] ep 85 (heldout_086): steps=6 success=True
[hybrid-rollout] ep 86 (heldout_087): steps=7 success=True
[hybrid-rollout] ep 87 (heldout_088): steps=60 success=False
[hybrid-rollout] ep 88 (heldout_089): steps=3 success=False
[hybrid-rollout] ep 89 (heldout_090): steps=4 success=True
[hybrid-rollout] ep 90 (heldout_091): steps=3 success=False
[hybrid-rollout] ep 91 (heldout_092): steps=5 success=True
[hybrid-rollout] ep 92 (heldout_093): steps=1 success=False
[hybrid-rollout] ep 93 (heldout_094): steps=6 success=True
[hybrid-rollout] ep 94 (heldout_095): steps=7 success=True
[hybrid-rollout] ep 95 (heldout_096): steps=60 success=False
[hybrid-rollout] ep 96 (heldout_097): steps=5 success=True
[hybrid-rollout] ep 97 (heldout_098): steps=1 success=False
[hybrid-rollout] ep 98 (heldout_099): steps=6 success=True
[hybrid-rollout] ep 99 (heldout_100): steps=8 success=True
[hybrid-rollout] ep 100 (heldout_101): steps=4 success=True
[hybrid-rollout] ep 101 (heldout_102): steps=4 success=True
[hybrid-rollout] ep 102 (heldout_103): steps=4 success=True
[hybrid-rollout] ep 103 (heldout_104): steps=6 success=True
[hybrid-rollout] ep 104 (heldout_105): steps=4 success=True
[hybrid-rollout] ep 105 (heldout_106): steps=60 success=False
[hybrid-rollout] ep 106 (heldout_107): steps=4 success=True
[hybrid-rollout] ep 107 (heldout_108): steps=4 success=True
[hybrid-rollout] ep 108 (heldout_109): steps=4 success=True
[hybrid-rollout] ep 109 (heldout_110): steps=60 success=False
[hybrid-rollout] ep 110 (heldout_111): steps=60 success=False
[hybrid-rollout] ep 111 (heldout_112): steps=5 success=True
[hybrid-rollout] ep 112 (heldout_113): steps=7 success=True
[hybrid-rollout] ep 113 (heldout_114): steps=4 success=True
[hybrid-rollout] ep 114 (heldout_115): steps=4 success=True
[hybrid-rollout] ep 115 (heldout_116): steps=60 success=False
[hybrid-rollout] ep 116 (heldout_117): steps=1 success=False
[hybrid-rollout] ep 117 (heldout_118): steps=60 success=False
[hybrid-rollout] ep 118 (heldout_119): steps=60 success=False
[hybrid-rollout] ep 119 (heldout_120): steps=7 success=True
[hybrid-rollout] ep 120 (heldout_121): steps=4 success=True
[hybrid-rollout] ep 121 (heldout_122): steps=4 success=True
[hybrid-rollout] ep 122 (heldout_123): steps=6 success=True
[hybrid-rollout] ep 123 (heldout_124): steps=1 success=False
[hybrid-rollout] ep 124 (heldout_125): steps=4 success=True
[hybrid-rollout] ep 125 (heldout_126): steps=4 success=True
[hybrid-rollout] ep 126 (heldout_127): steps=9 success=True
[hybrid-rollout] ep 127 (heldout_128): steps=6 success=False
[hybrid-rollout] ep 128 (heldout_129): steps=1 success=False
[hybrid-rollout] ep 129 (heldout_130): steps=6 success=True
[hybrid-rollout] ep 130 (heldout_131): steps=6 success=True
[hybrid-rollout] ep 131 (heldout_132): steps=4 success=True
[hybrid-rollout] ep 132 (heldout_133): steps=4 success=True
[hybrid-rollout] ep 133 (heldout_134): steps=3 success=False
[hybrid-rollout] ep 134 (heldout_135): steps=6 success=True
[hybrid-rollout] ep 135 (heldout_136): steps=60 success=False
[hybrid-rollout] ep 136 (heldout_137): steps=5 success=True
[hybrid-rollout] ep 137 (heldout_138): steps=4 success=True
[hybrid-rollout] ep 138 (heldout_139): steps=4 success=True
[hybrid-rollout] ep 139 (heldout_140): steps=60 success=False
[hybrid-rollout] ep 140 (heldout_141): steps=5 success=True
[hybrid-rollout] ep 141 (heldout_142): steps=4 success=True
[hybrid-rollout] ep 142 (heldout_143): steps=60 success=False
[hybrid-rollout] ep 143 (heldout_144): steps=4 success=True
[hybrid-rollout] ep 144 (heldout_145): steps=5 success=True
[hybrid-rollout] ep 145 (heldout_146): steps=7 success=True
[hybrid-rollout] ep 146 (heldout_147): steps=4 success=True
[hybrid-rollout] ep 147 (heldout_148): steps=60 success=False
[hybrid-rollout] ep 148 (heldout_149): steps=60 success=False
[hybrid-rollout] ep 149 (heldout_150): steps=4 success=True
[hybrid-rollout] ep 150 (heldout_151): steps=5 success=True
[hybrid-rollout] ep 151 (heldout_152): steps=6 success=True
[hybrid-rollout] ep 152 (heldout_153): steps=2 success=False
[hybrid-rollout] ep 153 (heldout_154): steps=7 success=True
[hybrid-rollout] ep 154 (heldout_155): steps=60 success=False
[hybrid-rollout] ep 155 (heldout_156): steps=60 success=False
[hybrid-rollout] ep 156 (heldout_157): steps=3 success=False
[hybrid-rollout] ep 157 (heldout_158): steps=3 success=False
[hybrid-rollout] ep 158 (heldout_159): steps=60 success=False
[hybrid-rollout] ep 159 (heldout_160): steps=60 success=False
[hybrid-rollout] ep 160 (heldout_161): steps=60 success=False
[hybrid-rollout] ep 161 (heldout_162): steps=5 success=True
[hybrid-rollout] ep 162 (heldout_163): steps=4 success=True
[hybrid-rollout] ep 163 (heldout_164): steps=6 success=True
[hybrid-rollout] ep 164 (heldout_165): steps=5 success=True
[hybrid-rollout] ep 165 (heldout_166): steps=4 success=True
[hybrid-rollout] ep 166 (heldout_167): steps=60 success=False
[hybrid-rollout] ep 167 (heldout_168): steps=4 success=True
[hybrid-rollout] ep 168 (heldout_169): steps=4 success=False
[hybrid-rollout] ep 169 (heldout_170): steps=60 success=False
[hybrid-rollout] ep 170 (heldout_171): steps=6 success=True
[hybrid-rollout] ep 171 (heldout_172): steps=60 success=False
[hybrid-rollout] ep 172 (heldout_173): steps=4 success=True
[hybrid-rollout] ep 173 (heldout_174): steps=5 success=True
[hybrid-rollout] ep 174 (heldout_175): steps=7 success=True
[hybrid-rollout] ep 175 (heldout_176): steps=10 success=True
[hybrid-rollout] ep 176 (heldout_177): steps=60 success=False
[hybrid-rollout] ep 177 (heldout_178): steps=1 success=False
[hybrid-rollout] ep 178 (heldout_179): steps=5 success=True
[hybrid-rollout] ep 179 (heldout_180): steps=4 success=True
[hybrid-rollout] ep 180 (heldout_181): steps=5 success=True
[hybrid-rollout] ep 181 (heldout_182): steps=4 success=True
[hybrid-rollout] ep 182 (heldout_183): steps=2 success=False
[hybrid-rollout] ep 183 (heldout_184): steps=5 success=False
[hybrid-rollout] ep 184 (heldout_185): steps=5 success=True
[hybrid-rollout] ep 185 (heldout_186): steps=4 success=True
[hybrid-rollout] ep 186 (heldout_187): steps=1 success=False
[hybrid-rollout] ep 187 (heldout_188): steps=5 success=True
[hybrid-rollout] ep 188 (heldout_189): steps=60 success=False
[hybrid-rollout] ep 189 (heldout_190): steps=7 success=True
[hybrid-rollout] ep 190 (heldout_191): steps=1 success=False
[hybrid-rollout] ep 191 (heldout_192): steps=7 success=True
[hybrid-rollout] ep 192 (heldout_193): steps=7 success=True
[hybrid-rollout] ep 193 (heldout_194): steps=60 success=False
[hybrid-rollout] ep 194 (heldout_195): steps=5 success=True
[hybrid-rollout] ep 195 (heldout_196): steps=4 success=True
[hybrid-rollout] ep 196 (heldout_197): steps=5 success=True
[hybrid-rollout] ep 197 (heldout_198): steps=60 success=False
[hybrid-rollout] ep 198 (heldout_199): steps=4 success=True
[hybrid-rollout] ep 199 (heldout_200): steps=4 success=True
[hybrid-rollout] DONE successes=126/200
[13:01:20] [iil-baseline] round 1: heldout_sr=0.630

--------------------------------------------------------------------------------
SAFE_DAGGER ROUND 2  (remaining budget = 14)
--------------------------------------------------------------------------------
[13:01:24] [iil-baseline] round 2: pool=20 successes=15 failures=5 correction_sr=0.750
[13:01:24] [iil-baseline] round 2: picked=1 saved=1 cum_extras=2/15
[13:01:24] [iil-baseline] $ /home/s226137394/.conda/envs/maze/bin/python3 -u -m Equivariant_pathway.equivariant_CNN_hybrid.baseline_vs_p4.pool_x_selector.trainer.finetune_replay --demo_dir /weka/s226137394/DmNfull/Equivariant_pathway/equivariant_CNN_hybrid/baseline_vs_p4/pool_x_selector/results/run_2/safe_dagger/demos --checkpoint_dir /weka/s226137394/DmNfull/Equivariant_pathway/equivariant_CNN_hybrid/baseline_vs_p4/pool_x_selector/results/run_2/safe_dagger/checkpoints --epochs 90 --batch_size 64 --lr 5e-05 --weight_decay 0.0001 --replay_mix 0.5 --replay_mix_floor 0.2 --seed 2 --resume --new_demos_dir /weka/s226137394/DmNfull/Equivariant_pathway/equivariant_CNN_hybrid/baseline_vs_p4/pool_x_selector/results/run_2/safe_dagger/demos/round_002
[finetune_replay] device=cuda demo_dir=/weka/s226137394/DmNfull/Equivariant_pathway/equivariant_CNN_hybrid/baseline_vs_p4/pool_x_selector/results/run_2/safe_dagger/demos new_demos_dir=/weka/s226137394/DmNfull/Equivariant_pathway/equivariant_CNN_hybrid/baseline_vs_p4/pool_x_selector/results/run_2/safe_dagger/demos/round_002
[hybrid-dataset] 21 demos -> 107 samples
[hybrid-dataset] 1 demos -> 8 samples
[finetune_replay] sampler audit: {'n_old_samples': 107, 'n_new_samples': 8, 'replay_mix_target': 0.5, 'replay_mix_effective': 0.5, 'replay_mix_floor': 0.2}
[finetune_replay] trainable params: 1,400,028
[finetune_replay] WARM START from last_hybrid_policy.pth
[finetune_replay] ep   1/90 | train loss=0.5453 top1=0.817 | val loss=0.0104 | t=1.0s  *
[finetune_replay] ep   2/90 | train loss=0.1104 top1=1.000 | val loss=0.0247 | t=0.2s
[finetune_replay] ep   3/90 | train loss=0.0320 top1=1.000 | val loss=0.0479 | t=0.1s
[finetune_replay] ep   4/90 | train loss=0.0223 top1=1.000 | val loss=0.0263 | t=0.1s
[finetune_replay] ep   5/90 | train loss=0.0135 top1=1.000 | val loss=0.0211 | t=0.1s
[finetune_replay] ep   6/90 | train loss=0.0086 top1=1.000 | val loss=0.0138 | t=0.2s
[finetune_replay] ep   7/90 | train loss=0.0077 top1=1.000 | val loss=0.0089 | t=0.1s  *
[finetune_replay] ep   8/90 | train loss=0.0084 top1=1.000 | val loss=0.0076 | t=0.1s  *
[finetune_replay] ep   9/90 | train loss=0.0074 top1=1.000 | val loss=0.0085 | t=0.1s
[finetune_replay] ep  10/90 | train loss=0.0056 top1=1.000 | val loss=0.0067 | t=0.1s  *
[finetune_replay] ep  11/90 | train loss=0.0050 top1=1.000 | val loss=0.0057 | t=0.1s  *
[finetune_replay] ep  12/90 | train loss=0.0047 top1=1.000 | val loss=0.0048 | t=0.1s  *
[finetune_replay] ep  13/90 | train loss=0.0039 top1=1.000 | val loss=0.0044 | t=0.1s  *
[finetune_replay] ep  14/90 | train loss=0.0036 top1=1.000 | val loss=0.0045 | t=0.1s
[finetune_replay] ep  15/90 | train loss=0.0028 top1=1.000 | val loss=0.0048 | t=0.1s
[finetune_replay] ep  16/90 | train loss=0.0029 top1=1.000 | val loss=0.0058 | t=0.1s
[finetune_replay] ep  17/90 | train loss=0.0022 top1=1.000 | val loss=0.0073 | t=0.2s
[finetune_replay] ep  18/90 | train loss=0.0029 top1=1.000 | val loss=0.0078 | t=0.1s
[finetune_replay] ep  19/90 | train loss=0.0024 top1=1.000 | val loss=0.0070 | t=0.1s
[finetune_replay] ep  20/90 | train loss=0.0025 top1=1.000 | val loss=0.0059 | t=0.1s
[finetune_replay] ep  21/90 | train loss=0.0020 top1=1.000 | val loss=0.0053 | t=0.1s
[finetune_replay] ep  22/90 | train loss=0.0024 top1=1.000 | val loss=0.0046 | t=0.1s
[finetune_replay] ep  23/90 | train loss=0.0021 top1=1.000 | val loss=0.0043 | t=0.1s  *
[finetune_replay] ep  24/90 | train loss=0.0020 top1=1.000 | val loss=0.0039 | t=0.1s  *
[finetune_replay] ep  25/90 | train loss=0.0022 top1=1.000 | val loss=0.0039 | t=0.1s
[finetune_replay] ep  26/90 | train loss=0.0021 top1=1.000 | val loss=0.0046 | t=0.2s
[finetune_replay] ep  27/90 | train loss=0.0020 top1=1.000 | val loss=0.0050 | t=0.1s
[finetune_replay] ep  28/90 | train loss=0.0020 top1=1.000 | val loss=0.0047 | t=0.1s
[finetune_replay] ep  29/90 | train loss=0.0017 top1=1.000 | val loss=0.0041 | t=0.2s
[finetune_replay] ep  30/90 | train loss=0.0016 top1=1.000 | val loss=0.0039 | t=0.1s
[finetune_replay] ep  31/90 | train loss=0.0023 top1=1.000 | val loss=0.0039 | t=0.1s
[finetune_replay] ep  32/90 | train loss=0.0019 top1=1.000 | val loss=0.0039 | t=0.1s
[finetune_replay] ep  33/90 | train loss=0.0019 top1=1.000 | val loss=0.0034 | t=0.1s  *
[finetune_replay] ep  34/90 | train loss=0.0015 top1=1.000 | val loss=0.0033 | t=0.1s  *
[finetune_replay] ep  35/90 | train loss=0.0013 top1=1.000 | val loss=0.0032 | t=0.1s  *
[finetune_replay] ep  36/90 | train loss=0.0017 top1=1.000 | val loss=0.0033 | t=0.1s
[finetune_replay] ep  37/90 | train loss=0.0015 top1=1.000 | val loss=0.0041 | t=0.1s
[finetune_replay] ep  38/90 | train loss=0.0018 top1=1.000 | val loss=0.0046 | t=0.1s
[finetune_replay] ep  39/90 | train loss=0.0014 top1=1.000 | val loss=0.0044 | t=0.1s
[finetune_replay] ep  40/90 | train loss=0.0016 top1=1.000 | val loss=0.0045 | t=0.1s
[finetune_replay] ep  41/90 | train loss=0.0014 top1=1.000 | val loss=0.0041 | t=0.1s
[finetune_replay] ep  42/90 | train loss=0.0013 top1=1.000 | val loss=0.0036 | t=0.1s
[finetune_replay] ep  43/90 | train loss=0.0016 top1=1.000 | val loss=0.0035 | t=0.1s
[finetune_replay] ep  44/90 | train loss=0.0014 top1=1.000 | val loss=0.0037 | t=0.1s
[finetune_replay] ep  45/90 | train loss=0.0013 top1=1.000 | val loss=0.0040 | t=0.1s
[finetune_replay] ep  46/90 | train loss=0.0014 top1=1.000 | val loss=0.0040 | t=0.1s
[finetune_replay] ep  47/90 | train loss=0.0014 top1=1.000 | val loss=0.0038 | t=0.1s
[finetune_replay] ep  48/90 | train loss=0.0013 top1=1.000 | val loss=0.0036 | t=0.1s
[finetune_replay] ep  49/90 | train loss=0.0012 top1=1.000 | val loss=0.0034 | t=0.1s
[finetune_replay] ep  50/90 | train loss=0.0012 top1=1.000 | val loss=0.0033 | t=0.1s
[finetune_replay] ep  51/90 | train loss=0.0015 top1=1.000 | val loss=0.0032 | t=0.1s  *
[finetune_replay] ep  52/90 | train loss=0.0014 top1=1.000 | val loss=0.0032 | t=0.1s  *
[finetune_replay] ep  53/90 | train loss=0.0011 top1=1.000 | val loss=0.0034 | t=0.1s
[finetune_replay] ep  54/90 | train loss=0.0014 top1=1.000 | val loss=0.0036 | t=0.1s
[finetune_replay] ep  55/90 | train loss=0.0012 top1=1.000 | val loss=0.0039 | t=0.1s
[finetune_replay] ep  56/90 | train loss=0.0012 top1=1.000 | val loss=0.0040 | t=0.1s
[finetune_replay] ep  57/90 | train loss=0.0011 top1=1.000 | val loss=0.0042 | t=0.1s
[finetune_replay] ep  58/90 | train loss=0.0012 top1=1.000 | val loss=0.0041 | t=0.1s
[finetune_replay] ep  59/90 | train loss=0.0013 top1=1.000 | val loss=0.0041 | t=0.1s
[finetune_replay] ep  60/90 | train loss=0.0013 top1=1.000 | val loss=0.0040 | t=0.1s
[finetune_replay] ep  61/90 | train loss=0.0011 top1=1.000 | val loss=0.0039 | t=0.1s
[finetune_replay] ep  62/90 | train loss=0.0012 top1=1.000 | val loss=0.0037 | t=0.1s
[finetune_replay] ep  63/90 | train loss=0.0016 top1=1.000 | val loss=0.0036 | t=0.1s
[finetune_replay] ep  64/90 | train loss=0.0011 top1=1.000 | val loss=0.0035 | t=0.1s
[finetune_replay] ep  65/90 | train loss=0.0012 top1=1.000 | val loss=0.0034 | t=0.1s
[finetune_replay] ep  66/90 | train loss=0.0012 top1=1.000 | val loss=0.0034 | t=0.1s
[finetune_replay] ep  67/90 | train loss=0.0011 top1=1.000 | val loss=0.0033 | t=0.1s
[finetune_replay] ep  68/90 | train loss=0.0014 top1=1.000 | val loss=0.0033 | t=0.1s
[finetune_replay] ep  69/90 | train loss=0.0012 top1=1.000 | val loss=0.0034 | t=0.1s
[finetune_replay] ep  70/90 | train loss=0.0012 top1=1.000 | val loss=0.0035 | t=0.1s
[finetune_replay] ep  71/90 | train loss=0.0013 top1=1.000 | val loss=0.0037 | t=0.1s
[finetune_replay] ep  72/90 | train loss=0.0013 top1=1.000 | val loss=0.0037 | t=0.1s
[finetune_replay] ep  73/90 | train loss=0.0012 top1=1.000 | val loss=0.0037 | t=0.1s
[finetune_replay] ep  74/90 | train loss=0.0012 top1=1.000 | val loss=0.0036 | t=0.1s
[finetune_replay] ep  75/90 | train loss=0.0012 top1=1.000 | val loss=0.0036 | t=0.1s
[finetune_replay] ep  76/90 | train loss=0.0013 top1=1.000 | val loss=0.0035 | t=0.1s
[finetune_replay] ep  77/90 | train loss=0.0011 top1=1.000 | val loss=0.0035 | t=0.1s
[finetune_replay] ep  78/90 | train loss=0.0010 top1=1.000 | val loss=0.0035 | t=0.1s
[finetune_replay] ep  79/90 | train loss=0.0012 top1=1.000 | val loss=0.0035 | t=0.1s
[finetune_replay] ep  80/90 | train loss=0.0012 top1=1.000 | val loss=0.0036 | t=0.1s
[finetune_replay] ep  81/90 | train loss=0.0011 top1=1.000 | val loss=0.0036 | t=0.1s
[finetune_replay] ep  82/90 | train loss=0.0011 top1=1.000 | val loss=0.0036 | t=0.1s
[finetune_replay] ep  83/90 | train loss=0.0011 top1=1.000 | val loss=0.0036 | t=0.1s
[finetune_replay] ep  84/90 | train loss=0.0010 top1=1.000 | val loss=0.0036 | t=0.1s
[finetune_replay] ep  85/90 | train loss=0.0012 top1=1.000 | val loss=0.0036 | t=0.1s
[finetune_replay] ep  86/90 | train loss=0.0013 top1=1.000 | val loss=0.0036 | t=0.1s
[finetune_replay] ep  87/90 | train loss=0.0010 top1=1.000 | val loss=0.0036 | t=0.1s
[finetune_replay] ep  88/90 | train loss=0.0011 top1=1.000 | val loss=0.0037 | t=0.1s
[finetune_replay] ep  89/90 | train loss=0.0009 top1=1.000 | val loss=0.0037 | t=0.1s
[finetune_replay] ep  90/90 | train loss=0.0011 top1=1.000 | val loss=0.0037 | t=0.1s
[finetune_replay] DONE best_val_loss=0.0032 @ epoch 52
[13:02:00] [bo-budget] $ /home/s226137394/.conda/envs/maze/bin/python3 -u -m Equivariant_pathway.equivariant_CNN_hybrid.rollout_test --checkpoint /weka/s226137394/DmNfull/Equivariant_pathway/equivariant_CNN_hybrid/baseline_vs_p4/pool_x_selector/results/run_2/safe_dagger/checkpoints/best_hybrid_policy.pth --layouts /weka/s226137394/DmNfull/Equivariant_pathway/equivariant_CNN_hybrid/baseline_vs_p4/shared/heldout_layouts.yaml --out_dir /weka/s226137394/DmNfull/Equivariant_pathway/equivariant_CNN_hybrid/baseline_vs_p4/pool_x_selector/results/run_2/safe_dagger/results/eval_round_002 --seed 4 --max_steps 60
[hybrid-rollout] 200 unique; running 200 eps
[hybrid-rollout] loaded /weka/s226137394/DmNfull/Equivariant_pathway/equivariant_CNN_hybrid/baseline_vs_p4/pool_x_selector/results/run_2/safe_dagger/checkpoints/best_hybrid_policy.pth
[hybrid-rollout] ep 0 (heldout_001): steps=5 success=True
[hybrid-rollout] ep 1 (heldout_002): steps=6 success=True
[hybrid-rollout] ep 2 (heldout_003): steps=60 success=False
[hybrid-rollout] ep 3 (heldout_004): steps=60 success=False
[hybrid-rollout] ep 4 (heldout_005): steps=5 success=True
[hybrid-rollout] ep 5 (heldout_006): steps=3 success=False
[hybrid-rollout] ep 6 (heldout_007): steps=60 success=False
[hybrid-rollout] ep 7 (heldout_008): steps=60 success=False
[hybrid-rollout] ep 8 (heldout_009): steps=6 success=True
[hybrid-rollout] ep 9 (heldout_010): steps=6 success=False
[hybrid-rollout] ep 10 (heldout_011): steps=4 success=True
[hybrid-rollout] ep 11 (heldout_012): steps=4 success=True
[hybrid-rollout] ep 12 (heldout_013): steps=60 success=False
[hybrid-rollout] ep 13 (heldout_014): steps=5 success=True
[hybrid-rollout] ep 14 (heldout_015): steps=4 success=True
[hybrid-rollout] ep 15 (heldout_016): steps=60 success=False
[hybrid-rollout] ep 16 (heldout_017): steps=4 success=True
[hybrid-rollout] ep 17 (heldout_018): steps=60 success=False
[hybrid-rollout] ep 18 (heldout_019): steps=60 success=False
[hybrid-rollout] ep 19 (heldout_020): steps=5 success=True
[hybrid-rollout] ep 20 (heldout_021): steps=60 success=False
[hybrid-rollout] ep 21 (heldout_022): steps=4 success=True
[hybrid-rollout] ep 22 (heldout_023): steps=7 success=True
[hybrid-rollout] ep 23 (heldout_024): steps=60 success=False
[hybrid-rollout] ep 24 (heldout_025): steps=4 success=True
[hybrid-rollout] ep 25 (heldout_026): steps=4 success=True
[hybrid-rollout] ep 26 (heldout_027): steps=4 success=True
[hybrid-rollout] ep 27 (heldout_028): steps=4 success=True
[hybrid-rollout] ep 28 (heldout_029): steps=60 success=False
[hybrid-rollout] ep 29 (heldout_030): steps=60 success=False
[hybrid-rollout] ep 30 (heldout_031): steps=5 success=True
[hybrid-rollout] ep 31 (heldout_032): steps=5 success=True
[hybrid-rollout] ep 32 (heldout_033): steps=4 success=True
[hybrid-rollout] ep 33 (heldout_034): steps=5 success=True
[hybrid-rollout] ep 34 (heldout_035): steps=60 success=False
[hybrid-rollout] ep 35 (heldout_036): steps=5 success=True
[hybrid-rollout] ep 36 (heldout_037): steps=6 success=True
[hybrid-rollout] ep 37 (heldout_038): steps=5 success=True
[hybrid-rollout] ep 38 (heldout_039): steps=6 success=True
[hybrid-rollout] ep 39 (heldout_040): steps=60 success=False
[hybrid-rollout] ep 40 (heldout_041): steps=60 success=False
[hybrid-rollout] ep 41 (heldout_042): steps=60 success=False
[hybrid-rollout] ep 42 (heldout_043): steps=60 success=False
[hybrid-rollout] ep 43 (heldout_044): steps=5 success=True
[hybrid-rollout] ep 44 (heldout_045): steps=3 success=False
[hybrid-rollout] ep 45 (heldout_046): steps=4 success=True
[hybrid-rollout] ep 46 (heldout_047): steps=6 success=True
[hybrid-rollout] ep 47 (heldout_048): steps=6 success=True
[hybrid-rollout] ep 48 (heldout_049): steps=60 success=False
[hybrid-rollout] ep 49 (heldout_050): steps=4 success=True
[hybrid-rollout] ep 50 (heldout_051): steps=4 success=True
[hybrid-rollout] ep 51 (heldout_052): steps=4 success=True
[hybrid-rollout] ep 52 (heldout_053): steps=60 success=False
[hybrid-rollout] ep 53 (heldout_054): steps=60 success=False
[hybrid-rollout] ep 54 (heldout_055): steps=60 success=False
[hybrid-rollout] ep 55 (heldout_056): steps=4 success=True
[hybrid-rollout] ep 56 (heldout_057): steps=4 success=True
[hybrid-rollout] ep 57 (heldout_058): steps=4 success=True
[hybrid-rollout] ep 58 (heldout_059): steps=5 success=True
[hybrid-rollout] ep 59 (heldout_060): steps=6 success=True
[hybrid-rollout] ep 60 (heldout_061): steps=5 success=True
[hybrid-rollout] ep 61 (heldout_062): steps=6 success=True
[hybrid-rollout] ep 62 (heldout_063): steps=5 success=True
[hybrid-rollout] ep 63 (heldout_064): steps=60 success=False
[hybrid-rollout] ep 64 (heldout_065): steps=7 success=True
[hybrid-rollout] ep 65 (heldout_066): steps=6 success=True
[hybrid-rollout] ep 66 (heldout_067): steps=5 success=True
[hybrid-rollout] ep 67 (heldout_068): steps=4 success=True
[hybrid-rollout] ep 68 (heldout_069): steps=4 success=True
[hybrid-rollout] ep 69 (heldout_070): steps=60 success=False
[hybrid-rollout] ep 70 (heldout_071): steps=5 success=True
[hybrid-rollout] ep 71 (heldout_072): steps=5 success=True
[hybrid-rollout] ep 72 (heldout_073): steps=3 success=False
[hybrid-rollout] ep 73 (heldout_074): steps=4 success=True
[hybrid-rollout] ep 74 (heldout_075): steps=5 success=True
[hybrid-rollout] ep 75 (heldout_076): steps=60 success=False
[hybrid-rollout] ep 76 (heldout_077): steps=4 success=True
[hybrid-rollout] ep 77 (heldout_078): steps=6 success=True
[hybrid-rollout] ep 78 (heldout_079): steps=4 success=True
[hybrid-rollout] ep 79 (heldout_080): steps=4 success=True
[hybrid-rollout] ep 80 (heldout_081): steps=5 success=True
[hybrid-rollout] ep 81 (heldout_082): steps=5 success=True
[hybrid-rollout] ep 82 (heldout_083): steps=6 success=True
[hybrid-rollout] ep 83 (heldout_084): steps=60 success=False
[hybrid-rollout] ep 84 (heldout_085): steps=60 success=False
[hybrid-rollout] ep 85 (heldout_086): steps=6 success=True
[hybrid-rollout] ep 86 (heldout_087): steps=7 success=True
[hybrid-rollout] ep 87 (heldout_088): steps=4 success=True
[hybrid-rollout] ep 88 (heldout_089): steps=3 success=False
[hybrid-rollout] ep 89 (heldout_090): steps=4 success=True
[hybrid-rollout] ep 90 (heldout_091): steps=4 success=False
[hybrid-rollout] ep 91 (heldout_092): steps=5 success=True
[hybrid-rollout] ep 92 (heldout_093): steps=1 success=False
[hybrid-rollout] ep 93 (heldout_094): steps=6 success=True
[hybrid-rollout] ep 94 (heldout_095): steps=7 success=True
[hybrid-rollout] ep 95 (heldout_096): steps=60 success=False
[hybrid-rollout] ep 96 (heldout_097): steps=5 success=True
[hybrid-rollout] ep 97 (heldout_098): steps=5 success=True
[hybrid-rollout] ep 98 (heldout_099): steps=60 success=False
[hybrid-rollout] ep 99 (heldout_100): steps=60 success=False
[hybrid-rollout] ep 100 (heldout_101): steps=4 success=True
[hybrid-rollout] ep 101 (heldout_102): steps=4 success=True
[hybrid-rollout] ep 102 (heldout_103): steps=60 success=False
[hybrid-rollout] ep 103 (heldout_104): steps=6 success=True
[hybrid-rollout] ep 104 (heldout_105): steps=6 success=True
[hybrid-rollout] ep 105 (heldout_106): steps=60 success=False
[hybrid-rollout] ep 106 (heldout_107): steps=4 success=True
[hybrid-rollout] ep 107 (heldout_108): steps=4 success=True
[hybrid-rollout] ep 108 (heldout_109): steps=4 success=True
[hybrid-rollout] ep 109 (heldout_110): steps=6 success=True
[hybrid-rollout] ep 110 (heldout_111): steps=60 success=False
[hybrid-rollout] ep 111 (heldout_112): steps=5 success=True
[hybrid-rollout] ep 112 (heldout_113): steps=5 success=True
[hybrid-rollout] ep 113 (heldout_114): steps=4 success=True
[hybrid-rollout] ep 114 (heldout_115): steps=4 success=True
[hybrid-rollout] ep 115 (heldout_116): steps=5 success=True
[hybrid-rollout] ep 116 (heldout_117): steps=60 success=False
[hybrid-rollout] ep 117 (heldout_118): steps=60 success=False
[hybrid-rollout] ep 118 (heldout_119): steps=4 success=True
[hybrid-rollout] ep 119 (heldout_120): steps=7 success=True
[hybrid-rollout] ep 120 (heldout_121): steps=4 success=True
[hybrid-rollout] ep 121 (heldout_122): steps=4 success=True
[hybrid-rollout] ep 122 (heldout_123): steps=6 success=True
[hybrid-rollout] ep 123 (heldout_124): steps=8 success=True
[hybrid-rollout] ep 124 (heldout_125): steps=4 success=True
[hybrid-rollout] ep 125 (heldout_126): steps=4 success=True
[hybrid-rollout] ep 126 (heldout_127): steps=60 success=False
[hybrid-rollout] ep 127 (heldout_128): steps=7 success=True
[hybrid-rollout] ep 128 (heldout_129): steps=60 success=False
[hybrid-rollout] ep 129 (heldout_130): steps=4 success=True
[hybrid-rollout] ep 130 (heldout_131): steps=60 success=False
[hybrid-rollout] ep 131 (heldout_132): steps=4 success=True
[hybrid-rollout] ep 132 (heldout_133): steps=4 success=True
[hybrid-rollout] ep 133 (heldout_134): steps=60 success=False
[hybrid-rollout] ep 134 (heldout_135): steps=6 success=True
[hybrid-rollout] ep 135 (heldout_136): steps=60 success=False
[hybrid-rollout] ep 136 (heldout_137): steps=5 success=True
[hybrid-rollout] ep 137 (heldout_138): steps=4 success=True
[hybrid-rollout] ep 138 (heldout_139): steps=4 success=True
[hybrid-rollout] ep 139 (heldout_140): steps=60 success=False
[hybrid-rollout] ep 140 (heldout_141): steps=5 success=True
[hybrid-rollout] ep 141 (heldout_142): steps=4 success=True
[hybrid-rollout] ep 142 (heldout_143): steps=6 success=True
[hybrid-rollout] ep 143 (heldout_144): steps=4 success=True
[hybrid-rollout] ep 144 (heldout_145): steps=5 success=True
[hybrid-rollout] ep 145 (heldout_146): steps=60 success=False
[hybrid-rollout] ep 146 (heldout_147): steps=4 success=True
[hybrid-rollout] ep 147 (heldout_148): steps=60 success=False
[hybrid-rollout] ep 148 (heldout_149): steps=7 success=True
[hybrid-rollout] ep 149 (heldout_150): steps=4 success=True
[hybrid-rollout] ep 150 (heldout_151): steps=5 success=True
[hybrid-rollout] ep 151 (heldout_152): steps=5 success=False
[hybrid-rollout] ep 152 (heldout_153): steps=4 success=False
[hybrid-rollout] ep 153 (heldout_154): steps=60 success=False
[hybrid-rollout] ep 154 (heldout_155): steps=60 success=False
[hybrid-rollout] ep 155 (heldout_156): steps=60 success=False
[hybrid-rollout] ep 156 (heldout_157): steps=4 success=True
[hybrid-rollout] ep 157 (heldout_158): steps=3 success=False
[hybrid-rollout] ep 158 (heldout_159): steps=6 success=True
[hybrid-rollout] ep 159 (heldout_160): steps=60 success=False
[hybrid-rollout] ep 160 (heldout_161): steps=60 success=False
[hybrid-rollout] ep 161 (heldout_162): steps=5 success=True
[hybrid-rollout] ep 162 (heldout_163): steps=4 success=True
[hybrid-rollout] ep 163 (heldout_164): steps=6 success=True
[hybrid-rollout] ep 164 (heldout_165): steps=5 success=True
[hybrid-rollout] ep 165 (heldout_166): steps=4 success=True
[hybrid-rollout] ep 166 (heldout_167): steps=60 success=False
[hybrid-rollout] ep 167 (heldout_168): steps=4 success=True
[hybrid-rollout] ep 168 (heldout_169): steps=4 success=False
[hybrid-rollout] ep 169 (heldout_170): steps=60 success=False
[hybrid-rollout] ep 170 (heldout_171): steps=60 success=False
[hybrid-rollout] ep 171 (heldout_172): steps=5 success=True
[hybrid-rollout] ep 172 (heldout_173): steps=4 success=True
[hybrid-rollout] ep 173 (heldout_174): steps=5 success=True
[hybrid-rollout] ep 174 (heldout_175): steps=7 success=True
[hybrid-rollout] ep 175 (heldout_176): steps=6 success=True
[hybrid-rollout] ep 176 (heldout_177): steps=6 success=True
[hybrid-rollout] ep 177 (heldout_178): steps=1 success=False
[hybrid-rollout] ep 178 (heldout_179): steps=5 success=True
[hybrid-rollout] ep 179 (heldout_180): steps=4 success=True
[hybrid-rollout] ep 180 (heldout_181): steps=5 success=True
[hybrid-rollout] ep 181 (heldout_182): steps=4 success=True
[hybrid-rollout] ep 182 (heldout_183): steps=5 success=True
[hybrid-rollout] ep 183 (heldout_184): steps=7 success=True
[hybrid-rollout] ep 184 (heldout_185): steps=5 success=True
[hybrid-rollout] ep 185 (heldout_186): steps=4 success=True
[hybrid-rollout] ep 186 (heldout_187): steps=5 success=True
[hybrid-rollout] ep 187 (heldout_188): steps=5 success=True
[hybrid-rollout] ep 188 (heldout_189): steps=60 success=False
[hybrid-rollout] ep 189 (heldout_190): steps=7 success=True
[hybrid-rollout] ep 190 (heldout_191): steps=6 success=True
[hybrid-rollout] ep 191 (heldout_192): steps=5 success=True
[hybrid-rollout] ep 192 (heldout_193): steps=60 success=False
[hybrid-rollout] ep 193 (heldout_194): steps=6 success=True
[hybrid-rollout] ep 194 (heldout_195): steps=5 success=True
[hybrid-rollout] ep 195 (heldout_196): steps=4 success=True
[hybrid-rollout] ep 196 (heldout_197): steps=5 success=True
[hybrid-rollout] ep 197 (heldout_198): steps=60 success=False
[hybrid-rollout] ep 198 (heldout_199): steps=60 success=False
[hybrid-rollout] ep 199 (heldout_200): steps=4 success=True
[hybrid-rollout] DONE successes=134/200
[13:04:06] [iil-baseline] round 2: heldout_sr=0.670

--------------------------------------------------------------------------------
SAFE_DAGGER ROUND 3  (remaining budget = 13)
--------------------------------------------------------------------------------
[13:04:09] [iil-baseline] round 3: pool=20 successes=13 failures=7 correction_sr=0.650
[13:04:09] [iil-baseline] round 3: picked=1 saved=1 cum_extras=3/15
[13:04:09] [iil-baseline] $ /home/s226137394/.conda/envs/maze/bin/python3 -u -m Equivariant_pathway.equivariant_CNN_hybrid.baseline_vs_p4.pool_x_selector.trainer.finetune_replay --demo_dir /weka/s226137394/DmNfull/Equivariant_pathway/equivariant_CNN_hybrid/baseline_vs_p4/pool_x_selector/results/run_2/safe_dagger/demos --checkpoint_dir /weka/s226137394/DmNfull/Equivariant_pathway/equivariant_CNN_hybrid/baseline_vs_p4/pool_x_selector/results/run_2/safe_dagger/checkpoints --epochs 90 --batch_size 64 --lr 5e-05 --weight_decay 0.0001 --replay_mix 0.5 --replay_mix_floor 0.2 --seed 2 --resume --new_demos_dir /weka/s226137394/DmNfull/Equivariant_pathway/equivariant_CNN_hybrid/baseline_vs_p4/pool_x_selector/results/run_2/safe_dagger/demos/round_003
[finetune_replay] device=cuda demo_dir=/weka/s226137394/DmNfull/Equivariant_pathway/equivariant_CNN_hybrid/baseline_vs_p4/pool_x_selector/results/run_2/safe_dagger/demos new_demos_dir=/weka/s226137394/DmNfull/Equivariant_pathway/equivariant_CNN_hybrid/baseline_vs_p4/pool_x_selector/results/run_2/safe_dagger/demos/round_003
[hybrid-dataset] 22 demos -> 115 samples
[hybrid-dataset] 1 demos -> 4 samples
[finetune_replay] sampler audit: {'n_old_samples': 115, 'n_new_samples': 4, 'replay_mix_target': 0.5, 'replay_mix_effective': 0.5, 'replay_mix_floor': 0.2}
[finetune_replay] trainable params: 1,400,028
[finetune_replay] WARM START from last_hybrid_policy.pth
[finetune_replay] ep   1/90 | train loss=0.5197 top1=0.843 | val loss=0.0179 | t=0.8s  *
[finetune_replay] ep   2/90 | train loss=0.0578 top1=1.000 | val loss=0.0417 | t=0.3s
[finetune_replay] ep   3/90 | train loss=0.0464 top1=1.000 | val loss=0.0065 | t=0.1s  *
[finetune_replay] ep   4/90 | train loss=0.0450 top1=1.000 | val loss=0.0045 | t=0.1s  *
[finetune_replay] ep   5/90 | train loss=0.0304 top1=1.000 | val loss=0.0060 | t=0.1s
[finetune_replay] ep   6/90 | train loss=0.0357 top1=1.000 | val loss=0.0024 | t=0.1s  *
[finetune_replay] ep   7/90 | train loss=0.0160 top1=1.000 | val loss=0.0069 | t=0.1s
[finetune_replay] ep   8/90 | train loss=0.0182 top1=1.000 | val loss=0.0081 | t=0.1s
[finetune_replay] ep   9/90 | train loss=0.0138 top1=1.000 | val loss=0.0084 | t=0.1s
[finetune_replay] ep  10/90 | train loss=0.0111 top1=1.000 | val loss=0.0153 | t=0.1s
[finetune_replay] ep  11/90 | train loss=0.0116 top1=1.000 | val loss=0.0317 | t=0.2s
[finetune_replay] ep  12/90 | train loss=0.0137 top1=1.000 | val loss=0.0192 | t=0.1s
[finetune_replay] ep  13/90 | train loss=0.0066 top1=1.000 | val loss=0.0049 | t=0.1s
[finetune_replay] ep  14/90 | train loss=0.0085 top1=1.000 | val loss=0.0035 | t=0.1s
[finetune_replay] ep  15/90 | train loss=0.0056 top1=1.000 | val loss=0.0045 | t=0.1s
[finetune_replay] ep  16/90 | train loss=0.0038 top1=1.000 | val loss=0.0051 | t=0.1s
[finetune_replay] ep  17/90 | train loss=0.0053 top1=1.000 | val loss=0.0055 | t=0.1s
[finetune_replay] ep  18/90 | train loss=0.0040 top1=1.000 | val loss=0.0050 | t=0.1s
[finetune_replay] ep  19/90 | train loss=0.0040 top1=1.000 | val loss=0.0050 | t=0.1s
[finetune_replay] ep  20/90 | train loss=0.0036 top1=1.000 | val loss=0.0052 | t=0.1s
[finetune_replay] ep  21/90 | train loss=0.0028 top1=1.000 | val loss=0.0059 | t=0.1s
[finetune_replay] ep  22/90 | train loss=0.0037 top1=1.000 | val loss=0.0060 | t=0.1s
[finetune_replay] ep  23/90 | train loss=0.0022 top1=1.000 | val loss=0.0060 | t=0.1s
[finetune_replay] ep  24/90 | train loss=0.0028 top1=1.000 | val loss=0.0055 | t=0.1s
[finetune_replay] ep  25/90 | train loss=0.0028 top1=1.000 | val loss=0.0042 | t=0.1s
[finetune_replay] ep  26/90 | train loss=0.0025 top1=1.000 | val loss=0.0037 | t=0.1s
[finetune_replay] ep  27/90 | train loss=0.0021 top1=1.000 | val loss=0.0034 | t=0.1s
[finetune_replay] ep  28/90 | train loss=0.0025 top1=1.000 | val loss=0.0035 | t=0.1s
[finetune_replay] ep  29/90 | train loss=0.0023 top1=1.000 | val loss=0.0044 | t=0.1s
[finetune_replay] ep  30/90 | train loss=0.0021 top1=1.000 | val loss=0.0047 | t=0.1s
[finetune_replay] ep  31/90 | train loss=0.0020 top1=1.000 | val loss=0.0049 | t=0.2s
[finetune_replay] ep  32/90 | train loss=0.0019 top1=1.000 | val loss=0.0048 | t=0.1s
[finetune_replay] ep  33/90 | train loss=0.0018 top1=1.000 | val loss=0.0046 | t=0.1s
[finetune_replay] ep  34/90 | train loss=0.0016 top1=1.000 | val loss=0.0046 | t=0.1s
[finetune_replay] ep  35/90 | train loss=0.0015 top1=1.000 | val loss=0.0045 | t=0.1s
[finetune_replay] ep  36/90 | train loss=0.0018 top1=1.000 | val loss=0.0044 | t=0.1s
[finetune_replay] ep  37/90 | train loss=0.0016 top1=1.000 | val loss=0.0043 | t=0.1s
[finetune_replay] ep  38/90 | train loss=0.0017 top1=1.000 | val loss=0.0044 | t=0.1s
[finetune_replay] ep  39/90 | train loss=0.0017 top1=1.000 | val loss=0.0048 | t=0.1s
[finetune_replay] ep  40/90 | train loss=0.0017 top1=1.000 | val loss=0.0049 | t=0.1s
[finetune_replay] ep  41/90 | train loss=0.0016 top1=1.000 | val loss=0.0046 | t=0.1s
[finetune_replay] ep  42/90 | train loss=0.0016 top1=1.000 | val loss=0.0042 | t=0.1s
[finetune_replay] ep  43/90 | train loss=0.0015 top1=1.000 | val loss=0.0041 | t=0.1s
[finetune_replay] ep  44/90 | train loss=0.0015 top1=1.000 | val loss=0.0042 | t=0.1s
[finetune_replay] ep  45/90 | train loss=0.0014 top1=1.000 | val loss=0.0042 | t=0.1s
[finetune_replay] ep  46/90 | train loss=0.0016 top1=1.000 | val loss=0.0043 | t=0.1s
[finetune_replay] ep  47/90 | train loss=0.0014 top1=1.000 | val loss=0.0042 | t=0.1s
[finetune_replay] ep  48/90 | train loss=0.0011 top1=1.000 | val loss=0.0042 | t=0.1s
[finetune_replay] ep  49/90 | train loss=0.0014 top1=1.000 | val loss=0.0040 | t=0.1s
[finetune_replay] ep  50/90 | train loss=0.0013 top1=1.000 | val loss=0.0037 | t=0.1s
[finetune_replay] ep  51/90 | train loss=0.0013 top1=1.000 | val loss=0.0035 | t=0.1s
[finetune_replay] ep  52/90 | train loss=0.0013 top1=1.000 | val loss=0.0031 | t=0.1s
[finetune_replay] ep  53/90 | train loss=0.0012 top1=1.000 | val loss=0.0030 | t=0.1s
[finetune_replay] ep  54/90 | train loss=0.0013 top1=1.000 | val loss=0.0030 | t=0.1s
[finetune_replay] ep  55/90 | train loss=0.0014 top1=1.000 | val loss=0.0030 | t=0.1s
[finetune_replay] ep  56/90 | train loss=0.0014 top1=1.000 | val loss=0.0032 | t=0.1s
[finetune_replay] ep  57/90 | train loss=0.0013 top1=1.000 | val loss=0.0033 | t=0.1s
[finetune_replay] ep  58/90 | train loss=0.0012 top1=1.000 | val loss=0.0033 | t=0.1s
[finetune_replay] ep  59/90 | train loss=0.0012 top1=1.000 | val loss=0.0034 | t=0.1s
[finetune_replay] ep  60/90 | train loss=0.0012 top1=1.000 | val loss=0.0035 | t=0.1s
[finetune_replay] ep  61/90 | train loss=0.0011 top1=1.000 | val loss=0.0036 | t=0.1s
[finetune_replay] ep  62/90 | train loss=0.0012 top1=1.000 | val loss=0.0036 | t=0.1s
[finetune_replay] ep  63/90 | train loss=0.0012 top1=1.000 | val loss=0.0035 | t=0.1s
[finetune_replay] ep  64/90 | train loss=0.0013 top1=1.000 | val loss=0.0034 | t=0.1s
[finetune_replay] ep  65/90 | train loss=0.0012 top1=1.000 | val loss=0.0034 | t=0.1s
[finetune_replay] ep  66/90 | train loss=0.0013 top1=1.000 | val loss=0.0034 | t=0.1s
[finetune_replay] ep  67/90 | train loss=0.0013 top1=1.000 | val loss=0.0034 | t=0.1s
[finetune_replay] ep  68/90 | train loss=0.0010 top1=1.000 | val loss=0.0033 | t=0.1s
[finetune_replay] ep  69/90 | train loss=0.0012 top1=1.000 | val loss=0.0032 | t=0.1s
[finetune_replay] ep  70/90 | train loss=0.0013 top1=1.000 | val loss=0.0032 | t=0.1s
[finetune_replay] ep  71/90 | train loss=0.0013 top1=1.000 | val loss=0.0032 | t=0.1s
[finetune_replay] ep  72/90 | train loss=0.0010 top1=1.000 | val loss=0.0032 | t=0.1s
[finetune_replay] ep  73/90 | train loss=0.0011 top1=1.000 | val loss=0.0032 | t=0.1s
[finetune_replay] ep  74/90 | train loss=0.0011 top1=1.000 | val loss=0.0032 | t=0.1s
[finetune_replay] ep  75/90 | train loss=0.0013 top1=1.000 | val loss=0.0032 | t=0.1s
[finetune_replay] ep  76/90 | train loss=0.0013 top1=1.000 | val loss=0.0032 | t=0.1s
[finetune_replay] ep  77/90 | train loss=0.0013 top1=1.000 | val loss=0.0032 | t=0.1s
[finetune_replay] ep  78/90 | train loss=0.0012 top1=1.000 | val loss=0.0032 | t=0.1s
[finetune_replay] ep  79/90 | train loss=0.0011 top1=1.000 | val loss=0.0032 | t=0.1s
[finetune_replay] ep  80/90 | train loss=0.0012 top1=1.000 | val loss=0.0032 | t=0.1s
[finetune_replay] ep  81/90 | train loss=0.0010 top1=1.000 | val loss=0.0032 | t=0.1s
[finetune_replay] ep  82/90 | train loss=0.0012 top1=1.000 | val loss=0.0031 | t=0.1s
[finetune_replay] ep  83/90 | train loss=0.0011 top1=1.000 | val loss=0.0031 | t=0.1s
[finetune_replay] ep  84/90 | train loss=0.0012 top1=1.000 | val loss=0.0031 | t=0.1s
[finetune_replay] ep  85/90 | train loss=0.0011 top1=1.000 | val loss=0.0031 | t=0.1s
[finetune_replay] ep  86/90 | train loss=0.0012 top1=1.000 | val loss=0.0031 | t=0.1s
[finetune_replay] ep  87/90 | train loss=0.0010 top1=1.000 | val loss=0.0032 | t=0.1s
[finetune_replay] ep  88/90 | train loss=0.0011 top1=1.000 | val loss=0.0032 | t=0.1s
[finetune_replay] ep  89/90 | train loss=0.0011 top1=1.000 | val loss=0.0032 | t=0.1s
[finetune_replay] ep  90/90 | train loss=0.0011 top1=1.000 | val loss=0.0032 | t=0.1s
[finetune_replay] DONE best_val_loss=0.0024 @ epoch 6
[13:04:36] [bo-budget] $ /home/s226137394/.conda/envs/maze/bin/python3 -u -m Equivariant_pathway.equivariant_CNN_hybrid.rollout_test --checkpoint /weka/s226137394/DmNfull/Equivariant_pathway/equivariant_CNN_hybrid/baseline_vs_p4/pool_x_selector/results/run_2/safe_dagger/checkpoints/best_hybrid_policy.pth --layouts /weka/s226137394/DmNfull/Equivariant_pathway/equivariant_CNN_hybrid/baseline_vs_p4/shared/heldout_layouts.yaml --out_dir /weka/s226137394/DmNfull/Equivariant_pathway/equivariant_CNN_hybrid/baseline_vs_p4/pool_x_selector/results/run_2/safe_dagger/results/eval_round_003 --seed 5 --max_steps 60
[hybrid-rollout] 200 unique; running 200 eps
[hybrid-rollout] loaded /weka/s226137394/DmNfull/Equivariant_pathway/equivariant_CNN_hybrid/baseline_vs_p4/pool_x_selector/results/run_2/safe_dagger/checkpoints/best_hybrid_policy.pth
[hybrid-rollout] ep 0 (heldout_001): steps=5 success=True
[hybrid-rollout] ep 1 (heldout_002): steps=6 success=True
[hybrid-rollout] ep 2 (heldout_003): steps=60 success=False
[hybrid-rollout] ep 3 (heldout_004): steps=4 success=False
[hybrid-rollout] ep 4 (heldout_005): steps=5 success=True
[hybrid-rollout] ep 5 (heldout_006): steps=3 success=False
[hybrid-rollout] ep 6 (heldout_007): steps=60 success=False
[hybrid-rollout] ep 7 (heldout_008): steps=60 success=False
[hybrid-rollout] ep 8 (heldout_009): steps=2 success=False
[hybrid-rollout] ep 9 (heldout_010): steps=60 success=False
[hybrid-rollout] ep 10 (heldout_011): steps=4 success=True
[hybrid-rollout] ep 11 (heldout_012): steps=3 success=False
[hybrid-rollout] ep 12 (heldout_013): steps=5 success=True
[hybrid-rollout] ep 13 (heldout_014): steps=5 success=True
[hybrid-rollout] ep 14 (heldout_015): steps=4 success=True
[hybrid-rollout] ep 15 (heldout_016): steps=60 success=False
[hybrid-rollout] ep 16 (heldout_017): steps=4 success=True
[hybrid-rollout] ep 17 (heldout_018): steps=60 success=False
[hybrid-rollout] ep 18 (heldout_019): steps=60 success=False
[hybrid-rollout] ep 19 (heldout_020): steps=5 success=True
[hybrid-rollout] ep 20 (heldout_021): steps=4 success=True
[hybrid-rollout] ep 21 (heldout_022): steps=60 success=False
[hybrid-rollout] ep 22 (heldout_023): steps=60 success=False
[hybrid-rollout] ep 23 (heldout_024): steps=6 success=True
[hybrid-rollout] ep 24 (heldout_025): steps=4 success=True
[hybrid-rollout] ep 25 (heldout_026): steps=60 success=False
[hybrid-rollout] ep 26 (heldout_027): steps=4 success=True
[hybrid-rollout] ep 27 (heldout_028): steps=4 success=True
[hybrid-rollout] ep 28 (heldout_029): steps=60 success=False
[hybrid-rollout] ep 29 (heldout_030): steps=3 success=False
[hybrid-rollout] ep 30 (heldout_031): steps=5 success=True
[hybrid-rollout] ep 31 (heldout_032): steps=5 success=True
[hybrid-rollout] ep 32 (heldout_033): steps=60 success=False
[hybrid-rollout] ep 33 (heldout_034): steps=5 success=True
[hybrid-rollout] ep 34 (heldout_035): steps=60 success=False
[hybrid-rollout] ep 35 (heldout_036): steps=5 success=True
[hybrid-rollout] ep 36 (heldout_037): steps=2 success=False
[hybrid-rollout] ep 37 (heldout_038): steps=60 success=False
[hybrid-rollout] ep 38 (heldout_039): steps=6 success=True
[hybrid-rollout] ep 39 (heldout_040): steps=60 success=False
[hybrid-rollout] ep 40 (heldout_041): steps=6 success=True
[hybrid-rollout] ep 41 (heldout_042): steps=60 success=False
[hybrid-rollout] ep 42 (heldout_043): steps=60 success=False
[hybrid-rollout] ep 43 (heldout_044): steps=60 success=False
[hybrid-rollout] ep 44 (heldout_045): steps=60 success=False
[hybrid-rollout] ep 45 (heldout_046): steps=4 success=True
[hybrid-rollout] ep 46 (heldout_047): steps=60 success=False
[hybrid-rollout] ep 47 (heldout_048): steps=6 success=True
[hybrid-rollout] ep 48 (heldout_049): steps=60 success=False
[hybrid-rollout] ep 49 (heldout_050): steps=4 success=True
[hybrid-rollout] ep 50 (heldout_051): steps=4 success=True
[hybrid-rollout] ep 51 (heldout_052): steps=60 success=False
[hybrid-rollout] ep 52 (heldout_053): steps=60 success=False
[hybrid-rollout] ep 53 (heldout_054): steps=60 success=False
[hybrid-rollout] ep 54 (heldout_055): steps=60 success=False
[hybrid-rollout] ep 55 (heldout_056): steps=4 success=True
[hybrid-rollout] ep 56 (heldout_057): steps=4 success=True
[hybrid-rollout] ep 57 (heldout_058): steps=4 success=True
[hybrid-rollout] ep 58 (heldout_059): steps=5 success=True
[hybrid-rollout] ep 59 (heldout_060): steps=6 success=True
[hybrid-rollout] ep 60 (heldout_061): steps=5 success=True
[hybrid-rollout] ep 61 (heldout_062): steps=6 success=True
[hybrid-rollout] ep 62 (heldout_063): steps=60 success=False
[hybrid-rollout] ep 63 (heldout_064): steps=6 success=True
[hybrid-rollout] ep 64 (heldout_065): steps=3 success=False
[hybrid-rollout] ep 65 (heldout_066): steps=2 success=False
[hybrid-rollout] ep 66 (heldout_067): steps=7 success=True
[hybrid-rollout] ep 67 (heldout_068): steps=4 success=True
[hybrid-rollout] ep 68 (heldout_069): steps=60 success=False
[hybrid-rollout] ep 69 (heldout_070): steps=7 success=True
[hybrid-rollout] ep 70 (heldout_071): steps=5 success=True
[hybrid-rollout] ep 71 (heldout_072): steps=60 success=False
[hybrid-rollout] ep 72 (heldout_073): steps=60 success=False
[hybrid-rollout] ep 73 (heldout_074): steps=4 success=True
[hybrid-rollout] ep 74 (heldout_075): steps=5 success=True
[hybrid-rollout] ep 75 (heldout_076): steps=60 success=False
[hybrid-rollout] ep 76 (heldout_077): steps=4 success=True
[hybrid-rollout] ep 77 (heldout_078): steps=3 success=False
[hybrid-rollout] ep 78 (heldout_079): steps=4 success=True
[hybrid-rollout] ep 79 (heldout_080): steps=4 success=True
[hybrid-rollout] ep 80 (heldout_081): steps=5 success=True
[hybrid-rollout] ep 81 (heldout_082): steps=5 success=True
[hybrid-rollout] ep 82 (heldout_083): steps=4 success=True
[hybrid-rollout] ep 83 (heldout_084): steps=1 success=False
[hybrid-rollout] ep 84 (heldout_085): steps=6 success=True
[hybrid-rollout] ep 85 (heldout_086): steps=6 success=True
[hybrid-rollout] ep 86 (heldout_087): steps=7 success=True
[hybrid-rollout] ep 87 (heldout_088): steps=4 success=True
[hybrid-rollout] ep 88 (heldout_089): steps=3 success=False
[hybrid-rollout] ep 89 (heldout_090): steps=4 success=True
[hybrid-rollout] ep 90 (heldout_091): steps=5 success=True
[hybrid-rollout] ep 91 (heldout_092): steps=5 success=True
[hybrid-rollout] ep 92 (heldout_093): steps=1 success=False
[hybrid-rollout] ep 93 (heldout_094): steps=6 success=True
[hybrid-rollout] ep 94 (heldout_095): steps=7 success=True
[hybrid-rollout] ep 95 (heldout_096): steps=60 success=False
[hybrid-rollout] ep 96 (heldout_097): steps=5 success=True
[hybrid-rollout] ep 97 (heldout_098): steps=1 success=False
[hybrid-rollout] ep 98 (heldout_099): steps=6 success=True
[hybrid-rollout] ep 99 (heldout_100): steps=60 success=False
[hybrid-rollout] ep 100 (heldout_101): steps=4 success=True
[hybrid-rollout] ep 101 (heldout_102): steps=4 success=True
[hybrid-rollout] ep 102 (heldout_103): steps=60 success=False
[hybrid-rollout] ep 103 (heldout_104): steps=6 success=True
[hybrid-rollout] ep 104 (heldout_105): steps=4 success=True
[hybrid-rollout] ep 105 (heldout_106): steps=60 success=False
[hybrid-rollout] ep 106 (heldout_107): steps=3 success=False
[hybrid-rollout] ep 107 (heldout_108): steps=4 success=True
[hybrid-rollout] ep 108 (heldout_109): steps=4 success=True
[hybrid-rollout] ep 109 (heldout_110): steps=6 success=True
[hybrid-rollout] ep 110 (heldout_111): steps=60 success=False
[hybrid-rollout] ep 111 (heldout_112): steps=60 success=False
[hybrid-rollout] ep 112 (heldout_113): steps=7 success=True
[hybrid-rollout] ep 113 (heldout_114): steps=3 success=False
[hybrid-rollout] ep 114 (heldout_115): steps=4 success=True
[hybrid-rollout] ep 115 (heldout_116): steps=5 success=True
[hybrid-rollout] ep 116 (heldout_117): steps=1 success=False
[hybrid-rollout] ep 117 (heldout_118): steps=60 success=False
[hybrid-rollout] ep 118 (heldout_119): steps=4 success=True
[hybrid-rollout] ep 119 (heldout_120): steps=60 success=False
[hybrid-rollout] ep 120 (heldout_121): steps=4 success=True
[hybrid-rollout] ep 121 (heldout_122): steps=6 success=True
[hybrid-rollout] ep 122 (heldout_123): steps=6 success=True
[hybrid-rollout] ep 123 (heldout_124): steps=60 success=False
[hybrid-rollout] ep 124 (heldout_125): steps=4 success=True
[hybrid-rollout] ep 125 (heldout_126): steps=4 success=True
[hybrid-rollout] ep 126 (heldout_127): steps=60 success=False
[hybrid-rollout] ep 127 (heldout_128): steps=60 success=False
[hybrid-rollout] ep 128 (heldout_129): steps=1 success=False
[hybrid-rollout] ep 129 (heldout_130): steps=4 success=True
[hybrid-rollout] ep 130 (heldout_131): steps=60 success=False
[hybrid-rollout] ep 131 (heldout_132): steps=6 success=True
[hybrid-rollout] ep 132 (heldout_133): steps=4 success=True
[hybrid-rollout] ep 133 (heldout_134): steps=1 success=False
[hybrid-rollout] ep 134 (heldout_135): steps=6 success=True
[hybrid-rollout] ep 135 (heldout_136): steps=5 success=True
[hybrid-rollout] ep 136 (heldout_137): steps=1 success=False
[hybrid-rollout] ep 137 (heldout_138): steps=4 success=True
[hybrid-rollout] ep 138 (heldout_139): steps=4 success=True
[hybrid-rollout] ep 139 (heldout_140): steps=60 success=False
[hybrid-rollout] ep 140 (heldout_141): steps=5 success=True
[hybrid-rollout] ep 141 (heldout_142): steps=4 success=True
[hybrid-rollout] ep 142 (heldout_143): steps=60 success=False
[hybrid-rollout] ep 143 (heldout_144): steps=4 success=True
[hybrid-rollout] ep 144 (heldout_145): steps=5 success=True
[hybrid-rollout] ep 145 (heldout_146): steps=60 success=False
[hybrid-rollout] ep 146 (heldout_147): steps=4 success=True
[hybrid-rollout] ep 147 (heldout_148): steps=60 success=False
[hybrid-rollout] ep 148 (heldout_149): steps=60 success=False
[hybrid-rollout] ep 149 (heldout_150): steps=4 success=True
[hybrid-rollout] ep 150 (heldout_151): steps=5 success=True
[hybrid-rollout] ep 151 (heldout_152): steps=5 success=False
[hybrid-rollout] ep 152 (heldout_153): steps=2 success=False
[hybrid-rollout] ep 153 (heldout_154): steps=60 success=False
[hybrid-rollout] ep 154 (heldout_155): steps=60 success=False
[hybrid-rollout] ep 155 (heldout_156): steps=4 success=False
[hybrid-rollout] ep 156 (heldout_157): steps=3 success=False
[hybrid-rollout] ep 157 (heldout_158): steps=3 success=False
[hybrid-rollout] ep 158 (heldout_159): steps=6 success=True
[hybrid-rollout] ep 159 (heldout_160): steps=60 success=False
[hybrid-rollout] ep 160 (heldout_161): steps=60 success=False
[hybrid-rollout] ep 161 (heldout_162): steps=5 success=True
[hybrid-rollout] ep 162 (heldout_163): steps=4 success=True
[hybrid-rollout] ep 163 (heldout_164): steps=6 success=True
[hybrid-rollout] ep 164 (heldout_165): steps=5 success=True
[hybrid-rollout] ep 165 (heldout_166): steps=4 success=True
[hybrid-rollout] ep 166 (heldout_167): steps=4 success=True
[hybrid-rollout] ep 167 (heldout_168): steps=4 success=True
[hybrid-rollout] ep 168 (heldout_169): steps=6 success=True
[hybrid-rollout] ep 169 (heldout_170): steps=60 success=False
[hybrid-rollout] ep 170 (heldout_171): steps=60 success=False
[hybrid-rollout] ep 171 (heldout_172): steps=60 success=False
[hybrid-rollout] ep 172 (heldout_173): steps=4 success=True
[hybrid-rollout] ep 173 (heldout_174): steps=60 success=False
[hybrid-rollout] ep 174 (heldout_175): steps=7 success=True
[hybrid-rollout] ep 175 (heldout_176): steps=6 success=True
[hybrid-rollout] ep 176 (heldout_177): steps=60 success=False
[hybrid-rollout] ep 177 (heldout_178): steps=1 success=False
[hybrid-rollout] ep 178 (heldout_179): steps=60 success=False
[hybrid-rollout] ep 179 (heldout_180): steps=4 success=True
[hybrid-rollout] ep 180 (heldout_181): steps=5 success=True
[hybrid-rollout] ep 181 (heldout_182): steps=4 success=True
[hybrid-rollout] ep 182 (heldout_183): steps=5 success=True
[hybrid-rollout] ep 183 (heldout_184): steps=5 success=False
[hybrid-rollout] ep 184 (heldout_185): steps=5 success=True
[hybrid-rollout] ep 185 (heldout_186): steps=4 success=True
[hybrid-rollout] ep 186 (heldout_187): steps=1 success=False
[hybrid-rollout] ep 187 (heldout_188): steps=5 success=True
[hybrid-rollout] ep 188 (heldout_189): steps=5 success=True
[hybrid-rollout] ep 189 (heldout_190): steps=7 success=True
[hybrid-rollout] ep 190 (heldout_191): steps=6 success=True
[hybrid-rollout] ep 191 (heldout_192): steps=7 success=True
[hybrid-rollout] ep 192 (heldout_193): steps=7 success=True
[hybrid-rollout] ep 193 (heldout_194): steps=6 success=True
[hybrid-rollout] ep 194 (heldout_195): steps=5 success=True
[hybrid-rollout] ep 195 (heldout_196): steps=4 success=True
[hybrid-rollout] ep 196 (heldout_197): steps=5 success=True
[hybrid-rollout] ep 197 (heldout_198): steps=60 success=False
[hybrid-rollout] ep 198 (heldout_199): steps=60 success=False
[hybrid-rollout] ep 199 (heldout_200): steps=4 success=True
[hybrid-rollout] DONE successes=114/200
[13:06:39] [iil-baseline] round 3: heldout_sr=0.570

--------------------------------------------------------------------------------
SAFE_DAGGER ROUND 4  (remaining budget = 12)
--------------------------------------------------------------------------------
[13:06:44] [iil-baseline] round 4: pool=20 successes=12 failures=8 correction_sr=0.600
[13:06:44] [iil-baseline] round 4: picked=1 saved=1 cum_extras=4/15
[13:06:44] [iil-baseline] $ /home/s226137394/.conda/envs/maze/bin/python3 -u -m Equivariant_pathway.equivariant_CNN_hybrid.baseline_vs_p4.pool_x_selector.trainer.finetune_replay --demo_dir /weka/s226137394/DmNfull/Equivariant_pathway/equivariant_CNN_hybrid/baseline_vs_p4/pool_x_selector/results/run_2/safe_dagger/demos --checkpoint_dir /weka/s226137394/DmNfull/Equivariant_pathway/equivariant_CNN_hybrid/baseline_vs_p4/pool_x_selector/results/run_2/safe_dagger/checkpoints --epochs 90 --batch_size 64 --lr 5e-05 --weight_decay 0.0001 --replay_mix 0.5 --replay_mix_floor 0.2 --seed 2 --resume --new_demos_dir /weka/s226137394/DmNfull/Equivariant_pathway/equivariant_CNN_hybrid/baseline_vs_p4/pool_x_selector/results/run_2/safe_dagger/demos/round_004
[finetune_replay] device=cuda demo_dir=/weka/s226137394/DmNfull/Equivariant_pathway/equivariant_CNN_hybrid/baseline_vs_p4/pool_x_selector/results/run_2/safe_dagger/demos new_demos_dir=/weka/s226137394/DmNfull/Equivariant_pathway/equivariant_CNN_hybrid/baseline_vs_p4/pool_x_selector/results/run_2/safe_dagger/demos/round_004
[hybrid-dataset] 23 demos -> 119 samples
[hybrid-dataset] 1 demos -> 6 samples
[finetune_replay] sampler audit: {'n_old_samples': 119, 'n_new_samples': 6, 'replay_mix_target': 0.5, 'replay_mix_effective': 0.5, 'replay_mix_floor': 0.2}
[finetune_replay] trainable params: 1,400,028
[finetune_replay] WARM START from last_hybrid_policy.pth
[finetune_replay] ep   1/90 | train loss=0.3348 top1=0.956 | val loss=0.0277 | t=0.9s  *
[finetune_replay] ep   2/90 | train loss=0.0923 top1=0.991 | val loss=0.0174 | t=0.2s  *
[finetune_replay] ep   3/90 | train loss=0.1053 top1=1.000 | val loss=0.0074 | t=0.1s  *
[finetune_replay] ep   4/90 | train loss=0.0501 top1=1.000 | val loss=0.0078 | t=0.1s
[finetune_replay] ep   5/90 | train loss=0.0456 top1=1.000 | val loss=0.0067 | t=0.2s  *
[finetune_replay] ep   6/90 | train loss=0.0239 top1=1.000 | val loss=0.0050 | t=0.1s  *
[finetune_replay] ep   7/90 | train loss=0.0162 top1=1.000 | val loss=0.0048 | t=0.1s  *
[finetune_replay] ep   8/90 | train loss=0.0165 top1=1.000 | val loss=0.0040 | t=0.2s  *
[finetune_replay] ep   9/90 | train loss=0.0104 top1=1.000 | val loss=0.0030 | t=0.1s  *
[finetune_replay] ep  10/90 | train loss=0.0092 top1=1.000 | val loss=0.0025 | t=0.1s  *
[finetune_replay] ep  11/90 | train loss=0.0069 top1=1.000 | val loss=0.0023 | t=0.1s  *
[finetune_replay] ep  12/90 | train loss=0.0053 top1=1.000 | val loss=0.0024 | t=0.2s
[finetune_replay] ep  13/90 | train loss=0.0053 top1=1.000 | val loss=0.0024 | t=0.1s
[finetune_replay] ep  14/90 | train loss=0.0049 top1=1.000 | val loss=0.0024 | t=0.1s
[finetune_replay] ep  15/90 | train loss=0.0053 top1=1.000 | val loss=0.0025 | t=0.1s
[finetune_replay] ep  16/90 | train loss=0.0054 top1=1.000 | val loss=0.0026 | t=0.1s
[finetune_replay] ep  17/90 | train loss=0.0046 top1=1.000 | val loss=0.0025 | t=0.1s
[finetune_replay] ep  18/90 | train loss=0.0036 top1=1.000 | val loss=0.0024 | t=0.1s
[finetune_replay] ep  19/90 | train loss=0.0040 top1=1.000 | val loss=0.0023 | t=0.1s
[finetune_replay] ep  20/90 | train loss=0.0034 top1=1.000 | val loss=0.0029 | t=0.1s
[finetune_replay] ep  21/90 | train loss=0.0032 top1=1.000 | val loss=0.0035 | t=0.2s
[finetune_replay] ep  22/90 | train loss=0.0035 top1=1.000 | val loss=0.0035 | t=0.1s
[finetune_replay] ep  23/90 | train loss=0.0025 top1=1.000 | val loss=0.0029 | t=0.1s
[finetune_replay] ep  24/90 | train loss=0.0022 top1=1.000 | val loss=0.0028 | t=0.1s
[finetune_replay] ep  25/90 | train loss=0.0025 top1=1.000 | val loss=0.0026 | t=0.1s
[finetune_replay] ep  26/90 | train loss=0.0031 top1=1.000 | val loss=0.0027 | t=0.1s
[finetune_replay] ep  27/90 | train loss=0.0022 top1=1.000 | val loss=0.0031 | t=0.1s
[finetune_replay] ep  28/90 | train loss=0.0028 top1=1.000 | val loss=0.0034 | t=0.1s
[finetune_replay] ep  29/90 | train loss=0.0025 top1=1.000 | val loss=0.0032 | t=0.1s
[finetune_replay] ep  30/90 | train loss=0.0022 top1=1.000 | val loss=0.0029 | t=0.1s
[finetune_replay] ep  31/90 | train loss=0.0021 top1=1.000 | val loss=0.0029 | t=0.1s
[finetune_replay] ep  32/90 | train loss=0.0022 top1=1.000 | val loss=0.0027 | t=0.1s
[finetune_replay] ep  33/90 | train loss=0.0023 top1=1.000 | val loss=0.0028 | t=0.1s
[finetune_replay] ep  34/90 | train loss=0.0022 top1=1.000 | val loss=0.0027 | t=0.1s
[finetune_replay] ep  35/90 | train loss=0.0019 top1=1.000 | val loss=0.0026 | t=0.1s
[finetune_replay] ep  36/90 | train loss=0.0024 top1=1.000 | val loss=0.0026 | t=0.1s
[finetune_replay] ep  37/90 | train loss=0.0018 top1=1.000 | val loss=0.0027 | t=0.1s
[finetune_replay] ep  38/90 | train loss=0.0018 top1=1.000 | val loss=0.0027 | t=0.1s
[finetune_replay] ep  39/90 | train loss=0.0017 top1=1.000 | val loss=0.0026 | t=0.1s
[finetune_replay] ep  40/90 | train loss=0.0016 top1=1.000 | val loss=0.0026 | t=0.1s
[finetune_replay] ep  41/90 | train loss=0.0018 top1=1.000 | val loss=0.0025 | t=0.1s
[finetune_replay] ep  42/90 | train loss=0.0018 top1=1.000 | val loss=0.0024 | t=0.1s
[finetune_replay] ep  43/90 | train loss=0.0017 top1=1.000 | val loss=0.0024 | t=0.1s
[finetune_replay] ep  44/90 | train loss=0.0015 top1=1.000 | val loss=0.0024 | t=0.1s
[finetune_replay] ep  45/90 | train loss=0.0019 top1=1.000 | val loss=0.0025 | t=0.1s
[finetune_replay] ep  46/90 | train loss=0.0016 top1=1.000 | val loss=0.0027 | t=0.1s
[finetune_replay] ep  47/90 | train loss=0.0017 top1=1.000 | val loss=0.0028 | t=0.1s
[finetune_replay] ep  48/90 | train loss=0.0017 top1=1.000 | val loss=0.0030 | t=0.1s
[finetune_replay] ep  49/90 | train loss=0.0016 top1=1.000 | val loss=0.0031 | t=0.1s
[finetune_replay] ep  50/90 | train loss=0.0020 top1=1.000 | val loss=0.0031 | t=0.1s
[finetune_replay] ep  51/90 | train loss=0.0016 top1=1.000 | val loss=0.0029 | t=0.1s
[finetune_replay] ep  52/90 | train loss=0.0015 top1=1.000 | val loss=0.0028 | t=0.1s
[finetune_replay] ep  53/90 | train loss=0.0017 top1=1.000 | val loss=0.0026 | t=0.1s
[finetune_replay] ep  54/90 | train loss=0.0015 top1=1.000 | val loss=0.0025 | t=0.1s
[finetune_replay] ep  55/90 | train loss=0.0020 top1=1.000 | val loss=0.0023 | t=0.1s
[finetune_replay] ep  56/90 | train loss=0.0014 top1=1.000 | val loss=0.0021 | t=0.1s  *
[finetune_replay] ep  57/90 | train loss=0.0016 top1=1.000 | val loss=0.0021 | t=0.1s  *
[finetune_replay] ep  58/90 | train loss=0.0015 top1=1.000 | val loss=0.0020 | t=0.1s  *
[finetune_replay] ep  59/90 | train loss=0.0015 top1=1.000 | val loss=0.0021 | t=0.1s
[finetune_replay] ep  60/90 | train loss=0.0019 top1=1.000 | val loss=0.0021 | t=0.1s
[finetune_replay] ep  61/90 | train loss=0.0018 top1=1.000 | val loss=0.0023 | t=0.1s
[finetune_replay] ep  62/90 | train loss=0.0015 top1=1.000 | val loss=0.0024 | t=0.1s
[finetune_replay] ep  63/90 | train loss=0.0014 top1=1.000 | val loss=0.0025 | t=0.1s
[finetune_replay] ep  64/90 | train loss=0.0013 top1=1.000 | val loss=0.0026 | t=0.1s
[finetune_replay] ep  65/90 | train loss=0.0013 top1=1.000 | val loss=0.0026 | t=0.1s
[finetune_replay] ep  66/90 | train loss=0.0016 top1=1.000 | val loss=0.0027 | t=0.1s
[finetune_replay] ep  67/90 | train loss=0.0015 top1=1.000 | val loss=0.0027 | t=0.2s
[finetune_replay] ep  68/90 | train loss=0.0017 top1=1.000 | val loss=0.0027 | t=0.1s
[finetune_replay] ep  69/90 | train loss=0.0014 top1=1.000 | val loss=0.0027 | t=0.1s
[finetune_replay] ep  70/90 | train loss=0.0016 top1=1.000 | val loss=0.0027 | t=0.1s
[finetune_replay] ep  71/90 | train loss=0.0015 top1=1.000 | val loss=0.0027 | t=0.1s
[finetune_replay] ep  72/90 | train loss=0.0015 top1=1.000 | val loss=0.0027 | t=0.1s
[finetune_replay] ep  73/90 | train loss=0.0013 top1=1.000 | val loss=0.0026 | t=0.1s
[finetune_replay] ep  74/90 | train loss=0.0014 top1=1.000 | val loss=0.0026 | t=0.1s
[finetune_replay] ep  75/90 | train loss=0.0013 top1=1.000 | val loss=0.0026 | t=0.1s
[finetune_replay] ep  76/90 | train loss=0.0018 top1=1.000 | val loss=0.0025 | t=0.1s
[finetune_replay] ep  77/90 | train loss=0.0016 top1=1.000 | val loss=0.0025 | t=0.1s
[finetune_replay] ep  78/90 | train loss=0.0014 top1=1.000 | val loss=0.0025 | t=0.1s
[finetune_replay] ep  79/90 | train loss=0.0012 top1=1.000 | val loss=0.0025 | t=0.1s
[finetune_replay] ep  80/90 | train loss=0.0014 top1=1.000 | val loss=0.0025 | t=0.1s
[finetune_replay] ep  81/90 | train loss=0.0016 top1=1.000 | val loss=0.0025 | t=0.1s
[finetune_replay] ep  82/90 | train loss=0.0016 top1=1.000 | val loss=0.0025 | t=0.1s
[finetune_replay] ep  83/90 | train loss=0.0014 top1=1.000 | val loss=0.0025 | t=0.1s
[finetune_replay] ep  84/90 | train loss=0.0015 top1=1.000 | val loss=0.0025 | t=0.1s
[finetune_replay] ep  85/90 | train loss=0.0016 top1=1.000 | val loss=0.0024 | t=0.1s
[finetune_replay] ep  86/90 | train loss=0.0016 top1=1.000 | val loss=0.0024 | t=0.1s
[finetune_replay] ep  87/90 | train loss=0.0016 top1=1.000 | val loss=0.0024 | t=0.1s
[finetune_replay] ep  88/90 | train loss=0.0015 top1=1.000 | val loss=0.0024 | t=0.1s
[finetune_replay] ep  89/90 | train loss=0.0013 top1=1.000 | val loss=0.0024 | t=0.1s
[finetune_replay] ep  90/90 | train loss=0.0012 top1=1.000 | val loss=0.0024 | t=0.1s
[finetune_replay] DONE best_val_loss=0.0020 @ epoch 58
[13:07:11] [bo-budget] $ /home/s226137394/.conda/envs/maze/bin/python3 -u -m Equivariant_pathway.equivariant_CNN_hybrid.rollout_test --checkpoint /weka/s226137394/DmNfull/Equivariant_pathway/equivariant_CNN_hybrid/baseline_vs_p4/pool_x_selector/results/run_2/safe_dagger/checkpoints/best_hybrid_policy.pth --layouts /weka/s226137394/DmNfull/Equivariant_pathway/equivariant_CNN_hybrid/baseline_vs_p4/shared/heldout_layouts.yaml --out_dir /weka/s226137394/DmNfull/Equivariant_pathway/equivariant_CNN_hybrid/baseline_vs_p4/pool_x_selector/results/run_2/safe_dagger/results/eval_round_004 --seed 6 --max_steps 60
[hybrid-rollout] 200 unique; running 200 eps
[hybrid-rollout] loaded /weka/s226137394/DmNfull/Equivariant_pathway/equivariant_CNN_hybrid/baseline_vs_p4/pool_x_selector/results/run_2/safe_dagger/checkpoints/best_hybrid_policy.pth
[hybrid-rollout] ep 0 (heldout_001): steps=5 success=True
[hybrid-rollout] ep 1 (heldout_002): steps=60 success=False
[hybrid-rollout] ep 2 (heldout_003): steps=8 success=True
[hybrid-rollout] ep 3 (heldout_004): steps=6 success=True
[hybrid-rollout] ep 4 (heldout_005): steps=5 success=True
[hybrid-rollout] ep 5 (heldout_006): steps=3 success=False
[hybrid-rollout] ep 6 (heldout_007): steps=3 success=False
[hybrid-rollout] ep 7 (heldout_008): steps=4 success=True
[hybrid-rollout] ep 8 (heldout_009): steps=6 success=True
[hybrid-rollout] ep 9 (heldout_010): steps=60 success=False
[hybrid-rollout] ep 10 (heldout_011): steps=4 success=True
[hybrid-rollout] ep 11 (heldout_012): steps=4 success=True
[hybrid-rollout] ep 12 (heldout_013): steps=5 success=True
[hybrid-rollout] ep 13 (heldout_014): steps=5 success=True
[hybrid-rollout] ep 14 (heldout_015): steps=4 success=True
[hybrid-rollout] ep 15 (heldout_016): steps=1 success=False
[hybrid-rollout] ep 16 (heldout_017): steps=4 success=True
[hybrid-rollout] ep 17 (heldout_018): steps=60 success=False
[hybrid-rollout] ep 18 (heldout_019): steps=60 success=False
[hybrid-rollout] ep 19 (heldout_020): steps=5 success=True
[hybrid-rollout] ep 20 (heldout_021): steps=4 success=True
[hybrid-rollout] ep 21 (heldout_022): steps=4 success=True
[hybrid-rollout] ep 22 (heldout_023): steps=7 success=True
[hybrid-rollout] ep 23 (heldout_024): steps=60 success=False
[hybrid-rollout] ep 24 (heldout_025): steps=4 success=True
[hybrid-rollout] ep 25 (heldout_026): steps=4 success=True
[hybrid-rollout] ep 26 (heldout_027): steps=4 success=True
[hybrid-rollout] ep 27 (heldout_028): steps=4 success=True
[hybrid-rollout] ep 28 (heldout_029): steps=7 success=True
[hybrid-rollout] ep 29 (heldout_030): steps=60 success=False
[hybrid-rollout] ep 30 (heldout_031): steps=5 success=True
[hybrid-rollout] ep 31 (heldout_032): steps=5 success=True
[hybrid-rollout] ep 32 (heldout_033): steps=4 success=True
[hybrid-rollout] ep 33 (heldout_034): steps=5 success=True
[hybrid-rollout] ep 34 (heldout_035): steps=6 success=True
[hybrid-rollout] ep 35 (heldout_036): steps=5 success=True
[hybrid-rollout] ep 36 (heldout_037): steps=4 success=True
[hybrid-rollout] ep 37 (heldout_038): steps=5 success=True
[hybrid-rollout] ep 38 (heldout_039): steps=6 success=True
[hybrid-rollout] ep 39 (heldout_040): steps=5 success=True
[hybrid-rollout] ep 40 (heldout_041): steps=6 success=True
[hybrid-rollout] ep 41 (heldout_042): steps=60 success=False
[hybrid-rollout] ep 42 (heldout_043): steps=4 success=True
[hybrid-rollout] ep 43 (heldout_044): steps=5 success=True
[hybrid-rollout] ep 44 (heldout_045): steps=60 success=False
[hybrid-rollout] ep 45 (heldout_046): steps=4 success=True
[hybrid-rollout] ep 46 (heldout_047): steps=6 success=True
[hybrid-rollout] ep 47 (heldout_048): steps=6 success=True
[hybrid-rollout] ep 48 (heldout_049): steps=60 success=False
[hybrid-rollout] ep 49 (heldout_050): steps=4 success=True
[hybrid-rollout] ep 50 (heldout_051): steps=4 success=True
[hybrid-rollout] ep 51 (heldout_052): steps=4 success=True
[hybrid-rollout] ep 52 (heldout_053): steps=60 success=False
[hybrid-rollout] ep 53 (heldout_054): steps=60 success=False
[hybrid-rollout] ep 54 (heldout_055): steps=60 success=False
[hybrid-rollout] ep 55 (heldout_056): steps=4 success=True
[hybrid-rollout] ep 56 (heldout_057): steps=4 success=True
[hybrid-rollout] ep 57 (heldout_058): steps=4 success=True
[hybrid-rollout] ep 58 (heldout_059): steps=5 success=True
[hybrid-rollout] ep 59 (heldout_060): steps=6 success=True
[hybrid-rollout] ep 60 (heldout_061): steps=5 success=True
[hybrid-rollout] ep 61 (heldout_062): steps=6 success=True
[hybrid-rollout] ep 62 (heldout_063): steps=5 success=True
[hybrid-rollout] ep 63 (heldout_064): steps=1 success=False
[hybrid-rollout] ep 64 (heldout_065): steps=7 success=True
[hybrid-rollout] ep 65 (heldout_066): steps=6 success=True
[hybrid-rollout] ep 66 (heldout_067): steps=5 success=True
[hybrid-rollout] ep 67 (heldout_068): steps=4 success=True
[hybrid-rollout] ep 68 (heldout_069): steps=4 success=True
[hybrid-rollout] ep 69 (heldout_070): steps=60 success=False
[hybrid-rollout] ep 70 (heldout_071): steps=5 success=True
[hybrid-rollout] ep 71 (heldout_072): steps=5 success=True
[hybrid-rollout] ep 72 (heldout_073): steps=3 success=False
[hybrid-rollout] ep 73 (heldout_074): steps=4 success=True
[hybrid-rollout] ep 74 (heldout_075): steps=5 success=True
[hybrid-rollout] ep 75 (heldout_076): steps=60 success=False
[hybrid-rollout] ep 76 (heldout_077): steps=4 success=True
[hybrid-rollout] ep 77 (heldout_078): steps=6 success=True
[hybrid-rollout] ep 78 (heldout_079): steps=4 success=True
[hybrid-rollout] ep 79 (heldout_080): steps=4 success=True
[hybrid-rollout] ep 80 (heldout_081): steps=5 success=True
[hybrid-rollout] ep 81 (heldout_082): steps=5 success=True
[hybrid-rollout] ep 82 (heldout_083): steps=4 success=True
[hybrid-rollout] ep 83 (heldout_084): steps=60 success=False
[hybrid-rollout] ep 84 (heldout_085): steps=6 success=True
[hybrid-rollout] ep 85 (heldout_086): steps=60 success=False
[hybrid-rollout] ep 86 (heldout_087): steps=7 success=True
[hybrid-rollout] ep 87 (heldout_088): steps=4 success=True
[hybrid-rollout] ep 88 (heldout_089): steps=3 success=False
[hybrid-rollout] ep 89 (heldout_090): steps=4 success=True
[hybrid-rollout] ep 90 (heldout_091): steps=4 success=False
[hybrid-rollout] ep 91 (heldout_092): steps=5 success=True
[hybrid-rollout] ep 92 (heldout_093): steps=1 success=False
[hybrid-rollout] ep 93 (heldout_094): steps=6 success=True
[hybrid-rollout] ep 94 (heldout_095): steps=7 success=True
[hybrid-rollout] ep 95 (heldout_096): steps=5 success=True
[hybrid-rollout] ep 96 (heldout_097): steps=5 success=True
[hybrid-rollout] ep 97 (heldout_098): steps=5 success=True
[hybrid-rollout] ep 98 (heldout_099): steps=60 success=False
[hybrid-rollout] ep 99 (heldout_100): steps=8 success=True
[hybrid-rollout] ep 100 (heldout_101): steps=4 success=True
[hybrid-rollout] ep 101 (heldout_102): steps=4 success=True
[hybrid-rollout] ep 102 (heldout_103): steps=4 success=True
[hybrid-rollout] ep 103 (heldout_104): steps=6 success=True
[hybrid-rollout] ep 104 (heldout_105): steps=4 success=True
[hybrid-rollout] ep 105 (heldout_106): steps=60 success=False
[hybrid-rollout] ep 106 (heldout_107): steps=4 success=True
[hybrid-rollout] ep 107 (heldout_108): steps=4 success=True
[hybrid-rollout] ep 108 (heldout_109): steps=4 success=True
[hybrid-rollout] ep 109 (heldout_110): steps=6 success=True
[hybrid-rollout] ep 110 (heldout_111): steps=60 success=False
[hybrid-rollout] ep 111 (heldout_112): steps=5 success=True
[hybrid-rollout] ep 112 (heldout_113): steps=5 success=True
[hybrid-rollout] ep 113 (heldout_114): steps=4 success=True
[hybrid-rollout] ep 114 (heldout_115): steps=4 success=True
[hybrid-rollout] ep 115 (heldout_116): steps=5 success=True
[hybrid-rollout] ep 116 (heldout_117): steps=7 success=True
[hybrid-rollout] ep 117 (heldout_118): steps=60 success=False
[hybrid-rollout] ep 118 (heldout_119): steps=4 success=True
[hybrid-rollout] ep 119 (heldout_120): steps=7 success=True
[hybrid-rollout] ep 120 (heldout_121): steps=4 success=True
[hybrid-rollout] ep 121 (heldout_122): steps=4 success=True
[hybrid-rollout] ep 122 (heldout_123): steps=6 success=True
[hybrid-rollout] ep 123 (heldout_124): steps=60 success=False
[hybrid-rollout] ep 124 (heldout_125): steps=4 success=True
[hybrid-rollout] ep 125 (heldout_126): steps=4 success=True
[hybrid-rollout] ep 126 (heldout_127): steps=60 success=False
[hybrid-rollout] ep 127 (heldout_128): steps=7 success=True
[hybrid-rollout] ep 128 (heldout_129): steps=4 success=True
[hybrid-rollout] ep 129 (heldout_130): steps=6 success=True
[hybrid-rollout] ep 130 (heldout_131): steps=60 success=False
[hybrid-rollout] ep 131 (heldout_132): steps=4 success=True
[hybrid-rollout] ep 132 (heldout_133): steps=4 success=True
[hybrid-rollout] ep 133 (heldout_134): steps=60 success=False
[hybrid-rollout] ep 134 (heldout_135): steps=6 success=True
[hybrid-rollout] ep 135 (heldout_136): steps=5 success=True
[hybrid-rollout] ep 136 (heldout_137): steps=5 success=True
[hybrid-rollout] ep 137 (heldout_138): steps=4 success=True
[hybrid-rollout] ep 138 (heldout_139): steps=4 success=True
[hybrid-rollout] ep 139 (heldout_140): steps=5 success=True
[hybrid-rollout] ep 140 (heldout_141): steps=5 success=True
[hybrid-rollout] ep 141 (heldout_142): steps=4 success=True
[hybrid-rollout] ep 142 (heldout_143): steps=8 success=True
[hybrid-rollout] ep 143 (heldout_144): steps=4 success=True
[hybrid-rollout] ep 144 (heldout_145): steps=5 success=True
[hybrid-rollout] ep 145 (heldout_146): steps=7 success=True
[hybrid-rollout] ep 146 (heldout_147): steps=4 success=True
[hybrid-rollout] ep 147 (heldout_148): steps=60 success=False
[hybrid-rollout] ep 148 (heldout_149): steps=60 success=False
[hybrid-rollout] ep 149 (heldout_150): steps=4 success=True
[hybrid-rollout] ep 150 (heldout_151): steps=5 success=True
[hybrid-rollout] ep 151 (heldout_152): steps=5 success=False
[hybrid-rollout] ep 152 (heldout_153): steps=5 success=True
[hybrid-rollout] ep 153 (heldout_154): steps=7 success=True
[hybrid-rollout] ep 154 (heldout_155): steps=60 success=False
[hybrid-rollout] ep 155 (heldout_156): steps=8 success=True
[hybrid-rollout] ep 156 (heldout_157): steps=4 success=True
[hybrid-rollout] ep 157 (heldout_158): steps=3 success=False
[hybrid-rollout] ep 158 (heldout_159): steps=6 success=True
[hybrid-rollout] ep 159 (heldout_160): steps=60 success=False
[hybrid-rollout] ep 160 (heldout_161): steps=60 success=False
[hybrid-rollout] ep 161 (heldout_162): steps=5 success=True
[hybrid-rollout] ep 162 (heldout_163): steps=4 success=True
[hybrid-rollout] ep 163 (heldout_164): steps=4 success=True
[hybrid-rollout] ep 164 (heldout_165): steps=5 success=True
[hybrid-rollout] ep 165 (heldout_166): steps=60 success=False
[hybrid-rollout] ep 166 (heldout_167): steps=4 success=True
[hybrid-rollout] ep 167 (heldout_168): steps=4 success=True
[hybrid-rollout] ep 168 (heldout_169): steps=6 success=True
[hybrid-rollout] ep 169 (heldout_170): steps=6 success=True
[hybrid-rollout] ep 170 (heldout_171): steps=4 success=True
[hybrid-rollout] ep 171 (heldout_172): steps=5 success=True
[hybrid-rollout] ep 172 (heldout_173): steps=4 success=True
[hybrid-rollout] ep 173 (heldout_174): steps=60 success=False
[hybrid-rollout] ep 174 (heldout_175): steps=7 success=True
[hybrid-rollout] ep 175 (heldout_176): steps=6 success=True
[hybrid-rollout] ep 176 (heldout_177): steps=6 success=True
[hybrid-rollout] ep 177 (heldout_178): steps=5 success=True
[hybrid-rollout] ep 178 (heldout_179): steps=5 success=True
[hybrid-rollout] ep 179 (heldout_180): steps=60 success=False
[hybrid-rollout] ep 180 (heldout_181): steps=5 success=True
[hybrid-rollout] ep 181 (heldout_182): steps=4 success=True
[hybrid-rollout] ep 182 (heldout_183): steps=5 success=True
[hybrid-rollout] ep 183 (heldout_184): steps=7 success=True
[hybrid-rollout] ep 184 (heldout_185): steps=5 success=True
[hybrid-rollout] ep 185 (heldout_186): steps=4 success=True
[hybrid-rollout] ep 186 (heldout_187): steps=1 success=False
[hybrid-rollout] ep 187 (heldout_188): steps=5 success=True
[hybrid-rollout] ep 188 (heldout_189): steps=5 success=True
[hybrid-rollout] ep 189 (heldout_190): steps=7 success=True
[hybrid-rollout] ep 190 (heldout_191): steps=6 success=True
[hybrid-rollout] ep 191 (heldout_192): steps=5 success=True
[hybrid-rollout] ep 192 (heldout_193): steps=7 success=True
[hybrid-rollout] ep 193 (heldout_194): steps=6 success=True
[hybrid-rollout] ep 194 (heldout_195): steps=5 success=True
[hybrid-rollout] ep 195 (heldout_196): steps=4 success=True
[hybrid-rollout] ep 196 (heldout_197): steps=5 success=True
[hybrid-rollout] ep 197 (heldout_198): steps=4 success=True
[hybrid-rollout] ep 198 (heldout_199): steps=4 success=True
[hybrid-rollout] ep 199 (heldout_200): steps=4 success=True
[hybrid-rollout] DONE successes=157/200
[13:08:40] [iil-baseline] round 4: heldout_sr=0.785

--------------------------------------------------------------------------------
SAFE_DAGGER ROUND 5  (remaining budget = 11)
--------------------------------------------------------------------------------
[13:08:42] [iil-baseline] round 5: pool=20 successes=19 failures=1 correction_sr=0.950
[13:08:42] [iil-baseline] round 5: picked=1 saved=1 cum_extras=5/15
[13:08:42] [iil-baseline] $ /home/s226137394/.conda/envs/maze/bin/python3 -u -m Equivariant_pathway.equivariant_CNN_hybrid.baseline_vs_p4.pool_x_selector.trainer.finetune_replay --demo_dir /weka/s226137394/DmNfull/Equivariant_pathway/equivariant_CNN_hybrid/baseline_vs_p4/pool_x_selector/results/run_2/safe_dagger/demos --checkpoint_dir /weka/s226137394/DmNfull/Equivariant_pathway/equivariant_CNN_hybrid/baseline_vs_p4/pool_x_selector/results/run_2/safe_dagger/checkpoints --epochs 90 --batch_size 64 --lr 5e-05 --weight_decay 0.0001 --replay_mix 0.5 --replay_mix_floor 0.2 --seed 2 --resume --new_demos_dir /weka/s226137394/DmNfull/Equivariant_pathway/equivariant_CNN_hybrid/baseline_vs_p4/pool_x_selector/results/run_2/safe_dagger/demos/round_005
[finetune_replay] device=cuda demo_dir=/weka/s226137394/DmNfull/Equivariant_pathway/equivariant_CNN_hybrid/baseline_vs_p4/pool_x_selector/results/run_2/safe_dagger/demos new_demos_dir=/weka/s226137394/DmNfull/Equivariant_pathway/equivariant_CNN_hybrid/baseline_vs_p4/pool_x_selector/results/run_2/safe_dagger/demos/round_005
[hybrid-dataset] 24 demos -> 125 samples
[hybrid-dataset] 1 demos -> 4 samples
[finetune_replay] sampler audit: {'n_old_samples': 125, 'n_new_samples': 4, 'replay_mix_target': 0.5, 'replay_mix_effective': 0.5, 'replay_mix_floor': 0.2}
[finetune_replay] trainable params: 1,400,028
[finetune_replay] WARM START from last_hybrid_policy.pth
[finetune_replay] ep   1/90 | train loss=0.3313 top1=0.940 | val loss=0.0469 | t=1.1s  *
[finetune_replay] ep   2/90 | train loss=0.0263 top1=1.000 | val loss=0.0134 | t=0.2s  *
[finetune_replay] ep   3/90 | train loss=0.0182 top1=1.000 | val loss=0.0128 | t=0.1s  *
[finetune_replay] ep   4/90 | train loss=0.0090 top1=1.000 | val loss=0.0082 | t=0.2s  *
[finetune_replay] ep   5/90 | train loss=0.0087 top1=1.000 | val loss=0.0052 | t=0.1s  *
[finetune_replay] ep   6/90 | train loss=0.0072 top1=1.000 | val loss=0.0050 | t=0.2s  *
[finetune_replay] ep   7/90 | train loss=0.0052 top1=1.000 | val loss=0.0041 | t=0.1s  *
[finetune_replay] ep   8/90 | train loss=0.0044 top1=1.000 | val loss=0.0028 | t=0.1s  *
[finetune_replay] ep   9/90 | train loss=0.0042 top1=1.000 | val loss=0.0032 | t=0.1s
[finetune_replay] ep  10/90 | train loss=0.0040 top1=1.000 | val loss=0.0049 | t=0.2s
[finetune_replay] ep  11/90 | train loss=0.0031 top1=1.000 | val loss=0.0058 | t=0.1s
[finetune_replay] ep  12/90 | train loss=0.0029 top1=1.000 | val loss=0.0060 | t=0.2s
[finetune_replay] ep  13/90 | train loss=0.0026 top1=1.000 | val loss=0.0057 | t=0.1s
[finetune_replay] ep  14/90 | train loss=0.0024 top1=1.000 | val loss=0.0070 | t=0.1s
[finetune_replay] ep  15/90 | train loss=0.0020 top1=1.000 | val loss=0.0061 | t=0.1s
[finetune_replay] ep  16/90 | train loss=0.0018 top1=1.000 | val loss=0.0053 | t=0.1s
[finetune_replay] ep  17/90 | train loss=0.0019 top1=1.000 | val loss=0.0048 | t=0.1s
[finetune_replay] ep  18/90 | train loss=0.0016 top1=1.000 | val loss=0.0056 | t=0.2s
[finetune_replay] ep  19/90 | train loss=0.0015 top1=1.000 | val loss=0.0063 | t=0.1s
[finetune_replay] ep  20/90 | train loss=0.0018 top1=1.000 | val loss=0.0055 | t=0.1s
[finetune_replay] ep  21/90 | train loss=0.0015 top1=1.000 | val loss=0.0052 | t=0.1s
[finetune_replay] ep  22/90 | train loss=0.0014 top1=1.000 | val loss=0.0054 | t=0.1s
[finetune_replay] ep  23/90 | train loss=0.0014 top1=1.000 | val loss=0.0058 | t=0.1s
[finetune_replay] ep  24/90 | train loss=0.0015 top1=1.000 | val loss=0.0057 | t=0.2s
[finetune_replay] ep  25/90 | train loss=0.0014 top1=1.000 | val loss=0.0054 | t=0.1s
[finetune_replay] ep  26/90 | train loss=0.0013 top1=1.000 | val loss=0.0053 | t=0.1s
[finetune_replay] ep  27/90 | train loss=0.0013 top1=1.000 | val loss=0.0054 | t=0.1s
[finetune_replay] ep  28/90 | train loss=0.0012 top1=1.000 | val loss=0.0048 | t=0.1s
[finetune_replay] ep  29/90 | train loss=0.0010 top1=1.000 | val loss=0.0042 | t=0.1s
[finetune_replay] ep  30/90 | train loss=0.0011 top1=1.000 | val loss=0.0039 | t=0.1s
[finetune_replay] ep  31/90 | train loss=0.0013 top1=1.000 | val loss=0.0042 | t=0.1s
[finetune_replay] ep  32/90 | train loss=0.0012 top1=1.000 | val loss=0.0048 | t=0.1s
[finetune_replay] ep  33/90 | train loss=0.0010 top1=1.000 | val loss=0.0053 | t=0.1s
[finetune_replay] ep  34/90 | train loss=0.0012 top1=1.000 | val loss=0.0055 | t=0.1s
[finetune_replay] ep  35/90 | train loss=0.0009 top1=1.000 | val loss=0.0066 | t=0.1s
[finetune_replay] ep  36/90 | train loss=0.0010 top1=1.000 | val loss=0.0063 | t=0.1s
[finetune_replay] ep  37/90 | train loss=0.0012 top1=1.000 | val loss=0.0059 | t=0.1s
[finetune_replay] ep  38/90 | train loss=0.0010 top1=1.000 | val loss=0.0050 | t=0.1s
[finetune_replay] ep  39/90 | train loss=0.0010 top1=1.000 | val loss=0.0040 | t=0.1s
[finetune_replay] ep  40/90 | train loss=0.0010 top1=1.000 | val loss=0.0037 | t=0.1s
[finetune_replay] ep  41/90 | train loss=0.0010 top1=1.000 | val loss=0.0036 | t=0.1s
[finetune_replay] ep  42/90 | train loss=0.0010 top1=1.000 | val loss=0.0041 | t=0.2s
[finetune_replay] ep  43/90 | train loss=0.0009 top1=1.000 | val loss=0.0048 | t=0.2s
[finetune_replay] ep  44/90 | train loss=0.0008 top1=1.000 | val loss=0.0050 | t=0.1s
[finetune_replay] ep  45/90 | train loss=0.0009 top1=1.000 | val loss=0.0052 | t=0.1s
[finetune_replay] ep  46/90 | train loss=0.0009 top1=1.000 | val loss=0.0053 | t=0.1s
[finetune_replay] ep  47/90 | train loss=0.0008 top1=1.000 | val loss=0.0048 | t=0.1s
[finetune_replay] ep  48/90 | train loss=0.0009 top1=1.000 | val loss=0.0048 | t=0.1s
[finetune_replay] ep  49/90 | train loss=0.0008 top1=1.000 | val loss=0.0047 | t=0.1s
[finetune_replay] ep  50/90 | train loss=0.0008 top1=1.000 | val loss=0.0048 | t=0.1s
[finetune_replay] ep  51/90 | train loss=0.0007 top1=1.000 | val loss=0.0049 | t=0.1s
[finetune_replay] ep  52/90 | train loss=0.0008 top1=1.000 | val loss=0.0049 | t=0.1s
[finetune_replay] ep  53/90 | train loss=0.0011 top1=1.000 | val loss=0.0052 | t=0.1s
[finetune_replay] ep  54/90 | train loss=0.0008 top1=1.000 | val loss=0.0051 | t=0.1s
[finetune_replay] ep  55/90 | train loss=0.0008 top1=1.000 | val loss=0.0048 | t=0.1s
[finetune_replay] ep  56/90 | train loss=0.0009 top1=1.000 | val loss=0.0046 | t=0.1s
[finetune_replay] ep  57/90 | train loss=0.0009 top1=1.000 | val loss=0.0046 | t=0.1s
[finetune_replay] ep  58/90 | train loss=0.0009 top1=1.000 | val loss=0.0049 | t=0.1s
[finetune_replay] ep  59/90 | train loss=0.0007 top1=1.000 | val loss=0.0052 | t=0.2s
[finetune_replay] ep  60/90 | train loss=0.0009 top1=1.000 | val loss=0.0057 | t=0.1s
[finetune_replay] ep  61/90 | train loss=0.0007 top1=1.000 | val loss=0.0056 | t=0.1s
[finetune_replay] ep  62/90 | train loss=0.0008 top1=1.000 | val loss=0.0056 | t=0.1s
[finetune_replay] ep  63/90 | train loss=0.0006 top1=1.000 | val loss=0.0055 | t=0.1s
[finetune_replay] ep  64/90 | train loss=0.0008 top1=1.000 | val loss=0.0054 | t=0.1s
[finetune_replay] ep  65/90 | train loss=0.0008 top1=1.000 | val loss=0.0051 | t=0.1s
[finetune_replay] ep  66/90 | train loss=0.0006 top1=1.000 | val loss=0.0049 | t=0.1s
[finetune_replay] ep  67/90 | train loss=0.0007 top1=1.000 | val loss=0.0047 | t=0.1s
[finetune_replay] ep  68/90 | train loss=0.0009 top1=1.000 | val loss=0.0045 | t=0.1s
[finetune_replay] ep  69/90 | train loss=0.0007 top1=1.000 | val loss=0.0043 | t=0.1s
[finetune_replay] ep  70/90 | train loss=0.0009 top1=1.000 | val loss=0.0042 | t=0.1s
[finetune_replay] ep  71/90 | train loss=0.0007 top1=1.000 | val loss=0.0045 | t=0.1s
[finetune_replay] ep  72/90 | train loss=0.0007 top1=1.000 | val loss=0.0044 | t=0.1s
[finetune_replay] ep  73/90 | train loss=0.0008 top1=1.000 | val loss=0.0048 | t=0.1s
[finetune_replay] ep  74/90 | train loss=0.0008 top1=1.000 | val loss=0.0047 | t=0.1s
[finetune_replay] ep  75/90 | train loss=0.0007 top1=1.000 | val loss=0.0051 | t=0.1s
[finetune_replay] ep  76/90 | train loss=0.0007 top1=1.000 | val loss=0.0055 | t=0.1s
[finetune_replay] ep  77/90 | train loss=0.0009 top1=1.000 | val loss=0.0052 | t=0.1s
[finetune_replay] ep  78/90 | train loss=0.0008 top1=1.000 | val loss=0.0053 | t=0.1s
[finetune_replay] ep  79/90 | train loss=0.0007 top1=1.000 | val loss=0.0056 | t=0.1s
[finetune_replay] ep  80/90 | train loss=0.0007 top1=1.000 | val loss=0.0056 | t=0.1s
[finetune_replay] ep  81/90 | train loss=0.0008 top1=1.000 | val loss=0.0058 | t=0.1s
[finetune_replay] ep  82/90 | train loss=0.0007 top1=1.000 | val loss=0.0060 | t=0.1s
[finetune_replay] ep  83/90 | train loss=0.0007 top1=1.000 | val loss=0.0062 | t=0.1s
[finetune_replay] ep  84/90 | train loss=0.0007 top1=1.000 | val loss=0.0062 | t=0.1s
[finetune_replay] ep  85/90 | train loss=0.0009 top1=1.000 | val loss=0.0063 | t=0.1s
[finetune_replay] ep  86/90 | train loss=0.0007 top1=1.000 | val loss=0.0059 | t=0.1s
[finetune_replay] ep  87/90 | train loss=0.0008 top1=1.000 | val loss=0.0059 | t=0.1s
[finetune_replay] ep  88/90 | train loss=0.0007 top1=1.000 | val loss=0.0058 | t=0.1s
[finetune_replay] ep  89/90 | train loss=0.0009 top1=1.000 | val loss=0.0057 | t=0.1s
[finetune_replay] ep  90/90 | train loss=0.0008 top1=1.000 | val loss=0.0057 | t=0.1s
[finetune_replay] DONE best_val_loss=0.0028 @ epoch 8
[13:09:11] [bo-budget] $ /home/s226137394/.conda/envs/maze/bin/python3 -u -m Equivariant_pathway.equivariant_CNN_hybrid.rollout_test --checkpoint /weka/s226137394/DmNfull/Equivariant_pathway/equivariant_CNN_hybrid/baseline_vs_p4/pool_x_selector/results/run_2/safe_dagger/checkpoints/best_hybrid_policy.pth --layouts /weka/s226137394/DmNfull/Equivariant_pathway/equivariant_CNN_hybrid/baseline_vs_p4/shared/heldout_layouts.yaml --out_dir /weka/s226137394/DmNfull/Equivariant_pathway/equivariant_CNN_hybrid/baseline_vs_p4/pool_x_selector/results/run_2/safe_dagger/results/eval_round_005 --seed 7 --max_steps 60
[hybrid-rollout] 200 unique; running 200 eps
[hybrid-rollout] loaded /weka/s226137394/DmNfull/Equivariant_pathway/equivariant_CNN_hybrid/baseline_vs_p4/pool_x_selector/results/run_2/safe_dagger/checkpoints/best_hybrid_policy.pth
[hybrid-rollout] ep 0 (heldout_001): steps=5 success=True
[hybrid-rollout] ep 1 (heldout_002): steps=60 success=False
[hybrid-rollout] ep 2 (heldout_003): steps=8 success=True
[hybrid-rollout] ep 3 (heldout_004): steps=6 success=True
[hybrid-rollout] ep 4 (heldout_005): steps=5 success=True
[hybrid-rollout] ep 5 (heldout_006): steps=3 success=False
[hybrid-rollout] ep 6 (heldout_007): steps=5 success=True
[hybrid-rollout] ep 7 (heldout_008): steps=4 success=True
[hybrid-rollout] ep 8 (heldout_009): steps=2 success=False
[hybrid-rollout] ep 9 (heldout_010): steps=60 success=False
[hybrid-rollout] ep 10 (heldout_011): steps=4 success=True
[hybrid-rollout] ep 11 (heldout_012): steps=4 success=True
[hybrid-rollout] ep 12 (heldout_013): steps=5 success=True
[hybrid-rollout] ep 13 (heldout_014): steps=5 success=True
[hybrid-rollout] ep 14 (heldout_015): steps=4 success=True
[hybrid-rollout] ep 15 (heldout_016): steps=5 success=True
[hybrid-rollout] ep 16 (heldout_017): steps=4 success=True
[hybrid-rollout] ep 17 (heldout_018): steps=7 success=True
[hybrid-rollout] ep 18 (heldout_019): steps=5 success=True
[hybrid-rollout] ep 19 (heldout_020): steps=5 success=True
[hybrid-rollout] ep 20 (heldout_021): steps=4 success=True
[hybrid-rollout] ep 21 (heldout_022): steps=4 success=True
[hybrid-rollout] ep 22 (heldout_023): steps=7 success=True
[hybrid-rollout] ep 23 (heldout_024): steps=60 success=False
[hybrid-rollout] ep 24 (heldout_025): steps=4 success=True
[hybrid-rollout] ep 25 (heldout_026): steps=4 success=True
[hybrid-rollout] ep 26 (heldout_027): steps=4 success=True
[hybrid-rollout] ep 27 (heldout_028): steps=4 success=True
[hybrid-rollout] ep 28 (heldout_029): steps=7 success=True
[hybrid-rollout] ep 29 (heldout_030): steps=60 success=False
[hybrid-rollout] ep 30 (heldout_031): steps=5 success=True
[hybrid-rollout] ep 31 (heldout_032): steps=5 success=True
[hybrid-rollout] ep 32 (heldout_033): steps=4 success=True
[hybrid-rollout] ep 33 (heldout_034): steps=5 success=True
[hybrid-rollout] ep 34 (heldout_035): steps=6 success=True
[hybrid-rollout] ep 35 (heldout_036): steps=5 success=True
[hybrid-rollout] ep 36 (heldout_037): steps=4 success=True
[hybrid-rollout] ep 37 (heldout_038): steps=5 success=True
[hybrid-rollout] ep 38 (heldout_039): steps=6 success=True
[hybrid-rollout] ep 39 (heldout_040): steps=5 success=True
[hybrid-rollout] ep 40 (heldout_041): steps=6 success=True
[hybrid-rollout] ep 41 (heldout_042): steps=60 success=False
[hybrid-rollout] ep 42 (heldout_043): steps=4 success=True
[hybrid-rollout] ep 43 (heldout_044): steps=5 success=True
[hybrid-rollout] ep 44 (heldout_045): steps=60 success=False
[hybrid-rollout] ep 45 (heldout_046): steps=4 success=True
[hybrid-rollout] ep 46 (heldout_047): steps=6 success=True
[hybrid-rollout] ep 47 (heldout_048): steps=6 success=True
[hybrid-rollout] ep 48 (heldout_049): steps=5 success=True
[hybrid-rollout] ep 49 (heldout_050): steps=4 success=True
[hybrid-rollout] ep 50 (heldout_051): steps=4 success=True
[hybrid-rollout] ep 51 (heldout_052): steps=4 success=True
[hybrid-rollout] ep 52 (heldout_053): steps=60 success=False
[hybrid-rollout] ep 53 (heldout_054): steps=60 success=False
[hybrid-rollout] ep 54 (heldout_055): steps=60 success=False
[hybrid-rollout] ep 55 (heldout_056): steps=4 success=True
[hybrid-rollout] ep 56 (heldout_057): steps=4 success=True
[hybrid-rollout] ep 57 (heldout_058): steps=4 success=True
[hybrid-rollout] ep 58 (heldout_059): steps=5 success=True
[hybrid-rollout] ep 59 (heldout_060): steps=6 success=True
[hybrid-rollout] ep 60 (heldout_061): steps=5 success=True
[hybrid-rollout] ep 61 (heldout_062): steps=6 success=True
[hybrid-rollout] ep 62 (heldout_063): steps=5 success=True
[hybrid-rollout] ep 63 (heldout_064): steps=4 success=True
[hybrid-rollout] ep 64 (heldout_065): steps=7 success=True
[hybrid-rollout] ep 65 (heldout_066): steps=6 success=True
[hybrid-rollout] ep 66 (heldout_067): steps=5 success=True
[hybrid-rollout] ep 67 (heldout_068): steps=4 success=True
[hybrid-rollout] ep 68 (heldout_069): steps=4 success=True
[hybrid-rollout] ep 69 (heldout_070): steps=60 success=False
[hybrid-rollout] ep 70 (heldout_071): steps=60 success=False
[hybrid-rollout] ep 71 (heldout_072): steps=5 success=True
[hybrid-rollout] ep 72 (heldout_073): steps=3 success=False
[hybrid-rollout] ep 73 (heldout_074): steps=4 success=True
[hybrid-rollout] ep 74 (heldout_075): steps=5 success=True
[hybrid-rollout] ep 75 (heldout_076): steps=60 success=False
[hybrid-rollout] ep 76 (heldout_077): steps=4 success=True
[hybrid-rollout] ep 77 (heldout_078): steps=6 success=True
[hybrid-rollout] ep 78 (heldout_079): steps=4 success=True
[hybrid-rollout] ep 79 (heldout_080): steps=4 success=True
[hybrid-rollout] ep 80 (heldout_081): steps=5 success=True
[hybrid-rollout] ep 81 (heldout_082): steps=5 success=True
[hybrid-rollout] ep 82 (heldout_083): steps=4 success=True
[hybrid-rollout] ep 83 (heldout_084): steps=60 success=False
[hybrid-rollout] ep 84 (heldout_085): steps=60 success=False
[hybrid-rollout] ep 85 (heldout_086): steps=60 success=False
[hybrid-rollout] ep 86 (heldout_087): steps=7 success=True
[hybrid-rollout] ep 87 (heldout_088): steps=4 success=True
[hybrid-rollout] ep 88 (heldout_089): steps=3 success=False
[hybrid-rollout] ep 89 (heldout_090): steps=4 success=True
[hybrid-rollout] ep 90 (heldout_091): steps=4 success=False
[hybrid-rollout] ep 91 (heldout_092): steps=5 success=True
[hybrid-rollout] ep 92 (heldout_093): steps=1 success=False
[hybrid-rollout] ep 93 (heldout_094): steps=6 success=True
[hybrid-rollout] ep 94 (heldout_095): steps=7 success=True
[hybrid-rollout] ep 95 (heldout_096): steps=60 success=False
[hybrid-rollout] ep 96 (heldout_097): steps=5 success=True
[hybrid-rollout] ep 97 (heldout_098): steps=5 success=True
[hybrid-rollout] ep 98 (heldout_099): steps=6 success=True
[hybrid-rollout] ep 99 (heldout_100): steps=8 success=True
[hybrid-rollout] ep 100 (heldout_101): steps=4 success=True
[hybrid-rollout] ep 101 (heldout_102): steps=4 success=True
[hybrid-rollout] ep 102 (heldout_103): steps=4 success=True
[hybrid-rollout] ep 103 (heldout_104): steps=6 success=True
[hybrid-rollout] ep 104 (heldout_105): steps=6 success=True
[hybrid-rollout] ep 105 (heldout_106): steps=60 success=False
[hybrid-rollout] ep 106 (heldout_107): steps=4 success=True
[hybrid-rollout] ep 107 (heldout_108): steps=4 success=True
[hybrid-rollout] ep 108 (heldout_109): steps=4 success=True
[hybrid-rollout] ep 109 (heldout_110): steps=60 success=False
[hybrid-rollout] ep 110 (heldout_111): steps=60 success=False
[hybrid-rollout] ep 111 (heldout_112): steps=5 success=True
[hybrid-rollout] ep 112 (heldout_113): steps=7 success=True
[hybrid-rollout] ep 113 (heldout_114): steps=4 success=True
[hybrid-rollout] ep 114 (heldout_115): steps=4 success=True
[hybrid-rollout] ep 115 (heldout_116): steps=60 success=False
[hybrid-rollout] ep 116 (heldout_117): steps=7 success=True
[hybrid-rollout] ep 117 (heldout_118): steps=60 success=False
[hybrid-rollout] ep 118 (heldout_119): steps=60 success=False
[hybrid-rollout] ep 119 (heldout_120): steps=7 success=True
[hybrid-rollout] ep 120 (heldout_121): steps=4 success=True
[hybrid-rollout] ep 121 (heldout_122): steps=4 success=True
[hybrid-rollout] ep 122 (heldout_123): steps=6 success=True
[hybrid-rollout] ep 123 (heldout_124): steps=60 success=False
[hybrid-rollout] ep 124 (heldout_125): steps=4 success=True
[hybrid-rollout] ep 125 (heldout_126): steps=4 success=True
[hybrid-rollout] ep 126 (heldout_127): steps=9 success=True
[hybrid-rollout] ep 127 (heldout_128): steps=9 success=True
[hybrid-rollout] ep 128 (heldout_129): steps=4 success=True
[hybrid-rollout] ep 129 (heldout_130): steps=6 success=True
[hybrid-rollout] ep 130 (heldout_131): steps=60 success=False
[hybrid-rollout] ep 131 (heldout_132): steps=4 success=True
[hybrid-rollout] ep 132 (heldout_133): steps=4 success=True
[hybrid-rollout] ep 133 (heldout_134): steps=60 success=False
[hybrid-rollout] ep 134 (heldout_135): steps=6 success=True
[hybrid-rollout] ep 135 (heldout_136): steps=5 success=True
[hybrid-rollout] ep 136 (heldout_137): steps=5 success=True
[hybrid-rollout] ep 137 (heldout_138): steps=4 success=True
[hybrid-rollout] ep 138 (heldout_139): steps=4 success=True
[hybrid-rollout] ep 139 (heldout_140): steps=5 success=True
[hybrid-rollout] ep 140 (heldout_141): steps=5 success=True
[hybrid-rollout] ep 141 (heldout_142): steps=4 success=True
[hybrid-rollout] ep 142 (heldout_143): steps=8 success=True
[hybrid-rollout] ep 143 (heldout_144): steps=4 success=True
[hybrid-rollout] ep 144 (heldout_145): steps=5 success=True
[hybrid-rollout] ep 145 (heldout_146): steps=7 success=True
[hybrid-rollout] ep 146 (heldout_147): steps=4 success=True
[hybrid-rollout] ep 147 (heldout_148): steps=5 success=True
[hybrid-rollout] ep 148 (heldout_149): steps=60 success=False
[hybrid-rollout] ep 149 (heldout_150): steps=4 success=True
[hybrid-rollout] ep 150 (heldout_151): steps=5 success=True
[hybrid-rollout] ep 151 (heldout_152): steps=6 success=True
[hybrid-rollout] ep 152 (heldout_153): steps=5 success=True
[hybrid-rollout] ep 153 (heldout_154): steps=7 success=True
[hybrid-rollout] ep 154 (heldout_155): steps=60 success=False
[hybrid-rollout] ep 155 (heldout_156): steps=4 success=False
[hybrid-rollout] ep 156 (heldout_157): steps=4 success=True
[hybrid-rollout] ep 157 (heldout_158): steps=3 success=False
[hybrid-rollout] ep 158 (heldout_159): steps=6 success=True
[hybrid-rollout] ep 159 (heldout_160): steps=4 success=True
[hybrid-rollout] ep 160 (heldout_161): steps=60 success=False
[hybrid-rollout] ep 161 (heldout_162): steps=5 success=True
[hybrid-rollout] ep 162 (heldout_163): steps=4 success=True
[hybrid-rollout] ep 163 (heldout_164): steps=6 success=True
[hybrid-rollout] ep 164 (heldout_165): steps=5 success=True
[hybrid-rollout] ep 165 (heldout_166): steps=4 success=True
[hybrid-rollout] ep 166 (heldout_167): steps=4 success=True
[hybrid-rollout] ep 167 (heldout_168): steps=4 success=True
[hybrid-rollout] ep 168 (heldout_169): steps=6 success=True
[hybrid-rollout] ep 169 (heldout_170): steps=6 success=True
[hybrid-rollout] ep 170 (heldout_171): steps=4 success=True
[hybrid-rollout] ep 171 (heldout_172): steps=5 success=True
[hybrid-rollout] ep 172 (heldout_173): steps=4 success=True
[hybrid-rollout] ep 173 (heldout_174): steps=60 success=False
[hybrid-rollout] ep 174 (heldout_175): steps=7 success=True
[hybrid-rollout] ep 175 (heldout_176): steps=60 success=False
[hybrid-rollout] ep 176 (heldout_177): steps=6 success=True
[hybrid-rollout] ep 177 (heldout_178): steps=5 success=True
[hybrid-rollout] ep 178 (heldout_179): steps=5 success=True
[hybrid-rollout] ep 179 (heldout_180): steps=4 success=True
[hybrid-rollout] ep 180 (heldout_181): steps=5 success=True
[hybrid-rollout] ep 181 (heldout_182): steps=4 success=True
[hybrid-rollout] ep 182 (heldout_183): steps=5 success=True
[hybrid-rollout] ep 183 (heldout_184): steps=7 success=True
[hybrid-rollout] ep 184 (heldout_185): steps=5 success=True
[hybrid-rollout] ep 185 (heldout_186): steps=4 success=True
[hybrid-rollout] ep 186 (heldout_187): steps=1 success=False
[hybrid-rollout] ep 187 (heldout_188): steps=5 success=True
[hybrid-rollout] ep 188 (heldout_189): steps=5 success=True
[hybrid-rollout] ep 189 (heldout_190): steps=7 success=True
[hybrid-rollout] ep 190 (heldout_191): steps=6 success=True
[hybrid-rollout] ep 191 (heldout_192): steps=5 success=True
[hybrid-rollout] ep 192 (heldout_193): steps=7 success=True
[hybrid-rollout] ep 193 (heldout_194): steps=6 success=True
[hybrid-rollout] ep 194 (heldout_195): steps=5 success=True
[hybrid-rollout] ep 195 (heldout_196): steps=4 success=True
[hybrid-rollout] ep 196 (heldout_197): steps=5 success=True
[hybrid-rollout] ep 197 (heldout_198): steps=4 success=True
[hybrid-rollout] ep 198 (heldout_199): steps=4 success=True
[hybrid-rollout] ep 199 (heldout_200): steps=4 success=True
[hybrid-rollout] DONE successes=161/200
[13:10:41] [iil-baseline] round 5: heldout_sr=0.805

--------------------------------------------------------------------------------
SAFE_DAGGER ROUND 6  (remaining budget = 10)
--------------------------------------------------------------------------------
[13:10:45] [iil-baseline] round 6: pool=20 successes=15 failures=5 correction_sr=0.750
[13:10:45] [iil-baseline] round 6: picked=1 saved=1 cum_extras=6/15
[13:10:45] [iil-baseline] $ /home/s226137394/.conda/envs/maze/bin/python3 -u -m Equivariant_pathway.equivariant_CNN_hybrid.baseline_vs_p4.pool_x_selector.trainer.finetune_replay --demo_dir /weka/s226137394/DmNfull/Equivariant_pathway/equivariant_CNN_hybrid/baseline_vs_p4/pool_x_selector/results/run_2/safe_dagger/demos --checkpoint_dir /weka/s226137394/DmNfull/Equivariant_pathway/equivariant_CNN_hybrid/baseline_vs_p4/pool_x_selector/results/run_2/safe_dagger/checkpoints --epochs 90 --batch_size 64 --lr 5e-05 --weight_decay 0.0001 --replay_mix 0.5 --replay_mix_floor 0.2 --seed 2 --resume --new_demos_dir /weka/s226137394/DmNfull/Equivariant_pathway/equivariant_CNN_hybrid/baseline_vs_p4/pool_x_selector/results/run_2/safe_dagger/demos/round_006
[finetune_replay] device=cuda demo_dir=/weka/s226137394/DmNfull/Equivariant_pathway/equivariant_CNN_hybrid/baseline_vs_p4/pool_x_selector/results/run_2/safe_dagger/demos new_demos_dir=/weka/s226137394/DmNfull/Equivariant_pathway/equivariant_CNN_hybrid/baseline_vs_p4/pool_x_selector/results/run_2/safe_dagger/demos/round_006
[hybrid-dataset] 25 demos -> 129 samples
[hybrid-dataset] 1 demos -> 5 samples
[finetune_replay] sampler audit: {'n_old_samples': 129, 'n_new_samples': 5, 'replay_mix_target': 0.5, 'replay_mix_effective': 0.5, 'replay_mix_floor': 0.2}
[finetune_replay] trainable params: 1,400,028
[finetune_replay] WARM START from last_hybrid_policy.pth
[finetune_replay] ep   1/90 | train loss=0.3697 top1=0.934 | val loss=0.4335 | t=1.0s  *
[finetune_replay] ep   2/90 | train loss=0.1144 top1=0.967 | val loss=0.3242 | t=0.2s  *
[finetune_replay] ep   3/90 | train loss=0.1369 top1=0.959 | val loss=0.0187 | t=0.1s  *
[finetune_replay] ep   4/90 | train loss=0.0256 top1=1.000 | val loss=0.0348 | t=0.1s
[finetune_replay] ep   5/90 | train loss=0.0144 top1=1.000 | val loss=0.0323 | t=0.3s
[finetune_replay] ep   6/90 | train loss=0.0033 top1=1.000 | val loss=0.0455 | t=0.1s
[finetune_replay] ep   7/90 | train loss=0.0022 top1=1.000 | val loss=0.0852 | t=0.2s
[finetune_replay] ep   8/90 | train loss=0.0010 top1=1.000 | val loss=0.1374 | t=0.1s
[finetune_replay] ep   9/90 | train loss=0.0231 top1=0.992 | val loss=0.1196 | t=0.2s
[finetune_replay] ep  10/90 | train loss=0.0192 top1=0.992 | val loss=0.0222 | t=0.1s
[finetune_replay] ep  11/90 | train loss=0.0030 top1=1.000 | val loss=0.0050 | t=0.1s  *
[finetune_replay] ep  12/90 | train loss=0.0189 top1=1.000 | val loss=0.0109 | t=0.1s
[finetune_replay] ep  13/90 | train loss=0.0035 top1=1.000 | val loss=0.0448 | t=0.1s
[finetune_replay] ep  14/90 | train loss=0.0015 top1=1.000 | val loss=0.1883 | t=0.1s
[finetune_replay] ep  15/90 | train loss=0.0105 top1=1.000 | val loss=0.1080 | t=0.1s
[finetune_replay] ep  16/90 | train loss=0.0031 top1=1.000 | val loss=0.0355 | t=0.1s
[finetune_replay] ep  17/90 | train loss=0.0017 top1=1.000 | val loss=0.0100 | t=0.1s
[finetune_replay] ep  18/90 | train loss=0.0035 top1=1.000 | val loss=0.0117 | t=0.1s
[finetune_replay] ep  19/90 | train loss=0.0021 top1=1.000 | val loss=0.0235 | t=0.1s
[finetune_replay] ep  20/90 | train loss=0.0015 top1=1.000 | val loss=0.0550 | t=0.1s
[finetune_replay] ep  21/90 | train loss=0.0008 top1=1.000 | val loss=0.0789 | t=0.1s
[finetune_replay] ep  22/90 | train loss=0.0014 top1=1.000 | val loss=0.0951 | t=0.1s
[finetune_replay] ep  23/90 | train loss=0.0013 top1=1.000 | val loss=0.0991 | t=0.1s
[finetune_replay] ep  24/90 | train loss=0.0009 top1=1.000 | val loss=0.0950 | t=0.1s
[finetune_replay] ep  25/90 | train loss=0.0013 top1=1.000 | val loss=0.0806 | t=0.1s
[finetune_replay] ep  26/90 | train loss=0.0009 top1=1.000 | val loss=0.0658 | t=0.1s
[finetune_replay] ep  27/90 | train loss=0.0009 top1=1.000 | val loss=0.0583 | t=0.1s
[finetune_replay] ep  28/90 | train loss=0.0008 top1=1.000 | val loss=0.0549 | t=0.1s
[finetune_replay] ep  29/90 | train loss=0.0006 top1=1.000 | val loss=0.0532 | t=0.1s
[finetune_replay] ep  30/90 | train loss=0.0007 top1=1.000 | val loss=0.0539 | t=0.1s
[finetune_replay] ep  31/90 | train loss=0.0006 top1=1.000 | val loss=0.0550 | t=0.1s
[finetune_replay] ep  32/90 | train loss=0.0007 top1=1.000 | val loss=0.0573 | t=0.1s
[finetune_replay] ep  33/90 | train loss=0.0010 top1=1.000 | val loss=0.0593 | t=0.1s
[finetune_replay] ep  34/90 | train loss=0.0008 top1=1.000 | val loss=0.0610 | t=0.1s
[finetune_replay] ep  35/90 | train loss=0.0007 top1=1.000 | val loss=0.0654 | t=0.1s
[finetune_replay] ep  36/90 | train loss=0.0008 top1=1.000 | val loss=0.0705 | t=0.1s
[finetune_replay] ep  37/90 | train loss=0.0006 top1=1.000 | val loss=0.0714 | t=0.1s
[finetune_replay] ep  38/90 | train loss=0.0007 top1=1.000 | val loss=0.0711 | t=0.1s
[finetune_replay] ep  39/90 | train loss=0.0008 top1=1.000 | val loss=0.0707 | t=0.1s
[finetune_replay] ep  40/90 | train loss=0.0006 top1=1.000 | val loss=0.0684 | t=0.2s
[finetune_replay] ep  41/90 | train loss=0.0006 top1=1.000 | val loss=0.0663 | t=0.1s
[finetune_replay] ep  42/90 | train loss=0.0008 top1=1.000 | val loss=0.0649 | t=0.1s
[finetune_replay] ep  43/90 | train loss=0.0008 top1=1.000 | val loss=0.0639 | t=0.1s
[finetune_replay] ep  44/90 | train loss=0.0006 top1=1.000 | val loss=0.0635 | t=0.1s
[finetune_replay] ep  45/90 | train loss=0.0006 top1=1.000 | val loss=0.0646 | t=0.1s
[finetune_replay] ep  46/90 | train loss=0.0007 top1=1.000 | val loss=0.0645 | t=0.1s
[finetune_replay] ep  47/90 | train loss=0.0006 top1=1.000 | val loss=0.0646 | t=0.1s
[finetune_replay] ep  48/90 | train loss=0.0007 top1=1.000 | val loss=0.0638 | t=0.1s
[finetune_replay] ep  49/90 | train loss=0.0007 top1=1.000 | val loss=0.0628 | t=0.1s
[finetune_replay] ep  50/90 | train loss=0.0005 top1=1.000 | val loss=0.0616 | t=0.1s
[finetune_replay] ep  51/90 | train loss=0.0006 top1=1.000 | val loss=0.0621 | t=0.1s
[finetune_replay] ep  52/90 | train loss=0.0007 top1=1.000 | val loss=0.0624 | t=0.1s
[finetune_replay] ep  53/90 | train loss=0.0007 top1=1.000 | val loss=0.0657 | t=0.1s
[finetune_replay] ep  54/90 | train loss=0.0008 top1=1.000 | val loss=0.0668 | t=0.1s
[finetune_replay] ep  55/90 | train loss=0.0005 top1=1.000 | val loss=0.0680 | t=0.1s
[finetune_replay] ep  56/90 | train loss=0.0005 top1=1.000 | val loss=0.0684 | t=0.1s
[finetune_replay] ep  57/90 | train loss=0.0007 top1=1.000 | val loss=0.0700 | t=0.1s
[finetune_replay] ep  58/90 | train loss=0.0005 top1=1.000 | val loss=0.0707 | t=0.1s
[finetune_replay] ep  59/90 | train loss=0.0008 top1=1.000 | val loss=0.0703 | t=0.1s
[finetune_replay] ep  60/90 | train loss=0.0008 top1=1.000 | val loss=0.0695 | t=0.1s
[finetune_replay] ep  61/90 | train loss=0.0004 top1=1.000 | val loss=0.0688 | t=0.2s
[finetune_replay] ep  62/90 | train loss=0.0006 top1=1.000 | val loss=0.0682 | t=0.1s
[finetune_replay] ep  63/90 | train loss=0.0005 top1=1.000 | val loss=0.0684 | t=0.1s
[finetune_replay] ep  64/90 | train loss=0.0006 top1=1.000 | val loss=0.0682 | t=0.2s
[finetune_replay] ep  65/90 | train loss=0.0007 top1=1.000 | val loss=0.0678 | t=0.1s
[finetune_replay] ep  66/90 | train loss=0.0006 top1=1.000 | val loss=0.0683 | t=0.1s
[finetune_replay] ep  67/90 | train loss=0.0005 top1=1.000 | val loss=0.0684 | t=0.1s
[finetune_replay] ep  68/90 | train loss=0.0006 top1=1.000 | val loss=0.0694 | t=0.1s
[finetune_replay] ep  69/90 | train loss=0.0007 top1=1.000 | val loss=0.0692 | t=0.1s
[finetune_replay] ep  70/90 | train loss=0.0006 top1=1.000 | val loss=0.0684 | t=0.1s
[finetune_replay] ep  71/90 | train loss=0.0006 top1=1.000 | val loss=0.0682 | t=0.1s
[finetune_replay] ep  72/90 | train loss=0.0007 top1=1.000 | val loss=0.0686 | t=0.1s
[finetune_replay] ep  73/90 | train loss=0.0006 top1=1.000 | val loss=0.0676 | t=0.1s
[finetune_replay] ep  74/90 | train loss=0.0004 top1=1.000 | val loss=0.0679 | t=0.1s
[finetune_replay] ep  75/90 | train loss=0.0006 top1=1.000 | val loss=0.0680 | t=0.1s
[finetune_replay] ep  76/90 | train loss=0.0006 top1=1.000 | val loss=0.0671 | t=0.1s
[finetune_replay] ep  77/90 | train loss=0.0006 top1=1.000 | val loss=0.0670 | t=0.1s
[finetune_replay] ep  78/90 | train loss=0.0007 top1=1.000 | val loss=0.0667 | t=0.1s
[finetune_replay] ep  79/90 | train loss=0.0006 top1=1.000 | val loss=0.0662 | t=0.1s
[finetune_replay] ep  80/90 | train loss=0.0005 top1=1.000 | val loss=0.0661 | t=0.1s
[finetune_replay] ep  81/90 | train loss=0.0006 top1=1.000 | val loss=0.0665 | t=0.1s
[finetune_replay] ep  82/90 | train loss=0.0005 top1=1.000 | val loss=0.0668 | t=0.1s
[finetune_replay] ep  83/90 | train loss=0.0006 top1=1.000 | val loss=0.0672 | t=0.1s
[finetune_replay] ep  84/90 | train loss=0.0005 top1=1.000 | val loss=0.0673 | t=0.1s
[finetune_replay] ep  85/90 | train loss=0.0006 top1=1.000 | val loss=0.0670 | t=0.1s
[finetune_replay] ep  86/90 | train loss=0.0005 top1=1.000 | val loss=0.0665 | t=0.1s
[finetune_replay] ep  87/90 | train loss=0.0005 top1=1.000 | val loss=0.0676 | t=0.1s
[finetune_replay] ep  88/90 | train loss=0.0005 top1=1.000 | val loss=0.0679 | t=0.1s
[finetune_replay] ep  89/90 | train loss=0.0006 top1=1.000 | val loss=0.0675 | t=0.1s
[finetune_replay] ep  90/90 | train loss=0.0005 top1=1.000 | val loss=0.0673 | t=0.1s
[finetune_replay] DONE best_val_loss=0.0050 @ epoch 11
[13:11:12] [bo-budget] $ /home/s226137394/.conda/envs/maze/bin/python3 -u -m Equivariant_pathway.equivariant_CNN_hybrid.rollout_test --checkpoint /weka/s226137394/DmNfull/Equivariant_pathway/equivariant_CNN_hybrid/baseline_vs_p4/pool_x_selector/results/run_2/safe_dagger/checkpoints/best_hybrid_policy.pth --layouts /weka/s226137394/DmNfull/Equivariant_pathway/equivariant_CNN_hybrid/baseline_vs_p4/shared/heldout_layouts.yaml --out_dir /weka/s226137394/DmNfull/Equivariant_pathway/equivariant_CNN_hybrid/baseline_vs_p4/pool_x_selector/results/run_2/safe_dagger/results/eval_round_006 --seed 8 --max_steps 60
[hybrid-rollout] 200 unique; running 200 eps
[hybrid-rollout] loaded /weka/s226137394/DmNfull/Equivariant_pathway/equivariant_CNN_hybrid/baseline_vs_p4/pool_x_selector/results/run_2/safe_dagger/checkpoints/best_hybrid_policy.pth
[hybrid-rollout] ep 0 (heldout_001): steps=5 success=True
[hybrid-rollout] ep 1 (heldout_002): steps=4 success=True
[hybrid-rollout] ep 2 (heldout_003): steps=4 success=True
[hybrid-rollout] ep 3 (heldout_004): steps=60 success=False
[hybrid-rollout] ep 4 (heldout_005): steps=5 success=True
[hybrid-rollout] ep 5 (heldout_006): steps=6 success=True
[hybrid-rollout] ep 6 (heldout_007): steps=3 success=False
[hybrid-rollout] ep 7 (heldout_008): steps=4 success=True
[hybrid-rollout] ep 8 (heldout_009): steps=60 success=False
[hybrid-rollout] ep 9 (heldout_010): steps=60 success=False
[hybrid-rollout] ep 10 (heldout_011): steps=4 success=True
[hybrid-rollout] ep 11 (heldout_012): steps=4 success=True
[hybrid-rollout] ep 12 (heldout_013): steps=60 success=False
[hybrid-rollout] ep 13 (heldout_014): steps=5 success=True
[hybrid-rollout] ep 14 (heldout_015): steps=4 success=True
[hybrid-rollout] ep 15 (heldout_016): steps=1 success=False
[hybrid-rollout] ep 16 (heldout_017): steps=60 success=False
[hybrid-rollout] ep 17 (heldout_018): steps=2 success=False
[hybrid-rollout] ep 18 (heldout_019): steps=60 success=False
[hybrid-rollout] ep 19 (heldout_020): steps=5 success=True
[hybrid-rollout] ep 20 (heldout_021): steps=4 success=True
[hybrid-rollout] ep 21 (heldout_022): steps=4 success=True
[hybrid-rollout] ep 22 (heldout_023): steps=7 success=True
[hybrid-rollout] ep 23 (heldout_024): steps=60 success=False
[hybrid-rollout] ep 24 (heldout_025): steps=4 success=True
[hybrid-rollout] ep 25 (heldout_026): steps=4 success=True
[hybrid-rollout] ep 26 (heldout_027): steps=4 success=True
[hybrid-rollout] ep 27 (heldout_028): steps=4 success=True
[hybrid-rollout] ep 28 (heldout_029): steps=7 success=True
[hybrid-rollout] ep 29 (heldout_030): steps=60 success=False
[hybrid-rollout] ep 30 (heldout_031): steps=5 success=True
[hybrid-rollout] ep 31 (heldout_032): steps=5 success=True
[hybrid-rollout] ep 32 (heldout_033): steps=4 success=True
[hybrid-rollout] ep 33 (heldout_034): steps=5 success=True
[hybrid-rollout] ep 34 (heldout_035): steps=6 success=True
[hybrid-rollout] ep 35 (heldout_036): steps=5 success=True
[hybrid-rollout] ep 36 (heldout_037): steps=4 success=True
[hybrid-rollout] ep 37 (heldout_038): steps=5 success=True
[hybrid-rollout] ep 38 (heldout_039): steps=6 success=True
[hybrid-rollout] ep 39 (heldout_040): steps=5 success=True
[hybrid-rollout] ep 40 (heldout_041): steps=60 success=False
[hybrid-rollout] ep 41 (heldout_042): steps=4 success=True
[hybrid-rollout] ep 42 (heldout_043): steps=4 success=True
[hybrid-rollout] ep 43 (heldout_044): steps=5 success=True
[hybrid-rollout] ep 44 (heldout_045): steps=9 success=True
[hybrid-rollout] ep 45 (heldout_046): steps=4 success=True
[hybrid-rollout] ep 46 (heldout_047): steps=3 success=False
[hybrid-rollout] ep 47 (heldout_048): steps=6 success=True
[hybrid-rollout] ep 48 (heldout_049): steps=5 success=True
[hybrid-rollout] ep 49 (heldout_050): steps=4 success=True
[hybrid-rollout] ep 50 (heldout_051): steps=4 success=True
[hybrid-rollout] ep 51 (heldout_052): steps=4 success=True
[hybrid-rollout] ep 52 (heldout_053): steps=60 success=False
[hybrid-rollout] ep 53 (heldout_054): steps=4 success=True
[hybrid-rollout] ep 54 (heldout_055): steps=60 success=False
[hybrid-rollout] ep 55 (heldout_056): steps=4 success=True
[hybrid-rollout] ep 56 (heldout_057): steps=4 success=True
[hybrid-rollout] ep 57 (heldout_058): steps=4 success=True
[hybrid-rollout] ep 58 (heldout_059): steps=5 success=True
[hybrid-rollout] ep 59 (heldout_060): steps=6 success=True
[hybrid-rollout] ep 60 (heldout_061): steps=5 success=True
[hybrid-rollout] ep 61 (heldout_062): steps=6 success=True
[hybrid-rollout] ep 62 (heldout_063): steps=5 success=True
[hybrid-rollout] ep 63 (heldout_064): steps=1 success=False
[hybrid-rollout] ep 64 (heldout_065): steps=7 success=True
[hybrid-rollout] ep 65 (heldout_066): steps=6 success=True
[hybrid-rollout] ep 66 (heldout_067): steps=1 success=False
[hybrid-rollout] ep 67 (heldout_068): steps=4 success=True
[hybrid-rollout] ep 68 (heldout_069): steps=4 success=True
[hybrid-rollout] ep 69 (heldout_070): steps=60 success=False
[hybrid-rollout] ep 70 (heldout_071): steps=5 success=True
[hybrid-rollout] ep 71 (heldout_072): steps=5 success=True
[hybrid-rollout] ep 72 (heldout_073): steps=3 success=False
[hybrid-rollout] ep 73 (heldout_074): steps=4 success=True
[hybrid-rollout] ep 74 (heldout_075): steps=5 success=True
[hybrid-rollout] ep 75 (heldout_076): steps=7 success=True
[hybrid-rollout] ep 76 (heldout_077): steps=4 success=True
[hybrid-rollout] ep 77 (heldout_078): steps=6 success=True
[hybrid-rollout] ep 78 (heldout_079): steps=4 success=True
[hybrid-rollout] ep 79 (heldout_080): steps=4 success=True
[hybrid-rollout] ep 80 (heldout_081): steps=5 success=True
[hybrid-rollout] ep 81 (heldout_082): steps=5 success=True
[hybrid-rollout] ep 82 (heldout_083): steps=4 success=True
[hybrid-rollout] ep 83 (heldout_084): steps=60 success=False
[hybrid-rollout] ep 84 (heldout_085): steps=60 success=False
[hybrid-rollout] ep 85 (heldout_086): steps=6 success=True
[hybrid-rollout] ep 86 (heldout_087): steps=5 success=True
[hybrid-rollout] ep 87 (heldout_088): steps=4 success=True
[hybrid-rollout] ep 88 (heldout_089): steps=3 success=False
[hybrid-rollout] ep 89 (heldout_090): steps=4 success=True
[hybrid-rollout] ep 90 (heldout_091): steps=4 success=False
[hybrid-rollout] ep 91 (heldout_092): steps=5 success=True
[hybrid-rollout] ep 92 (heldout_093): steps=1 success=False
[hybrid-rollout] ep 93 (heldout_094): steps=6 success=True
[hybrid-rollout] ep 94 (heldout_095): steps=7 success=True
[hybrid-rollout] ep 95 (heldout_096): steps=5 success=True
[hybrid-rollout] ep 96 (heldout_097): steps=5 success=True
[hybrid-rollout] ep 97 (heldout_098): steps=5 success=True
[hybrid-rollout] ep 98 (heldout_099): steps=60 success=False
[hybrid-rollout] ep 99 (heldout_100): steps=8 success=True
[hybrid-rollout] ep 100 (heldout_101): steps=4 success=True
[hybrid-rollout] ep 101 (heldout_102): steps=4 success=True
[hybrid-rollout] ep 102 (heldout_103): steps=4 success=True
[hybrid-rollout] ep 103 (heldout_104): steps=1 success=False
[hybrid-rollout] ep 104 (heldout_105): steps=4 success=True
[hybrid-rollout] ep 105 (heldout_106): steps=6 success=True
[hybrid-rollout] ep 106 (heldout_107): steps=4 success=True
[hybrid-rollout] ep 107 (heldout_108): steps=60 success=False
[hybrid-rollout] ep 108 (heldout_109): steps=4 success=True
[hybrid-rollout] ep 109 (heldout_110): steps=60 success=False
[hybrid-rollout] ep 110 (heldout_111): steps=5 success=False
[hybrid-rollout] ep 111 (heldout_112): steps=5 success=True
[hybrid-rollout] ep 112 (heldout_113): steps=5 success=True
[hybrid-rollout] ep 113 (heldout_114): steps=60 success=False
[hybrid-rollout] ep 114 (heldout_115): steps=60 success=False
[hybrid-rollout] ep 115 (heldout_116): steps=5 success=True
[hybrid-rollout] ep 116 (heldout_117): steps=7 success=True
[hybrid-rollout] ep 117 (heldout_118): steps=60 success=False
[hybrid-rollout] ep 118 (heldout_119): steps=60 success=False
[hybrid-rollout] ep 119 (heldout_120): steps=7 success=True
[hybrid-rollout] ep 120 (heldout_121): steps=60 success=False
[hybrid-rollout] ep 121 (heldout_122): steps=4 success=True
[hybrid-rollout] ep 122 (heldout_123): steps=6 success=True
[hybrid-rollout] ep 123 (heldout_124): steps=60 success=False
[hybrid-rollout] ep 124 (heldout_125): steps=4 success=True
[hybrid-rollout] ep 125 (heldout_126): steps=4 success=True
[hybrid-rollout] ep 126 (heldout_127): steps=2 success=False
[hybrid-rollout] ep 127 (heldout_128): steps=7 success=True
[hybrid-rollout] ep 128 (heldout_129): steps=60 success=False
[hybrid-rollout] ep 129 (heldout_130): steps=4 success=True
[hybrid-rollout] ep 130 (heldout_131): steps=60 success=False
[hybrid-rollout] ep 131 (heldout_132): steps=4 success=True
[hybrid-rollout] ep 132 (heldout_133): steps=4 success=True
[hybrid-rollout] ep 133 (heldout_134): steps=60 success=False
[hybrid-rollout] ep 134 (heldout_135): steps=6 success=True
[hybrid-rollout] ep 135 (heldout_136): steps=5 success=True
[hybrid-rollout] ep 136 (heldout_137): steps=5 success=True
[hybrid-rollout] ep 137 (heldout_138): steps=4 success=True
[hybrid-rollout] ep 138 (heldout_139): steps=4 success=True
[hybrid-rollout] ep 139 (heldout_140): steps=5 success=True
[hybrid-rollout] ep 140 (heldout_141): steps=5 success=True
[hybrid-rollout] ep 141 (heldout_142): steps=4 success=True
[hybrid-rollout] ep 142 (heldout_143): steps=60 success=False
[hybrid-rollout] ep 143 (heldout_144): steps=4 success=True
[hybrid-rollout] ep 144 (heldout_145): steps=5 success=True
[hybrid-rollout] ep 145 (heldout_146): steps=7 success=True
[hybrid-rollout] ep 146 (heldout_147): steps=4 success=True
[hybrid-rollout] ep 147 (heldout_148): steps=60 success=False
[hybrid-rollout] ep 148 (heldout_149): steps=60 success=False
[hybrid-rollout] ep 149 (heldout_150): steps=4 success=True
[hybrid-rollout] ep 150 (heldout_151): steps=5 success=True
[hybrid-rollout] ep 151 (heldout_152): steps=6 success=True
[hybrid-rollout] ep 152 (heldout_153): steps=5 success=True
[hybrid-rollout] ep 153 (heldout_154): steps=60 success=False
[hybrid-rollout] ep 154 (heldout_155): steps=6 success=True
[hybrid-rollout] ep 155 (heldout_156): steps=60 success=False
[hybrid-rollout] ep 156 (heldout_157): steps=4 success=True
[hybrid-rollout] ep 157 (heldout_158): steps=3 success=False
[hybrid-rollout] ep 158 (heldout_159): steps=6 success=True
[hybrid-rollout] ep 159 (heldout_160): steps=60 success=False
[hybrid-rollout] ep 160 (heldout_161): steps=5 success=True
[hybrid-rollout] ep 161 (heldout_162): steps=5 success=True
[hybrid-rollout] ep 162 (heldout_163): steps=4 success=True
[hybrid-rollout] ep 163 (heldout_164): steps=4 success=True
[hybrid-rollout] ep 164 (heldout_165): steps=5 success=True
[hybrid-rollout] ep 165 (heldout_166): steps=60 success=False
[hybrid-rollout] ep 166 (heldout_167): steps=60 success=False
[hybrid-rollout] ep 167 (heldout_168): steps=4 success=True
[hybrid-rollout] ep 168 (heldout_169): steps=60 success=False
[hybrid-rollout] ep 169 (heldout_170): steps=6 success=True
[hybrid-rollout] ep 170 (heldout_171): steps=4 success=True
[hybrid-rollout] ep 171 (heldout_172): steps=5 success=True
[hybrid-rollout] ep 172 (heldout_173): steps=4 success=True
[hybrid-rollout] ep 173 (heldout_174): steps=60 success=False
[hybrid-rollout] ep 174 (heldout_175): steps=5 success=True
[hybrid-rollout] ep 175 (heldout_176): steps=6 success=True
[hybrid-rollout] ep 176 (heldout_177): steps=6 success=True
[hybrid-rollout] ep 177 (heldout_178): steps=1 success=False
[hybrid-rollout] ep 178 (heldout_179): steps=5 success=True
[hybrid-rollout] ep 179 (heldout_180): steps=60 success=False
[hybrid-rollout] ep 180 (heldout_181): steps=5 success=True
[hybrid-rollout] ep 181 (heldout_182): steps=4 success=True
[hybrid-rollout] ep 182 (heldout_183): steps=60 success=False
[hybrid-rollout] ep 183 (heldout_184): steps=7 success=True
[hybrid-rollout] ep 184 (heldout_185): steps=60 success=False
[hybrid-rollout] ep 185 (heldout_186): steps=4 success=True
[hybrid-rollout] ep 186 (heldout_187): steps=5 success=True
[hybrid-rollout] ep 187 (heldout_188): steps=5 success=True
[hybrid-rollout] ep 188 (heldout_189): steps=5 success=True
[hybrid-rollout] ep 189 (heldout_190): steps=7 success=True
[hybrid-rollout] ep 190 (heldout_191): steps=4 success=True
[hybrid-rollout] ep 191 (heldout_192): steps=5 success=True
[hybrid-rollout] ep 192 (heldout_193): steps=60 success=False
[hybrid-rollout] ep 193 (heldout_194): steps=60 success=False
[hybrid-rollout] ep 194 (heldout_195): steps=5 success=True
[hybrid-rollout] ep 195 (heldout_196): steps=4 success=True
[hybrid-rollout] ep 196 (heldout_197): steps=5 success=True
[hybrid-rollout] ep 197 (heldout_198): steps=60 success=False
[hybrid-rollout] ep 198 (heldout_199): steps=4 success=True
[hybrid-rollout] ep 199 (heldout_200): steps=4 success=True
[hybrid-rollout] DONE successes=143/200
[13:12:50] [iil-baseline] round 6: heldout_sr=0.715

--------------------------------------------------------------------------------
SAFE_DAGGER ROUND 7  (remaining budget = 9)
--------------------------------------------------------------------------------
[13:12:53] [iil-baseline] round 7: pool=20 successes=15 failures=5 correction_sr=0.750
[13:12:54] [iil-baseline] round 7: picked=1 saved=1 cum_extras=7/15
[13:12:54] [iil-baseline] $ /home/s226137394/.conda/envs/maze/bin/python3 -u -m Equivariant_pathway.equivariant_CNN_hybrid.baseline_vs_p4.pool_x_selector.trainer.finetune_replay --demo_dir /weka/s226137394/DmNfull/Equivariant_pathway/equivariant_CNN_hybrid/baseline_vs_p4/pool_x_selector/results/run_2/safe_dagger/demos --checkpoint_dir /weka/s226137394/DmNfull/Equivariant_pathway/equivariant_CNN_hybrid/baseline_vs_p4/pool_x_selector/results/run_2/safe_dagger/checkpoints --epochs 90 --batch_size 64 --lr 5e-05 --weight_decay 0.0001 --replay_mix 0.5 --replay_mix_floor 0.2 --seed 2 --resume --new_demos_dir /weka/s226137394/DmNfull/Equivariant_pathway/equivariant_CNN_hybrid/baseline_vs_p4/pool_x_selector/results/run_2/safe_dagger/demos/round_007
[finetune_replay] device=cuda demo_dir=/weka/s226137394/DmNfull/Equivariant_pathway/equivariant_CNN_hybrid/baseline_vs_p4/pool_x_selector/results/run_2/safe_dagger/demos new_demos_dir=/weka/s226137394/DmNfull/Equivariant_pathway/equivariant_CNN_hybrid/baseline_vs_p4/pool_x_selector/results/run_2/safe_dagger/demos/round_007
[hybrid-dataset] 26 demos -> 134 samples
[hybrid-dataset] 1 demos -> 5 samples
[finetune_replay] sampler audit: {'n_old_samples': 134, 'n_new_samples': 5, 'replay_mix_target': 0.5, 'replay_mix_effective': 0.5, 'replay_mix_floor': 0.2}
[finetune_replay] trainable params: 1,400,028
[finetune_replay] WARM START from last_hybrid_policy.pth
[finetune_replay] ep   1/90 | train loss=0.0190 top1=1.000 | val loss=0.0340 | t=1.2s  *
[finetune_replay] ep   2/90 | train loss=0.0318 top1=1.000 | val loss=0.0050 | t=0.1s  *
[finetune_replay] ep   3/90 | train loss=0.0066 top1=1.000 | val loss=0.0024 | t=0.2s  *
[finetune_replay] ep   4/90 | train loss=0.0072 top1=1.000 | val loss=0.0028 | t=0.1s
[finetune_replay] ep   5/90 | train loss=0.0031 top1=1.000 | val loss=0.0030 | t=0.1s
[finetune_replay] ep   6/90 | train loss=0.0012 top1=1.000 | val loss=0.0042 | t=0.1s
[finetune_replay] ep   7/90 | train loss=0.0022 top1=1.000 | val loss=0.0055 | t=0.1s
[finetune_replay] ep   8/90 | train loss=0.0028 top1=1.000 | val loss=0.0072 | t=0.1s
[finetune_replay] ep   9/90 | train loss=0.0024 top1=1.000 | val loss=0.0044 | t=0.1s
[finetune_replay] ep  10/90 | train loss=0.0015 top1=1.000 | val loss=0.0051 | t=0.1s
[finetune_replay] ep  11/90 | train loss=0.0011 top1=1.000 | val loss=0.0057 | t=0.1s
[finetune_replay] ep  12/90 | train loss=0.0012 top1=1.000 | val loss=0.0064 | t=0.1s
[finetune_replay] ep  13/90 | train loss=0.0013 top1=1.000 | val loss=0.0063 | t=0.1s
[finetune_replay] ep  14/90 | train loss=0.0011 top1=1.000 | val loss=0.0059 | t=0.1s
[finetune_replay] ep  15/90 | train loss=0.0012 top1=1.000 | val loss=0.0052 | t=0.1s
[finetune_replay] ep  16/90 | train loss=0.0008 top1=1.000 | val loss=0.0048 | t=0.1s
[finetune_replay] ep  17/90 | train loss=0.0008 top1=1.000 | val loss=0.0046 | t=0.1s
[finetune_replay] ep  18/90 | train loss=0.0007 top1=1.000 | val loss=0.0046 | t=0.1s
[finetune_replay] ep  19/90 | train loss=0.0011 top1=1.000 | val loss=0.0050 | t=0.1s
[finetune_replay] ep  20/90 | train loss=0.0010 top1=1.000 | val loss=0.0057 | t=0.1s
[finetune_replay] ep  21/90 | train loss=0.0008 top1=1.000 | val loss=0.0063 | t=0.1s
[finetune_replay] ep  22/90 | train loss=0.0008 top1=1.000 | val loss=0.0069 | t=0.1s
[finetune_replay] ep  23/90 | train loss=0.0007 top1=1.000 | val loss=0.0061 | t=0.1s
[finetune_replay] ep  24/90 | train loss=0.0006 top1=1.000 | val loss=0.0055 | t=0.1s
[finetune_replay] ep  25/90 | train loss=0.0006 top1=1.000 | val loss=0.0054 | t=0.1s
[finetune_replay] ep  26/90 | train loss=0.0007 top1=1.000 | val loss=0.0052 | t=0.2s
[finetune_replay] ep  27/90 | train loss=0.0006 top1=1.000 | val loss=0.0052 | t=0.1s
[finetune_replay] ep  28/90 | train loss=0.0005 top1=1.000 | val loss=0.0057 | t=0.1s
[finetune_replay] ep  29/90 | train loss=0.0007 top1=1.000 | val loss=0.0056 | t=0.2s
[finetune_replay] ep  30/90 | train loss=0.0006 top1=1.000 | val loss=0.0046 | t=0.1s
[finetune_replay] ep  31/90 | train loss=0.0006 top1=1.000 | val loss=0.0039 | t=0.1s
[finetune_replay] ep  32/90 | train loss=0.0007 top1=1.000 | val loss=0.0038 | t=0.1s
[finetune_replay] ep  33/90 | train loss=0.0006 top1=1.000 | val loss=0.0039 | t=0.1s
[finetune_replay] ep  34/90 | train loss=0.0005 top1=1.000 | val loss=0.0042 | t=0.1s
[finetune_replay] ep  35/90 | train loss=0.0006 top1=1.000 | val loss=0.0049 | t=0.1s
[finetune_replay] ep  36/90 | train loss=0.0005 top1=1.000 | val loss=0.0052 | t=0.1s
[finetune_replay] ep  37/90 | train loss=0.0006 top1=1.000 | val loss=0.0054 | t=0.1s
[finetune_replay] ep  38/90 | train loss=0.0008 top1=1.000 | val loss=0.0051 | t=0.1s
[finetune_replay] ep  39/90 | train loss=0.0006 top1=1.000 | val loss=0.0047 | t=0.1s
[finetune_replay] ep  40/90 | train loss=0.0006 top1=1.000 | val loss=0.0042 | t=0.1s
[finetune_replay] ep  41/90 | train loss=0.0006 top1=1.000 | val loss=0.0039 | t=0.1s
[finetune_replay] ep  42/90 | train loss=0.0005 top1=1.000 | val loss=0.0039 | t=0.1s
[finetune_replay] ep  43/90 | train loss=0.0004 top1=1.000 | val loss=0.0039 | t=0.1s
[finetune_replay] ep  44/90 | train loss=0.0005 top1=1.000 | val loss=0.0042 | t=0.1s
[finetune_replay] ep  45/90 | train loss=0.0005 top1=1.000 | val loss=0.0042 | t=0.1s
[finetune_replay] ep  46/90 | train loss=0.0005 top1=1.000 | val loss=0.0041 | t=0.1s
[finetune_replay] ep  47/90 | train loss=0.0005 top1=1.000 | val loss=0.0041 | t=0.1s
[finetune_replay] ep  48/90 | train loss=0.0005 top1=1.000 | val loss=0.0040 | t=0.1s
[finetune_replay] ep  49/90 | train loss=0.0004 top1=1.000 | val loss=0.0040 | t=0.1s
[finetune_replay] ep  50/90 | train loss=0.0006 top1=1.000 | val loss=0.0045 | t=0.1s
[finetune_replay] ep  51/90 | train loss=0.0005 top1=1.000 | val loss=0.0053 | t=0.1s
[finetune_replay] ep  52/90 | train loss=0.0005 top1=1.000 | val loss=0.0055 | t=0.1s
[finetune_replay] ep  53/90 | train loss=0.0005 top1=1.000 | val loss=0.0054 | t=0.1s
[finetune_replay] ep  54/90 | train loss=0.0005 top1=1.000 | val loss=0.0056 | t=0.1s
[finetune_replay] ep  55/90 | train loss=0.0005 top1=1.000 | val loss=0.0055 | t=0.1s
[finetune_replay] ep  56/90 | train loss=0.0005 top1=1.000 | val loss=0.0052 | t=0.1s
[finetune_replay] ep  57/90 | train loss=0.0005 top1=1.000 | val loss=0.0046 | t=0.1s
[finetune_replay] ep  58/90 | train loss=0.0004 top1=1.000 | val loss=0.0040 | t=0.1s
[finetune_replay] ep  59/90 | train loss=0.0005 top1=1.000 | val loss=0.0037 | t=0.1s
[finetune_replay] ep  60/90 | train loss=0.0005 top1=1.000 | val loss=0.0036 | t=0.1s
[finetune_replay] ep  61/90 | train loss=0.0004 top1=1.000 | val loss=0.0037 | t=0.1s
[finetune_replay] ep  62/90 | train loss=0.0005 top1=1.000 | val loss=0.0039 | t=0.1s
[finetune_replay] ep  63/90 | train loss=0.0005 top1=1.000 | val loss=0.0040 | t=0.1s
[finetune_replay] ep  64/90 | train loss=0.0005 top1=1.000 | val loss=0.0041 | t=0.1s
[finetune_replay] ep  65/90 | train loss=0.0005 top1=1.000 | val loss=0.0041 | t=0.1s
[finetune_replay] ep  66/90 | train loss=0.0005 top1=1.000 | val loss=0.0042 | t=0.1s
[finetune_replay] ep  67/90 | train loss=0.0004 top1=1.000 | val loss=0.0044 | t=0.1s
[finetune_replay] ep  68/90 | train loss=0.0005 top1=1.000 | val loss=0.0044 | t=0.1s
[finetune_replay] ep  69/90 | train loss=0.0005 top1=1.000 | val loss=0.0044 | t=0.1s
[finetune_replay] ep  70/90 | train loss=0.0004 top1=1.000 | val loss=0.0044 | t=0.1s
[finetune_replay] ep  71/90 | train loss=0.0005 top1=1.000 | val loss=0.0044 | t=0.1s
[finetune_replay] ep  72/90 | train loss=0.0004 top1=1.000 | val loss=0.0043 | t=0.1s
[finetune_replay] ep  73/90 | train loss=0.0004 top1=1.000 | val loss=0.0043 | t=0.1s
[finetune_replay] ep  74/90 | train loss=0.0004 top1=1.000 | val loss=0.0042 | t=0.1s
[finetune_replay] ep  75/90 | train loss=0.0005 top1=1.000 | val loss=0.0041 | t=0.1s
[finetune_replay] ep  76/90 | train loss=0.0004 top1=1.000 | val loss=0.0041 | t=0.1s
[finetune_replay] ep  77/90 | train loss=0.0005 top1=1.000 | val loss=0.0041 | t=0.1s
[finetune_replay] ep  78/90 | train loss=0.0005 top1=1.000 | val loss=0.0041 | t=0.1s
[finetune_replay] ep  79/90 | train loss=0.0004 top1=1.000 | val loss=0.0042 | t=0.1s
[finetune_replay] ep  80/90 | train loss=0.0004 top1=1.000 | val loss=0.0042 | t=0.1s
[finetune_replay] ep  81/90 | train loss=0.0004 top1=1.000 | val loss=0.0042 | t=0.1s
[finetune_replay] ep  82/90 | train loss=0.0003 top1=1.000 | val loss=0.0041 | t=0.1s
[finetune_replay] ep  83/90 | train loss=0.0006 top1=1.000 | val loss=0.0041 | t=0.1s
[finetune_replay] ep  84/90 | train loss=0.0004 top1=1.000 | val loss=0.0041 | t=0.1s
[finetune_replay] ep  85/90 | train loss=0.0004 top1=1.000 | val loss=0.0041 | t=0.1s
[finetune_replay] ep  86/90 | train loss=0.0004 top1=1.000 | val loss=0.0041 | t=0.1s
[finetune_replay] ep  87/90 | train loss=0.0004 top1=1.000 | val loss=0.0041 | t=0.1s
[finetune_replay] ep  88/90 | train loss=0.0004 top1=1.000 | val loss=0.0042 | t=0.1s
[finetune_replay] ep  89/90 | train loss=0.0004 top1=1.000 | val loss=0.0042 | t=0.1s
[finetune_replay] ep  90/90 | train loss=0.0004 top1=1.000 | val loss=0.0042 | t=0.1s
[finetune_replay] DONE best_val_loss=0.0024 @ epoch 3
[13:13:21] [bo-budget] $ /home/s226137394/.conda/envs/maze/bin/python3 -u -m Equivariant_pathway.equivariant_CNN_hybrid.rollout_test --checkpoint /weka/s226137394/DmNfull/Equivariant_pathway/equivariant_CNN_hybrid/baseline_vs_p4/pool_x_selector/results/run_2/safe_dagger/checkpoints/best_hybrid_policy.pth --layouts /weka/s226137394/DmNfull/Equivariant_pathway/equivariant_CNN_hybrid/baseline_vs_p4/shared/heldout_layouts.yaml --out_dir /weka/s226137394/DmNfull/Equivariant_pathway/equivariant_CNN_hybrid/baseline_vs_p4/pool_x_selector/results/run_2/safe_dagger/results/eval_round_007 --seed 9 --max_steps 60
[hybrid-rollout] 200 unique; running 200 eps
[hybrid-rollout] loaded /weka/s226137394/DmNfull/Equivariant_pathway/equivariant_CNN_hybrid/baseline_vs_p4/pool_x_selector/results/run_2/safe_dagger/checkpoints/best_hybrid_policy.pth
[hybrid-rollout] ep 0 (heldout_001): steps=5 success=True
[hybrid-rollout] ep 1 (heldout_002): steps=4 success=True
[hybrid-rollout] ep 2 (heldout_003): steps=4 success=True
[hybrid-rollout] ep 3 (heldout_004): steps=60 success=False
[hybrid-rollout] ep 4 (heldout_005): steps=5 success=True
[hybrid-rollout] ep 5 (heldout_006): steps=3 success=False
[hybrid-rollout] ep 6 (heldout_007): steps=5 success=True
[hybrid-rollout] ep 7 (heldout_008): steps=4 success=True
[hybrid-rollout] ep 8 (heldout_009): steps=6 success=True
[hybrid-rollout] ep 9 (heldout_010): steps=60 success=False
[hybrid-rollout] ep 10 (heldout_011): steps=4 success=True
[hybrid-rollout] ep 11 (heldout_012): steps=4 success=True
[hybrid-rollout] ep 12 (heldout_013): steps=60 success=False
[hybrid-rollout] ep 13 (heldout_014): steps=5 success=True
[hybrid-rollout] ep 14 (heldout_015): steps=4 success=True
[hybrid-rollout] ep 15 (heldout_016): steps=5 success=True
[hybrid-rollout] ep 16 (heldout_017): steps=4 success=True
[hybrid-rollout] ep 17 (heldout_018): steps=60 success=False
[hybrid-rollout] ep 18 (heldout_019): steps=60 success=False
[hybrid-rollout] ep 19 (heldout_020): steps=5 success=True
[hybrid-rollout] ep 20 (heldout_021): steps=4 success=True
[hybrid-rollout] ep 21 (heldout_022): steps=4 success=True
[hybrid-rollout] ep 22 (heldout_023): steps=7 success=True
[hybrid-rollout] ep 23 (heldout_024): steps=60 success=False
[hybrid-rollout] ep 24 (heldout_025): steps=4 success=True
[hybrid-rollout] ep 25 (heldout_026): steps=4 success=True
[hybrid-rollout] ep 26 (heldout_027): steps=4 success=True
[hybrid-rollout] ep 27 (heldout_028): steps=4 success=True
[hybrid-rollout] ep 28 (heldout_029): steps=5 success=True
[hybrid-rollout] ep 29 (heldout_030): steps=60 success=False
[hybrid-rollout] ep 30 (heldout_031): steps=5 success=True
[hybrid-rollout] ep 31 (heldout_032): steps=5 success=True
[hybrid-rollout] ep 32 (heldout_033): steps=4 success=True
[hybrid-rollout] ep 33 (heldout_034): steps=5 success=True
[hybrid-rollout] ep 34 (heldout_035): steps=6 success=True
[hybrid-rollout] ep 35 (heldout_036): steps=5 success=True
[hybrid-rollout] ep 36 (heldout_037): steps=4 success=True
[hybrid-rollout] ep 37 (heldout_038): steps=5 success=True
[hybrid-rollout] ep 38 (heldout_039): steps=6 success=True
[hybrid-rollout] ep 39 (heldout_040): steps=5 success=True
[hybrid-rollout] ep 40 (heldout_041): steps=60 success=False
[hybrid-rollout] ep 41 (heldout_042): steps=4 success=True
[hybrid-rollout] ep 42 (heldout_043): steps=4 success=True
[hybrid-rollout] ep 43 (heldout_044): steps=5 success=True
[hybrid-rollout] ep 44 (heldout_045): steps=60 success=False
[hybrid-rollout] ep 45 (heldout_046): steps=4 success=True
[hybrid-rollout] ep 46 (heldout_047): steps=6 success=True
[hybrid-rollout] ep 47 (heldout_048): steps=6 success=True
[hybrid-rollout] ep 48 (heldout_049): steps=5 success=True
[hybrid-rollout] ep 49 (heldout_050): steps=4 success=True
[hybrid-rollout] ep 50 (heldout_051): steps=4 success=True
[hybrid-rollout] ep 51 (heldout_052): steps=4 success=True
[hybrid-rollout] ep 52 (heldout_053): steps=60 success=False
[hybrid-rollout] ep 53 (heldout_054): steps=60 success=False
[hybrid-rollout] ep 54 (heldout_055): steps=60 success=False
[hybrid-rollout] ep 55 (heldout_056): steps=4 success=True
[hybrid-rollout] ep 56 (heldout_057): steps=4 success=True
[hybrid-rollout] ep 57 (heldout_058): steps=4 success=True
[hybrid-rollout] ep 58 (heldout_059): steps=5 success=True
[hybrid-rollout] ep 59 (heldout_060): steps=6 success=True
[hybrid-rollout] ep 60 (heldout_061): steps=5 success=True
[hybrid-rollout] ep 61 (heldout_062): steps=6 success=True
[hybrid-rollout] ep 62 (heldout_063): steps=5 success=True
[hybrid-rollout] ep 63 (heldout_064): steps=4 success=True
[hybrid-rollout] ep 64 (heldout_065): steps=7 success=True
[hybrid-rollout] ep 65 (heldout_066): steps=6 success=True
[hybrid-rollout] ep 66 (heldout_067): steps=5 success=True
[hybrid-rollout] ep 67 (heldout_068): steps=4 success=True
[hybrid-rollout] ep 68 (heldout_069): steps=4 success=True
[hybrid-rollout] ep 69 (heldout_070): steps=60 success=False
[hybrid-rollout] ep 70 (heldout_071): steps=5 success=True
[hybrid-rollout] ep 71 (heldout_072): steps=5 success=True
[hybrid-rollout] ep 72 (heldout_073): steps=3 success=False
[hybrid-rollout] ep 73 (heldout_074): steps=4 success=True
[hybrid-rollout] ep 74 (heldout_075): steps=5 success=True
[hybrid-rollout] ep 75 (heldout_076): steps=60 success=False
[hybrid-rollout] ep 76 (heldout_077): steps=4 success=True
[hybrid-rollout] ep 77 (heldout_078): steps=6 success=True
[hybrid-rollout] ep 78 (heldout_079): steps=4 success=True
[hybrid-rollout] ep 79 (heldout_080): steps=4 success=True
[hybrid-rollout] ep 80 (heldout_081): steps=5 success=True
[hybrid-rollout] ep 81 (heldout_082): steps=5 success=True
[hybrid-rollout] ep 82 (heldout_083): steps=60 success=False
[hybrid-rollout] ep 83 (heldout_084): steps=5 success=True
[hybrid-rollout] ep 84 (heldout_085): steps=6 success=True
[hybrid-rollout] ep 85 (heldout_086): steps=6 success=True
[hybrid-rollout] ep 86 (heldout_087): steps=60 success=False
[hybrid-rollout] ep 87 (heldout_088): steps=4 success=True
[hybrid-rollout] ep 88 (heldout_089): steps=3 success=False
[hybrid-rollout] ep 89 (heldout_090): steps=3 success=False
[hybrid-rollout] ep 90 (heldout_091): steps=4 success=False
[hybrid-rollout] ep 91 (heldout_092): steps=5 success=True
[hybrid-rollout] ep 92 (heldout_093): steps=1 success=False
[hybrid-rollout] ep 93 (heldout_094): steps=6 success=True
[hybrid-rollout] ep 94 (heldout_095): steps=7 success=True
[hybrid-rollout] ep 95 (heldout_096): steps=5 success=True
[hybrid-rollout] ep 96 (heldout_097): steps=5 success=True
[hybrid-rollout] ep 97 (heldout_098): steps=5 success=True
[hybrid-rollout] ep 98 (heldout_099): steps=60 success=False
[hybrid-rollout] ep 99 (heldout_100): steps=8 success=True
[hybrid-rollout] ep 100 (heldout_101): steps=4 success=True
[hybrid-rollout] ep 101 (heldout_102): steps=4 success=True
[hybrid-rollout] ep 102 (heldout_103): steps=4 success=True
[hybrid-rollout] ep 103 (heldout_104): steps=6 success=True
[hybrid-rollout] ep 104 (heldout_105): steps=60 success=False
[hybrid-rollout] ep 105 (heldout_106): steps=6 success=True
[hybrid-rollout] ep 106 (heldout_107): steps=4 success=True
[hybrid-rollout] ep 107 (heldout_108): steps=4 success=True
[hybrid-rollout] ep 108 (heldout_109): steps=4 success=True
[hybrid-rollout] ep 109 (heldout_110): steps=60 success=False
[hybrid-rollout] ep 110 (heldout_111): steps=60 success=False
[hybrid-rollout] ep 111 (heldout_112): steps=5 success=True
[hybrid-rollout] ep 112 (heldout_113): steps=5 success=True
[hybrid-rollout] ep 113 (heldout_114): steps=60 success=False
[hybrid-rollout] ep 114 (heldout_115): steps=60 success=False
[hybrid-rollout] ep 115 (heldout_116): steps=5 success=True
[hybrid-rollout] ep 116 (heldout_117): steps=7 success=True
[hybrid-rollout] ep 117 (heldout_118): steps=60 success=False
[hybrid-rollout] ep 118 (heldout_119): steps=60 success=False
[hybrid-rollout] ep 119 (heldout_120): steps=7 success=True
[hybrid-rollout] ep 120 (heldout_121): steps=60 success=False
[hybrid-rollout] ep 121 (heldout_122): steps=4 success=True
[hybrid-rollout] ep 122 (heldout_123): steps=60 success=False
[hybrid-rollout] ep 123 (heldout_124): steps=60 success=False
[hybrid-rollout] ep 124 (heldout_125): steps=4 success=True
[hybrid-rollout] ep 125 (heldout_126): steps=4 success=True
[hybrid-rollout] ep 126 (heldout_127): steps=60 success=False
[hybrid-rollout] ep 127 (heldout_128): steps=7 success=True
[hybrid-rollout] ep 128 (heldout_129): steps=60 success=False
[hybrid-rollout] ep 129 (heldout_130): steps=4 success=True
[hybrid-rollout] ep 130 (heldout_131): steps=60 success=False
[hybrid-rollout] ep 131 (heldout_132): steps=4 success=True
[hybrid-rollout] ep 132 (heldout_133): steps=4 success=True
[hybrid-rollout] ep 133 (heldout_134): steps=60 success=False
[hybrid-rollout] ep 134 (heldout_135): steps=6 success=True
[hybrid-rollout] ep 135 (heldout_136): steps=5 success=True
[hybrid-rollout] ep 136 (heldout_137): steps=5 success=True
[hybrid-rollout] ep 137 (heldout_138): steps=4 success=True
[hybrid-rollout] ep 138 (heldout_139): steps=4 success=True
[hybrid-rollout] ep 139 (heldout_140): steps=5 success=True
[hybrid-rollout] ep 140 (heldout_141): steps=5 success=True
[hybrid-rollout] ep 141 (heldout_142): steps=4 success=True
[hybrid-rollout] ep 142 (heldout_143): steps=8 success=True
[hybrid-rollout] ep 143 (heldout_144): steps=4 success=True
[hybrid-rollout] ep 144 (heldout_145): steps=5 success=True
[hybrid-rollout] ep 145 (heldout_146): steps=7 success=True
[hybrid-rollout] ep 146 (heldout_147): steps=4 success=True
[hybrid-rollout] ep 147 (heldout_148): steps=5 success=True
[hybrid-rollout] ep 148 (heldout_149): steps=60 success=False
[hybrid-rollout] ep 149 (heldout_150): steps=4 success=True
[hybrid-rollout] ep 150 (heldout_151): steps=5 success=True
[hybrid-rollout] ep 151 (heldout_152): steps=6 success=True
[hybrid-rollout] ep 152 (heldout_153): steps=5 success=True
[hybrid-rollout] ep 153 (heldout_154): steps=7 success=True
[hybrid-rollout] ep 154 (heldout_155): steps=60 success=False
[hybrid-rollout] ep 155 (heldout_156): steps=8 success=True
[hybrid-rollout] ep 156 (heldout_157): steps=4 success=True
[hybrid-rollout] ep 157 (heldout_158): steps=3 success=False
[hybrid-rollout] ep 158 (heldout_159): steps=6 success=True
[hybrid-rollout] ep 159 (heldout_160): steps=60 success=False
[hybrid-rollout] ep 160 (heldout_161): steps=5 success=True
[hybrid-rollout] ep 161 (heldout_162): steps=5 success=True
[hybrid-rollout] ep 162 (heldout_163): steps=4 success=True
[hybrid-rollout] ep 163 (heldout_164): steps=4 success=True
[hybrid-rollout] ep 164 (heldout_165): steps=5 success=True
[hybrid-rollout] ep 165 (heldout_166): steps=60 success=False
[hybrid-rollout] ep 166 (heldout_167): steps=4 success=True
[hybrid-rollout] ep 167 (heldout_168): steps=4 success=True
[hybrid-rollout] ep 168 (heldout_169): steps=60 success=False
[hybrid-rollout] ep 169 (heldout_170): steps=6 success=True
[hybrid-rollout] ep 170 (heldout_171): steps=4 success=True
[hybrid-rollout] ep 171 (heldout_172): steps=5 success=True
[hybrid-rollout] ep 172 (heldout_173): steps=4 success=True
[hybrid-rollout] ep 173 (heldout_174): steps=5 success=True
[hybrid-rollout] ep 174 (heldout_175): steps=5 success=True
[hybrid-rollout] ep 175 (heldout_176): steps=5 success=False
[hybrid-rollout] ep 176 (heldout_177): steps=6 success=True
[hybrid-rollout] ep 177 (heldout_178): steps=5 success=True
[hybrid-rollout] ep 178 (heldout_179): steps=5 success=True
[hybrid-rollout] ep 179 (heldout_180): steps=4 success=True
[hybrid-rollout] ep 180 (heldout_181): steps=5 success=True
[hybrid-rollout] ep 181 (heldout_182): steps=4 success=True
[hybrid-rollout] ep 182 (heldout_183): steps=5 success=True
[hybrid-rollout] ep 183 (heldout_184): steps=7 success=True
[hybrid-rollout] ep 184 (heldout_185): steps=5 success=True
[hybrid-rollout] ep 185 (heldout_186): steps=4 success=True
[hybrid-rollout] ep 186 (heldout_187): steps=5 success=True
[hybrid-rollout] ep 187 (heldout_188): steps=5 success=True
[hybrid-rollout] ep 188 (heldout_189): steps=5 success=True
[hybrid-rollout] ep 189 (heldout_190): steps=7 success=True
[hybrid-rollout] ep 190 (heldout_191): steps=4 success=True
[hybrid-rollout] ep 191 (heldout_192): steps=5 success=True
[hybrid-rollout] ep 192 (heldout_193): steps=60 success=False
[hybrid-rollout] ep 193 (heldout_194): steps=60 success=False
[hybrid-rollout] ep 194 (heldout_195): steps=5 success=True
[hybrid-rollout] ep 195 (heldout_196): steps=4 success=True
[hybrid-rollout] ep 196 (heldout_197): steps=5 success=True
[hybrid-rollout] ep 197 (heldout_198): steps=4 success=True
[hybrid-rollout] ep 198 (heldout_199): steps=4 success=True
[hybrid-rollout] ep 199 (heldout_200): steps=4 success=True
[hybrid-rollout] DONE successes=154/200
[13:14:58] [iil-baseline] round 7: heldout_sr=0.770

--------------------------------------------------------------------------------
SAFE_DAGGER ROUND 8  (remaining budget = 8)
--------------------------------------------------------------------------------
[13:15:02] [iil-baseline] round 8: pool=20 successes=17 failures=3 correction_sr=0.850
[13:15:02] [iil-baseline] round 8: picked=1 saved=1 cum_extras=8/15
[13:15:02] [iil-baseline] $ /home/s226137394/.conda/envs/maze/bin/python3 -u -m Equivariant_pathway.equivariant_CNN_hybrid.baseline_vs_p4.pool_x_selector.trainer.finetune_replay --demo_dir /weka/s226137394/DmNfull/Equivariant_pathway/equivariant_CNN_hybrid/baseline_vs_p4/pool_x_selector/results/run_2/safe_dagger/demos --checkpoint_dir /weka/s226137394/DmNfull/Equivariant_pathway/equivariant_CNN_hybrid/baseline_vs_p4/pool_x_selector/results/run_2/safe_dagger/checkpoints --epochs 90 --batch_size 64 --lr 5e-05 --weight_decay 0.0001 --replay_mix 0.5 --replay_mix_floor 0.2 --seed 2 --resume --new_demos_dir /weka/s226137394/DmNfull/Equivariant_pathway/equivariant_CNN_hybrid/baseline_vs_p4/pool_x_selector/results/run_2/safe_dagger/demos/round_008
[finetune_replay] device=cuda demo_dir=/weka/s226137394/DmNfull/Equivariant_pathway/equivariant_CNN_hybrid/baseline_vs_p4/pool_x_selector/results/run_2/safe_dagger/demos new_demos_dir=/weka/s226137394/DmNfull/Equivariant_pathway/equivariant_CNN_hybrid/baseline_vs_p4/pool_x_selector/results/run_2/safe_dagger/demos/round_008
[hybrid-dataset] 27 demos -> 139 samples
[hybrid-dataset] 1 demos -> 7 samples
[finetune_replay] sampler audit: {'n_old_samples': 139, 'n_new_samples': 7, 'replay_mix_target': 0.5, 'replay_mix_effective': 0.5, 'replay_mix_floor': 0.2}
[finetune_replay] trainable params: 1,400,028
[finetune_replay] WARM START from last_hybrid_policy.pth
[finetune_replay] ep   1/90 | train loss=0.1070 top1=0.970 | val loss=0.0986 | t=0.8s  *
[finetune_replay] ep   2/90 | train loss=0.0230 top1=1.000 | val loss=0.1429 | t=0.2s
[finetune_replay] ep   3/90 | train loss=0.0162 top1=1.000 | val loss=0.0948 | t=0.2s  *
[finetune_replay] ep   4/90 | train loss=0.0048 top1=1.000 | val loss=0.1441 | t=0.1s
[finetune_replay] ep   5/90 | train loss=0.0042 top1=1.000 | val loss=0.1226 | t=0.1s
[finetune_replay] ep   6/90 | train loss=0.0031 top1=1.000 | val loss=0.1106 | t=0.2s
[finetune_replay] ep   7/90 | train loss=0.0023 top1=1.000 | val loss=0.0932 | t=0.1s  *
[finetune_replay] ep   8/90 | train loss=0.0019 top1=1.000 | val loss=0.0930 | t=0.1s  *
[finetune_replay] ep   9/90 | train loss=0.0016 top1=1.000 | val loss=0.1500 | t=0.1s
[finetune_replay] ep  10/90 | train loss=0.0025 top1=1.000 | val loss=0.2554 | t=0.2s
[finetune_replay] ep  11/90 | train loss=0.0020 top1=1.000 | val loss=0.1173 | t=0.1s
[finetune_replay] ep  12/90 | train loss=0.0022 top1=1.000 | val loss=0.0755 | t=0.2s  *
[finetune_replay] ep  13/90 | train loss=0.0022 top1=1.000 | val loss=0.1424 | t=0.2s
[finetune_replay] ep  14/90 | train loss=0.0012 top1=1.000 | val loss=0.1797 | t=0.1s
[finetune_replay] ep  15/90 | train loss=0.0013 top1=1.000 | val loss=0.1800 | t=0.1s
[finetune_replay] ep  16/90 | train loss=0.0011 top1=1.000 | val loss=0.1582 | t=0.1s
[finetune_replay] ep  17/90 | train loss=0.0014 top1=1.000 | val loss=0.1061 | t=0.2s
[finetune_replay] ep  18/90 | train loss=0.0014 top1=1.000 | val loss=0.1124 | t=0.1s
[finetune_replay] ep  19/90 | train loss=0.0014 top1=1.000 | val loss=0.1706 | t=0.1s
[finetune_replay] ep  20/90 | train loss=0.0011 top1=1.000 | val loss=0.2099 | t=0.1s
[finetune_replay] ep  21/90 | train loss=0.0014 top1=1.000 | val loss=0.1584 | t=0.1s
[finetune_replay] ep  22/90 | train loss=0.0012 top1=1.000 | val loss=0.1220 | t=0.1s
[finetune_replay] ep  23/90 | train loss=0.0012 top1=1.000 | val loss=0.1102 | t=0.3s
[finetune_replay] ep  24/90 | train loss=0.0011 top1=1.000 | val loss=0.1249 | t=0.2s
[finetune_replay] ep  25/90 | train loss=0.0009 top1=1.000 | val loss=0.1467 | t=0.2s
[finetune_replay] ep  26/90 | train loss=0.0007 top1=1.000 | val loss=0.1587 | t=0.2s
[finetune_replay] ep  27/90 | train loss=0.0007 top1=1.000 | val loss=0.1570 | t=0.1s
[finetune_replay] ep  28/90 | train loss=0.0009 top1=1.000 | val loss=0.1112 | t=0.1s
[finetune_replay] ep  29/90 | train loss=0.0016 top1=1.000 | val loss=0.0876 | t=0.1s
[finetune_replay] ep  30/90 | train loss=0.0009 top1=1.000 | val loss=0.1957 | t=0.1s
[finetune_replay] ep  31/90 | train loss=0.0011 top1=1.000 | val loss=0.2642 | t=0.1s
[finetune_replay] ep  32/90 | train loss=0.0012 top1=1.000 | val loss=0.2649 | t=0.1s
[finetune_replay] ep  33/90 | train loss=0.0011 top1=1.000 | val loss=0.2388 | t=0.1s
[finetune_replay] ep  34/90 | train loss=0.0011 top1=1.000 | val loss=0.2136 | t=0.1s
[finetune_replay] ep  35/90 | train loss=0.0011 top1=1.000 | val loss=0.1813 | t=0.2s
[finetune_replay] ep  36/90 | train loss=0.0008 top1=1.000 | val loss=0.1939 | t=0.1s
[finetune_replay] ep  37/90 | train loss=0.0010 top1=1.000 | val loss=0.1871 | t=0.1s
[finetune_replay] ep  38/90 | train loss=0.0010 top1=1.000 | val loss=0.1897 | t=0.1s
[finetune_replay] ep  39/90 | train loss=0.0008 top1=1.000 | val loss=0.1756 | t=0.1s
[finetune_replay] ep  40/90 | train loss=0.0006 top1=1.000 | val loss=0.1531 | t=0.1s
[finetune_replay] ep  41/90 | train loss=0.0007 top1=1.000 | val loss=0.1383 | t=0.1s
[finetune_replay] ep  42/90 | train loss=0.0006 top1=1.000 | val loss=0.1291 | t=0.1s
[finetune_replay] ep  43/90 | train loss=0.0007 top1=1.000 | val loss=0.1307 | t=0.1s
[finetune_replay] ep  44/90 | train loss=0.0006 top1=1.000 | val loss=0.1348 | t=0.1s
[finetune_replay] ep  45/90 | train loss=0.0006 top1=1.000 | val loss=0.1433 | t=0.1s
[finetune_replay] ep  46/90 | train loss=0.0006 top1=1.000 | val loss=0.1570 | t=0.1s
[finetune_replay] ep  47/90 | train loss=0.0006 top1=1.000 | val loss=0.1658 | t=0.1s
[finetune_replay] ep  48/90 | train loss=0.0006 top1=1.000 | val loss=0.1631 | t=0.1s
[finetune_replay] ep  49/90 | train loss=0.0005 top1=1.000 | val loss=0.1605 | t=0.1s
[finetune_replay] ep  50/90 | train loss=0.0004 top1=1.000 | val loss=0.1519 | t=0.2s
[finetune_replay] ep  51/90 | train loss=0.0005 top1=1.000 | val loss=0.1493 | t=0.1s
[finetune_replay] ep  52/90 | train loss=0.0006 top1=1.000 | val loss=0.1446 | t=0.2s
[finetune_replay] ep  53/90 | train loss=0.0005 top1=1.000 | val loss=0.1443 | t=0.1s
[finetune_replay] ep  54/90 | train loss=0.0005 top1=1.000 | val loss=0.1449 | t=0.1s
[finetune_replay] ep  55/90 | train loss=0.0005 top1=1.000 | val loss=0.1477 | t=0.1s
[finetune_replay] ep  56/90 | train loss=0.0005 top1=1.000 | val loss=0.1487 | t=0.1s
[finetune_replay] ep  57/90 | train loss=0.0005 top1=1.000 | val loss=0.1508 | t=0.1s
[finetune_replay] ep  58/90 | train loss=0.0005 top1=1.000 | val loss=0.1536 | t=0.1s
[finetune_replay] ep  59/90 | train loss=0.0004 top1=1.000 | val loss=0.1527 | t=0.1s
[finetune_replay] ep  60/90 | train loss=0.0005 top1=1.000 | val loss=0.1497 | t=0.1s
[finetune_replay] ep  61/90 | train loss=0.0005 top1=1.000 | val loss=0.1472 | t=0.1s
[finetune_replay] ep  62/90 | train loss=0.0005 top1=1.000 | val loss=0.1416 | t=0.2s
[finetune_replay] ep  63/90 | train loss=0.0005 top1=1.000 | val loss=0.1438 | t=0.1s
[finetune_replay] ep  64/90 | train loss=0.0004 top1=1.000 | val loss=0.1562 | t=0.1s
[finetune_replay] ep  65/90 | train loss=0.0005 top1=1.000 | val loss=0.1694 | t=0.1s
[finetune_replay] ep  66/90 | train loss=0.0006 top1=1.000 | val loss=0.1839 | t=0.1s
[finetune_replay] ep  67/90 | train loss=0.0005 top1=1.000 | val loss=0.1866 | t=0.1s
[finetune_replay] ep  68/90 | train loss=0.0005 top1=1.000 | val loss=0.1859 | t=0.1s
[finetune_replay] ep  69/90 | train loss=0.0005 top1=1.000 | val loss=0.1808 | t=0.1s
[finetune_replay] ep  70/90 | train loss=0.0005 top1=1.000 | val loss=0.1749 | t=0.1s
[finetune_replay] ep  71/90 | train loss=0.0005 top1=1.000 | val loss=0.1655 | t=0.2s
[finetune_replay] ep  72/90 | train loss=0.0005 top1=1.000 | val loss=0.1628 | t=0.1s
[finetune_replay] ep  73/90 | train loss=0.0005 top1=1.000 | val loss=0.1601 | t=0.1s
[finetune_replay] ep  74/90 | train loss=0.0004 top1=1.000 | val loss=0.1575 | t=0.1s
[finetune_replay] ep  75/90 | train loss=0.0004 top1=1.000 | val loss=0.1546 | t=0.1s
[finetune_replay] ep  76/90 | train loss=0.0004 top1=1.000 | val loss=0.1538 | t=0.1s
[finetune_replay] ep  77/90 | train loss=0.0005 top1=1.000 | val loss=0.1523 | t=0.1s
[finetune_replay] ep  78/90 | train loss=0.0005 top1=1.000 | val loss=0.1483 | t=0.2s
[finetune_replay] ep  79/90 | train loss=0.0005 top1=1.000 | val loss=0.1464 | t=0.1s
[finetune_replay] ep  80/90 | train loss=0.0005 top1=1.000 | val loss=0.1475 | t=0.1s
[finetune_replay] ep  81/90 | train loss=0.0004 top1=1.000 | val loss=0.1480 | t=0.1s
[finetune_replay] ep  82/90 | train loss=0.0005 top1=1.000 | val loss=0.1480 | t=0.1s
[finetune_replay] ep  83/90 | train loss=0.0005 top1=1.000 | val loss=0.1481 | t=0.1s
[finetune_replay] ep  84/90 | train loss=0.0005 top1=1.000 | val loss=0.1467 | t=0.1s
[finetune_replay] ep  85/90 | train loss=0.0005 top1=1.000 | val loss=0.1477 | t=0.1s
[finetune_replay] ep  86/90 | train loss=0.0004 top1=1.000 | val loss=0.1449 | t=0.2s
[finetune_replay] ep  87/90 | train loss=0.0005 top1=1.000 | val loss=0.1460 | t=0.1s
[finetune_replay] ep  88/90 | train loss=0.0004 top1=1.000 | val loss=0.1460 | t=0.1s
[finetune_replay] ep  89/90 | train loss=0.0005 top1=1.000 | val loss=0.1458 | t=0.1s
[finetune_replay] ep  90/90 | train loss=0.0005 top1=1.000 | val loss=0.1454 | t=0.1s
[finetune_replay] DONE best_val_loss=0.0755 @ epoch 12
[13:15:30] [bo-budget] $ /home/s226137394/.conda/envs/maze/bin/python3 -u -m Equivariant_pathway.equivariant_CNN_hybrid.rollout_test --checkpoint /weka/s226137394/DmNfull/Equivariant_pathway/equivariant_CNN_hybrid/baseline_vs_p4/pool_x_selector/results/run_2/safe_dagger/checkpoints/best_hybrid_policy.pth --layouts /weka/s226137394/DmNfull/Equivariant_pathway/equivariant_CNN_hybrid/baseline_vs_p4/shared/heldout_layouts.yaml --out_dir /weka/s226137394/DmNfull/Equivariant_pathway/equivariant_CNN_hybrid/baseline_vs_p4/pool_x_selector/results/run_2/safe_dagger/results/eval_round_008 --seed 10 --max_steps 60
[hybrid-rollout] 200 unique; running 200 eps
[hybrid-rollout] loaded /weka/s226137394/DmNfull/Equivariant_pathway/equivariant_CNN_hybrid/baseline_vs_p4/pool_x_selector/results/run_2/safe_dagger/checkpoints/best_hybrid_policy.pth
[hybrid-rollout] ep 0 (heldout_001): steps=5 success=True
[hybrid-rollout] ep 1 (heldout_002): steps=4 success=True
[hybrid-rollout] ep 2 (heldout_003): steps=4 success=True
[hybrid-rollout] ep 3 (heldout_004): steps=6 success=True
[hybrid-rollout] ep 4 (heldout_005): steps=60 success=False
[hybrid-rollout] ep 5 (heldout_006): steps=3 success=False
[hybrid-rollout] ep 6 (heldout_007): steps=5 success=True
[hybrid-rollout] ep 7 (heldout_008): steps=4 success=True
[hybrid-rollout] ep 8 (heldout_009): steps=60 success=False
[hybrid-rollout] ep 9 (heldout_010): steps=60 success=False
[hybrid-rollout] ep 10 (heldout_011): steps=4 success=True
[hybrid-rollout] ep 11 (heldout_012): steps=4 success=True
[hybrid-rollout] ep 12 (heldout_013): steps=5 success=True
[hybrid-rollout] ep 13 (heldout_014): steps=5 success=True
[hybrid-rollout] ep 14 (heldout_015): steps=4 success=True
[hybrid-rollout] ep 15 (heldout_016): steps=5 success=True
[hybrid-rollout] ep 16 (heldout_017): steps=4 success=True
[hybrid-rollout] ep 17 (heldout_018): steps=2 success=False
[hybrid-rollout] ep 18 (heldout_019): steps=5 success=True
[hybrid-rollout] ep 19 (heldout_020): steps=5 success=True
[hybrid-rollout] ep 20 (heldout_021): steps=4 success=True
[hybrid-rollout] ep 21 (heldout_022): steps=4 success=True
[hybrid-rollout] ep 22 (heldout_023): steps=7 success=True
[hybrid-rollout] ep 23 (heldout_024): steps=4 success=True
[hybrid-rollout] ep 24 (heldout_025): steps=4 success=True
[hybrid-rollout] ep 25 (heldout_026): steps=4 success=True
[hybrid-rollout] ep 26 (heldout_027): steps=4 success=True
[hybrid-rollout] ep 27 (heldout_028): steps=4 success=True
[hybrid-rollout] ep 28 (heldout_029): steps=7 success=True
[hybrid-rollout] ep 29 (heldout_030): steps=60 success=False
[hybrid-rollout] ep 30 (heldout_031): steps=5 success=True
[hybrid-rollout] ep 31 (heldout_032): steps=5 success=True
[hybrid-rollout] ep 32 (heldout_033): steps=4 success=True
[hybrid-rollout] ep 33 (heldout_034): steps=5 success=True
[hybrid-rollout] ep 34 (heldout_035): steps=6 success=True
[hybrid-rollout] ep 35 (heldout_036): steps=5 success=True
[hybrid-rollout] ep 36 (heldout_037): steps=4 success=True
[hybrid-rollout] ep 37 (heldout_038): steps=5 success=True
[hybrid-rollout] ep 38 (heldout_039): steps=6 success=True
[hybrid-rollout] ep 39 (heldout_040): steps=5 success=True
[hybrid-rollout] ep 40 (heldout_041): steps=60 success=False
[hybrid-rollout] ep 41 (heldout_042): steps=4 success=True
[hybrid-rollout] ep 42 (heldout_043): steps=4 success=True
[hybrid-rollout] ep 43 (heldout_044): steps=5 success=True
[hybrid-rollout] ep 44 (heldout_045): steps=60 success=False
[hybrid-rollout] ep 45 (heldout_046): steps=4 success=True
[hybrid-rollout] ep 46 (heldout_047): steps=6 success=True
[hybrid-rollout] ep 47 (heldout_048): steps=6 success=True
[hybrid-rollout] ep 48 (heldout_049): steps=5 success=True
[hybrid-rollout] ep 49 (heldout_050): steps=4 success=True
[hybrid-rollout] ep 50 (heldout_051): steps=4 success=True
[hybrid-rollout] ep 51 (heldout_052): steps=4 success=True
[hybrid-rollout] ep 52 (heldout_053): steps=60 success=False
[hybrid-rollout] ep 53 (heldout_054): steps=4 success=True
[hybrid-rollout] ep 54 (heldout_055): steps=8 success=True
[hybrid-rollout] ep 55 (heldout_056): steps=4 success=True
[hybrid-rollout] ep 56 (heldout_057): steps=4 success=True
[hybrid-rollout] ep 57 (heldout_058): steps=4 success=True
[hybrid-rollout] ep 58 (heldout_059): steps=5 success=True
[hybrid-rollout] ep 59 (heldout_060): steps=6 success=True
[hybrid-rollout] ep 60 (heldout_061): steps=5 success=True
[hybrid-rollout] ep 61 (heldout_062): steps=6 success=True
[hybrid-rollout] ep 62 (heldout_063): steps=5 success=True
[hybrid-rollout] ep 63 (heldout_064): steps=4 success=True
[hybrid-rollout] ep 64 (heldout_065): steps=7 success=True
[hybrid-rollout] ep 65 (heldout_066): steps=6 success=True
[hybrid-rollout] ep 66 (heldout_067): steps=5 success=True
[hybrid-rollout] ep 67 (heldout_068): steps=4 success=True
[hybrid-rollout] ep 68 (heldout_069): steps=4 success=True
[hybrid-rollout] ep 69 (heldout_070): steps=60 success=False
[hybrid-rollout] ep 70 (heldout_071): steps=5 success=True
[hybrid-rollout] ep 71 (heldout_072): steps=5 success=True
[hybrid-rollout] ep 72 (heldout_073): steps=3 success=False
[hybrid-rollout] ep 73 (heldout_074): steps=4 success=True
[hybrid-rollout] ep 74 (heldout_075): steps=5 success=True
[hybrid-rollout] ep 75 (heldout_076): steps=60 success=False
[hybrid-rollout] ep 76 (heldout_077): steps=4 success=True
[hybrid-rollout] ep 77 (heldout_078): steps=3 success=False
[hybrid-rollout] ep 78 (heldout_079): steps=4 success=True
[hybrid-rollout] ep 79 (heldout_080): steps=4 success=True
[hybrid-rollout] ep 80 (heldout_081): steps=5 success=True
[hybrid-rollout] ep 81 (heldout_082): steps=5 success=True
[hybrid-rollout] ep 82 (heldout_083): steps=4 success=True
[hybrid-rollout] ep 83 (heldout_084): steps=1 success=False
[hybrid-rollout] ep 84 (heldout_085): steps=6 success=True
[hybrid-rollout] ep 85 (heldout_086): steps=6 success=True
[hybrid-rollout] ep 86 (heldout_087): steps=7 success=True
[hybrid-rollout] ep 87 (heldout_088): steps=4 success=True
[hybrid-rollout] ep 88 (heldout_089): steps=3 success=False
[hybrid-rollout] ep 89 (heldout_090): steps=4 success=True
[hybrid-rollout] ep 90 (heldout_091): steps=4 success=False
[hybrid-rollout] ep 91 (heldout_092): steps=5 success=True
[hybrid-rollout] ep 92 (heldout_093): steps=1 success=False
[hybrid-rollout] ep 93 (heldout_094): steps=6 success=True
[hybrid-rollout] ep 94 (heldout_095): steps=7 success=True
[hybrid-rollout] ep 95 (heldout_096): steps=60 success=False
[hybrid-rollout] ep 96 (heldout_097): steps=5 success=True
[hybrid-rollout] ep 97 (heldout_098): steps=5 success=True
[hybrid-rollout] ep 98 (heldout_099): steps=6 success=True
[hybrid-rollout] ep 99 (heldout_100): steps=8 success=True
[hybrid-rollout] ep 100 (heldout_101): steps=4 success=True
[hybrid-rollout] ep 101 (heldout_102): steps=4 success=True
[hybrid-rollout] ep 102 (heldout_103): steps=4 success=True
[hybrid-rollout] ep 103 (heldout_104): steps=6 success=True
[hybrid-rollout] ep 104 (heldout_105): steps=4 success=True
[hybrid-rollout] ep 105 (heldout_106): steps=6 success=True
[hybrid-rollout] ep 106 (heldout_107): steps=4 success=True
[hybrid-rollout] ep 107 (heldout_108): steps=4 success=True
[hybrid-rollout] ep 108 (heldout_109): steps=4 success=True
[hybrid-rollout] ep 109 (heldout_110): steps=4 success=True
[hybrid-rollout] ep 110 (heldout_111): steps=8 success=True
[hybrid-rollout] ep 111 (heldout_112): steps=5 success=True
[hybrid-rollout] ep 112 (heldout_113): steps=5 success=True
[hybrid-rollout] ep 113 (heldout_114): steps=4 success=True
[hybrid-rollout] ep 114 (heldout_115): steps=4 success=True
[hybrid-rollout] ep 115 (heldout_116): steps=5 success=True
[hybrid-rollout] ep 116 (heldout_117): steps=7 success=True
[hybrid-rollout] ep 117 (heldout_118): steps=60 success=False
[hybrid-rollout] ep 118 (heldout_119): steps=4 success=True
[hybrid-rollout] ep 119 (heldout_120): steps=7 success=True
[hybrid-rollout] ep 120 (heldout_121): steps=4 success=True
[hybrid-rollout] ep 121 (heldout_122): steps=4 success=True
[hybrid-rollout] ep 122 (heldout_123): steps=6 success=True
[hybrid-rollout] ep 123 (heldout_124): steps=60 success=False
[hybrid-rollout] ep 124 (heldout_125): steps=4 success=True
[hybrid-rollout] ep 125 (heldout_126): steps=4 success=True
[hybrid-rollout] ep 126 (heldout_127): steps=9 success=True
[hybrid-rollout] ep 127 (heldout_128): steps=7 success=True
[hybrid-rollout] ep 128 (heldout_129): steps=60 success=False
[hybrid-rollout] ep 129 (heldout_130): steps=6 success=True
[hybrid-rollout] ep 130 (heldout_131): steps=60 success=False
[hybrid-rollout] ep 131 (heldout_132): steps=4 success=True
[hybrid-rollout] ep 132 (heldout_133): steps=4 success=True
[hybrid-rollout] ep 133 (heldout_134): steps=60 success=False
[hybrid-rollout] ep 134 (heldout_135): steps=6 success=True
[hybrid-rollout] ep 135 (heldout_136): steps=5 success=True
[hybrid-rollout] ep 136 (heldout_137): steps=5 success=True
[hybrid-rollout] ep 137 (heldout_138): steps=4 success=True
[hybrid-rollout] ep 138 (heldout_139): steps=4 success=True
[hybrid-rollout] ep 139 (heldout_140): steps=60 success=False
[hybrid-rollout] ep 140 (heldout_141): steps=5 success=True
[hybrid-rollout] ep 141 (heldout_142): steps=4 success=True
[hybrid-rollout] ep 142 (heldout_143): steps=60 success=False
[hybrid-rollout] ep 143 (heldout_144): steps=4 success=True
[hybrid-rollout] ep 144 (heldout_145): steps=5 success=True
[hybrid-rollout] ep 145 (heldout_146): steps=7 success=True
[hybrid-rollout] ep 146 (heldout_147): steps=4 success=True
[hybrid-rollout] ep 147 (heldout_148): steps=5 success=True
[hybrid-rollout] ep 148 (heldout_149): steps=60 success=False
[hybrid-rollout] ep 149 (heldout_150): steps=4 success=True
[hybrid-rollout] ep 150 (heldout_151): steps=5 success=True
[hybrid-rollout] ep 151 (heldout_152): steps=8 success=True
[hybrid-rollout] ep 152 (heldout_153): steps=5 success=True
[hybrid-rollout] ep 153 (heldout_154): steps=7 success=True
[hybrid-rollout] ep 154 (heldout_155): steps=6 success=True
[hybrid-rollout] ep 155 (heldout_156): steps=4 success=False
[hybrid-rollout] ep 156 (heldout_157): steps=4 success=True
[hybrid-rollout] ep 157 (heldout_158): steps=3 success=False
[hybrid-rollout] ep 158 (heldout_159): steps=6 success=True
[hybrid-rollout] ep 159 (heldout_160): steps=4 success=True
[hybrid-rollout] ep 160 (heldout_161): steps=5 success=True
[hybrid-rollout] ep 161 (heldout_162): steps=5 success=True
[hybrid-rollout] ep 162 (heldout_163): steps=4 success=True
[hybrid-rollout] ep 163 (heldout_164): steps=4 success=True
[hybrid-rollout] ep 164 (heldout_165): steps=5 success=True
[hybrid-rollout] ep 165 (heldout_166): steps=60 success=False
[hybrid-rollout] ep 166 (heldout_167): steps=4 success=True
[hybrid-rollout] ep 167 (heldout_168): steps=4 success=True
[hybrid-rollout] ep 168 (heldout_169): steps=4 success=False
[hybrid-rollout] ep 169 (heldout_170): steps=6 success=True
[hybrid-rollout] ep 170 (heldout_171): steps=4 success=True
[hybrid-rollout] ep 171 (heldout_172): steps=5 success=True
[hybrid-rollout] ep 172 (heldout_173): steps=4 success=True
[hybrid-rollout] ep 173 (heldout_174): steps=60 success=False
[hybrid-rollout] ep 174 (heldout_175): steps=7 success=True
[hybrid-rollout] ep 175 (heldout_176): steps=5 success=False
[hybrid-rollout] ep 176 (heldout_177): steps=6 success=True
[hybrid-rollout] ep 177 (heldout_178): steps=5 success=True
[hybrid-rollout] ep 178 (heldout_179): steps=5 success=True
[hybrid-rollout] ep 179 (heldout_180): steps=60 success=False
[hybrid-rollout] ep 180 (heldout_181): steps=5 success=True
[hybrid-rollout] ep 181 (heldout_182): steps=4 success=True
[hybrid-rollout] ep 182 (heldout_183): steps=5 success=True
[hybrid-rollout] ep 183 (heldout_184): steps=7 success=True
[hybrid-rollout] ep 184 (heldout_185): steps=5 success=True
[hybrid-rollout] ep 185 (heldout_186): steps=4 success=True
[hybrid-rollout] ep 186 (heldout_187): steps=5 success=True
[hybrid-rollout] ep 187 (heldout_188): steps=5 success=True
[hybrid-rollout] ep 188 (heldout_189): steps=5 success=True
[hybrid-rollout] ep 189 (heldout_190): steps=7 success=True
[hybrid-rollout] ep 190 (heldout_191): steps=6 success=True
[hybrid-rollout] ep 191 (heldout_192): steps=5 success=True
[hybrid-rollout] ep 192 (heldout_193): steps=60 success=False
[hybrid-rollout] ep 193 (heldout_194): steps=6 success=True
[hybrid-rollout] ep 194 (heldout_195): steps=5 success=True
[hybrid-rollout] ep 195 (heldout_196): steps=4 success=True
[hybrid-rollout] ep 196 (heldout_197): steps=5 success=True
[hybrid-rollout] ep 197 (heldout_198): steps=4 success=True
[hybrid-rollout] ep 198 (heldout_199): steps=4 success=True
[hybrid-rollout] ep 199 (heldout_200): steps=4 success=True
[hybrid-rollout] DONE successes=166/200
[13:16:46] [iil-baseline] round 8: heldout_sr=0.830

--------------------------------------------------------------------------------
SAFE_DAGGER ROUND 9  (remaining budget = 7)
--------------------------------------------------------------------------------
[13:16:50] [iil-baseline] round 9: pool=20 successes=14 failures=6 correction_sr=0.700
[13:16:50] [iil-baseline] round 9: picked=1 saved=1 cum_extras=9/15
[13:16:50] [iil-baseline] $ /home/s226137394/.conda/envs/maze/bin/python3 -u -m Equivariant_pathway.equivariant_CNN_hybrid.baseline_vs_p4.pool_x_selector.trainer.finetune_replay --demo_dir /weka/s226137394/DmNfull/Equivariant_pathway/equivariant_CNN_hybrid/baseline_vs_p4/pool_x_selector/results/run_2/safe_dagger/demos --checkpoint_dir /weka/s226137394/DmNfull/Equivariant_pathway/equivariant_CNN_hybrid/baseline_vs_p4/pool_x_selector/results/run_2/safe_dagger/checkpoints --epochs 90 --batch_size 64 --lr 5e-05 --weight_decay 0.0001 --replay_mix 0.5 --replay_mix_floor 0.2 --seed 2 --resume --new_demos_dir /weka/s226137394/DmNfull/Equivariant_pathway/equivariant_CNN_hybrid/baseline_vs_p4/pool_x_selector/results/run_2/safe_dagger/demos/round_009
[finetune_replay] device=cuda demo_dir=/weka/s226137394/DmNfull/Equivariant_pathway/equivariant_CNN_hybrid/baseline_vs_p4/pool_x_selector/results/run_2/safe_dagger/demos new_demos_dir=/weka/s226137394/DmNfull/Equivariant_pathway/equivariant_CNN_hybrid/baseline_vs_p4/pool_x_selector/results/run_2/safe_dagger/demos/round_009
[hybrid-dataset] 28 demos -> 146 samples
[hybrid-dataset] 1 demos -> 4 samples
[finetune_replay] sampler audit: {'n_old_samples': 146, 'n_new_samples': 4, 'replay_mix_target': 0.5, 'replay_mix_effective': 0.5, 'replay_mix_floor': 0.2}
[finetune_replay] trainable params: 1,400,028
[finetune_replay] WARM START from last_hybrid_policy.pth
[finetune_replay] ep   1/90 | train loss=1.0926 top1=0.719 | val loss=0.0107 | t=1.5s  *
[finetune_replay] ep   2/90 | train loss=0.1866 top1=0.859 | val loss=0.0172 | t=0.1s
[finetune_replay] ep   3/90 | train loss=0.1171 top1=1.000 | val loss=0.0121 | t=0.1s
[finetune_replay] ep   4/90 | train loss=0.0458 top1=1.000 | val loss=0.0039 | t=0.1s  *
[finetune_replay] ep   5/90 | train loss=0.0389 top1=0.993 | val loss=0.0026 | t=0.1s  *
[finetune_replay] ep   6/90 | train loss=0.0339 top1=0.993 | val loss=0.0014 | t=0.1s  *
[finetune_replay] ep   7/90 | train loss=0.0194 top1=1.000 | val loss=0.0027 | t=0.2s
[finetune_replay] ep   8/90 | train loss=0.0087 top1=1.000 | val loss=0.0012 | t=0.2s  *
[finetune_replay] ep   9/90 | train loss=0.0047 top1=1.000 | val loss=0.0012 | t=0.1s  *
[finetune_replay] ep  10/90 | train loss=0.0029 top1=1.000 | val loss=0.0029 | t=0.1s
[finetune_replay] ep  11/90 | train loss=0.0161 top1=0.993 | val loss=0.0012 | t=0.2s  *
[finetune_replay] ep  12/90 | train loss=0.0048 top1=1.000 | val loss=0.0011 | t=0.1s  *
[finetune_replay] ep  13/90 | train loss=0.0063 top1=1.000 | val loss=0.0025 | t=0.2s
[finetune_replay] ep  14/90 | train loss=0.0040 top1=1.000 | val loss=0.0071 | t=0.1s
[finetune_replay] ep  15/90 | train loss=0.0031 top1=1.000 | val loss=0.0009 | t=0.1s  *
[finetune_replay] ep  16/90 | train loss=0.0052 top1=1.000 | val loss=0.0010 | t=0.1s
[finetune_replay] ep  17/90 | train loss=0.0027 top1=1.000 | val loss=0.0011 | t=0.1s
[finetune_replay] ep  18/90 | train loss=0.0016 top1=1.000 | val loss=0.0020 | t=0.2s
[finetune_replay] ep  19/90 | train loss=0.0014 top1=1.000 | val loss=0.0025 | t=0.1s
[finetune_replay] ep  20/90 | train loss=0.0018 top1=1.000 | val loss=0.0019 | t=0.1s
[finetune_replay] ep  21/90 | train loss=0.0023 top1=1.000 | val loss=0.0011 | t=0.1s
[finetune_replay] ep  22/90 | train loss=0.0012 top1=1.000 | val loss=0.0008 | t=0.1s  *
[finetune_replay] ep  23/90 | train loss=0.0012 top1=1.000 | val loss=0.0007 | t=0.1s  *
[finetune_replay] ep  24/90 | train loss=0.0025 top1=1.000 | val loss=0.0006 | t=0.2s  *
[finetune_replay] ep  25/90 | train loss=0.0032 top1=1.000 | val loss=0.0006 | t=0.1s  *
[finetune_replay] ep  26/90 | train loss=0.0009 top1=1.000 | val loss=0.0017 | t=0.1s
[finetune_replay] ep  27/90 | train loss=0.0026 top1=1.000 | val loss=0.0023 | t=0.1s
[finetune_replay] ep  28/90 | train loss=0.0094 top1=0.993 | val loss=0.0008 | t=0.1s
[finetune_replay] ep  29/90 | train loss=0.0037 top1=1.000 | val loss=0.0008 | t=0.1s
[finetune_replay] ep  30/90 | train loss=0.0024 top1=1.000 | val loss=0.0009 | t=0.1s
[finetune_replay] ep  31/90 | train loss=0.0033 top1=1.000 | val loss=0.0008 | t=0.1s
[finetune_replay] ep  32/90 | train loss=0.0011 top1=1.000 | val loss=0.0007 | t=0.1s
[finetune_replay] ep  33/90 | train loss=0.0012 top1=1.000 | val loss=0.0007 | t=0.1s
[finetune_replay] ep  34/90 | train loss=0.0011 top1=1.000 | val loss=0.0013 | t=0.1s
[finetune_replay] ep  35/90 | train loss=0.0021 top1=1.000 | val loss=0.0009 | t=0.1s
[finetune_replay] ep  36/90 | train loss=0.0009 top1=1.000 | val loss=0.0006 | t=0.1s  *
[finetune_replay] ep  37/90 | train loss=0.0009 top1=1.000 | val loss=0.0005 | t=0.1s  *
[finetune_replay] ep  38/90 | train loss=0.0011 top1=1.000 | val loss=0.0005 | t=0.1s
[finetune_replay] ep  39/90 | train loss=0.0007 top1=1.000 | val loss=0.0006 | t=0.1s
[finetune_replay] ep  40/90 | train loss=0.0008 top1=1.000 | val loss=0.0006 | t=0.1s
[finetune_replay] ep  41/90 | train loss=0.0007 top1=1.000 | val loss=0.0006 | t=0.1s
[finetune_replay] ep  42/90 | train loss=0.0007 top1=1.000 | val loss=0.0006 | t=0.1s
[finetune_replay] ep  43/90 | train loss=0.0007 top1=1.000 | val loss=0.0006 | t=0.1s
[finetune_replay] ep  44/90 | train loss=0.0008 top1=1.000 | val loss=0.0007 | t=0.1s
[finetune_replay] ep  45/90 | train loss=0.0007 top1=1.000 | val loss=0.0006 | t=0.1s
[finetune_replay] ep  46/90 | train loss=0.0008 top1=1.000 | val loss=0.0006 | t=0.1s
[finetune_replay] ep  47/90 | train loss=0.0009 top1=1.000 | val loss=0.0006 | t=0.1s
[finetune_replay] ep  48/90 | train loss=0.0008 top1=1.000 | val loss=0.0006 | t=0.1s
[finetune_replay] ep  49/90 | train loss=0.0007 top1=1.000 | val loss=0.0006 | t=0.1s
[finetune_replay] ep  50/90 | train loss=0.0007 top1=1.000 | val loss=0.0006 | t=0.1s
[finetune_replay] ep  51/90 | train loss=0.0008 top1=1.000 | val loss=0.0006 | t=0.1s
[finetune_replay] ep  52/90 | train loss=0.0008 top1=1.000 | val loss=0.0006 | t=0.1s
[finetune_replay] ep  53/90 | train loss=0.0008 top1=1.000 | val loss=0.0006 | t=0.1s
[finetune_replay] ep  54/90 | train loss=0.0006 top1=1.000 | val loss=0.0005 | t=0.1s
[finetune_replay] ep  55/90 | train loss=0.0006 top1=1.000 | val loss=0.0006 | t=0.1s
[finetune_replay] ep  56/90 | train loss=0.0008 top1=1.000 | val loss=0.0006 | t=0.1s
[finetune_replay] ep  57/90 | train loss=0.0006 top1=1.000 | val loss=0.0006 | t=0.1s
[finetune_replay] ep  58/90 | train loss=0.0006 top1=1.000 | val loss=0.0006 | t=0.1s
[finetune_replay] ep  59/90 | train loss=0.0006 top1=1.000 | val loss=0.0006 | t=0.1s
[finetune_replay] ep  60/90 | train loss=0.0005 top1=1.000 | val loss=0.0006 | t=0.1s
[finetune_replay] ep  61/90 | train loss=0.0006 top1=1.000 | val loss=0.0006 | t=0.1s
[finetune_replay] ep  62/90 | train loss=0.0005 top1=1.000 | val loss=0.0006 | t=0.1s
[finetune_replay] ep  63/90 | train loss=0.0006 top1=1.000 | val loss=0.0005 | t=0.1s
[finetune_replay] ep  64/90 | train loss=0.0006 top1=1.000 | val loss=0.0005 | t=0.1s  *
[finetune_replay] ep  65/90 | train loss=0.0006 top1=1.000 | val loss=0.0005 | t=0.1s
[finetune_replay] ep  66/90 | train loss=0.0007 top1=1.000 | val loss=0.0005 | t=0.1s
[finetune_replay] ep  67/90 | train loss=0.0005 top1=1.000 | val loss=0.0005 | t=0.1s
[finetune_replay] ep  68/90 | train loss=0.0007 top1=1.000 | val loss=0.0005 | t=0.1s
[finetune_replay] ep  69/90 | train loss=0.0006 top1=1.000 | val loss=0.0005 | t=0.1s
[finetune_replay] ep  70/90 | train loss=0.0006 top1=1.000 | val loss=0.0005 | t=0.1s
[finetune_replay] ep  71/90 | train loss=0.0005 top1=1.000 | val loss=0.0005 | t=0.2s
[finetune_replay] ep  72/90 | train loss=0.0006 top1=1.000 | val loss=0.0005 | t=0.1s
[finetune_replay] ep  73/90 | train loss=0.0006 top1=1.000 | val loss=0.0005 | t=0.1s
[finetune_replay] ep  74/90 | train loss=0.0005 top1=1.000 | val loss=0.0006 | t=0.1s
[finetune_replay] ep  75/90 | train loss=0.0007 top1=1.000 | val loss=0.0006 | t=0.1s
[finetune_replay] ep  76/90 | train loss=0.0007 top1=1.000 | val loss=0.0006 | t=0.1s
[finetune_replay] ep  77/90 | train loss=0.0006 top1=1.000 | val loss=0.0005 | t=0.1s
[finetune_replay] ep  78/90 | train loss=0.0005 top1=1.000 | val loss=0.0006 | t=0.1s
[finetune_replay] ep  79/90 | train loss=0.0006 top1=1.000 | val loss=0.0006 | t=0.1s
[finetune_replay] ep  80/90 | train loss=0.0006 top1=1.000 | val loss=0.0006 | t=0.1s
[finetune_replay] ep  81/90 | train loss=0.0006 top1=1.000 | val loss=0.0006 | t=0.1s
[finetune_replay] ep  82/90 | train loss=0.0006 top1=1.000 | val loss=0.0006 | t=0.1s
[finetune_replay] ep  83/90 | train loss=0.0007 top1=1.000 | val loss=0.0006 | t=0.1s
[finetune_replay] ep  84/90 | train loss=0.0007 top1=1.000 | val loss=0.0006 | t=0.1s
[finetune_replay] ep  85/90 | train loss=0.0006 top1=1.000 | val loss=0.0006 | t=0.1s
[finetune_replay] ep  86/90 | train loss=0.0005 top1=1.000 | val loss=0.0006 | t=0.1s
[finetune_replay] ep  87/90 | train loss=0.0006 top1=1.000 | val loss=0.0006 | t=0.1s
[finetune_replay] ep  88/90 | train loss=0.0007 top1=1.000 | val loss=0.0006 | t=0.1s
[finetune_replay] ep  89/90 | train loss=0.0006 top1=1.000 | val loss=0.0006 | t=0.1s
[finetune_replay] ep  90/90 | train loss=0.0007 top1=1.000 | val loss=0.0006 | t=0.1s
[finetune_replay] DONE best_val_loss=0.0005 @ epoch 64
[13:17:21] [bo-budget] $ /home/s226137394/.conda/envs/maze/bin/python3 -u -m Equivariant_pathway.equivariant_CNN_hybrid.rollout_test --checkpoint /weka/s226137394/DmNfull/Equivariant_pathway/equivariant_CNN_hybrid/baseline_vs_p4/pool_x_selector/results/run_2/safe_dagger/checkpoints/best_hybrid_policy.pth --layouts /weka/s226137394/DmNfull/Equivariant_pathway/equivariant_CNN_hybrid/baseline_vs_p4/shared/heldout_layouts.yaml --out_dir /weka/s226137394/DmNfull/Equivariant_pathway/equivariant_CNN_hybrid/baseline_vs_p4/pool_x_selector/results/run_2/safe_dagger/results/eval_round_009 --seed 11 --max_steps 60
[hybrid-rollout] 200 unique; running 200 eps
[hybrid-rollout] loaded /weka/s226137394/DmNfull/Equivariant_pathway/equivariant_CNN_hybrid/baseline_vs_p4/pool_x_selector/results/run_2/safe_dagger/checkpoints/best_hybrid_policy.pth
[hybrid-rollout] ep 0 (heldout_001): steps=5 success=True
[hybrid-rollout] ep 1 (heldout_002): steps=4 success=True
[hybrid-rollout] ep 2 (heldout_003): steps=4 success=True
[hybrid-rollout] ep 3 (heldout_004): steps=6 success=True
[hybrid-rollout] ep 4 (heldout_005): steps=5 success=True
[hybrid-rollout] ep 5 (heldout_006): steps=3 success=False
[hybrid-rollout] ep 6 (heldout_007): steps=5 success=True
[hybrid-rollout] ep 7 (heldout_008): steps=4 success=True
[hybrid-rollout] ep 8 (heldout_009): steps=6 success=True
[hybrid-rollout] ep 9 (heldout_010): steps=60 success=False
[hybrid-rollout] ep 10 (heldout_011): steps=4 success=True
[hybrid-rollout] ep 11 (heldout_012): steps=4 success=True
[hybrid-rollout] ep 12 (heldout_013): steps=60 success=False
[hybrid-rollout] ep 13 (heldout_014): steps=5 success=True
[hybrid-rollout] ep 14 (heldout_015): steps=4 success=True
[hybrid-rollout] ep 15 (heldout_016): steps=5 success=True
[hybrid-rollout] ep 16 (heldout_017): steps=4 success=True
[hybrid-rollout] ep 17 (heldout_018): steps=60 success=False
[hybrid-rollout] ep 18 (heldout_019): steps=60 success=False
[hybrid-rollout] ep 19 (heldout_020): steps=5 success=True
[hybrid-rollout] ep 20 (heldout_021): steps=4 success=True
[hybrid-rollout] ep 21 (heldout_022): steps=4 success=True
[hybrid-rollout] ep 22 (heldout_023): steps=7 success=True
[hybrid-rollout] ep 23 (heldout_024): steps=60 success=False
[hybrid-rollout] ep 24 (heldout_025): steps=4 success=True
[hybrid-rollout] ep 25 (heldout_026): steps=4 success=True
[hybrid-rollout] ep 26 (heldout_027): steps=4 success=True
[hybrid-rollout] ep 27 (heldout_028): steps=4 success=True
[hybrid-rollout] ep 28 (heldout_029): steps=7 success=True
[hybrid-rollout] ep 29 (heldout_030): steps=3 success=False
[hybrid-rollout] ep 30 (heldout_031): steps=5 success=True
[hybrid-rollout] ep 31 (heldout_032): steps=5 success=True
[hybrid-rollout] ep 32 (heldout_033): steps=4 success=True
[hybrid-rollout] ep 33 (heldout_034): steps=5 success=True
[hybrid-rollout] ep 34 (heldout_035): steps=6 success=True
[hybrid-rollout] ep 35 (heldout_036): steps=5 success=True
[hybrid-rollout] ep 36 (heldout_037): steps=4 success=True
[hybrid-rollout] ep 37 (heldout_038): steps=5 success=True
[hybrid-rollout] ep 38 (heldout_039): steps=6 success=True
[hybrid-rollout] ep 39 (heldout_040): steps=5 success=True
[hybrid-rollout] ep 40 (heldout_041): steps=6 success=True
[hybrid-rollout] ep 41 (heldout_042): steps=4 success=True
[hybrid-rollout] ep 42 (heldout_043): steps=4 success=True
[hybrid-rollout] ep 43 (heldout_044): steps=5 success=True
[hybrid-rollout] ep 44 (heldout_045): steps=60 success=False
[hybrid-rollout] ep 45 (heldout_046): steps=4 success=True
[hybrid-rollout] ep 46 (heldout_047): steps=6 success=True
[hybrid-rollout] ep 47 (heldout_048): steps=6 success=True
[hybrid-rollout] ep 48 (heldout_049): steps=60 success=False
[hybrid-rollout] ep 49 (heldout_050): steps=4 success=True
[hybrid-rollout] ep 50 (heldout_051): steps=4 success=True
[hybrid-rollout] ep 51 (heldout_052): steps=4 success=True
[hybrid-rollout] ep 52 (heldout_053): steps=60 success=False
[hybrid-rollout] ep 53 (heldout_054): steps=4 success=True
[hybrid-rollout] ep 54 (heldout_055): steps=8 success=True
[hybrid-rollout] ep 55 (heldout_056): steps=4 success=True
[hybrid-rollout] ep 56 (heldout_057): steps=4 success=True
[hybrid-rollout] ep 57 (heldout_058): steps=4 success=True
[hybrid-rollout] ep 58 (heldout_059): steps=5 success=True
[hybrid-rollout] ep 59 (heldout_060): steps=6 success=True
[hybrid-rollout] ep 60 (heldout_061): steps=5 success=True
[hybrid-rollout] ep 61 (heldout_062): steps=6 success=True
[hybrid-rollout] ep 62 (heldout_063): steps=5 success=True
[hybrid-rollout] ep 63 (heldout_064): steps=4 success=True
[hybrid-rollout] ep 64 (heldout_065): steps=7 success=True
[hybrid-rollout] ep 65 (heldout_066): steps=6 success=True
[hybrid-rollout] ep 66 (heldout_067): steps=5 success=True
[hybrid-rollout] ep 67 (heldout_068): steps=4 success=True
[hybrid-rollout] ep 68 (heldout_069): steps=4 success=True
[hybrid-rollout] ep 69 (heldout_070): steps=7 success=True
[hybrid-rollout] ep 70 (heldout_071): steps=5 success=True
[hybrid-rollout] ep 71 (heldout_072): steps=5 success=True
[hybrid-rollout] ep 72 (heldout_073): steps=3 success=False
[hybrid-rollout] ep 73 (heldout_074): steps=4 success=True
[hybrid-rollout] ep 74 (heldout_075): steps=5 success=True
[hybrid-rollout] ep 75 (heldout_076): steps=9 success=True
[hybrid-rollout] ep 76 (heldout_077): steps=4 success=True
[hybrid-rollout] ep 77 (heldout_078): steps=6 success=True
[hybrid-rollout] ep 78 (heldout_079): steps=4 success=True
[hybrid-rollout] ep 79 (heldout_080): steps=4 success=True
[hybrid-rollout] ep 80 (heldout_081): steps=5 success=True
[hybrid-rollout] ep 81 (heldout_082): steps=5 success=True
[hybrid-rollout] ep 82 (heldout_083): steps=4 success=True
[hybrid-rollout] ep 83 (heldout_084): steps=5 success=True
[hybrid-rollout] ep 84 (heldout_085): steps=6 success=True
[hybrid-rollout] ep 85 (heldout_086): steps=6 success=True
[hybrid-rollout] ep 86 (heldout_087): steps=7 success=True
[hybrid-rollout] ep 87 (heldout_088): steps=4 success=True
[hybrid-rollout] ep 88 (heldout_089): steps=60 success=False
[hybrid-rollout] ep 89 (heldout_090): steps=4 success=True
[hybrid-rollout] ep 90 (heldout_091): steps=4 success=False
[hybrid-rollout] ep 91 (heldout_092): steps=5 success=True
[hybrid-rollout] ep 92 (heldout_093): steps=1 success=False
[hybrid-rollout] ep 93 (heldout_094): steps=6 success=True
[hybrid-rollout] ep 94 (heldout_095): steps=7 success=True
[hybrid-rollout] ep 95 (heldout_096): steps=5 success=True
[hybrid-rollout] ep 96 (heldout_097): steps=5 success=True
[hybrid-rollout] ep 97 (heldout_098): steps=5 success=True
[hybrid-rollout] ep 98 (heldout_099): steps=6 success=True
[hybrid-rollout] ep 99 (heldout_100): steps=8 success=True
[hybrid-rollout] ep 100 (heldout_101): steps=4 success=True
[hybrid-rollout] ep 101 (heldout_102): steps=4 success=True
[hybrid-rollout] ep 102 (heldout_103): steps=4 success=True
[hybrid-rollout] ep 103 (heldout_104): steps=6 success=True
[hybrid-rollout] ep 104 (heldout_105): steps=6 success=True
[hybrid-rollout] ep 105 (heldout_106): steps=60 success=False
[hybrid-rollout] ep 106 (heldout_107): steps=4 success=True
[hybrid-rollout] ep 107 (heldout_108): steps=4 success=True
[hybrid-rollout] ep 108 (heldout_109): steps=4 success=True
[hybrid-rollout] ep 109 (heldout_110): steps=4 success=True
[hybrid-rollout] ep 110 (heldout_111): steps=8 success=True
[hybrid-rollout] ep 111 (heldout_112): steps=5 success=True
[hybrid-rollout] ep 112 (heldout_113): steps=5 success=True
[hybrid-rollout] ep 113 (heldout_114): steps=4 success=True
[hybrid-rollout] ep 114 (heldout_115): steps=4 success=True
[hybrid-rollout] ep 115 (heldout_116): steps=5 success=True
[hybrid-rollout] ep 116 (heldout_117): steps=7 success=True
[hybrid-rollout] ep 117 (heldout_118): steps=6 success=False
[hybrid-rollout] ep 118 (heldout_119): steps=4 success=True
[hybrid-rollout] ep 119 (heldout_120): steps=7 success=True
[hybrid-rollout] ep 120 (heldout_121): steps=4 success=True
[hybrid-rollout] ep 121 (heldout_122): steps=4 success=True
[hybrid-rollout] ep 122 (heldout_123): steps=6 success=True
[hybrid-rollout] ep 123 (heldout_124): steps=8 success=True
[hybrid-rollout] ep 124 (heldout_125): steps=4 success=True
[hybrid-rollout] ep 125 (heldout_126): steps=4 success=True
[hybrid-rollout] ep 126 (heldout_127): steps=9 success=True
[hybrid-rollout] ep 127 (heldout_128): steps=7 success=True
[hybrid-rollout] ep 128 (heldout_129): steps=4 success=True
[hybrid-rollout] ep 129 (heldout_130): steps=4 success=True
[hybrid-rollout] ep 130 (heldout_131): steps=6 success=True
[hybrid-rollout] ep 131 (heldout_132): steps=4 success=True
[hybrid-rollout] ep 132 (heldout_133): steps=4 success=True
[hybrid-rollout] ep 133 (heldout_134): steps=60 success=False
[hybrid-rollout] ep 134 (heldout_135): steps=6 success=True
[hybrid-rollout] ep 135 (heldout_136): steps=5 success=True
[hybrid-rollout] ep 136 (heldout_137): steps=5 success=True
[hybrid-rollout] ep 137 (heldout_138): steps=4 success=True
[hybrid-rollout] ep 138 (heldout_139): steps=4 success=True
[hybrid-rollout] ep 139 (heldout_140): steps=7 success=True
[hybrid-rollout] ep 140 (heldout_141): steps=5 success=True
[hybrid-rollout] ep 141 (heldout_142): steps=4 success=True
[hybrid-rollout] ep 142 (heldout_143): steps=6 success=True
[hybrid-rollout] ep 143 (heldout_144): steps=4 success=True
[hybrid-rollout] ep 144 (heldout_145): steps=5 success=True
[hybrid-rollout] ep 145 (heldout_146): steps=7 success=True
[hybrid-rollout] ep 146 (heldout_147): steps=4 success=True
[hybrid-rollout] ep 147 (heldout_148): steps=5 success=True
[hybrid-rollout] ep 148 (heldout_149): steps=5 success=True
[hybrid-rollout] ep 149 (heldout_150): steps=4 success=True
[hybrid-rollout] ep 150 (heldout_151): steps=5 success=True
[hybrid-rollout] ep 151 (heldout_152): steps=6 success=True
[hybrid-rollout] ep 152 (heldout_153): steps=5 success=True
[hybrid-rollout] ep 153 (heldout_154): steps=7 success=True
[hybrid-rollout] ep 154 (heldout_155): steps=6 success=True
[hybrid-rollout] ep 155 (heldout_156): steps=8 success=True
[hybrid-rollout] ep 156 (heldout_157): steps=4 success=True
[hybrid-rollout] ep 157 (heldout_158): steps=3 success=False
[hybrid-rollout] ep 158 (heldout_159): steps=6 success=True
[hybrid-rollout] ep 159 (heldout_160): steps=4 success=True
[hybrid-rollout] ep 160 (heldout_161): steps=5 success=True
[hybrid-rollout] ep 161 (heldout_162): steps=5 success=True
[hybrid-rollout] ep 162 (heldout_163): steps=4 success=True
[hybrid-rollout] ep 163 (heldout_164): steps=6 success=True
[hybrid-rollout] ep 164 (heldout_165): steps=5 success=True
[hybrid-rollout] ep 165 (heldout_166): steps=60 success=False
[hybrid-rollout] ep 166 (heldout_167): steps=4 success=True
[hybrid-rollout] ep 167 (heldout_168): steps=4 success=True
[hybrid-rollout] ep 168 (heldout_169): steps=4 success=False
[hybrid-rollout] ep 169 (heldout_170): steps=6 success=True
[hybrid-rollout] ep 170 (heldout_171): steps=4 success=True
[hybrid-rollout] ep 171 (heldout_172): steps=5 success=True
[hybrid-rollout] ep 172 (heldout_173): steps=4 success=True
[hybrid-rollout] ep 173 (heldout_174): steps=5 success=True
[hybrid-rollout] ep 174 (heldout_175): steps=5 success=True
[hybrid-rollout] ep 175 (heldout_176): steps=6 success=True
[hybrid-rollout] ep 176 (heldout_177): steps=6 success=True
[hybrid-rollout] ep 177 (heldout_178): steps=5 success=True
[hybrid-rollout] ep 178 (heldout_179): steps=5 success=True
[hybrid-rollout] ep 179 (heldout_180): steps=4 success=True
[hybrid-rollout] ep 180 (heldout_181): steps=5 success=True
[hybrid-rollout] ep 181 (heldout_182): steps=4 success=True
[hybrid-rollout] ep 182 (heldout_183): steps=5 success=True
[hybrid-rollout] ep 183 (heldout_184): steps=7 success=True
[hybrid-rollout] ep 184 (heldout_185): steps=5 success=True
[hybrid-rollout] ep 185 (heldout_186): steps=4 success=True
[hybrid-rollout] ep 186 (heldout_187): steps=5 success=True
[hybrid-rollout] ep 187 (heldout_188): steps=5 success=True
[hybrid-rollout] ep 188 (heldout_189): steps=5 success=True
[hybrid-rollout] ep 189 (heldout_190): steps=7 success=True
[hybrid-rollout] ep 190 (heldout_191): steps=6 success=True
[hybrid-rollout] ep 191 (heldout_192): steps=5 success=True
[hybrid-rollout] ep 192 (heldout_193): steps=60 success=False
[hybrid-rollout] ep 193 (heldout_194): steps=6 success=True
[hybrid-rollout] ep 194 (heldout_195): steps=5 success=True
[hybrid-rollout] ep 195 (heldout_196): steps=4 success=True
[hybrid-rollout] ep 196 (heldout_197): steps=5 success=True
[hybrid-rollout] ep 197 (heldout_198): steps=4 success=True
[hybrid-rollout] ep 198 (heldout_199): steps=6 success=True
[hybrid-rollout] ep 199 (heldout_200): steps=4 success=True
[hybrid-rollout] DONE successes=179/200
[13:18:28] [iil-baseline] round 9: heldout_sr=0.895

--------------------------------------------------------------------------------
SAFE_DAGGER ROUND 10  (remaining budget = 6)
--------------------------------------------------------------------------------
[13:18:31] [iil-baseline] round 10: pool=20 successes=16 failures=4 correction_sr=0.800
[13:18:31] [iil-baseline] round 10: picked=1 saved=1 cum_extras=10/15
[13:18:31] [iil-baseline] $ /home/s226137394/.conda/envs/maze/bin/python3 -u -m Equivariant_pathway.equivariant_CNN_hybrid.baseline_vs_p4.pool_x_selector.trainer.finetune_replay --demo_dir /weka/s226137394/DmNfull/Equivariant_pathway/equivariant_CNN_hybrid/baseline_vs_p4/pool_x_selector/results/run_2/safe_dagger/demos --checkpoint_dir /weka/s226137394/DmNfull/Equivariant_pathway/equivariant_CNN_hybrid/baseline_vs_p4/pool_x_selector/results/run_2/safe_dagger/checkpoints --epochs 90 --batch_size 64 --lr 5e-05 --weight_decay 0.0001 --replay_mix 0.5 --replay_mix_floor 0.2 --seed 2 --resume --new_demos_dir /weka/s226137394/DmNfull/Equivariant_pathway/equivariant_CNN_hybrid/baseline_vs_p4/pool_x_selector/results/run_2/safe_dagger/demos/round_010
[finetune_replay] device=cuda demo_dir=/weka/s226137394/DmNfull/Equivariant_pathway/equivariant_CNN_hybrid/baseline_vs_p4/pool_x_selector/results/run_2/safe_dagger/demos new_demos_dir=/weka/s226137394/DmNfull/Equivariant_pathway/equivariant_CNN_hybrid/baseline_vs_p4/pool_x_selector/results/run_2/safe_dagger/demos/round_010
[hybrid-dataset] 29 demos -> 150 samples
[hybrid-dataset] 1 demos -> 6 samples
[finetune_replay] sampler audit: {'n_old_samples': 150, 'n_new_samples': 6, 'replay_mix_target': 0.5, 'replay_mix_effective': 0.5, 'replay_mix_floor': 0.2}
[finetune_replay] trainable params: 1,400,028
[finetune_replay] WARM START from last_hybrid_policy.pth
[finetune_replay] ep   1/90 | train loss=0.4948 top1=0.879 | val loss=0.1411 | t=1.1s  *
[finetune_replay] ep   2/90 | train loss=0.1667 top1=1.000 | val loss=0.1075 | t=0.1s  *
[finetune_replay] ep   3/90 | train loss=0.0660 top1=1.000 | val loss=0.1196 | t=0.1s
[finetune_replay] ep   4/90 | train loss=0.0464 top1=0.993 | val loss=0.1151 | t=0.3s
[finetune_replay] ep   5/90 | train loss=0.0149 top1=1.000 | val loss=0.0926 | t=0.2s  *
[finetune_replay] ep   6/90 | train loss=0.0157 top1=1.000 | val loss=0.0822 | t=0.2s  *
[finetune_replay] ep   7/90 | train loss=0.0078 top1=1.000 | val loss=0.1053 | t=0.2s
[finetune_replay] ep   8/90 | train loss=0.0112 top1=0.993 | val loss=0.1185 | t=0.2s
[finetune_replay] ep   9/90 | train loss=0.0042 top1=1.000 | val loss=0.1267 | t=0.2s
[finetune_replay] ep  10/90 | train loss=0.0091 top1=0.993 | val loss=0.0858 | t=0.2s
[finetune_replay] ep  11/90 | train loss=0.0028 top1=1.000 | val loss=0.0737 | t=0.1s  *
[finetune_replay] ep  12/90 | train loss=0.0074 top1=1.000 | val loss=0.0958 | t=0.3s
[finetune_replay] ep  13/90 | train loss=0.0029 top1=1.000 | val loss=0.1278 | t=0.1s
[finetune_replay] ep  14/90 | train loss=0.0028 top1=1.000 | val loss=0.1343 | t=0.1s
[finetune_replay] ep  15/90 | train loss=0.0027 top1=1.000 | val loss=0.1143 | t=0.2s
[finetune_replay] ep  16/90 | train loss=0.0022 top1=1.000 | val loss=0.1019 | t=0.1s
[finetune_replay] ep  17/90 | train loss=0.0025 top1=1.000 | val loss=0.0997 | t=0.2s
[finetune_replay] ep  18/90 | train loss=0.0017 top1=1.000 | val loss=0.1086 | t=0.2s
[finetune_replay] ep  19/90 | train loss=0.0019 top1=1.000 | val loss=0.1193 | t=0.1s
[finetune_replay] ep  20/90 | train loss=0.0017 top1=1.000 | val loss=0.1195 | t=0.1s
[finetune_replay] ep  21/90 | train loss=0.0011 top1=1.000 | val loss=0.1151 | t=0.1s
[finetune_replay] ep  22/90 | train loss=0.0013 top1=1.000 | val loss=0.1059 | t=0.2s
[finetune_replay] ep  23/90 | train loss=0.0012 top1=1.000 | val loss=0.1016 | t=0.1s
[finetune_replay] ep  24/90 | train loss=0.0010 top1=1.000 | val loss=0.1037 | t=0.1s
[finetune_replay] ep  25/90 | train loss=0.0015 top1=1.000 | val loss=0.1112 | t=0.1s
[finetune_replay] ep  26/90 | train loss=0.0010 top1=1.000 | val loss=0.1271 | t=0.1s
[finetune_replay] ep  27/90 | train loss=0.0053 top1=1.000 | val loss=0.1144 | t=0.2s
[finetune_replay] ep  28/90 | train loss=0.0011 top1=1.000 | val loss=0.1070 | t=0.2s
[finetune_replay] ep  29/90 | train loss=0.0010 top1=1.000 | val loss=0.1089 | t=0.2s
[finetune_replay] ep  30/90 | train loss=0.0009 top1=1.000 | val loss=0.1119 | t=0.1s
[finetune_replay] ep  31/90 | train loss=0.0009 top1=1.000 | val loss=0.1135 | t=0.1s
[finetune_replay] ep  32/90 | train loss=0.0008 top1=1.000 | val loss=0.1144 | t=0.1s
[finetune_replay] ep  33/90 | train loss=0.0009 top1=1.000 | val loss=0.1111 | t=0.2s
[finetune_replay] ep  34/90 | train loss=0.0008 top1=1.000 | val loss=0.1106 | t=0.2s
[finetune_replay] ep  35/90 | train loss=0.0010 top1=1.000 | val loss=0.1139 | t=0.1s
[finetune_replay] ep  36/90 | train loss=0.0007 top1=1.000 | val loss=0.1148 | t=0.1s
[finetune_replay] ep  37/90 | train loss=0.0007 top1=1.000 | val loss=0.1144 | t=0.1s
[finetune_replay] ep  38/90 | train loss=0.0007 top1=1.000 | val loss=0.1165 | t=0.1s
[finetune_replay] ep  39/90 | train loss=0.0007 top1=1.000 | val loss=0.1171 | t=0.1s
[finetune_replay] ep  40/90 | train loss=0.0007 top1=1.000 | val loss=0.1176 | t=0.1s
[finetune_replay] ep  41/90 | train loss=0.0006 top1=1.000 | val loss=0.1175 | t=0.1s
[finetune_replay] ep  42/90 | train loss=0.0008 top1=1.000 | val loss=0.1190 | t=0.1s
[finetune_replay] ep  43/90 | train loss=0.0007 top1=1.000 | val loss=0.1156 | t=0.2s
[finetune_replay] ep  44/90 | train loss=0.0008 top1=1.000 | val loss=0.1158 | t=0.1s
[finetune_replay] ep  45/90 | train loss=0.0008 top1=1.000 | val loss=0.1111 | t=0.2s
[finetune_replay] ep  46/90 | train loss=0.0008 top1=1.000 | val loss=0.1121 | t=0.1s
[finetune_replay] ep  47/90 | train loss=0.0006 top1=1.000 | val loss=0.1117 | t=0.1s
[finetune_replay] ep  48/90 | train loss=0.0008 top1=1.000 | val loss=0.1132 | t=0.1s
[finetune_replay] ep  49/90 | train loss=0.0008 top1=1.000 | val loss=0.1144 | t=0.1s
[finetune_replay] ep  50/90 | train loss=0.0008 top1=1.000 | val loss=0.1146 | t=0.1s
[finetune_replay] ep  51/90 | train loss=0.0007 top1=1.000 | val loss=0.1144 | t=0.1s
[finetune_replay] ep  52/90 | train loss=0.0007 top1=1.000 | val loss=0.1165 | t=0.1s
[finetune_replay] ep  53/90 | train loss=0.0006 top1=1.000 | val loss=0.1147 | t=0.1s
[finetune_replay] ep  54/90 | train loss=0.0007 top1=1.000 | val loss=0.1166 | t=0.1s
[finetune_replay] ep  55/90 | train loss=0.0007 top1=1.000 | val loss=0.1181 | t=0.1s
[finetune_replay] ep  56/90 | train loss=0.0007 top1=1.000 | val loss=0.1171 | t=0.1s
[finetune_replay] ep  57/90 | train loss=0.0006 top1=1.000 | val loss=0.1130 | t=0.2s
[finetune_replay] ep  58/90 | train loss=0.0006 top1=1.000 | val loss=0.1141 | t=0.1s
[finetune_replay] ep  59/90 | train loss=0.0007 top1=1.000 | val loss=0.1143 | t=0.1s
[finetune_replay] ep  60/90 | train loss=0.0006 top1=1.000 | val loss=0.1162 | t=0.1s
[finetune_replay] ep  61/90 | train loss=0.0007 top1=1.000 | val loss=0.1161 | t=0.1s
[finetune_replay] ep  62/90 | train loss=0.0006 top1=1.000 | val loss=0.1177 | t=0.1s
[finetune_replay] ep  63/90 | train loss=0.0007 top1=1.000 | val loss=0.1165 | t=0.1s
[finetune_replay] ep  64/90 | train loss=0.0007 top1=1.000 | val loss=0.1135 | t=0.1s
[finetune_replay] ep  65/90 | train loss=0.0007 top1=1.000 | val loss=0.1150 | t=0.1s
[finetune_replay] ep  66/90 | train loss=0.0008 top1=1.000 | val loss=0.1173 | t=0.1s
[finetune_replay] ep  67/90 | train loss=0.0006 top1=1.000 | val loss=0.1155 | t=0.2s
[finetune_replay] ep  68/90 | train loss=0.0007 top1=1.000 | val loss=0.1151 | t=0.2s
[finetune_replay] ep  69/90 | train loss=0.0007 top1=1.000 | val loss=0.1139 | t=0.1s
[finetune_replay] ep  70/90 | train loss=0.0007 top1=1.000 | val loss=0.1153 | t=0.1s
[finetune_replay] ep  71/90 | train loss=0.0005 top1=1.000 | val loss=0.1163 | t=0.1s
[finetune_replay] ep  72/90 | train loss=0.0006 top1=1.000 | val loss=0.1163 | t=0.1s
[finetune_replay] ep  73/90 | train loss=0.0006 top1=1.000 | val loss=0.1159 | t=0.1s
[finetune_replay] ep  74/90 | train loss=0.0007 top1=1.000 | val loss=0.1161 | t=0.2s
[finetune_replay] ep  75/90 | train loss=0.0007 top1=1.000 | val loss=0.1159 | t=0.1s
[finetune_replay] ep  76/90 | train loss=0.0006 top1=1.000 | val loss=0.1163 | t=0.1s
[finetune_replay] ep  77/90 | train loss=0.0006 top1=1.000 | val loss=0.1165 | t=0.1s
[finetune_replay] ep  78/90 | train loss=0.0007 top1=1.000 | val loss=0.1167 | t=0.1s
[finetune_replay] ep  79/90 | train loss=0.0005 top1=1.000 | val loss=0.1164 | t=0.1s
[finetune_replay] ep  80/90 | train loss=0.0006 top1=1.000 | val loss=0.1171 | t=0.1s
[finetune_replay] ep  81/90 | train loss=0.0006 top1=1.000 | val loss=0.1187 | t=0.1s
[finetune_replay] ep  82/90 | train loss=0.0005 top1=1.000 | val loss=0.1152 | t=0.2s
[finetune_replay] ep  83/90 | train loss=0.0006 top1=1.000 | val loss=0.1148 | t=0.1s
[finetune_replay] ep  84/90 | train loss=0.0006 top1=1.000 | val loss=0.1157 | t=0.1s
[finetune_replay] ep  85/90 | train loss=0.0005 top1=1.000 | val loss=0.1183 | t=0.1s
[finetune_replay] ep  86/90 | train loss=0.0006 top1=1.000 | val loss=0.1161 | t=0.2s
[finetune_replay] ep  87/90 | train loss=0.0006 top1=1.000 | val loss=0.1175 | t=0.1s
[finetune_replay] ep  88/90 | train loss=0.0006 top1=1.000 | val loss=0.1169 | t=0.1s
[finetune_replay] ep  89/90 | train loss=0.0005 top1=1.000 | val loss=0.1154 | t=0.1s
[finetune_replay] ep  90/90 | train loss=0.0005 top1=1.000 | val loss=0.1156 | t=0.1s
[finetune_replay] DONE best_val_loss=0.0737 @ epoch 11
[13:19:02] [bo-budget] $ /home/s226137394/.conda/envs/maze/bin/python3 -u -m Equivariant_pathway.equivariant_CNN_hybrid.rollout_test --checkpoint /weka/s226137394/DmNfull/Equivariant_pathway/equivariant_CNN_hybrid/baseline_vs_p4/pool_x_selector/results/run_2/safe_dagger/checkpoints/best_hybrid_policy.pth --layouts /weka/s226137394/DmNfull/Equivariant_pathway/equivariant_CNN_hybrid/baseline_vs_p4/shared/heldout_layouts.yaml --out_dir /weka/s226137394/DmNfull/Equivariant_pathway/equivariant_CNN_hybrid/baseline_vs_p4/pool_x_selector/results/run_2/safe_dagger/results/eval_round_010 --seed 12 --max_steps 60
[hybrid-rollout] 200 unique; running 200 eps
[hybrid-rollout] loaded /weka/s226137394/DmNfull/Equivariant_pathway/equivariant_CNN_hybrid/baseline_vs_p4/pool_x_selector/results/run_2/safe_dagger/checkpoints/best_hybrid_policy.pth
[hybrid-rollout] ep 0 (heldout_001): steps=5 success=True
[hybrid-rollout] ep 1 (heldout_002): steps=4 success=True
[hybrid-rollout] ep 2 (heldout_003): steps=4 success=True
[hybrid-rollout] ep 3 (heldout_004): steps=6 success=True
[hybrid-rollout] ep 4 (heldout_005): steps=5 success=True
[hybrid-rollout] ep 5 (heldout_006): steps=3 success=False
[hybrid-rollout] ep 6 (heldout_007): steps=5 success=True
[hybrid-rollout] ep 7 (heldout_008): steps=4 success=True
[hybrid-rollout] ep 8 (heldout_009): steps=2 success=False
[hybrid-rollout] ep 9 (heldout_010): steps=60 success=False
[hybrid-rollout] ep 10 (heldout_011): steps=4 success=True
[hybrid-rollout] ep 11 (heldout_012): steps=4 success=True
[hybrid-rollout] ep 12 (heldout_013): steps=5 success=True
[hybrid-rollout] ep 13 (heldout_014): steps=5 success=True
[hybrid-rollout] ep 14 (heldout_015): steps=4 success=True
[hybrid-rollout] ep 15 (heldout_016): steps=5 success=True
[hybrid-rollout] ep 16 (heldout_017): steps=4 success=True
[hybrid-rollout] ep 17 (heldout_018): steps=60 success=False
[hybrid-rollout] ep 18 (heldout_019): steps=5 success=True
[hybrid-rollout] ep 19 (heldout_020): steps=5 success=True
[hybrid-rollout] ep 20 (heldout_021): steps=4 success=True
[hybrid-rollout] ep 21 (heldout_022): steps=4 success=True
[hybrid-rollout] ep 22 (heldout_023): steps=60 success=False
[hybrid-rollout] ep 23 (heldout_024): steps=60 success=False
[hybrid-rollout] ep 24 (heldout_025): steps=4 success=True
[hybrid-rollout] ep 25 (heldout_026): steps=4 success=True
[hybrid-rollout] ep 26 (heldout_027): steps=4 success=True
[hybrid-rollout] ep 27 (heldout_028): steps=4 success=True
[hybrid-rollout] ep 28 (heldout_029): steps=5 success=True
[hybrid-rollout] ep 29 (heldout_030): steps=3 success=False
[hybrid-rollout] ep 30 (heldout_031): steps=5 success=True
[hybrid-rollout] ep 31 (heldout_032): steps=5 success=True
[hybrid-rollout] ep 32 (heldout_033): steps=4 success=True
[hybrid-rollout] ep 33 (heldout_034): steps=5 success=True
[hybrid-rollout] ep 34 (heldout_035): steps=60 success=False
[hybrid-rollout] ep 35 (heldout_036): steps=5 success=True
[hybrid-rollout] ep 36 (heldout_037): steps=4 success=True
[hybrid-rollout] ep 37 (heldout_038): steps=60 success=False
[hybrid-rollout] ep 38 (heldout_039): steps=6 success=True
[hybrid-rollout] ep 39 (heldout_040): steps=5 success=True
[hybrid-rollout] ep 40 (heldout_041): steps=6 success=True
[hybrid-rollout] ep 41 (heldout_042): steps=4 success=True
[hybrid-rollout] ep 42 (heldout_043): steps=4 success=True
[hybrid-rollout] ep 43 (heldout_044): steps=5 success=True
[hybrid-rollout] ep 44 (heldout_045): steps=3 success=False
[hybrid-rollout] ep 45 (heldout_046): steps=4 success=True
[hybrid-rollout] ep 46 (heldout_047): steps=6 success=True
[hybrid-rollout] ep 47 (heldout_048): steps=6 success=True
[hybrid-rollout] ep 48 (heldout_049): steps=5 success=True
[hybrid-rollout] ep 49 (heldout_050): steps=4 success=True
[hybrid-rollout] ep 50 (heldout_051): steps=4 success=True
[hybrid-rollout] ep 51 (heldout_052): steps=4 success=True
[hybrid-rollout] ep 52 (heldout_053): steps=6 success=True
[hybrid-rollout] ep 53 (heldout_054): steps=4 success=True
[hybrid-rollout] ep 54 (heldout_055): steps=6 success=True
[hybrid-rollout] ep 55 (heldout_056): steps=4 success=True
[hybrid-rollout] ep 56 (heldout_057): steps=4 success=True
[hybrid-rollout] ep 57 (heldout_058): steps=4 success=True
[hybrid-rollout] ep 58 (heldout_059): steps=5 success=True
[hybrid-rollout] ep 59 (heldout_060): steps=6 success=True
[hybrid-rollout] ep 60 (heldout_061): steps=5 success=True
[hybrid-rollout] ep 61 (heldout_062): steps=6 success=True
[hybrid-rollout] ep 62 (heldout_063): steps=5 success=True
[hybrid-rollout] ep 63 (heldout_064): steps=4 success=True
[hybrid-rollout] ep 64 (heldout_065): steps=7 success=True
[hybrid-rollout] ep 65 (heldout_066): steps=6 success=True
[hybrid-rollout] ep 66 (heldout_067): steps=5 success=True
[hybrid-rollout] ep 67 (heldout_068): steps=4 success=True
[hybrid-rollout] ep 68 (heldout_069): steps=4 success=True
[hybrid-rollout] ep 69 (heldout_070): steps=7 success=True
[hybrid-rollout] ep 70 (heldout_071): steps=60 success=False
[hybrid-rollout] ep 71 (heldout_072): steps=5 success=True
[hybrid-rollout] ep 72 (heldout_073): steps=3 success=False
[hybrid-rollout] ep 73 (heldout_074): steps=4 success=True
[hybrid-rollout] ep 74 (heldout_075): steps=5 success=True
[hybrid-rollout] ep 75 (heldout_076): steps=7 success=True
[hybrid-rollout] ep 76 (heldout_077): steps=4 success=True
[hybrid-rollout] ep 77 (heldout_078): steps=6 success=True
[hybrid-rollout] ep 78 (heldout_079): steps=4 success=True
[hybrid-rollout] ep 79 (heldout_080): steps=4 success=True
[hybrid-rollout] ep 80 (heldout_081): steps=5 success=True
[hybrid-rollout] ep 81 (heldout_082): steps=5 success=True
[hybrid-rollout] ep 82 (heldout_083): steps=60 success=False
[hybrid-rollout] ep 83 (heldout_084): steps=5 success=True
[hybrid-rollout] ep 84 (heldout_085): steps=6 success=True
[hybrid-rollout] ep 85 (heldout_086): steps=6 success=True
[hybrid-rollout] ep 86 (heldout_087): steps=5 success=True
[hybrid-rollout] ep 87 (heldout_088): steps=4 success=True
[hybrid-rollout] ep 88 (heldout_089): steps=3 success=False
[hybrid-rollout] ep 89 (heldout_090): steps=4 success=True
[hybrid-rollout] ep 90 (heldout_091): steps=4 success=False
[hybrid-rollout] ep 91 (heldout_092): steps=5 success=True
[hybrid-rollout] ep 92 (heldout_093): steps=1 success=False
[hybrid-rollout] ep 93 (heldout_094): steps=6 success=True
[hybrid-rollout] ep 94 (heldout_095): steps=7 success=True
[hybrid-rollout] ep 95 (heldout_096): steps=5 success=True
[hybrid-rollout] ep 96 (heldout_097): steps=5 success=True
[hybrid-rollout] ep 97 (heldout_098): steps=5 success=True
[hybrid-rollout] ep 98 (heldout_099): steps=6 success=True
[hybrid-rollout] ep 99 (heldout_100): steps=8 success=True
[hybrid-rollout] ep 100 (heldout_101): steps=4 success=True
[hybrid-rollout] ep 101 (heldout_102): steps=4 success=True
[hybrid-rollout] ep 102 (heldout_103): steps=4 success=True
[hybrid-rollout] ep 103 (heldout_104): steps=6 success=True
[hybrid-rollout] ep 104 (heldout_105): steps=6 success=True
[hybrid-rollout] ep 105 (heldout_106): steps=6 success=True
[hybrid-rollout] ep 106 (heldout_107): steps=4 success=True
[hybrid-rollout] ep 107 (heldout_108): steps=4 success=True
[hybrid-rollout] ep 108 (heldout_109): steps=4 success=True
[hybrid-rollout] ep 109 (heldout_110): steps=4 success=True
[hybrid-rollout] ep 110 (heldout_111): steps=5 success=False
[hybrid-rollout] ep 111 (heldout_112): steps=5 success=True
[hybrid-rollout] ep 112 (heldout_113): steps=5 success=True
[hybrid-rollout] ep 113 (heldout_114): steps=4 success=True
[hybrid-rollout] ep 114 (heldout_115): steps=4 success=True
[hybrid-rollout] ep 115 (heldout_116): steps=5 success=True
[hybrid-rollout] ep 116 (heldout_117): steps=1 success=False
[hybrid-rollout] ep 117 (heldout_118): steps=6 success=False
[hybrid-rollout] ep 118 (heldout_119): steps=4 success=True
[hybrid-rollout] ep 119 (heldout_120): steps=7 success=True
[hybrid-rollout] ep 120 (heldout_121): steps=4 success=True
[hybrid-rollout] ep 121 (heldout_122): steps=4 success=True
[hybrid-rollout] ep 122 (heldout_123): steps=6 success=True
[hybrid-rollout] ep 123 (heldout_124): steps=8 success=True
[hybrid-rollout] ep 124 (heldout_125): steps=4 success=True
[hybrid-rollout] ep 125 (heldout_126): steps=4 success=True
[hybrid-rollout] ep 126 (heldout_127): steps=60 success=False
[hybrid-rollout] ep 127 (heldout_128): steps=60 success=False
[hybrid-rollout] ep 128 (heldout_129): steps=4 success=True
[hybrid-rollout] ep 129 (heldout_130): steps=4 success=True
[hybrid-rollout] ep 130 (heldout_131): steps=6 success=True
[hybrid-rollout] ep 131 (heldout_132): steps=4 success=True
[hybrid-rollout] ep 132 (heldout_133): steps=4 success=True
[hybrid-rollout] ep 133 (heldout_134): steps=3 success=False
[hybrid-rollout] ep 134 (heldout_135): steps=6 success=True
[hybrid-rollout] ep 135 (heldout_136): steps=5 success=True
[hybrid-rollout] ep 136 (heldout_137): steps=5 success=True
[hybrid-rollout] ep 137 (heldout_138): steps=4 success=True
[hybrid-rollout] ep 138 (heldout_139): steps=4 success=True
[hybrid-rollout] ep 139 (heldout_140): steps=5 success=True
[hybrid-rollout] ep 140 (heldout_141): steps=5 success=True
[hybrid-rollout] ep 141 (heldout_142): steps=4 success=True
[hybrid-rollout] ep 142 (heldout_143): steps=8 success=True
[hybrid-rollout] ep 143 (heldout_144): steps=4 success=True
[hybrid-rollout] ep 144 (heldout_145): steps=5 success=True
[hybrid-rollout] ep 145 (heldout_146): steps=7 success=True
[hybrid-rollout] ep 146 (heldout_147): steps=4 success=True
[hybrid-rollout] ep 147 (heldout_148): steps=5 success=True
[hybrid-rollout] ep 148 (heldout_149): steps=7 success=True
[hybrid-rollout] ep 149 (heldout_150): steps=4 success=True
[hybrid-rollout] ep 150 (heldout_151): steps=5 success=True
[hybrid-rollout] ep 151 (heldout_152): steps=6 success=True
[hybrid-rollout] ep 152 (heldout_153): steps=5 success=True
[hybrid-rollout] ep 153 (heldout_154): steps=7 success=True
[hybrid-rollout] ep 154 (heldout_155): steps=60 success=False
[hybrid-rollout] ep 155 (heldout_156): steps=4 success=False
[hybrid-rollout] ep 156 (heldout_157): steps=4 success=True
[hybrid-rollout] ep 157 (heldout_158): steps=3 success=False
[hybrid-rollout] ep 158 (heldout_159): steps=6 success=True
[hybrid-rollout] ep 159 (heldout_160): steps=4 success=True
[hybrid-rollout] ep 160 (heldout_161): steps=60 success=False
[hybrid-rollout] ep 161 (heldout_162): steps=5 success=True
[hybrid-rollout] ep 162 (heldout_163): steps=4 success=True
[hybrid-rollout] ep 163 (heldout_164): steps=4 success=True
[hybrid-rollout] ep 164 (heldout_165): steps=5 success=True
[hybrid-rollout] ep 165 (heldout_166): steps=60 success=False
[hybrid-rollout] ep 166 (heldout_167): steps=4 success=True
[hybrid-rollout] ep 167 (heldout_168): steps=4 success=True
[hybrid-rollout] ep 168 (heldout_169): steps=4 success=False
[hybrid-rollout] ep 169 (heldout_170): steps=5 success=False
[hybrid-rollout] ep 170 (heldout_171): steps=4 success=True
[hybrid-rollout] ep 171 (heldout_172): steps=5 success=True
[hybrid-rollout] ep 172 (heldout_173): steps=4 success=True
[hybrid-rollout] ep 173 (heldout_174): steps=5 success=True
[hybrid-rollout] ep 174 (heldout_175): steps=5 success=True
[hybrid-rollout] ep 175 (heldout_176): steps=5 success=False
[hybrid-rollout] ep 176 (heldout_177): steps=6 success=True
[hybrid-rollout] ep 177 (heldout_178): steps=5 success=True
[hybrid-rollout] ep 178 (heldout_179): steps=5 success=True
[hybrid-rollout] ep 179 (heldout_180): steps=4 success=True
[hybrid-rollout] ep 180 (heldout_181): steps=5 success=True
[hybrid-rollout] ep 181 (heldout_182): steps=4 success=True
[hybrid-rollout] ep 182 (heldout_183): steps=5 success=True
[hybrid-rollout] ep 183 (heldout_184): steps=7 success=True
[hybrid-rollout] ep 184 (heldout_185): steps=5 success=True
[hybrid-rollout] ep 185 (heldout_186): steps=4 success=True
[hybrid-rollout] ep 186 (heldout_187): steps=5 success=True
[hybrid-rollout] ep 187 (heldout_188): steps=5 success=True
[hybrid-rollout] ep 188 (heldout_189): steps=5 success=True
[hybrid-rollout] ep 189 (heldout_190): steps=7 success=True
[hybrid-rollout] ep 190 (heldout_191): steps=4 success=True
[hybrid-rollout] ep 191 (heldout_192): steps=5 success=True
[hybrid-rollout] ep 192 (heldout_193): steps=7 success=True
[hybrid-rollout] ep 193 (heldout_194): steps=6 success=True
[hybrid-rollout] ep 194 (heldout_195): steps=5 success=True
[hybrid-rollout] ep 195 (heldout_196): steps=4 success=True
[hybrid-rollout] ep 196 (heldout_197): steps=5 success=True
[hybrid-rollout] ep 197 (heldout_198): steps=4 success=True
[hybrid-rollout] ep 198 (heldout_199): steps=4 success=True
[hybrid-rollout] ep 199 (heldout_200): steps=4 success=True
[hybrid-rollout] DONE successes=170/200
[13:20:08] [iil-baseline] round 10: heldout_sr=0.850

--------------------------------------------------------------------------------
SAFE_DAGGER ROUND 11  (remaining budget = 5)
--------------------------------------------------------------------------------
[13:20:10] [iil-baseline] round 11: pool=20 successes=18 failures=2 correction_sr=0.900
[13:20:10] [iil-baseline] round 11: picked=1 saved=1 cum_extras=11/15
[13:20:10] [iil-baseline] $ /home/s226137394/.conda/envs/maze/bin/python3 -u -m Equivariant_pathway.equivariant_CNN_hybrid.baseline_vs_p4.pool_x_selector.trainer.finetune_replay --demo_dir /weka/s226137394/DmNfull/Equivariant_pathway/equivariant_CNN_hybrid/baseline_vs_p4/pool_x_selector/results/run_2/safe_dagger/demos --checkpoint_dir /weka/s226137394/DmNfull/Equivariant_pathway/equivariant_CNN_hybrid/baseline_vs_p4/pool_x_selector/results/run_2/safe_dagger/checkpoints --epochs 90 --batch_size 64 --lr 5e-05 --weight_decay 0.0001 --replay_mix 0.5 --replay_mix_floor 0.2 --seed 2 --resume --new_demos_dir /weka/s226137394/DmNfull/Equivariant_pathway/equivariant_CNN_hybrid/baseline_vs_p4/pool_x_selector/results/run_2/safe_dagger/demos/round_011
[finetune_replay] device=cuda demo_dir=/weka/s226137394/DmNfull/Equivariant_pathway/equivariant_CNN_hybrid/baseline_vs_p4/pool_x_selector/results/run_2/safe_dagger/demos new_demos_dir=/weka/s226137394/DmNfull/Equivariant_pathway/equivariant_CNN_hybrid/baseline_vs_p4/pool_x_selector/results/run_2/safe_dagger/demos/round_011
[hybrid-dataset] 30 demos -> 156 samples
[hybrid-dataset] 1 demos -> 4 samples
[finetune_replay] sampler audit: {'n_old_samples': 156, 'n_new_samples': 4, 'replay_mix_target': 0.5, 'replay_mix_effective': 0.5, 'replay_mix_floor': 0.2}
[finetune_replay] trainable params: 1,400,028
[finetune_replay] WARM START from last_hybrid_policy.pth
[finetune_replay] ep   1/90 | train loss=0.0612 top1=1.000 | val loss=0.0864 | t=1.0s  *
[finetune_replay] ep   2/90 | train loss=0.1008 top1=0.986 | val loss=0.0039 | t=0.2s  *
[finetune_replay] ep   3/90 | train loss=0.0152 top1=0.993 | val loss=0.0032 | t=0.2s  *
[finetune_replay] ep   4/90 | train loss=0.0090 top1=1.000 | val loss=0.0041 | t=0.2s
[finetune_replay] ep   5/90 | train loss=0.0057 top1=1.000 | val loss=0.0029 | t=0.1s  *
[finetune_replay] ep   6/90 | train loss=0.0018 top1=1.000 | val loss=0.0028 | t=0.1s  *
[finetune_replay] ep   7/90 | train loss=0.0022 top1=1.000 | val loss=0.0032 | t=0.1s
[finetune_replay] ep   8/90 | train loss=0.0019 top1=1.000 | val loss=0.0041 | t=0.1s
[finetune_replay] ep   9/90 | train loss=0.0017 top1=1.000 | val loss=0.0040 | t=0.2s
[finetune_replay] ep  10/90 | train loss=0.0013 top1=1.000 | val loss=0.0040 | t=0.1s
[finetune_replay] ep  11/90 | train loss=0.0012 top1=1.000 | val loss=0.0065 | t=0.2s
[finetune_replay] ep  12/90 | train loss=0.0010 top1=1.000 | val loss=0.0071 | t=0.1s
[finetune_replay] ep  13/90 | train loss=0.0013 top1=1.000 | val loss=0.0072 | t=0.2s
[finetune_replay] ep  14/90 | train loss=0.0011 top1=1.000 | val loss=0.0045 | t=0.2s
[finetune_replay] ep  15/90 | train loss=0.0009 top1=1.000 | val loss=0.0044 | t=0.1s
[finetune_replay] ep  16/90 | train loss=0.0014 top1=1.000 | val loss=0.0052 | t=0.1s
[finetune_replay] ep  17/90 | train loss=0.0011 top1=1.000 | val loss=0.0086 | t=0.2s
[finetune_replay] ep  18/90 | train loss=0.0007 top1=1.000 | val loss=0.0054 | t=0.1s
[finetune_replay] ep  19/90 | train loss=0.0015 top1=1.000 | val loss=0.0052 | t=0.1s
[finetune_replay] ep  20/90 | train loss=0.0008 top1=1.000 | val loss=0.0121 | t=0.2s
[finetune_replay] ep  21/90 | train loss=0.0019 top1=1.000 | val loss=0.0063 | t=0.1s
[finetune_replay] ep  22/90 | train loss=0.0008 top1=1.000 | val loss=0.0033 | t=0.2s
[finetune_replay] ep  23/90 | train loss=0.0009 top1=1.000 | val loss=0.0035 | t=0.1s
[finetune_replay] ep  24/90 | train loss=0.0009 top1=1.000 | val loss=0.0047 | t=0.1s
[finetune_replay] ep  25/90 | train loss=0.0007 top1=1.000 | val loss=0.0117 | t=0.2s
[finetune_replay] ep  26/90 | train loss=0.0007 top1=1.000 | val loss=0.0118 | t=0.1s
[finetune_replay] ep  27/90 | train loss=0.0008 top1=1.000 | val loss=0.0068 | t=0.1s
[finetune_replay] ep  28/90 | train loss=0.0007 top1=1.000 | val loss=0.0038 | t=0.1s
[finetune_replay] ep  29/90 | train loss=0.0006 top1=1.000 | val loss=0.0034 | t=0.1s
[finetune_replay] ep  30/90 | train loss=0.0005 top1=1.000 | val loss=0.0035 | t=0.2s
[finetune_replay] ep  31/90 | train loss=0.0005 top1=1.000 | val loss=0.0048 | t=0.1s
[finetune_replay] ep  32/90 | train loss=0.0005 top1=1.000 | val loss=0.0049 | t=0.1s
[finetune_replay] ep  33/90 | train loss=0.0005 top1=1.000 | val loss=0.0051 | t=0.1s
[finetune_replay] ep  34/90 | train loss=0.0004 top1=1.000 | val loss=0.0069 | t=0.1s
[finetune_replay] ep  35/90 | train loss=0.0004 top1=1.000 | val loss=0.0069 | t=0.1s
[finetune_replay] ep  36/90 | train loss=0.0005 top1=1.000 | val loss=0.0060 | t=0.1s
[finetune_replay] ep  37/90 | train loss=0.0004 top1=1.000 | val loss=0.0054 | t=0.1s
[finetune_replay] ep  38/90 | train loss=0.0005 top1=1.000 | val loss=0.0053 | t=0.1s
[finetune_replay] ep  39/90 | train loss=0.0005 top1=1.000 | val loss=0.0045 | t=0.1s
[finetune_replay] ep  40/90 | train loss=0.0005 top1=1.000 | val loss=0.0047 | t=0.1s
[finetune_replay] ep  41/90 | train loss=0.0004 top1=1.000 | val loss=0.0049 | t=0.1s
[finetune_replay] ep  42/90 | train loss=0.0004 top1=1.000 | val loss=0.0051 | t=0.1s
[finetune_replay] ep  43/90 | train loss=0.0004 top1=1.000 | val loss=0.0054 | t=0.2s
[finetune_replay] ep  44/90 | train loss=0.0005 top1=1.000 | val loss=0.0046 | t=0.1s
[finetune_replay] ep  45/90 | train loss=0.0005 top1=1.000 | val loss=0.0045 | t=0.1s
[finetune_replay] ep  46/90 | train loss=0.0004 top1=1.000 | val loss=0.0044 | t=0.1s
[finetune_replay] ep  47/90 | train loss=0.0004 top1=1.000 | val loss=0.0043 | t=0.1s
[finetune_replay] ep  48/90 | train loss=0.0004 top1=1.000 | val loss=0.0038 | t=0.1s
[finetune_replay] ep  49/90 | train loss=0.0004 top1=1.000 | val loss=0.0040 | t=0.2s
[finetune_replay] ep  50/90 | train loss=0.0004 top1=1.000 | val loss=0.0044 | t=0.1s
[finetune_replay] ep  51/90 | train loss=0.0003 top1=1.000 | val loss=0.0050 | t=0.1s
[finetune_replay] ep  52/90 | train loss=0.0004 top1=1.000 | val loss=0.0050 | t=0.1s
[finetune_replay] ep  53/90 | train loss=0.0004 top1=1.000 | val loss=0.0051 | t=0.1s
[finetune_replay] ep  54/90 | train loss=0.0004 top1=1.000 | val loss=0.0046 | t=0.1s
[finetune_replay] ep  55/90 | train loss=0.0003 top1=1.000 | val loss=0.0041 | t=0.1s
[finetune_replay] ep  56/90 | train loss=0.0003 top1=1.000 | val loss=0.0044 | t=0.2s
[finetune_replay] ep  57/90 | train loss=0.0003 top1=1.000 | val loss=0.0041 | t=0.2s
[finetune_replay] ep  58/90 | train loss=0.0004 top1=1.000 | val loss=0.0039 | t=0.1s
[finetune_replay] ep  59/90 | train loss=0.0003 top1=1.000 | val loss=0.0037 | t=0.1s
[finetune_replay] ep  60/90 | train loss=0.0003 top1=1.000 | val loss=0.0034 | t=0.1s
[finetune_replay] ep  61/90 | train loss=0.0004 top1=1.000 | val loss=0.0033 | t=0.1s
[finetune_replay] ep  62/90 | train loss=0.0003 top1=1.000 | val loss=0.0033 | t=0.1s
[finetune_replay] ep  63/90 | train loss=0.0004 top1=1.000 | val loss=0.0042 | t=0.2s
[finetune_replay] ep  64/90 | train loss=0.0004 top1=1.000 | val loss=0.0045 | t=0.1s
[finetune_replay] ep  65/90 | train loss=0.0004 top1=1.000 | val loss=0.0044 | t=0.1s
[finetune_replay] ep  66/90 | train loss=0.0004 top1=1.000 | val loss=0.0044 | t=0.1s
[finetune_replay] ep  67/90 | train loss=0.0004 top1=1.000 | val loss=0.0044 | t=0.1s
[finetune_replay] ep  68/90 | train loss=0.0005 top1=1.000 | val loss=0.0050 | t=0.1s
[finetune_replay] ep  69/90 | train loss=0.0003 top1=1.000 | val loss=0.0053 | t=0.1s
[finetune_replay] ep  70/90 | train loss=0.0004 top1=1.000 | val loss=0.0057 | t=0.1s
[finetune_replay] ep  71/90 | train loss=0.0004 top1=1.000 | val loss=0.0057 | t=0.1s
[finetune_replay] ep  72/90 | train loss=0.0005 top1=1.000 | val loss=0.0054 | t=0.1s
[finetune_replay] ep  73/90 | train loss=0.0004 top1=1.000 | val loss=0.0053 | t=0.1s
[finetune_replay] ep  74/90 | train loss=0.0003 top1=1.000 | val loss=0.0054 | t=0.1s
[finetune_replay] ep  75/90 | train loss=0.0003 top1=1.000 | val loss=0.0052 | t=0.2s
[finetune_replay] ep  76/90 | train loss=0.0004 top1=1.000 | val loss=0.0050 | t=0.1s
[finetune_replay] ep  77/90 | train loss=0.0004 top1=1.000 | val loss=0.0050 | t=0.1s
[finetune_replay] ep  78/90 | train loss=0.0003 top1=1.000 | val loss=0.0049 | t=0.1s
[finetune_replay] ep  79/90 | train loss=0.0003 top1=1.000 | val loss=0.0048 | t=0.1s
[finetune_replay] ep  80/90 | train loss=0.0004 top1=1.000 | val loss=0.0050 | t=0.1s
[finetune_replay] ep  81/90 | train loss=0.0004 top1=1.000 | val loss=0.0051 | t=0.1s
[finetune_replay] ep  82/90 | train loss=0.0004 top1=1.000 | val loss=0.0049 | t=0.1s
[finetune_replay] ep  83/90 | train loss=0.0003 top1=1.000 | val loss=0.0053 | t=0.1s
[finetune_replay] ep  84/90 | train loss=0.0003 top1=1.000 | val loss=0.0052 | t=0.1s
[finetune_replay] ep  85/90 | train loss=0.0004 top1=1.000 | val loss=0.0051 | t=0.1s
[finetune_replay] ep  86/90 | train loss=0.0004 top1=1.000 | val loss=0.0056 | t=0.1s
[finetune_replay] ep  87/90 | train loss=0.0004 top1=1.000 | val loss=0.0053 | t=0.1s
[finetune_replay] ep  88/90 | train loss=0.0004 top1=1.000 | val loss=0.0052 | t=0.1s
[finetune_replay] ep  89/90 | train loss=0.0003 top1=1.000 | val loss=0.0051 | t=0.1s
[finetune_replay] ep  90/90 | train loss=0.0004 top1=1.000 | val loss=0.0053 | t=0.1s
[finetune_replay] DONE best_val_loss=0.0028 @ epoch 6
[13:20:43] [bo-budget] $ /home/s226137394/.conda/envs/maze/bin/python3 -u -m Equivariant_pathway.equivariant_CNN_hybrid.rollout_test --checkpoint /weka/s226137394/DmNfull/Equivariant_pathway/equivariant_CNN_hybrid/baseline_vs_p4/pool_x_selector/results/run_2/safe_dagger/checkpoints/best_hybrid_policy.pth --layouts /weka/s226137394/DmNfull/Equivariant_pathway/equivariant_CNN_hybrid/baseline_vs_p4/shared/heldout_layouts.yaml --out_dir /weka/s226137394/DmNfull/Equivariant_pathway/equivariant_CNN_hybrid/baseline_vs_p4/pool_x_selector/results/run_2/safe_dagger/results/eval_round_011 --seed 13 --max_steps 60
[hybrid-rollout] 200 unique; running 200 eps
[hybrid-rollout] loaded /weka/s226137394/DmNfull/Equivariant_pathway/equivariant_CNN_hybrid/baseline_vs_p4/pool_x_selector/results/run_2/safe_dagger/checkpoints/best_hybrid_policy.pth
[hybrid-rollout] ep 0 (heldout_001): steps=5 success=True
[hybrid-rollout] ep 1 (heldout_002): steps=4 success=True
[hybrid-rollout] ep 2 (heldout_003): steps=4 success=True
[hybrid-rollout] ep 3 (heldout_004): steps=6 success=True
[hybrid-rollout] ep 4 (heldout_005): steps=5 success=True
[hybrid-rollout] ep 5 (heldout_006): steps=3 success=False
[hybrid-rollout] ep 6 (heldout_007): steps=5 success=True
[hybrid-rollout] ep 7 (heldout_008): steps=4 success=True
[hybrid-rollout] ep 8 (heldout_009): steps=2 success=False
[hybrid-rollout] ep 9 (heldout_010): steps=6 success=False
[hybrid-rollout] ep 10 (heldout_011): steps=4 success=True
[hybrid-rollout] ep 11 (heldout_012): steps=4 success=True
[hybrid-rollout] ep 12 (heldout_013): steps=5 success=True
[hybrid-rollout] ep 13 (heldout_014): steps=5 success=True
[hybrid-rollout] ep 14 (heldout_015): steps=4 success=True
[hybrid-rollout] ep 15 (heldout_016): steps=5 success=True
[hybrid-rollout] ep 16 (heldout_017): steps=4 success=True
[hybrid-rollout] ep 17 (heldout_018): steps=60 success=False
[hybrid-rollout] ep 18 (heldout_019): steps=5 success=True
[hybrid-rollout] ep 19 (heldout_020): steps=5 success=True
[hybrid-rollout] ep 20 (heldout_021): steps=4 success=True
[hybrid-rollout] ep 21 (heldout_022): steps=4 success=True
[hybrid-rollout] ep 22 (heldout_023): steps=7 success=True
[hybrid-rollout] ep 23 (heldout_024): steps=4 success=True
[hybrid-rollout] ep 24 (heldout_025): steps=4 success=True
[hybrid-rollout] ep 25 (heldout_026): steps=4 success=True
[hybrid-rollout] ep 26 (heldout_027): steps=4 success=True
[hybrid-rollout] ep 27 (heldout_028): steps=4 success=True
[hybrid-rollout] ep 28 (heldout_029): steps=7 success=True
[hybrid-rollout] ep 29 (heldout_030): steps=3 success=False
[hybrid-rollout] ep 30 (heldout_031): steps=5 success=True
[hybrid-rollout] ep 31 (heldout_032): steps=5 success=True
[hybrid-rollout] ep 32 (heldout_033): steps=4 success=True
[hybrid-rollout] ep 33 (heldout_034): steps=5 success=True
[hybrid-rollout] ep 34 (heldout_035): steps=6 success=True
[hybrid-rollout] ep 35 (heldout_036): steps=5 success=True
[hybrid-rollout] ep 36 (heldout_037): steps=4 success=True
[hybrid-rollout] ep 37 (heldout_038): steps=5 success=True
[hybrid-rollout] ep 38 (heldout_039): steps=6 success=True
[hybrid-rollout] ep 39 (heldout_040): steps=5 success=True
[hybrid-rollout] ep 40 (heldout_041): steps=3 success=False
[hybrid-rollout] ep 41 (heldout_042): steps=4 success=True
[hybrid-rollout] ep 42 (heldout_043): steps=4 success=True
[hybrid-rollout] ep 43 (heldout_044): steps=5 success=True
[hybrid-rollout] ep 44 (heldout_045): steps=3 success=False
[hybrid-rollout] ep 45 (heldout_046): steps=4 success=True
[hybrid-rollout] ep 46 (heldout_047): steps=6 success=True
[hybrid-rollout] ep 47 (heldout_048): steps=6 success=True
[hybrid-rollout] ep 48 (heldout_049): steps=5 success=True
[hybrid-rollout] ep 49 (heldout_050): steps=4 success=True
[hybrid-rollout] ep 50 (heldout_051): steps=4 success=True
[hybrid-rollout] ep 51 (heldout_052): steps=4 success=True
[hybrid-rollout] ep 52 (heldout_053): steps=6 success=True
[hybrid-rollout] ep 53 (heldout_054): steps=3 success=False
[hybrid-rollout] ep 54 (heldout_055): steps=8 success=True
[hybrid-rollout] ep 55 (heldout_056): steps=4 success=True
[hybrid-rollout] ep 56 (heldout_057): steps=4 success=True
[hybrid-rollout] ep 57 (heldout_058): steps=4 success=True
[hybrid-rollout] ep 58 (heldout_059): steps=5 success=True
[hybrid-rollout] ep 59 (heldout_060): steps=6 success=True
[hybrid-rollout] ep 60 (heldout_061): steps=5 success=True
[hybrid-rollout] ep 61 (heldout_062): steps=6 success=True
[hybrid-rollout] ep 62 (heldout_063): steps=5 success=True
[hybrid-rollout] ep 63 (heldout_064): steps=4 success=True
[hybrid-rollout] ep 64 (heldout_065): steps=3 success=False
[hybrid-rollout] ep 65 (heldout_066): steps=2 success=False
[hybrid-rollout] ep 66 (heldout_067): steps=7 success=True
[hybrid-rollout] ep 67 (heldout_068): steps=4 success=True
[hybrid-rollout] ep 68 (heldout_069): steps=4 success=True
[hybrid-rollout] ep 69 (heldout_070): steps=7 success=True
[hybrid-rollout] ep 70 (heldout_071): steps=5 success=True
[hybrid-rollout] ep 71 (heldout_072): steps=5 success=True
[hybrid-rollout] ep 72 (heldout_073): steps=60 success=False
[hybrid-rollout] ep 73 (heldout_074): steps=4 success=True
[hybrid-rollout] ep 74 (heldout_075): steps=5 success=True
[hybrid-rollout] ep 75 (heldout_076): steps=7 success=True
[hybrid-rollout] ep 76 (heldout_077): steps=4 success=True
[hybrid-rollout] ep 77 (heldout_078): steps=3 success=False
[hybrid-rollout] ep 78 (heldout_079): steps=4 success=True
[hybrid-rollout] ep 79 (heldout_080): steps=4 success=True
[hybrid-rollout] ep 80 (heldout_081): steps=5 success=True
[hybrid-rollout] ep 81 (heldout_082): steps=5 success=True
[hybrid-rollout] ep 82 (heldout_083): steps=4 success=True
[hybrid-rollout] ep 83 (heldout_084): steps=1 success=False
[hybrid-rollout] ep 84 (heldout_085): steps=6 success=True
[hybrid-rollout] ep 85 (heldout_086): steps=60 success=False
[hybrid-rollout] ep 86 (heldout_087): steps=7 success=True
[hybrid-rollout] ep 87 (heldout_088): steps=4 success=True
[hybrid-rollout] ep 88 (heldout_089): steps=3 success=False
[hybrid-rollout] ep 89 (heldout_090): steps=4 success=True
[hybrid-rollout] ep 90 (heldout_091): steps=5 success=True
[hybrid-rollout] ep 91 (heldout_092): steps=2 success=False
[hybrid-rollout] ep 92 (heldout_093): steps=1 success=False
[hybrid-rollout] ep 93 (heldout_094): steps=6 success=True
[hybrid-rollout] ep 94 (heldout_095): steps=7 success=True
[hybrid-rollout] ep 95 (heldout_096): steps=5 success=True
[hybrid-rollout] ep 96 (heldout_097): steps=5 success=True
[hybrid-rollout] ep 97 (heldout_098): steps=1 success=False
[hybrid-rollout] ep 98 (heldout_099): steps=6 success=True
[hybrid-rollout] ep 99 (heldout_100): steps=8 success=True
[hybrid-rollout] ep 100 (heldout_101): steps=4 success=True
[hybrid-rollout] ep 101 (heldout_102): steps=4 success=True
[hybrid-rollout] ep 102 (heldout_103): steps=4 success=True
[hybrid-rollout] ep 103 (heldout_104): steps=6 success=True
[hybrid-rollout] ep 104 (heldout_105): steps=4 success=True
[hybrid-rollout] ep 105 (heldout_106): steps=6 success=True
[hybrid-rollout] ep 106 (heldout_107): steps=3 success=False
[hybrid-rollout] ep 107 (heldout_108): steps=4 success=True
[hybrid-rollout] ep 108 (heldout_109): steps=4 success=True
[hybrid-rollout] ep 109 (heldout_110): steps=3 success=False
[hybrid-rollout] ep 110 (heldout_111): steps=5 success=False
[hybrid-rollout] ep 111 (heldout_112): steps=5 success=True
[hybrid-rollout] ep 112 (heldout_113): steps=5 success=True
[hybrid-rollout] ep 113 (heldout_114): steps=4 success=True
[hybrid-rollout] ep 114 (heldout_115): steps=4 success=True
[hybrid-rollout] ep 115 (heldout_116): steps=5 success=True
[hybrid-rollout] ep 116 (heldout_117): steps=7 success=True
[hybrid-rollout] ep 117 (heldout_118): steps=6 success=False
[hybrid-rollout] ep 118 (heldout_119): steps=4 success=True
[hybrid-rollout] ep 119 (heldout_120): steps=6 success=False
[hybrid-rollout] ep 120 (heldout_121): steps=4 success=True
[hybrid-rollout] ep 121 (heldout_122): steps=4 success=True
[hybrid-rollout] ep 122 (heldout_123): steps=6 success=True
[hybrid-rollout] ep 123 (heldout_124): steps=8 success=True
[hybrid-rollout] ep 124 (heldout_125): steps=4 success=True
[hybrid-rollout] ep 125 (heldout_126): steps=4 success=True
[hybrid-rollout] ep 126 (heldout_127): steps=4 success=False
[hybrid-rollout] ep 127 (heldout_128): steps=7 success=True
[hybrid-rollout] ep 128 (heldout_129): steps=4 success=True
[hybrid-rollout] ep 129 (heldout_130): steps=4 success=True
[hybrid-rollout] ep 130 (heldout_131): steps=6 success=True
[hybrid-rollout] ep 131 (heldout_132): steps=4 success=True
[hybrid-rollout] ep 132 (heldout_133): steps=4 success=True
[hybrid-rollout] ep 133 (heldout_134): steps=3 success=False
[hybrid-rollout] ep 134 (heldout_135): steps=6 success=True
[hybrid-rollout] ep 135 (heldout_136): steps=5 success=True
[hybrid-rollout] ep 136 (heldout_137): steps=2 success=False
[hybrid-rollout] ep 137 (heldout_138): steps=4 success=True
[hybrid-rollout] ep 138 (heldout_139): steps=4 success=True
[hybrid-rollout] ep 139 (heldout_140): steps=7 success=True
[hybrid-rollout] ep 140 (heldout_141): steps=5 success=True
[hybrid-rollout] ep 141 (heldout_142): steps=4 success=True
[hybrid-rollout] ep 142 (heldout_143): steps=8 success=True
[hybrid-rollout] ep 143 (heldout_144): steps=4 success=True
[hybrid-rollout] ep 144 (heldout_145): steps=5 success=True
[hybrid-rollout] ep 145 (heldout_146): steps=7 success=True
[hybrid-rollout] ep 146 (heldout_147): steps=4 success=True
[hybrid-rollout] ep 147 (heldout_148): steps=5 success=True
[hybrid-rollout] ep 148 (heldout_149): steps=7 success=True
[hybrid-rollout] ep 149 (heldout_150): steps=4 success=True
[hybrid-rollout] ep 150 (heldout_151): steps=5 success=True
[hybrid-rollout] ep 151 (heldout_152): steps=6 success=True
[hybrid-rollout] ep 152 (heldout_153): steps=5 success=True
[hybrid-rollout] ep 153 (heldout_154): steps=7 success=True
[hybrid-rollout] ep 154 (heldout_155): steps=6 success=True
[hybrid-rollout] ep 155 (heldout_156): steps=3 success=False
[hybrid-rollout] ep 156 (heldout_157): steps=4 success=True
[hybrid-rollout] ep 157 (heldout_158): steps=3 success=False
[hybrid-rollout] ep 158 (heldout_159): steps=6 success=True
[hybrid-rollout] ep 159 (heldout_160): steps=4 success=True
[hybrid-rollout] ep 160 (heldout_161): steps=5 success=True
[hybrid-rollout] ep 161 (heldout_162): steps=5 success=True
[hybrid-rollout] ep 162 (heldout_163): steps=4 success=True
[hybrid-rollout] ep 163 (heldout_164): steps=6 success=True
[hybrid-rollout] ep 164 (heldout_165): steps=5 success=True
[hybrid-rollout] ep 165 (heldout_166): steps=4 success=True
[hybrid-rollout] ep 166 (heldout_167): steps=4 success=True
[hybrid-rollout] ep 167 (heldout_168): steps=4 success=True
[hybrid-rollout] ep 168 (heldout_169): steps=6 success=True
[hybrid-rollout] ep 169 (heldout_170): steps=6 success=True
[hybrid-rollout] ep 170 (heldout_171): steps=4 success=True
[hybrid-rollout] ep 171 (heldout_172): steps=5 success=True
[hybrid-rollout] ep 172 (heldout_173): steps=4 success=True
[hybrid-rollout] ep 173 (heldout_174): steps=5 success=True
[hybrid-rollout] ep 174 (heldout_175): steps=7 success=True
[hybrid-rollout] ep 175 (heldout_176): steps=6 success=True
[hybrid-rollout] ep 176 (heldout_177): steps=6 success=True
[hybrid-rollout] ep 177 (heldout_178): steps=5 success=True
[hybrid-rollout] ep 178 (heldout_179): steps=5 success=True
[hybrid-rollout] ep 179 (heldout_180): steps=4 success=True
[hybrid-rollout] ep 180 (heldout_181): steps=5 success=True
[hybrid-rollout] ep 181 (heldout_182): steps=4 success=True
[hybrid-rollout] ep 182 (heldout_183): steps=5 success=True
[hybrid-rollout] ep 183 (heldout_184): steps=5 success=False
[hybrid-rollout] ep 184 (heldout_185): steps=5 success=True
[hybrid-rollout] ep 185 (heldout_186): steps=4 success=True
[hybrid-rollout] ep 186 (heldout_187): steps=1 success=False
[hybrid-rollout] ep 187 (heldout_188): steps=5 success=True
[hybrid-rollout] ep 188 (heldout_189): steps=5 success=True
[hybrid-rollout] ep 189 (heldout_190): steps=7 success=True
[hybrid-rollout] ep 190 (heldout_191): steps=4 success=True
[hybrid-rollout] ep 191 (heldout_192): steps=5 success=True
[hybrid-rollout] ep 192 (heldout_193): steps=7 success=True
[hybrid-rollout] ep 193 (heldout_194): steps=6 success=True
[hybrid-rollout] ep 194 (heldout_195): steps=5 success=True
[hybrid-rollout] ep 195 (heldout_196): steps=4 success=True
[hybrid-rollout] ep 196 (heldout_197): steps=5 success=True
[hybrid-rollout] ep 197 (heldout_198): steps=4 success=True
[hybrid-rollout] ep 198 (heldout_199): steps=6 success=True
[hybrid-rollout] ep 199 (heldout_200): steps=4 success=True
[hybrid-rollout] DONE successes=170/200
[13:21:39] [iil-baseline] round 11: heldout_sr=0.850

--------------------------------------------------------------------------------
SAFE_DAGGER ROUND 12  (remaining budget = 4)
--------------------------------------------------------------------------------
[13:21:41] [iil-baseline] round 12: pool=20 successes=20 failures=0 correction_sr=1.000
[13:21:41] [iil-baseline] round 12: picked=0 saved=0 cum_extras=11/15
[13:21:41] [bo-budget] $ /home/s226137394/.conda/envs/maze/bin/python3 -u -m Equivariant_pathway.equivariant_CNN_hybrid.rollout_test --checkpoint /weka/s226137394/DmNfull/Equivariant_pathway/equivariant_CNN_hybrid/baseline_vs_p4/pool_x_selector/results/run_2/safe_dagger/checkpoints/best_hybrid_policy.pth --layouts /weka/s226137394/DmNfull/Equivariant_pathway/equivariant_CNN_hybrid/baseline_vs_p4/shared/heldout_layouts.yaml --out_dir /weka/s226137394/DmNfull/Equivariant_pathway/equivariant_CNN_hybrid/baseline_vs_p4/pool_x_selector/results/run_2/safe_dagger/results/eval_round_012 --seed 14 --max_steps 60
[hybrid-rollout] 200 unique; running 200 eps
[hybrid-rollout] loaded /weka/s226137394/DmNfull/Equivariant_pathway/equivariant_CNN_hybrid/baseline_vs_p4/pool_x_selector/results/run_2/safe_dagger/checkpoints/best_hybrid_policy.pth
[hybrid-rollout] ep 0 (heldout_001): steps=5 success=True
[hybrid-rollout] ep 1 (heldout_002): steps=4 success=True
[hybrid-rollout] ep 2 (heldout_003): steps=4 success=True
[hybrid-rollout] ep 3 (heldout_004): steps=6 success=True
[hybrid-rollout] ep 4 (heldout_005): steps=5 success=True
[hybrid-rollout] ep 5 (heldout_006): steps=3 success=False
[hybrid-rollout] ep 6 (heldout_007): steps=5 success=True
[hybrid-rollout] ep 7 (heldout_008): steps=4 success=True
[hybrid-rollout] ep 8 (heldout_009): steps=2 success=False
[hybrid-rollout] ep 9 (heldout_010): steps=6 success=False
[hybrid-rollout] ep 10 (heldout_011): steps=4 success=True
[hybrid-rollout] ep 11 (heldout_012): steps=4 success=True
[hybrid-rollout] ep 12 (heldout_013): steps=5 success=True
[hybrid-rollout] ep 13 (heldout_014): steps=5 success=True
[hybrid-rollout] ep 14 (heldout_015): steps=4 success=True
[hybrid-rollout] ep 15 (heldout_016): steps=5 success=True
[hybrid-rollout] ep 16 (heldout_017): steps=4 success=True
[hybrid-rollout] ep 17 (heldout_018): steps=60 success=False
[hybrid-rollout] ep 18 (heldout_019): steps=5 success=True
[hybrid-rollout] ep 19 (heldout_020): steps=5 success=True
[hybrid-rollout] ep 20 (heldout_021): steps=4 success=True
[hybrid-rollout] ep 21 (heldout_022): steps=4 success=True
[hybrid-rollout] ep 22 (heldout_023): steps=7 success=True
[hybrid-rollout] ep 23 (heldout_024): steps=4 success=True
[hybrid-rollout] ep 24 (heldout_025): steps=4 success=True
[hybrid-rollout] ep 25 (heldout_026): steps=4 success=True
[hybrid-rollout] ep 26 (heldout_027): steps=4 success=True
[hybrid-rollout] ep 27 (heldout_028): steps=4 success=True
[hybrid-rollout] ep 28 (heldout_029): steps=7 success=True
[hybrid-rollout] ep 29 (heldout_030): steps=3 success=False
[hybrid-rollout] ep 30 (heldout_031): steps=5 success=True
[hybrid-rollout] ep 31 (heldout_032): steps=5 success=True
[hybrid-rollout] ep 32 (heldout_033): steps=4 success=True
[hybrid-rollout] ep 33 (heldout_034): steps=5 success=True
[hybrid-rollout] ep 34 (heldout_035): steps=6 success=True
[hybrid-rollout] ep 35 (heldout_036): steps=5 success=True
[hybrid-rollout] ep 36 (heldout_037): steps=4 success=True
[hybrid-rollout] ep 37 (heldout_038): steps=5 success=True
[hybrid-rollout] ep 38 (heldout_039): steps=6 success=True
[hybrid-rollout] ep 39 (heldout_040): steps=5 success=True
[hybrid-rollout] ep 40 (heldout_041): steps=3 success=False
[hybrid-rollout] ep 41 (heldout_042): steps=4 success=True
[hybrid-rollout] ep 42 (heldout_043): steps=4 success=True
[hybrid-rollout] ep 43 (heldout_044): steps=5 success=True
[hybrid-rollout] ep 44 (heldout_045): steps=3 success=False
[hybrid-rollout] ep 45 (heldout_046): steps=4 success=True
[hybrid-rollout] ep 46 (heldout_047): steps=6 success=True
[hybrid-rollout] ep 47 (heldout_048): steps=6 success=True
[hybrid-rollout] ep 48 (heldout_049): steps=5 success=True
[hybrid-rollout] ep 49 (heldout_050): steps=4 success=True
[hybrid-rollout] ep 50 (heldout_051): steps=4 success=True
[hybrid-rollout] ep 51 (heldout_052): steps=4 success=True
[hybrid-rollout] ep 52 (heldout_053): steps=6 success=True
[hybrid-rollout] ep 53 (heldout_054): steps=3 success=False
[hybrid-rollout] ep 54 (heldout_055): steps=8 success=True
[hybrid-rollout] ep 55 (heldout_056): steps=4 success=True
[hybrid-rollout] ep 56 (heldout_057): steps=4 success=True
[hybrid-rollout] ep 57 (heldout_058): steps=4 success=True
[hybrid-rollout] ep 58 (heldout_059): steps=5 success=True
[hybrid-rollout] ep 59 (heldout_060): steps=6 success=True
[hybrid-rollout] ep 60 (heldout_061): steps=5 success=True
[hybrid-rollout] ep 61 (heldout_062): steps=6 success=True
[hybrid-rollout] ep 62 (heldout_063): steps=5 success=True
[hybrid-rollout] ep 63 (heldout_064): steps=4 success=True
[hybrid-rollout] ep 64 (heldout_065): steps=3 success=False
[hybrid-rollout] ep 65 (heldout_066): steps=2 success=False
[hybrid-rollout] ep 66 (heldout_067): steps=7 success=True
[hybrid-rollout] ep 67 (heldout_068): steps=4 success=True
[hybrid-rollout] ep 68 (heldout_069): steps=4 success=True
[hybrid-rollout] ep 69 (heldout_070): steps=7 success=True
[hybrid-rollout] ep 70 (heldout_071): steps=5 success=True
[hybrid-rollout] ep 71 (heldout_072): steps=5 success=True
[hybrid-rollout] ep 72 (heldout_073): steps=60 success=False
[hybrid-rollout] ep 73 (heldout_074): steps=4 success=True
[hybrid-rollout] ep 74 (heldout_075): steps=5 success=True
[hybrid-rollout] ep 75 (heldout_076): steps=7 success=True
[hybrid-rollout] ep 76 (heldout_077): steps=4 success=True
[hybrid-rollout] ep 77 (heldout_078): steps=3 success=False
[hybrid-rollout] ep 78 (heldout_079): steps=4 success=True
[hybrid-rollout] ep 79 (heldout_080): steps=4 success=True
[hybrid-rollout] ep 80 (heldout_081): steps=5 success=True
[hybrid-rollout] ep 81 (heldout_082): steps=5 success=True
[hybrid-rollout] ep 82 (heldout_083): steps=4 success=True
[hybrid-rollout] ep 83 (heldout_084): steps=1 success=False
[hybrid-rollout] ep 84 (heldout_085): steps=6 success=True
[hybrid-rollout] ep 85 (heldout_086): steps=60 success=False
[hybrid-rollout] ep 86 (heldout_087): steps=7 success=True
[hybrid-rollout] ep 87 (heldout_088): steps=4 success=True
[hybrid-rollout] ep 88 (heldout_089): steps=3 success=False
[hybrid-rollout] ep 89 (heldout_090): steps=4 success=True
[hybrid-rollout] ep 90 (heldout_091): steps=5 success=True
[hybrid-rollout] ep 91 (heldout_092): steps=2 success=False
[hybrid-rollout] ep 92 (heldout_093): steps=1 success=False
[hybrid-rollout] ep 93 (heldout_094): steps=6 success=True
[hybrid-rollout] ep 94 (heldout_095): steps=7 success=True
[hybrid-rollout] ep 95 (heldout_096): steps=5 success=True
[hybrid-rollout] ep 96 (heldout_097): steps=5 success=True
[hybrid-rollout] ep 97 (heldout_098): steps=1 success=False
[hybrid-rollout] ep 98 (heldout_099): steps=6 success=True
[hybrid-rollout] ep 99 (heldout_100): steps=8 success=True
[hybrid-rollout] ep 100 (heldout_101): steps=4 success=True
[hybrid-rollout] ep 101 (heldout_102): steps=4 success=True
[hybrid-rollout] ep 102 (heldout_103): steps=4 success=True
[hybrid-rollout] ep 103 (heldout_104): steps=6 success=True
[hybrid-rollout] ep 104 (heldout_105): steps=4 success=True
[hybrid-rollout] ep 105 (heldout_106): steps=6 success=True
[hybrid-rollout] ep 106 (heldout_107): steps=3 success=False
[hybrid-rollout] ep 107 (heldout_108): steps=4 success=True
[hybrid-rollout] ep 108 (heldout_109): steps=4 success=True
[hybrid-rollout] ep 109 (heldout_110): steps=3 success=False
[hybrid-rollout] ep 110 (heldout_111): steps=5 success=False
[hybrid-rollout] ep 111 (heldout_112): steps=5 success=True
[hybrid-rollout] ep 112 (heldout_113): steps=5 success=True
[hybrid-rollout] ep 113 (heldout_114): steps=4 success=True
[hybrid-rollout] ep 114 (heldout_115): steps=4 success=True
[hybrid-rollout] ep 115 (heldout_116): steps=5 success=True
[hybrid-rollout] ep 116 (heldout_117): steps=7 success=True
[hybrid-rollout] ep 117 (heldout_118): steps=6 success=False
[hybrid-rollout] ep 118 (heldout_119): steps=4 success=True
[hybrid-rollout] ep 119 (heldout_120): steps=6 success=False
[hybrid-rollout] ep 120 (heldout_121): steps=4 success=True
[hybrid-rollout] ep 121 (heldout_122): steps=4 success=True
[hybrid-rollout] ep 122 (heldout_123): steps=6 success=True
[hybrid-rollout] ep 123 (heldout_124): steps=8 success=True
[hybrid-rollout] ep 124 (heldout_125): steps=4 success=True
[hybrid-rollout] ep 125 (heldout_126): steps=4 success=True
[hybrid-rollout] ep 126 (heldout_127): steps=4 success=False
[hybrid-rollout] ep 127 (heldout_128): steps=7 success=True
[hybrid-rollout] ep 128 (heldout_129): steps=4 success=True
[hybrid-rollout] ep 129 (heldout_130): steps=4 success=True
[hybrid-rollout] ep 130 (heldout_131): steps=6 success=True
[hybrid-rollout] ep 131 (heldout_132): steps=4 success=True
[hybrid-rollout] ep 132 (heldout_133): steps=4 success=True
[hybrid-rollout] ep 133 (heldout_134): steps=3 success=False
[hybrid-rollout] ep 134 (heldout_135): steps=6 success=True
[hybrid-rollout] ep 135 (heldout_136): steps=5 success=True
[hybrid-rollout] ep 136 (heldout_137): steps=2 success=False
[hybrid-rollout] ep 137 (heldout_138): steps=4 success=True
[hybrid-rollout] ep 138 (heldout_139): steps=4 success=True
[hybrid-rollout] ep 139 (heldout_140): steps=7 success=True
[hybrid-rollout] ep 140 (heldout_141): steps=5 success=True
[hybrid-rollout] ep 141 (heldout_142): steps=4 success=True
[hybrid-rollout] ep 142 (heldout_143): steps=8 success=True
[hybrid-rollout] ep 143 (heldout_144): steps=4 success=True
[hybrid-rollout] ep 144 (heldout_145): steps=5 success=True
[hybrid-rollout] ep 145 (heldout_146): steps=7 success=True
[hybrid-rollout] ep 146 (heldout_147): steps=4 success=True
[hybrid-rollout] ep 147 (heldout_148): steps=5 success=True
[hybrid-rollout] ep 148 (heldout_149): steps=7 success=True
[hybrid-rollout] ep 149 (heldout_150): steps=4 success=True
[hybrid-rollout] ep 150 (heldout_151): steps=5 success=True
[hybrid-rollout] ep 151 (heldout_152): steps=6 success=True
[hybrid-rollout] ep 152 (heldout_153): steps=5 success=True
[hybrid-rollout] ep 153 (heldout_154): steps=7 success=True
[hybrid-rollout] ep 154 (heldout_155): steps=6 success=True
[hybrid-rollout] ep 155 (heldout_156): steps=3 success=False
[hybrid-rollout] ep 156 (heldout_157): steps=4 success=True
[hybrid-rollout] ep 157 (heldout_158): steps=3 success=False
[hybrid-rollout] ep 158 (heldout_159): steps=6 success=True
[hybrid-rollout] ep 159 (heldout_160): steps=4 success=True
[hybrid-rollout] ep 160 (heldout_161): steps=5 success=True
[hybrid-rollout] ep 161 (heldout_162): steps=5 success=True
[hybrid-rollout] ep 162 (heldout_163): steps=4 success=True
[hybrid-rollout] ep 163 (heldout_164): steps=6 success=True
[hybrid-rollout] ep 164 (heldout_165): steps=5 success=True
[hybrid-rollout] ep 165 (heldout_166): steps=4 success=True
[hybrid-rollout] ep 166 (heldout_167): steps=4 success=True
[hybrid-rollout] ep 167 (heldout_168): steps=4 success=True
[hybrid-rollout] ep 168 (heldout_169): steps=6 success=True
[hybrid-rollout] ep 169 (heldout_170): steps=6 success=True
[hybrid-rollout] ep 170 (heldout_171): steps=4 success=True
[hybrid-rollout] ep 171 (heldout_172): steps=5 success=True
[hybrid-rollout] ep 172 (heldout_173): steps=4 success=True
[hybrid-rollout] ep 173 (heldout_174): steps=5 success=True
[hybrid-rollout] ep 174 (heldout_175): steps=7 success=True
[hybrid-rollout] ep 175 (heldout_176): steps=6 success=True
[hybrid-rollout] ep 176 (heldout_177): steps=6 success=True
[hybrid-rollout] ep 177 (heldout_178): steps=5 success=True
[hybrid-rollout] ep 178 (heldout_179): steps=5 success=True
[hybrid-rollout] ep 179 (heldout_180): steps=4 success=True
[hybrid-rollout] ep 180 (heldout_181): steps=5 success=True
[hybrid-rollout] ep 181 (heldout_182): steps=4 success=True
[hybrid-rollout] ep 182 (heldout_183): steps=5 success=True
[hybrid-rollout] ep 183 (heldout_184): steps=5 success=False
[hybrid-rollout] ep 184 (heldout_185): steps=5 success=True
[hybrid-rollout] ep 185 (heldout_186): steps=4 success=True
[hybrid-rollout] ep 186 (heldout_187): steps=1 success=False
[hybrid-rollout] ep 187 (heldout_188): steps=5 success=True
[hybrid-rollout] ep 188 (heldout_189): steps=5 success=True
[hybrid-rollout] ep 189 (heldout_190): steps=7 success=True
[hybrid-rollout] ep 190 (heldout_191): steps=4 success=True
[hybrid-rollout] ep 191 (heldout_192): steps=5 success=True
[hybrid-rollout] ep 192 (heldout_193): steps=7 success=True
[hybrid-rollout] ep 193 (heldout_194): steps=6 success=True
[hybrid-rollout] ep 194 (heldout_195): steps=5 success=True
[hybrid-rollout] ep 195 (heldout_196): steps=4 success=True
[hybrid-rollout] ep 196 (heldout_197): steps=5 success=True
[hybrid-rollout] ep 197 (heldout_198): steps=4 success=True
[hybrid-rollout] ep 198 (heldout_199): steps=6 success=True
[hybrid-rollout] ep 199 (heldout_200): steps=4 success=True
[hybrid-rollout] DONE successes=170/200
[13:22:36] [iil-baseline] round 12: heldout_sr=0.850

--------------------------------------------------------------------------------
SAFE_DAGGER ROUND 13  (remaining budget = 4)
--------------------------------------------------------------------------------
[13:22:38] [iil-baseline] round 13: pool=20 successes=17 failures=3 correction_sr=0.850
[13:22:38] [iil-baseline] round 13: picked=1 saved=1 cum_extras=12/15
[13:22:38] [iil-baseline] $ /home/s226137394/.conda/envs/maze/bin/python3 -u -m Equivariant_pathway.equivariant_CNN_hybrid.baseline_vs_p4.pool_x_selector.trainer.finetune_replay --demo_dir /weka/s226137394/DmNfull/Equivariant_pathway/equivariant_CNN_hybrid/baseline_vs_p4/pool_x_selector/results/run_2/safe_dagger/demos --checkpoint_dir /weka/s226137394/DmNfull/Equivariant_pathway/equivariant_CNN_hybrid/baseline_vs_p4/pool_x_selector/results/run_2/safe_dagger/checkpoints --epochs 90 --batch_size 64 --lr 5e-05 --weight_decay 0.0001 --replay_mix 0.5 --replay_mix_floor 0.2 --seed 2 --resume --new_demos_dir /weka/s226137394/DmNfull/Equivariant_pathway/equivariant_CNN_hybrid/baseline_vs_p4/pool_x_selector/results/run_2/safe_dagger/demos/round_013
[finetune_replay] device=cuda demo_dir=/weka/s226137394/DmNfull/Equivariant_pathway/equivariant_CNN_hybrid/baseline_vs_p4/pool_x_selector/results/run_2/safe_dagger/demos new_demos_dir=/weka/s226137394/DmNfull/Equivariant_pathway/equivariant_CNN_hybrid/baseline_vs_p4/pool_x_selector/results/run_2/safe_dagger/demos/round_013
[hybrid-dataset] 31 demos -> 160 samples
[hybrid-dataset] 1 demos -> 7 samples
[finetune_replay] sampler audit: {'n_old_samples': 160, 'n_new_samples': 7, 'replay_mix_target': 0.5, 'replay_mix_effective': 0.5, 'replay_mix_floor': 0.2}
[finetune_replay] trainable params: 1,400,028
[finetune_replay] WARM START from last_hybrid_policy.pth
[finetune_replay] ep   1/90 | train loss=0.2303 top1=0.967 | val loss=0.0091 | t=0.9s  *
[finetune_replay] ep   2/90 | train loss=0.0741 top1=1.000 | val loss=0.0242 | t=0.3s
[finetune_replay] ep   3/90 | train loss=0.0505 top1=0.993 | val loss=0.0180 | t=0.1s
[finetune_replay] ep   4/90 | train loss=0.0247 top1=1.000 | val loss=0.0071 | t=0.1s  *
[finetune_replay] ep   5/90 | train loss=0.0082 top1=1.000 | val loss=0.0014 | t=0.3s  *
[finetune_replay] ep   6/90 | train loss=0.0063 top1=1.000 | val loss=0.0012 | t=0.1s  *
[finetune_replay] ep   7/90 | train loss=0.0030 top1=1.000 | val loss=0.0017 | t=0.1s
[finetune_replay] ep   8/90 | train loss=0.0030 top1=1.000 | val loss=0.0024 | t=0.1s
[finetune_replay] ep   9/90 | train loss=0.0028 top1=1.000 | val loss=0.0028 | t=0.1s
[finetune_replay] ep  10/90 | train loss=0.0020 top1=1.000 | val loss=0.0024 | t=0.1s
[finetune_replay] ep  11/90 | train loss=0.0023 top1=1.000 | val loss=0.0023 | t=0.1s
[finetune_replay] ep  12/90 | train loss=0.0017 top1=1.000 | val loss=0.0024 | t=0.1s
[finetune_replay] ep  13/90 | train loss=0.0016 top1=1.000 | val loss=0.0024 | t=0.1s
[finetune_replay] ep  14/90 | train loss=0.0012 top1=1.000 | val loss=0.0023 | t=0.2s
[finetune_replay] ep  15/90 | train loss=0.0015 top1=1.000 | val loss=0.0019 | t=0.1s
[finetune_replay] ep  16/90 | train loss=0.0010 top1=1.000 | val loss=0.0017 | t=0.1s
[finetune_replay] ep  17/90 | train loss=0.0011 top1=1.000 | val loss=0.0016 | t=0.1s
[finetune_replay] ep  18/90 | train loss=0.0012 top1=1.000 | val loss=0.0014 | t=0.1s
[finetune_replay] ep  19/90 | train loss=0.0009 top1=1.000 | val loss=0.0014 | t=0.2s
[finetune_replay] ep  20/90 | train loss=0.0009 top1=1.000 | val loss=0.0014 | t=0.1s
[finetune_replay] ep  21/90 | train loss=0.0009 top1=1.000 | val loss=0.0012 | t=0.2s  *
[finetune_replay] ep  22/90 | train loss=0.0008 top1=1.000 | val loss=0.0011 | t=0.1s  *
[finetune_replay] ep  23/90 | train loss=0.0008 top1=1.000 | val loss=0.0012 | t=0.1s
[finetune_replay] ep  24/90 | train loss=0.0009 top1=1.000 | val loss=0.0012 | t=0.1s
[finetune_replay] ep  25/90 | train loss=0.0007 top1=1.000 | val loss=0.0012 | t=0.1s
[finetune_replay] ep  26/90 | train loss=0.0007 top1=1.000 | val loss=0.0012 | t=0.1s
[finetune_replay] ep  27/90 | train loss=0.0009 top1=1.000 | val loss=0.0011 | t=0.1s
[finetune_replay] ep  28/90 | train loss=0.0006 top1=1.000 | val loss=0.0010 | t=0.2s  *
[finetune_replay] ep  29/90 | train loss=0.0008 top1=1.000 | val loss=0.0010 | t=0.1s  *
[finetune_replay] ep  30/90 | train loss=0.0007 top1=1.000 | val loss=0.0010 | t=0.2s
[finetune_replay] ep  31/90 | train loss=0.0007 top1=1.000 | val loss=0.0011 | t=0.2s
[finetune_replay] ep  32/90 | train loss=0.0006 top1=1.000 | val loss=0.0010 | t=0.1s
[finetune_replay] ep  33/90 | train loss=0.0006 top1=1.000 | val loss=0.0010 | t=0.1s  *
[finetune_replay] ep  34/90 | train loss=0.0006 top1=1.000 | val loss=0.0009 | t=0.2s  *
[finetune_replay] ep  35/90 | train loss=0.0005 top1=1.000 | val loss=0.0009 | t=0.1s  *
[finetune_replay] ep  36/90 | train loss=0.0005 top1=1.000 | val loss=0.0009 | t=0.1s  *
[finetune_replay] ep  37/90 | train loss=0.0006 top1=1.000 | val loss=0.0009 | t=0.1s
[finetune_replay] ep  38/90 | train loss=0.0007 top1=1.000 | val loss=0.0010 | t=0.1s
[finetune_replay] ep  39/90 | train loss=0.0006 top1=1.000 | val loss=0.0010 | t=0.1s
[finetune_replay] ep  40/90 | train loss=0.0006 top1=1.000 | val loss=0.0010 | t=0.2s
[finetune_replay] ep  41/90 | train loss=0.0005 top1=1.000 | val loss=0.0011 | t=0.2s
[finetune_replay] ep  42/90 | train loss=0.0005 top1=1.000 | val loss=0.0010 | t=0.2s
[finetune_replay] ep  43/90 | train loss=0.0005 top1=1.000 | val loss=0.0009 | t=0.1s
[finetune_replay] ep  44/90 | train loss=0.0005 top1=1.000 | val loss=0.0008 | t=0.2s  *
[finetune_replay] ep  45/90 | train loss=0.0006 top1=1.000 | val loss=0.0008 | t=0.1s
[finetune_replay] ep  46/90 | train loss=0.0005 top1=1.000 | val loss=0.0009 | t=0.2s
[finetune_replay] ep  47/90 | train loss=0.0005 top1=1.000 | val loss=0.0010 | t=0.1s
[finetune_replay] ep  48/90 | train loss=0.0005 top1=1.000 | val loss=0.0010 | t=0.2s
[finetune_replay] ep  49/90 | train loss=0.0005 top1=1.000 | val loss=0.0010 | t=0.1s
[finetune_replay] ep  50/90 | train loss=0.0005 top1=1.000 | val loss=0.0009 | t=0.2s
[finetune_replay] ep  51/90 | train loss=0.0005 top1=1.000 | val loss=0.0009 | t=0.1s
[finetune_replay] ep  52/90 | train loss=0.0004 top1=1.000 | val loss=0.0009 | t=0.1s
[finetune_replay] ep  53/90 | train loss=0.0004 top1=1.000 | val loss=0.0009 | t=0.1s
[finetune_replay] ep  54/90 | train loss=0.0004 top1=1.000 | val loss=0.0010 | t=0.2s
[finetune_replay] ep  55/90 | train loss=0.0004 top1=1.000 | val loss=0.0010 | t=0.1s
[finetune_replay] ep  56/90 | train loss=0.0004 top1=1.000 | val loss=0.0010 | t=0.2s
[finetune_replay] ep  57/90 | train loss=0.0005 top1=1.000 | val loss=0.0009 | t=0.2s
[finetune_replay] ep  58/90 | train loss=0.0004 top1=1.000 | val loss=0.0008 | t=0.1s
[finetune_replay] ep  59/90 | train loss=0.0004 top1=1.000 | val loss=0.0008 | t=0.2s
[finetune_replay] ep  60/90 | train loss=0.0005 top1=1.000 | val loss=0.0009 | t=0.2s
[finetune_replay] ep  61/90 | train loss=0.0004 top1=1.000 | val loss=0.0009 | t=0.1s
[finetune_replay] ep  62/90 | train loss=0.0004 top1=1.000 | val loss=0.0009 | t=0.1s
[finetune_replay] ep  63/90 | train loss=0.0005 top1=1.000 | val loss=0.0010 | t=0.1s
[finetune_replay] ep  64/90 | train loss=0.0003 top1=1.000 | val loss=0.0010 | t=0.2s
[finetune_replay] ep  65/90 | train loss=0.0004 top1=1.000 | val loss=0.0011 | t=0.2s
[finetune_replay] ep  66/90 | train loss=0.0005 top1=1.000 | val loss=0.0010 | t=0.2s
[finetune_replay] ep  67/90 | train loss=0.0005 top1=1.000 | val loss=0.0009 | t=0.2s
[finetune_replay] ep  68/90 | train loss=0.0004 top1=1.000 | val loss=0.0008 | t=0.1s
[finetune_replay] ep  69/90 | train loss=0.0005 top1=1.000 | val loss=0.0008 | t=0.1s
[finetune_replay] ep  70/90 | train loss=0.0004 top1=1.000 | val loss=0.0008 | t=0.1s
[finetune_replay] ep  71/90 | train loss=0.0004 top1=1.000 | val loss=0.0009 | t=0.2s
[finetune_replay] ep  72/90 | train loss=0.0004 top1=1.000 | val loss=0.0008 | t=0.2s
[finetune_replay] ep  73/90 | train loss=0.0005 top1=1.000 | val loss=0.0009 | t=0.2s
[finetune_replay] ep  74/90 | train loss=0.0004 top1=1.000 | val loss=0.0009 | t=0.2s
[finetune_replay] ep  75/90 | train loss=0.0005 top1=1.000 | val loss=0.0009 | t=0.2s
[finetune_replay] ep  76/90 | train loss=0.0004 top1=1.000 | val loss=0.0009 | t=0.2s
[finetune_replay] ep  77/90 | train loss=0.0004 top1=1.000 | val loss=0.0010 | t=0.2s
[finetune_replay] ep  78/90 | train loss=0.0003 top1=1.000 | val loss=0.0009 | t=0.1s
[finetune_replay] ep  79/90 | train loss=0.0004 top1=1.000 | val loss=0.0009 | t=0.1s
[finetune_replay] ep  80/90 | train loss=0.0004 top1=1.000 | val loss=0.0009 | t=0.1s
[finetune_replay] ep  81/90 | train loss=0.0004 top1=1.000 | val loss=0.0009 | t=0.2s
[finetune_replay] ep  82/90 | train loss=0.0004 top1=1.000 | val loss=0.0009 | t=0.2s
[finetune_replay] ep  83/90 | train loss=0.0004 top1=1.000 | val loss=0.0009 | t=0.2s
[finetune_replay] ep  84/90 | train loss=0.0004 top1=1.000 | val loss=0.0009 | t=0.2s
[finetune_replay] ep  85/90 | train loss=0.0004 top1=1.000 | val loss=0.0009 | t=0.2s
[finetune_replay] ep  86/90 | train loss=0.0003 top1=1.000 | val loss=0.0009 | t=0.2s
[finetune_replay] ep  87/90 | train loss=0.0003 top1=1.000 | val loss=0.0009 | t=0.1s
[finetune_replay] ep  88/90 | train loss=0.0005 top1=1.000 | val loss=0.0009 | t=0.1s
[finetune_replay] ep  89/90 | train loss=0.0004 top1=1.000 | val loss=0.0009 | t=0.2s
[finetune_replay] ep  90/90 | train loss=0.0004 top1=1.000 | val loss=0.0009 | t=0.1s
[finetune_replay] DONE best_val_loss=0.0008 @ epoch 44
[13:23:08] [bo-budget] $ /home/s226137394/.conda/envs/maze/bin/python3 -u -m Equivariant_pathway.equivariant_CNN_hybrid.rollout_test --checkpoint /weka/s226137394/DmNfull/Equivariant_pathway/equivariant_CNN_hybrid/baseline_vs_p4/pool_x_selector/results/run_2/safe_dagger/checkpoints/best_hybrid_policy.pth --layouts /weka/s226137394/DmNfull/Equivariant_pathway/equivariant_CNN_hybrid/baseline_vs_p4/shared/heldout_layouts.yaml --out_dir /weka/s226137394/DmNfull/Equivariant_pathway/equivariant_CNN_hybrid/baseline_vs_p4/pool_x_selector/results/run_2/safe_dagger/results/eval_round_013 --seed 15 --max_steps 60
[hybrid-rollout] 200 unique; running 200 eps
[hybrid-rollout] loaded /weka/s226137394/DmNfull/Equivariant_pathway/equivariant_CNN_hybrid/baseline_vs_p4/pool_x_selector/results/run_2/safe_dagger/checkpoints/best_hybrid_policy.pth
[hybrid-rollout] ep 0 (heldout_001): steps=5 success=True
[hybrid-rollout] ep 1 (heldout_002): steps=4 success=True
[hybrid-rollout] ep 2 (heldout_003): steps=4 success=True
[hybrid-rollout] ep 3 (heldout_004): steps=6 success=True
[hybrid-rollout] ep 4 (heldout_005): steps=5 success=True
[hybrid-rollout] ep 5 (heldout_006): steps=3 success=False
[hybrid-rollout] ep 6 (heldout_007): steps=5 success=True
[hybrid-rollout] ep 7 (heldout_008): steps=4 success=True
[hybrid-rollout] ep 8 (heldout_009): steps=6 success=True
[hybrid-rollout] ep 9 (heldout_010): steps=10 success=True
[hybrid-rollout] ep 10 (heldout_011): steps=4 success=True
[hybrid-rollout] ep 11 (heldout_012): steps=4 success=True
[hybrid-rollout] ep 12 (heldout_013): steps=5 success=True
[hybrid-rollout] ep 13 (heldout_014): steps=5 success=True
[hybrid-rollout] ep 14 (heldout_015): steps=4 success=True
[hybrid-rollout] ep 15 (heldout_016): steps=5 success=True
[hybrid-rollout] ep 16 (heldout_017): steps=4 success=True
[hybrid-rollout] ep 17 (heldout_018): steps=2 success=False
[hybrid-rollout] ep 18 (heldout_019): steps=5 success=True
[hybrid-rollout] ep 19 (heldout_020): steps=5 success=True
[hybrid-rollout] ep 20 (heldout_021): steps=4 success=True
[hybrid-rollout] ep 21 (heldout_022): steps=4 success=True
[hybrid-rollout] ep 22 (heldout_023): steps=7 success=True
[hybrid-rollout] ep 23 (heldout_024): steps=6 success=True
[hybrid-rollout] ep 24 (heldout_025): steps=4 success=True
[hybrid-rollout] ep 25 (heldout_026): steps=4 success=True
[hybrid-rollout] ep 26 (heldout_027): steps=4 success=True
[hybrid-rollout] ep 27 (heldout_028): steps=4 success=True
[hybrid-rollout] ep 28 (heldout_029): steps=7 success=True
[hybrid-rollout] ep 29 (heldout_030): steps=3 success=False
[hybrid-rollout] ep 30 (heldout_031): steps=5 success=True
[hybrid-rollout] ep 31 (heldout_032): steps=5 success=True
[hybrid-rollout] ep 32 (heldout_033): steps=4 success=True
[hybrid-rollout] ep 33 (heldout_034): steps=5 success=True
[hybrid-rollout] ep 34 (heldout_035): steps=6 success=True
[hybrid-rollout] ep 35 (heldout_036): steps=5 success=True
[hybrid-rollout] ep 36 (heldout_037): steps=4 success=True
[hybrid-rollout] ep 37 (heldout_038): steps=5 success=True
[hybrid-rollout] ep 38 (heldout_039): steps=6 success=True
[hybrid-rollout] ep 39 (heldout_040): steps=5 success=True
[hybrid-rollout] ep 40 (heldout_041): steps=6 success=True
[hybrid-rollout] ep 41 (heldout_042): steps=4 success=True
[hybrid-rollout] ep 42 (heldout_043): steps=4 success=True
[hybrid-rollout] ep 43 (heldout_044): steps=5 success=True
[hybrid-rollout] ep 44 (heldout_045): steps=3 success=False
[hybrid-rollout] ep 45 (heldout_046): steps=4 success=True
[hybrid-rollout] ep 46 (heldout_047): steps=6 success=True
[hybrid-rollout] ep 47 (heldout_048): steps=6 success=True
[hybrid-rollout] ep 48 (heldout_049): steps=5 success=True
[hybrid-rollout] ep 49 (heldout_050): steps=4 success=True
[hybrid-rollout] ep 50 (heldout_051): steps=4 success=True
[hybrid-rollout] ep 51 (heldout_052): steps=4 success=True
[hybrid-rollout] ep 52 (heldout_053): steps=6 success=True
[hybrid-rollout] ep 53 (heldout_054): steps=4 success=True
[hybrid-rollout] ep 54 (heldout_055): steps=8 success=True
[hybrid-rollout] ep 55 (heldout_056): steps=4 success=True
[hybrid-rollout] ep 56 (heldout_057): steps=4 success=True
[hybrid-rollout] ep 57 (heldout_058): steps=4 success=True
[hybrid-rollout] ep 58 (heldout_059): steps=5 success=True
[hybrid-rollout] ep 59 (heldout_060): steps=6 success=True
[hybrid-rollout] ep 60 (heldout_061): steps=5 success=True
[hybrid-rollout] ep 61 (heldout_062): steps=6 success=True
[hybrid-rollout] ep 62 (heldout_063): steps=5 success=True
[hybrid-rollout] ep 63 (heldout_064): steps=4 success=True
[hybrid-rollout] ep 64 (heldout_065): steps=7 success=True
[hybrid-rollout] ep 65 (heldout_066): steps=6 success=True
[hybrid-rollout] ep 66 (heldout_067): steps=5 success=True
[hybrid-rollout] ep 67 (heldout_068): steps=4 success=True
[hybrid-rollout] ep 68 (heldout_069): steps=4 success=True
[hybrid-rollout] ep 69 (heldout_070): steps=7 success=True
[hybrid-rollout] ep 70 (heldout_071): steps=5 success=True
[hybrid-rollout] ep 71 (heldout_072): steps=5 success=True
[hybrid-rollout] ep 72 (heldout_073): steps=60 success=False
[hybrid-rollout] ep 73 (heldout_074): steps=4 success=True
[hybrid-rollout] ep 74 (heldout_075): steps=5 success=True
[hybrid-rollout] ep 75 (heldout_076): steps=7 success=True
[hybrid-rollout] ep 76 (heldout_077): steps=4 success=True
[hybrid-rollout] ep 77 (heldout_078): steps=6 success=True
[hybrid-rollout] ep 78 (heldout_079): steps=4 success=True
[hybrid-rollout] ep 79 (heldout_080): steps=4 success=True
[hybrid-rollout] ep 80 (heldout_081): steps=5 success=True
[hybrid-rollout] ep 81 (heldout_082): steps=5 success=True
[hybrid-rollout] ep 82 (heldout_083): steps=4 success=True
[hybrid-rollout] ep 83 (heldout_084): steps=5 success=True
[hybrid-rollout] ep 84 (heldout_085): steps=6 success=True
[hybrid-rollout] ep 85 (heldout_086): steps=6 success=True
[hybrid-rollout] ep 86 (heldout_087): steps=7 success=True
[hybrid-rollout] ep 87 (heldout_088): steps=4 success=True
[hybrid-rollout] ep 88 (heldout_089): steps=3 success=False
[hybrid-rollout] ep 89 (heldout_090): steps=4 success=True
[hybrid-rollout] ep 90 (heldout_091): steps=5 success=True
[hybrid-rollout] ep 91 (heldout_092): steps=5 success=True
[hybrid-rollout] ep 92 (heldout_093): steps=6 success=True
[hybrid-rollout] ep 93 (heldout_094): steps=6 success=True
[hybrid-rollout] ep 94 (heldout_095): steps=7 success=True
[hybrid-rollout] ep 95 (heldout_096): steps=5 success=True
[hybrid-rollout] ep 96 (heldout_097): steps=5 success=True
[hybrid-rollout] ep 97 (heldout_098): steps=5 success=True
[hybrid-rollout] ep 98 (heldout_099): steps=6 success=True
[hybrid-rollout] ep 99 (heldout_100): steps=8 success=True
[hybrid-rollout] ep 100 (heldout_101): steps=4 success=True
[hybrid-rollout] ep 101 (heldout_102): steps=4 success=True
[hybrid-rollout] ep 102 (heldout_103): steps=4 success=True
[hybrid-rollout] ep 103 (heldout_104): steps=6 success=True
[hybrid-rollout] ep 104 (heldout_105): steps=4 success=True
[hybrid-rollout] ep 105 (heldout_106): steps=6 success=True
[hybrid-rollout] ep 106 (heldout_107): steps=4 success=True
[hybrid-rollout] ep 107 (heldout_108): steps=4 success=True
[hybrid-rollout] ep 108 (heldout_109): steps=4 success=True
[hybrid-rollout] ep 109 (heldout_110): steps=6 success=True
[hybrid-rollout] ep 110 (heldout_111): steps=5 success=False
[hybrid-rollout] ep 111 (heldout_112): steps=5 success=True
[hybrid-rollout] ep 112 (heldout_113): steps=5 success=True
[hybrid-rollout] ep 113 (heldout_114): steps=4 success=True
[hybrid-rollout] ep 114 (heldout_115): steps=4 success=True
[hybrid-rollout] ep 115 (heldout_116): steps=5 success=True
[hybrid-rollout] ep 116 (heldout_117): steps=7 success=True
[hybrid-rollout] ep 117 (heldout_118): steps=6 success=False
[hybrid-rollout] ep 118 (heldout_119): steps=4 success=True
[hybrid-rollout] ep 119 (heldout_120): steps=7 success=True
[hybrid-rollout] ep 120 (heldout_121): steps=4 success=True
[hybrid-rollout] ep 121 (heldout_122): steps=4 success=True
[hybrid-rollout] ep 122 (heldout_123): steps=6 success=True
[hybrid-rollout] ep 123 (heldout_124): steps=8 success=True
[hybrid-rollout] ep 124 (heldout_125): steps=4 success=True
[hybrid-rollout] ep 125 (heldout_126): steps=4 success=True
[hybrid-rollout] ep 126 (heldout_127): steps=9 success=True
[hybrid-rollout] ep 127 (heldout_128): steps=7 success=True
[hybrid-rollout] ep 128 (heldout_129): steps=4 success=True
[hybrid-rollout] ep 129 (heldout_130): steps=4 success=True
[hybrid-rollout] ep 130 (heldout_131): steps=6 success=True
[hybrid-rollout] ep 131 (heldout_132): steps=4 success=True
[hybrid-rollout] ep 132 (heldout_133): steps=4 success=True
[hybrid-rollout] ep 133 (heldout_134): steps=7 success=True
[hybrid-rollout] ep 134 (heldout_135): steps=6 success=True
[hybrid-rollout] ep 135 (heldout_136): steps=5 success=True
[hybrid-rollout] ep 136 (heldout_137): steps=5 success=True
[hybrid-rollout] ep 137 (heldout_138): steps=4 success=True
[hybrid-rollout] ep 138 (heldout_139): steps=4 success=True
[hybrid-rollout] ep 139 (heldout_140): steps=7 success=True
[hybrid-rollout] ep 140 (heldout_141): steps=5 success=True
[hybrid-rollout] ep 141 (heldout_142): steps=4 success=True
[hybrid-rollout] ep 142 (heldout_143): steps=8 success=True
[hybrid-rollout] ep 143 (heldout_144): steps=4 success=True
[hybrid-rollout] ep 144 (heldout_145): steps=5 success=True
[hybrid-rollout] ep 145 (heldout_146): steps=7 success=True
[hybrid-rollout] ep 146 (heldout_147): steps=4 success=True
[hybrid-rollout] ep 147 (heldout_148): steps=5 success=True
[hybrid-rollout] ep 148 (heldout_149): steps=5 success=True
[hybrid-rollout] ep 149 (heldout_150): steps=4 success=True
[hybrid-rollout] ep 150 (heldout_151): steps=5 success=True
[hybrid-rollout] ep 151 (heldout_152): steps=6 success=True
[hybrid-rollout] ep 152 (heldout_153): steps=5 success=True
[hybrid-rollout] ep 153 (heldout_154): steps=7 success=True
[hybrid-rollout] ep 154 (heldout_155): steps=6 success=True
[hybrid-rollout] ep 155 (heldout_156): steps=4 success=False
[hybrid-rollout] ep 156 (heldout_157): steps=4 success=True
[hybrid-rollout] ep 157 (heldout_158): steps=3 success=False
[hybrid-rollout] ep 158 (heldout_159): steps=6 success=True
[hybrid-rollout] ep 159 (heldout_160): steps=4 success=True
[hybrid-rollout] ep 160 (heldout_161): steps=5 success=True
[hybrid-rollout] ep 161 (heldout_162): steps=5 success=True
[hybrid-rollout] ep 162 (heldout_163): steps=4 success=True
[hybrid-rollout] ep 163 (heldout_164): steps=6 success=True
[hybrid-rollout] ep 164 (heldout_165): steps=5 success=True
[hybrid-rollout] ep 165 (heldout_166): steps=4 success=True
[hybrid-rollout] ep 166 (heldout_167): steps=4 success=True
[hybrid-rollout] ep 167 (heldout_168): steps=4 success=True
[hybrid-rollout] ep 168 (heldout_169): steps=6 success=True
[hybrid-rollout] ep 169 (heldout_170): steps=6 success=True
[hybrid-rollout] ep 170 (heldout_171): steps=4 success=True
[hybrid-rollout] ep 171 (heldout_172): steps=5 success=True
[hybrid-rollout] ep 172 (heldout_173): steps=4 success=True
[hybrid-rollout] ep 173 (heldout_174): steps=5 success=True
[hybrid-rollout] ep 174 (heldout_175): steps=7 success=True
[hybrid-rollout] ep 175 (heldout_176): steps=6 success=True
[hybrid-rollout] ep 176 (heldout_177): steps=6 success=True
[hybrid-rollout] ep 177 (heldout_178): steps=5 success=True
[hybrid-rollout] ep 178 (heldout_179): steps=5 success=True
[hybrid-rollout] ep 179 (heldout_180): steps=4 success=True
[hybrid-rollout] ep 180 (heldout_181): steps=5 success=True
[hybrid-rollout] ep 181 (heldout_182): steps=4 success=True
[hybrid-rollout] ep 182 (heldout_183): steps=5 success=True
[hybrid-rollout] ep 183 (heldout_184): steps=7 success=True
[hybrid-rollout] ep 184 (heldout_185): steps=5 success=True
[hybrid-rollout] ep 185 (heldout_186): steps=4 success=True
[hybrid-rollout] ep 186 (heldout_187): steps=5 success=True
[hybrid-rollout] ep 187 (heldout_188): steps=5 success=True
[hybrid-rollout] ep 188 (heldout_189): steps=5 success=True
[hybrid-rollout] ep 189 (heldout_190): steps=7 success=True
[hybrid-rollout] ep 190 (heldout_191): steps=4 success=True
[hybrid-rollout] ep 191 (heldout_192): steps=5 success=True
[hybrid-rollout] ep 192 (heldout_193): steps=7 success=True
[hybrid-rollout] ep 193 (heldout_194): steps=6 success=True
[hybrid-rollout] ep 194 (heldout_195): steps=5 success=True
[hybrid-rollout] ep 195 (heldout_196): steps=4 success=True
[hybrid-rollout] ep 196 (heldout_197): steps=5 success=True
[hybrid-rollout] ep 197 (heldout_198): steps=4 success=True
[hybrid-rollout] ep 198 (heldout_199): steps=6 success=True
[hybrid-rollout] ep 199 (heldout_200): steps=4 success=True
[hybrid-rollout] DONE successes=190/200
[13:24:02] [iil-baseline] round 13: heldout_sr=0.950
[13:24:02] [run_baselines] worker 'safe_dagger' DONE: {'stopped_reason': 'target_hit', 'n_history': 14}
