
--------------------------------------------------------------------------------
WORKER run_id=9 method=thrifty_dagger kind=thrifty
--------------------------------------------------------------------------------

--------------------------------------------------------------------------------
THRIFTY_DAGGER ROUND 1  (remaining budget = 15)
--------------------------------------------------------------------------------
[14:41:23] [iil-baseline] round 1: pool=20 successes=8 failures=12 correction_sr=0.400
[14:41:23] [iil-baseline] round 1: picked=1 saved=1 cum_extras=1/15
[14:41:23] [uncertainty] member 0: $ /home/s226137394/.conda/envs/maze/bin/python3 -u -m Equivariant_pathway.equivariant_CNN_hybrid.baseline_vs_p4.pool_x_selector.trainer.finetune_replay --demo_dir /weka/s226137394/DmNfull/Equivariant_pathway/equivariant_CNN_hybrid/baseline_vs_p4/pool_x_selector/results/run_9/thrifty_dagger/demos --checkpoint_dir /weka/s226137394/DmNfull/Equivariant_pathway/equivariant_CNN_hybrid/baseline_vs_p4/pool_x_selector/results/run_9/thrifty_dagger/checkpoints/member_0 --epochs 90 --batch_size 64 --lr 5e-05 --weight_decay 0.0001 --replay_mix 0.5 --replay_mix_floor 0.2 --seed 9 --resume --new_demos_dir /weka/s226137394/DmNfull/Equivariant_pathway/equivariant_CNN_hybrid/baseline_vs_p4/pool_x_selector/results/run_9/thrifty_dagger/demos/round_001
[finetune_replay] device=cuda demo_dir=/weka/s226137394/DmNfull/Equivariant_pathway/equivariant_CNN_hybrid/baseline_vs_p4/pool_x_selector/results/run_9/thrifty_dagger/demos new_demos_dir=/weka/s226137394/DmNfull/Equivariant_pathway/equivariant_CNN_hybrid/baseline_vs_p4/pool_x_selector/results/run_9/thrifty_dagger/demos/round_001
[hybrid-dataset] 20 demos -> 103 samples
[hybrid-dataset] 1 demos -> 4 samples
[finetune_replay] sampler audit: {'n_old_samples': 103, 'n_new_samples': 4, 'replay_mix_target': 0.5, 'replay_mix_effective': 0.5, 'replay_mix_floor': 0.2}
[finetune_replay] trainable params: 1,400,028
[finetune_replay] WARM START from last_hybrid_policy.pth
[finetune_replay] ep   1/90 | train loss=0.8131 top1=0.773 | val loss=0.0059 | t=0.8s  *
[finetune_replay] ep   2/90 | train loss=0.3426 top1=0.845 | val loss=0.0216 | t=0.2s
[finetune_replay] ep   3/90 | train loss=0.1284 top1=0.990 | val loss=0.0122 | t=0.2s
[finetune_replay] ep   4/90 | train loss=0.0500 top1=1.000 | val loss=0.0256 | t=0.1s
[finetune_replay] ep   5/90 | train loss=0.0408 top1=1.000 | val loss=0.0199 | t=0.2s
[finetune_replay] ep   6/90 | train loss=0.0284 top1=1.000 | val loss=0.0177 | t=0.1s
[finetune_replay] ep   7/90 | train loss=0.0278 top1=1.000 | val loss=0.0119 | t=0.1s
[finetune_replay] ep   8/90 | train loss=0.0092 top1=1.000 | val loss=0.0089 | t=0.2s
[finetune_replay] ep   9/90 | train loss=0.0223 top1=1.000 | val loss=0.0071 | t=0.1s
[finetune_replay] ep  10/90 | train loss=0.0073 top1=1.000 | val loss=0.0056 | t=0.1s  *
[finetune_replay] ep  11/90 | train loss=0.0071 top1=1.000 | val loss=0.0067 | t=0.1s
[finetune_replay] ep  12/90 | train loss=0.0075 top1=1.000 | val loss=0.0092 | t=0.1s
[finetune_replay] ep  13/90 | train loss=0.0094 top1=1.000 | val loss=0.0091 | t=0.1s
[finetune_replay] ep  14/90 | train loss=0.0055 top1=1.000 | val loss=0.0093 | t=0.2s
[finetune_replay] ep  15/90 | train loss=0.0049 top1=1.000 | val loss=0.0094 | t=0.1s
[finetune_replay] ep  16/90 | train loss=0.0044 top1=1.000 | val loss=0.0097 | t=0.1s
[finetune_replay] ep  17/90 | train loss=0.0067 top1=1.000 | val loss=0.0120 | t=0.1s
[finetune_replay] ep  18/90 | train loss=0.0039 top1=1.000 | val loss=0.0099 | t=0.2s
[finetune_replay] ep  19/90 | train loss=0.0056 top1=1.000 | val loss=0.0075 | t=0.1s
[finetune_replay] ep  20/90 | train loss=0.0058 top1=1.000 | val loss=0.0072 | t=0.1s
[finetune_replay] ep  21/90 | train loss=0.0045 top1=1.000 | val loss=0.0094 | t=0.1s
[finetune_replay] ep  22/90 | train loss=0.0033 top1=1.000 | val loss=0.0089 | t=0.1s
[finetune_replay] ep  23/90 | train loss=0.0049 top1=1.000 | val loss=0.0064 | t=0.1s
[finetune_replay] ep  24/90 | train loss=0.0029 top1=1.000 | val loss=0.0060 | t=0.2s
[finetune_replay] ep  25/90 | train loss=0.0038 top1=1.000 | val loss=0.0074 | t=0.2s
[finetune_replay] ep  26/90 | train loss=0.0029 top1=1.000 | val loss=0.0085 | t=0.1s
[finetune_replay] ep  27/90 | train loss=0.0026 top1=1.000 | val loss=0.0088 | t=0.1s
[finetune_replay] ep  28/90 | train loss=0.0023 top1=1.000 | val loss=0.0083 | t=0.1s
[finetune_replay] ep  29/90 | train loss=0.0029 top1=1.000 | val loss=0.0074 | t=0.1s
[finetune_replay] ep  30/90 | train loss=0.0021 top1=1.000 | val loss=0.0070 | t=0.1s
[finetune_replay] ep  31/90 | train loss=0.0030 top1=1.000 | val loss=0.0067 | t=0.1s
[finetune_replay] ep  32/90 | train loss=0.0030 top1=1.000 | val loss=0.0066 | t=0.1s
[finetune_replay] ep  33/90 | train loss=0.0024 top1=1.000 | val loss=0.0067 | t=0.1s
[finetune_replay] ep  34/90 | train loss=0.0023 top1=1.000 | val loss=0.0065 | t=0.1s
[finetune_replay] ep  35/90 | train loss=0.0018 top1=1.000 | val loss=0.0061 | t=0.1s
[finetune_replay] ep  36/90 | train loss=0.0022 top1=1.000 | val loss=0.0068 | t=0.1s
[finetune_replay] ep  37/90 | train loss=0.0017 top1=1.000 | val loss=0.0072 | t=0.1s
[finetune_replay] ep  38/90 | train loss=0.0021 top1=1.000 | val loss=0.0070 | t=0.1s
[finetune_replay] ep  39/90 | train loss=0.0016 top1=1.000 | val loss=0.0068 | t=0.1s
[finetune_replay] ep  40/90 | train loss=0.0017 top1=1.000 | val loss=0.0069 | t=0.1s
[finetune_replay] ep  41/90 | train loss=0.0019 top1=1.000 | val loss=0.0076 | t=0.1s
[finetune_replay] ep  42/90 | train loss=0.0021 top1=1.000 | val loss=0.0071 | t=0.1s
[finetune_replay] ep  43/90 | train loss=0.0015 top1=1.000 | val loss=0.0067 | t=0.1s
[finetune_replay] ep  44/90 | train loss=0.0018 top1=1.000 | val loss=0.0065 | t=0.1s
[finetune_replay] ep  45/90 | train loss=0.0016 top1=1.000 | val loss=0.0062 | t=0.1s
[finetune_replay] ep  46/90 | train loss=0.0017 top1=1.000 | val loss=0.0058 | t=0.1s
[finetune_replay] ep  47/90 | train loss=0.0016 top1=1.000 | val loss=0.0063 | t=0.1s
[finetune_replay] ep  48/90 | train loss=0.0015 top1=1.000 | val loss=0.0062 | t=0.1s
[finetune_replay] ep  49/90 | train loss=0.0017 top1=1.000 | val loss=0.0062 | t=0.1s
[finetune_replay] ep  50/90 | train loss=0.0016 top1=1.000 | val loss=0.0058 | t=0.1s
[finetune_replay] ep  51/90 | train loss=0.0015 top1=1.000 | val loss=0.0059 | t=0.1s
[finetune_replay] ep  52/90 | train loss=0.0013 top1=1.000 | val loss=0.0063 | t=0.1s
[finetune_replay] ep  53/90 | train loss=0.0018 top1=1.000 | val loss=0.0067 | t=0.1s
[finetune_replay] ep  54/90 | train loss=0.0013 top1=1.000 | val loss=0.0066 | t=0.1s
[finetune_replay] ep  55/90 | train loss=0.0016 top1=1.000 | val loss=0.0068 | t=0.1s
[finetune_replay] ep  56/90 | train loss=0.0014 top1=1.000 | val loss=0.0066 | t=0.1s
[finetune_replay] ep  57/90 | train loss=0.0016 top1=1.000 | val loss=0.0065 | t=0.1s
[finetune_replay] ep  58/90 | train loss=0.0015 top1=1.000 | val loss=0.0063 | t=0.1s
[finetune_replay] ep  59/90 | train loss=0.0015 top1=1.000 | val loss=0.0060 | t=0.1s
[finetune_replay] ep  60/90 | train loss=0.0017 top1=1.000 | val loss=0.0060 | t=0.1s
[finetune_replay] ep  61/90 | train loss=0.0017 top1=1.000 | val loss=0.0060 | t=0.1s
[finetune_replay] ep  62/90 | train loss=0.0016 top1=1.000 | val loss=0.0061 | t=0.1s
[finetune_replay] ep  63/90 | train loss=0.0014 top1=1.000 | val loss=0.0067 | t=0.1s
[finetune_replay] ep  64/90 | train loss=0.0012 top1=1.000 | val loss=0.0068 | t=0.1s
[finetune_replay] ep  65/90 | train loss=0.0014 top1=1.000 | val loss=0.0068 | t=0.1s
[finetune_replay] ep  66/90 | train loss=0.0012 top1=1.000 | val loss=0.0070 | t=0.1s
[finetune_replay] ep  67/90 | train loss=0.0014 top1=1.000 | val loss=0.0072 | t=0.1s
[finetune_replay] ep  68/90 | train loss=0.0017 top1=1.000 | val loss=0.0073 | t=0.1s
[finetune_replay] ep  69/90 | train loss=0.0017 top1=1.000 | val loss=0.0074 | t=0.1s
[finetune_replay] ep  70/90 | train loss=0.0015 top1=1.000 | val loss=0.0072 | t=0.1s
[finetune_replay] ep  71/90 | train loss=0.0012 top1=1.000 | val loss=0.0076 | t=0.1s
[finetune_replay] ep  72/90 | train loss=0.0013 top1=1.000 | val loss=0.0076 | t=0.1s
[finetune_replay] ep  73/90 | train loss=0.0014 top1=1.000 | val loss=0.0073 | t=0.1s
[finetune_replay] ep  74/90 | train loss=0.0012 top1=1.000 | val loss=0.0072 | t=0.1s
[finetune_replay] ep  75/90 | train loss=0.0014 top1=1.000 | val loss=0.0074 | t=0.1s
[finetune_replay] ep  76/90 | train loss=0.0011 top1=1.000 | val loss=0.0072 | t=0.1s
[finetune_replay] ep  77/90 | train loss=0.0016 top1=1.000 | val loss=0.0071 | t=0.1s
[finetune_replay] ep  78/90 | train loss=0.0011 top1=1.000 | val loss=0.0069 | t=0.1s
[finetune_replay] ep  79/90 | train loss=0.0014 top1=1.000 | val loss=0.0069 | t=0.1s
[finetune_replay] ep  80/90 | train loss=0.0014 top1=1.000 | val loss=0.0069 | t=0.1s
[finetune_replay] ep  81/90 | train loss=0.0017 top1=1.000 | val loss=0.0068 | t=0.1s
[finetune_replay] ep  82/90 | train loss=0.0012 top1=1.000 | val loss=0.0071 | t=0.1s
[finetune_replay] ep  83/90 | train loss=0.0013 top1=1.000 | val loss=0.0068 | t=0.1s
[finetune_replay] ep  84/90 | train loss=0.0014 top1=1.000 | val loss=0.0070 | t=0.1s
[finetune_replay] ep  85/90 | train loss=0.0012 top1=1.000 | val loss=0.0070 | t=0.1s
[finetune_replay] ep  86/90 | train loss=0.0016 top1=1.000 | val loss=0.0070 | t=0.1s
[finetune_replay] ep  87/90 | train loss=0.0012 top1=1.000 | val loss=0.0071 | t=0.1s
[finetune_replay] ep  88/90 | train loss=0.0015 top1=1.000 | val loss=0.0073 | t=0.1s
[finetune_replay] ep  89/90 | train loss=0.0012 top1=1.000 | val loss=0.0071 | t=0.1s
[finetune_replay] ep  90/90 | train loss=0.0014 top1=1.000 | val loss=0.0070 | t=0.1s
[finetune_replay] DONE best_val_loss=0.0056 @ epoch 10
[14:41:50] [uncertainty] member 1: $ /home/s226137394/.conda/envs/maze/bin/python3 -u -m Equivariant_pathway.equivariant_CNN_hybrid.baseline_vs_p4.pool_x_selector.trainer.finetune_replay --demo_dir /weka/s226137394/DmNfull/Equivariant_pathway/equivariant_CNN_hybrid/baseline_vs_p4/pool_x_selector/results/run_9/thrifty_dagger/demos --checkpoint_dir /weka/s226137394/DmNfull/Equivariant_pathway/equivariant_CNN_hybrid/baseline_vs_p4/pool_x_selector/results/run_9/thrifty_dagger/checkpoints/member_1 --epochs 90 --batch_size 64 --lr 5e-05 --weight_decay 0.0001 --replay_mix 0.5 --replay_mix_floor 0.2 --seed 110 --resume --new_demos_dir /weka/s226137394/DmNfull/Equivariant_pathway/equivariant_CNN_hybrid/baseline_vs_p4/pool_x_selector/results/run_9/thrifty_dagger/demos/round_001
[finetune_replay] device=cuda demo_dir=/weka/s226137394/DmNfull/Equivariant_pathway/equivariant_CNN_hybrid/baseline_vs_p4/pool_x_selector/results/run_9/thrifty_dagger/demos new_demos_dir=/weka/s226137394/DmNfull/Equivariant_pathway/equivariant_CNN_hybrid/baseline_vs_p4/pool_x_selector/results/run_9/thrifty_dagger/demos/round_001
[hybrid-dataset] 20 demos -> 103 samples
[hybrid-dataset] 1 demos -> 4 samples
[finetune_replay] sampler audit: {'n_old_samples': 103, 'n_new_samples': 4, 'replay_mix_target': 0.5, 'replay_mix_effective': 0.5, 'replay_mix_floor': 0.2}
[finetune_replay] trainable params: 1,400,028
[finetune_replay] WARM START from last_hybrid_policy.pth
[finetune_replay] ep   1/90 | train loss=0.6693 top1=0.742 | val loss=0.0254 | t=0.8s  *
[finetune_replay] ep   2/90 | train loss=0.3327 top1=1.000 | val loss=0.0623 | t=0.1s
[finetune_replay] ep   3/90 | train loss=0.1628 top1=0.959 | val loss=0.0813 | t=0.1s
[finetune_replay] ep   4/90 | train loss=0.1345 top1=0.928 | val loss=0.0518 | t=0.1s
[finetune_replay] ep   5/90 | train loss=0.0517 top1=1.000 | val loss=0.0223 | t=0.1s  *
[finetune_replay] ep   6/90 | train loss=0.0878 top1=1.000 | val loss=0.0216 | t=0.1s  *
[finetune_replay] ep   7/90 | train loss=0.0359 top1=1.000 | val loss=0.0244 | t=0.1s
[finetune_replay] ep   8/90 | train loss=0.0295 top1=1.000 | val loss=0.0120 | t=0.1s  *
[finetune_replay] ep   9/90 | train loss=0.0174 top1=1.000 | val loss=0.0072 | t=0.1s  *
[finetune_replay] ep  10/90 | train loss=0.0208 top1=1.000 | val loss=0.0105 | t=0.1s
[finetune_replay] ep  11/90 | train loss=0.0101 top1=1.000 | val loss=0.0538 | t=0.1s
[finetune_replay] ep  12/90 | train loss=0.0165 top1=1.000 | val loss=0.0781 | t=0.1s
[finetune_replay] ep  13/90 | train loss=0.0108 top1=1.000 | val loss=0.0593 | t=0.1s
[finetune_replay] ep  14/90 | train loss=0.0096 top1=1.000 | val loss=0.0332 | t=0.1s
[finetune_replay] ep  15/90 | train loss=0.0056 top1=1.000 | val loss=0.0261 | t=0.1s
[finetune_replay] ep  16/90 | train loss=0.0056 top1=1.000 | val loss=0.0235 | t=0.1s
[finetune_replay] ep  17/90 | train loss=0.0057 top1=1.000 | val loss=0.0218 | t=0.1s
[finetune_replay] ep  18/90 | train loss=0.0105 top1=1.000 | val loss=0.0259 | t=0.2s
[finetune_replay] ep  19/90 | train loss=0.0070 top1=1.000 | val loss=0.0308 | t=0.1s
[finetune_replay] ep  20/90 | train loss=0.0043 top1=1.000 | val loss=0.0357 | t=0.1s
[finetune_replay] ep  21/90 | train loss=0.0036 top1=1.000 | val loss=0.0347 | t=0.1s
[finetune_replay] ep  22/90 | train loss=0.0076 top1=1.000 | val loss=0.0285 | t=0.1s
[finetune_replay] ep  23/90 | train loss=0.0034 top1=1.000 | val loss=0.0180 | t=0.1s
[finetune_replay] ep  24/90 | train loss=0.0032 top1=1.000 | val loss=0.0132 | t=0.1s
[finetune_replay] ep  25/90 | train loss=0.0034 top1=1.000 | val loss=0.0119 | t=0.1s
[finetune_replay] ep  26/90 | train loss=0.0037 top1=1.000 | val loss=0.0138 | t=0.1s
[finetune_replay] ep  27/90 | train loss=0.0031 top1=1.000 | val loss=0.0156 | t=0.1s
[finetune_replay] ep  28/90 | train loss=0.0038 top1=1.000 | val loss=0.0173 | t=0.1s
[finetune_replay] ep  29/90 | train loss=0.0037 top1=1.000 | val loss=0.0182 | t=0.1s
[finetune_replay] ep  30/90 | train loss=0.0029 top1=1.000 | val loss=0.0176 | t=0.1s
[finetune_replay] ep  31/90 | train loss=0.0029 top1=1.000 | val loss=0.0138 | t=0.1s
[finetune_replay] ep  32/90 | train loss=0.0031 top1=1.000 | val loss=0.0114 | t=0.1s
[finetune_replay] ep  33/90 | train loss=0.0020 top1=1.000 | val loss=0.0098 | t=0.1s
[finetune_replay] ep  34/90 | train loss=0.0022 top1=1.000 | val loss=0.0091 | t=0.1s
[finetune_replay] ep  35/90 | train loss=0.0020 top1=1.000 | val loss=0.0089 | t=0.1s
[finetune_replay] ep  36/90 | train loss=0.0023 top1=1.000 | val loss=0.0089 | t=0.1s
[finetune_replay] ep  37/90 | train loss=0.0022 top1=1.000 | val loss=0.0108 | t=0.1s
[finetune_replay] ep  38/90 | train loss=0.0018 top1=1.000 | val loss=0.0123 | t=0.1s
[finetune_replay] ep  39/90 | train loss=0.0023 top1=1.000 | val loss=0.0129 | t=0.1s
[finetune_replay] ep  40/90 | train loss=0.0027 top1=1.000 | val loss=0.0110 | t=0.1s
[finetune_replay] ep  41/90 | train loss=0.0020 top1=1.000 | val loss=0.0088 | t=0.1s
[finetune_replay] ep  42/90 | train loss=0.0019 top1=1.000 | val loss=0.0077 | t=0.1s
[finetune_replay] ep  43/90 | train loss=0.0014 top1=1.000 | val loss=0.0078 | t=0.1s
[finetune_replay] ep  44/90 | train loss=0.0024 top1=1.000 | val loss=0.0083 | t=0.1s
[finetune_replay] ep  45/90 | train loss=0.0024 top1=1.000 | val loss=0.0091 | t=0.1s
[finetune_replay] ep  46/90 | train loss=0.0020 top1=1.000 | val loss=0.0095 | t=0.1s
[finetune_replay] ep  47/90 | train loss=0.0019 top1=1.000 | val loss=0.0091 | t=0.1s
[finetune_replay] ep  48/90 | train loss=0.0019 top1=1.000 | val loss=0.0087 | t=0.1s
[finetune_replay] ep  49/90 | train loss=0.0021 top1=1.000 | val loss=0.0082 | t=0.1s
[finetune_replay] ep  50/90 | train loss=0.0020 top1=1.000 | val loss=0.0077 | t=0.1s
[finetune_replay] ep  51/90 | train loss=0.0021 top1=1.000 | val loss=0.0080 | t=0.1s
[finetune_replay] ep  52/90 | train loss=0.0015 top1=1.000 | val loss=0.0082 | t=0.1s
[finetune_replay] ep  53/90 | train loss=0.0020 top1=1.000 | val loss=0.0084 | t=0.1s
[finetune_replay] ep  54/90 | train loss=0.0019 top1=1.000 | val loss=0.0081 | t=0.1s
[finetune_replay] ep  55/90 | train loss=0.0019 top1=1.000 | val loss=0.0078 | t=0.1s
[finetune_replay] ep  56/90 | train loss=0.0017 top1=1.000 | val loss=0.0081 | t=0.1s
[finetune_replay] ep  57/90 | train loss=0.0019 top1=1.000 | val loss=0.0079 | t=0.1s
[finetune_replay] ep  58/90 | train loss=0.0015 top1=1.000 | val loss=0.0076 | t=0.2s
[finetune_replay] ep  59/90 | train loss=0.0014 top1=1.000 | val loss=0.0074 | t=0.1s
[finetune_replay] ep  60/90 | train loss=0.0019 top1=1.000 | val loss=0.0075 | t=0.1s
[finetune_replay] ep  61/90 | train loss=0.0018 top1=1.000 | val loss=0.0073 | t=0.1s
[finetune_replay] ep  62/90 | train loss=0.0015 top1=1.000 | val loss=0.0071 | t=0.1s  *
[finetune_replay] ep  63/90 | train loss=0.0015 top1=1.000 | val loss=0.0072 | t=0.1s
[finetune_replay] ep  64/90 | train loss=0.0016 top1=1.000 | val loss=0.0071 | t=0.1s  *
[finetune_replay] ep  65/90 | train loss=0.0017 top1=1.000 | val loss=0.0069 | t=0.1s  *
[finetune_replay] ep  66/90 | train loss=0.0018 top1=1.000 | val loss=0.0066 | t=0.1s  *
[finetune_replay] ep  67/90 | train loss=0.0015 top1=1.000 | val loss=0.0065 | t=0.1s  *
[finetune_replay] ep  68/90 | train loss=0.0017 top1=1.000 | val loss=0.0064 | t=0.1s  *
[finetune_replay] ep  69/90 | train loss=0.0015 top1=1.000 | val loss=0.0061 | t=0.1s  *
[finetune_replay] ep  70/90 | train loss=0.0015 top1=1.000 | val loss=0.0060 | t=0.1s  *
[finetune_replay] ep  71/90 | train loss=0.0015 top1=1.000 | val loss=0.0058 | t=0.1s  *
[finetune_replay] ep  72/90 | train loss=0.0015 top1=1.000 | val loss=0.0059 | t=0.1s
[finetune_replay] ep  73/90 | train loss=0.0014 top1=1.000 | val loss=0.0062 | t=0.1s
[finetune_replay] ep  74/90 | train loss=0.0013 top1=1.000 | val loss=0.0063 | t=0.1s
[finetune_replay] ep  75/90 | train loss=0.0019 top1=1.000 | val loss=0.0063 | t=0.1s
[finetune_replay] ep  76/90 | train loss=0.0018 top1=1.000 | val loss=0.0063 | t=0.1s
[finetune_replay] ep  77/90 | train loss=0.0013 top1=1.000 | val loss=0.0066 | t=0.1s
[finetune_replay] ep  78/90 | train loss=0.0014 top1=1.000 | val loss=0.0067 | t=0.1s
[finetune_replay] ep  79/90 | train loss=0.0012 top1=1.000 | val loss=0.0069 | t=0.1s
[finetune_replay] ep  80/90 | train loss=0.0015 top1=1.000 | val loss=0.0068 | t=0.1s
[finetune_replay] ep  81/90 | train loss=0.0013 top1=1.000 | val loss=0.0064 | t=0.1s
[finetune_replay] ep  82/90 | train loss=0.0014 top1=1.000 | val loss=0.0066 | t=0.1s
[finetune_replay] ep  83/90 | train loss=0.0016 top1=1.000 | val loss=0.0065 | t=0.1s
[finetune_replay] ep  84/90 | train loss=0.0016 top1=1.000 | val loss=0.0064 | t=0.1s
[finetune_replay] ep  85/90 | train loss=0.0013 top1=1.000 | val loss=0.0065 | t=0.1s
[finetune_replay] ep  86/90 | train loss=0.0018 top1=1.000 | val loss=0.0067 | t=0.1s
[finetune_replay] ep  87/90 | train loss=0.0015 top1=1.000 | val loss=0.0066 | t=0.1s
[finetune_replay] ep  88/90 | train loss=0.0016 top1=1.000 | val loss=0.0065 | t=0.1s
[finetune_replay] ep  89/90 | train loss=0.0016 top1=1.000 | val loss=0.0063 | t=0.1s
[finetune_replay] ep  90/90 | train loss=0.0012 top1=1.000 | val loss=0.0061 | t=0.1s
[finetune_replay] DONE best_val_loss=0.0058 @ epoch 71
[14:42:15] [uncertainty] member 2: $ /home/s226137394/.conda/envs/maze/bin/python3 -u -m Equivariant_pathway.equivariant_CNN_hybrid.baseline_vs_p4.pool_x_selector.trainer.finetune_replay --demo_dir /weka/s226137394/DmNfull/Equivariant_pathway/equivariant_CNN_hybrid/baseline_vs_p4/pool_x_selector/results/run_9/thrifty_dagger/demos --checkpoint_dir /weka/s226137394/DmNfull/Equivariant_pathway/equivariant_CNN_hybrid/baseline_vs_p4/pool_x_selector/results/run_9/thrifty_dagger/checkpoints/member_2 --epochs 90 --batch_size 64 --lr 5e-05 --weight_decay 0.0001 --replay_mix 0.5 --replay_mix_floor 0.2 --seed 211 --resume --new_demos_dir /weka/s226137394/DmNfull/Equivariant_pathway/equivariant_CNN_hybrid/baseline_vs_p4/pool_x_selector/results/run_9/thrifty_dagger/demos/round_001
[finetune_replay] device=cuda demo_dir=/weka/s226137394/DmNfull/Equivariant_pathway/equivariant_CNN_hybrid/baseline_vs_p4/pool_x_selector/results/run_9/thrifty_dagger/demos new_demos_dir=/weka/s226137394/DmNfull/Equivariant_pathway/equivariant_CNN_hybrid/baseline_vs_p4/pool_x_selector/results/run_9/thrifty_dagger/demos/round_001
[hybrid-dataset] 20 demos -> 103 samples
[hybrid-dataset] 1 demos -> 4 samples
[finetune_replay] sampler audit: {'n_old_samples': 103, 'n_new_samples': 4, 'replay_mix_target': 0.5, 'replay_mix_effective': 0.5, 'replay_mix_floor': 0.2}
[finetune_replay] trainable params: 1,400,028
[finetune_replay] WARM START from last_hybrid_policy.pth
[finetune_replay] ep   1/90 | train loss=0.6743 top1=0.794 | val loss=0.1158 | t=1.0s  *
[finetune_replay] ep   2/90 | train loss=0.2799 top1=0.979 | val loss=0.0852 | t=0.2s  *
[finetune_replay] ep   3/90 | train loss=0.1008 top1=0.948 | val loss=0.1895 | t=0.1s
[finetune_replay] ep   4/90 | train loss=0.0866 top1=0.928 | val loss=0.1511 | t=0.1s
[finetune_replay] ep   5/90 | train loss=0.0389 top1=1.000 | val loss=0.1303 | t=0.1s
[finetune_replay] ep   6/90 | train loss=0.0571 top1=1.000 | val loss=0.1124 | t=0.1s
[finetune_replay] ep   7/90 | train loss=0.0217 top1=1.000 | val loss=0.1255 | t=0.1s
[finetune_replay] ep   8/90 | train loss=0.0250 top1=1.000 | val loss=0.1183 | t=0.1s
[finetune_replay] ep   9/90 | train loss=0.0097 top1=1.000 | val loss=0.1113 | t=0.2s
[finetune_replay] ep  10/90 | train loss=0.0085 top1=1.000 | val loss=0.1281 | t=0.1s
[finetune_replay] ep  11/90 | train loss=0.0141 top1=1.000 | val loss=0.1678 | t=0.2s
[finetune_replay] ep  12/90 | train loss=0.0172 top1=1.000 | val loss=0.1774 | t=0.1s
[finetune_replay] ep  13/90 | train loss=0.0099 top1=1.000 | val loss=0.1341 | t=0.1s
[finetune_replay] ep  14/90 | train loss=0.0060 top1=1.000 | val loss=0.1219 | t=0.1s
[finetune_replay] ep  15/90 | train loss=0.0084 top1=1.000 | val loss=0.1399 | t=0.1s
[finetune_replay] ep  16/90 | train loss=0.0072 top1=1.000 | val loss=0.1659 | t=0.1s
[finetune_replay] ep  17/90 | train loss=0.0036 top1=1.000 | val loss=0.1686 | t=0.2s
[finetune_replay] ep  18/90 | train loss=0.0036 top1=1.000 | val loss=0.1454 | t=0.1s
[finetune_replay] ep  19/90 | train loss=0.0043 top1=1.000 | val loss=0.1238 | t=0.1s
[finetune_replay] ep  20/90 | train loss=0.0047 top1=1.000 | val loss=0.1155 | t=0.1s
[finetune_replay] ep  21/90 | train loss=0.0036 top1=1.000 | val loss=0.1156 | t=0.1s
[finetune_replay] ep  22/90 | train loss=0.0034 top1=1.000 | val loss=0.1220 | t=0.1s
[finetune_replay] ep  23/90 | train loss=0.0027 top1=1.000 | val loss=0.1308 | t=0.1s
[finetune_replay] ep  24/90 | train loss=0.0028 top1=1.000 | val loss=0.1331 | t=0.1s
[finetune_replay] ep  25/90 | train loss=0.0024 top1=1.000 | val loss=0.1301 | t=0.1s
[finetune_replay] ep  26/90 | train loss=0.0021 top1=1.000 | val loss=0.1228 | t=0.1s
[finetune_replay] ep  27/90 | train loss=0.0027 top1=1.000 | val loss=0.1177 | t=0.1s
[finetune_replay] ep  28/90 | train loss=0.0018 top1=1.000 | val loss=0.1152 | t=0.1s
[finetune_replay] ep  29/90 | train loss=0.0025 top1=1.000 | val loss=0.1201 | t=0.1s
[finetune_replay] ep  30/90 | train loss=0.0017 top1=1.000 | val loss=0.1243 | t=0.1s
[finetune_replay] ep  31/90 | train loss=0.0019 top1=1.000 | val loss=0.1242 | t=0.1s
[finetune_replay] ep  32/90 | train loss=0.0016 top1=1.000 | val loss=0.1233 | t=0.1s
[finetune_replay] ep  33/90 | train loss=0.0022 top1=1.000 | val loss=0.1227 | t=0.1s
[finetune_replay] ep  34/90 | train loss=0.0016 top1=1.000 | val loss=0.1221 | t=0.1s
[finetune_replay] ep  35/90 | train loss=0.0021 top1=1.000 | val loss=0.1214 | t=0.1s
[finetune_replay] ep  36/90 | train loss=0.0022 top1=1.000 | val loss=0.1198 | t=0.1s
[finetune_replay] ep  37/90 | train loss=0.0017 top1=1.000 | val loss=0.1207 | t=0.1s
[finetune_replay] ep  38/90 | train loss=0.0022 top1=1.000 | val loss=0.1162 | t=0.1s
[finetune_replay] ep  39/90 | train loss=0.0023 top1=1.000 | val loss=0.1122 | t=0.1s
[finetune_replay] ep  40/90 | train loss=0.0017 top1=1.000 | val loss=0.1097 | t=0.1s
[finetune_replay] ep  41/90 | train loss=0.0018 top1=1.000 | val loss=0.1059 | t=0.1s
[finetune_replay] ep  42/90 | train loss=0.0017 top1=1.000 | val loss=0.1117 | t=0.1s
[finetune_replay] ep  43/90 | train loss=0.0015 top1=1.000 | val loss=0.1170 | t=0.1s
[finetune_replay] ep  44/90 | train loss=0.0016 top1=1.000 | val loss=0.1199 | t=0.1s
[finetune_replay] ep  45/90 | train loss=0.0016 top1=1.000 | val loss=0.1206 | t=0.1s
[finetune_replay] ep  46/90 | train loss=0.0017 top1=1.000 | val loss=0.1181 | t=0.1s
[finetune_replay] ep  47/90 | train loss=0.0013 top1=1.000 | val loss=0.1162 | t=0.1s
[finetune_replay] ep  48/90 | train loss=0.0020 top1=1.000 | val loss=0.1134 | t=0.2s
[finetune_replay] ep  49/90 | train loss=0.0015 top1=1.000 | val loss=0.1157 | t=0.1s
[finetune_replay] ep  50/90 | train loss=0.0015 top1=1.000 | val loss=0.1172 | t=0.1s
[finetune_replay] ep  51/90 | train loss=0.0015 top1=1.000 | val loss=0.1184 | t=0.1s
[finetune_replay] ep  52/90 | train loss=0.0013 top1=1.000 | val loss=0.1183 | t=0.1s
[finetune_replay] ep  53/90 | train loss=0.0013 top1=1.000 | val loss=0.1144 | t=0.1s
[finetune_replay] ep  54/90 | train loss=0.0012 top1=1.000 | val loss=0.1147 | t=0.1s
[finetune_replay] ep  55/90 | train loss=0.0016 top1=1.000 | val loss=0.1153 | t=0.1s
[finetune_replay] ep  56/90 | train loss=0.0017 top1=1.000 | val loss=0.1134 | t=0.1s
[finetune_replay] ep  57/90 | train loss=0.0018 top1=1.000 | val loss=0.1155 | t=0.1s
[finetune_replay] ep  58/90 | train loss=0.0013 top1=1.000 | val loss=0.1143 | t=0.1s
[finetune_replay] ep  59/90 | train loss=0.0016 top1=1.000 | val loss=0.1116 | t=0.1s
[finetune_replay] ep  60/90 | train loss=0.0016 top1=1.000 | val loss=0.1118 | t=0.1s
[finetune_replay] ep  61/90 | train loss=0.0014 top1=1.000 | val loss=0.1074 | t=0.1s
[finetune_replay] ep  62/90 | train loss=0.0016 top1=1.000 | val loss=0.1042 | t=0.1s
[finetune_replay] ep  63/90 | train loss=0.0015 top1=1.000 | val loss=0.1044 | t=0.1s
[finetune_replay] ep  64/90 | train loss=0.0012 top1=1.000 | val loss=0.1062 | t=0.1s
[finetune_replay] ep  65/90 | train loss=0.0011 top1=1.000 | val loss=0.1074 | t=0.1s
[finetune_replay] ep  66/90 | train loss=0.0013 top1=1.000 | val loss=0.1078 | t=0.1s
[finetune_replay] ep  67/90 | train loss=0.0010 top1=1.000 | val loss=0.1056 | t=0.1s
[finetune_replay] ep  68/90 | train loss=0.0014 top1=1.000 | val loss=0.1040 | t=0.1s
[finetune_replay] ep  69/90 | train loss=0.0014 top1=1.000 | val loss=0.1030 | t=0.1s
[finetune_replay] ep  70/90 | train loss=0.0012 top1=1.000 | val loss=0.1056 | t=0.1s
[finetune_replay] ep  71/90 | train loss=0.0019 top1=1.000 | val loss=0.1064 | t=0.1s
[finetune_replay] ep  72/90 | train loss=0.0010 top1=1.000 | val loss=0.1078 | t=0.1s
[finetune_replay] ep  73/90 | train loss=0.0014 top1=1.000 | val loss=0.1046 | t=0.1s
[finetune_replay] ep  74/90 | train loss=0.0012 top1=1.000 | val loss=0.1068 | t=0.1s
[finetune_replay] ep  75/90 | train loss=0.0010 top1=1.000 | val loss=0.1079 | t=0.1s
[finetune_replay] ep  76/90 | train loss=0.0013 top1=1.000 | val loss=0.1098 | t=0.1s
[finetune_replay] ep  77/90 | train loss=0.0015 top1=1.000 | val loss=0.1078 | t=0.1s
[finetune_replay] ep  78/90 | train loss=0.0017 top1=1.000 | val loss=0.1087 | t=0.1s
[finetune_replay] ep  79/90 | train loss=0.0010 top1=1.000 | val loss=0.1086 | t=0.1s
[finetune_replay] ep  80/90 | train loss=0.0011 top1=1.000 | val loss=0.1077 | t=0.1s
[finetune_replay] ep  81/90 | train loss=0.0015 top1=1.000 | val loss=0.1060 | t=0.1s
[finetune_replay] ep  82/90 | train loss=0.0015 top1=1.000 | val loss=0.1046 | t=0.1s
[finetune_replay] ep  83/90 | train loss=0.0012 top1=1.000 | val loss=0.1041 | t=0.1s
[finetune_replay] ep  84/90 | train loss=0.0012 top1=1.000 | val loss=0.1068 | t=0.1s
[finetune_replay] ep  85/90 | train loss=0.0011 top1=1.000 | val loss=0.1084 | t=0.1s
[finetune_replay] ep  86/90 | train loss=0.0012 top1=1.000 | val loss=0.1070 | t=0.1s
[finetune_replay] ep  87/90 | train loss=0.0014 top1=1.000 | val loss=0.1085 | t=0.1s
[finetune_replay] ep  88/90 | train loss=0.0011 top1=1.000 | val loss=0.1090 | t=0.1s
[finetune_replay] ep  89/90 | train loss=0.0015 top1=1.000 | val loss=0.1069 | t=0.1s
[finetune_replay] ep  90/90 | train loss=0.0014 top1=1.000 | val loss=0.1083 | t=0.1s
[finetune_replay] DONE best_val_loss=0.0852 @ epoch 2
[14:42:40] [uncertainty] member 3: $ /home/s226137394/.conda/envs/maze/bin/python3 -u -m Equivariant_pathway.equivariant_CNN_hybrid.baseline_vs_p4.pool_x_selector.trainer.finetune_replay --demo_dir /weka/s226137394/DmNfull/Equivariant_pathway/equivariant_CNN_hybrid/baseline_vs_p4/pool_x_selector/results/run_9/thrifty_dagger/demos --checkpoint_dir /weka/s226137394/DmNfull/Equivariant_pathway/equivariant_CNN_hybrid/baseline_vs_p4/pool_x_selector/results/run_9/thrifty_dagger/checkpoints/member_3 --epochs 90 --batch_size 64 --lr 5e-05 --weight_decay 0.0001 --replay_mix 0.5 --replay_mix_floor 0.2 --seed 312 --resume --new_demos_dir /weka/s226137394/DmNfull/Equivariant_pathway/equivariant_CNN_hybrid/baseline_vs_p4/pool_x_selector/results/run_9/thrifty_dagger/demos/round_001
[finetune_replay] device=cuda demo_dir=/weka/s226137394/DmNfull/Equivariant_pathway/equivariant_CNN_hybrid/baseline_vs_p4/pool_x_selector/results/run_9/thrifty_dagger/demos new_demos_dir=/weka/s226137394/DmNfull/Equivariant_pathway/equivariant_CNN_hybrid/baseline_vs_p4/pool_x_selector/results/run_9/thrifty_dagger/demos/round_001
[hybrid-dataset] 20 demos -> 103 samples
[hybrid-dataset] 1 demos -> 4 samples
[finetune_replay] sampler audit: {'n_old_samples': 103, 'n_new_samples': 4, 'replay_mix_target': 0.5, 'replay_mix_effective': 0.5, 'replay_mix_floor': 0.2}
[finetune_replay] trainable params: 1,400,028
[finetune_replay] WARM START from last_hybrid_policy.pth
[finetune_replay] ep   1/90 | train loss=0.9727 top1=0.794 | val loss=0.1282 | t=1.0s  *
[finetune_replay] ep   2/90 | train loss=0.3342 top1=1.000 | val loss=0.0350 | t=0.3s  *
[finetune_replay] ep   3/90 | train loss=0.1273 top1=1.000 | val loss=0.0268 | t=0.2s  *
[finetune_replay] ep   4/90 | train loss=0.0701 top1=0.990 | val loss=0.0580 | t=0.1s
[finetune_replay] ep   5/90 | train loss=0.0474 top1=1.000 | val loss=0.0324 | t=0.1s
[finetune_replay] ep   6/90 | train loss=0.0339 top1=1.000 | val loss=0.0151 | t=0.1s  *
[finetune_replay] ep   7/90 | train loss=0.0351 top1=1.000 | val loss=0.0237 | t=0.1s
[finetune_replay] ep   8/90 | train loss=0.0217 top1=1.000 | val loss=0.0526 | t=0.1s
[finetune_replay] ep   9/90 | train loss=0.0164 top1=1.000 | val loss=0.0322 | t=0.1s
[finetune_replay] ep  10/90 | train loss=0.0137 top1=1.000 | val loss=0.0238 | t=0.1s
[finetune_replay] ep  11/90 | train loss=0.0096 top1=1.000 | val loss=0.0273 | t=0.1s
[finetune_replay] ep  12/90 | train loss=0.0192 top1=1.000 | val loss=0.0283 | t=0.1s
[finetune_replay] ep  13/90 | train loss=0.0088 top1=1.000 | val loss=0.0240 | t=0.1s
[finetune_replay] ep  14/90 | train loss=0.0049 top1=1.000 | val loss=0.0201 | t=0.1s
[finetune_replay] ep  15/90 | train loss=0.0078 top1=1.000 | val loss=0.0136 | t=0.1s  *
[finetune_replay] ep  16/90 | train loss=0.0049 top1=1.000 | val loss=0.0089 | t=0.1s  *
[finetune_replay] ep  17/90 | train loss=0.0037 top1=1.000 | val loss=0.0095 | t=0.1s
[finetune_replay] ep  18/90 | train loss=0.0055 top1=1.000 | val loss=0.0139 | t=0.1s
[finetune_replay] ep  19/90 | train loss=0.0046 top1=1.000 | val loss=0.0153 | t=0.1s
[finetune_replay] ep  20/90 | train loss=0.0030 top1=1.000 | val loss=0.0161 | t=0.1s
[finetune_replay] ep  21/90 | train loss=0.0026 top1=1.000 | val loss=0.0160 | t=0.1s
[finetune_replay] ep  22/90 | train loss=0.0022 top1=1.000 | val loss=0.0150 | t=0.2s
[finetune_replay] ep  23/90 | train loss=0.0027 top1=1.000 | val loss=0.0139 | t=0.1s
[finetune_replay] ep  24/90 | train loss=0.0026 top1=1.000 | val loss=0.0146 | t=0.1s
[finetune_replay] ep  25/90 | train loss=0.0024 top1=1.000 | val loss=0.0178 | t=0.1s
[finetune_replay] ep  26/90 | train loss=0.0024 top1=1.000 | val loss=0.0199 | t=0.1s
[finetune_replay] ep  27/90 | train loss=0.0026 top1=1.000 | val loss=0.0192 | t=0.1s
[finetune_replay] ep  28/90 | train loss=0.0027 top1=1.000 | val loss=0.0182 | t=0.1s
[finetune_replay] ep  29/90 | train loss=0.0025 top1=1.000 | val loss=0.0167 | t=0.1s
[finetune_replay] ep  30/90 | train loss=0.0027 top1=1.000 | val loss=0.0156 | t=0.1s
[finetune_replay] ep  31/90 | train loss=0.0019 top1=1.000 | val loss=0.0156 | t=0.1s
[finetune_replay] ep  32/90 | train loss=0.0016 top1=1.000 | val loss=0.0169 | t=0.1s
[finetune_replay] ep  33/90 | train loss=0.0019 top1=1.000 | val loss=0.0186 | t=0.1s
[finetune_replay] ep  34/90 | train loss=0.0020 top1=1.000 | val loss=0.0189 | t=0.1s
[finetune_replay] ep  35/90 | train loss=0.0020 top1=1.000 | val loss=0.0181 | t=0.1s
[finetune_replay] ep  36/90 | train loss=0.0015 top1=1.000 | val loss=0.0174 | t=0.1s
[finetune_replay] ep  37/90 | train loss=0.0016 top1=1.000 | val loss=0.0164 | t=0.1s
[finetune_replay] ep  38/90 | train loss=0.0023 top1=1.000 | val loss=0.0165 | t=0.1s
[finetune_replay] ep  39/90 | train loss=0.0016 top1=1.000 | val loss=0.0161 | t=0.1s
[finetune_replay] ep  40/90 | train loss=0.0014 top1=1.000 | val loss=0.0161 | t=0.1s
[finetune_replay] ep  41/90 | train loss=0.0013 top1=1.000 | val loss=0.0173 | t=0.1s
[finetune_replay] ep  42/90 | train loss=0.0014 top1=1.000 | val loss=0.0178 | t=0.1s
[finetune_replay] ep  43/90 | train loss=0.0016 top1=1.000 | val loss=0.0171 | t=0.1s
[finetune_replay] ep  44/90 | train loss=0.0013 top1=1.000 | val loss=0.0173 | t=0.1s
[finetune_replay] ep  45/90 | train loss=0.0015 top1=1.000 | val loss=0.0178 | t=0.1s
[finetune_replay] ep  46/90 | train loss=0.0010 top1=1.000 | val loss=0.0183 | t=0.1s
[finetune_replay] ep  47/90 | train loss=0.0012 top1=1.000 | val loss=0.0188 | t=0.1s
[finetune_replay] ep  48/90 | train loss=0.0016 top1=1.000 | val loss=0.0186 | t=0.1s
[finetune_replay] ep  49/90 | train loss=0.0010 top1=1.000 | val loss=0.0193 | t=0.1s
[finetune_replay] ep  50/90 | train loss=0.0016 top1=1.000 | val loss=0.0197 | t=0.1s
[finetune_replay] ep  51/90 | train loss=0.0013 top1=1.000 | val loss=0.0204 | t=0.1s
[finetune_replay] ep  52/90 | train loss=0.0012 top1=1.000 | val loss=0.0203 | t=0.1s
[finetune_replay] ep  53/90 | train loss=0.0011 top1=1.000 | val loss=0.0201 | t=0.1s
[finetune_replay] ep  54/90 | train loss=0.0020 top1=1.000 | val loss=0.0187 | t=0.1s
[finetune_replay] ep  55/90 | train loss=0.0015 top1=1.000 | val loss=0.0184 | t=0.1s
[finetune_replay] ep  56/90 | train loss=0.0014 top1=1.000 | val loss=0.0189 | t=0.1s
[finetune_replay] ep  57/90 | train loss=0.0013 top1=1.000 | val loss=0.0194 | t=0.1s
[finetune_replay] ep  58/90 | train loss=0.0014 top1=1.000 | val loss=0.0191 | t=0.2s
[finetune_replay] ep  59/90 | train loss=0.0013 top1=1.000 | val loss=0.0191 | t=0.1s
[finetune_replay] ep  60/90 | train loss=0.0012 top1=1.000 | val loss=0.0197 | t=0.1s
[finetune_replay] ep  61/90 | train loss=0.0013 top1=1.000 | val loss=0.0201 | t=0.1s
[finetune_replay] ep  62/90 | train loss=0.0011 top1=1.000 | val loss=0.0202 | t=0.1s
[finetune_replay] ep  63/90 | train loss=0.0014 top1=1.000 | val loss=0.0201 | t=0.1s
[finetune_replay] ep  64/90 | train loss=0.0014 top1=1.000 | val loss=0.0207 | t=0.1s
[finetune_replay] ep  65/90 | train loss=0.0016 top1=1.000 | val loss=0.0202 | t=0.1s
[finetune_replay] ep  66/90 | train loss=0.0012 top1=1.000 | val loss=0.0198 | t=0.1s
[finetune_replay] ep  67/90 | train loss=0.0010 top1=1.000 | val loss=0.0198 | t=0.1s
[finetune_replay] ep  68/90 | train loss=0.0014 top1=1.000 | val loss=0.0196 | t=0.1s
[finetune_replay] ep  69/90 | train loss=0.0012 top1=1.000 | val loss=0.0203 | t=0.1s
[finetune_replay] ep  70/90 | train loss=0.0013 top1=1.000 | val loss=0.0208 | t=0.1s
[finetune_replay] ep  71/90 | train loss=0.0014 top1=1.000 | val loss=0.0205 | t=0.1s
[finetune_replay] ep  72/90 | train loss=0.0012 top1=1.000 | val loss=0.0204 | t=0.1s
[finetune_replay] ep  73/90 | train loss=0.0012 top1=1.000 | val loss=0.0198 | t=0.1s
[finetune_replay] ep  74/90 | train loss=0.0013 top1=1.000 | val loss=0.0200 | t=0.1s
[finetune_replay] ep  75/90 | train loss=0.0015 top1=1.000 | val loss=0.0197 | t=0.1s
[finetune_replay] ep  76/90 | train loss=0.0012 top1=1.000 | val loss=0.0198 | t=0.1s
[finetune_replay] ep  77/90 | train loss=0.0011 top1=1.000 | val loss=0.0200 | t=0.1s
[finetune_replay] ep  78/90 | train loss=0.0012 top1=1.000 | val loss=0.0201 | t=0.1s
[finetune_replay] ep  79/90 | train loss=0.0013 top1=1.000 | val loss=0.0199 | t=0.1s
[finetune_replay] ep  80/90 | train loss=0.0012 top1=1.000 | val loss=0.0200 | t=0.1s
[finetune_replay] ep  81/90 | train loss=0.0013 top1=1.000 | val loss=0.0202 | t=0.1s
[finetune_replay] ep  82/90 | train loss=0.0013 top1=1.000 | val loss=0.0204 | t=0.1s
[finetune_replay] ep  83/90 | train loss=0.0012 top1=1.000 | val loss=0.0201 | t=0.1s
[finetune_replay] ep  84/90 | train loss=0.0014 top1=1.000 | val loss=0.0203 | t=0.1s
[finetune_replay] ep  85/90 | train loss=0.0010 top1=1.000 | val loss=0.0198 | t=0.1s
[finetune_replay] ep  86/90 | train loss=0.0015 top1=1.000 | val loss=0.0198 | t=0.1s
[finetune_replay] ep  87/90 | train loss=0.0011 top1=1.000 | val loss=0.0199 | t=0.1s
[finetune_replay] ep  88/90 | train loss=0.0013 top1=1.000 | val loss=0.0200 | t=0.1s
[finetune_replay] ep  89/90 | train loss=0.0013 top1=1.000 | val loss=0.0199 | t=0.1s
[finetune_replay] ep  90/90 | train loss=0.0011 top1=1.000 | val loss=0.0200 | t=0.1s
[finetune_replay] DONE best_val_loss=0.0089 @ epoch 16
[14:43:04] [uncertainty] member 4: $ /home/s226137394/.conda/envs/maze/bin/python3 -u -m Equivariant_pathway.equivariant_CNN_hybrid.baseline_vs_p4.pool_x_selector.trainer.finetune_replay --demo_dir /weka/s226137394/DmNfull/Equivariant_pathway/equivariant_CNN_hybrid/baseline_vs_p4/pool_x_selector/results/run_9/thrifty_dagger/demos --checkpoint_dir /weka/s226137394/DmNfull/Equivariant_pathway/equivariant_CNN_hybrid/baseline_vs_p4/pool_x_selector/results/run_9/thrifty_dagger/checkpoints/member_4 --epochs 90 --batch_size 64 --lr 5e-05 --weight_decay 0.0001 --replay_mix 0.5 --replay_mix_floor 0.2 --seed 413 --resume --new_demos_dir /weka/s226137394/DmNfull/Equivariant_pathway/equivariant_CNN_hybrid/baseline_vs_p4/pool_x_selector/results/run_9/thrifty_dagger/demos/round_001
[finetune_replay] device=cuda demo_dir=/weka/s226137394/DmNfull/Equivariant_pathway/equivariant_CNN_hybrid/baseline_vs_p4/pool_x_selector/results/run_9/thrifty_dagger/demos new_demos_dir=/weka/s226137394/DmNfull/Equivariant_pathway/equivariant_CNN_hybrid/baseline_vs_p4/pool_x_selector/results/run_9/thrifty_dagger/demos/round_001
[hybrid-dataset] 20 demos -> 103 samples
[hybrid-dataset] 1 demos -> 4 samples
[finetune_replay] sampler audit: {'n_old_samples': 103, 'n_new_samples': 4, 'replay_mix_target': 0.5, 'replay_mix_effective': 0.5, 'replay_mix_floor': 0.2}
[finetune_replay] trainable params: 1,400,028
[finetune_replay] WARM START from last_hybrid_policy.pth
[finetune_replay] ep   1/90 | train loss=0.7128 top1=0.856 | val loss=0.0627 | t=0.7s  *
[finetune_replay] ep   2/90 | train loss=0.2254 top1=0.979 | val loss=0.0370 | t=0.2s  *
[finetune_replay] ep   3/90 | train loss=0.0941 top1=1.000 | val loss=0.0196 | t=0.2s  *
[finetune_replay] ep   4/90 | train loss=0.0454 top1=1.000 | val loss=0.0321 | t=0.1s
[finetune_replay] ep   5/90 | train loss=0.0393 top1=1.000 | val loss=0.0261 | t=0.1s
[finetune_replay] ep   6/90 | train loss=0.0435 top1=1.000 | val loss=0.0171 | t=0.1s  *
[finetune_replay] ep   7/90 | train loss=0.0340 top1=1.000 | val loss=0.0148 | t=0.1s  *
[finetune_replay] ep   8/90 | train loss=0.0216 top1=1.000 | val loss=0.0112 | t=0.1s  *
[finetune_replay] ep   9/90 | train loss=0.0152 top1=1.000 | val loss=0.0086 | t=0.1s  *
[finetune_replay] ep  10/90 | train loss=0.0143 top1=1.000 | val loss=0.0092 | t=0.1s
[finetune_replay] ep  11/90 | train loss=0.0117 top1=1.000 | val loss=0.0090 | t=0.2s
[finetune_replay] ep  12/90 | train loss=0.0092 top1=1.000 | val loss=0.0083 | t=0.1s  *
[finetune_replay] ep  13/90 | train loss=0.0066 top1=1.000 | val loss=0.0069 | t=0.2s  *
[finetune_replay] ep  14/90 | train loss=0.0078 top1=1.000 | val loss=0.0055 | t=0.1s  *
[finetune_replay] ep  15/90 | train loss=0.0062 top1=1.000 | val loss=0.0056 | t=0.1s
[finetune_replay] ep  16/90 | train loss=0.0049 top1=1.000 | val loss=0.0051 | t=0.1s  *
[finetune_replay] ep  17/90 | train loss=0.0072 top1=1.000 | val loss=0.0050 | t=0.1s  *
[finetune_replay] ep  18/90 | train loss=0.0046 top1=1.000 | val loss=0.0056 | t=0.1s
[finetune_replay] ep  19/90 | train loss=0.0033 top1=1.000 | val loss=0.0062 | t=0.1s
[finetune_replay] ep  20/90 | train loss=0.0047 top1=1.000 | val loss=0.0066 | t=0.1s
[finetune_replay] ep  21/90 | train loss=0.0038 top1=1.000 | val loss=0.0070 | t=0.2s
[finetune_replay] ep  22/90 | train loss=0.0033 top1=1.000 | val loss=0.0086 | t=0.1s
[finetune_replay] ep  23/90 | train loss=0.0037 top1=1.000 | val loss=0.0093 | t=0.1s
[finetune_replay] ep  24/90 | train loss=0.0029 top1=1.000 | val loss=0.0101 | t=0.1s
[finetune_replay] ep  25/90 | train loss=0.0028 top1=1.000 | val loss=0.0101 | t=0.1s
[finetune_replay] ep  26/90 | train loss=0.0029 top1=1.000 | val loss=0.0110 | t=0.1s
[finetune_replay] ep  27/90 | train loss=0.0029 top1=1.000 | val loss=0.0103 | t=0.1s
[finetune_replay] ep  28/90 | train loss=0.0024 top1=1.000 | val loss=0.0086 | t=0.1s
[finetune_replay] ep  29/90 | train loss=0.0024 top1=1.000 | val loss=0.0077 | t=0.1s
[finetune_replay] ep  30/90 | train loss=0.0022 top1=1.000 | val loss=0.0075 | t=0.1s
[finetune_replay] ep  31/90 | train loss=0.0026 top1=1.000 | val loss=0.0073 | t=0.1s
[finetune_replay] ep  32/90 | train loss=0.0026 top1=1.000 | val loss=0.0080 | t=0.1s
[finetune_replay] ep  33/90 | train loss=0.0018 top1=1.000 | val loss=0.0099 | t=0.1s
[finetune_replay] ep  34/90 | train loss=0.0019 top1=1.000 | val loss=0.0097 | t=0.1s
[finetune_replay] ep  35/90 | train loss=0.0018 top1=1.000 | val loss=0.0101 | t=0.1s
[finetune_replay] ep  36/90 | train loss=0.0022 top1=1.000 | val loss=0.0108 | t=0.1s
[finetune_replay] ep  37/90 | train loss=0.0020 top1=1.000 | val loss=0.0103 | t=0.1s
[finetune_replay] ep  38/90 | train loss=0.0020 top1=1.000 | val loss=0.0096 | t=0.1s
[finetune_replay] ep  39/90 | train loss=0.0021 top1=1.000 | val loss=0.0099 | t=0.1s
[finetune_replay] ep  40/90 | train loss=0.0022 top1=1.000 | val loss=0.0095 | t=0.1s
[finetune_replay] ep  41/90 | train loss=0.0022 top1=1.000 | val loss=0.0090 | t=0.1s
[finetune_replay] ep  42/90 | train loss=0.0020 top1=1.000 | val loss=0.0094 | t=0.2s
[finetune_replay] ep  43/90 | train loss=0.0021 top1=1.000 | val loss=0.0099 | t=0.1s
[finetune_replay] ep  44/90 | train loss=0.0018 top1=1.000 | val loss=0.0093 | t=0.1s
[finetune_replay] ep  45/90 | train loss=0.0020 top1=1.000 | val loss=0.0099 | t=0.1s
[finetune_replay] ep  46/90 | train loss=0.0019 top1=1.000 | val loss=0.0098 | t=0.1s
[finetune_replay] ep  47/90 | train loss=0.0015 top1=1.000 | val loss=0.0096 | t=0.1s
[finetune_replay] ep  48/90 | train loss=0.0017 top1=1.000 | val loss=0.0098 | t=0.1s
[finetune_replay] ep  49/90 | train loss=0.0017 top1=1.000 | val loss=0.0101 | t=0.1s
[finetune_replay] ep  50/90 | train loss=0.0018 top1=1.000 | val loss=0.0098 | t=0.1s
[finetune_replay] ep  51/90 | train loss=0.0024 top1=1.000 | val loss=0.0098 | t=0.1s
[finetune_replay] ep  52/90 | train loss=0.0016 top1=1.000 | val loss=0.0108 | t=0.1s
[finetune_replay] ep  53/90 | train loss=0.0015 top1=1.000 | val loss=0.0109 | t=0.1s
[finetune_replay] ep  54/90 | train loss=0.0016 top1=1.000 | val loss=0.0120 | t=0.1s
[finetune_replay] ep  55/90 | train loss=0.0017 top1=1.000 | val loss=0.0121 | t=0.1s
[finetune_replay] ep  56/90 | train loss=0.0019 top1=1.000 | val loss=0.0114 | t=0.1s
[finetune_replay] ep  57/90 | train loss=0.0017 top1=1.000 | val loss=0.0113 | t=0.1s
[finetune_replay] ep  58/90 | train loss=0.0016 top1=1.000 | val loss=0.0121 | t=0.1s
[finetune_replay] ep  59/90 | train loss=0.0014 top1=1.000 | val loss=0.0119 | t=0.1s
[finetune_replay] ep  60/90 | train loss=0.0014 top1=1.000 | val loss=0.0117 | t=0.1s
[finetune_replay] ep  61/90 | train loss=0.0015 top1=1.000 | val loss=0.0111 | t=0.1s
[finetune_replay] ep  62/90 | train loss=0.0014 top1=1.000 | val loss=0.0110 | t=0.1s
[finetune_replay] ep  63/90 | train loss=0.0017 top1=1.000 | val loss=0.0115 | t=0.1s
[finetune_replay] ep  64/90 | train loss=0.0013 top1=1.000 | val loss=0.0113 | t=0.1s
[finetune_replay] ep  65/90 | train loss=0.0016 top1=1.000 | val loss=0.0104 | t=0.1s
[finetune_replay] ep  66/90 | train loss=0.0015 top1=1.000 | val loss=0.0105 | t=0.1s
[finetune_replay] ep  67/90 | train loss=0.0015 top1=1.000 | val loss=0.0115 | t=0.1s
[finetune_replay] ep  68/90 | train loss=0.0018 top1=1.000 | val loss=0.0115 | t=0.1s
[finetune_replay] ep  69/90 | train loss=0.0014 top1=1.000 | val loss=0.0120 | t=0.1s
[finetune_replay] ep  70/90 | train loss=0.0015 top1=1.000 | val loss=0.0113 | t=0.1s
[finetune_replay] ep  71/90 | train loss=0.0011 top1=1.000 | val loss=0.0113 | t=0.1s
[finetune_replay] ep  72/90 | train loss=0.0015 top1=1.000 | val loss=0.0114 | t=0.1s
[finetune_replay] ep  73/90 | train loss=0.0018 top1=1.000 | val loss=0.0113 | t=0.1s
[finetune_replay] ep  74/90 | train loss=0.0017 top1=1.000 | val loss=0.0114 | t=0.1s
[finetune_replay] ep  75/90 | train loss=0.0013 top1=1.000 | val loss=0.0121 | t=0.1s
[finetune_replay] ep  76/90 | train loss=0.0015 top1=1.000 | val loss=0.0113 | t=0.1s
[finetune_replay] ep  77/90 | train loss=0.0015 top1=1.000 | val loss=0.0114 | t=0.1s
[finetune_replay] ep  78/90 | train loss=0.0016 top1=1.000 | val loss=0.0115 | t=0.1s
[finetune_replay] ep  79/90 | train loss=0.0015 top1=1.000 | val loss=0.0123 | t=0.1s
[finetune_replay] ep  80/90 | train loss=0.0014 top1=1.000 | val loss=0.0123 | t=0.1s
[finetune_replay] ep  81/90 | train loss=0.0011 top1=1.000 | val loss=0.0123 | t=0.1s
[finetune_replay] ep  82/90 | train loss=0.0013 top1=1.000 | val loss=0.0122 | t=0.1s
[finetune_replay] ep  83/90 | train loss=0.0017 top1=1.000 | val loss=0.0126 | t=0.1s
[finetune_replay] ep  84/90 | train loss=0.0014 top1=1.000 | val loss=0.0125 | t=0.1s
[finetune_replay] ep  85/90 | train loss=0.0013 top1=1.000 | val loss=0.0115 | t=0.1s
[finetune_replay] ep  86/90 | train loss=0.0015 top1=1.000 | val loss=0.0109 | t=0.1s
[finetune_replay] ep  87/90 | train loss=0.0011 top1=1.000 | val loss=0.0110 | t=0.1s
[finetune_replay] ep  88/90 | train loss=0.0013 top1=1.000 | val loss=0.0120 | t=0.1s
[finetune_replay] ep  89/90 | train loss=0.0015 top1=1.000 | val loss=0.0117 | t=0.1s
[finetune_replay] ep  90/90 | train loss=0.0019 top1=1.000 | val loss=0.0117 | t=0.1s
[finetune_replay] DONE best_val_loss=0.0050 @ epoch 17
[14:45:47] [iil-baseline] round 1: heldout_sr=0.560

--------------------------------------------------------------------------------
THRIFTY_DAGGER ROUND 2  (remaining budget = 14)
--------------------------------------------------------------------------------
[14:46:04] [iil-baseline] round 2: pool=20 successes=12 failures=8 correction_sr=0.600
[14:46:04] [iil-baseline] round 2: picked=1 saved=1 cum_extras=2/15
[14:46:04] [uncertainty] member 0: $ /home/s226137394/.conda/envs/maze/bin/python3 -u -m Equivariant_pathway.equivariant_CNN_hybrid.baseline_vs_p4.pool_x_selector.trainer.finetune_replay --demo_dir /weka/s226137394/DmNfull/Equivariant_pathway/equivariant_CNN_hybrid/baseline_vs_p4/pool_x_selector/results/run_9/thrifty_dagger/demos --checkpoint_dir /weka/s226137394/DmNfull/Equivariant_pathway/equivariant_CNN_hybrid/baseline_vs_p4/pool_x_selector/results/run_9/thrifty_dagger/checkpoints/member_0 --epochs 90 --batch_size 64 --lr 5e-05 --weight_decay 0.0001 --replay_mix 0.5 --replay_mix_floor 0.2 --seed 9 --resume --new_demos_dir /weka/s226137394/DmNfull/Equivariant_pathway/equivariant_CNN_hybrid/baseline_vs_p4/pool_x_selector/results/run_9/thrifty_dagger/demos/round_002
[finetune_replay] device=cuda demo_dir=/weka/s226137394/DmNfull/Equivariant_pathway/equivariant_CNN_hybrid/baseline_vs_p4/pool_x_selector/results/run_9/thrifty_dagger/demos new_demos_dir=/weka/s226137394/DmNfull/Equivariant_pathway/equivariant_CNN_hybrid/baseline_vs_p4/pool_x_selector/results/run_9/thrifty_dagger/demos/round_002
[hybrid-dataset] 21 demos -> 107 samples
[hybrid-dataset] 1 demos -> 5 samples
[finetune_replay] sampler audit: {'n_old_samples': 107, 'n_new_samples': 5, 'replay_mix_target': 0.5, 'replay_mix_effective': 0.5, 'replay_mix_floor': 0.2}
[finetune_replay] trainable params: 1,400,028
[finetune_replay] WARM START from last_hybrid_policy.pth
[finetune_replay] ep   1/90 | train loss=0.3136 top1=0.960 | val loss=0.0134 | t=0.8s  *
[finetune_replay] ep   2/90 | train loss=0.0616 top1=1.000 | val loss=0.0374 | t=0.3s
[finetune_replay] ep   3/90 | train loss=0.0478 top1=1.000 | val loss=0.0371 | t=0.1s
[finetune_replay] ep   4/90 | train loss=0.0360 top1=1.000 | val loss=0.0173 | t=0.1s
[finetune_replay] ep   5/90 | train loss=0.0155 top1=1.000 | val loss=0.0081 | t=0.2s  *
[finetune_replay] ep   6/90 | train loss=0.0099 top1=1.000 | val loss=0.0082 | t=0.1s
[finetune_replay] ep   7/90 | train loss=0.0105 top1=1.000 | val loss=0.0077 | t=0.1s  *
[finetune_replay] ep   8/90 | train loss=0.0062 top1=1.000 | val loss=0.0070 | t=0.1s  *
[finetune_replay] ep   9/90 | train loss=0.0060 top1=1.000 | val loss=0.0081 | t=0.1s
[finetune_replay] ep  10/90 | train loss=0.0039 top1=1.000 | val loss=0.0089 | t=0.1s
[finetune_replay] ep  11/90 | train loss=0.0056 top1=1.000 | val loss=0.0084 | t=0.1s
[finetune_replay] ep  12/90 | train loss=0.0046 top1=1.000 | val loss=0.0065 | t=0.2s  *
[finetune_replay] ep  13/90 | train loss=0.0036 top1=1.000 | val loss=0.0053 | t=0.1s  *
[finetune_replay] ep  14/90 | train loss=0.0029 top1=1.000 | val loss=0.0044 | t=0.1s  *
[finetune_replay] ep  15/90 | train loss=0.0028 top1=1.000 | val loss=0.0042 | t=0.2s  *
[finetune_replay] ep  16/90 | train loss=0.0028 top1=1.000 | val loss=0.0041 | t=0.1s  *
[finetune_replay] ep  17/90 | train loss=0.0023 top1=1.000 | val loss=0.0039 | t=0.1s  *
[finetune_replay] ep  18/90 | train loss=0.0022 top1=1.000 | val loss=0.0042 | t=0.1s
[finetune_replay] ep  19/90 | train loss=0.0029 top1=1.000 | val loss=0.0040 | t=0.1s
[finetune_replay] ep  20/90 | train loss=0.0020 top1=1.000 | val loss=0.0045 | t=0.2s
[finetune_replay] ep  21/90 | train loss=0.0025 top1=1.000 | val loss=0.0044 | t=0.1s
[finetune_replay] ep  22/90 | train loss=0.0016 top1=1.000 | val loss=0.0044 | t=0.1s
[finetune_replay] ep  23/90 | train loss=0.0022 top1=1.000 | val loss=0.0043 | t=0.1s
[finetune_replay] ep  24/90 | train loss=0.0023 top1=1.000 | val loss=0.0044 | t=0.1s
[finetune_replay] ep  25/90 | train loss=0.0019 top1=1.000 | val loss=0.0044 | t=0.1s
[finetune_replay] ep  26/90 | train loss=0.0017 top1=1.000 | val loss=0.0044 | t=0.1s
[finetune_replay] ep  27/90 | train loss=0.0018 top1=1.000 | val loss=0.0044 | t=0.1s
[finetune_replay] ep  28/90 | train loss=0.0016 top1=1.000 | val loss=0.0041 | t=0.1s
[finetune_replay] ep  29/90 | train loss=0.0016 top1=1.000 | val loss=0.0040 | t=0.1s
[finetune_replay] ep  30/90 | train loss=0.0016 top1=1.000 | val loss=0.0042 | t=0.1s
[finetune_replay] ep  31/90 | train loss=0.0014 top1=1.000 | val loss=0.0043 | t=0.1s
[finetune_replay] ep  32/90 | train loss=0.0016 top1=1.000 | val loss=0.0043 | t=0.1s
[finetune_replay] ep  33/90 | train loss=0.0015 top1=1.000 | val loss=0.0044 | t=0.1s
[finetune_replay] ep  34/90 | train loss=0.0014 top1=1.000 | val loss=0.0045 | t=0.1s
[finetune_replay] ep  35/90 | train loss=0.0015 top1=1.000 | val loss=0.0044 | t=0.1s
[finetune_replay] ep  36/90 | train loss=0.0015 top1=1.000 | val loss=0.0042 | t=0.1s
[finetune_replay] ep  37/90 | train loss=0.0012 top1=1.000 | val loss=0.0044 | t=0.1s
[finetune_replay] ep  38/90 | train loss=0.0014 top1=1.000 | val loss=0.0044 | t=0.1s
[finetune_replay] ep  39/90 | train loss=0.0011 top1=1.000 | val loss=0.0042 | t=0.1s
[finetune_replay] ep  40/90 | train loss=0.0014 top1=1.000 | val loss=0.0040 | t=0.1s
[finetune_replay] ep  41/90 | train loss=0.0011 top1=1.000 | val loss=0.0041 | t=0.1s
[finetune_replay] ep  42/90 | train loss=0.0013 top1=1.000 | val loss=0.0043 | t=0.1s
[finetune_replay] ep  43/90 | train loss=0.0011 top1=1.000 | val loss=0.0044 | t=0.1s
[finetune_replay] ep  44/90 | train loss=0.0012 top1=1.000 | val loss=0.0042 | t=0.1s
[finetune_replay] ep  45/90 | train loss=0.0011 top1=1.000 | val loss=0.0041 | t=0.1s
[finetune_replay] ep  46/90 | train loss=0.0015 top1=1.000 | val loss=0.0040 | t=0.1s
[finetune_replay] ep  47/90 | train loss=0.0013 top1=1.000 | val loss=0.0040 | t=0.1s
[finetune_replay] ep  48/90 | train loss=0.0012 top1=1.000 | val loss=0.0041 | t=0.1s
[finetune_replay] ep  49/90 | train loss=0.0015 top1=1.000 | val loss=0.0043 | t=0.1s
[finetune_replay] ep  50/90 | train loss=0.0010 top1=1.000 | val loss=0.0045 | t=0.1s
[finetune_replay] ep  51/90 | train loss=0.0012 top1=1.000 | val loss=0.0045 | t=0.1s
[finetune_replay] ep  52/90 | train loss=0.0015 top1=1.000 | val loss=0.0042 | t=0.1s
[finetune_replay] ep  53/90 | train loss=0.0011 top1=1.000 | val loss=0.0040 | t=0.1s
[finetune_replay] ep  54/90 | train loss=0.0012 top1=1.000 | val loss=0.0041 | t=0.1s
[finetune_replay] ep  55/90 | train loss=0.0014 top1=1.000 | val loss=0.0039 | t=0.1s
[finetune_replay] ep  56/90 | train loss=0.0010 top1=1.000 | val loss=0.0040 | t=0.1s
[finetune_replay] ep  57/90 | train loss=0.0010 top1=1.000 | val loss=0.0040 | t=0.1s
[finetune_replay] ep  58/90 | train loss=0.0010 top1=1.000 | val loss=0.0039 | t=0.1s
[finetune_replay] ep  59/90 | train loss=0.0013 top1=1.000 | val loss=0.0039 | t=0.1s  *
[finetune_replay] ep  60/90 | train loss=0.0011 top1=1.000 | val loss=0.0039 | t=0.1s
[finetune_replay] ep  61/90 | train loss=0.0012 top1=1.000 | val loss=0.0039 | t=0.1s  *
[finetune_replay] ep  62/90 | train loss=0.0010 top1=1.000 | val loss=0.0039 | t=0.1s
[finetune_replay] ep  63/90 | train loss=0.0012 top1=1.000 | val loss=0.0039 | t=0.1s
[finetune_replay] ep  64/90 | train loss=0.0012 top1=1.000 | val loss=0.0038 | t=0.1s  *
[finetune_replay] ep  65/90 | train loss=0.0010 top1=1.000 | val loss=0.0038 | t=0.1s  *
[finetune_replay] ep  66/90 | train loss=0.0010 top1=1.000 | val loss=0.0037 | t=0.1s  *
[finetune_replay] ep  67/90 | train loss=0.0009 top1=1.000 | val loss=0.0037 | t=0.1s  *
[finetune_replay] ep  68/90 | train loss=0.0010 top1=1.000 | val loss=0.0037 | t=0.1s  *
[finetune_replay] ep  69/90 | train loss=0.0011 top1=1.000 | val loss=0.0036 | t=0.1s  *
[finetune_replay] ep  70/90 | train loss=0.0012 top1=1.000 | val loss=0.0037 | t=0.1s
[finetune_replay] ep  71/90 | train loss=0.0010 top1=1.000 | val loss=0.0036 | t=0.1s  *
[finetune_replay] ep  72/90 | train loss=0.0010 top1=1.000 | val loss=0.0036 | t=0.1s
[finetune_replay] ep  73/90 | train loss=0.0012 top1=1.000 | val loss=0.0037 | t=0.2s
[finetune_replay] ep  74/90 | train loss=0.0010 top1=1.000 | val loss=0.0036 | t=0.1s
[finetune_replay] ep  75/90 | train loss=0.0012 top1=1.000 | val loss=0.0036 | t=0.1s
[finetune_replay] ep  76/90 | train loss=0.0012 top1=1.000 | val loss=0.0036 | t=0.1s
[finetune_replay] ep  77/90 | train loss=0.0010 top1=1.000 | val loss=0.0035 | t=0.1s  *
[finetune_replay] ep  78/90 | train loss=0.0012 top1=1.000 | val loss=0.0036 | t=0.1s
[finetune_replay] ep  79/90 | train loss=0.0009 top1=1.000 | val loss=0.0036 | t=0.1s
[finetune_replay] ep  80/90 | train loss=0.0010 top1=1.000 | val loss=0.0036 | t=0.1s
[finetune_replay] ep  81/90 | train loss=0.0012 top1=1.000 | val loss=0.0035 | t=0.1s  *
[finetune_replay] ep  82/90 | train loss=0.0010 top1=1.000 | val loss=0.0037 | t=0.1s
[finetune_replay] ep  83/90 | train loss=0.0011 top1=1.000 | val loss=0.0037 | t=0.1s
[finetune_replay] ep  84/90 | train loss=0.0009 top1=1.000 | val loss=0.0036 | t=0.1s
[finetune_replay] ep  85/90 | train loss=0.0011 top1=1.000 | val loss=0.0036 | t=0.1s
[finetune_replay] ep  86/90 | train loss=0.0010 top1=1.000 | val loss=0.0035 | t=0.1s
[finetune_replay] ep  87/90 | train loss=0.0010 top1=1.000 | val loss=0.0035 | t=0.1s
[finetune_replay] ep  88/90 | train loss=0.0009 top1=1.000 | val loss=0.0036 | t=0.1s
[finetune_replay] ep  89/90 | train loss=0.0011 top1=1.000 | val loss=0.0036 | t=0.1s
[finetune_replay] ep  90/90 | train loss=0.0011 top1=1.000 | val loss=0.0036 | t=0.1s
[finetune_replay] DONE best_val_loss=0.0035 @ epoch 81
[14:46:30] [uncertainty] member 1: $ /home/s226137394/.conda/envs/maze/bin/python3 -u -m Equivariant_pathway.equivariant_CNN_hybrid.baseline_vs_p4.pool_x_selector.trainer.finetune_replay --demo_dir /weka/s226137394/DmNfull/Equivariant_pathway/equivariant_CNN_hybrid/baseline_vs_p4/pool_x_selector/results/run_9/thrifty_dagger/demos --checkpoint_dir /weka/s226137394/DmNfull/Equivariant_pathway/equivariant_CNN_hybrid/baseline_vs_p4/pool_x_selector/results/run_9/thrifty_dagger/checkpoints/member_1 --epochs 90 --batch_size 64 --lr 5e-05 --weight_decay 0.0001 --replay_mix 0.5 --replay_mix_floor 0.2 --seed 110 --resume --new_demos_dir /weka/s226137394/DmNfull/Equivariant_pathway/equivariant_CNN_hybrid/baseline_vs_p4/pool_x_selector/results/run_9/thrifty_dagger/demos/round_002
[finetune_replay] device=cuda demo_dir=/weka/s226137394/DmNfull/Equivariant_pathway/equivariant_CNN_hybrid/baseline_vs_p4/pool_x_selector/results/run_9/thrifty_dagger/demos new_demos_dir=/weka/s226137394/DmNfull/Equivariant_pathway/equivariant_CNN_hybrid/baseline_vs_p4/pool_x_selector/results/run_9/thrifty_dagger/demos/round_002
[hybrid-dataset] 21 demos -> 107 samples
[hybrid-dataset] 1 demos -> 5 samples
[finetune_replay] sampler audit: {'n_old_samples': 107, 'n_new_samples': 5, 'replay_mix_target': 0.5, 'replay_mix_effective': 0.5, 'replay_mix_floor': 0.2}
[finetune_replay] trainable params: 1,400,028
[finetune_replay] WARM START from last_hybrid_policy.pth
[finetune_replay] ep   1/90 | train loss=0.2716 top1=1.000 | val loss=0.0157 | t=1.0s  *
[finetune_replay] ep   2/90 | train loss=0.0809 top1=1.000 | val loss=0.0223 | t=0.2s
[finetune_replay] ep   3/90 | train loss=0.0366 top1=1.000 | val loss=0.0267 | t=0.2s
[finetune_replay] ep   4/90 | train loss=0.0219 top1=1.000 | val loss=0.0195 | t=0.2s
[finetune_replay] ep   5/90 | train loss=0.0177 top1=1.000 | val loss=0.0177 | t=0.1s
[finetune_replay] ep   6/90 | train loss=0.0106 top1=1.000 | val loss=0.0086 | t=0.1s  *
[finetune_replay] ep   7/90 | train loss=0.0082 top1=1.000 | val loss=0.0079 | t=0.1s  *
[finetune_replay] ep   8/90 | train loss=0.0069 top1=1.000 | val loss=0.0069 | t=0.1s  *
[finetune_replay] ep   9/90 | train loss=0.0056 top1=1.000 | val loss=0.0111 | t=0.1s
[finetune_replay] ep  10/90 | train loss=0.0040 top1=1.000 | val loss=0.0114 | t=0.1s
[finetune_replay] ep  11/90 | train loss=0.0041 top1=1.000 | val loss=0.0097 | t=0.1s
[finetune_replay] ep  12/90 | train loss=0.0040 top1=1.000 | val loss=0.0090 | t=0.1s
[finetune_replay] ep  13/90 | train loss=0.0033 top1=1.000 | val loss=0.0092 | t=0.1s
[finetune_replay] ep  14/90 | train loss=0.0032 top1=1.000 | val loss=0.0095 | t=0.1s
[finetune_replay] ep  15/90 | train loss=0.0030 top1=1.000 | val loss=0.0096 | t=0.1s
[finetune_replay] ep  16/90 | train loss=0.0026 top1=1.000 | val loss=0.0093 | t=0.1s
[finetune_replay] ep  17/90 | train loss=0.0023 top1=1.000 | val loss=0.0099 | t=0.1s
[finetune_replay] ep  18/90 | train loss=0.0021 top1=1.000 | val loss=0.0101 | t=0.1s
[finetune_replay] ep  19/90 | train loss=0.0020 top1=1.000 | val loss=0.0105 | t=0.1s
[finetune_replay] ep  20/90 | train loss=0.0021 top1=1.000 | val loss=0.0097 | t=0.1s
[finetune_replay] ep  21/90 | train loss=0.0019 top1=1.000 | val loss=0.0097 | t=0.1s
[finetune_replay] ep  22/90 | train loss=0.0019 top1=1.000 | val loss=0.0105 | t=0.1s
[finetune_replay] ep  23/90 | train loss=0.0023 top1=1.000 | val loss=0.0115 | t=0.1s
[finetune_replay] ep  24/90 | train loss=0.0017 top1=1.000 | val loss=0.0118 | t=0.2s
[finetune_replay] ep  25/90 | train loss=0.0017 top1=1.000 | val loss=0.0114 | t=0.1s
[finetune_replay] ep  26/90 | train loss=0.0018 top1=1.000 | val loss=0.0113 | t=0.1s
[finetune_replay] ep  27/90 | train loss=0.0015 top1=1.000 | val loss=0.0107 | t=0.1s
[finetune_replay] ep  28/90 | train loss=0.0015 top1=1.000 | val loss=0.0101 | t=0.1s
[finetune_replay] ep  29/90 | train loss=0.0016 top1=1.000 | val loss=0.0099 | t=0.1s
[finetune_replay] ep  30/90 | train loss=0.0015 top1=1.000 | val loss=0.0096 | t=0.1s
[finetune_replay] ep  31/90 | train loss=0.0013 top1=1.000 | val loss=0.0100 | t=0.1s
[finetune_replay] ep  32/90 | train loss=0.0014 top1=1.000 | val loss=0.0103 | t=0.1s
[finetune_replay] ep  33/90 | train loss=0.0016 top1=1.000 | val loss=0.0105 | t=0.1s
[finetune_replay] ep  34/90 | train loss=0.0014 top1=1.000 | val loss=0.0101 | t=0.1s
[finetune_replay] ep  35/90 | train loss=0.0012 top1=1.000 | val loss=0.0095 | t=0.1s
[finetune_replay] ep  36/90 | train loss=0.0015 top1=1.000 | val loss=0.0094 | t=0.1s
[finetune_replay] ep  37/90 | train loss=0.0015 top1=1.000 | val loss=0.0100 | t=0.1s
[finetune_replay] ep  38/90 | train loss=0.0014 top1=1.000 | val loss=0.0103 | t=0.1s
[finetune_replay] ep  39/90 | train loss=0.0013 top1=1.000 | val loss=0.0105 | t=0.1s
[finetune_replay] ep  40/90 | train loss=0.0012 top1=1.000 | val loss=0.0104 | t=0.2s
[finetune_replay] ep  41/90 | train loss=0.0012 top1=1.000 | val loss=0.0106 | t=0.1s
[finetune_replay] ep  42/90 | train loss=0.0014 top1=1.000 | val loss=0.0111 | t=0.1s
[finetune_replay] ep  43/90 | train loss=0.0014 top1=1.000 | val loss=0.0109 | t=0.1s
[finetune_replay] ep  44/90 | train loss=0.0013 top1=1.000 | val loss=0.0109 | t=0.1s
[finetune_replay] ep  45/90 | train loss=0.0013 top1=1.000 | val loss=0.0109 | t=0.1s
[finetune_replay] ep  46/90 | train loss=0.0011 top1=1.000 | val loss=0.0109 | t=0.2s
[finetune_replay] ep  47/90 | train loss=0.0012 top1=1.000 | val loss=0.0109 | t=0.1s
[finetune_replay] ep  48/90 | train loss=0.0012 top1=1.000 | val loss=0.0106 | t=0.1s
[finetune_replay] ep  49/90 | train loss=0.0009 top1=1.000 | val loss=0.0106 | t=0.1s
[finetune_replay] ep  50/90 | train loss=0.0010 top1=1.000 | val loss=0.0109 | t=0.1s
[finetune_replay] ep  51/90 | train loss=0.0010 top1=1.000 | val loss=0.0102 | t=0.1s
[finetune_replay] ep  52/90 | train loss=0.0011 top1=1.000 | val loss=0.0101 | t=0.1s
[finetune_replay] ep  53/90 | train loss=0.0012 top1=1.000 | val loss=0.0096 | t=0.1s
[finetune_replay] ep  54/90 | train loss=0.0011 top1=1.000 | val loss=0.0096 | t=0.1s
[finetune_replay] ep  55/90 | train loss=0.0011 top1=1.000 | val loss=0.0102 | t=0.1s
[finetune_replay] ep  56/90 | train loss=0.0012 top1=1.000 | val loss=0.0107 | t=0.1s
[finetune_replay] ep  57/90 | train loss=0.0012 top1=1.000 | val loss=0.0111 | t=0.1s
[finetune_replay] ep  58/90 | train loss=0.0010 top1=1.000 | val loss=0.0116 | t=0.1s
[finetune_replay] ep  59/90 | train loss=0.0012 top1=1.000 | val loss=0.0118 | t=0.1s
[finetune_replay] ep  60/90 | train loss=0.0010 top1=1.000 | val loss=0.0111 | t=0.1s
[finetune_replay] ep  61/90 | train loss=0.0012 top1=1.000 | val loss=0.0111 | t=0.1s
[finetune_replay] ep  62/90 | train loss=0.0011 top1=1.000 | val loss=0.0111 | t=0.1s
[finetune_replay] ep  63/90 | train loss=0.0011 top1=1.000 | val loss=0.0116 | t=0.1s
[finetune_replay] ep  64/90 | train loss=0.0009 top1=1.000 | val loss=0.0115 | t=0.1s
[finetune_replay] ep  65/90 | train loss=0.0009 top1=1.000 | val loss=0.0118 | t=0.1s
[finetune_replay] ep  66/90 | train loss=0.0010 top1=1.000 | val loss=0.0121 | t=0.1s
[finetune_replay] ep  67/90 | train loss=0.0010 top1=1.000 | val loss=0.0119 | t=0.1s
[finetune_replay] ep  68/90 | train loss=0.0010 top1=1.000 | val loss=0.0120 | t=0.1s
[finetune_replay] ep  69/90 | train loss=0.0009 top1=1.000 | val loss=0.0119 | t=0.1s
[finetune_replay] ep  70/90 | train loss=0.0009 top1=1.000 | val loss=0.0116 | t=0.1s
[finetune_replay] ep  71/90 | train loss=0.0012 top1=1.000 | val loss=0.0113 | t=0.1s
[finetune_replay] ep  72/90 | train loss=0.0010 top1=1.000 | val loss=0.0115 | t=0.1s
[finetune_replay] ep  73/90 | train loss=0.0011 top1=1.000 | val loss=0.0114 | t=0.1s
[finetune_replay] ep  74/90 | train loss=0.0008 top1=1.000 | val loss=0.0114 | t=0.1s
[finetune_replay] ep  75/90 | train loss=0.0010 top1=1.000 | val loss=0.0114 | t=0.1s
[finetune_replay] ep  76/90 | train loss=0.0010 top1=1.000 | val loss=0.0111 | t=0.1s
[finetune_replay] ep  77/90 | train loss=0.0009 top1=1.000 | val loss=0.0109 | t=0.1s
[finetune_replay] ep  78/90 | train loss=0.0011 top1=1.000 | val loss=0.0109 | t=0.1s
[finetune_replay] ep  79/90 | train loss=0.0010 top1=1.000 | val loss=0.0108 | t=0.1s
[finetune_replay] ep  80/90 | train loss=0.0011 top1=1.000 | val loss=0.0105 | t=0.1s
[finetune_replay] ep  81/90 | train loss=0.0009 top1=1.000 | val loss=0.0105 | t=0.1s
[finetune_replay] ep  82/90 | train loss=0.0011 top1=1.000 | val loss=0.0108 | t=0.1s
[finetune_replay] ep  83/90 | train loss=0.0009 top1=1.000 | val loss=0.0111 | t=0.1s
[finetune_replay] ep  84/90 | train loss=0.0010 top1=1.000 | val loss=0.0113 | t=0.1s
[finetune_replay] ep  85/90 | train loss=0.0010 top1=1.000 | val loss=0.0111 | t=0.1s
[finetune_replay] ep  86/90 | train loss=0.0010 top1=1.000 | val loss=0.0105 | t=0.1s
[finetune_replay] ep  87/90 | train loss=0.0011 top1=1.000 | val loss=0.0107 | t=0.1s
[finetune_replay] ep  88/90 | train loss=0.0010 top1=1.000 | val loss=0.0108 | t=0.2s
[finetune_replay] ep  89/90 | train loss=0.0009 top1=1.000 | val loss=0.0107 | t=0.1s
[finetune_replay] ep  90/90 | train loss=0.0009 top1=1.000 | val loss=0.0111 | t=0.1s
[finetune_replay] DONE best_val_loss=0.0069 @ epoch 8
[14:46:57] [uncertainty] member 2: $ /home/s226137394/.conda/envs/maze/bin/python3 -u -m Equivariant_pathway.equivariant_CNN_hybrid.baseline_vs_p4.pool_x_selector.trainer.finetune_replay --demo_dir /weka/s226137394/DmNfull/Equivariant_pathway/equivariant_CNN_hybrid/baseline_vs_p4/pool_x_selector/results/run_9/thrifty_dagger/demos --checkpoint_dir /weka/s226137394/DmNfull/Equivariant_pathway/equivariant_CNN_hybrid/baseline_vs_p4/pool_x_selector/results/run_9/thrifty_dagger/checkpoints/member_2 --epochs 90 --batch_size 64 --lr 5e-05 --weight_decay 0.0001 --replay_mix 0.5 --replay_mix_floor 0.2 --seed 211 --resume --new_demos_dir /weka/s226137394/DmNfull/Equivariant_pathway/equivariant_CNN_hybrid/baseline_vs_p4/pool_x_selector/results/run_9/thrifty_dagger/demos/round_002
[finetune_replay] device=cuda demo_dir=/weka/s226137394/DmNfull/Equivariant_pathway/equivariant_CNN_hybrid/baseline_vs_p4/pool_x_selector/results/run_9/thrifty_dagger/demos new_demos_dir=/weka/s226137394/DmNfull/Equivariant_pathway/equivariant_CNN_hybrid/baseline_vs_p4/pool_x_selector/results/run_9/thrifty_dagger/demos/round_002
[hybrid-dataset] 21 demos -> 107 samples
[hybrid-dataset] 1 demos -> 5 samples
[finetune_replay] sampler audit: {'n_old_samples': 107, 'n_new_samples': 5, 'replay_mix_target': 0.5, 'replay_mix_effective': 0.5, 'replay_mix_floor': 0.2}
[finetune_replay] trainable params: 1,400,028
[finetune_replay] WARM START from last_hybrid_policy.pth
[finetune_replay] ep   1/90 | train loss=0.6437 top1=0.782 | val loss=0.0272 | t=0.8s  *
[finetune_replay] ep   2/90 | train loss=0.0872 top1=0.980 | val loss=0.0411 | t=0.1s
[finetune_replay] ep   3/90 | train loss=0.0627 top1=1.000 | val loss=0.0489 | t=0.2s
[finetune_replay] ep   4/90 | train loss=0.0276 top1=1.000 | val loss=0.0661 | t=0.1s
[finetune_replay] ep   5/90 | train loss=0.0265 top1=1.000 | val loss=0.0528 | t=0.2s
[finetune_replay] ep   6/90 | train loss=0.0252 top1=1.000 | val loss=0.0357 | t=0.1s
[finetune_replay] ep   7/90 | train loss=0.0065 top1=1.000 | val loss=0.0238 | t=0.1s  *
[finetune_replay] ep   8/90 | train loss=0.0115 top1=1.000 | val loss=0.0175 | t=0.1s  *
[finetune_replay] ep   9/90 | train loss=0.0056 top1=1.000 | val loss=0.0109 | t=0.2s  *
[finetune_replay] ep  10/90 | train loss=0.0047 top1=1.000 | val loss=0.0105 | t=0.2s  *
[finetune_replay] ep  11/90 | train loss=0.0059 top1=1.000 | val loss=0.0107 | t=0.1s
[finetune_replay] ep  12/90 | train loss=0.0045 top1=1.000 | val loss=0.0120 | t=0.1s
[finetune_replay] ep  13/90 | train loss=0.0030 top1=1.000 | val loss=0.0159 | t=0.1s
[finetune_replay] ep  14/90 | train loss=0.0033 top1=1.000 | val loss=0.0190 | t=0.1s
[finetune_replay] ep  15/90 | train loss=0.0034 top1=1.000 | val loss=0.0183 | t=0.1s
[finetune_replay] ep  16/90 | train loss=0.0051 top1=1.000 | val loss=0.0181 | t=0.1s
[finetune_replay] ep  17/90 | train loss=0.0037 top1=1.000 | val loss=0.0167 | t=0.1s
[finetune_replay] ep  18/90 | train loss=0.0053 top1=1.000 | val loss=0.0153 | t=0.1s
[finetune_replay] ep  19/90 | train loss=0.0023 top1=1.000 | val loss=0.0127 | t=0.2s
[finetune_replay] ep  20/90 | train loss=0.0046 top1=1.000 | val loss=0.0107 | t=0.1s
[finetune_replay] ep  21/90 | train loss=0.0025 top1=1.000 | val loss=0.0095 | t=0.2s  *
[finetune_replay] ep  22/90 | train loss=0.0028 top1=1.000 | val loss=0.0088 | t=0.2s  *
[finetune_replay] ep  23/90 | train loss=0.0023 top1=1.000 | val loss=0.0085 | t=0.1s  *
[finetune_replay] ep  24/90 | train loss=0.0027 top1=1.000 | val loss=0.0085 | t=0.1s
[finetune_replay] ep  25/90 | train loss=0.0023 top1=1.000 | val loss=0.0092 | t=0.1s
[finetune_replay] ep  26/90 | train loss=0.0017 top1=1.000 | val loss=0.0104 | t=0.1s
[finetune_replay] ep  27/90 | train loss=0.0024 top1=1.000 | val loss=0.0114 | t=0.1s
[finetune_replay] ep  28/90 | train loss=0.0019 top1=1.000 | val loss=0.0113 | t=0.1s
[finetune_replay] ep  29/90 | train loss=0.0025 top1=1.000 | val loss=0.0102 | t=0.1s
[finetune_replay] ep  30/90 | train loss=0.0018 top1=1.000 | val loss=0.0092 | t=0.1s
[finetune_replay] ep  31/90 | train loss=0.0019 top1=1.000 | val loss=0.0085 | t=0.1s  *
[finetune_replay] ep  32/90 | train loss=0.0015 top1=1.000 | val loss=0.0081 | t=0.1s  *
[finetune_replay] ep  33/90 | train loss=0.0020 top1=1.000 | val loss=0.0082 | t=0.2s
[finetune_replay] ep  34/90 | train loss=0.0019 top1=1.000 | val loss=0.0086 | t=0.1s
[finetune_replay] ep  35/90 | train loss=0.0017 top1=1.000 | val loss=0.0088 | t=0.1s
[finetune_replay] ep  36/90 | train loss=0.0013 top1=1.000 | val loss=0.0087 | t=0.1s
[finetune_replay] ep  37/90 | train loss=0.0013 top1=1.000 | val loss=0.0083 | t=0.1s
[finetune_replay] ep  38/90 | train loss=0.0013 top1=1.000 | val loss=0.0087 | t=0.2s
[finetune_replay] ep  39/90 | train loss=0.0018 top1=1.000 | val loss=0.0092 | t=0.1s
[finetune_replay] ep  40/90 | train loss=0.0018 top1=1.000 | val loss=0.0103 | t=0.1s
[finetune_replay] ep  41/90 | train loss=0.0013 top1=1.000 | val loss=0.0118 | t=0.1s
[finetune_replay] ep  42/90 | train loss=0.0015 top1=1.000 | val loss=0.0120 | t=0.1s
[finetune_replay] ep  43/90 | train loss=0.0015 top1=1.000 | val loss=0.0121 | t=0.1s
[finetune_replay] ep  44/90 | train loss=0.0015 top1=1.000 | val loss=0.0117 | t=0.1s
[finetune_replay] ep  45/90 | train loss=0.0017 top1=1.000 | val loss=0.0112 | t=0.1s
[finetune_replay] ep  46/90 | train loss=0.0013 top1=1.000 | val loss=0.0095 | t=0.1s
[finetune_replay] ep  47/90 | train loss=0.0011 top1=1.000 | val loss=0.0086 | t=0.1s
[finetune_replay] ep  48/90 | train loss=0.0014 top1=1.000 | val loss=0.0084 | t=0.1s
[finetune_replay] ep  49/90 | train loss=0.0012 top1=1.000 | val loss=0.0085 | t=0.1s
[finetune_replay] ep  50/90 | train loss=0.0014 top1=1.000 | val loss=0.0080 | t=0.1s  *
[finetune_replay] ep  51/90 | train loss=0.0015 top1=1.000 | val loss=0.0080 | t=0.1s
[finetune_replay] ep  52/90 | train loss=0.0012 top1=1.000 | val loss=0.0082 | t=0.1s
[finetune_replay] ep  53/90 | train loss=0.0011 top1=1.000 | val loss=0.0082 | t=0.1s
[finetune_replay] ep  54/90 | train loss=0.0013 top1=1.000 | val loss=0.0080 | t=0.1s  *
[finetune_replay] ep  55/90 | train loss=0.0012 top1=1.000 | val loss=0.0078 | t=0.1s  *
[finetune_replay] ep  56/90 | train loss=0.0014 top1=1.000 | val loss=0.0078 | t=0.1s
[finetune_replay] ep  57/90 | train loss=0.0015 top1=1.000 | val loss=0.0079 | t=0.1s
[finetune_replay] ep  58/90 | train loss=0.0014 top1=1.000 | val loss=0.0080 | t=0.1s
[finetune_replay] ep  59/90 | train loss=0.0015 top1=1.000 | val loss=0.0082 | t=0.1s
[finetune_replay] ep  60/90 | train loss=0.0012 top1=1.000 | val loss=0.0085 | t=0.1s
[finetune_replay] ep  61/90 | train loss=0.0011 top1=1.000 | val loss=0.0087 | t=0.1s
[finetune_replay] ep  62/90 | train loss=0.0013 top1=1.000 | val loss=0.0088 | t=0.1s
[finetune_replay] ep  63/90 | train loss=0.0012 top1=1.000 | val loss=0.0091 | t=0.1s
[finetune_replay] ep  64/90 | train loss=0.0012 top1=1.000 | val loss=0.0090 | t=0.1s
[finetune_replay] ep  65/90 | train loss=0.0012 top1=1.000 | val loss=0.0093 | t=0.1s
[finetune_replay] ep  66/90 | train loss=0.0014 top1=1.000 | val loss=0.0094 | t=0.1s
[finetune_replay] ep  67/90 | train loss=0.0011 top1=1.000 | val loss=0.0096 | t=0.2s
[finetune_replay] ep  68/90 | train loss=0.0010 top1=1.000 | val loss=0.0097 | t=0.1s
[finetune_replay] ep  69/90 | train loss=0.0011 top1=1.000 | val loss=0.0096 | t=0.1s
[finetune_replay] ep  70/90 | train loss=0.0011 top1=1.000 | val loss=0.0094 | t=0.1s
[finetune_replay] ep  71/90 | train loss=0.0011 top1=1.000 | val loss=0.0094 | t=0.1s
[finetune_replay] ep  72/90 | train loss=0.0013 top1=1.000 | val loss=0.0096 | t=0.1s
[finetune_replay] ep  73/90 | train loss=0.0011 top1=1.000 | val loss=0.0095 | t=0.1s
[finetune_replay] ep  74/90 | train loss=0.0012 top1=1.000 | val loss=0.0096 | t=0.1s
[finetune_replay] ep  75/90 | train loss=0.0009 top1=1.000 | val loss=0.0093 | t=0.1s
[finetune_replay] ep  76/90 | train loss=0.0014 top1=1.000 | val loss=0.0090 | t=0.1s
[finetune_replay] ep  77/90 | train loss=0.0017 top1=1.000 | val loss=0.0092 | t=0.1s
[finetune_replay] ep  78/90 | train loss=0.0014 top1=1.000 | val loss=0.0093 | t=0.1s
[finetune_replay] ep  79/90 | train loss=0.0011 top1=1.000 | val loss=0.0091 | t=0.1s
[finetune_replay] ep  80/90 | train loss=0.0013 top1=1.000 | val loss=0.0090 | t=0.1s
[finetune_replay] ep  81/90 | train loss=0.0012 top1=1.000 | val loss=0.0091 | t=0.1s
[finetune_replay] ep  82/90 | train loss=0.0009 top1=1.000 | val loss=0.0094 | t=0.1s
[finetune_replay] ep  83/90 | train loss=0.0011 top1=1.000 | val loss=0.0092 | t=0.1s
[finetune_replay] ep  84/90 | train loss=0.0009 top1=1.000 | val loss=0.0092 | t=0.1s
[finetune_replay] ep  85/90 | train loss=0.0014 top1=1.000 | val loss=0.0092 | t=0.1s
[finetune_replay] ep  86/90 | train loss=0.0013 top1=1.000 | val loss=0.0092 | t=0.2s
[finetune_replay] ep  87/90 | train loss=0.0009 top1=1.000 | val loss=0.0092 | t=0.1s
[finetune_replay] ep  88/90 | train loss=0.0010 top1=1.000 | val loss=0.0094 | t=0.1s
[finetune_replay] ep  89/90 | train loss=0.0010 top1=1.000 | val loss=0.0096 | t=0.1s
[finetune_replay] ep  90/90 | train loss=0.0010 top1=1.000 | val loss=0.0096 | t=0.1s
[finetune_replay] DONE best_val_loss=0.0078 @ epoch 55
[14:47:26] [uncertainty] member 3: $ /home/s226137394/.conda/envs/maze/bin/python3 -u -m Equivariant_pathway.equivariant_CNN_hybrid.baseline_vs_p4.pool_x_selector.trainer.finetune_replay --demo_dir /weka/s226137394/DmNfull/Equivariant_pathway/equivariant_CNN_hybrid/baseline_vs_p4/pool_x_selector/results/run_9/thrifty_dagger/demos --checkpoint_dir /weka/s226137394/DmNfull/Equivariant_pathway/equivariant_CNN_hybrid/baseline_vs_p4/pool_x_selector/results/run_9/thrifty_dagger/checkpoints/member_3 --epochs 90 --batch_size 64 --lr 5e-05 --weight_decay 0.0001 --replay_mix 0.5 --replay_mix_floor 0.2 --seed 312 --resume --new_demos_dir /weka/s226137394/DmNfull/Equivariant_pathway/equivariant_CNN_hybrid/baseline_vs_p4/pool_x_selector/results/run_9/thrifty_dagger/demos/round_002
[finetune_replay] device=cuda demo_dir=/weka/s226137394/DmNfull/Equivariant_pathway/equivariant_CNN_hybrid/baseline_vs_p4/pool_x_selector/results/run_9/thrifty_dagger/demos new_demos_dir=/weka/s226137394/DmNfull/Equivariant_pathway/equivariant_CNN_hybrid/baseline_vs_p4/pool_x_selector/results/run_9/thrifty_dagger/demos/round_002
[hybrid-dataset] 21 demos -> 107 samples
[hybrid-dataset] 1 demos -> 5 samples
[finetune_replay] sampler audit: {'n_old_samples': 107, 'n_new_samples': 5, 'replay_mix_target': 0.5, 'replay_mix_effective': 0.5, 'replay_mix_floor': 0.2}
[finetune_replay] trainable params: 1,400,028
[finetune_replay] WARM START from last_hybrid_policy.pth
[finetune_replay] ep   1/90 | train loss=0.1507 top1=1.000 | val loss=0.0695 | t=0.8s  *
[finetune_replay] ep   2/90 | train loss=0.0214 top1=1.000 | val loss=0.1433 | t=0.2s
[finetune_replay] ep   3/90 | train loss=0.0225 top1=1.000 | val loss=0.1094 | t=0.2s
[finetune_replay] ep   4/90 | train loss=0.0090 top1=1.000 | val loss=0.0714 | t=0.1s
[finetune_replay] ep   5/90 | train loss=0.0067 top1=1.000 | val loss=0.0674 | t=0.1s  *
[finetune_replay] ep   6/90 | train loss=0.0047 top1=1.000 | val loss=0.0685 | t=0.1s
[finetune_replay] ep   7/90 | train loss=0.0043 top1=1.000 | val loss=0.0720 | t=0.1s
[finetune_replay] ep   8/90 | train loss=0.0039 top1=1.000 | val loss=0.0766 | t=0.1s
[finetune_replay] ep   9/90 | train loss=0.0039 top1=1.000 | val loss=0.0762 | t=0.1s
[finetune_replay] ep  10/90 | train loss=0.0032 top1=1.000 | val loss=0.0671 | t=0.1s  *
[finetune_replay] ep  11/90 | train loss=0.0023 top1=1.000 | val loss=0.0631 | t=0.1s  *
[finetune_replay] ep  12/90 | train loss=0.0025 top1=1.000 | val loss=0.0610 | t=0.1s  *
[finetune_replay] ep  13/90 | train loss=0.0019 top1=1.000 | val loss=0.0595 | t=0.1s  *
[finetune_replay] ep  14/90 | train loss=0.0025 top1=1.000 | val loss=0.0596 | t=0.1s
[finetune_replay] ep  15/90 | train loss=0.0018 top1=1.000 | val loss=0.0610 | t=0.1s
[finetune_replay] ep  16/90 | train loss=0.0015 top1=1.000 | val loss=0.0637 | t=0.1s
[finetune_replay] ep  17/90 | train loss=0.0017 top1=1.000 | val loss=0.0670 | t=0.1s
[finetune_replay] ep  18/90 | train loss=0.0017 top1=1.000 | val loss=0.0704 | t=0.1s
[finetune_replay] ep  19/90 | train loss=0.0014 top1=1.000 | val loss=0.0705 | t=0.1s
[finetune_replay] ep  20/90 | train loss=0.0015 top1=1.000 | val loss=0.0684 | t=0.1s
[finetune_replay] ep  21/90 | train loss=0.0021 top1=1.000 | val loss=0.0646 | t=0.1s
[finetune_replay] ep  22/90 | train loss=0.0012 top1=1.000 | val loss=0.0638 | t=0.2s
[finetune_replay] ep  23/90 | train loss=0.0016 top1=1.000 | val loss=0.0674 | t=0.1s
[finetune_replay] ep  24/90 | train loss=0.0015 top1=1.000 | val loss=0.0716 | t=0.1s
[finetune_replay] ep  25/90 | train loss=0.0011 top1=1.000 | val loss=0.0731 | t=0.1s
[finetune_replay] ep  26/90 | train loss=0.0015 top1=1.000 | val loss=0.0714 | t=0.1s
[finetune_replay] ep  27/90 | train loss=0.0013 top1=1.000 | val loss=0.0678 | t=0.1s
[finetune_replay] ep  28/90 | train loss=0.0011 top1=1.000 | val loss=0.0648 | t=0.1s
[finetune_replay] ep  29/90 | train loss=0.0013 top1=1.000 | val loss=0.0632 | t=0.1s
[finetune_replay] ep  30/90 | train loss=0.0012 top1=1.000 | val loss=0.0636 | t=0.1s
[finetune_replay] ep  31/90 | train loss=0.0010 top1=1.000 | val loss=0.0650 | t=0.1s
[finetune_replay] ep  32/90 | train loss=0.0011 top1=1.000 | val loss=0.0670 | t=0.1s
[finetune_replay] ep  33/90 | train loss=0.0010 top1=1.000 | val loss=0.0681 | t=0.1s
[finetune_replay] ep  34/90 | train loss=0.0010 top1=1.000 | val loss=0.0688 | t=0.1s
[finetune_replay] ep  35/90 | train loss=0.0011 top1=1.000 | val loss=0.0690 | t=0.1s
[finetune_replay] ep  36/90 | train loss=0.0010 top1=1.000 | val loss=0.0692 | t=0.1s
[finetune_replay] ep  37/90 | train loss=0.0011 top1=1.000 | val loss=0.0670 | t=0.1s
[finetune_replay] ep  38/90 | train loss=0.0008 top1=1.000 | val loss=0.0660 | t=0.1s
[finetune_replay] ep  39/90 | train loss=0.0008 top1=1.000 | val loss=0.0671 | t=0.1s
[finetune_replay] ep  40/90 | train loss=0.0010 top1=1.000 | val loss=0.0674 | t=0.1s
[finetune_replay] ep  41/90 | train loss=0.0008 top1=1.000 | val loss=0.0689 | t=0.1s
[finetune_replay] ep  42/90 | train loss=0.0009 top1=1.000 | val loss=0.0710 | t=0.1s
[finetune_replay] ep  43/90 | train loss=0.0008 top1=1.000 | val loss=0.0713 | t=0.1s
[finetune_replay] ep  44/90 | train loss=0.0010 top1=1.000 | val loss=0.0719 | t=0.1s
[finetune_replay] ep  45/90 | train loss=0.0009 top1=1.000 | val loss=0.0718 | t=0.1s
[finetune_replay] ep  46/90 | train loss=0.0010 top1=1.000 | val loss=0.0705 | t=0.1s
[finetune_replay] ep  47/90 | train loss=0.0009 top1=1.000 | val loss=0.0701 | t=0.1s
[finetune_replay] ep  48/90 | train loss=0.0007 top1=1.000 | val loss=0.0699 | t=0.1s
[finetune_replay] ep  49/90 | train loss=0.0008 top1=1.000 | val loss=0.0690 | t=0.1s
[finetune_replay] ep  50/90 | train loss=0.0009 top1=1.000 | val loss=0.0687 | t=0.1s
[finetune_replay] ep  51/90 | train loss=0.0009 top1=1.000 | val loss=0.0690 | t=0.1s
[finetune_replay] ep  52/90 | train loss=0.0009 top1=1.000 | val loss=0.0693 | t=0.1s
[finetune_replay] ep  53/90 | train loss=0.0008 top1=1.000 | val loss=0.0691 | t=0.1s
[finetune_replay] ep  54/90 | train loss=0.0009 top1=1.000 | val loss=0.0691 | t=0.1s
[finetune_replay] ep  55/90 | train loss=0.0009 top1=1.000 | val loss=0.0697 | t=0.1s
[finetune_replay] ep  56/90 | train loss=0.0010 top1=1.000 | val loss=0.0696 | t=0.1s
[finetune_replay] ep  57/90 | train loss=0.0007 top1=1.000 | val loss=0.0700 | t=0.1s
[finetune_replay] ep  58/90 | train loss=0.0009 top1=1.000 | val loss=0.0699 | t=0.1s
[finetune_replay] ep  59/90 | train loss=0.0007 top1=1.000 | val loss=0.0695 | t=0.1s
[finetune_replay] ep  60/90 | train loss=0.0007 top1=1.000 | val loss=0.0694 | t=0.1s
[finetune_replay] ep  61/90 | train loss=0.0008 top1=1.000 | val loss=0.0691 | t=0.1s
[finetune_replay] ep  62/90 | train loss=0.0008 top1=1.000 | val loss=0.0686 | t=0.1s
[finetune_replay] ep  63/90 | train loss=0.0007 top1=1.000 | val loss=0.0689 | t=0.1s
[finetune_replay] ep  64/90 | train loss=0.0008 top1=1.000 | val loss=0.0688 | t=0.1s
[finetune_replay] ep  65/90 | train loss=0.0007 top1=1.000 | val loss=0.0684 | t=0.1s
[finetune_replay] ep  66/90 | train loss=0.0008 top1=1.000 | val loss=0.0683 | t=0.1s
[finetune_replay] ep  67/90 | train loss=0.0007 top1=1.000 | val loss=0.0677 | t=0.1s
[finetune_replay] ep  68/90 | train loss=0.0008 top1=1.000 | val loss=0.0679 | t=0.1s
[finetune_replay] ep  69/90 | train loss=0.0008 top1=1.000 | val loss=0.0677 | t=0.1s
[finetune_replay] ep  70/90 | train loss=0.0009 top1=1.000 | val loss=0.0682 | t=0.1s
[finetune_replay] ep  71/90 | train loss=0.0008 top1=1.000 | val loss=0.0685 | t=0.1s
[finetune_replay] ep  72/90 | train loss=0.0007 top1=1.000 | val loss=0.0684 | t=0.1s
[finetune_replay] ep  73/90 | train loss=0.0009 top1=1.000 | val loss=0.0681 | t=0.1s
[finetune_replay] ep  74/90 | train loss=0.0008 top1=1.000 | val loss=0.0678 | t=0.1s
[finetune_replay] ep  75/90 | train loss=0.0007 top1=1.000 | val loss=0.0681 | t=0.1s
[finetune_replay] ep  76/90 | train loss=0.0008 top1=1.000 | val loss=0.0681 | t=0.1s
[finetune_replay] ep  77/90 | train loss=0.0009 top1=1.000 | val loss=0.0677 | t=0.1s
[finetune_replay] ep  78/90 | train loss=0.0007 top1=1.000 | val loss=0.0679 | t=0.1s
[finetune_replay] ep  79/90 | train loss=0.0007 top1=1.000 | val loss=0.0683 | t=0.2s
[finetune_replay] ep  80/90 | train loss=0.0007 top1=1.000 | val loss=0.0682 | t=0.1s
[finetune_replay] ep  81/90 | train loss=0.0008 top1=1.000 | val loss=0.0684 | t=0.1s
[finetune_replay] ep  82/90 | train loss=0.0007 top1=1.000 | val loss=0.0691 | t=0.1s
[finetune_replay] ep  83/90 | train loss=0.0008 top1=1.000 | val loss=0.0686 | t=0.1s
[finetune_replay] ep  84/90 | train loss=0.0008 top1=1.000 | val loss=0.0683 | t=0.1s
[finetune_replay] ep  85/90 | train loss=0.0007 top1=1.000 | val loss=0.0688 | t=0.1s
[finetune_replay] ep  86/90 | train loss=0.0009 top1=1.000 | val loss=0.0685 | t=0.1s
[finetune_replay] ep  87/90 | train loss=0.0008 top1=1.000 | val loss=0.0692 | t=0.1s
[finetune_replay] ep  88/90 | train loss=0.0008 top1=1.000 | val loss=0.0686 | t=0.1s
[finetune_replay] ep  89/90 | train loss=0.0009 top1=1.000 | val loss=0.0682 | t=0.1s
[finetune_replay] ep  90/90 | train loss=0.0006 top1=1.000 | val loss=0.0679 | t=0.1s
[finetune_replay] DONE best_val_loss=0.0595 @ epoch 13
[14:47:51] [uncertainty] member 4: $ /home/s226137394/.conda/envs/maze/bin/python3 -u -m Equivariant_pathway.equivariant_CNN_hybrid.baseline_vs_p4.pool_x_selector.trainer.finetune_replay --demo_dir /weka/s226137394/DmNfull/Equivariant_pathway/equivariant_CNN_hybrid/baseline_vs_p4/pool_x_selector/results/run_9/thrifty_dagger/demos --checkpoint_dir /weka/s226137394/DmNfull/Equivariant_pathway/equivariant_CNN_hybrid/baseline_vs_p4/pool_x_selector/results/run_9/thrifty_dagger/checkpoints/member_4 --epochs 90 --batch_size 64 --lr 5e-05 --weight_decay 0.0001 --replay_mix 0.5 --replay_mix_floor 0.2 --seed 413 --resume --new_demos_dir /weka/s226137394/DmNfull/Equivariant_pathway/equivariant_CNN_hybrid/baseline_vs_p4/pool_x_selector/results/run_9/thrifty_dagger/demos/round_002
[finetune_replay] device=cuda demo_dir=/weka/s226137394/DmNfull/Equivariant_pathway/equivariant_CNN_hybrid/baseline_vs_p4/pool_x_selector/results/run_9/thrifty_dagger/demos new_demos_dir=/weka/s226137394/DmNfull/Equivariant_pathway/equivariant_CNN_hybrid/baseline_vs_p4/pool_x_selector/results/run_9/thrifty_dagger/demos/round_002
[hybrid-dataset] 21 demos -> 107 samples
[hybrid-dataset] 1 demos -> 5 samples
[finetune_replay] sampler audit: {'n_old_samples': 107, 'n_new_samples': 5, 'replay_mix_target': 0.5, 'replay_mix_effective': 0.5, 'replay_mix_floor': 0.2}
[finetune_replay] trainable params: 1,400,028
[finetune_replay] WARM START from last_hybrid_policy.pth
[finetune_replay] ep   1/90 | train loss=0.3968 top1=0.941 | val loss=0.0795 | t=1.1s  *
[finetune_replay] ep   2/90 | train loss=0.1484 top1=1.000 | val loss=0.0872 | t=0.4s
[finetune_replay] ep   3/90 | train loss=0.0336 top1=1.000 | val loss=0.0604 | t=0.1s  *
[finetune_replay] ep   4/90 | train loss=0.0361 top1=1.000 | val loss=0.0450 | t=0.2s  *
[finetune_replay] ep   5/90 | train loss=0.0141 top1=1.000 | val loss=0.0482 | t=0.1s
[finetune_replay] ep   6/90 | train loss=0.0128 top1=1.000 | val loss=0.0323 | t=0.1s  *
[finetune_replay] ep   7/90 | train loss=0.0097 top1=1.000 | val loss=0.0307 | t=0.1s  *
[finetune_replay] ep   8/90 | train loss=0.0073 top1=1.000 | val loss=0.0433 | t=0.2s
[finetune_replay] ep   9/90 | train loss=0.0053 top1=1.000 | val loss=0.0470 | t=0.1s
[finetune_replay] ep  10/90 | train loss=0.0049 top1=1.000 | val loss=0.0525 | t=0.1s
[finetune_replay] ep  11/90 | train loss=0.0051 top1=1.000 | val loss=0.0505 | t=0.1s
[finetune_replay] ep  12/90 | train loss=0.0048 top1=1.000 | val loss=0.0448 | t=0.1s
[finetune_replay] ep  13/90 | train loss=0.0033 top1=1.000 | val loss=0.0376 | t=0.1s
[finetune_replay] ep  14/90 | train loss=0.0037 top1=1.000 | val loss=0.0314 | t=0.1s
[finetune_replay] ep  15/90 | train loss=0.0029 top1=1.000 | val loss=0.0288 | t=0.1s  *
[finetune_replay] ep  16/90 | train loss=0.0028 top1=1.000 | val loss=0.0281 | t=0.1s  *
[finetune_replay] ep  17/90 | train loss=0.0033 top1=1.000 | val loss=0.0262 | t=0.1s  *
[finetune_replay] ep  18/90 | train loss=0.0024 top1=1.000 | val loss=0.0263 | t=0.1s
[finetune_replay] ep  19/90 | train loss=0.0023 top1=1.000 | val loss=0.0274 | t=0.1s
[finetune_replay] ep  20/90 | train loss=0.0026 top1=1.000 | val loss=0.0293 | t=0.1s
[finetune_replay] ep  21/90 | train loss=0.0027 top1=1.000 | val loss=0.0301 | t=0.1s
[finetune_replay] ep  22/90 | train loss=0.0017 top1=1.000 | val loss=0.0315 | t=0.1s
[finetune_replay] ep  23/90 | train loss=0.0020 top1=1.000 | val loss=0.0309 | t=0.1s
[finetune_replay] ep  24/90 | train loss=0.0017 top1=1.000 | val loss=0.0312 | t=0.1s
[finetune_replay] ep  25/90 | train loss=0.0020 top1=1.000 | val loss=0.0307 | t=0.1s
[finetune_replay] ep  26/90 | train loss=0.0018 top1=1.000 | val loss=0.0298 | t=0.1s
[finetune_replay] ep  27/90 | train loss=0.0017 top1=1.000 | val loss=0.0284 | t=0.1s
[finetune_replay] ep  28/90 | train loss=0.0017 top1=1.000 | val loss=0.0274 | t=0.1s
[finetune_replay] ep  29/90 | train loss=0.0014 top1=1.000 | val loss=0.0269 | t=0.2s
[finetune_replay] ep  30/90 | train loss=0.0015 top1=1.000 | val loss=0.0270 | t=0.1s
[finetune_replay] ep  31/90 | train loss=0.0016 top1=1.000 | val loss=0.0265 | t=0.1s
[finetune_replay] ep  32/90 | train loss=0.0014 top1=1.000 | val loss=0.0258 | t=0.1s  *
[finetune_replay] ep  33/90 | train loss=0.0016 top1=1.000 | val loss=0.0253 | t=0.1s  *
[finetune_replay] ep  34/90 | train loss=0.0013 top1=1.000 | val loss=0.0258 | t=0.1s
[finetune_replay] ep  35/90 | train loss=0.0014 top1=1.000 | val loss=0.0260 | t=0.1s
[finetune_replay] ep  36/90 | train loss=0.0014 top1=1.000 | val loss=0.0253 | t=0.1s
[finetune_replay] ep  37/90 | train loss=0.0014 top1=1.000 | val loss=0.0252 | t=0.1s  *
[finetune_replay] ep  38/90 | train loss=0.0014 top1=1.000 | val loss=0.0254 | t=0.1s
[finetune_replay] ep  39/90 | train loss=0.0014 top1=1.000 | val loss=0.0253 | t=0.1s
[finetune_replay] ep  40/90 | train loss=0.0016 top1=1.000 | val loss=0.0255 | t=0.1s
[finetune_replay] ep  41/90 | train loss=0.0015 top1=1.000 | val loss=0.0259 | t=0.1s
[finetune_replay] ep  42/90 | train loss=0.0013 top1=1.000 | val loss=0.0253 | t=0.1s
[finetune_replay] ep  43/90 | train loss=0.0013 top1=1.000 | val loss=0.0255 | t=0.1s
[finetune_replay] ep  44/90 | train loss=0.0013 top1=1.000 | val loss=0.0243 | t=0.1s  *
[finetune_replay] ep  45/90 | train loss=0.0011 top1=1.000 | val loss=0.0233 | t=0.1s  *
[finetune_replay] ep  46/90 | train loss=0.0012 top1=1.000 | val loss=0.0227 | t=0.1s  *
[finetune_replay] ep  47/90 | train loss=0.0011 top1=1.000 | val loss=0.0227 | t=0.1s
[finetune_replay] ep  48/90 | train loss=0.0013 top1=1.000 | val loss=0.0233 | t=0.1s
[finetune_replay] ep  49/90 | train loss=0.0013 top1=1.000 | val loss=0.0229 | t=0.1s
[finetune_replay] ep  50/90 | train loss=0.0013 top1=1.000 | val loss=0.0228 | t=0.1s
[finetune_replay] ep  51/90 | train loss=0.0012 top1=1.000 | val loss=0.0237 | t=0.1s
[finetune_replay] ep  52/90 | train loss=0.0011 top1=1.000 | val loss=0.0250 | t=0.1s
[finetune_replay] ep  53/90 | train loss=0.0012 top1=1.000 | val loss=0.0242 | t=0.1s
[finetune_replay] ep  54/90 | train loss=0.0012 top1=1.000 | val loss=0.0236 | t=0.1s
[finetune_replay] ep  55/90 | train loss=0.0011 top1=1.000 | val loss=0.0238 | t=0.1s
[finetune_replay] ep  56/90 | train loss=0.0010 top1=1.000 | val loss=0.0232 | t=0.1s
[finetune_replay] ep  57/90 | train loss=0.0010 top1=1.000 | val loss=0.0232 | t=0.1s
[finetune_replay] ep  58/90 | train loss=0.0011 top1=1.000 | val loss=0.0232 | t=0.1s
[finetune_replay] ep  59/90 | train loss=0.0012 top1=1.000 | val loss=0.0241 | t=0.1s
[finetune_replay] ep  60/90 | train loss=0.0011 top1=1.000 | val loss=0.0239 | t=0.1s
[finetune_replay] ep  61/90 | train loss=0.0012 top1=1.000 | val loss=0.0247 | t=0.1s
[finetune_replay] ep  62/90 | train loss=0.0010 top1=1.000 | val loss=0.0244 | t=0.1s
[finetune_replay] ep  63/90 | train loss=0.0010 top1=1.000 | val loss=0.0241 | t=0.1s
[finetune_replay] ep  64/90 | train loss=0.0011 top1=1.000 | val loss=0.0240 | t=0.1s
[finetune_replay] ep  65/90 | train loss=0.0011 top1=1.000 | val loss=0.0236 | t=0.1s
[finetune_replay] ep  66/90 | train loss=0.0010 top1=1.000 | val loss=0.0233 | t=0.1s
[finetune_replay] ep  67/90 | train loss=0.0011 top1=1.000 | val loss=0.0225 | t=0.1s  *
[finetune_replay] ep  68/90 | train loss=0.0009 top1=1.000 | val loss=0.0237 | t=0.1s
[finetune_replay] ep  69/90 | train loss=0.0009 top1=1.000 | val loss=0.0240 | t=0.1s
[finetune_replay] ep  70/90 | train loss=0.0011 top1=1.000 | val loss=0.0245 | t=0.1s
[finetune_replay] ep  71/90 | train loss=0.0010 top1=1.000 | val loss=0.0234 | t=0.1s
[finetune_replay] ep  72/90 | train loss=0.0012 top1=1.000 | val loss=0.0235 | t=0.1s
[finetune_replay] ep  73/90 | train loss=0.0010 top1=1.000 | val loss=0.0244 | t=0.1s
[finetune_replay] ep  74/90 | train loss=0.0011 top1=1.000 | val loss=0.0240 | t=0.1s
[finetune_replay] ep  75/90 | train loss=0.0013 top1=1.000 | val loss=0.0238 | t=0.1s
[finetune_replay] ep  76/90 | train loss=0.0009 top1=1.000 | val loss=0.0245 | t=0.1s
[finetune_replay] ep  77/90 | train loss=0.0009 top1=1.000 | val loss=0.0241 | t=0.1s
[finetune_replay] ep  78/90 | train loss=0.0011 top1=1.000 | val loss=0.0240 | t=0.1s
[finetune_replay] ep  79/90 | train loss=0.0011 top1=1.000 | val loss=0.0232 | t=0.1s
[finetune_replay] ep  80/90 | train loss=0.0009 top1=1.000 | val loss=0.0233 | t=0.1s
[finetune_replay] ep  81/90 | train loss=0.0009 top1=1.000 | val loss=0.0230 | t=0.1s
[finetune_replay] ep  82/90 | train loss=0.0011 top1=1.000 | val loss=0.0231 | t=0.1s
[finetune_replay] ep  83/90 | train loss=0.0009 top1=1.000 | val loss=0.0232 | t=0.1s
[finetune_replay] ep  84/90 | train loss=0.0010 top1=1.000 | val loss=0.0227 | t=0.1s
[finetune_replay] ep  85/90 | train loss=0.0010 top1=1.000 | val loss=0.0235 | t=0.1s
[finetune_replay] ep  86/90 | train loss=0.0009 top1=1.000 | val loss=0.0229 | t=0.1s
[finetune_replay] ep  87/90 | train loss=0.0010 top1=1.000 | val loss=0.0232 | t=0.1s
[finetune_replay] ep  88/90 | train loss=0.0010 top1=1.000 | val loss=0.0233 | t=0.1s
[finetune_replay] ep  89/90 | train loss=0.0011 top1=1.000 | val loss=0.0235 | t=0.1s
[finetune_replay] ep  90/90 | train loss=0.0011 top1=1.000 | val loss=0.0233 | t=0.1s
[finetune_replay] DONE best_val_loss=0.0225 @ epoch 67
[14:49:45] [iil-baseline] round 2: heldout_sr=0.715

--------------------------------------------------------------------------------
THRIFTY_DAGGER ROUND 3  (remaining budget = 13)
--------------------------------------------------------------------------------
[14:50:05] [iil-baseline] round 3: pool=20 successes=12 failures=8 correction_sr=0.600
[14:50:05] [iil-baseline] round 3: picked=1 saved=1 cum_extras=3/15
[14:50:05] [uncertainty] member 0: $ /home/s226137394/.conda/envs/maze/bin/python3 -u -m Equivariant_pathway.equivariant_CNN_hybrid.baseline_vs_p4.pool_x_selector.trainer.finetune_replay --demo_dir /weka/s226137394/DmNfull/Equivariant_pathway/equivariant_CNN_hybrid/baseline_vs_p4/pool_x_selector/results/run_9/thrifty_dagger/demos --checkpoint_dir /weka/s226137394/DmNfull/Equivariant_pathway/equivariant_CNN_hybrid/baseline_vs_p4/pool_x_selector/results/run_9/thrifty_dagger/checkpoints/member_0 --epochs 90 --batch_size 64 --lr 5e-05 --weight_decay 0.0001 --replay_mix 0.5 --replay_mix_floor 0.2 --seed 9 --resume --new_demos_dir /weka/s226137394/DmNfull/Equivariant_pathway/equivariant_CNN_hybrid/baseline_vs_p4/pool_x_selector/results/run_9/thrifty_dagger/demos/round_003
[finetune_replay] device=cuda demo_dir=/weka/s226137394/DmNfull/Equivariant_pathway/equivariant_CNN_hybrid/baseline_vs_p4/pool_x_selector/results/run_9/thrifty_dagger/demos new_demos_dir=/weka/s226137394/DmNfull/Equivariant_pathway/equivariant_CNN_hybrid/baseline_vs_p4/pool_x_selector/results/run_9/thrifty_dagger/demos/round_003
[hybrid-dataset] 22 demos -> 112 samples
[hybrid-dataset] 1 demos -> 4 samples
[finetune_replay] sampler audit: {'n_old_samples': 112, 'n_new_samples': 4, 'replay_mix_target': 0.5, 'replay_mix_effective': 0.5, 'replay_mix_floor': 0.2}
[finetune_replay] trainable params: 1,400,028
[finetune_replay] WARM START from last_hybrid_policy.pth
[finetune_replay] ep   1/90 | train loss=0.2346 top1=0.876 | val loss=0.1014 | t=1.0s  *
[finetune_replay] ep   2/90 | train loss=0.0428 top1=1.000 | val loss=0.1190 | t=0.2s
[finetune_replay] ep   3/90 | train loss=0.0180 top1=1.000 | val loss=0.1375 | t=0.1s
[finetune_replay] ep   4/90 | train loss=0.0102 top1=1.000 | val loss=0.1389 | t=0.2s
[finetune_replay] ep   5/90 | train loss=0.0051 top1=1.000 | val loss=0.1341 | t=0.2s
[finetune_replay] ep   6/90 | train loss=0.0069 top1=1.000 | val loss=0.1290 | t=0.1s
[finetune_replay] ep   7/90 | train loss=0.0044 top1=1.000 | val loss=0.1251 | t=0.1s
[finetune_replay] ep   8/90 | train loss=0.0028 top1=1.000 | val loss=0.1189 | t=0.2s
[finetune_replay] ep   9/90 | train loss=0.0027 top1=1.000 | val loss=0.1165 | t=0.1s
[finetune_replay] ep  10/90 | train loss=0.0030 top1=1.000 | val loss=0.1171 | t=0.1s
[finetune_replay] ep  11/90 | train loss=0.0032 top1=1.000 | val loss=0.1194 | t=0.2s
[finetune_replay] ep  12/90 | train loss=0.0021 top1=1.000 | val loss=0.1289 | t=0.2s
[finetune_replay] ep  13/90 | train loss=0.0019 top1=1.000 | val loss=0.1358 | t=0.1s
[finetune_replay] ep  14/90 | train loss=0.0018 top1=1.000 | val loss=0.1368 | t=0.1s
[finetune_replay] ep  15/90 | train loss=0.0016 top1=1.000 | val loss=0.1327 | t=0.1s
[finetune_replay] ep  16/90 | train loss=0.0038 top1=1.000 | val loss=0.1251 | t=0.1s
[finetune_replay] ep  17/90 | train loss=0.0016 top1=1.000 | val loss=0.1211 | t=0.1s
[finetune_replay] ep  18/90 | train loss=0.0012 top1=1.000 | val loss=0.1168 | t=0.1s
[finetune_replay] ep  19/90 | train loss=0.0017 top1=1.000 | val loss=0.1131 | t=0.1s
[finetune_replay] ep  20/90 | train loss=0.0014 top1=1.000 | val loss=0.1149 | t=0.1s
[finetune_replay] ep  21/90 | train loss=0.0014 top1=1.000 | val loss=0.1136 | t=0.1s
[finetune_replay] ep  22/90 | train loss=0.0015 top1=1.000 | val loss=0.1169 | t=0.1s
[finetune_replay] ep  23/90 | train loss=0.0012 top1=1.000 | val loss=0.1189 | t=0.1s
[finetune_replay] ep  24/90 | train loss=0.0012 top1=1.000 | val loss=0.1238 | t=0.2s
[finetune_replay] ep  25/90 | train loss=0.0012 top1=1.000 | val loss=0.1243 | t=0.1s
[finetune_replay] ep  26/90 | train loss=0.0013 top1=1.000 | val loss=0.1222 | t=0.1s
[finetune_replay] ep  27/90 | train loss=0.0012 top1=1.000 | val loss=0.1230 | t=0.1s
[finetune_replay] ep  28/90 | train loss=0.0011 top1=1.000 | val loss=0.1239 | t=0.1s
[finetune_replay] ep  29/90 | train loss=0.0008 top1=1.000 | val loss=0.1246 | t=0.1s
[finetune_replay] ep  30/90 | train loss=0.0010 top1=1.000 | val loss=0.1249 | t=0.1s
[finetune_replay] ep  31/90 | train loss=0.0010 top1=1.000 | val loss=0.1235 | t=0.1s
[finetune_replay] ep  32/90 | train loss=0.0011 top1=1.000 | val loss=0.1274 | t=0.1s
[finetune_replay] ep  33/90 | train loss=0.0007 top1=1.000 | val loss=0.1295 | t=0.1s
[finetune_replay] ep  34/90 | train loss=0.0008 top1=1.000 | val loss=0.1310 | t=0.1s
[finetune_replay] ep  35/90 | train loss=0.0009 top1=1.000 | val loss=0.1292 | t=0.1s
[finetune_replay] ep  36/90 | train loss=0.0010 top1=1.000 | val loss=0.1272 | t=0.1s
[finetune_replay] ep  37/90 | train loss=0.0009 top1=1.000 | val loss=0.1232 | t=0.1s
[finetune_replay] ep  38/90 | train loss=0.0007 top1=1.000 | val loss=0.1267 | t=0.1s
[finetune_replay] ep  39/90 | train loss=0.0008 top1=1.000 | val loss=0.1267 | t=0.1s
[finetune_replay] ep  40/90 | train loss=0.0009 top1=1.000 | val loss=0.1265 | t=0.1s
[finetune_replay] ep  41/90 | train loss=0.0010 top1=1.000 | val loss=0.1271 | t=0.1s
[finetune_replay] ep  42/90 | train loss=0.0010 top1=1.000 | val loss=0.1284 | t=0.1s
[finetune_replay] ep  43/90 | train loss=0.0009 top1=1.000 | val loss=0.1264 | t=0.1s
[finetune_replay] ep  44/90 | train loss=0.0007 top1=1.000 | val loss=0.1281 | t=0.1s
[finetune_replay] ep  45/90 | train loss=0.0009 top1=1.000 | val loss=0.1294 | t=0.1s
[finetune_replay] ep  46/90 | train loss=0.0007 top1=1.000 | val loss=0.1319 | t=0.1s
[finetune_replay] ep  47/90 | train loss=0.0007 top1=1.000 | val loss=0.1337 | t=0.1s
[finetune_replay] ep  48/90 | train loss=0.0007 top1=1.000 | val loss=0.1309 | t=0.1s
[finetune_replay] ep  49/90 | train loss=0.0009 top1=1.000 | val loss=0.1293 | t=0.1s
[finetune_replay] ep  50/90 | train loss=0.0007 top1=1.000 | val loss=0.1259 | t=0.1s
[finetune_replay] ep  51/90 | train loss=0.0006 top1=1.000 | val loss=0.1252 | t=0.2s
[finetune_replay] ep  52/90 | train loss=0.0009 top1=1.000 | val loss=0.1260 | t=0.1s
[finetune_replay] ep  53/90 | train loss=0.0006 top1=1.000 | val loss=0.1268 | t=0.1s
[finetune_replay] ep  54/90 | train loss=0.0008 top1=1.000 | val loss=0.1273 | t=0.1s
[finetune_replay] ep  55/90 | train loss=0.0008 top1=1.000 | val loss=0.1320 | t=0.1s
[finetune_replay] ep  56/90 | train loss=0.0006 top1=1.000 | val loss=0.1329 | t=0.1s
[finetune_replay] ep  57/90 | train loss=0.0007 top1=1.000 | val loss=0.1313 | t=0.1s
[finetune_replay] ep  58/90 | train loss=0.0007 top1=1.000 | val loss=0.1303 | t=0.1s
[finetune_replay] ep  59/90 | train loss=0.0008 top1=1.000 | val loss=0.1280 | t=0.1s
[finetune_replay] ep  60/90 | train loss=0.0007 top1=1.000 | val loss=0.1310 | t=0.1s
[finetune_replay] ep  61/90 | train loss=0.0007 top1=1.000 | val loss=0.1293 | t=0.1s
[finetune_replay] ep  62/90 | train loss=0.0007 top1=1.000 | val loss=0.1285 | t=0.1s
[finetune_replay] ep  63/90 | train loss=0.0006 top1=1.000 | val loss=0.1285 | t=0.1s
[finetune_replay] ep  64/90 | train loss=0.0008 top1=1.000 | val loss=0.1278 | t=0.1s
[finetune_replay] ep  65/90 | train loss=0.0006 top1=1.000 | val loss=0.1243 | t=0.1s
[finetune_replay] ep  66/90 | train loss=0.0005 top1=1.000 | val loss=0.1253 | t=0.1s
[finetune_replay] ep  67/90 | train loss=0.0007 top1=1.000 | val loss=0.1226 | t=0.1s
[finetune_replay] ep  68/90 | train loss=0.0006 top1=1.000 | val loss=0.1247 | t=0.1s
[finetune_replay] ep  69/90 | train loss=0.0006 top1=1.000 | val loss=0.1257 | t=0.1s
[finetune_replay] ep  70/90 | train loss=0.0006 top1=1.000 | val loss=0.1229 | t=0.1s
[finetune_replay] ep  71/90 | train loss=0.0006 top1=1.000 | val loss=0.1208 | t=0.1s
[finetune_replay] ep  72/90 | train loss=0.0007 top1=1.000 | val loss=0.1222 | t=0.1s
[finetune_replay] ep  73/90 | train loss=0.0006 top1=1.000 | val loss=0.1244 | t=0.1s
[finetune_replay] ep  74/90 | train loss=0.0007 top1=1.000 | val loss=0.1291 | t=0.1s
[finetune_replay] ep  75/90 | train loss=0.0006 top1=1.000 | val loss=0.1318 | t=0.1s
[finetune_replay] ep  76/90 | train loss=0.0007 top1=1.000 | val loss=0.1340 | t=0.1s
[finetune_replay] ep  77/90 | train loss=0.0008 top1=1.000 | val loss=0.1311 | t=0.1s
[finetune_replay] ep  78/90 | train loss=0.0006 top1=1.000 | val loss=0.1318 | t=0.1s
[finetune_replay] ep  79/90 | train loss=0.0007 top1=1.000 | val loss=0.1308 | t=0.1s
[finetune_replay] ep  80/90 | train loss=0.0007 top1=1.000 | val loss=0.1272 | t=0.1s
[finetune_replay] ep  81/90 | train loss=0.0007 top1=1.000 | val loss=0.1272 | t=0.1s
[finetune_replay] ep  82/90 | train loss=0.0006 top1=1.000 | val loss=0.1287 | t=0.1s
[finetune_replay] ep  83/90 | train loss=0.0006 top1=1.000 | val loss=0.1309 | t=0.1s
[finetune_replay] ep  84/90 | train loss=0.0006 top1=1.000 | val loss=0.1299 | t=0.1s
[finetune_replay] ep  85/90 | train loss=0.0008 top1=1.000 | val loss=0.1314 | t=0.1s
[finetune_replay] ep  86/90 | train loss=0.0006 top1=1.000 | val loss=0.1306 | t=0.1s
[finetune_replay] ep  87/90 | train loss=0.0007 top1=1.000 | val loss=0.1278 | t=0.1s
[finetune_replay] ep  88/90 | train loss=0.0006 top1=1.000 | val loss=0.1267 | t=0.1s
[finetune_replay] ep  89/90 | train loss=0.0007 top1=1.000 | val loss=0.1282 | t=0.1s
[finetune_replay] ep  90/90 | train loss=0.0008 top1=1.000 | val loss=0.1301 | t=0.1s
[finetune_replay] DONE best_val_loss=0.1014 @ epoch 1
[14:50:31] [uncertainty] member 1: $ /home/s226137394/.conda/envs/maze/bin/python3 -u -m Equivariant_pathway.equivariant_CNN_hybrid.baseline_vs_p4.pool_x_selector.trainer.finetune_replay --demo_dir /weka/s226137394/DmNfull/Equivariant_pathway/equivariant_CNN_hybrid/baseline_vs_p4/pool_x_selector/results/run_9/thrifty_dagger/demos --checkpoint_dir /weka/s226137394/DmNfull/Equivariant_pathway/equivariant_CNN_hybrid/baseline_vs_p4/pool_x_selector/results/run_9/thrifty_dagger/checkpoints/member_1 --epochs 90 --batch_size 64 --lr 5e-05 --weight_decay 0.0001 --replay_mix 0.5 --replay_mix_floor 0.2 --seed 110 --resume --new_demos_dir /weka/s226137394/DmNfull/Equivariant_pathway/equivariant_CNN_hybrid/baseline_vs_p4/pool_x_selector/results/run_9/thrifty_dagger/demos/round_003
[finetune_replay] device=cuda demo_dir=/weka/s226137394/DmNfull/Equivariant_pathway/equivariant_CNN_hybrid/baseline_vs_p4/pool_x_selector/results/run_9/thrifty_dagger/demos new_demos_dir=/weka/s226137394/DmNfull/Equivariant_pathway/equivariant_CNN_hybrid/baseline_vs_p4/pool_x_selector/results/run_9/thrifty_dagger/demos/round_003
[hybrid-dataset] 22 demos -> 112 samples
[hybrid-dataset] 1 demos -> 4 samples
[finetune_replay] sampler audit: {'n_old_samples': 112, 'n_new_samples': 4, 'replay_mix_target': 0.5, 'replay_mix_effective': 0.5, 'replay_mix_floor': 0.2}
[finetune_replay] trainable params: 1,400,028
[finetune_replay] WARM START from last_hybrid_policy.pth
[finetune_replay] ep   1/90 | train loss=0.1770 top1=0.924 | val loss=0.0562 | t=0.8s  *
[finetune_replay] ep   2/90 | train loss=0.1228 top1=1.000 | val loss=0.0334 | t=0.2s  *
[finetune_replay] ep   3/90 | train loss=0.0824 top1=1.000 | val loss=0.0353 | t=0.2s
[finetune_replay] ep   4/90 | train loss=0.0445 top1=1.000 | val loss=0.0157 | t=0.1s  *
[finetune_replay] ep   5/90 | train loss=0.0382 top1=1.000 | val loss=0.0075 | t=0.1s  *
[finetune_replay] ep   6/90 | train loss=0.0231 top1=1.000 | val loss=0.0137 | t=0.1s
[finetune_replay] ep   7/90 | train loss=0.0165 top1=1.000 | val loss=0.0162 | t=0.1s
[finetune_replay] ep   8/90 | train loss=0.0119 top1=1.000 | val loss=0.0070 | t=0.1s  *
[finetune_replay] ep   9/90 | train loss=0.0076 top1=1.000 | val loss=0.0038 | t=0.1s  *
[finetune_replay] ep  10/90 | train loss=0.0096 top1=1.000 | val loss=0.0039 | t=0.1s
[finetune_replay] ep  11/90 | train loss=0.0062 top1=1.000 | val loss=0.0048 | t=0.1s
[finetune_replay] ep  12/90 | train loss=0.0063 top1=1.000 | val loss=0.0049 | t=0.1s
[finetune_replay] ep  13/90 | train loss=0.0050 top1=1.000 | val loss=0.0041 | t=0.1s
[finetune_replay] ep  14/90 | train loss=0.0040 top1=1.000 | val loss=0.0044 | t=0.1s
[finetune_replay] ep  15/90 | train loss=0.0035 top1=1.000 | val loss=0.0040 | t=0.1s
[finetune_replay] ep  16/90 | train loss=0.0044 top1=1.000 | val loss=0.0033 | t=0.1s  *
[finetune_replay] ep  17/90 | train loss=0.0031 top1=1.000 | val loss=0.0031 | t=0.1s  *
[finetune_replay] ep  18/90 | train loss=0.0029 top1=1.000 | val loss=0.0029 | t=0.1s  *
[finetune_replay] ep  19/90 | train loss=0.0033 top1=1.000 | val loss=0.0025 | t=0.1s  *
[finetune_replay] ep  20/90 | train loss=0.0027 top1=1.000 | val loss=0.0026 | t=0.1s
[finetune_replay] ep  21/90 | train loss=0.0030 top1=1.000 | val loss=0.0026 | t=0.1s
[finetune_replay] ep  22/90 | train loss=0.0032 top1=1.000 | val loss=0.0026 | t=0.1s
[finetune_replay] ep  23/90 | train loss=0.0026 top1=1.000 | val loss=0.0031 | t=0.1s
[finetune_replay] ep  24/90 | train loss=0.0020 top1=1.000 | val loss=0.0034 | t=0.1s
[finetune_replay] ep  25/90 | train loss=0.0023 top1=1.000 | val loss=0.0031 | t=0.1s
[finetune_replay] ep  26/90 | train loss=0.0023 top1=1.000 | val loss=0.0030 | t=0.1s
[finetune_replay] ep  27/90 | train loss=0.0022 top1=1.000 | val loss=0.0031 | t=0.1s
[finetune_replay] ep  28/90 | train loss=0.0018 top1=1.000 | val loss=0.0035 | t=0.1s
[finetune_replay] ep  29/90 | train loss=0.0016 top1=1.000 | val loss=0.0038 | t=0.1s
[finetune_replay] ep  30/90 | train loss=0.0018 top1=1.000 | val loss=0.0038 | t=0.1s
[finetune_replay] ep  31/90 | train loss=0.0016 top1=1.000 | val loss=0.0039 | t=0.1s
[finetune_replay] ep  32/90 | train loss=0.0019 top1=1.000 | val loss=0.0035 | t=0.1s
[finetune_replay] ep  33/90 | train loss=0.0018 top1=1.000 | val loss=0.0035 | t=0.1s
[finetune_replay] ep  34/90 | train loss=0.0014 top1=1.000 | val loss=0.0034 | t=0.1s
[finetune_replay] ep  35/90 | train loss=0.0015 top1=1.000 | val loss=0.0035 | t=0.1s
[finetune_replay] ep  36/90 | train loss=0.0019 top1=1.000 | val loss=0.0033 | t=0.1s
[finetune_replay] ep  37/90 | train loss=0.0015 top1=1.000 | val loss=0.0030 | t=0.1s
[finetune_replay] ep  38/90 | train loss=0.0014 top1=1.000 | val loss=0.0028 | t=0.1s
[finetune_replay] ep  39/90 | train loss=0.0015 top1=1.000 | val loss=0.0028 | t=0.1s
[finetune_replay] ep  40/90 | train loss=0.0015 top1=1.000 | val loss=0.0029 | t=0.1s
[finetune_replay] ep  41/90 | train loss=0.0013 top1=1.000 | val loss=0.0030 | t=0.1s
[finetune_replay] ep  42/90 | train loss=0.0014 top1=1.000 | val loss=0.0033 | t=0.1s
[finetune_replay] ep  43/90 | train loss=0.0015 top1=1.000 | val loss=0.0034 | t=0.1s
[finetune_replay] ep  44/90 | train loss=0.0021 top1=1.000 | val loss=0.0035 | t=0.1s
[finetune_replay] ep  45/90 | train loss=0.0014 top1=1.000 | val loss=0.0033 | t=0.1s
[finetune_replay] ep  46/90 | train loss=0.0014 top1=1.000 | val loss=0.0032 | t=0.1s
[finetune_replay] ep  47/90 | train loss=0.0018 top1=1.000 | val loss=0.0031 | t=0.1s
[finetune_replay] ep  48/90 | train loss=0.0013 top1=1.000 | val loss=0.0031 | t=0.1s
[finetune_replay] ep  49/90 | train loss=0.0017 top1=1.000 | val loss=0.0029 | t=0.1s
[finetune_replay] ep  50/90 | train loss=0.0015 top1=1.000 | val loss=0.0029 | t=0.1s
[finetune_replay] ep  51/90 | train loss=0.0016 top1=1.000 | val loss=0.0030 | t=0.1s
[finetune_replay] ep  52/90 | train loss=0.0014 top1=1.000 | val loss=0.0031 | t=0.1s
[finetune_replay] ep  53/90 | train loss=0.0013 top1=1.000 | val loss=0.0033 | t=0.1s
[finetune_replay] ep  54/90 | train loss=0.0012 top1=1.000 | val loss=0.0035 | t=0.1s
[finetune_replay] ep  55/90 | train loss=0.0015 top1=1.000 | val loss=0.0036 | t=0.1s
[finetune_replay] ep  56/90 | train loss=0.0013 top1=1.000 | val loss=0.0035 | t=0.1s
[finetune_replay] ep  57/90 | train loss=0.0013 top1=1.000 | val loss=0.0035 | t=0.1s
[finetune_replay] ep  58/90 | train loss=0.0011 top1=1.000 | val loss=0.0034 | t=0.1s
[finetune_replay] ep  59/90 | train loss=0.0012 top1=1.000 | val loss=0.0034 | t=0.1s
[finetune_replay] ep  60/90 | train loss=0.0012 top1=1.000 | val loss=0.0033 | t=0.1s
[finetune_replay] ep  61/90 | train loss=0.0011 top1=1.000 | val loss=0.0034 | t=0.1s
[finetune_replay] ep  62/90 | train loss=0.0016 top1=1.000 | val loss=0.0034 | t=0.1s
[finetune_replay] ep  63/90 | train loss=0.0012 top1=1.000 | val loss=0.0034 | t=0.1s
[finetune_replay] ep  64/90 | train loss=0.0015 top1=1.000 | val loss=0.0033 | t=0.1s
[finetune_replay] ep  65/90 | train loss=0.0012 top1=1.000 | val loss=0.0033 | t=0.1s
[finetune_replay] ep  66/90 | train loss=0.0016 top1=1.000 | val loss=0.0032 | t=0.1s
[finetune_replay] ep  67/90 | train loss=0.0013 top1=1.000 | val loss=0.0032 | t=0.1s
[finetune_replay] ep  68/90 | train loss=0.0010 top1=1.000 | val loss=0.0033 | t=0.1s
[finetune_replay] ep  69/90 | train loss=0.0013 top1=1.000 | val loss=0.0032 | t=0.1s
[finetune_replay] ep  70/90 | train loss=0.0015 top1=1.000 | val loss=0.0030 | t=0.1s
[finetune_replay] ep  71/90 | train loss=0.0013 top1=1.000 | val loss=0.0030 | t=0.1s
[finetune_replay] ep  72/90 | train loss=0.0014 top1=1.000 | val loss=0.0029 | t=0.1s
[finetune_replay] ep  73/90 | train loss=0.0013 top1=1.000 | val loss=0.0030 | t=0.1s
[finetune_replay] ep  74/90 | train loss=0.0012 top1=1.000 | val loss=0.0029 | t=0.1s
[finetune_replay] ep  75/90 | train loss=0.0010 top1=1.000 | val loss=0.0029 | t=0.1s
[finetune_replay] ep  76/90 | train loss=0.0012 top1=1.000 | val loss=0.0030 | t=0.1s
[finetune_replay] ep  77/90 | train loss=0.0011 top1=1.000 | val loss=0.0030 | t=0.1s
[finetune_replay] ep  78/90 | train loss=0.0011 top1=1.000 | val loss=0.0031 | t=0.1s
[finetune_replay] ep  79/90 | train loss=0.0014 top1=1.000 | val loss=0.0031 | t=0.1s
[finetune_replay] ep  80/90 | train loss=0.0011 top1=1.000 | val loss=0.0031 | t=0.1s
[finetune_replay] ep  81/90 | train loss=0.0012 top1=1.000 | val loss=0.0031 | t=0.1s
[finetune_replay] ep  82/90 | train loss=0.0012 top1=1.000 | val loss=0.0031 | t=0.1s
[finetune_replay] ep  83/90 | train loss=0.0011 top1=1.000 | val loss=0.0031 | t=0.1s
[finetune_replay] ep  84/90 | train loss=0.0014 top1=1.000 | val loss=0.0031 | t=0.1s
[finetune_replay] ep  85/90 | train loss=0.0013 top1=1.000 | val loss=0.0030 | t=0.1s
[finetune_replay] ep  86/90 | train loss=0.0012 top1=1.000 | val loss=0.0031 | t=0.1s
[finetune_replay] ep  87/90 | train loss=0.0012 top1=1.000 | val loss=0.0031 | t=0.1s
[finetune_replay] ep  88/90 | train loss=0.0011 top1=1.000 | val loss=0.0031 | t=0.1s
[finetune_replay] ep  89/90 | train loss=0.0012 top1=1.000 | val loss=0.0030 | t=0.1s
[finetune_replay] ep  90/90 | train loss=0.0013 top1=1.000 | val loss=0.0030 | t=0.1s
[finetune_replay] DONE best_val_loss=0.0025 @ epoch 19
[14:50:57] [uncertainty] member 2: $ /home/s226137394/.conda/envs/maze/bin/python3 -u -m Equivariant_pathway.equivariant_CNN_hybrid.baseline_vs_p4.pool_x_selector.trainer.finetune_replay --demo_dir /weka/s226137394/DmNfull/Equivariant_pathway/equivariant_CNN_hybrid/baseline_vs_p4/pool_x_selector/results/run_9/thrifty_dagger/demos --checkpoint_dir /weka/s226137394/DmNfull/Equivariant_pathway/equivariant_CNN_hybrid/baseline_vs_p4/pool_x_selector/results/run_9/thrifty_dagger/checkpoints/member_2 --epochs 90 --batch_size 64 --lr 5e-05 --weight_decay 0.0001 --replay_mix 0.5 --replay_mix_floor 0.2 --seed 211 --resume --new_demos_dir /weka/s226137394/DmNfull/Equivariant_pathway/equivariant_CNN_hybrid/baseline_vs_p4/pool_x_selector/results/run_9/thrifty_dagger/demos/round_003
[finetune_replay] device=cuda demo_dir=/weka/s226137394/DmNfull/Equivariant_pathway/equivariant_CNN_hybrid/baseline_vs_p4/pool_x_selector/results/run_9/thrifty_dagger/demos new_demos_dir=/weka/s226137394/DmNfull/Equivariant_pathway/equivariant_CNN_hybrid/baseline_vs_p4/pool_x_selector/results/run_9/thrifty_dagger/demos/round_003
[hybrid-dataset] 22 demos -> 112 samples
[hybrid-dataset] 1 demos -> 4 samples
[finetune_replay] sampler audit: {'n_old_samples': 112, 'n_new_samples': 4, 'replay_mix_target': 0.5, 'replay_mix_effective': 0.5, 'replay_mix_floor': 0.2}
[finetune_replay] trainable params: 1,400,028
[finetune_replay] WARM START from last_hybrid_policy.pth
[finetune_replay] ep   1/90 | train loss=0.1637 top1=1.000 | val loss=0.0111 | t=1.1s  *
[finetune_replay] ep   2/90 | train loss=0.1132 top1=1.000 | val loss=0.0236 | t=0.3s
[finetune_replay] ep   3/90 | train loss=0.0451 top1=1.000 | val loss=0.0361 | t=0.1s
[finetune_replay] ep   4/90 | train loss=0.0261 top1=1.000 | val loss=0.0599 | t=0.1s
[finetune_replay] ep   5/90 | train loss=0.0180 top1=1.000 | val loss=0.0384 | t=0.1s
[finetune_replay] ep   6/90 | train loss=0.0150 top1=1.000 | val loss=0.0186 | t=0.1s
[finetune_replay] ep   7/90 | train loss=0.0101 top1=1.000 | val loss=0.0124 | t=0.1s
[finetune_replay] ep   8/90 | train loss=0.0065 top1=1.000 | val loss=0.0143 | t=0.1s
[finetune_replay] ep   9/90 | train loss=0.0063 top1=1.000 | val loss=0.0263 | t=0.1s
[finetune_replay] ep  10/90 | train loss=0.0058 top1=1.000 | val loss=0.0422 | t=0.1s
[finetune_replay] ep  11/90 | train loss=0.0055 top1=1.000 | val loss=0.0415 | t=0.1s
[finetune_replay] ep  12/90 | train loss=0.0034 top1=1.000 | val loss=0.0295 | t=0.2s
[finetune_replay] ep  13/90 | train loss=0.0029 top1=1.000 | val loss=0.0244 | t=0.2s
[finetune_replay] ep  14/90 | train loss=0.0042 top1=1.000 | val loss=0.0266 | t=0.1s
[finetune_replay] ep  15/90 | train loss=0.0025 top1=1.000 | val loss=0.0304 | t=0.1s
[finetune_replay] ep  16/90 | train loss=0.0037 top1=1.000 | val loss=0.0361 | t=0.1s
[finetune_replay] ep  17/90 | train loss=0.0025 top1=1.000 | val loss=0.0367 | t=0.1s
[finetune_replay] ep  18/90 | train loss=0.0020 top1=1.000 | val loss=0.0364 | t=0.1s
[finetune_replay] ep  19/90 | train loss=0.0022 top1=1.000 | val loss=0.0363 | t=0.2s
[finetune_replay] ep  20/90 | train loss=0.0029 top1=1.000 | val loss=0.0357 | t=0.1s
[finetune_replay] ep  21/90 | train loss=0.0016 top1=1.000 | val loss=0.0367 | t=0.1s
[finetune_replay] ep  22/90 | train loss=0.0021 top1=1.000 | val loss=0.0337 | t=0.1s
[finetune_replay] ep  23/90 | train loss=0.0021 top1=1.000 | val loss=0.0333 | t=0.1s
[finetune_replay] ep  24/90 | train loss=0.0020 top1=1.000 | val loss=0.0300 | t=0.1s
[finetune_replay] ep  25/90 | train loss=0.0022 top1=1.000 | val loss=0.0279 | t=0.1s
[finetune_replay] ep  26/90 | train loss=0.0022 top1=1.000 | val loss=0.0279 | t=0.1s
[finetune_replay] ep  27/90 | train loss=0.0017 top1=1.000 | val loss=0.0361 | t=0.1s
[finetune_replay] ep  28/90 | train loss=0.0016 top1=1.000 | val loss=0.0360 | t=0.1s
[finetune_replay] ep  29/90 | train loss=0.0015 top1=1.000 | val loss=0.0364 | t=0.1s
[finetune_replay] ep  30/90 | train loss=0.0019 top1=1.000 | val loss=0.0334 | t=0.1s
[finetune_replay] ep  31/90 | train loss=0.0016 top1=1.000 | val loss=0.0329 | t=0.1s
[finetune_replay] ep  32/90 | train loss=0.0012 top1=1.000 | val loss=0.0348 | t=0.1s
[finetune_replay] ep  33/90 | train loss=0.0015 top1=1.000 | val loss=0.0370 | t=0.1s
[finetune_replay] ep  34/90 | train loss=0.0015 top1=1.000 | val loss=0.0400 | t=0.1s
[finetune_replay] ep  35/90 | train loss=0.0016 top1=1.000 | val loss=0.0390 | t=0.1s
[finetune_replay] ep  36/90 | train loss=0.0011 top1=1.000 | val loss=0.0373 | t=0.1s
[finetune_replay] ep  37/90 | train loss=0.0015 top1=1.000 | val loss=0.0342 | t=0.1s
[finetune_replay] ep  38/90 | train loss=0.0010 top1=1.000 | val loss=0.0325 | t=0.1s
[finetune_replay] ep  39/90 | train loss=0.0013 top1=1.000 | val loss=0.0343 | t=0.1s
[finetune_replay] ep  40/90 | train loss=0.0013 top1=1.000 | val loss=0.0390 | t=0.1s
[finetune_replay] ep  41/90 | train loss=0.0013 top1=1.000 | val loss=0.0411 | t=0.1s
[finetune_replay] ep  42/90 | train loss=0.0015 top1=1.000 | val loss=0.0364 | t=0.1s
[finetune_replay] ep  43/90 | train loss=0.0012 top1=1.000 | val loss=0.0303 | t=0.1s
[finetune_replay] ep  44/90 | train loss=0.0014 top1=1.000 | val loss=0.0290 | t=0.1s
[finetune_replay] ep  45/90 | train loss=0.0013 top1=1.000 | val loss=0.0308 | t=0.1s
[finetune_replay] ep  46/90 | train loss=0.0012 top1=1.000 | val loss=0.0355 | t=0.1s
[finetune_replay] ep  47/90 | train loss=0.0010 top1=1.000 | val loss=0.0368 | t=0.1s
[finetune_replay] ep  48/90 | train loss=0.0014 top1=1.000 | val loss=0.0371 | t=0.1s
[finetune_replay] ep  49/90 | train loss=0.0010 top1=1.000 | val loss=0.0383 | t=0.1s
[finetune_replay] ep  50/90 | train loss=0.0011 top1=1.000 | val loss=0.0366 | t=0.1s
[finetune_replay] ep  51/90 | train loss=0.0011 top1=1.000 | val loss=0.0365 | t=0.1s
[finetune_replay] ep  52/90 | train loss=0.0010 top1=1.000 | val loss=0.0363 | t=0.1s
[finetune_replay] ep  53/90 | train loss=0.0010 top1=1.000 | val loss=0.0356 | t=0.1s
[finetune_replay] ep  54/90 | train loss=0.0010 top1=1.000 | val loss=0.0350 | t=0.1s
[finetune_replay] ep  55/90 | train loss=0.0010 top1=1.000 | val loss=0.0350 | t=0.1s
[finetune_replay] ep  56/90 | train loss=0.0009 top1=1.000 | val loss=0.0345 | t=0.1s
[finetune_replay] ep  57/90 | train loss=0.0010 top1=1.000 | val loss=0.0352 | t=0.1s
[finetune_replay] ep  58/90 | train loss=0.0010 top1=1.000 | val loss=0.0343 | t=0.1s
[finetune_replay] ep  59/90 | train loss=0.0011 top1=1.000 | val loss=0.0351 | t=0.1s
[finetune_replay] ep  60/90 | train loss=0.0010 top1=1.000 | val loss=0.0347 | t=0.1s
[finetune_replay] ep  61/90 | train loss=0.0011 top1=1.000 | val loss=0.0349 | t=0.1s
[finetune_replay] ep  62/90 | train loss=0.0009 top1=1.000 | val loss=0.0351 | t=0.1s
[finetune_replay] ep  63/90 | train loss=0.0010 top1=1.000 | val loss=0.0379 | t=0.1s
[finetune_replay] ep  64/90 | train loss=0.0008 top1=1.000 | val loss=0.0396 | t=0.1s
[finetune_replay] ep  65/90 | train loss=0.0011 top1=1.000 | val loss=0.0399 | t=0.1s
[finetune_replay] ep  66/90 | train loss=0.0010 top1=1.000 | val loss=0.0390 | t=0.1s
[finetune_replay] ep  67/90 | train loss=0.0010 top1=1.000 | val loss=0.0380 | t=0.1s
[finetune_replay] ep  68/90 | train loss=0.0010 top1=1.000 | val loss=0.0368 | t=0.1s
[finetune_replay] ep  69/90 | train loss=0.0009 top1=1.000 | val loss=0.0365 | t=0.1s
[finetune_replay] ep  70/90 | train loss=0.0009 top1=1.000 | val loss=0.0361 | t=0.1s
[finetune_replay] ep  71/90 | train loss=0.0010 top1=1.000 | val loss=0.0351 | t=0.1s
[finetune_replay] ep  72/90 | train loss=0.0012 top1=1.000 | val loss=0.0342 | t=0.1s
[finetune_replay] ep  73/90 | train loss=0.0010 top1=1.000 | val loss=0.0333 | t=0.1s
[finetune_replay] ep  74/90 | train loss=0.0009 top1=1.000 | val loss=0.0344 | t=0.1s
[finetune_replay] ep  75/90 | train loss=0.0010 top1=1.000 | val loss=0.0333 | t=0.1s
[finetune_replay] ep  76/90 | train loss=0.0012 top1=1.000 | val loss=0.0328 | t=0.1s
[finetune_replay] ep  77/90 | train loss=0.0009 top1=1.000 | val loss=0.0343 | t=0.1s
[finetune_replay] ep  78/90 | train loss=0.0011 top1=1.000 | val loss=0.0342 | t=0.1s
[finetune_replay] ep  79/90 | train loss=0.0012 top1=1.000 | val loss=0.0338 | t=0.1s
[finetune_replay] ep  80/90 | train loss=0.0009 top1=1.000 | val loss=0.0333 | t=0.1s
[finetune_replay] ep  81/90 | train loss=0.0011 top1=1.000 | val loss=0.0346 | t=0.1s
[finetune_replay] ep  82/90 | train loss=0.0009 top1=1.000 | val loss=0.0340 | t=0.1s
[finetune_replay] ep  83/90 | train loss=0.0010 top1=1.000 | val loss=0.0341 | t=0.1s
[finetune_replay] ep  84/90 | train loss=0.0010 top1=1.000 | val loss=0.0339 | t=0.1s
[finetune_replay] ep  85/90 | train loss=0.0009 top1=1.000 | val loss=0.0351 | t=0.1s
[finetune_replay] ep  86/90 | train loss=0.0009 top1=1.000 | val loss=0.0356 | t=0.1s
[finetune_replay] ep  87/90 | train loss=0.0010 top1=1.000 | val loss=0.0344 | t=0.1s
[finetune_replay] ep  88/90 | train loss=0.0010 top1=1.000 | val loss=0.0335 | t=0.1s
[finetune_replay] ep  89/90 | train loss=0.0009 top1=1.000 | val loss=0.0347 | t=0.1s
[finetune_replay] ep  90/90 | train loss=0.0009 top1=1.000 | val loss=0.0352 | t=0.1s
[finetune_replay] DONE best_val_loss=0.0111 @ epoch 1
[14:51:23] [uncertainty] member 3: $ /home/s226137394/.conda/envs/maze/bin/python3 -u -m Equivariant_pathway.equivariant_CNN_hybrid.baseline_vs_p4.pool_x_selector.trainer.finetune_replay --demo_dir /weka/s226137394/DmNfull/Equivariant_pathway/equivariant_CNN_hybrid/baseline_vs_p4/pool_x_selector/results/run_9/thrifty_dagger/demos --checkpoint_dir /weka/s226137394/DmNfull/Equivariant_pathway/equivariant_CNN_hybrid/baseline_vs_p4/pool_x_selector/results/run_9/thrifty_dagger/checkpoints/member_3 --epochs 90 --batch_size 64 --lr 5e-05 --weight_decay 0.0001 --replay_mix 0.5 --replay_mix_floor 0.2 --seed 312 --resume --new_demos_dir /weka/s226137394/DmNfull/Equivariant_pathway/equivariant_CNN_hybrid/baseline_vs_p4/pool_x_selector/results/run_9/thrifty_dagger/demos/round_003
[finetune_replay] device=cuda demo_dir=/weka/s226137394/DmNfull/Equivariant_pathway/equivariant_CNN_hybrid/baseline_vs_p4/pool_x_selector/results/run_9/thrifty_dagger/demos new_demos_dir=/weka/s226137394/DmNfull/Equivariant_pathway/equivariant_CNN_hybrid/baseline_vs_p4/pool_x_selector/results/run_9/thrifty_dagger/demos/round_003
[hybrid-dataset] 22 demos -> 112 samples
[hybrid-dataset] 1 demos -> 4 samples
[finetune_replay] sampler audit: {'n_old_samples': 112, 'n_new_samples': 4, 'replay_mix_target': 0.5, 'replay_mix_effective': 0.5, 'replay_mix_floor': 0.2}
[finetune_replay] trainable params: 1,400,028
[finetune_replay] WARM START from last_hybrid_policy.pth
[finetune_replay] ep   1/90 | train loss=0.1619 top1=1.000 | val loss=0.0358 | t=1.0s  *
[finetune_replay] ep   2/90 | train loss=0.1020 top1=1.000 | val loss=0.0560 | t=0.2s
[finetune_replay] ep   3/90 | train loss=0.0868 top1=0.990 | val loss=0.0106 | t=0.1s  *
[finetune_replay] ep   4/90 | train loss=0.0562 top1=1.000 | val loss=0.0042 | t=0.2s  *
[finetune_replay] ep   5/90 | train loss=0.0303 top1=1.000 | val loss=0.0035 | t=0.1s  *
[finetune_replay] ep   6/90 | train loss=0.0144 top1=1.000 | val loss=0.0020 | t=0.1s  *
[finetune_replay] ep   7/90 | train loss=0.0173 top1=1.000 | val loss=0.0022 | t=0.1s
[finetune_replay] ep   8/90 | train loss=0.0101 top1=1.000 | val loss=0.0058 | t=0.1s
[finetune_replay] ep   9/90 | train loss=0.0145 top1=1.000 | val loss=0.0100 | t=0.1s
[finetune_replay] ep  10/90 | train loss=0.0172 top1=1.000 | val loss=0.0069 | t=0.1s
[finetune_replay] ep  11/90 | train loss=0.0068 top1=1.000 | val loss=0.0055 | t=0.1s
[finetune_replay] ep  12/90 | train loss=0.0054 top1=1.000 | val loss=0.0038 | t=0.2s
[finetune_replay] ep  13/90 | train loss=0.0053 top1=1.000 | val loss=0.0033 | t=0.2s
[finetune_replay] ep  14/90 | train loss=0.0044 top1=1.000 | val loss=0.0031 | t=0.1s
[finetune_replay] ep  15/90 | train loss=0.0036 top1=1.000 | val loss=0.0030 | t=0.1s
[finetune_replay] ep  16/90 | train loss=0.0026 top1=1.000 | val loss=0.0031 | t=0.1s
[finetune_replay] ep  17/90 | train loss=0.0102 top1=1.000 | val loss=0.0070 | t=0.1s
[finetune_replay] ep  18/90 | train loss=0.0049 top1=1.000 | val loss=0.0080 | t=0.1s
[finetune_replay] ep  19/90 | train loss=0.0070 top1=1.000 | val loss=0.0055 | t=0.1s
[finetune_replay] ep  20/90 | train loss=0.0052 top1=1.000 | val loss=0.0046 | t=0.1s
[finetune_replay] ep  21/90 | train loss=0.0045 top1=1.000 | val loss=0.0042 | t=0.1s
[finetune_replay] ep  22/90 | train loss=0.0032 top1=1.000 | val loss=0.0033 | t=0.1s
[finetune_replay] ep  23/90 | train loss=0.0029 top1=1.000 | val loss=0.0035 | t=0.1s
[finetune_replay] ep  24/90 | train loss=0.0035 top1=1.000 | val loss=0.0039 | t=0.1s
[finetune_replay] ep  25/90 | train loss=0.0025 top1=1.000 | val loss=0.0043 | t=0.1s
[finetune_replay] ep  26/90 | train loss=0.0031 top1=1.000 | val loss=0.0046 | t=0.1s
[finetune_replay] ep  27/90 | train loss=0.0026 top1=1.000 | val loss=0.0058 | t=0.1s
[finetune_replay] ep  28/90 | train loss=0.0021 top1=1.000 | val loss=0.0063 | t=0.2s
[finetune_replay] ep  29/90 | train loss=0.0018 top1=1.000 | val loss=0.0059 | t=0.1s
[finetune_replay] ep  30/90 | train loss=0.0022 top1=1.000 | val loss=0.0048 | t=0.1s
[finetune_replay] ep  31/90 | train loss=0.0025 top1=1.000 | val loss=0.0039 | t=0.1s
[finetune_replay] ep  32/90 | train loss=0.0016 top1=1.000 | val loss=0.0034 | t=0.1s
[finetune_replay] ep  33/90 | train loss=0.0026 top1=1.000 | val loss=0.0034 | t=0.1s
[finetune_replay] ep  34/90 | train loss=0.0019 top1=1.000 | val loss=0.0035 | t=0.1s
[finetune_replay] ep  35/90 | train loss=0.0023 top1=1.000 | val loss=0.0038 | t=0.1s
[finetune_replay] ep  36/90 | train loss=0.0015 top1=1.000 | val loss=0.0043 | t=0.2s
[finetune_replay] ep  37/90 | train loss=0.0016 top1=1.000 | val loss=0.0042 | t=0.1s
[finetune_replay] ep  38/90 | train loss=0.0016 top1=1.000 | val loss=0.0042 | t=0.2s
[finetune_replay] ep  39/90 | train loss=0.0020 top1=1.000 | val loss=0.0043 | t=0.2s
[finetune_replay] ep  40/90 | train loss=0.0016 top1=1.000 | val loss=0.0042 | t=0.1s
[finetune_replay] ep  41/90 | train loss=0.0019 top1=1.000 | val loss=0.0036 | t=0.1s
[finetune_replay] ep  42/90 | train loss=0.0015 top1=1.000 | val loss=0.0034 | t=0.2s
[finetune_replay] ep  43/90 | train loss=0.0017 top1=1.000 | val loss=0.0033 | t=0.2s
[finetune_replay] ep  44/90 | train loss=0.0019 top1=1.000 | val loss=0.0033 | t=0.1s
[finetune_replay] ep  45/90 | train loss=0.0022 top1=1.000 | val loss=0.0035 | t=0.1s
[finetune_replay] ep  46/90 | train loss=0.0017 top1=1.000 | val loss=0.0037 | t=0.1s
[finetune_replay] ep  47/90 | train loss=0.0021 top1=1.000 | val loss=0.0038 | t=0.1s
[finetune_replay] ep  48/90 | train loss=0.0017 top1=1.000 | val loss=0.0043 | t=0.1s
[finetune_replay] ep  49/90 | train loss=0.0015 top1=1.000 | val loss=0.0048 | t=0.1s
[finetune_replay] ep  50/90 | train loss=0.0018 top1=1.000 | val loss=0.0048 | t=0.1s
[finetune_replay] ep  51/90 | train loss=0.0013 top1=1.000 | val loss=0.0048 | t=0.1s
[finetune_replay] ep  52/90 | train loss=0.0013 top1=1.000 | val loss=0.0048 | t=0.1s
[finetune_replay] ep  53/90 | train loss=0.0016 top1=1.000 | val loss=0.0047 | t=0.1s
[finetune_replay] ep  54/90 | train loss=0.0015 top1=1.000 | val loss=0.0045 | t=0.1s
[finetune_replay] ep  55/90 | train loss=0.0014 top1=1.000 | val loss=0.0042 | t=0.1s
[finetune_replay] ep  56/90 | train loss=0.0014 top1=1.000 | val loss=0.0042 | t=0.1s
[finetune_replay] ep  57/90 | train loss=0.0015 top1=1.000 | val loss=0.0040 | t=0.1s
[finetune_replay] ep  58/90 | train loss=0.0012 top1=1.000 | val loss=0.0041 | t=0.1s
[finetune_replay] ep  59/90 | train loss=0.0013 top1=1.000 | val loss=0.0041 | t=0.1s
[finetune_replay] ep  60/90 | train loss=0.0014 top1=1.000 | val loss=0.0041 | t=0.1s
[finetune_replay] ep  61/90 | train loss=0.0016 top1=1.000 | val loss=0.0041 | t=0.1s
[finetune_replay] ep  62/90 | train loss=0.0013 top1=1.000 | val loss=0.0041 | t=0.1s
[finetune_replay] ep  63/90 | train loss=0.0013 top1=1.000 | val loss=0.0041 | t=0.1s
[finetune_replay] ep  64/90 | train loss=0.0013 top1=1.000 | val loss=0.0042 | t=0.1s
[finetune_replay] ep  65/90 | train loss=0.0013 top1=1.000 | val loss=0.0041 | t=0.1s
[finetune_replay] ep  66/90 | train loss=0.0012 top1=1.000 | val loss=0.0041 | t=0.1s
[finetune_replay] ep  67/90 | train loss=0.0014 top1=1.000 | val loss=0.0038 | t=0.1s
[finetune_replay] ep  68/90 | train loss=0.0014 top1=1.000 | val loss=0.0037 | t=0.1s
[finetune_replay] ep  69/90 | train loss=0.0012 top1=1.000 | val loss=0.0036 | t=0.1s
[finetune_replay] ep  70/90 | train loss=0.0014 top1=1.000 | val loss=0.0035 | t=0.1s
[finetune_replay] ep  71/90 | train loss=0.0015 top1=1.000 | val loss=0.0035 | t=0.1s
[finetune_replay] ep  72/90 | train loss=0.0014 top1=1.000 | val loss=0.0034 | t=0.1s
[finetune_replay] ep  73/90 | train loss=0.0013 top1=1.000 | val loss=0.0035 | t=0.1s
[finetune_replay] ep  74/90 | train loss=0.0013 top1=1.000 | val loss=0.0036 | t=0.1s
[finetune_replay] ep  75/90 | train loss=0.0013 top1=1.000 | val loss=0.0037 | t=0.1s
[finetune_replay] ep  76/90 | train loss=0.0014 top1=1.000 | val loss=0.0037 | t=0.1s
[finetune_replay] ep  77/90 | train loss=0.0010 top1=1.000 | val loss=0.0037 | t=0.1s
[finetune_replay] ep  78/90 | train loss=0.0017 top1=1.000 | val loss=0.0036 | t=0.1s
[finetune_replay] ep  79/90 | train loss=0.0011 top1=1.000 | val loss=0.0037 | t=0.1s
[finetune_replay] ep  80/90 | train loss=0.0014 top1=1.000 | val loss=0.0039 | t=0.1s
[finetune_replay] ep  81/90 | train loss=0.0010 top1=1.000 | val loss=0.0039 | t=0.1s
[finetune_replay] ep  82/90 | train loss=0.0013 top1=1.000 | val loss=0.0039 | t=0.1s
[finetune_replay] ep  83/90 | train loss=0.0013 top1=1.000 | val loss=0.0039 | t=0.1s
[finetune_replay] ep  84/90 | train loss=0.0011 top1=1.000 | val loss=0.0038 | t=0.1s
[finetune_replay] ep  85/90 | train loss=0.0013 top1=1.000 | val loss=0.0038 | t=0.1s
[finetune_replay] ep  86/90 | train loss=0.0011 top1=1.000 | val loss=0.0037 | t=0.1s
[finetune_replay] ep  87/90 | train loss=0.0013 top1=1.000 | val loss=0.0038 | t=0.1s
[finetune_replay] ep  88/90 | train loss=0.0013 top1=1.000 | val loss=0.0037 | t=0.1s
[finetune_replay] ep  89/90 | train loss=0.0011 top1=1.000 | val loss=0.0037 | t=0.1s
[finetune_replay] ep  90/90 | train loss=0.0016 top1=1.000 | val loss=0.0037 | t=0.1s
[finetune_replay] DONE best_val_loss=0.0020 @ epoch 6
[14:51:51] [uncertainty] member 4: $ /home/s226137394/.conda/envs/maze/bin/python3 -u -m Equivariant_pathway.equivariant_CNN_hybrid.baseline_vs_p4.pool_x_selector.trainer.finetune_replay --demo_dir /weka/s226137394/DmNfull/Equivariant_pathway/equivariant_CNN_hybrid/baseline_vs_p4/pool_x_selector/results/run_9/thrifty_dagger/demos --checkpoint_dir /weka/s226137394/DmNfull/Equivariant_pathway/equivariant_CNN_hybrid/baseline_vs_p4/pool_x_selector/results/run_9/thrifty_dagger/checkpoints/member_4 --epochs 90 --batch_size 64 --lr 5e-05 --weight_decay 0.0001 --replay_mix 0.5 --replay_mix_floor 0.2 --seed 413 --resume --new_demos_dir /weka/s226137394/DmNfull/Equivariant_pathway/equivariant_CNN_hybrid/baseline_vs_p4/pool_x_selector/results/run_9/thrifty_dagger/demos/round_003
[finetune_replay] device=cuda demo_dir=/weka/s226137394/DmNfull/Equivariant_pathway/equivariant_CNN_hybrid/baseline_vs_p4/pool_x_selector/results/run_9/thrifty_dagger/demos new_demos_dir=/weka/s226137394/DmNfull/Equivariant_pathway/equivariant_CNN_hybrid/baseline_vs_p4/pool_x_selector/results/run_9/thrifty_dagger/demos/round_003
[hybrid-dataset] 22 demos -> 112 samples
[hybrid-dataset] 1 demos -> 4 samples
[finetune_replay] sampler audit: {'n_old_samples': 112, 'n_new_samples': 4, 'replay_mix_target': 0.5, 'replay_mix_effective': 0.5, 'replay_mix_floor': 0.2}
[finetune_replay] trainable params: 1,400,028
[finetune_replay] WARM START from last_hybrid_policy.pth
[finetune_replay] ep   1/90 | train loss=0.1980 top1=0.914 | val loss=0.0327 | t=0.8s  *
[finetune_replay] ep   2/90 | train loss=0.1280 top1=1.000 | val loss=0.0042 | t=0.2s  *
[finetune_replay] ep   3/90 | train loss=0.0791 top1=1.000 | val loss=0.0020 | t=0.2s  *
[finetune_replay] ep   4/90 | train loss=0.0593 top1=1.000 | val loss=0.0046 | t=0.1s
[finetune_replay] ep   5/90 | train loss=0.0410 top1=1.000 | val loss=0.0062 | t=0.2s
[finetune_replay] ep   6/90 | train loss=0.0167 top1=1.000 | val loss=0.0051 | t=0.1s
[finetune_replay] ep   7/90 | train loss=0.0143 top1=1.000 | val loss=0.0052 | t=0.2s
[finetune_replay] ep   8/90 | train loss=0.0123 top1=1.000 | val loss=0.0055 | t=0.1s
[finetune_replay] ep   9/90 | train loss=0.0075 top1=1.000 | val loss=0.0062 | t=0.1s
[finetune_replay] ep  10/90 | train loss=0.0109 top1=1.000 | val loss=0.0062 | t=0.1s
[finetune_replay] ep  11/90 | train loss=0.0058 top1=1.000 | val loss=0.0051 | t=0.2s
[finetune_replay] ep  12/90 | train loss=0.0037 top1=1.000 | val loss=0.0052 | t=0.2s
[finetune_replay] ep  13/90 | train loss=0.0100 top1=1.000 | val loss=0.0044 | t=0.1s
[finetune_replay] ep  14/90 | train loss=0.0034 top1=1.000 | val loss=0.0042 | t=0.1s
[finetune_replay] ep  15/90 | train loss=0.0038 top1=1.000 | val loss=0.0052 | t=0.1s
[finetune_replay] ep  16/90 | train loss=0.0040 top1=1.000 | val loss=0.0063 | t=0.1s
[finetune_replay] ep  17/90 | train loss=0.0028 top1=1.000 | val loss=0.0057 | t=0.1s
[finetune_replay] ep  18/90 | train loss=0.0039 top1=1.000 | val loss=0.0044 | t=0.1s
[finetune_replay] ep  19/90 | train loss=0.0032 top1=1.000 | val loss=0.0043 | t=0.1s
[finetune_replay] ep  20/90 | train loss=0.0037 top1=1.000 | val loss=0.0049 | t=0.1s
[finetune_replay] ep  21/90 | train loss=0.0031 top1=1.000 | val loss=0.0053 | t=0.1s
[finetune_replay] ep  22/90 | train loss=0.0019 top1=1.000 | val loss=0.0080 | t=0.1s
[finetune_replay] ep  23/90 | train loss=0.0024 top1=1.000 | val loss=0.0070 | t=0.1s
[finetune_replay] ep  24/90 | train loss=0.0023 top1=1.000 | val loss=0.0048 | t=0.1s
[finetune_replay] ep  25/90 | train loss=0.0027 top1=1.000 | val loss=0.0028 | t=0.1s
[finetune_replay] ep  26/90 | train loss=0.0022 top1=1.000 | val loss=0.0028 | t=0.1s
[finetune_replay] ep  27/90 | train loss=0.0027 top1=1.000 | val loss=0.0032 | t=0.1s
[finetune_replay] ep  28/90 | train loss=0.0023 top1=1.000 | val loss=0.0040 | t=0.1s
[finetune_replay] ep  29/90 | train loss=0.0025 top1=1.000 | val loss=0.0044 | t=0.1s
[finetune_replay] ep  30/90 | train loss=0.0017 top1=1.000 | val loss=0.0045 | t=0.1s
[finetune_replay] ep  31/90 | train loss=0.0017 top1=1.000 | val loss=0.0040 | t=0.1s
[finetune_replay] ep  32/90 | train loss=0.0016 top1=1.000 | val loss=0.0035 | t=0.1s
[finetune_replay] ep  33/90 | train loss=0.0021 top1=1.000 | val loss=0.0037 | t=0.1s
[finetune_replay] ep  34/90 | train loss=0.0015 top1=1.000 | val loss=0.0036 | t=0.1s
[finetune_replay] ep  35/90 | train loss=0.0018 top1=1.000 | val loss=0.0043 | t=0.1s
[finetune_replay] ep  36/90 | train loss=0.0019 top1=1.000 | val loss=0.0050 | t=0.1s
[finetune_replay] ep  37/90 | train loss=0.0014 top1=1.000 | val loss=0.0060 | t=0.1s
[finetune_replay] ep  38/90 | train loss=0.0019 top1=1.000 | val loss=0.0059 | t=0.1s
[finetune_replay] ep  39/90 | train loss=0.0012 top1=1.000 | val loss=0.0057 | t=0.1s
[finetune_replay] ep  40/90 | train loss=0.0014 top1=1.000 | val loss=0.0050 | t=0.1s
[finetune_replay] ep  41/90 | train loss=0.0018 top1=1.000 | val loss=0.0042 | t=0.1s
[finetune_replay] ep  42/90 | train loss=0.0012 top1=1.000 | val loss=0.0038 | t=0.1s
[finetune_replay] ep  43/90 | train loss=0.0015 top1=1.000 | val loss=0.0036 | t=0.1s
[finetune_replay] ep  44/90 | train loss=0.0014 top1=1.000 | val loss=0.0036 | t=0.1s
[finetune_replay] ep  45/90 | train loss=0.0013 top1=1.000 | val loss=0.0040 | t=0.1s
[finetune_replay] ep  46/90 | train loss=0.0013 top1=1.000 | val loss=0.0043 | t=0.1s
[finetune_replay] ep  47/90 | train loss=0.0016 top1=1.000 | val loss=0.0043 | t=0.1s
[finetune_replay] ep  48/90 | train loss=0.0012 top1=1.000 | val loss=0.0040 | t=0.1s
[finetune_replay] ep  49/90 | train loss=0.0016 top1=1.000 | val loss=0.0038 | t=0.1s
[finetune_replay] ep  50/90 | train loss=0.0015 top1=1.000 | val loss=0.0037 | t=0.1s
[finetune_replay] ep  51/90 | train loss=0.0014 top1=1.000 | val loss=0.0038 | t=0.1s
[finetune_replay] ep  52/90 | train loss=0.0015 top1=1.000 | val loss=0.0037 | t=0.1s
[finetune_replay] ep  53/90 | train loss=0.0011 top1=1.000 | val loss=0.0038 | t=0.1s
[finetune_replay] ep  54/90 | train loss=0.0013 top1=1.000 | val loss=0.0043 | t=0.1s
[finetune_replay] ep  55/90 | train loss=0.0011 top1=1.000 | val loss=0.0042 | t=0.1s
[finetune_replay] ep  56/90 | train loss=0.0013 top1=1.000 | val loss=0.0040 | t=0.1s
[finetune_replay] ep  57/90 | train loss=0.0013 top1=1.000 | val loss=0.0039 | t=0.1s
[finetune_replay] ep  58/90 | train loss=0.0011 top1=1.000 | val loss=0.0038 | t=0.1s
[finetune_replay] ep  59/90 | train loss=0.0014 top1=1.000 | val loss=0.0036 | t=0.1s
[finetune_replay] ep  60/90 | train loss=0.0011 top1=1.000 | val loss=0.0035 | t=0.1s
[finetune_replay] ep  61/90 | train loss=0.0011 top1=1.000 | val loss=0.0034 | t=0.1s
[finetune_replay] ep  62/90 | train loss=0.0013 top1=1.000 | val loss=0.0035 | t=0.1s
[finetune_replay] ep  63/90 | train loss=0.0011 top1=1.000 | val loss=0.0034 | t=0.1s
[finetune_replay] ep  64/90 | train loss=0.0013 top1=1.000 | val loss=0.0036 | t=0.1s
[finetune_replay] ep  65/90 | train loss=0.0011 top1=1.000 | val loss=0.0038 | t=0.1s
[finetune_replay] ep  66/90 | train loss=0.0010 top1=1.000 | val loss=0.0039 | t=0.1s
[finetune_replay] ep  67/90 | train loss=0.0013 top1=1.000 | val loss=0.0039 | t=0.1s
[finetune_replay] ep  68/90 | train loss=0.0012 top1=1.000 | val loss=0.0042 | t=0.1s
[finetune_replay] ep  69/90 | train loss=0.0010 top1=1.000 | val loss=0.0043 | t=0.1s
[finetune_replay] ep  70/90 | train loss=0.0013 top1=1.000 | val loss=0.0044 | t=0.1s
[finetune_replay] ep  71/90 | train loss=0.0012 top1=1.000 | val loss=0.0042 | t=0.1s
[finetune_replay] ep  72/90 | train loss=0.0012 top1=1.000 | val loss=0.0041 | t=0.1s
[finetune_replay] ep  73/90 | train loss=0.0010 top1=1.000 | val loss=0.0041 | t=0.1s
[finetune_replay] ep  74/90 | train loss=0.0011 top1=1.000 | val loss=0.0039 | t=0.1s
[finetune_replay] ep  75/90 | train loss=0.0014 top1=1.000 | val loss=0.0040 | t=0.1s
[finetune_replay] ep  76/90 | train loss=0.0010 top1=1.000 | val loss=0.0038 | t=0.1s
[finetune_replay] ep  77/90 | train loss=0.0012 top1=1.000 | val loss=0.0040 | t=0.1s
[finetune_replay] ep  78/90 | train loss=0.0011 top1=1.000 | val loss=0.0039 | t=0.1s
[finetune_replay] ep  79/90 | train loss=0.0010 top1=1.000 | val loss=0.0040 | t=0.1s
[finetune_replay] ep  80/90 | train loss=0.0010 top1=1.000 | val loss=0.0041 | t=0.1s
[finetune_replay] ep  81/90 | train loss=0.0011 top1=1.000 | val loss=0.0040 | t=0.1s
[finetune_replay] ep  82/90 | train loss=0.0012 top1=1.000 | val loss=0.0038 | t=0.1s
[finetune_replay] ep  83/90 | train loss=0.0010 top1=1.000 | val loss=0.0040 | t=0.1s
[finetune_replay] ep  84/90 | train loss=0.0011 top1=1.000 | val loss=0.0041 | t=0.1s
[finetune_replay] ep  85/90 | train loss=0.0011 top1=1.000 | val loss=0.0039 | t=0.1s
[finetune_replay] ep  86/90 | train loss=0.0013 top1=1.000 | val loss=0.0038 | t=0.1s
[finetune_replay] ep  87/90 | train loss=0.0010 top1=1.000 | val loss=0.0040 | t=0.1s
[finetune_replay] ep  88/90 | train loss=0.0010 top1=1.000 | val loss=0.0038 | t=0.1s
[finetune_replay] ep  89/90 | train loss=0.0010 top1=1.000 | val loss=0.0039 | t=0.1s
[finetune_replay] ep  90/90 | train loss=0.0010 top1=1.000 | val loss=0.0039 | t=0.1s
[finetune_replay] DONE best_val_loss=0.0020 @ epoch 3
[14:53:29] [iil-baseline] round 3: heldout_sr=0.750

--------------------------------------------------------------------------------
THRIFTY_DAGGER ROUND 4  (remaining budget = 12)
--------------------------------------------------------------------------------
[14:53:39] [iil-baseline] round 4: pool=20 successes=20 failures=0 correction_sr=1.000
[14:53:39] [iil-baseline] round 4: picked=1 saved=1 cum_extras=4/15
[14:53:39] [uncertainty] member 0: $ /home/s226137394/.conda/envs/maze/bin/python3 -u -m Equivariant_pathway.equivariant_CNN_hybrid.baseline_vs_p4.pool_x_selector.trainer.finetune_replay --demo_dir /weka/s226137394/DmNfull/Equivariant_pathway/equivariant_CNN_hybrid/baseline_vs_p4/pool_x_selector/results/run_9/thrifty_dagger/demos --checkpoint_dir /weka/s226137394/DmNfull/Equivariant_pathway/equivariant_CNN_hybrid/baseline_vs_p4/pool_x_selector/results/run_9/thrifty_dagger/checkpoints/member_0 --epochs 90 --batch_size 64 --lr 5e-05 --weight_decay 0.0001 --replay_mix 0.5 --replay_mix_floor 0.2 --seed 9 --resume --new_demos_dir /weka/s226137394/DmNfull/Equivariant_pathway/equivariant_CNN_hybrid/baseline_vs_p4/pool_x_selector/results/run_9/thrifty_dagger/demos/round_004
[finetune_replay] device=cuda demo_dir=/weka/s226137394/DmNfull/Equivariant_pathway/equivariant_CNN_hybrid/baseline_vs_p4/pool_x_selector/results/run_9/thrifty_dagger/demos new_demos_dir=/weka/s226137394/DmNfull/Equivariant_pathway/equivariant_CNN_hybrid/baseline_vs_p4/pool_x_selector/results/run_9/thrifty_dagger/demos/round_004
[hybrid-dataset] 23 demos -> 116 samples
[hybrid-dataset] 1 demos -> 4 samples
[finetune_replay] sampler audit: {'n_old_samples': 116, 'n_new_samples': 4, 'replay_mix_target': 0.5, 'replay_mix_effective': 0.5, 'replay_mix_floor': 0.2}
[finetune_replay] trainable params: 1,400,028
[finetune_replay] WARM START from last_hybrid_policy.pth
[finetune_replay] ep   1/90 | train loss=0.0280 top1=1.000 | val loss=0.0189 | t=0.9s  *
[finetune_replay] ep   2/90 | train loss=0.0132 top1=1.000 | val loss=0.0072 | t=0.2s  *
[finetune_replay] ep   3/90 | train loss=0.0022 top1=1.000 | val loss=0.0352 | t=0.2s
[finetune_replay] ep   4/90 | train loss=0.0038 top1=1.000 | val loss=0.0310 | t=0.2s
[finetune_replay] ep   5/90 | train loss=0.0026 top1=1.000 | val loss=0.0082 | t=0.1s
[finetune_replay] ep   6/90 | train loss=0.0079 top1=1.000 | val loss=0.0042 | t=0.1s  *
[finetune_replay] ep   7/90 | train loss=0.0016 top1=1.000 | val loss=0.0058 | t=0.2s
[finetune_replay] ep   8/90 | train loss=0.0048 top1=1.000 | val loss=0.0099 | t=0.2s
[finetune_replay] ep   9/90 | train loss=0.0019 top1=1.000 | val loss=0.0085 | t=0.1s
[finetune_replay] ep  10/90 | train loss=0.0019 top1=1.000 | val loss=0.0097 | t=0.1s
[finetune_replay] ep  11/90 | train loss=0.0019 top1=1.000 | val loss=0.0118 | t=0.2s
[finetune_replay] ep  12/90 | train loss=0.0011 top1=1.000 | val loss=0.0131 | t=0.1s
[finetune_replay] ep  13/90 | train loss=0.0018 top1=1.000 | val loss=0.0126 | t=0.1s
[finetune_replay] ep  14/90 | train loss=0.0014 top1=1.000 | val loss=0.0081 | t=0.1s
[finetune_replay] ep  15/90 | train loss=0.0009 top1=1.000 | val loss=0.0065 | t=0.1s
[finetune_replay] ep  16/90 | train loss=0.0010 top1=1.000 | val loss=0.0050 | t=0.1s
[finetune_replay] ep  17/90 | train loss=0.0009 top1=1.000 | val loss=0.0051 | t=0.1s
[finetune_replay] ep  18/90 | train loss=0.0010 top1=1.000 | val loss=0.0055 | t=0.2s
[finetune_replay] ep  19/90 | train loss=0.0005 top1=1.000 | val loss=0.0060 | t=0.1s
[finetune_replay] ep  20/90 | train loss=0.0013 top1=1.000 | val loss=0.0061 | t=0.1s
[finetune_replay] ep  21/90 | train loss=0.0007 top1=1.000 | val loss=0.0060 | t=0.1s
[finetune_replay] ep  22/90 | train loss=0.0008 top1=1.000 | val loss=0.0059 | t=0.1s
[finetune_replay] ep  23/90 | train loss=0.0006 top1=1.000 | val loss=0.0064 | t=0.1s
[finetune_replay] ep  24/90 | train loss=0.0006 top1=1.000 | val loss=0.0068 | t=0.1s
[finetune_replay] ep  25/90 | train loss=0.0006 top1=1.000 | val loss=0.0072 | t=0.1s
[finetune_replay] ep  26/90 | train loss=0.0010 top1=1.000 | val loss=0.0063 | t=0.1s
[finetune_replay] ep  27/90 | train loss=0.0007 top1=1.000 | val loss=0.0056 | t=0.1s
[finetune_replay] ep  28/90 | train loss=0.0007 top1=1.000 | val loss=0.0051 | t=0.1s
[finetune_replay] ep  29/90 | train loss=0.0007 top1=1.000 | val loss=0.0049 | t=0.1s
[finetune_replay] ep  30/90 | train loss=0.0006 top1=1.000 | val loss=0.0051 | t=0.1s
[finetune_replay] ep  31/90 | train loss=0.0005 top1=1.000 | val loss=0.0050 | t=0.1s
[finetune_replay] ep  32/90 | train loss=0.0005 top1=1.000 | val loss=0.0050 | t=0.1s
[finetune_replay] ep  33/90 | train loss=0.0007 top1=1.000 | val loss=0.0048 | t=0.1s
[finetune_replay] ep  34/90 | train loss=0.0004 top1=1.000 | val loss=0.0046 | t=0.1s
[finetune_replay] ep  35/90 | train loss=0.0005 top1=1.000 | val loss=0.0043 | t=0.1s
[finetune_replay] ep  36/90 | train loss=0.0006 top1=1.000 | val loss=0.0042 | t=0.1s  *
[finetune_replay] ep  37/90 | train loss=0.0005 top1=1.000 | val loss=0.0036 | t=0.1s  *
[finetune_replay] ep  38/90 | train loss=0.0005 top1=1.000 | val loss=0.0032 | t=0.1s  *
[finetune_replay] ep  39/90 | train loss=0.0005 top1=1.000 | val loss=0.0032 | t=0.1s  *
[finetune_replay] ep  40/90 | train loss=0.0007 top1=1.000 | val loss=0.0032 | t=0.1s  *
[finetune_replay] ep  41/90 | train loss=0.0006 top1=1.000 | val loss=0.0031 | t=0.1s  *
[finetune_replay] ep  42/90 | train loss=0.0006 top1=1.000 | val loss=0.0033 | t=0.1s
[finetune_replay] ep  43/90 | train loss=0.0006 top1=1.000 | val loss=0.0035 | t=0.1s
[finetune_replay] ep  44/90 | train loss=0.0004 top1=1.000 | val loss=0.0038 | t=0.1s
[finetune_replay] ep  45/90 | train loss=0.0005 top1=1.000 | val loss=0.0038 | t=0.1s
[finetune_replay] ep  46/90 | train loss=0.0006 top1=1.000 | val loss=0.0041 | t=0.1s
[finetune_replay] ep  47/90 | train loss=0.0006 top1=1.000 | val loss=0.0043 | t=0.1s
[finetune_replay] ep  48/90 | train loss=0.0004 top1=1.000 | val loss=0.0042 | t=0.1s
[finetune_replay] ep  49/90 | train loss=0.0003 top1=1.000 | val loss=0.0041 | t=0.1s
[finetune_replay] ep  50/90 | train loss=0.0005 top1=1.000 | val loss=0.0041 | t=0.1s
[finetune_replay] ep  51/90 | train loss=0.0005 top1=1.000 | val loss=0.0042 | t=0.1s
[finetune_replay] ep  52/90 | train loss=0.0006 top1=1.000 | val loss=0.0046 | t=0.1s
[finetune_replay] ep  53/90 | train loss=0.0004 top1=1.000 | val loss=0.0050 | t=0.1s
[finetune_replay] ep  54/90 | train loss=0.0005 top1=1.000 | val loss=0.0055 | t=0.1s
[finetune_replay] ep  55/90 | train loss=0.0006 top1=1.000 | val loss=0.0051 | t=0.1s
[finetune_replay] ep  56/90 | train loss=0.0004 top1=1.000 | val loss=0.0042 | t=0.1s
[finetune_replay] ep  57/90 | train loss=0.0004 top1=1.000 | val loss=0.0038 | t=0.1s
[finetune_replay] ep  58/90 | train loss=0.0005 top1=1.000 | val loss=0.0036 | t=0.1s
[finetune_replay] ep  59/90 | train loss=0.0005 top1=1.000 | val loss=0.0037 | t=0.1s
[finetune_replay] ep  60/90 | train loss=0.0003 top1=1.000 | val loss=0.0038 | t=0.1s
[finetune_replay] ep  61/90 | train loss=0.0004 top1=1.000 | val loss=0.0037 | t=0.1s
[finetune_replay] ep  62/90 | train loss=0.0004 top1=1.000 | val loss=0.0038 | t=0.1s
[finetune_replay] ep  63/90 | train loss=0.0005 top1=1.000 | val loss=0.0038 | t=0.1s
[finetune_replay] ep  64/90 | train loss=0.0005 top1=1.000 | val loss=0.0037 | t=0.1s
[finetune_replay] ep  65/90 | train loss=0.0005 top1=1.000 | val loss=0.0037 | t=0.1s
[finetune_replay] ep  66/90 | train loss=0.0004 top1=1.000 | val loss=0.0036 | t=0.1s
[finetune_replay] ep  67/90 | train loss=0.0004 top1=1.000 | val loss=0.0037 | t=0.1s
[finetune_replay] ep  68/90 | train loss=0.0005 top1=1.000 | val loss=0.0038 | t=0.1s
[finetune_replay] ep  69/90 | train loss=0.0005 top1=1.000 | val loss=0.0037 | t=0.1s
[finetune_replay] ep  70/90 | train loss=0.0005 top1=1.000 | val loss=0.0038 | t=0.1s
[finetune_replay] ep  71/90 | train loss=0.0004 top1=1.000 | val loss=0.0036 | t=0.1s
[finetune_replay] ep  72/90 | train loss=0.0006 top1=1.000 | val loss=0.0037 | t=0.1s
[finetune_replay] ep  73/90 | train loss=0.0006 top1=1.000 | val loss=0.0039 | t=0.1s
[finetune_replay] ep  74/90 | train loss=0.0004 top1=1.000 | val loss=0.0041 | t=0.1s
[finetune_replay] ep  75/90 | train loss=0.0003 top1=1.000 | val loss=0.0044 | t=0.1s
[finetune_replay] ep  76/90 | train loss=0.0005 top1=1.000 | val loss=0.0045 | t=0.1s
[finetune_replay] ep  77/90 | train loss=0.0005 top1=1.000 | val loss=0.0045 | t=0.1s
[finetune_replay] ep  78/90 | train loss=0.0005 top1=1.000 | val loss=0.0046 | t=0.1s
[finetune_replay] ep  79/90 | train loss=0.0005 top1=1.000 | val loss=0.0046 | t=0.1s
[finetune_replay] ep  80/90 | train loss=0.0008 top1=1.000 | val loss=0.0045 | t=0.1s
[finetune_replay] ep  81/90 | train loss=0.0005 top1=1.000 | val loss=0.0044 | t=0.1s
[finetune_replay] ep  82/90 | train loss=0.0006 top1=1.000 | val loss=0.0045 | t=0.1s
[finetune_replay] ep  83/90 | train loss=0.0005 top1=1.000 | val loss=0.0045 | t=0.1s
[finetune_replay] ep  84/90 | train loss=0.0004 top1=1.000 | val loss=0.0047 | t=0.1s
[finetune_replay] ep  85/90 | train loss=0.0003 top1=1.000 | val loss=0.0046 | t=0.1s
[finetune_replay] ep  86/90 | train loss=0.0005 top1=1.000 | val loss=0.0045 | t=0.1s
[finetune_replay] ep  87/90 | train loss=0.0003 top1=1.000 | val loss=0.0044 | t=0.1s
[finetune_replay] ep  88/90 | train loss=0.0005 top1=1.000 | val loss=0.0044 | t=0.1s
[finetune_replay] ep  89/90 | train loss=0.0004 top1=1.000 | val loss=0.0045 | t=0.1s
[finetune_replay] ep  90/90 | train loss=0.0003 top1=1.000 | val loss=0.0044 | t=0.1s
[finetune_replay] DONE best_val_loss=0.0031 @ epoch 41
[14:54:06] [uncertainty] member 1: $ /home/s226137394/.conda/envs/maze/bin/python3 -u -m Equivariant_pathway.equivariant_CNN_hybrid.baseline_vs_p4.pool_x_selector.trainer.finetune_replay --demo_dir /weka/s226137394/DmNfull/Equivariant_pathway/equivariant_CNN_hybrid/baseline_vs_p4/pool_x_selector/results/run_9/thrifty_dagger/demos --checkpoint_dir /weka/s226137394/DmNfull/Equivariant_pathway/equivariant_CNN_hybrid/baseline_vs_p4/pool_x_selector/results/run_9/thrifty_dagger/checkpoints/member_1 --epochs 90 --batch_size 64 --lr 5e-05 --weight_decay 0.0001 --replay_mix 0.5 --replay_mix_floor 0.2 --seed 110 --resume --new_demos_dir /weka/s226137394/DmNfull/Equivariant_pathway/equivariant_CNN_hybrid/baseline_vs_p4/pool_x_selector/results/run_9/thrifty_dagger/demos/round_004
[finetune_replay] device=cuda demo_dir=/weka/s226137394/DmNfull/Equivariant_pathway/equivariant_CNN_hybrid/baseline_vs_p4/pool_x_selector/results/run_9/thrifty_dagger/demos new_demos_dir=/weka/s226137394/DmNfull/Equivariant_pathway/equivariant_CNN_hybrid/baseline_vs_p4/pool_x_selector/results/run_9/thrifty_dagger/demos/round_004
[hybrid-dataset] 23 demos -> 116 samples
[hybrid-dataset] 1 demos -> 4 samples
[finetune_replay] sampler audit: {'n_old_samples': 116, 'n_new_samples': 4, 'replay_mix_target': 0.5, 'replay_mix_effective': 0.5, 'replay_mix_floor': 0.2}
[finetune_replay] trainable params: 1,400,028
[finetune_replay] WARM START from last_hybrid_policy.pth
[finetune_replay] ep   1/90 | train loss=0.0457 top1=1.000 | val loss=0.0883 | t=0.9s  *
[finetune_replay] ep   2/90 | train loss=0.0233 top1=1.000 | val loss=0.0084 | t=0.2s  *
[finetune_replay] ep   3/90 | train loss=0.0035 top1=1.000 | val loss=0.0026 | t=0.2s  *
[finetune_replay] ep   4/90 | train loss=0.0026 top1=1.000 | val loss=0.0030 | t=0.2s
[finetune_replay] ep   5/90 | train loss=0.0018 top1=1.000 | val loss=0.0038 | t=0.2s
[finetune_replay] ep   6/90 | train loss=0.0014 top1=1.000 | val loss=0.0051 | t=0.2s
[finetune_replay] ep   7/90 | train loss=0.0031 top1=1.000 | val loss=0.0041 | t=0.1s
[finetune_replay] ep   8/90 | train loss=0.0024 top1=1.000 | val loss=0.0013 | t=0.1s  *
[finetune_replay] ep   9/90 | train loss=0.0018 top1=1.000 | val loss=0.0016 | t=0.1s
[finetune_replay] ep  10/90 | train loss=0.0018 top1=1.000 | val loss=0.0015 | t=0.1s
[finetune_replay] ep  11/90 | train loss=0.0011 top1=1.000 | val loss=0.0014 | t=0.1s
[finetune_replay] ep  12/90 | train loss=0.0017 top1=1.000 | val loss=0.0019 | t=0.1s
[finetune_replay] ep  13/90 | train loss=0.0010 top1=1.000 | val loss=0.0024 | t=0.1s
[finetune_replay] ep  14/90 | train loss=0.0014 top1=1.000 | val loss=0.0022 | t=0.1s
[finetune_replay] ep  15/90 | train loss=0.0009 top1=1.000 | val loss=0.0018 | t=0.1s
[finetune_replay] ep  16/90 | train loss=0.0012 top1=1.000 | val loss=0.0015 | t=0.1s
[finetune_replay] ep  17/90 | train loss=0.0006 top1=1.000 | val loss=0.0016 | t=0.1s
[finetune_replay] ep  18/90 | train loss=0.0005 top1=1.000 | val loss=0.0016 | t=0.1s
[finetune_replay] ep  19/90 | train loss=0.0007 top1=1.000 | val loss=0.0018 | t=0.1s
[finetune_replay] ep  20/90 | train loss=0.0006 top1=1.000 | val loss=0.0017 | t=0.1s
[finetune_replay] ep  21/90 | train loss=0.0008 top1=1.000 | val loss=0.0016 | t=0.1s
[finetune_replay] ep  22/90 | train loss=0.0009 top1=1.000 | val loss=0.0015 | t=0.1s
[finetune_replay] ep  23/90 | train loss=0.0006 top1=1.000 | val loss=0.0015 | t=0.1s
[finetune_replay] ep  24/90 | train loss=0.0006 top1=1.000 | val loss=0.0015 | t=0.1s
[finetune_replay] ep  25/90 | train loss=0.0007 top1=1.000 | val loss=0.0016 | t=0.1s
[finetune_replay] ep  26/90 | train loss=0.0004 top1=1.000 | val loss=0.0016 | t=0.1s
[finetune_replay] ep  27/90 | train loss=0.0006 top1=1.000 | val loss=0.0016 | t=0.2s
[finetune_replay] ep  28/90 | train loss=0.0006 top1=1.000 | val loss=0.0017 | t=0.1s
[finetune_replay] ep  29/90 | train loss=0.0007 top1=1.000 | val loss=0.0018 | t=0.1s
[finetune_replay] ep  30/90 | train loss=0.0007 top1=1.000 | val loss=0.0018 | t=0.1s
[finetune_replay] ep  31/90 | train loss=0.0005 top1=1.000 | val loss=0.0020 | t=0.1s
[finetune_replay] ep  32/90 | train loss=0.0006 top1=1.000 | val loss=0.0021 | t=0.1s
[finetune_replay] ep  33/90 | train loss=0.0006 top1=1.000 | val loss=0.0022 | t=0.1s
[finetune_replay] ep  34/90 | train loss=0.0004 top1=1.000 | val loss=0.0019 | t=0.1s
[finetune_replay] ep  35/90 | train loss=0.0006 top1=1.000 | val loss=0.0018 | t=0.1s
[finetune_replay] ep  36/90 | train loss=0.0006 top1=1.000 | val loss=0.0017 | t=0.1s
[finetune_replay] ep  37/90 | train loss=0.0005 top1=1.000 | val loss=0.0016 | t=0.1s
[finetune_replay] ep  38/90 | train loss=0.0004 top1=1.000 | val loss=0.0017 | t=0.1s
[finetune_replay] ep  39/90 | train loss=0.0004 top1=1.000 | val loss=0.0018 | t=0.1s
[finetune_replay] ep  40/90 | train loss=0.0006 top1=1.000 | val loss=0.0018 | t=0.1s
[finetune_replay] ep  41/90 | train loss=0.0006 top1=1.000 | val loss=0.0019 | t=0.1s
[finetune_replay] ep  42/90 | train loss=0.0004 top1=1.000 | val loss=0.0018 | t=0.1s
[finetune_replay] ep  43/90 | train loss=0.0004 top1=1.000 | val loss=0.0018 | t=0.1s
[finetune_replay] ep  44/90 | train loss=0.0004 top1=1.000 | val loss=0.0019 | t=0.1s
[finetune_replay] ep  45/90 | train loss=0.0003 top1=1.000 | val loss=0.0017 | t=0.1s
[finetune_replay] ep  46/90 | train loss=0.0005 top1=1.000 | val loss=0.0017 | t=0.1s
[finetune_replay] ep  47/90 | train loss=0.0004 top1=1.000 | val loss=0.0016 | t=0.1s
[finetune_replay] ep  48/90 | train loss=0.0006 top1=1.000 | val loss=0.0018 | t=0.1s
[finetune_replay] ep  49/90 | train loss=0.0004 top1=1.000 | val loss=0.0021 | t=0.1s
[finetune_replay] ep  50/90 | train loss=0.0004 top1=1.000 | val loss=0.0021 | t=0.1s
[finetune_replay] ep  51/90 | train loss=0.0004 top1=1.000 | val loss=0.0021 | t=0.1s
[finetune_replay] ep  52/90 | train loss=0.0003 top1=1.000 | val loss=0.0021 | t=0.1s
[finetune_replay] ep  53/90 | train loss=0.0003 top1=1.000 | val loss=0.0018 | t=0.1s
[finetune_replay] ep  54/90 | train loss=0.0005 top1=1.000 | val loss=0.0018 | t=0.1s
[finetune_replay] ep  55/90 | train loss=0.0004 top1=1.000 | val loss=0.0016 | t=0.1s
[finetune_replay] ep  56/90 | train loss=0.0006 top1=1.000 | val loss=0.0015 | t=0.1s
[finetune_replay] ep  57/90 | train loss=0.0004 top1=1.000 | val loss=0.0017 | t=0.1s
[finetune_replay] ep  58/90 | train loss=0.0004 top1=1.000 | val loss=0.0016 | t=0.1s
[finetune_replay] ep  59/90 | train loss=0.0003 top1=1.000 | val loss=0.0016 | t=0.1s
[finetune_replay] ep  60/90 | train loss=0.0004 top1=1.000 | val loss=0.0017 | t=0.1s
[finetune_replay] ep  61/90 | train loss=0.0004 top1=1.000 | val loss=0.0019 | t=0.1s
[finetune_replay] ep  62/90 | train loss=0.0004 top1=1.000 | val loss=0.0020 | t=0.1s
[finetune_replay] ep  63/90 | train loss=0.0004 top1=1.000 | val loss=0.0019 | t=0.1s
[finetune_replay] ep  64/90 | train loss=0.0004 top1=1.000 | val loss=0.0017 | t=0.1s
[finetune_replay] ep  65/90 | train loss=0.0003 top1=1.000 | val loss=0.0017 | t=0.1s
[finetune_replay] ep  66/90 | train loss=0.0006 top1=1.000 | val loss=0.0016 | t=0.1s
[finetune_replay] ep  67/90 | train loss=0.0005 top1=1.000 | val loss=0.0017 | t=0.1s
[finetune_replay] ep  68/90 | train loss=0.0003 top1=1.000 | val loss=0.0017 | t=0.1s
[finetune_replay] ep  69/90 | train loss=0.0004 top1=1.000 | val loss=0.0017 | t=0.1s
[finetune_replay] ep  70/90 | train loss=0.0003 top1=1.000 | val loss=0.0019 | t=0.1s
[finetune_replay] ep  71/90 | train loss=0.0003 top1=1.000 | val loss=0.0020 | t=0.1s
[finetune_replay] ep  72/90 | train loss=0.0004 top1=1.000 | val loss=0.0021 | t=0.1s
[finetune_replay] ep  73/90 | train loss=0.0004 top1=1.000 | val loss=0.0018 | t=0.1s
[finetune_replay] ep  74/90 | train loss=0.0003 top1=1.000 | val loss=0.0020 | t=0.1s
[finetune_replay] ep  75/90 | train loss=0.0003 top1=1.000 | val loss=0.0019 | t=0.1s
[finetune_replay] ep  76/90 | train loss=0.0004 top1=1.000 | val loss=0.0017 | t=0.1s
[finetune_replay] ep  77/90 | train loss=0.0004 top1=1.000 | val loss=0.0019 | t=0.1s
[finetune_replay] ep  78/90 | train loss=0.0003 top1=1.000 | val loss=0.0021 | t=0.1s
[finetune_replay] ep  79/90 | train loss=0.0003 top1=1.000 | val loss=0.0020 | t=0.1s
[finetune_replay] ep  80/90 | train loss=0.0003 top1=1.000 | val loss=0.0020 | t=0.1s
[finetune_replay] ep  81/90 | train loss=0.0004 top1=1.000 | val loss=0.0021 | t=0.1s
[finetune_replay] ep  82/90 | train loss=0.0003 top1=1.000 | val loss=0.0021 | t=0.1s
[finetune_replay] ep  83/90 | train loss=0.0004 top1=1.000 | val loss=0.0022 | t=0.1s
[finetune_replay] ep  84/90 | train loss=0.0004 top1=1.000 | val loss=0.0023 | t=0.1s
[finetune_replay] ep  85/90 | train loss=0.0005 top1=1.000 | val loss=0.0020 | t=0.1s
[finetune_replay] ep  86/90 | train loss=0.0005 top1=1.000 | val loss=0.0018 | t=0.1s
[finetune_replay] ep  87/90 | train loss=0.0004 top1=1.000 | val loss=0.0019 | t=0.1s
[finetune_replay] ep  88/90 | train loss=0.0004 top1=1.000 | val loss=0.0021 | t=0.1s
[finetune_replay] ep  89/90 | train loss=0.0003 top1=1.000 | val loss=0.0018 | t=0.1s
[finetune_replay] ep  90/90 | train loss=0.0003 top1=1.000 | val loss=0.0017 | t=0.1s
[finetune_replay] DONE best_val_loss=0.0013 @ epoch 8
[14:54:33] [uncertainty] member 2: $ /home/s226137394/.conda/envs/maze/bin/python3 -u -m Equivariant_pathway.equivariant_CNN_hybrid.baseline_vs_p4.pool_x_selector.trainer.finetune_replay --demo_dir /weka/s226137394/DmNfull/Equivariant_pathway/equivariant_CNN_hybrid/baseline_vs_p4/pool_x_selector/results/run_9/thrifty_dagger/demos --checkpoint_dir /weka/s226137394/DmNfull/Equivariant_pathway/equivariant_CNN_hybrid/baseline_vs_p4/pool_x_selector/results/run_9/thrifty_dagger/checkpoints/member_2 --epochs 90 --batch_size 64 --lr 5e-05 --weight_decay 0.0001 --replay_mix 0.5 --replay_mix_floor 0.2 --seed 211 --resume --new_demos_dir /weka/s226137394/DmNfull/Equivariant_pathway/equivariant_CNN_hybrid/baseline_vs_p4/pool_x_selector/results/run_9/thrifty_dagger/demos/round_004
[finetune_replay] device=cuda demo_dir=/weka/s226137394/DmNfull/Equivariant_pathway/equivariant_CNN_hybrid/baseline_vs_p4/pool_x_selector/results/run_9/thrifty_dagger/demos new_demos_dir=/weka/s226137394/DmNfull/Equivariant_pathway/equivariant_CNN_hybrid/baseline_vs_p4/pool_x_selector/results/run_9/thrifty_dagger/demos/round_004
[hybrid-dataset] 23 demos -> 116 samples
[hybrid-dataset] 1 demos -> 4 samples
[finetune_replay] sampler audit: {'n_old_samples': 116, 'n_new_samples': 4, 'replay_mix_target': 0.5, 'replay_mix_effective': 0.5, 'replay_mix_floor': 0.2}
[finetune_replay] trainable params: 1,400,028
[finetune_replay] WARM START from last_hybrid_policy.pth
[finetune_replay] ep   1/90 | train loss=0.0825 top1=1.000 | val loss=0.0259 | t=1.0s  *
[finetune_replay] ep   2/90 | train loss=0.0175 top1=1.000 | val loss=0.0008 | t=0.2s  *
[finetune_replay] ep   3/90 | train loss=0.0079 top1=1.000 | val loss=0.0007 | t=0.1s  *
[finetune_replay] ep   4/90 | train loss=0.0038 top1=1.000 | val loss=0.0016 | t=0.1s
[finetune_replay] ep   5/90 | train loss=0.0036 top1=1.000 | val loss=0.0015 | t=0.1s
[finetune_replay] ep   6/90 | train loss=0.0027 top1=1.000 | val loss=0.0010 | t=0.1s
[finetune_replay] ep   7/90 | train loss=0.0008 top1=1.000 | val loss=0.0011 | t=0.1s
[finetune_replay] ep   8/90 | train loss=0.0020 top1=1.000 | val loss=0.0010 | t=0.1s
[finetune_replay] ep   9/90 | train loss=0.0016 top1=1.000 | val loss=0.0009 | t=0.1s
[finetune_replay] ep  10/90 | train loss=0.0017 top1=1.000 | val loss=0.0010 | t=0.1s
[finetune_replay] ep  11/90 | train loss=0.0018 top1=1.000 | val loss=0.0009 | t=0.2s
[finetune_replay] ep  12/90 | train loss=0.0010 top1=1.000 | val loss=0.0009 | t=0.1s
[finetune_replay] ep  13/90 | train loss=0.0013 top1=1.000 | val loss=0.0010 | t=0.1s
[finetune_replay] ep  14/90 | train loss=0.0012 top1=1.000 | val loss=0.0010 | t=0.1s
[finetune_replay] ep  15/90 | train loss=0.0005 top1=1.000 | val loss=0.0010 | t=0.1s
[finetune_replay] ep  16/90 | train loss=0.0012 top1=1.000 | val loss=0.0008 | t=0.1s
[finetune_replay] ep  17/90 | train loss=0.0005 top1=1.000 | val loss=0.0008 | t=0.1s
[finetune_replay] ep  18/90 | train loss=0.0007 top1=1.000 | val loss=0.0008 | t=0.1s
[finetune_replay] ep  19/90 | train loss=0.0009 top1=1.000 | val loss=0.0008 | t=0.1s
[finetune_replay] ep  20/90 | train loss=0.0008 top1=1.000 | val loss=0.0007 | t=0.1s
[finetune_replay] ep  21/90 | train loss=0.0011 top1=1.000 | val loss=0.0007 | t=0.1s
[finetune_replay] ep  22/90 | train loss=0.0009 top1=1.000 | val loss=0.0007 | t=0.1s
[finetune_replay] ep  23/90 | train loss=0.0006 top1=1.000 | val loss=0.0007 | t=0.1s
[finetune_replay] ep  24/90 | train loss=0.0007 top1=1.000 | val loss=0.0007 | t=0.1s
[finetune_replay] ep  25/90 | train loss=0.0009 top1=1.000 | val loss=0.0007 | t=0.1s
[finetune_replay] ep  26/90 | train loss=0.0007 top1=1.000 | val loss=0.0007 | t=0.1s
[finetune_replay] ep  27/90 | train loss=0.0006 top1=1.000 | val loss=0.0007 | t=0.1s
[finetune_replay] ep  28/90 | train loss=0.0007 top1=1.000 | val loss=0.0007 | t=0.1s
[finetune_replay] ep  29/90 | train loss=0.0009 top1=1.000 | val loss=0.0007 | t=0.1s
[finetune_replay] ep  30/90 | train loss=0.0006 top1=1.000 | val loss=0.0007 | t=0.1s  *
[finetune_replay] ep  31/90 | train loss=0.0007 top1=1.000 | val loss=0.0006 | t=0.1s  *
[finetune_replay] ep  32/90 | train loss=0.0005 top1=1.000 | val loss=0.0006 | t=0.1s  *
[finetune_replay] ep  33/90 | train loss=0.0006 top1=1.000 | val loss=0.0006 | t=0.1s  *
[finetune_replay] ep  34/90 | train loss=0.0006 top1=1.000 | val loss=0.0006 | t=0.1s  *
[finetune_replay] ep  35/90 | train loss=0.0007 top1=1.000 | val loss=0.0006 | t=0.1s
[finetune_replay] ep  36/90 | train loss=0.0008 top1=1.000 | val loss=0.0007 | t=0.1s
[finetune_replay] ep  37/90 | train loss=0.0006 top1=1.000 | val loss=0.0007 | t=0.1s
[finetune_replay] ep  38/90 | train loss=0.0005 top1=1.000 | val loss=0.0007 | t=0.1s
[finetune_replay] ep  39/90 | train loss=0.0006 top1=1.000 | val loss=0.0007 | t=0.1s
[finetune_replay] ep  40/90 | train loss=0.0004 top1=1.000 | val loss=0.0007 | t=0.1s
[finetune_replay] ep  41/90 | train loss=0.0005 top1=1.000 | val loss=0.0006 | t=0.1s
[finetune_replay] ep  42/90 | train loss=0.0006 top1=1.000 | val loss=0.0006 | t=0.1s
[finetune_replay] ep  43/90 | train loss=0.0005 top1=1.000 | val loss=0.0006 | t=0.1s  *
[finetune_replay] ep  44/90 | train loss=0.0004 top1=1.000 | val loss=0.0006 | t=0.1s  *
[finetune_replay] ep  45/90 | train loss=0.0005 top1=1.000 | val loss=0.0006 | t=0.1s  *
[finetune_replay] ep  46/90 | train loss=0.0005 top1=1.000 | val loss=0.0006 | t=0.1s  *
[finetune_replay] ep  47/90 | train loss=0.0007 top1=1.000 | val loss=0.0006 | t=0.1s
[finetune_replay] ep  48/90 | train loss=0.0006 top1=1.000 | val loss=0.0006 | t=0.1s
[finetune_replay] ep  49/90 | train loss=0.0006 top1=1.000 | val loss=0.0006 | t=0.1s
[finetune_replay] ep  50/90 | train loss=0.0006 top1=1.000 | val loss=0.0006 | t=0.1s
[finetune_replay] ep  51/90 | train loss=0.0005 top1=1.000 | val loss=0.0006 | t=0.1s
[finetune_replay] ep  52/90 | train loss=0.0005 top1=1.000 | val loss=0.0006 | t=0.1s
[finetune_replay] ep  53/90 | train loss=0.0005 top1=1.000 | val loss=0.0006 | t=0.1s
[finetune_replay] ep  54/90 | train loss=0.0005 top1=1.000 | val loss=0.0006 | t=0.1s
[finetune_replay] ep  55/90 | train loss=0.0005 top1=1.000 | val loss=0.0006 | t=0.1s
[finetune_replay] ep  56/90 | train loss=0.0004 top1=1.000 | val loss=0.0006 | t=0.1s
[finetune_replay] ep  57/90 | train loss=0.0004 top1=1.000 | val loss=0.0006 | t=0.1s
[finetune_replay] ep  58/90 | train loss=0.0005 top1=1.000 | val loss=0.0006 | t=0.1s
[finetune_replay] ep  59/90 | train loss=0.0006 top1=1.000 | val loss=0.0006 | t=0.1s  *
[finetune_replay] ep  60/90 | train loss=0.0004 top1=1.000 | val loss=0.0005 | t=0.1s  *
[finetune_replay] ep  61/90 | train loss=0.0004 top1=1.000 | val loss=0.0005 | t=0.1s
[finetune_replay] ep  62/90 | train loss=0.0005 top1=1.000 | val loss=0.0005 | t=0.1s  *
[finetune_replay] ep  63/90 | train loss=0.0004 top1=1.000 | val loss=0.0005 | t=0.1s
[finetune_replay] ep  64/90 | train loss=0.0003 top1=1.000 | val loss=0.0005 | t=0.1s
[finetune_replay] ep  65/90 | train loss=0.0005 top1=1.000 | val loss=0.0005 | t=0.1s
[finetune_replay] ep  66/90 | train loss=0.0005 top1=1.000 | val loss=0.0005 | t=0.1s
[finetune_replay] ep  67/90 | train loss=0.0005 top1=1.000 | val loss=0.0005 | t=0.1s
[finetune_replay] ep  68/90 | train loss=0.0005 top1=1.000 | val loss=0.0005 | t=0.1s
[finetune_replay] ep  69/90 | train loss=0.0004 top1=1.000 | val loss=0.0005 | t=0.1s
[finetune_replay] ep  70/90 | train loss=0.0004 top1=1.000 | val loss=0.0005 | t=0.1s
[finetune_replay] ep  71/90 | train loss=0.0004 top1=1.000 | val loss=0.0005 | t=0.1s
[finetune_replay] ep  72/90 | train loss=0.0004 top1=1.000 | val loss=0.0005 | t=0.1s
[finetune_replay] ep  73/90 | train loss=0.0005 top1=1.000 | val loss=0.0005 | t=0.1s
[finetune_replay] ep  74/90 | train loss=0.0004 top1=1.000 | val loss=0.0005 | t=0.1s
[finetune_replay] ep  75/90 | train loss=0.0004 top1=1.000 | val loss=0.0005 | t=0.1s
[finetune_replay] ep  76/90 | train loss=0.0004 top1=1.000 | val loss=0.0005 | t=0.1s
[finetune_replay] ep  77/90 | train loss=0.0003 top1=1.000 | val loss=0.0005 | t=0.1s
[finetune_replay] ep  78/90 | train loss=0.0004 top1=1.000 | val loss=0.0005 | t=0.1s
[finetune_replay] ep  79/90 | train loss=0.0005 top1=1.000 | val loss=0.0005 | t=0.1s
[finetune_replay] ep  80/90 | train loss=0.0006 top1=1.000 | val loss=0.0005 | t=0.1s
[finetune_replay] ep  81/90 | train loss=0.0004 top1=1.000 | val loss=0.0005 | t=0.1s
[finetune_replay] ep  82/90 | train loss=0.0003 top1=1.000 | val loss=0.0005 | t=0.1s
[finetune_replay] ep  83/90 | train loss=0.0004 top1=1.000 | val loss=0.0005 | t=0.1s
[finetune_replay] ep  84/90 | train loss=0.0004 top1=1.000 | val loss=0.0005 | t=0.1s
[finetune_replay] ep  85/90 | train loss=0.0005 top1=1.000 | val loss=0.0005 | t=0.1s
[finetune_replay] ep  86/90 | train loss=0.0003 top1=1.000 | val loss=0.0005 | t=0.1s
[finetune_replay] ep  87/90 | train loss=0.0004 top1=1.000 | val loss=0.0005 | t=0.1s
[finetune_replay] ep  88/90 | train loss=0.0004 top1=1.000 | val loss=0.0005 | t=0.1s
[finetune_replay] ep  89/90 | train loss=0.0004 top1=1.000 | val loss=0.0005 | t=0.1s
[finetune_replay] ep  90/90 | train loss=0.0006 top1=1.000 | val loss=0.0005 | t=0.1s
[finetune_replay] DONE best_val_loss=0.0005 @ epoch 62
[14:55:02] [uncertainty] member 3: $ /home/s226137394/.conda/envs/maze/bin/python3 -u -m Equivariant_pathway.equivariant_CNN_hybrid.baseline_vs_p4.pool_x_selector.trainer.finetune_replay --demo_dir /weka/s226137394/DmNfull/Equivariant_pathway/equivariant_CNN_hybrid/baseline_vs_p4/pool_x_selector/results/run_9/thrifty_dagger/demos --checkpoint_dir /weka/s226137394/DmNfull/Equivariant_pathway/equivariant_CNN_hybrid/baseline_vs_p4/pool_x_selector/results/run_9/thrifty_dagger/checkpoints/member_3 --epochs 90 --batch_size 64 --lr 5e-05 --weight_decay 0.0001 --replay_mix 0.5 --replay_mix_floor 0.2 --seed 312 --resume --new_demos_dir /weka/s226137394/DmNfull/Equivariant_pathway/equivariant_CNN_hybrid/baseline_vs_p4/pool_x_selector/results/run_9/thrifty_dagger/demos/round_004
[finetune_replay] device=cuda demo_dir=/weka/s226137394/DmNfull/Equivariant_pathway/equivariant_CNN_hybrid/baseline_vs_p4/pool_x_selector/results/run_9/thrifty_dagger/demos new_demos_dir=/weka/s226137394/DmNfull/Equivariant_pathway/equivariant_CNN_hybrid/baseline_vs_p4/pool_x_selector/results/run_9/thrifty_dagger/demos/round_004
[hybrid-dataset] 23 demos -> 116 samples
[hybrid-dataset] 1 demos -> 4 samples
[finetune_replay] sampler audit: {'n_old_samples': 116, 'n_new_samples': 4, 'replay_mix_target': 0.5, 'replay_mix_effective': 0.5, 'replay_mix_floor': 0.2}
[finetune_replay] trainable params: 1,400,028
[finetune_replay] WARM START from last_hybrid_policy.pth
[finetune_replay] ep   1/90 | train loss=0.0851 top1=1.000 | val loss=0.0948 | t=0.8s  *
[finetune_replay] ep   2/90 | train loss=0.0143 top1=1.000 | val loss=0.0065 | t=0.1s  *
[finetune_replay] ep   3/90 | train loss=0.0162 top1=1.000 | val loss=0.0037 | t=0.2s  *
[finetune_replay] ep   4/90 | train loss=0.0032 top1=1.000 | val loss=0.0063 | t=0.2s
[finetune_replay] ep   5/90 | train loss=0.0031 top1=1.000 | val loss=0.0072 | t=0.1s
[finetune_replay] ep   6/90 | train loss=0.0024 top1=1.000 | val loss=0.0087 | t=0.1s
[finetune_replay] ep   7/90 | train loss=0.0013 top1=1.000 | val loss=0.0110 | t=0.1s
[finetune_replay] ep   8/90 | train loss=0.0041 top1=1.000 | val loss=0.0092 | t=0.1s
[finetune_replay] ep   9/90 | train loss=0.0040 top1=1.000 | val loss=0.0035 | t=0.1s  *
[finetune_replay] ep  10/90 | train loss=0.0011 top1=1.000 | val loss=0.0018 | t=0.1s  *
[finetune_replay] ep  11/90 | train loss=0.0015 top1=1.000 | val loss=0.0019 | t=0.2s
[finetune_replay] ep  12/90 | train loss=0.0025 top1=1.000 | val loss=0.0018 | t=0.1s
[finetune_replay] ep  13/90 | train loss=0.0017 top1=1.000 | val loss=0.0023 | t=0.1s
[finetune_replay] ep  14/90 | train loss=0.0011 top1=1.000 | val loss=0.0037 | t=0.2s
[finetune_replay] ep  15/90 | train loss=0.0011 top1=1.000 | val loss=0.0051 | t=0.1s
[finetune_replay] ep  16/90 | train loss=0.0014 top1=1.000 | val loss=0.0044 | t=0.1s
[finetune_replay] ep  17/90 | train loss=0.0012 top1=1.000 | val loss=0.0033 | t=0.1s
[finetune_replay] ep  18/90 | train loss=0.0008 top1=1.000 | val loss=0.0027 | t=0.1s
[finetune_replay] ep  19/90 | train loss=0.0012 top1=1.000 | val loss=0.0025 | t=0.1s
[finetune_replay] ep  20/90 | train loss=0.0013 top1=1.000 | val loss=0.0023 | t=0.1s
[finetune_replay] ep  21/90 | train loss=0.0006 top1=1.000 | val loss=0.0022 | t=0.1s
[finetune_replay] ep  22/90 | train loss=0.0008 top1=1.000 | val loss=0.0022 | t=0.1s
[finetune_replay] ep  23/90 | train loss=0.0007 top1=1.000 | val loss=0.0026 | t=0.1s
[finetune_replay] ep  24/90 | train loss=0.0009 top1=1.000 | val loss=0.0030 | t=0.1s
[finetune_replay] ep  25/90 | train loss=0.0007 top1=1.000 | val loss=0.0031 | t=0.1s
[finetune_replay] ep  26/90 | train loss=0.0008 top1=1.000 | val loss=0.0030 | t=0.1s
[finetune_replay] ep  27/90 | train loss=0.0005 top1=1.000 | val loss=0.0030 | t=0.1s
[finetune_replay] ep  28/90 | train loss=0.0007 top1=1.000 | val loss=0.0031 | t=0.1s
[finetune_replay] ep  29/90 | train loss=0.0011 top1=1.000 | val loss=0.0028 | t=0.1s
[finetune_replay] ep  30/90 | train loss=0.0007 top1=1.000 | val loss=0.0024 | t=0.1s
[finetune_replay] ep  31/90 | train loss=0.0009 top1=1.000 | val loss=0.0021 | t=0.1s
[finetune_replay] ep  32/90 | train loss=0.0005 top1=1.000 | val loss=0.0019 | t=0.1s
[finetune_replay] ep  33/90 | train loss=0.0005 top1=1.000 | val loss=0.0020 | t=0.1s
[finetune_replay] ep  34/90 | train loss=0.0006 top1=1.000 | val loss=0.0020 | t=0.1s
[finetune_replay] ep  35/90 | train loss=0.0007 top1=1.000 | val loss=0.0023 | t=0.1s
[finetune_replay] ep  36/90 | train loss=0.0007 top1=1.000 | val loss=0.0027 | t=0.1s
[finetune_replay] ep  37/90 | train loss=0.0008 top1=1.000 | val loss=0.0026 | t=0.1s
[finetune_replay] ep  38/90 | train loss=0.0005 top1=1.000 | val loss=0.0027 | t=0.1s
[finetune_replay] ep  39/90 | train loss=0.0007 top1=1.000 | val loss=0.0025 | t=0.1s
[finetune_replay] ep  40/90 | train loss=0.0008 top1=1.000 | val loss=0.0023 | t=0.1s
[finetune_replay] ep  41/90 | train loss=0.0005 top1=1.000 | val loss=0.0021 | t=0.1s
[finetune_replay] ep  42/90 | train loss=0.0007 top1=1.000 | val loss=0.0021 | t=0.1s
[finetune_replay] ep  43/90 | train loss=0.0007 top1=1.000 | val loss=0.0020 | t=0.1s
[finetune_replay] ep  44/90 | train loss=0.0007 top1=1.000 | val loss=0.0019 | t=0.1s
[finetune_replay] ep  45/90 | train loss=0.0007 top1=1.000 | val loss=0.0018 | t=0.1s  *
[finetune_replay] ep  46/90 | train loss=0.0006 top1=1.000 | val loss=0.0017 | t=0.1s  *
[finetune_replay] ep  47/90 | train loss=0.0005 top1=1.000 | val loss=0.0020 | t=0.1s
[finetune_replay] ep  48/90 | train loss=0.0005 top1=1.000 | val loss=0.0020 | t=0.1s
[finetune_replay] ep  49/90 | train loss=0.0004 top1=1.000 | val loss=0.0023 | t=0.1s
[finetune_replay] ep  50/90 | train loss=0.0006 top1=1.000 | val loss=0.0026 | t=0.1s
[finetune_replay] ep  51/90 | train loss=0.0006 top1=1.000 | val loss=0.0024 | t=0.1s
[finetune_replay] ep  52/90 | train loss=0.0004 top1=1.000 | val loss=0.0025 | t=0.1s
[finetune_replay] ep  53/90 | train loss=0.0006 top1=1.000 | val loss=0.0024 | t=0.1s
[finetune_replay] ep  54/90 | train loss=0.0006 top1=1.000 | val loss=0.0022 | t=0.1s
[finetune_replay] ep  55/90 | train loss=0.0006 top1=1.000 | val loss=0.0021 | t=0.1s
[finetune_replay] ep  56/90 | train loss=0.0005 top1=1.000 | val loss=0.0020 | t=0.1s
[finetune_replay] ep  57/90 | train loss=0.0005 top1=1.000 | val loss=0.0020 | t=0.1s
[finetune_replay] ep  58/90 | train loss=0.0007 top1=1.000 | val loss=0.0019 | t=0.1s
[finetune_replay] ep  59/90 | train loss=0.0004 top1=1.000 | val loss=0.0018 | t=0.1s
[finetune_replay] ep  60/90 | train loss=0.0005 top1=1.000 | val loss=0.0018 | t=0.1s
[finetune_replay] ep  61/90 | train loss=0.0006 top1=1.000 | val loss=0.0018 | t=0.1s
[finetune_replay] ep  62/90 | train loss=0.0006 top1=1.000 | val loss=0.0017 | t=0.1s  *
[finetune_replay] ep  63/90 | train loss=0.0004 top1=1.000 | val loss=0.0016 | t=0.1s  *
[finetune_replay] ep  64/90 | train loss=0.0005 top1=1.000 | val loss=0.0016 | t=0.1s  *
[finetune_replay] ep  65/90 | train loss=0.0006 top1=1.000 | val loss=0.0016 | t=0.1s
[finetune_replay] ep  66/90 | train loss=0.0005 top1=1.000 | val loss=0.0016 | t=0.1s
[finetune_replay] ep  67/90 | train loss=0.0005 top1=1.000 | val loss=0.0017 | t=0.1s
[finetune_replay] ep  68/90 | train loss=0.0005 top1=1.000 | val loss=0.0018 | t=0.1s
[finetune_replay] ep  69/90 | train loss=0.0005 top1=1.000 | val loss=0.0018 | t=0.1s
[finetune_replay] ep  70/90 | train loss=0.0004 top1=1.000 | val loss=0.0019 | t=0.1s
[finetune_replay] ep  71/90 | train loss=0.0005 top1=1.000 | val loss=0.0019 | t=0.1s
[finetune_replay] ep  72/90 | train loss=0.0004 top1=1.000 | val loss=0.0020 | t=0.1s
[finetune_replay] ep  73/90 | train loss=0.0006 top1=1.000 | val loss=0.0020 | t=0.1s
[finetune_replay] ep  74/90 | train loss=0.0004 top1=1.000 | val loss=0.0020 | t=0.1s
[finetune_replay] ep  75/90 | train loss=0.0004 top1=1.000 | val loss=0.0020 | t=0.1s
[finetune_replay] ep  76/90 | train loss=0.0005 top1=1.000 | val loss=0.0021 | t=0.1s
[finetune_replay] ep  77/90 | train loss=0.0005 top1=1.000 | val loss=0.0020 | t=0.1s
[finetune_replay] ep  78/90 | train loss=0.0007 top1=1.000 | val loss=0.0020 | t=0.1s
[finetune_replay] ep  79/90 | train loss=0.0004 top1=1.000 | val loss=0.0020 | t=0.1s
[finetune_replay] ep  80/90 | train loss=0.0004 top1=1.000 | val loss=0.0020 | t=0.1s
[finetune_replay] ep  81/90 | train loss=0.0005 top1=1.000 | val loss=0.0019 | t=0.1s
[finetune_replay] ep  82/90 | train loss=0.0004 top1=1.000 | val loss=0.0020 | t=0.1s
[finetune_replay] ep  83/90 | train loss=0.0005 top1=1.000 | val loss=0.0020 | t=0.1s
[finetune_replay] ep  84/90 | train loss=0.0004 top1=1.000 | val loss=0.0020 | t=0.1s
[finetune_replay] ep  85/90 | train loss=0.0007 top1=1.000 | val loss=0.0021 | t=0.1s
[finetune_replay] ep  86/90 | train loss=0.0004 top1=1.000 | val loss=0.0021 | t=0.1s
[finetune_replay] ep  87/90 | train loss=0.0006 top1=1.000 | val loss=0.0020 | t=0.1s
[finetune_replay] ep  88/90 | train loss=0.0004 top1=1.000 | val loss=0.0020 | t=0.1s
[finetune_replay] ep  89/90 | train loss=0.0006 top1=1.000 | val loss=0.0021 | t=0.1s
[finetune_replay] ep  90/90 | train loss=0.0003 top1=1.000 | val loss=0.0021 | t=0.1s
[finetune_replay] DONE best_val_loss=0.0016 @ epoch 64
[14:55:28] [uncertainty] member 4: $ /home/s226137394/.conda/envs/maze/bin/python3 -u -m Equivariant_pathway.equivariant_CNN_hybrid.baseline_vs_p4.pool_x_selector.trainer.finetune_replay --demo_dir /weka/s226137394/DmNfull/Equivariant_pathway/equivariant_CNN_hybrid/baseline_vs_p4/pool_x_selector/results/run_9/thrifty_dagger/demos --checkpoint_dir /weka/s226137394/DmNfull/Equivariant_pathway/equivariant_CNN_hybrid/baseline_vs_p4/pool_x_selector/results/run_9/thrifty_dagger/checkpoints/member_4 --epochs 90 --batch_size 64 --lr 5e-05 --weight_decay 0.0001 --replay_mix 0.5 --replay_mix_floor 0.2 --seed 413 --resume --new_demos_dir /weka/s226137394/DmNfull/Equivariant_pathway/equivariant_CNN_hybrid/baseline_vs_p4/pool_x_selector/results/run_9/thrifty_dagger/demos/round_004
[finetune_replay] device=cuda demo_dir=/weka/s226137394/DmNfull/Equivariant_pathway/equivariant_CNN_hybrid/baseline_vs_p4/pool_x_selector/results/run_9/thrifty_dagger/demos new_demos_dir=/weka/s226137394/DmNfull/Equivariant_pathway/equivariant_CNN_hybrid/baseline_vs_p4/pool_x_selector/results/run_9/thrifty_dagger/demos/round_004
[hybrid-dataset] 23 demos -> 116 samples
[hybrid-dataset] 1 demos -> 4 samples
[finetune_replay] sampler audit: {'n_old_samples': 116, 'n_new_samples': 4, 'replay_mix_target': 0.5, 'replay_mix_effective': 0.5, 'replay_mix_floor': 0.2}
[finetune_replay] trainable params: 1,400,028
[finetune_replay] WARM START from last_hybrid_policy.pth
[finetune_replay] ep   1/90 | train loss=0.0768 top1=1.000 | val loss=0.0224 | t=0.8s  *
[finetune_replay] ep   2/90 | train loss=0.0047 top1=1.000 | val loss=0.0054 | t=0.2s  *
[finetune_replay] ep   3/90 | train loss=0.0044 top1=1.000 | val loss=0.0055 | t=0.2s
[finetune_replay] ep   4/90 | train loss=0.0030 top1=1.000 | val loss=0.0043 | t=0.1s  *
[finetune_replay] ep   5/90 | train loss=0.0016 top1=1.000 | val loss=0.0029 | t=0.2s  *
[finetune_replay] ep   6/90 | train loss=0.0012 top1=1.000 | val loss=0.0023 | t=0.1s  *
[finetune_replay] ep   7/90 | train loss=0.0013 top1=1.000 | val loss=0.0024 | t=0.1s
[finetune_replay] ep   8/90 | train loss=0.0010 top1=1.000 | val loss=0.0030 | t=0.1s
[finetune_replay] ep   9/90 | train loss=0.0013 top1=1.000 | val loss=0.0036 | t=0.1s
[finetune_replay] ep  10/90 | train loss=0.0007 top1=1.000 | val loss=0.0037 | t=0.1s
[finetune_replay] ep  11/90 | train loss=0.0018 top1=1.000 | val loss=0.0030 | t=0.1s
[finetune_replay] ep  12/90 | train loss=0.0008 top1=1.000 | val loss=0.0025 | t=0.1s
[finetune_replay] ep  13/90 | train loss=0.0008 top1=1.000 | val loss=0.0027 | t=0.1s
[finetune_replay] ep  14/90 | train loss=0.0008 top1=1.000 | val loss=0.0027 | t=0.2s
[finetune_replay] ep  15/90 | train loss=0.0009 top1=1.000 | val loss=0.0030 | t=0.1s
[finetune_replay] ep  16/90 | train loss=0.0007 top1=1.000 | val loss=0.0034 | t=0.2s
[finetune_replay] ep  17/90 | train loss=0.0007 top1=1.000 | val loss=0.0033 | t=0.1s
[finetune_replay] ep  18/90 | train loss=0.0006 top1=1.000 | val loss=0.0032 | t=0.1s
[finetune_replay] ep  19/90 | train loss=0.0007 top1=1.000 | val loss=0.0029 | t=0.1s
[finetune_replay] ep  20/90 | train loss=0.0006 top1=1.000 | val loss=0.0026 | t=0.2s
[finetune_replay] ep  21/90 | train loss=0.0006 top1=1.000 | val loss=0.0026 | t=0.2s
[finetune_replay] ep  22/90 | train loss=0.0006 top1=1.000 | val loss=0.0024 | t=0.1s
[finetune_replay] ep  23/90 | train loss=0.0008 top1=1.000 | val loss=0.0024 | t=0.1s
[finetune_replay] ep  24/90 | train loss=0.0007 top1=1.000 | val loss=0.0024 | t=0.1s
[finetune_replay] ep  25/90 | train loss=0.0006 top1=1.000 | val loss=0.0025 | t=0.1s
[finetune_replay] ep  26/90 | train loss=0.0005 top1=1.000 | val loss=0.0026 | t=0.1s
[finetune_replay] ep  27/90 | train loss=0.0005 top1=1.000 | val loss=0.0030 | t=0.1s
[finetune_replay] ep  28/90 | train loss=0.0006 top1=1.000 | val loss=0.0034 | t=0.1s
[finetune_replay] ep  29/90 | train loss=0.0007 top1=1.000 | val loss=0.0033 | t=0.1s
[finetune_replay] ep  30/90 | train loss=0.0004 top1=1.000 | val loss=0.0029 | t=0.1s
[finetune_replay] ep  31/90 | train loss=0.0005 top1=1.000 | val loss=0.0027 | t=0.1s
[finetune_replay] ep  32/90 | train loss=0.0005 top1=1.000 | val loss=0.0025 | t=0.1s
[finetune_replay] ep  33/90 | train loss=0.0006 top1=1.000 | val loss=0.0025 | t=0.1s
[finetune_replay] ep  34/90 | train loss=0.0005 top1=1.000 | val loss=0.0026 | t=0.1s
[finetune_replay] ep  35/90 | train loss=0.0003 top1=1.000 | val loss=0.0026 | t=0.1s
[finetune_replay] ep  36/90 | train loss=0.0004 top1=1.000 | val loss=0.0027 | t=0.1s
[finetune_replay] ep  37/90 | train loss=0.0005 top1=1.000 | val loss=0.0026 | t=0.1s
[finetune_replay] ep  38/90 | train loss=0.0003 top1=1.000 | val loss=0.0026 | t=0.1s
[finetune_replay] ep  39/90 | train loss=0.0004 top1=1.000 | val loss=0.0025 | t=0.1s
[finetune_replay] ep  40/90 | train loss=0.0003 top1=1.000 | val loss=0.0026 | t=0.1s
[finetune_replay] ep  41/90 | train loss=0.0004 top1=1.000 | val loss=0.0025 | t=0.1s
[finetune_replay] ep  42/90 | train loss=0.0005 top1=1.000 | val loss=0.0025 | t=0.1s
[finetune_replay] ep  43/90 | train loss=0.0004 top1=1.000 | val loss=0.0026 | t=0.1s
[finetune_replay] ep  44/90 | train loss=0.0004 top1=1.000 | val loss=0.0027 | t=0.1s
[finetune_replay] ep  45/90 | train loss=0.0003 top1=1.000 | val loss=0.0027 | t=0.1s
[finetune_replay] ep  46/90 | train loss=0.0004 top1=1.000 | val loss=0.0026 | t=0.1s
[finetune_replay] ep  47/90 | train loss=0.0005 top1=1.000 | val loss=0.0026 | t=0.1s
[finetune_replay] ep  48/90 | train loss=0.0004 top1=1.000 | val loss=0.0025 | t=0.1s
[finetune_replay] ep  49/90 | train loss=0.0004 top1=1.000 | val loss=0.0025 | t=0.1s
[finetune_replay] ep  50/90 | train loss=0.0003 top1=1.000 | val loss=0.0026 | t=0.1s
[finetune_replay] ep  51/90 | train loss=0.0004 top1=1.000 | val loss=0.0026 | t=0.1s
[finetune_replay] ep  52/90 | train loss=0.0004 top1=1.000 | val loss=0.0026 | t=0.1s
[finetune_replay] ep  53/90 | train loss=0.0005 top1=1.000 | val loss=0.0025 | t=0.1s
[finetune_replay] ep  54/90 | train loss=0.0004 top1=1.000 | val loss=0.0024 | t=0.1s
[finetune_replay] ep  55/90 | train loss=0.0002 top1=1.000 | val loss=0.0024 | t=0.1s
[finetune_replay] ep  56/90 | train loss=0.0003 top1=1.000 | val loss=0.0025 | t=0.1s
[finetune_replay] ep  57/90 | train loss=0.0004 top1=1.000 | val loss=0.0025 | t=0.1s
[finetune_replay] ep  58/90 | train loss=0.0003 top1=1.000 | val loss=0.0025 | t=0.1s
[finetune_replay] ep  59/90 | train loss=0.0004 top1=1.000 | val loss=0.0024 | t=0.1s
[finetune_replay] ep  60/90 | train loss=0.0004 top1=1.000 | val loss=0.0022 | t=0.1s  *
[finetune_replay] ep  61/90 | train loss=0.0004 top1=1.000 | val loss=0.0023 | t=0.1s
[finetune_replay] ep  62/90 | train loss=0.0003 top1=1.000 | val loss=0.0023 | t=0.1s
[finetune_replay] ep  63/90 | train loss=0.0004 top1=1.000 | val loss=0.0023 | t=0.1s
[finetune_replay] ep  64/90 | train loss=0.0004 top1=1.000 | val loss=0.0022 | t=0.1s  *
[finetune_replay] ep  65/90 | train loss=0.0003 top1=1.000 | val loss=0.0022 | t=0.1s  *
[finetune_replay] ep  66/90 | train loss=0.0003 top1=1.000 | val loss=0.0023 | t=0.1s
[finetune_replay] ep  67/90 | train loss=0.0003 top1=1.000 | val loss=0.0024 | t=0.1s
[finetune_replay] ep  68/90 | train loss=0.0003 top1=1.000 | val loss=0.0023 | t=0.1s
[finetune_replay] ep  69/90 | train loss=0.0003 top1=1.000 | val loss=0.0023 | t=0.1s
[finetune_replay] ep  70/90 | train loss=0.0004 top1=1.000 | val loss=0.0024 | t=0.1s
[finetune_replay] ep  71/90 | train loss=0.0003 top1=1.000 | val loss=0.0023 | t=0.1s
[finetune_replay] ep  72/90 | train loss=0.0003 top1=1.000 | val loss=0.0022 | t=0.1s
[finetune_replay] ep  73/90 | train loss=0.0004 top1=1.000 | val loss=0.0022 | t=0.1s  *
[finetune_replay] ep  74/90 | train loss=0.0003 top1=1.000 | val loss=0.0023 | t=0.1s
[finetune_replay] ep  75/90 | train loss=0.0004 top1=1.000 | val loss=0.0024 | t=0.1s
[finetune_replay] ep  76/90 | train loss=0.0003 top1=1.000 | val loss=0.0023 | t=0.1s
[finetune_replay] ep  77/90 | train loss=0.0003 top1=1.000 | val loss=0.0023 | t=0.1s
[finetune_replay] ep  78/90 | train loss=0.0003 top1=1.000 | val loss=0.0023 | t=0.1s
[finetune_replay] ep  79/90 | train loss=0.0004 top1=1.000 | val loss=0.0022 | t=0.1s
[finetune_replay] ep  80/90 | train loss=0.0003 top1=1.000 | val loss=0.0023 | t=0.1s
[finetune_replay] ep  81/90 | train loss=0.0002 top1=1.000 | val loss=0.0023 | t=0.1s
[finetune_replay] ep  82/90 | train loss=0.0003 top1=1.000 | val loss=0.0023 | t=0.1s
[finetune_replay] ep  83/90 | train loss=0.0004 top1=1.000 | val loss=0.0023 | t=0.1s
[finetune_replay] ep  84/90 | train loss=0.0003 top1=1.000 | val loss=0.0023 | t=0.1s
[finetune_replay] ep  85/90 | train loss=0.0003 top1=1.000 | val loss=0.0024 | t=0.1s
[finetune_replay] ep  86/90 | train loss=0.0004 top1=1.000 | val loss=0.0024 | t=0.1s
[finetune_replay] ep  87/90 | train loss=0.0003 top1=1.000 | val loss=0.0024 | t=0.1s
[finetune_replay] ep  88/90 | train loss=0.0004 top1=1.000 | val loss=0.0024 | t=0.1s
[finetune_replay] ep  89/90 | train loss=0.0004 top1=1.000 | val loss=0.0023 | t=0.1s
[finetune_replay] ep  90/90 | train loss=0.0003 top1=1.000 | val loss=0.0023 | t=0.1s
[finetune_replay] DONE best_val_loss=0.0022 @ epoch 73
[14:57:00] [iil-baseline] round 4: heldout_sr=0.780

--------------------------------------------------------------------------------
THRIFTY_DAGGER ROUND 5  (remaining budget = 11)
--------------------------------------------------------------------------------
[14:57:18] [iil-baseline] round 5: pool=20 successes=14 failures=6 correction_sr=0.700
[14:57:18] [iil-baseline] round 5: picked=1 saved=1 cum_extras=5/15
[14:57:18] [uncertainty] member 0: $ /home/s226137394/.conda/envs/maze/bin/python3 -u -m Equivariant_pathway.equivariant_CNN_hybrid.baseline_vs_p4.pool_x_selector.trainer.finetune_replay --demo_dir /weka/s226137394/DmNfull/Equivariant_pathway/equivariant_CNN_hybrid/baseline_vs_p4/pool_x_selector/results/run_9/thrifty_dagger/demos --checkpoint_dir /weka/s226137394/DmNfull/Equivariant_pathway/equivariant_CNN_hybrid/baseline_vs_p4/pool_x_selector/results/run_9/thrifty_dagger/checkpoints/member_0 --epochs 90 --batch_size 64 --lr 5e-05 --weight_decay 0.0001 --replay_mix 0.5 --replay_mix_floor 0.2 --seed 9 --resume --new_demos_dir /weka/s226137394/DmNfull/Equivariant_pathway/equivariant_CNN_hybrid/baseline_vs_p4/pool_x_selector/results/run_9/thrifty_dagger/demos/round_005
[finetune_replay] device=cuda demo_dir=/weka/s226137394/DmNfull/Equivariant_pathway/equivariant_CNN_hybrid/baseline_vs_p4/pool_x_selector/results/run_9/thrifty_dagger/demos new_demos_dir=/weka/s226137394/DmNfull/Equivariant_pathway/equivariant_CNN_hybrid/baseline_vs_p4/pool_x_selector/results/run_9/thrifty_dagger/demos/round_005
[hybrid-dataset] 24 demos -> 120 samples
[hybrid-dataset] 1 demos -> 4 samples
[finetune_replay] sampler audit: {'n_old_samples': 120, 'n_new_samples': 4, 'replay_mix_target': 0.5, 'replay_mix_effective': 0.5, 'replay_mix_floor': 0.2}
[finetune_replay] trainable params: 1,400,028
[finetune_replay] WARM START from last_hybrid_policy.pth
[finetune_replay] ep   1/90 | train loss=0.2422 top1=0.929 | val loss=0.2354 | t=0.9s  *
[finetune_replay] ep   2/90 | train loss=0.1211 top1=0.964 | val loss=0.1087 | t=0.2s  *
[finetune_replay] ep   3/90 | train loss=0.0665 top1=1.000 | val loss=0.0079 | t=0.1s  *
[finetune_replay] ep   4/90 | train loss=0.0183 top1=1.000 | val loss=0.0057 | t=0.1s  *
[finetune_replay] ep   5/90 | train loss=0.0681 top1=1.000 | val loss=0.0145 | t=0.2s
[finetune_replay] ep   6/90 | train loss=0.0551 top1=0.991 | val loss=0.0018 | t=0.1s  *
[finetune_replay] ep   7/90 | train loss=0.0038 top1=1.000 | val loss=0.0021 | t=0.1s
[finetune_replay] ep   8/90 | train loss=0.0078 top1=1.000 | val loss=0.0026 | t=0.1s
[finetune_replay] ep   9/90 | train loss=0.0042 top1=1.000 | val loss=0.0020 | t=0.1s
[finetune_replay] ep  10/90 | train loss=0.0028 top1=1.000 | val loss=0.0015 | t=0.1s  *
[finetune_replay] ep  11/90 | train loss=0.0020 top1=1.000 | val loss=0.0017 | t=0.1s
[finetune_replay] ep  12/90 | train loss=0.0034 top1=1.000 | val loss=0.0020 | t=0.1s
[finetune_replay] ep  13/90 | train loss=0.0016 top1=1.000 | val loss=0.0026 | t=0.1s
[finetune_replay] ep  14/90 | train loss=0.0032 top1=1.000 | val loss=0.0027 | t=0.1s
[finetune_replay] ep  15/90 | train loss=0.0025 top1=1.000 | val loss=0.0022 | t=0.1s
[finetune_replay] ep  16/90 | train loss=0.0024 top1=1.000 | val loss=0.0013 | t=0.1s  *
[finetune_replay] ep  17/90 | train loss=0.0014 top1=1.000 | val loss=0.0012 | t=0.1s  *
[finetune_replay] ep  18/90 | train loss=0.0013 top1=1.000 | val loss=0.0012 | t=0.1s
[finetune_replay] ep  19/90 | train loss=0.0018 top1=1.000 | val loss=0.0012 | t=0.1s
[finetune_replay] ep  20/90 | train loss=0.0012 top1=1.000 | val loss=0.0012 | t=0.1s
[finetune_replay] ep  21/90 | train loss=0.0009 top1=1.000 | val loss=0.0012 | t=0.1s
[finetune_replay] ep  22/90 | train loss=0.0009 top1=1.000 | val loss=0.0013 | t=0.1s
[finetune_replay] ep  23/90 | train loss=0.0011 top1=1.000 | val loss=0.0014 | t=0.1s
[finetune_replay] ep  24/90 | train loss=0.0010 top1=1.000 | val loss=0.0014 | t=0.1s
[finetune_replay] ep  25/90 | train loss=0.0012 top1=1.000 | val loss=0.0014 | t=0.2s
[finetune_replay] ep  26/90 | train loss=0.0007 top1=1.000 | val loss=0.0014 | t=0.1s
[finetune_replay] ep  27/90 | train loss=0.0011 top1=1.000 | val loss=0.0014 | t=0.1s
[finetune_replay] ep  28/90 | train loss=0.0005 top1=1.000 | val loss=0.0013 | t=0.1s
[finetune_replay] ep  29/90 | train loss=0.0008 top1=1.000 | val loss=0.0012 | t=0.1s
[finetune_replay] ep  30/90 | train loss=0.0010 top1=1.000 | val loss=0.0012 | t=0.1s
[finetune_replay] ep  31/90 | train loss=0.0008 top1=1.000 | val loss=0.0012 | t=0.1s  *
[finetune_replay] ep  32/90 | train loss=0.0007 top1=1.000 | val loss=0.0012 | t=0.1s  *
[finetune_replay] ep  33/90 | train loss=0.0009 top1=1.000 | val loss=0.0012 | t=0.1s  *
[finetune_replay] ep  34/90 | train loss=0.0008 top1=1.000 | val loss=0.0011 | t=0.1s  *
[finetune_replay] ep  35/90 | train loss=0.0008 top1=1.000 | val loss=0.0012 | t=0.1s
[finetune_replay] ep  36/90 | train loss=0.0008 top1=1.000 | val loss=0.0011 | t=0.1s  *
[finetune_replay] ep  37/90 | train loss=0.0009 top1=1.000 | val loss=0.0011 | t=0.1s  *
[finetune_replay] ep  38/90 | train loss=0.0006 top1=1.000 | val loss=0.0011 | t=0.1s  *
[finetune_replay] ep  39/90 | train loss=0.0008 top1=1.000 | val loss=0.0011 | t=0.1s
[finetune_replay] ep  40/90 | train loss=0.0005 top1=1.000 | val loss=0.0011 | t=0.1s
[finetune_replay] ep  41/90 | train loss=0.0006 top1=1.000 | val loss=0.0011 | t=0.1s
[finetune_replay] ep  42/90 | train loss=0.0008 top1=1.000 | val loss=0.0012 | t=0.1s
[finetune_replay] ep  43/90 | train loss=0.0007 top1=1.000 | val loss=0.0012 | t=0.1s
[finetune_replay] ep  44/90 | train loss=0.0005 top1=1.000 | val loss=0.0012 | t=0.1s
[finetune_replay] ep  45/90 | train loss=0.0006 top1=1.000 | val loss=0.0012 | t=0.1s
[finetune_replay] ep  46/90 | train loss=0.0008 top1=1.000 | val loss=0.0012 | t=0.1s
[finetune_replay] ep  47/90 | train loss=0.0007 top1=1.000 | val loss=0.0011 | t=0.1s
[finetune_replay] ep  48/90 | train loss=0.0007 top1=1.000 | val loss=0.0011 | t=0.1s
[finetune_replay] ep  49/90 | train loss=0.0008 top1=1.000 | val loss=0.0011 | t=0.1s  *
[finetune_replay] ep  50/90 | train loss=0.0006 top1=1.000 | val loss=0.0011 | t=0.1s  *
[finetune_replay] ep  51/90 | train loss=0.0007 top1=1.000 | val loss=0.0011 | t=0.1s  *
[finetune_replay] ep  52/90 | train loss=0.0005 top1=1.000 | val loss=0.0011 | t=0.1s
[finetune_replay] ep  53/90 | train loss=0.0006 top1=1.000 | val loss=0.0011 | t=0.1s
[finetune_replay] ep  54/90 | train loss=0.0008 top1=1.000 | val loss=0.0011 | t=0.1s
[finetune_replay] ep  55/90 | train loss=0.0006 top1=1.000 | val loss=0.0011 | t=0.1s
[finetune_replay] ep  56/90 | train loss=0.0007 top1=1.000 | val loss=0.0011 | t=0.1s
[finetune_replay] ep  57/90 | train loss=0.0005 top1=1.000 | val loss=0.0011 | t=0.1s
[finetune_replay] ep  58/90 | train loss=0.0007 top1=1.000 | val loss=0.0012 | t=0.1s
[finetune_replay] ep  59/90 | train loss=0.0006 top1=1.000 | val loss=0.0012 | t=0.1s
[finetune_replay] ep  60/90 | train loss=0.0007 top1=1.000 | val loss=0.0012 | t=0.1s
[finetune_replay] ep  61/90 | train loss=0.0007 top1=1.000 | val loss=0.0012 | t=0.1s
[finetune_replay] ep  62/90 | train loss=0.0007 top1=1.000 | val loss=0.0012 | t=0.1s
[finetune_replay] ep  63/90 | train loss=0.0007 top1=1.000 | val loss=0.0012 | t=0.1s
[finetune_replay] ep  64/90 | train loss=0.0007 top1=1.000 | val loss=0.0012 | t=0.1s
[finetune_replay] ep  65/90 | train loss=0.0006 top1=1.000 | val loss=0.0012 | t=0.1s
[finetune_replay] ep  66/90 | train loss=0.0006 top1=1.000 | val loss=0.0012 | t=0.1s
[finetune_replay] ep  67/90 | train loss=0.0006 top1=1.000 | val loss=0.0012 | t=0.1s
[finetune_replay] ep  68/90 | train loss=0.0007 top1=1.000 | val loss=0.0012 | t=0.1s
[finetune_replay] ep  69/90 | train loss=0.0006 top1=1.000 | val loss=0.0011 | t=0.1s
[finetune_replay] ep  70/90 | train loss=0.0007 top1=1.000 | val loss=0.0011 | t=0.1s
[finetune_replay] ep  71/90 | train loss=0.0007 top1=1.000 | val loss=0.0011 | t=0.1s
[finetune_replay] ep  72/90 | train loss=0.0007 top1=1.000 | val loss=0.0011 | t=0.1s
[finetune_replay] ep  73/90 | train loss=0.0006 top1=1.000 | val loss=0.0012 | t=0.1s
[finetune_replay] ep  74/90 | train loss=0.0005 top1=1.000 | val loss=0.0012 | t=0.1s
[finetune_replay] ep  75/90 | train loss=0.0005 top1=1.000 | val loss=0.0012 | t=0.1s
[finetune_replay] ep  76/90 | train loss=0.0006 top1=1.000 | val loss=0.0012 | t=0.1s
[finetune_replay] ep  77/90 | train loss=0.0006 top1=1.000 | val loss=0.0012 | t=0.1s
[finetune_replay] ep  78/90 | train loss=0.0007 top1=1.000 | val loss=0.0011 | t=0.1s
[finetune_replay] ep  79/90 | train loss=0.0007 top1=1.000 | val loss=0.0012 | t=0.1s
[finetune_replay] ep  80/90 | train loss=0.0006 top1=1.000 | val loss=0.0012 | t=0.1s
[finetune_replay] ep  81/90 | train loss=0.0005 top1=1.000 | val loss=0.0012 | t=0.1s
[finetune_replay] ep  82/90 | train loss=0.0006 top1=1.000 | val loss=0.0012 | t=0.1s
[finetune_replay] ep  83/90 | train loss=0.0005 top1=1.000 | val loss=0.0012 | t=0.1s
[finetune_replay] ep  84/90 | train loss=0.0005 top1=1.000 | val loss=0.0012 | t=0.1s
[finetune_replay] ep  85/90 | train loss=0.0006 top1=1.000 | val loss=0.0012 | t=0.1s
[finetune_replay] ep  86/90 | train loss=0.0008 top1=1.000 | val loss=0.0011 | t=0.1s
[finetune_replay] ep  87/90 | train loss=0.0005 top1=1.000 | val loss=0.0011 | t=0.1s
[finetune_replay] ep  88/90 | train loss=0.0007 top1=1.000 | val loss=0.0011 | t=0.1s
[finetune_replay] ep  89/90 | train loss=0.0005 top1=1.000 | val loss=0.0012 | t=0.1s
[finetune_replay] ep  90/90 | train loss=0.0006 top1=1.000 | val loss=0.0011 | t=0.1s
[finetune_replay] DONE best_val_loss=0.0011 @ epoch 51
[14:57:43] [uncertainty] member 1: $ /home/s226137394/.conda/envs/maze/bin/python3 -u -m Equivariant_pathway.equivariant_CNN_hybrid.baseline_vs_p4.pool_x_selector.trainer.finetune_replay --demo_dir /weka/s226137394/DmNfull/Equivariant_pathway/equivariant_CNN_hybrid/baseline_vs_p4/pool_x_selector/results/run_9/thrifty_dagger/demos --checkpoint_dir /weka/s226137394/DmNfull/Equivariant_pathway/equivariant_CNN_hybrid/baseline_vs_p4/pool_x_selector/results/run_9/thrifty_dagger/checkpoints/member_1 --epochs 90 --batch_size 64 --lr 5e-05 --weight_decay 0.0001 --replay_mix 0.5 --replay_mix_floor 0.2 --seed 110 --resume --new_demos_dir /weka/s226137394/DmNfull/Equivariant_pathway/equivariant_CNN_hybrid/baseline_vs_p4/pool_x_selector/results/run_9/thrifty_dagger/demos/round_005
[finetune_replay] device=cuda demo_dir=/weka/s226137394/DmNfull/Equivariant_pathway/equivariant_CNN_hybrid/baseline_vs_p4/pool_x_selector/results/run_9/thrifty_dagger/demos new_demos_dir=/weka/s226137394/DmNfull/Equivariant_pathway/equivariant_CNN_hybrid/baseline_vs_p4/pool_x_selector/results/run_9/thrifty_dagger/demos/round_005
[hybrid-dataset] 24 demos -> 120 samples
[hybrid-dataset] 1 demos -> 4 samples
[finetune_replay] sampler audit: {'n_old_samples': 120, 'n_new_samples': 4, 'replay_mix_target': 0.5, 'replay_mix_effective': 0.5, 'replay_mix_floor': 0.2}
[finetune_replay] trainable params: 1,400,028
[finetune_replay] WARM START from last_hybrid_policy.pth
[finetune_replay] ep   1/90 | train loss=0.1748 top1=1.000 | val loss=0.0251 | t=1.0s  *
[finetune_replay] ep   2/90 | train loss=0.0357 top1=1.000 | val loss=0.0022 | t=0.2s  *
[finetune_replay] ep   3/90 | train loss=0.0082 top1=1.000 | val loss=0.0029 | t=0.2s
[finetune_replay] ep   4/90 | train loss=0.0059 top1=1.000 | val loss=0.0048 | t=0.2s
[finetune_replay] ep   5/90 | train loss=0.0032 top1=1.000 | val loss=0.0036 | t=0.1s
[finetune_replay] ep   6/90 | train loss=0.0016 top1=1.000 | val loss=0.0028 | t=0.1s
[finetune_replay] ep   7/90 | train loss=0.0022 top1=1.000 | val loss=0.0023 | t=0.1s
[finetune_replay] ep   8/90 | train loss=0.0015 top1=1.000 | val loss=0.0018 | t=0.1s  *
[finetune_replay] ep   9/90 | train loss=0.0016 top1=1.000 | val loss=0.0018 | t=0.1s  *
[finetune_replay] ep  10/90 | train loss=0.0012 top1=1.000 | val loss=0.0018 | t=0.2s  *
[finetune_replay] ep  11/90 | train loss=0.0012 top1=1.000 | val loss=0.0016 | t=0.1s  *
[finetune_replay] ep  12/90 | train loss=0.0012 top1=1.000 | val loss=0.0015 | t=0.1s  *
[finetune_replay] ep  13/90 | train loss=0.0008 top1=1.000 | val loss=0.0015 | t=0.1s  *
[finetune_replay] ep  14/90 | train loss=0.0010 top1=1.000 | val loss=0.0015 | t=0.1s  *
[finetune_replay] ep  15/90 | train loss=0.0008 top1=1.000 | val loss=0.0014 | t=0.1s  *
[finetune_replay] ep  16/90 | train loss=0.0009 top1=1.000 | val loss=0.0013 | t=0.1s  *
[finetune_replay] ep  17/90 | train loss=0.0008 top1=1.000 | val loss=0.0012 | t=0.1s  *
[finetune_replay] ep  18/90 | train loss=0.0006 top1=1.000 | val loss=0.0012 | t=0.1s  *
[finetune_replay] ep  19/90 | train loss=0.0009 top1=1.000 | val loss=0.0012 | t=0.1s  *
[finetune_replay] ep  20/90 | train loss=0.0007 top1=1.000 | val loss=0.0012 | t=0.1s  *
[finetune_replay] ep  21/90 | train loss=0.0008 top1=1.000 | val loss=0.0012 | t=0.1s
[finetune_replay] ep  22/90 | train loss=0.0006 top1=1.000 | val loss=0.0012 | t=0.1s  *
[finetune_replay] ep  23/90 | train loss=0.0006 top1=1.000 | val loss=0.0012 | t=0.1s  *
[finetune_replay] ep  24/90 | train loss=0.0007 top1=1.000 | val loss=0.0011 | t=0.1s  *
[finetune_replay] ep  25/90 | train loss=0.0007 top1=1.000 | val loss=0.0011 | t=0.1s  *
[finetune_replay] ep  26/90 | train loss=0.0006 top1=1.000 | val loss=0.0011 | t=0.1s
[finetune_replay] ep  27/90 | train loss=0.0007 top1=1.000 | val loss=0.0011 | t=0.1s  *
[finetune_replay] ep  28/90 | train loss=0.0007 top1=1.000 | val loss=0.0011 | t=0.1s  *
[finetune_replay] ep  29/90 | train loss=0.0007 top1=1.000 | val loss=0.0011 | t=0.1s  *
[finetune_replay] ep  30/90 | train loss=0.0007 top1=1.000 | val loss=0.0011 | t=0.1s
[finetune_replay] ep  31/90 | train loss=0.0006 top1=1.000 | val loss=0.0011 | t=0.1s
[finetune_replay] ep  32/90 | train loss=0.0005 top1=1.000 | val loss=0.0011 | t=0.1s
[finetune_replay] ep  33/90 | train loss=0.0005 top1=1.000 | val loss=0.0011 | t=0.1s
[finetune_replay] ep  34/90 | train loss=0.0006 top1=1.000 | val loss=0.0011 | t=0.1s
[finetune_replay] ep  35/90 | train loss=0.0005 top1=1.000 | val loss=0.0010 | t=0.1s  *
[finetune_replay] ep  36/90 | train loss=0.0006 top1=1.000 | val loss=0.0010 | t=0.1s  *
[finetune_replay] ep  37/90 | train loss=0.0006 top1=1.000 | val loss=0.0010 | t=0.1s  *
[finetune_replay] ep  38/90 | train loss=0.0007 top1=1.000 | val loss=0.0010 | t=0.1s  *
[finetune_replay] ep  39/90 | train loss=0.0006 top1=1.000 | val loss=0.0010 | t=0.1s
[finetune_replay] ep  40/90 | train loss=0.0005 top1=1.000 | val loss=0.0010 | t=0.1s  *
[finetune_replay] ep  41/90 | train loss=0.0004 top1=1.000 | val loss=0.0010 | t=0.1s
[finetune_replay] ep  42/90 | train loss=0.0005 top1=1.000 | val loss=0.0010 | t=0.1s
[finetune_replay] ep  43/90 | train loss=0.0005 top1=1.000 | val loss=0.0011 | t=0.1s
[finetune_replay] ep  44/90 | train loss=0.0006 top1=1.000 | val loss=0.0011 | t=0.1s
[finetune_replay] ep  45/90 | train loss=0.0005 top1=1.000 | val loss=0.0011 | t=0.1s
[finetune_replay] ep  46/90 | train loss=0.0005 top1=1.000 | val loss=0.0011 | t=0.1s
[finetune_replay] ep  47/90 | train loss=0.0005 top1=1.000 | val loss=0.0011 | t=0.1s
[finetune_replay] ep  48/90 | train loss=0.0005 top1=1.000 | val loss=0.0010 | t=0.1s
[finetune_replay] ep  49/90 | train loss=0.0006 top1=1.000 | val loss=0.0010 | t=0.1s
[finetune_replay] ep  50/90 | train loss=0.0006 top1=1.000 | val loss=0.0010 | t=0.1s  *
[finetune_replay] ep  51/90 | train loss=0.0006 top1=1.000 | val loss=0.0010 | t=0.1s  *
[finetune_replay] ep  52/90 | train loss=0.0005 top1=1.000 | val loss=0.0010 | t=0.1s  *
[finetune_replay] ep  53/90 | train loss=0.0005 top1=1.000 | val loss=0.0010 | t=0.1s
[finetune_replay] ep  54/90 | train loss=0.0004 top1=1.000 | val loss=0.0010 | t=0.1s
[finetune_replay] ep  55/90 | train loss=0.0004 top1=1.000 | val loss=0.0010 | t=0.1s
[finetune_replay] ep  56/90 | train loss=0.0005 top1=1.000 | val loss=0.0010 | t=0.1s
[finetune_replay] ep  57/90 | train loss=0.0005 top1=1.000 | val loss=0.0010 | t=0.1s
[finetune_replay] ep  58/90 | train loss=0.0006 top1=1.000 | val loss=0.0010 | t=0.1s
[finetune_replay] ep  59/90 | train loss=0.0004 top1=1.000 | val loss=0.0010 | t=0.1s
[finetune_replay] ep  60/90 | train loss=0.0005 top1=1.000 | val loss=0.0010 | t=0.1s
[finetune_replay] ep  61/90 | train loss=0.0004 top1=1.000 | val loss=0.0010 | t=0.1s
[finetune_replay] ep  62/90 | train loss=0.0005 top1=1.000 | val loss=0.0009 | t=0.1s  *
[finetune_replay] ep  63/90 | train loss=0.0005 top1=1.000 | val loss=0.0009 | t=0.1s  *
[finetune_replay] ep  64/90 | train loss=0.0005 top1=1.000 | val loss=0.0009 | t=0.2s
[finetune_replay] ep  65/90 | train loss=0.0005 top1=1.000 | val loss=0.0009 | t=0.1s  *
[finetune_replay] ep  66/90 | train loss=0.0005 top1=1.000 | val loss=0.0009 | t=0.1s
[finetune_replay] ep  67/90 | train loss=0.0004 top1=1.000 | val loss=0.0009 | t=0.1s
[finetune_replay] ep  68/90 | train loss=0.0005 top1=1.000 | val loss=0.0010 | t=0.1s
[finetune_replay] ep  69/90 | train loss=0.0004 top1=1.000 | val loss=0.0010 | t=0.1s
[finetune_replay] ep  70/90 | train loss=0.0004 top1=1.000 | val loss=0.0010 | t=0.1s
[finetune_replay] ep  71/90 | train loss=0.0006 top1=1.000 | val loss=0.0010 | t=0.1s
[finetune_replay] ep  72/90 | train loss=0.0005 top1=1.000 | val loss=0.0010 | t=0.1s
[finetune_replay] ep  73/90 | train loss=0.0005 top1=1.000 | val loss=0.0010 | t=0.1s
[finetune_replay] ep  74/90 | train loss=0.0004 top1=1.000 | val loss=0.0010 | t=0.1s
[finetune_replay] ep  75/90 | train loss=0.0005 top1=1.000 | val loss=0.0010 | t=0.1s
[finetune_replay] ep  76/90 | train loss=0.0005 top1=1.000 | val loss=0.0010 | t=0.1s
[finetune_replay] ep  77/90 | train loss=0.0004 top1=1.000 | val loss=0.0010 | t=0.1s
[finetune_replay] ep  78/90 | train loss=0.0003 top1=1.000 | val loss=0.0010 | t=0.1s
[finetune_replay] ep  79/90 | train loss=0.0005 top1=1.000 | val loss=0.0009 | t=0.1s
[finetune_replay] ep  80/90 | train loss=0.0005 top1=1.000 | val loss=0.0009 | t=0.1s
[finetune_replay] ep  81/90 | train loss=0.0005 top1=1.000 | val loss=0.0010 | t=0.1s
[finetune_replay] ep  82/90 | train loss=0.0005 top1=1.000 | val loss=0.0010 | t=0.1s
[finetune_replay] ep  83/90 | train loss=0.0004 top1=1.000 | val loss=0.0010 | t=0.1s
[finetune_replay] ep  84/90 | train loss=0.0004 top1=1.000 | val loss=0.0010 | t=0.1s
[finetune_replay] ep  85/90 | train loss=0.0004 top1=1.000 | val loss=0.0010 | t=0.1s
[finetune_replay] ep  86/90 | train loss=0.0005 top1=1.000 | val loss=0.0010 | t=0.1s
[finetune_replay] ep  87/90 | train loss=0.0004 top1=1.000 | val loss=0.0010 | t=0.1s
[finetune_replay] ep  88/90 | train loss=0.0005 top1=1.000 | val loss=0.0010 | t=0.1s
[finetune_replay] ep  89/90 | train loss=0.0004 top1=1.000 | val loss=0.0010 | t=0.1s
[finetune_replay] ep  90/90 | train loss=0.0005 top1=1.000 | val loss=0.0010 | t=0.1s
[finetune_replay] DONE best_val_loss=0.0009 @ epoch 65
[14:58:11] [uncertainty] member 2: $ /home/s226137394/.conda/envs/maze/bin/python3 -u -m Equivariant_pathway.equivariant_CNN_hybrid.baseline_vs_p4.pool_x_selector.trainer.finetune_replay --demo_dir /weka/s226137394/DmNfull/Equivariant_pathway/equivariant_CNN_hybrid/baseline_vs_p4/pool_x_selector/results/run_9/thrifty_dagger/demos --checkpoint_dir /weka/s226137394/DmNfull/Equivariant_pathway/equivariant_CNN_hybrid/baseline_vs_p4/pool_x_selector/results/run_9/thrifty_dagger/checkpoints/member_2 --epochs 90 --batch_size 64 --lr 5e-05 --weight_decay 0.0001 --replay_mix 0.5 --replay_mix_floor 0.2 --seed 211 --resume --new_demos_dir /weka/s226137394/DmNfull/Equivariant_pathway/equivariant_CNN_hybrid/baseline_vs_p4/pool_x_selector/results/run_9/thrifty_dagger/demos/round_005
[finetune_replay] device=cuda demo_dir=/weka/s226137394/DmNfull/Equivariant_pathway/equivariant_CNN_hybrid/baseline_vs_p4/pool_x_selector/results/run_9/thrifty_dagger/demos new_demos_dir=/weka/s226137394/DmNfull/Equivariant_pathway/equivariant_CNN_hybrid/baseline_vs_p4/pool_x_selector/results/run_9/thrifty_dagger/demos/round_005
[hybrid-dataset] 24 demos -> 120 samples
[hybrid-dataset] 1 demos -> 4 samples
[finetune_replay] sampler audit: {'n_old_samples': 120, 'n_new_samples': 4, 'replay_mix_target': 0.5, 'replay_mix_effective': 0.5, 'replay_mix_floor': 0.2}
[finetune_replay] trainable params: 1,400,028
[finetune_replay] WARM START from last_hybrid_policy.pth
[finetune_replay] ep   1/90 | train loss=0.1710 top1=1.000 | val loss=0.1537 | t=1.0s  *
[finetune_replay] ep   2/90 | train loss=0.0392 top1=0.991 | val loss=0.0210 | t=0.2s  *
[finetune_replay] ep   3/90 | train loss=0.0093 top1=1.000 | val loss=0.0027 | t=0.2s  *
[finetune_replay] ep   4/90 | train loss=0.0097 top1=1.000 | val loss=0.0042 | t=0.1s
[finetune_replay] ep   5/90 | train loss=0.0073 top1=1.000 | val loss=0.0081 | t=0.2s
[finetune_replay] ep   6/90 | train loss=0.0034 top1=1.000 | val loss=0.0075 | t=0.1s
[finetune_replay] ep   7/90 | train loss=0.0021 top1=1.000 | val loss=0.0063 | t=0.1s
[finetune_replay] ep   8/90 | train loss=0.0023 top1=1.000 | val loss=0.0059 | t=0.2s
[finetune_replay] ep   9/90 | train loss=0.0022 top1=1.000 | val loss=0.0032 | t=0.1s
[finetune_replay] ep  10/90 | train loss=0.0015 top1=1.000 | val loss=0.0019 | t=0.1s  *
[finetune_replay] ep  11/90 | train loss=0.0017 top1=1.000 | val loss=0.0018 | t=0.1s  *
[finetune_replay] ep  12/90 | train loss=0.0014 top1=1.000 | val loss=0.0018 | t=0.1s
[finetune_replay] ep  13/90 | train loss=0.0013 top1=1.000 | val loss=0.0019 | t=0.1s
[finetune_replay] ep  14/90 | train loss=0.0011 top1=1.000 | val loss=0.0021 | t=0.1s
[finetune_replay] ep  15/90 | train loss=0.0010 top1=1.000 | val loss=0.0022 | t=0.1s
[finetune_replay] ep  16/90 | train loss=0.0008 top1=1.000 | val loss=0.0019 | t=0.1s
[finetune_replay] ep  17/90 | train loss=0.0008 top1=1.000 | val loss=0.0017 | t=0.1s  *
[finetune_replay] ep  18/90 | train loss=0.0007 top1=1.000 | val loss=0.0015 | t=0.1s  *
[finetune_replay] ep  19/90 | train loss=0.0007 top1=1.000 | val loss=0.0013 | t=0.1s  *
[finetune_replay] ep  20/90 | train loss=0.0006 top1=1.000 | val loss=0.0013 | t=0.2s  *
[finetune_replay] ep  21/90 | train loss=0.0008 top1=1.000 | val loss=0.0013 | t=0.1s
[finetune_replay] ep  22/90 | train loss=0.0007 top1=1.000 | val loss=0.0013 | t=0.1s
[finetune_replay] ep  23/90 | train loss=0.0009 top1=1.000 | val loss=0.0014 | t=0.1s
[finetune_replay] ep  24/90 | train loss=0.0007 top1=1.000 | val loss=0.0014 | t=0.1s
[finetune_replay] ep  25/90 | train loss=0.0007 top1=1.000 | val loss=0.0014 | t=0.1s
[finetune_replay] ep  26/90 | train loss=0.0007 top1=1.000 | val loss=0.0014 | t=0.1s
[finetune_replay] ep  27/90 | train loss=0.0007 top1=1.000 | val loss=0.0014 | t=0.1s
[finetune_replay] ep  28/90 | train loss=0.0007 top1=1.000 | val loss=0.0014 | t=0.1s
[finetune_replay] ep  29/90 | train loss=0.0007 top1=1.000 | val loss=0.0014 | t=0.1s
[finetune_replay] ep  30/90 | train loss=0.0006 top1=1.000 | val loss=0.0015 | t=0.1s
[finetune_replay] ep  31/90 | train loss=0.0006 top1=1.000 | val loss=0.0016 | t=0.1s
[finetune_replay] ep  32/90 | train loss=0.0008 top1=1.000 | val loss=0.0017 | t=0.1s
[finetune_replay] ep  33/90 | train loss=0.0007 top1=1.000 | val loss=0.0016 | t=0.1s
[finetune_replay] ep  34/90 | train loss=0.0006 top1=1.000 | val loss=0.0015 | t=0.1s
[finetune_replay] ep  35/90 | train loss=0.0006 top1=1.000 | val loss=0.0013 | t=0.1s
[finetune_replay] ep  36/90 | train loss=0.0005 top1=1.000 | val loss=0.0013 | t=0.1s  *
[finetune_replay] ep  37/90 | train loss=0.0006 top1=1.000 | val loss=0.0013 | t=0.1s
[finetune_replay] ep  38/90 | train loss=0.0005 top1=1.000 | val loss=0.0013 | t=0.1s
[finetune_replay] ep  39/90 | train loss=0.0007 top1=1.000 | val loss=0.0013 | t=0.1s
[finetune_replay] ep  40/90 | train loss=0.0006 top1=1.000 | val loss=0.0013 | t=0.1s
[finetune_replay] ep  41/90 | train loss=0.0005 top1=1.000 | val loss=0.0013 | t=0.1s
[finetune_replay] ep  42/90 | train loss=0.0005 top1=1.000 | val loss=0.0013 | t=0.1s
[finetune_replay] ep  43/90 | train loss=0.0005 top1=1.000 | val loss=0.0013 | t=0.1s
[finetune_replay] ep  44/90 | train loss=0.0006 top1=1.000 | val loss=0.0013 | t=0.1s
[finetune_replay] ep  45/90 | train loss=0.0005 top1=1.000 | val loss=0.0013 | t=0.1s
[finetune_replay] ep  46/90 | train loss=0.0005 top1=1.000 | val loss=0.0013 | t=0.1s
[finetune_replay] ep  47/90 | train loss=0.0007 top1=1.000 | val loss=0.0012 | t=0.1s  *
[finetune_replay] ep  48/90 | train loss=0.0004 top1=1.000 | val loss=0.0012 | t=0.1s  *
[finetune_replay] ep  49/90 | train loss=0.0004 top1=1.000 | val loss=0.0012 | t=0.1s
[finetune_replay] ep  50/90 | train loss=0.0005 top1=1.000 | val loss=0.0012 | t=0.1s
[finetune_replay] ep  51/90 | train loss=0.0006 top1=1.000 | val loss=0.0012 | t=0.1s
[finetune_replay] ep  52/90 | train loss=0.0005 top1=1.000 | val loss=0.0012 | t=0.1s  *
[finetune_replay] ep  53/90 | train loss=0.0005 top1=1.000 | val loss=0.0012 | t=0.1s  *
[finetune_replay] ep  54/90 | train loss=0.0005 top1=1.000 | val loss=0.0012 | t=0.1s  *
[finetune_replay] ep  55/90 | train loss=0.0005 top1=1.000 | val loss=0.0011 | t=0.1s  *
[finetune_replay] ep  56/90 | train loss=0.0004 top1=1.000 | val loss=0.0012 | t=0.1s
[finetune_replay] ep  57/90 | train loss=0.0005 top1=1.000 | val loss=0.0012 | t=0.1s
[finetune_replay] ep  58/90 | train loss=0.0005 top1=1.000 | val loss=0.0011 | t=0.1s
[finetune_replay] ep  59/90 | train loss=0.0004 top1=1.000 | val loss=0.0012 | t=0.1s
[finetune_replay] ep  60/90 | train loss=0.0004 top1=1.000 | val loss=0.0012 | t=0.1s
[finetune_replay] ep  61/90 | train loss=0.0005 top1=1.000 | val loss=0.0012 | t=0.1s
[finetune_replay] ep  62/90 | train loss=0.0005 top1=1.000 | val loss=0.0012 | t=0.1s
[finetune_replay] ep  63/90 | train loss=0.0005 top1=1.000 | val loss=0.0012 | t=0.1s
[finetune_replay] ep  64/90 | train loss=0.0005 top1=1.000 | val loss=0.0012 | t=0.1s
[finetune_replay] ep  65/90 | train loss=0.0006 top1=1.000 | val loss=0.0012 | t=0.1s
[finetune_replay] ep  66/90 | train loss=0.0006 top1=1.000 | val loss=0.0011 | t=0.1s  *
[finetune_replay] ep  67/90 | train loss=0.0005 top1=1.000 | val loss=0.0011 | t=0.1s
[finetune_replay] ep  68/90 | train loss=0.0004 top1=1.000 | val loss=0.0011 | t=0.1s
[finetune_replay] ep  69/90 | train loss=0.0005 top1=1.000 | val loss=0.0011 | t=0.2s  *
[finetune_replay] ep  70/90 | train loss=0.0005 top1=1.000 | val loss=0.0011 | t=0.1s  *
[finetune_replay] ep  71/90 | train loss=0.0004 top1=1.000 | val loss=0.0011 | t=0.1s  *
[finetune_replay] ep  72/90 | train loss=0.0004 top1=1.000 | val loss=0.0011 | t=0.1s  *
[finetune_replay] ep  73/90 | train loss=0.0004 top1=1.000 | val loss=0.0011 | t=0.1s  *
[finetune_replay] ep  74/90 | train loss=0.0005 top1=1.000 | val loss=0.0011 | t=0.1s
[finetune_replay] ep  75/90 | train loss=0.0004 top1=1.000 | val loss=0.0011 | t=0.1s
[finetune_replay] ep  76/90 | train loss=0.0004 top1=1.000 | val loss=0.0011 | t=0.1s
[finetune_replay] ep  77/90 | train loss=0.0004 top1=1.000 | val loss=0.0011 | t=0.1s
[finetune_replay] ep  78/90 | train loss=0.0005 top1=1.000 | val loss=0.0011 | t=0.1s
[finetune_replay] ep  79/90 | train loss=0.0004 top1=1.000 | val loss=0.0011 | t=0.1s
[finetune_replay] ep  80/90 | train loss=0.0005 top1=1.000 | val loss=0.0011 | t=0.1s
[finetune_replay] ep  81/90 | train loss=0.0005 top1=1.000 | val loss=0.0011 | t=0.1s
[finetune_replay] ep  82/90 | train loss=0.0004 top1=1.000 | val loss=0.0011 | t=0.1s
[finetune_replay] ep  83/90 | train loss=0.0005 top1=1.000 | val loss=0.0011 | t=0.1s
[finetune_replay] ep  84/90 | train loss=0.0005 top1=1.000 | val loss=0.0012 | t=0.1s
[finetune_replay] ep  85/90 | train loss=0.0003 top1=1.000 | val loss=0.0012 | t=0.1s
[finetune_replay] ep  86/90 | train loss=0.0004 top1=1.000 | val loss=0.0011 | t=0.1s
[finetune_replay] ep  87/90 | train loss=0.0006 top1=1.000 | val loss=0.0011 | t=0.1s
[finetune_replay] ep  88/90 | train loss=0.0003 top1=1.000 | val loss=0.0011 | t=0.1s
[finetune_replay] ep  89/90 | train loss=0.0004 top1=1.000 | val loss=0.0011 | t=0.1s
[finetune_replay] ep  90/90 | train loss=0.0004 top1=1.000 | val loss=0.0011 | t=0.1s
[finetune_replay] DONE best_val_loss=0.0011 @ epoch 73
[14:58:38] [uncertainty] member 3: $ /home/s226137394/.conda/envs/maze/bin/python3 -u -m Equivariant_pathway.equivariant_CNN_hybrid.baseline_vs_p4.pool_x_selector.trainer.finetune_replay --demo_dir /weka/s226137394/DmNfull/Equivariant_pathway/equivariant_CNN_hybrid/baseline_vs_p4/pool_x_selector/results/run_9/thrifty_dagger/demos --checkpoint_dir /weka/s226137394/DmNfull/Equivariant_pathway/equivariant_CNN_hybrid/baseline_vs_p4/pool_x_selector/results/run_9/thrifty_dagger/checkpoints/member_3 --epochs 90 --batch_size 64 --lr 5e-05 --weight_decay 0.0001 --replay_mix 0.5 --replay_mix_floor 0.2 --seed 312 --resume --new_demos_dir /weka/s226137394/DmNfull/Equivariant_pathway/equivariant_CNN_hybrid/baseline_vs_p4/pool_x_selector/results/run_9/thrifty_dagger/demos/round_005
[finetune_replay] device=cuda demo_dir=/weka/s226137394/DmNfull/Equivariant_pathway/equivariant_CNN_hybrid/baseline_vs_p4/pool_x_selector/results/run_9/thrifty_dagger/demos new_demos_dir=/weka/s226137394/DmNfull/Equivariant_pathway/equivariant_CNN_hybrid/baseline_vs_p4/pool_x_selector/results/run_9/thrifty_dagger/demos/round_005
[hybrid-dataset] 24 demos -> 120 samples
[hybrid-dataset] 1 demos -> 4 samples
[finetune_replay] sampler audit: {'n_old_samples': 120, 'n_new_samples': 4, 'replay_mix_target': 0.5, 'replay_mix_effective': 0.5, 'replay_mix_floor': 0.2}
[finetune_replay] trainable params: 1,400,028
[finetune_replay] WARM START from last_hybrid_policy.pth
[finetune_replay] ep   1/90 | train loss=0.1660 top1=1.000 | val loss=0.0539 | t=0.9s  *
[finetune_replay] ep   2/90 | train loss=0.0386 top1=1.000 | val loss=0.0080 | t=0.1s  *
[finetune_replay] ep   3/90 | train loss=0.0114 top1=1.000 | val loss=0.0035 | t=0.1s  *
[finetune_replay] ep   4/90 | train loss=0.0120 top1=1.000 | val loss=0.0074 | t=0.1s
[finetune_replay] ep   5/90 | train loss=0.0050 top1=1.000 | val loss=0.0059 | t=0.2s
[finetune_replay] ep   6/90 | train loss=0.0065 top1=1.000 | val loss=0.0096 | t=0.1s
[finetune_replay] ep   7/90 | train loss=0.0035 top1=1.000 | val loss=0.0081 | t=0.1s
[finetune_replay] ep   8/90 | train loss=0.0031 top1=1.000 | val loss=0.0033 | t=0.1s  *
[finetune_replay] ep   9/90 | train loss=0.0019 top1=1.000 | val loss=0.0024 | t=0.1s  *
[finetune_replay] ep  10/90 | train loss=0.0022 top1=1.000 | val loss=0.0021 | t=0.1s  *
[finetune_replay] ep  11/90 | train loss=0.0022 top1=1.000 | val loss=0.0018 | t=0.1s  *
[finetune_replay] ep  12/90 | train loss=0.0013 top1=1.000 | val loss=0.0015 | t=0.1s  *
[finetune_replay] ep  13/90 | train loss=0.0013 top1=1.000 | val loss=0.0013 | t=0.1s  *
[finetune_replay] ep  14/90 | train loss=0.0012 top1=1.000 | val loss=0.0013 | t=0.1s  *
[finetune_replay] ep  15/90 | train loss=0.0010 top1=1.000 | val loss=0.0012 | t=0.1s  *
[finetune_replay] ep  16/90 | train loss=0.0012 top1=1.000 | val loss=0.0012 | t=0.1s  *
[finetune_replay] ep  17/90 | train loss=0.0011 top1=1.000 | val loss=0.0011 | t=0.1s  *
[finetune_replay] ep  18/90 | train loss=0.0009 top1=1.000 | val loss=0.0010 | t=0.1s  *
[finetune_replay] ep  19/90 | train loss=0.0009 top1=1.000 | val loss=0.0009 | t=0.1s  *
[finetune_replay] ep  20/90 | train loss=0.0010 top1=1.000 | val loss=0.0009 | t=0.1s  *
[finetune_replay] ep  21/90 | train loss=0.0010 top1=1.000 | val loss=0.0008 | t=0.1s  *
[finetune_replay] ep  22/90 | train loss=0.0010 top1=1.000 | val loss=0.0008 | t=0.1s  *
[finetune_replay] ep  23/90 | train loss=0.0009 top1=1.000 | val loss=0.0008 | t=0.1s
[finetune_replay] ep  24/90 | train loss=0.0010 top1=1.000 | val loss=0.0009 | t=0.1s
[finetune_replay] ep  25/90 | train loss=0.0009 top1=1.000 | val loss=0.0009 | t=0.1s
[finetune_replay] ep  26/90 | train loss=0.0008 top1=1.000 | val loss=0.0009 | t=0.2s
[finetune_replay] ep  27/90 | train loss=0.0009 top1=1.000 | val loss=0.0009 | t=0.1s
[finetune_replay] ep  28/90 | train loss=0.0010 top1=1.000 | val loss=0.0008 | t=0.1s  *
[finetune_replay] ep  29/90 | train loss=0.0008 top1=1.000 | val loss=0.0008 | t=0.1s  *
[finetune_replay] ep  30/90 | train loss=0.0008 top1=1.000 | val loss=0.0008 | t=0.1s  *
[finetune_replay] ep  31/90 | train loss=0.0008 top1=1.000 | val loss=0.0008 | t=0.2s
[finetune_replay] ep  32/90 | train loss=0.0007 top1=1.000 | val loss=0.0008 | t=0.1s
[finetune_replay] ep  33/90 | train loss=0.0007 top1=1.000 | val loss=0.0008 | t=0.1s
[finetune_replay] ep  34/90 | train loss=0.0008 top1=1.000 | val loss=0.0009 | t=0.1s
[finetune_replay] ep  35/90 | train loss=0.0005 top1=1.000 | val loss=0.0008 | t=0.1s
[finetune_replay] ep  36/90 | train loss=0.0006 top1=1.000 | val loss=0.0008 | t=0.1s
[finetune_replay] ep  37/90 | train loss=0.0008 top1=1.000 | val loss=0.0008 | t=0.1s  *
[finetune_replay] ep  38/90 | train loss=0.0008 top1=1.000 | val loss=0.0008 | t=0.1s  *
[finetune_replay] ep  39/90 | train loss=0.0008 top1=1.000 | val loss=0.0007 | t=0.1s  *
[finetune_replay] ep  40/90 | train loss=0.0006 top1=1.000 | val loss=0.0007 | t=0.1s  *
[finetune_replay] ep  41/90 | train loss=0.0008 top1=1.000 | val loss=0.0007 | t=0.1s
[finetune_replay] ep  42/90 | train loss=0.0008 top1=1.000 | val loss=0.0007 | t=0.1s  *
[finetune_replay] ep  43/90 | train loss=0.0007 top1=1.000 | val loss=0.0007 | t=0.1s  *
[finetune_replay] ep  44/90 | train loss=0.0007 top1=1.000 | val loss=0.0007 | t=0.1s  *
[finetune_replay] ep  45/90 | train loss=0.0006 top1=1.000 | val loss=0.0007 | t=0.1s  *
[finetune_replay] ep  46/90 | train loss=0.0006 top1=1.000 | val loss=0.0007 | t=0.1s  *
[finetune_replay] ep  47/90 | train loss=0.0007 top1=1.000 | val loss=0.0007 | t=0.1s  *
[finetune_replay] ep  48/90 | train loss=0.0005 top1=1.000 | val loss=0.0007 | t=0.1s
[finetune_replay] ep  49/90 | train loss=0.0007 top1=1.000 | val loss=0.0007 | t=0.1s
[finetune_replay] ep  50/90 | train loss=0.0007 top1=1.000 | val loss=0.0007 | t=0.1s
[finetune_replay] ep  51/90 | train loss=0.0006 top1=1.000 | val loss=0.0007 | t=0.1s
[finetune_replay] ep  52/90 | train loss=0.0005 top1=1.000 | val loss=0.0007 | t=0.1s
[finetune_replay] ep  53/90 | train loss=0.0005 top1=1.000 | val loss=0.0007 | t=0.1s
[finetune_replay] ep  54/90 | train loss=0.0007 top1=1.000 | val loss=0.0007 | t=0.1s
[finetune_replay] ep  55/90 | train loss=0.0007 top1=1.000 | val loss=0.0007 | t=0.1s  *
[finetune_replay] ep  56/90 | train loss=0.0007 top1=1.000 | val loss=0.0007 | t=0.1s  *
[finetune_replay] ep  57/90 | train loss=0.0006 top1=1.000 | val loss=0.0007 | t=0.1s  *
[finetune_replay] ep  58/90 | train loss=0.0006 top1=1.000 | val loss=0.0007 | t=0.1s  *
[finetune_replay] ep  59/90 | train loss=0.0005 top1=1.000 | val loss=0.0007 | t=0.1s  *
[finetune_replay] ep  60/90 | train loss=0.0006 top1=1.000 | val loss=0.0007 | t=0.1s
[finetune_replay] ep  61/90 | train loss=0.0007 top1=1.000 | val loss=0.0007 | t=0.1s
[finetune_replay] ep  62/90 | train loss=0.0006 top1=1.000 | val loss=0.0007 | t=0.1s
[finetune_replay] ep  63/90 | train loss=0.0007 top1=1.000 | val loss=0.0007 | t=0.1s  *
[finetune_replay] ep  64/90 | train loss=0.0006 top1=1.000 | val loss=0.0007 | t=0.1s
[finetune_replay] ep  65/90 | train loss=0.0006 top1=1.000 | val loss=0.0007 | t=0.1s  *
[finetune_replay] ep  66/90 | train loss=0.0008 top1=1.000 | val loss=0.0007 | t=0.1s
[finetune_replay] ep  67/90 | train loss=0.0005 top1=1.000 | val loss=0.0007 | t=0.1s
[finetune_replay] ep  68/90 | train loss=0.0005 top1=1.000 | val loss=0.0007 | t=0.1s
[finetune_replay] ep  69/90 | train loss=0.0006 top1=1.000 | val loss=0.0007 | t=0.1s
[finetune_replay] ep  70/90 | train loss=0.0007 top1=1.000 | val loss=0.0007 | t=0.1s
[finetune_replay] ep  71/90 | train loss=0.0007 top1=1.000 | val loss=0.0007 | t=0.1s
[finetune_replay] ep  72/90 | train loss=0.0007 top1=1.000 | val loss=0.0007 | t=0.1s
[finetune_replay] ep  73/90 | train loss=0.0007 top1=1.000 | val loss=0.0007 | t=0.1s
[finetune_replay] ep  74/90 | train loss=0.0006 top1=1.000 | val loss=0.0007 | t=0.1s
[finetune_replay] ep  75/90 | train loss=0.0005 top1=1.000 | val loss=0.0007 | t=0.1s
[finetune_replay] ep  76/90 | train loss=0.0005 top1=1.000 | val loss=0.0007 | t=0.1s
[finetune_replay] ep  77/90 | train loss=0.0006 top1=1.000 | val loss=0.0007 | t=0.1s
[finetune_replay] ep  78/90 | train loss=0.0005 top1=1.000 | val loss=0.0007 | t=0.1s
[finetune_replay] ep  79/90 | train loss=0.0005 top1=1.000 | val loss=0.0007 | t=0.1s
[finetune_replay] ep  80/90 | train loss=0.0007 top1=1.000 | val loss=0.0007 | t=0.1s
[finetune_replay] ep  81/90 | train loss=0.0007 top1=1.000 | val loss=0.0007 | t=0.1s
[finetune_replay] ep  82/90 | train loss=0.0007 top1=1.000 | val loss=0.0007 | t=0.1s
[finetune_replay] ep  83/90 | train loss=0.0006 top1=1.000 | val loss=0.0007 | t=0.1s
[finetune_replay] ep  84/90 | train loss=0.0007 top1=1.000 | val loss=0.0007 | t=0.1s
[finetune_replay] ep  85/90 | train loss=0.0005 top1=1.000 | val loss=0.0007 | t=0.1s
[finetune_replay] ep  86/90 | train loss=0.0008 top1=1.000 | val loss=0.0007 | t=0.1s
[finetune_replay] ep  87/90 | train loss=0.0005 top1=1.000 | val loss=0.0007 | t=0.1s  *
[finetune_replay] ep  88/90 | train loss=0.0006 top1=1.000 | val loss=0.0007 | t=0.1s
[finetune_replay] ep  89/90 | train loss=0.0007 top1=1.000 | val loss=0.0007 | t=0.1s
[finetune_replay] ep  90/90 | train loss=0.0005 top1=1.000 | val loss=0.0007 | t=0.1s
[finetune_replay] DONE best_val_loss=0.0007 @ epoch 87
[14:59:04] [uncertainty] member 4: $ /home/s226137394/.conda/envs/maze/bin/python3 -u -m Equivariant_pathway.equivariant_CNN_hybrid.baseline_vs_p4.pool_x_selector.trainer.finetune_replay --demo_dir /weka/s226137394/DmNfull/Equivariant_pathway/equivariant_CNN_hybrid/baseline_vs_p4/pool_x_selector/results/run_9/thrifty_dagger/demos --checkpoint_dir /weka/s226137394/DmNfull/Equivariant_pathway/equivariant_CNN_hybrid/baseline_vs_p4/pool_x_selector/results/run_9/thrifty_dagger/checkpoints/member_4 --epochs 90 --batch_size 64 --lr 5e-05 --weight_decay 0.0001 --replay_mix 0.5 --replay_mix_floor 0.2 --seed 413 --resume --new_demos_dir /weka/s226137394/DmNfull/Equivariant_pathway/equivariant_CNN_hybrid/baseline_vs_p4/pool_x_selector/results/run_9/thrifty_dagger/demos/round_005
[finetune_replay] device=cuda demo_dir=/weka/s226137394/DmNfull/Equivariant_pathway/equivariant_CNN_hybrid/baseline_vs_p4/pool_x_selector/results/run_9/thrifty_dagger/demos new_demos_dir=/weka/s226137394/DmNfull/Equivariant_pathway/equivariant_CNN_hybrid/baseline_vs_p4/pool_x_selector/results/run_9/thrifty_dagger/demos/round_005
[hybrid-dataset] 24 demos -> 120 samples
[hybrid-dataset] 1 demos -> 4 samples
[finetune_replay] sampler audit: {'n_old_samples': 120, 'n_new_samples': 4, 'replay_mix_target': 0.5, 'replay_mix_effective': 0.5, 'replay_mix_floor': 0.2}
[finetune_replay] trainable params: 1,400,028
[finetune_replay] WARM START from last_hybrid_policy.pth
[finetune_replay] ep   1/90 | train loss=0.0966 top1=0.964 | val loss=0.0510 | t=0.8s  *
[finetune_replay] ep   2/90 | train loss=0.0362 top1=1.000 | val loss=0.0628 | t=0.2s
[finetune_replay] ep   3/90 | train loss=0.0051 top1=1.000 | val loss=0.0932 | t=0.2s
[finetune_replay] ep   4/90 | train loss=0.0096 top1=1.000 | val loss=0.1025 | t=0.1s
[finetune_replay] ep   5/90 | train loss=0.0038 top1=1.000 | val loss=0.0980 | t=0.1s
[finetune_replay] ep   6/90 | train loss=0.0056 top1=1.000 | val loss=0.0482 | t=0.2s  *
[finetune_replay] ep   7/90 | train loss=0.0032 top1=1.000 | val loss=0.0119 | t=0.1s  *
[finetune_replay] ep   8/90 | train loss=0.0021 top1=1.000 | val loss=0.0075 | t=0.1s  *
[finetune_replay] ep   9/90 | train loss=0.0013 top1=1.000 | val loss=0.0068 | t=0.1s  *
[finetune_replay] ep  10/90 | train loss=0.0009 top1=1.000 | val loss=0.0072 | t=0.1s
[finetune_replay] ep  11/90 | train loss=0.0016 top1=1.000 | val loss=0.0057 | t=0.1s  *
[finetune_replay] ep  12/90 | train loss=0.0012 top1=1.000 | val loss=0.0042 | t=0.1s  *
[finetune_replay] ep  13/90 | train loss=0.0010 top1=1.000 | val loss=0.0038 | t=0.1s  *
[finetune_replay] ep  14/90 | train loss=0.0010 top1=1.000 | val loss=0.0036 | t=0.1s  *
[finetune_replay] ep  15/90 | train loss=0.0009 top1=1.000 | val loss=0.0036 | t=0.1s
[finetune_replay] ep  16/90 | train loss=0.0008 top1=1.000 | val loss=0.0043 | t=0.1s
[finetune_replay] ep  17/90 | train loss=0.0008 top1=1.000 | val loss=0.0055 | t=0.1s
[finetune_replay] ep  18/90 | train loss=0.0008 top1=1.000 | val loss=0.0063 | t=0.2s
[finetune_replay] ep  19/90 | train loss=0.0008 top1=1.000 | val loss=0.0069 | t=0.1s
[finetune_replay] ep  20/90 | train loss=0.0006 top1=1.000 | val loss=0.0075 | t=0.1s
[finetune_replay] ep  21/90 | train loss=0.0007 top1=1.000 | val loss=0.0074 | t=0.1s
[finetune_replay] ep  22/90 | train loss=0.0008 top1=1.000 | val loss=0.0068 | t=0.1s
[finetune_replay] ep  23/90 | train loss=0.0007 top1=1.000 | val loss=0.0063 | t=0.1s
[finetune_replay] ep  24/90 | train loss=0.0006 top1=1.000 | val loss=0.0060 | t=0.1s
[finetune_replay] ep  25/90 | train loss=0.0005 top1=1.000 | val loss=0.0062 | t=0.1s
[finetune_replay] ep  26/90 | train loss=0.0005 top1=1.000 | val loss=0.0063 | t=0.1s
[finetune_replay] ep  27/90 | train loss=0.0005 top1=1.000 | val loss=0.0066 | t=0.1s
[finetune_replay] ep  28/90 | train loss=0.0006 top1=1.000 | val loss=0.0066 | t=0.1s
[finetune_replay] ep  29/90 | train loss=0.0004 top1=1.000 | val loss=0.0064 | t=0.1s
[finetune_replay] ep  30/90 | train loss=0.0006 top1=1.000 | val loss=0.0058 | t=0.1s
[finetune_replay] ep  31/90 | train loss=0.0006 top1=1.000 | val loss=0.0057 | t=0.1s
[finetune_replay] ep  32/90 | train loss=0.0005 top1=1.000 | val loss=0.0055 | t=0.1s
[finetune_replay] ep  33/90 | train loss=0.0007 top1=1.000 | val loss=0.0055 | t=0.1s
[finetune_replay] ep  34/90 | train loss=0.0005 top1=1.000 | val loss=0.0051 | t=0.1s
[finetune_replay] ep  35/90 | train loss=0.0005 top1=1.000 | val loss=0.0054 | t=0.1s
[finetune_replay] ep  36/90 | train loss=0.0005 top1=1.000 | val loss=0.0053 | t=0.1s
[finetune_replay] ep  37/90 | train loss=0.0005 top1=1.000 | val loss=0.0052 | t=0.1s
[finetune_replay] ep  38/90 | train loss=0.0004 top1=1.000 | val loss=0.0053 | t=0.1s
[finetune_replay] ep  39/90 | train loss=0.0005 top1=1.000 | val loss=0.0051 | t=0.1s
[finetune_replay] ep  40/90 | train loss=0.0004 top1=1.000 | val loss=0.0050 | t=0.2s
[finetune_replay] ep  41/90 | train loss=0.0004 top1=1.000 | val loss=0.0048 | t=0.1s
[finetune_replay] ep  42/90 | train loss=0.0005 top1=1.000 | val loss=0.0048 | t=0.1s
[finetune_replay] ep  43/90 | train loss=0.0006 top1=1.000 | val loss=0.0047 | t=0.2s
[finetune_replay] ep  44/90 | train loss=0.0005 top1=1.000 | val loss=0.0043 | t=0.1s
[finetune_replay] ep  45/90 | train loss=0.0005 top1=1.000 | val loss=0.0044 | t=0.1s
[finetune_replay] ep  46/90 | train loss=0.0003 top1=1.000 | val loss=0.0047 | t=0.1s
[finetune_replay] ep  47/90 | train loss=0.0004 top1=1.000 | val loss=0.0048 | t=0.1s
[finetune_replay] ep  48/90 | train loss=0.0005 top1=1.000 | val loss=0.0050 | t=0.1s
[finetune_replay] ep  49/90 | train loss=0.0004 top1=1.000 | val loss=0.0049 | t=0.1s
[finetune_replay] ep  50/90 | train loss=0.0004 top1=1.000 | val loss=0.0049 | t=0.1s
[finetune_replay] ep  51/90 | train loss=0.0005 top1=1.000 | val loss=0.0048 | t=0.1s
[finetune_replay] ep  52/90 | train loss=0.0004 top1=1.000 | val loss=0.0052 | t=0.1s
[finetune_replay] ep  53/90 | train loss=0.0004 top1=1.000 | val loss=0.0054 | t=0.1s
[finetune_replay] ep  54/90 | train loss=0.0004 top1=1.000 | val loss=0.0054 | t=0.1s
[finetune_replay] ep  55/90 | train loss=0.0005 top1=1.000 | val loss=0.0050 | t=0.1s
[finetune_replay] ep  56/90 | train loss=0.0004 top1=1.000 | val loss=0.0049 | t=0.1s
[finetune_replay] ep  57/90 | train loss=0.0004 top1=1.000 | val loss=0.0048 | t=0.1s
[finetune_replay] ep  58/90 | train loss=0.0004 top1=1.000 | val loss=0.0050 | t=0.1s
[finetune_replay] ep  59/90 | train loss=0.0004 top1=1.000 | val loss=0.0047 | t=0.1s
[finetune_replay] ep  60/90 | train loss=0.0004 top1=1.000 | val loss=0.0048 | t=0.1s
[finetune_replay] ep  61/90 | train loss=0.0005 top1=1.000 | val loss=0.0048 | t=0.1s
[finetune_replay] ep  62/90 | train loss=0.0004 top1=1.000 | val loss=0.0049 | t=0.1s
[finetune_replay] ep  63/90 | train loss=0.0004 top1=1.000 | val loss=0.0052 | t=0.1s
[finetune_replay] ep  64/90 | train loss=0.0005 top1=1.000 | val loss=0.0052 | t=0.1s
[finetune_replay] ep  65/90 | train loss=0.0005 top1=1.000 | val loss=0.0050 | t=0.1s
[finetune_replay] ep  66/90 | train loss=0.0004 top1=1.000 | val loss=0.0048 | t=0.1s
[finetune_replay] ep  67/90 | train loss=0.0004 top1=1.000 | val loss=0.0046 | t=0.1s
[finetune_replay] ep  68/90 | train loss=0.0005 top1=1.000 | val loss=0.0045 | t=0.1s
[finetune_replay] ep  69/90 | train loss=0.0004 top1=1.000 | val loss=0.0045 | t=0.1s
[finetune_replay] ep  70/90 | train loss=0.0004 top1=1.000 | val loss=0.0047 | t=0.1s
[finetune_replay] ep  71/90 | train loss=0.0005 top1=1.000 | val loss=0.0045 | t=0.1s
[finetune_replay] ep  72/90 | train loss=0.0004 top1=1.000 | val loss=0.0044 | t=0.1s
[finetune_replay] ep  73/90 | train loss=0.0005 top1=1.000 | val loss=0.0044 | t=0.1s
[finetune_replay] ep  74/90 | train loss=0.0003 top1=1.000 | val loss=0.0046 | t=0.1s
[finetune_replay] ep  75/90 | train loss=0.0005 top1=1.000 | val loss=0.0045 | t=0.1s
[finetune_replay] ep  76/90 | train loss=0.0004 top1=1.000 | val loss=0.0044 | t=0.1s
[finetune_replay] ep  77/90 | train loss=0.0004 top1=1.000 | val loss=0.0047 | t=0.1s
[finetune_replay] ep  78/90 | train loss=0.0005 top1=1.000 | val loss=0.0046 | t=0.1s
[finetune_replay] ep  79/90 | train loss=0.0004 top1=1.000 | val loss=0.0046 | t=0.1s
[finetune_replay] ep  80/90 | train loss=0.0004 top1=1.000 | val loss=0.0046 | t=0.1s
[finetune_replay] ep  81/90 | train loss=0.0003 top1=1.000 | val loss=0.0047 | t=0.1s
[finetune_replay] ep  82/90 | train loss=0.0004 top1=1.000 | val loss=0.0047 | t=0.1s
[finetune_replay] ep  83/90 | train loss=0.0004 top1=1.000 | val loss=0.0045 | t=0.1s
[finetune_replay] ep  84/90 | train loss=0.0004 top1=1.000 | val loss=0.0042 | t=0.1s
[finetune_replay] ep  85/90 | train loss=0.0004 top1=1.000 | val loss=0.0043 | t=0.1s
[finetune_replay] ep  86/90 | train loss=0.0004 top1=1.000 | val loss=0.0044 | t=0.1s
[finetune_replay] ep  87/90 | train loss=0.0004 top1=1.000 | val loss=0.0045 | t=0.1s
[finetune_replay] ep  88/90 | train loss=0.0004 top1=1.000 | val loss=0.0044 | t=0.1s
[finetune_replay] ep  89/90 | train loss=0.0004 top1=1.000 | val loss=0.0046 | t=0.1s
[finetune_replay] ep  90/90 | train loss=0.0003 top1=1.000 | val loss=0.0045 | t=0.1s
[finetune_replay] DONE best_val_loss=0.0036 @ epoch 14
[15:00:26] [iil-baseline] round 5: heldout_sr=0.790

--------------------------------------------------------------------------------
THRIFTY_DAGGER ROUND 6  (remaining budget = 10)
--------------------------------------------------------------------------------
[15:00:44] [iil-baseline] round 6: pool=20 successes=15 failures=5 correction_sr=0.750
[15:00:44] [iil-baseline] round 6: picked=1 saved=1 cum_extras=6/15
[15:00:44] [uncertainty] member 0: $ /home/s226137394/.conda/envs/maze/bin/python3 -u -m Equivariant_pathway.equivariant_CNN_hybrid.baseline_vs_p4.pool_x_selector.trainer.finetune_replay --demo_dir /weka/s226137394/DmNfull/Equivariant_pathway/equivariant_CNN_hybrid/baseline_vs_p4/pool_x_selector/results/run_9/thrifty_dagger/demos --checkpoint_dir /weka/s226137394/DmNfull/Equivariant_pathway/equivariant_CNN_hybrid/baseline_vs_p4/pool_x_selector/results/run_9/thrifty_dagger/checkpoints/member_0 --epochs 90 --batch_size 64 --lr 5e-05 --weight_decay 0.0001 --replay_mix 0.5 --replay_mix_floor 0.2 --seed 9 --resume --new_demos_dir /weka/s226137394/DmNfull/Equivariant_pathway/equivariant_CNN_hybrid/baseline_vs_p4/pool_x_selector/results/run_9/thrifty_dagger/demos/round_006
[finetune_replay] device=cuda demo_dir=/weka/s226137394/DmNfull/Equivariant_pathway/equivariant_CNN_hybrid/baseline_vs_p4/pool_x_selector/results/run_9/thrifty_dagger/demos new_demos_dir=/weka/s226137394/DmNfull/Equivariant_pathway/equivariant_CNN_hybrid/baseline_vs_p4/pool_x_selector/results/run_9/thrifty_dagger/demos/round_006
[hybrid-dataset] 25 demos -> 124 samples
[hybrid-dataset] 1 demos -> 4 samples
[finetune_replay] sampler audit: {'n_old_samples': 124, 'n_new_samples': 4, 'replay_mix_target': 0.5, 'replay_mix_effective': 0.5, 'replay_mix_floor': 0.2}
[finetune_replay] trainable params: 1,400,028
[finetune_replay] WARM START from last_hybrid_policy.pth
[finetune_replay] ep   1/90 | train loss=0.1757 top1=1.000 | val loss=0.0508 | t=0.9s  *
[finetune_replay] ep   2/90 | train loss=0.0778 top1=1.000 | val loss=0.0228 | t=0.4s  *
[finetune_replay] ep   3/90 | train loss=0.0472 top1=1.000 | val loss=0.0025 | t=0.2s  *
[finetune_replay] ep   4/90 | train loss=0.0187 top1=1.000 | val loss=0.0055 | t=0.1s
[finetune_replay] ep   5/90 | train loss=0.0134 top1=1.000 | val loss=0.0072 | t=0.1s
[finetune_replay] ep   6/90 | train loss=0.0086 top1=1.000 | val loss=0.0041 | t=0.1s
[finetune_replay] ep   7/90 | train loss=0.0045 top1=1.000 | val loss=0.0032 | t=0.1s
[finetune_replay] ep   8/90 | train loss=0.0034 top1=1.000 | val loss=0.0031 | t=0.1s
[finetune_replay] ep   9/90 | train loss=0.0043 top1=1.000 | val loss=0.0033 | t=0.1s
[finetune_replay] ep  10/90 | train loss=0.0026 top1=1.000 | val loss=0.0033 | t=0.1s
[finetune_replay] ep  11/90 | train loss=0.0019 top1=1.000 | val loss=0.0039 | t=0.1s
[finetune_replay] ep  12/90 | train loss=0.0023 top1=1.000 | val loss=0.0052 | t=0.1s
[finetune_replay] ep  13/90 | train loss=0.0016 top1=1.000 | val loss=0.0068 | t=0.1s
[finetune_replay] ep  14/90 | train loss=0.0017 top1=1.000 | val loss=0.0071 | t=0.1s
[finetune_replay] ep  15/90 | train loss=0.0014 top1=1.000 | val loss=0.0061 | t=0.1s
[finetune_replay] ep  16/90 | train loss=0.0011 top1=1.000 | val loss=0.0049 | t=0.1s
[finetune_replay] ep  17/90 | train loss=0.0011 top1=1.000 | val loss=0.0037 | t=0.1s
[finetune_replay] ep  18/90 | train loss=0.0009 top1=1.000 | val loss=0.0032 | t=0.2s
[finetune_replay] ep  19/90 | train loss=0.0010 top1=1.000 | val loss=0.0030 | t=0.1s
[finetune_replay] ep  20/90 | train loss=0.0011 top1=1.000 | val loss=0.0031 | t=0.1s
[finetune_replay] ep  21/90 | train loss=0.0009 top1=1.000 | val loss=0.0033 | t=0.1s
[finetune_replay] ep  22/90 | train loss=0.0008 top1=1.000 | val loss=0.0031 | t=0.1s
[finetune_replay] ep  23/90 | train loss=0.0010 top1=1.000 | val loss=0.0035 | t=0.1s
[finetune_replay] ep  24/90 | train loss=0.0008 top1=1.000 | val loss=0.0037 | t=0.1s
[finetune_replay] ep  25/90 | train loss=0.0009 top1=1.000 | val loss=0.0038 | t=0.1s
[finetune_replay] ep  26/90 | train loss=0.0007 top1=1.000 | val loss=0.0038 | t=0.1s
[finetune_replay] ep  27/90 | train loss=0.0008 top1=1.000 | val loss=0.0039 | t=0.1s
[finetune_replay] ep  28/90 | train loss=0.0008 top1=1.000 | val loss=0.0039 | t=0.1s
[finetune_replay] ep  29/90 | train loss=0.0008 top1=1.000 | val loss=0.0042 | t=0.1s
[finetune_replay] ep  30/90 | train loss=0.0008 top1=1.000 | val loss=0.0042 | t=0.1s
[finetune_replay] ep  31/90 | train loss=0.0008 top1=1.000 | val loss=0.0041 | t=0.1s
[finetune_replay] ep  32/90 | train loss=0.0006 top1=1.000 | val loss=0.0040 | t=0.1s
[finetune_replay] ep  33/90 | train loss=0.0008 top1=1.000 | val loss=0.0035 | t=0.2s
[finetune_replay] ep  34/90 | train loss=0.0007 top1=1.000 | val loss=0.0035 | t=0.1s
[finetune_replay] ep  35/90 | train loss=0.0008 top1=1.000 | val loss=0.0034 | t=0.1s
[finetune_replay] ep  36/90 | train loss=0.0006 top1=1.000 | val loss=0.0032 | t=0.1s
[finetune_replay] ep  37/90 | train loss=0.0007 top1=1.000 | val loss=0.0034 | t=0.2s
[finetune_replay] ep  38/90 | train loss=0.0007 top1=1.000 | val loss=0.0037 | t=0.1s
[finetune_replay] ep  39/90 | train loss=0.0007 top1=1.000 | val loss=0.0036 | t=0.1s
[finetune_replay] ep  40/90 | train loss=0.0007 top1=1.000 | val loss=0.0035 | t=0.1s
[finetune_replay] ep  41/90 | train loss=0.0006 top1=1.000 | val loss=0.0032 | t=0.1s
[finetune_replay] ep  42/90 | train loss=0.0007 top1=1.000 | val loss=0.0033 | t=0.1s
[finetune_replay] ep  43/90 | train loss=0.0007 top1=1.000 | val loss=0.0031 | t=0.1s
[finetune_replay] ep  44/90 | train loss=0.0007 top1=1.000 | val loss=0.0035 | t=0.1s
[finetune_replay] ep  45/90 | train loss=0.0005 top1=1.000 | val loss=0.0035 | t=0.1s
[finetune_replay] ep  46/90 | train loss=0.0006 top1=1.000 | val loss=0.0034 | t=0.1s
[finetune_replay] ep  47/90 | train loss=0.0006 top1=1.000 | val loss=0.0036 | t=0.1s
[finetune_replay] ep  48/90 | train loss=0.0006 top1=1.000 | val loss=0.0038 | t=0.1s
[finetune_replay] ep  49/90 | train loss=0.0005 top1=1.000 | val loss=0.0039 | t=0.1s
[finetune_replay] ep  50/90 | train loss=0.0006 top1=1.000 | val loss=0.0037 | t=0.1s
[finetune_replay] ep  51/90 | train loss=0.0006 top1=1.000 | val loss=0.0036 | t=0.1s
[finetune_replay] ep  52/90 | train loss=0.0005 top1=1.000 | val loss=0.0034 | t=0.1s
[finetune_replay] ep  53/90 | train loss=0.0006 top1=1.000 | val loss=0.0032 | t=0.1s
[finetune_replay] ep  54/90 | train loss=0.0006 top1=1.000 | val loss=0.0031 | t=0.1s
[finetune_replay] ep  55/90 | train loss=0.0006 top1=1.000 | val loss=0.0031 | t=0.1s
[finetune_replay] ep  56/90 | train loss=0.0005 top1=1.000 | val loss=0.0029 | t=0.1s
[finetune_replay] ep  57/90 | train loss=0.0005 top1=1.000 | val loss=0.0031 | t=0.1s
[finetune_replay] ep  58/90 | train loss=0.0006 top1=1.000 | val loss=0.0031 | t=0.1s
[finetune_replay] ep  59/90 | train loss=0.0006 top1=1.000 | val loss=0.0030 | t=0.1s
[finetune_replay] ep  60/90 | train loss=0.0005 top1=1.000 | val loss=0.0031 | t=0.1s
[finetune_replay] ep  61/90 | train loss=0.0005 top1=1.000 | val loss=0.0030 | t=0.1s
[finetune_replay] ep  62/90 | train loss=0.0005 top1=1.000 | val loss=0.0030 | t=0.1s
[finetune_replay] ep  63/90 | train loss=0.0006 top1=1.000 | val loss=0.0031 | t=0.1s
[finetune_replay] ep  64/90 | train loss=0.0005 top1=1.000 | val loss=0.0030 | t=0.1s
[finetune_replay] ep  65/90 | train loss=0.0006 top1=1.000 | val loss=0.0030 | t=0.1s
[finetune_replay] ep  66/90 | train loss=0.0006 top1=1.000 | val loss=0.0032 | t=0.1s
[finetune_replay] ep  67/90 | train loss=0.0004 top1=1.000 | val loss=0.0033 | t=0.1s
[finetune_replay] ep  68/90 | train loss=0.0005 top1=1.000 | val loss=0.0032 | t=0.1s
[finetune_replay] ep  69/90 | train loss=0.0005 top1=1.000 | val loss=0.0032 | t=0.1s
[finetune_replay] ep  70/90 | train loss=0.0005 top1=1.000 | val loss=0.0030 | t=0.1s
[finetune_replay] ep  71/90 | train loss=0.0005 top1=1.000 | val loss=0.0031 | t=0.1s
[finetune_replay] ep  72/90 | train loss=0.0005 top1=1.000 | val loss=0.0031 | t=0.1s
[finetune_replay] ep  73/90 | train loss=0.0006 top1=1.000 | val loss=0.0030 | t=0.1s
[finetune_replay] ep  74/90 | train loss=0.0005 top1=1.000 | val loss=0.0032 | t=0.1s
[finetune_replay] ep  75/90 | train loss=0.0006 top1=1.000 | val loss=0.0034 | t=0.1s
[finetune_replay] ep  76/90 | train loss=0.0005 top1=1.000 | val loss=0.0033 | t=0.1s
[finetune_replay] ep  77/90 | train loss=0.0005 top1=1.000 | val loss=0.0032 | t=0.1s
[finetune_replay] ep  78/90 | train loss=0.0006 top1=1.000 | val loss=0.0030 | t=0.1s
[finetune_replay] ep  79/90 | train loss=0.0005 top1=1.000 | val loss=0.0032 | t=0.1s
[finetune_replay] ep  80/90 | train loss=0.0004 top1=1.000 | val loss=0.0034 | t=0.1s
[finetune_replay] ep  81/90 | train loss=0.0005 top1=1.000 | val loss=0.0034 | t=0.2s
[finetune_replay] ep  82/90 | train loss=0.0005 top1=1.000 | val loss=0.0035 | t=0.1s
[finetune_replay] ep  83/90 | train loss=0.0005 top1=1.000 | val loss=0.0036 | t=0.1s
[finetune_replay] ep  84/90 | train loss=0.0004 top1=1.000 | val loss=0.0035 | t=0.1s
[finetune_replay] ep  85/90 | train loss=0.0005 top1=1.000 | val loss=0.0035 | t=0.1s
[finetune_replay] ep  86/90 | train loss=0.0005 top1=1.000 | val loss=0.0034 | t=0.1s
[finetune_replay] ep  87/90 | train loss=0.0006 top1=1.000 | val loss=0.0033 | t=0.1s
[finetune_replay] ep  88/90 | train loss=0.0005 top1=1.000 | val loss=0.0033 | t=0.1s
[finetune_replay] ep  89/90 | train loss=0.0005 top1=1.000 | val loss=0.0032 | t=0.1s
[finetune_replay] ep  90/90 | train loss=0.0004 top1=1.000 | val loss=0.0032 | t=0.1s
[finetune_replay] DONE best_val_loss=0.0025 @ epoch 3
[15:01:19] [uncertainty] member 1: $ /home/s226137394/.conda/envs/maze/bin/python3 -u -m Equivariant_pathway.equivariant_CNN_hybrid.baseline_vs_p4.pool_x_selector.trainer.finetune_replay --demo_dir /weka/s226137394/DmNfull/Equivariant_pathway/equivariant_CNN_hybrid/baseline_vs_p4/pool_x_selector/results/run_9/thrifty_dagger/demos --checkpoint_dir /weka/s226137394/DmNfull/Equivariant_pathway/equivariant_CNN_hybrid/baseline_vs_p4/pool_x_selector/results/run_9/thrifty_dagger/checkpoints/member_1 --epochs 90 --batch_size 64 --lr 5e-05 --weight_decay 0.0001 --replay_mix 0.5 --replay_mix_floor 0.2 --seed 110 --resume --new_demos_dir /weka/s226137394/DmNfull/Equivariant_pathway/equivariant_CNN_hybrid/baseline_vs_p4/pool_x_selector/results/run_9/thrifty_dagger/demos/round_006
[finetune_replay] device=cuda demo_dir=/weka/s226137394/DmNfull/Equivariant_pathway/equivariant_CNN_hybrid/baseline_vs_p4/pool_x_selector/results/run_9/thrifty_dagger/demos new_demos_dir=/weka/s226137394/DmNfull/Equivariant_pathway/equivariant_CNN_hybrid/baseline_vs_p4/pool_x_selector/results/run_9/thrifty_dagger/demos/round_006
[hybrid-dataset] 25 demos -> 124 samples
[hybrid-dataset] 1 demos -> 4 samples
[finetune_replay] sampler audit: {'n_old_samples': 124, 'n_new_samples': 4, 'replay_mix_target': 0.5, 'replay_mix_effective': 0.5, 'replay_mix_floor': 0.2}
[finetune_replay] trainable params: 1,400,028
[finetune_replay] WARM START from last_hybrid_policy.pth
[finetune_replay] ep   1/90 | train loss=0.1818 top1=1.000 | val loss=0.0407 | t=1.0s  *
[finetune_replay] ep   2/90 | train loss=0.0716 top1=1.000 | val loss=0.0199 | t=0.2s  *
[finetune_replay] ep   3/90 | train loss=0.0256 top1=1.000 | val loss=0.0048 | t=0.1s  *
[finetune_replay] ep   4/90 | train loss=0.0185 top1=1.000 | val loss=0.0056 | t=0.1s
[finetune_replay] ep   5/90 | train loss=0.0121 top1=1.000 | val loss=0.0048 | t=0.1s  *
[finetune_replay] ep   6/90 | train loss=0.0066 top1=1.000 | val loss=0.0032 | t=0.1s  *
[finetune_replay] ep   7/90 | train loss=0.0047 top1=1.000 | val loss=0.0032 | t=0.2s  *
[finetune_replay] ep   8/90 | train loss=0.0027 top1=1.000 | val loss=0.0035 | t=0.1s
[finetune_replay] ep   9/90 | train loss=0.0023 top1=1.000 | val loss=0.0052 | t=0.1s
[finetune_replay] ep  10/90 | train loss=0.0032 top1=1.000 | val loss=0.0040 | t=0.1s
[finetune_replay] ep  11/90 | train loss=0.0018 top1=1.000 | val loss=0.0035 | t=0.1s
[finetune_replay] ep  12/90 | train loss=0.0015 top1=1.000 | val loss=0.0043 | t=0.1s
[finetune_replay] ep  13/90 | train loss=0.0011 top1=1.000 | val loss=0.0051 | t=0.1s
[finetune_replay] ep  14/90 | train loss=0.0013 top1=1.000 | val loss=0.0050 | t=0.1s
[finetune_replay] ep  15/90 | train loss=0.0013 top1=1.000 | val loss=0.0044 | t=0.1s
[finetune_replay] ep  16/90 | train loss=0.0008 top1=1.000 | val loss=0.0036 | t=0.1s
[finetune_replay] ep  17/90 | train loss=0.0013 top1=1.000 | val loss=0.0033 | t=0.1s
[finetune_replay] ep  18/90 | train loss=0.0011 top1=1.000 | val loss=0.0030 | t=0.1s  *
[finetune_replay] ep  19/90 | train loss=0.0009 top1=1.000 | val loss=0.0030 | t=0.1s  *
[finetune_replay] ep  20/90 | train loss=0.0010 top1=1.000 | val loss=0.0028 | t=0.1s  *
[finetune_replay] ep  21/90 | train loss=0.0008 top1=1.000 | val loss=0.0027 | t=0.1s  *
[finetune_replay] ep  22/90 | train loss=0.0009 top1=1.000 | val loss=0.0025 | t=0.1s  *
[finetune_replay] ep  23/90 | train loss=0.0008 top1=1.000 | val loss=0.0023 | t=0.1s  *
[finetune_replay] ep  24/90 | train loss=0.0008 top1=1.000 | val loss=0.0021 | t=0.1s  *
[finetune_replay] ep  25/90 | train loss=0.0007 top1=1.000 | val loss=0.0019 | t=0.1s  *
[finetune_replay] ep  26/90 | train loss=0.0007 top1=1.000 | val loss=0.0018 | t=0.1s  *
[finetune_replay] ep  27/90 | train loss=0.0008 top1=1.000 | val loss=0.0018 | t=0.1s  *
[finetune_replay] ep  28/90 | train loss=0.0008 top1=1.000 | val loss=0.0020 | t=0.1s
[finetune_replay] ep  29/90 | train loss=0.0007 top1=1.000 | val loss=0.0021 | t=0.1s
[finetune_replay] ep  30/90 | train loss=0.0007 top1=1.000 | val loss=0.0022 | t=0.1s
[finetune_replay] ep  31/90 | train loss=0.0006 top1=1.000 | val loss=0.0022 | t=0.2s
[finetune_replay] ep  32/90 | train loss=0.0006 top1=1.000 | val loss=0.0022 | t=0.1s
[finetune_replay] ep  33/90 | train loss=0.0006 top1=1.000 | val loss=0.0020 | t=0.1s
[finetune_replay] ep  34/90 | train loss=0.0006 top1=1.000 | val loss=0.0021 | t=0.1s
[finetune_replay] ep  35/90 | train loss=0.0006 top1=1.000 | val loss=0.0020 | t=0.1s
[finetune_replay] ep  36/90 | train loss=0.0006 top1=1.000 | val loss=0.0018 | t=0.1s  *
[finetune_replay] ep  37/90 | train loss=0.0005 top1=1.000 | val loss=0.0018 | t=0.1s
[finetune_replay] ep  38/90 | train loss=0.0006 top1=1.000 | val loss=0.0019 | t=0.1s
[finetune_replay] ep  39/90 | train loss=0.0006 top1=1.000 | val loss=0.0019 | t=0.1s
[finetune_replay] ep  40/90 | train loss=0.0006 top1=1.000 | val loss=0.0021 | t=0.1s
[finetune_replay] ep  41/90 | train loss=0.0006 top1=1.000 | val loss=0.0021 | t=0.2s
[finetune_replay] ep  42/90 | train loss=0.0005 top1=1.000 | val loss=0.0020 | t=0.1s
[finetune_replay] ep  43/90 | train loss=0.0006 top1=1.000 | val loss=0.0020 | t=0.1s
[finetune_replay] ep  44/90 | train loss=0.0005 top1=1.000 | val loss=0.0019 | t=0.1s
[finetune_replay] ep  45/90 | train loss=0.0005 top1=1.000 | val loss=0.0019 | t=0.1s
[finetune_replay] ep  46/90 | train loss=0.0005 top1=1.000 | val loss=0.0019 | t=0.1s
[finetune_replay] ep  47/90 | train loss=0.0005 top1=1.000 | val loss=0.0020 | t=0.1s
[finetune_replay] ep  48/90 | train loss=0.0006 top1=1.000 | val loss=0.0020 | t=0.1s
[finetune_replay] ep  49/90 | train loss=0.0007 top1=1.000 | val loss=0.0019 | t=0.1s
[finetune_replay] ep  50/90 | train loss=0.0005 top1=1.000 | val loss=0.0020 | t=0.1s
[finetune_replay] ep  51/90 | train loss=0.0006 top1=1.000 | val loss=0.0019 | t=0.1s
[finetune_replay] ep  52/90 | train loss=0.0005 top1=1.000 | val loss=0.0019 | t=0.1s
[finetune_replay] ep  53/90 | train loss=0.0005 top1=1.000 | val loss=0.0018 | t=0.1s
[finetune_replay] ep  54/90 | train loss=0.0005 top1=1.000 | val loss=0.0019 | t=0.1s
[finetune_replay] ep  55/90 | train loss=0.0004 top1=1.000 | val loss=0.0019 | t=0.1s
[finetune_replay] ep  56/90 | train loss=0.0006 top1=1.000 | val loss=0.0019 | t=0.1s
[finetune_replay] ep  57/90 | train loss=0.0004 top1=1.000 | val loss=0.0018 | t=0.1s
[finetune_replay] ep  58/90 | train loss=0.0005 top1=1.000 | val loss=0.0019 | t=0.1s
[finetune_replay] ep  59/90 | train loss=0.0005 top1=1.000 | val loss=0.0019 | t=0.1s
[finetune_replay] ep  60/90 | train loss=0.0004 top1=1.000 | val loss=0.0018 | t=0.1s
[finetune_replay] ep  61/90 | train loss=0.0005 top1=1.000 | val loss=0.0018 | t=0.1s  *
[finetune_replay] ep  62/90 | train loss=0.0005 top1=1.000 | val loss=0.0017 | t=0.1s  *
[finetune_replay] ep  63/90 | train loss=0.0004 top1=1.000 | val loss=0.0018 | t=0.1s
[finetune_replay] ep  64/90 | train loss=0.0004 top1=1.000 | val loss=0.0018 | t=0.1s
[finetune_replay] ep  65/90 | train loss=0.0004 top1=1.000 | val loss=0.0018 | t=0.1s
[finetune_replay] ep  66/90 | train loss=0.0005 top1=1.000 | val loss=0.0017 | t=0.1s  *
[finetune_replay] ep  67/90 | train loss=0.0005 top1=1.000 | val loss=0.0018 | t=0.1s
[finetune_replay] ep  68/90 | train loss=0.0005 top1=1.000 | val loss=0.0018 | t=0.1s
[finetune_replay] ep  69/90 | train loss=0.0005 top1=1.000 | val loss=0.0018 | t=0.1s
[finetune_replay] ep  70/90 | train loss=0.0005 top1=1.000 | val loss=0.0018 | t=0.1s
[finetune_replay] ep  71/90 | train loss=0.0005 top1=1.000 | val loss=0.0018 | t=0.1s
[finetune_replay] ep  72/90 | train loss=0.0005 top1=1.000 | val loss=0.0018 | t=0.1s
[finetune_replay] ep  73/90 | train loss=0.0005 top1=1.000 | val loss=0.0017 | t=0.1s  *
[finetune_replay] ep  74/90 | train loss=0.0004 top1=1.000 | val loss=0.0018 | t=0.1s
[finetune_replay] ep  75/90 | train loss=0.0005 top1=1.000 | val loss=0.0018 | t=0.1s
[finetune_replay] ep  76/90 | train loss=0.0005 top1=1.000 | val loss=0.0017 | t=0.1s  *
[finetune_replay] ep  77/90 | train loss=0.0005 top1=1.000 | val loss=0.0018 | t=0.1s
[finetune_replay] ep  78/90 | train loss=0.0005 top1=1.000 | val loss=0.0018 | t=0.1s
[finetune_replay] ep  79/90 | train loss=0.0005 top1=1.000 | val loss=0.0018 | t=0.1s
[finetune_replay] ep  80/90 | train loss=0.0005 top1=1.000 | val loss=0.0019 | t=0.1s
[finetune_replay] ep  81/90 | train loss=0.0005 top1=1.000 | val loss=0.0018 | t=0.1s
[finetune_replay] ep  82/90 | train loss=0.0005 top1=1.000 | val loss=0.0019 | t=0.1s
[finetune_replay] ep  83/90 | train loss=0.0005 top1=1.000 | val loss=0.0019 | t=0.1s
[finetune_replay] ep  84/90 | train loss=0.0004 top1=1.000 | val loss=0.0019 | t=0.2s
[finetune_replay] ep  85/90 | train loss=0.0005 top1=1.000 | val loss=0.0019 | t=0.1s
[finetune_replay] ep  86/90 | train loss=0.0005 top1=1.000 | val loss=0.0018 | t=0.1s
[finetune_replay] ep  87/90 | train loss=0.0004 top1=1.000 | val loss=0.0018 | t=0.1s
[finetune_replay] ep  88/90 | train loss=0.0004 top1=1.000 | val loss=0.0018 | t=0.1s
[finetune_replay] ep  89/90 | train loss=0.0005 top1=1.000 | val loss=0.0018 | t=0.1s
[finetune_replay] ep  90/90 | train loss=0.0004 top1=1.000 | val loss=0.0018 | t=0.1s
[finetune_replay] DONE best_val_loss=0.0017 @ epoch 76
[15:01:54] [uncertainty] member 2: $ /home/s226137394/.conda/envs/maze/bin/python3 -u -m Equivariant_pathway.equivariant_CNN_hybrid.baseline_vs_p4.pool_x_selector.trainer.finetune_replay --demo_dir /weka/s226137394/DmNfull/Equivariant_pathway/equivariant_CNN_hybrid/baseline_vs_p4/pool_x_selector/results/run_9/thrifty_dagger/demos --checkpoint_dir /weka/s226137394/DmNfull/Equivariant_pathway/equivariant_CNN_hybrid/baseline_vs_p4/pool_x_selector/results/run_9/thrifty_dagger/checkpoints/member_2 --epochs 90 --batch_size 64 --lr 5e-05 --weight_decay 0.0001 --replay_mix 0.5 --replay_mix_floor 0.2 --seed 211 --resume --new_demos_dir /weka/s226137394/DmNfull/Equivariant_pathway/equivariant_CNN_hybrid/baseline_vs_p4/pool_x_selector/results/run_9/thrifty_dagger/demos/round_006
[finetune_replay] device=cuda demo_dir=/weka/s226137394/DmNfull/Equivariant_pathway/equivariant_CNN_hybrid/baseline_vs_p4/pool_x_selector/results/run_9/thrifty_dagger/demos new_demos_dir=/weka/s226137394/DmNfull/Equivariant_pathway/equivariant_CNN_hybrid/baseline_vs_p4/pool_x_selector/results/run_9/thrifty_dagger/demos/round_006
[hybrid-dataset] 25 demos -> 124 samples
[hybrid-dataset] 1 demos -> 4 samples
[finetune_replay] sampler audit: {'n_old_samples': 124, 'n_new_samples': 4, 'replay_mix_target': 0.5, 'replay_mix_effective': 0.5, 'replay_mix_floor': 0.2}
[finetune_replay] trainable params: 1,400,028
[finetune_replay] WARM START from last_hybrid_policy.pth
[finetune_replay] ep   1/90 | train loss=0.1665 top1=1.000 | val loss=0.0344 | t=1.3s  *
[finetune_replay] ep   2/90 | train loss=0.0310 top1=1.000 | val loss=0.0022 | t=0.2s  *
[finetune_replay] ep   3/90 | train loss=0.0215 top1=1.000 | val loss=0.0020 | t=0.1s  *
[finetune_replay] ep   4/90 | train loss=0.0094 top1=1.000 | val loss=0.0016 | t=0.1s  *
[finetune_replay] ep   5/90 | train loss=0.0095 top1=1.000 | val loss=0.0016 | t=0.1s
[finetune_replay] ep   6/90 | train loss=0.0045 top1=1.000 | val loss=0.0014 | t=0.2s  *
[finetune_replay] ep   7/90 | train loss=0.0040 top1=1.000 | val loss=0.0013 | t=0.1s  *
[finetune_replay] ep   8/90 | train loss=0.0035 top1=1.000 | val loss=0.0012 | t=0.1s  *
[finetune_replay] ep   9/90 | train loss=0.0022 top1=1.000 | val loss=0.0013 | t=0.1s
[finetune_replay] ep  10/90 | train loss=0.0018 top1=1.000 | val loss=0.0016 | t=0.1s
[finetune_replay] ep  11/90 | train loss=0.0013 top1=1.000 | val loss=0.0018 | t=0.1s
[finetune_replay] ep  12/90 | train loss=0.0014 top1=1.000 | val loss=0.0017 | t=0.1s
[finetune_replay] ep  13/90 | train loss=0.0011 top1=1.000 | val loss=0.0017 | t=0.1s
[finetune_replay] ep  14/90 | train loss=0.0011 top1=1.000 | val loss=0.0017 | t=0.1s
[finetune_replay] ep  15/90 | train loss=0.0011 top1=1.000 | val loss=0.0016 | t=0.1s
[finetune_replay] ep  16/90 | train loss=0.0008 top1=1.000 | val loss=0.0015 | t=0.1s
[finetune_replay] ep  17/90 | train loss=0.0009 top1=1.000 | val loss=0.0015 | t=0.1s
[finetune_replay] ep  18/90 | train loss=0.0009 top1=1.000 | val loss=0.0015 | t=0.1s
[finetune_replay] ep  19/90 | train loss=0.0008 top1=1.000 | val loss=0.0015 | t=0.1s
[finetune_replay] ep  20/90 | train loss=0.0009 top1=1.000 | val loss=0.0014 | t=0.1s
[finetune_replay] ep  21/90 | train loss=0.0008 top1=1.000 | val loss=0.0014 | t=0.1s
[finetune_replay] ep  22/90 | train loss=0.0008 top1=1.000 | val loss=0.0014 | t=0.1s
[finetune_replay] ep  23/90 | train loss=0.0007 top1=1.000 | val loss=0.0014 | t=0.1s
[finetune_replay] ep  24/90 | train loss=0.0007 top1=1.000 | val loss=0.0014 | t=0.1s
[finetune_replay] ep  25/90 | train loss=0.0008 top1=1.000 | val loss=0.0013 | t=0.1s
[finetune_replay] ep  26/90 | train loss=0.0007 top1=1.000 | val loss=0.0012 | t=0.1s
[finetune_replay] ep  27/90 | train loss=0.0007 top1=1.000 | val loss=0.0012 | t=0.1s  *
[finetune_replay] ep  28/90 | train loss=0.0007 top1=1.000 | val loss=0.0012 | t=0.1s  *
[finetune_replay] ep  29/90 | train loss=0.0007 top1=1.000 | val loss=0.0012 | t=0.1s  *
[finetune_replay] ep  30/90 | train loss=0.0007 top1=1.000 | val loss=0.0012 | t=0.1s  *
[finetune_replay] ep  31/90 | train loss=0.0007 top1=1.000 | val loss=0.0012 | t=0.1s
[finetune_replay] ep  32/90 | train loss=0.0006 top1=1.000 | val loss=0.0013 | t=0.1s
[finetune_replay] ep  33/90 | train loss=0.0006 top1=1.000 | val loss=0.0012 | t=0.1s
[finetune_replay] ep  34/90 | train loss=0.0007 top1=1.000 | val loss=0.0012 | t=0.1s
[finetune_replay] ep  35/90 | train loss=0.0006 top1=1.000 | val loss=0.0012 | t=0.1s
[finetune_replay] ep  36/90 | train loss=0.0005 top1=1.000 | val loss=0.0012 | t=0.1s
[finetune_replay] ep  37/90 | train loss=0.0006 top1=1.000 | val loss=0.0012 | t=0.1s
[finetune_replay] ep  38/90 | train loss=0.0007 top1=1.000 | val loss=0.0012 | t=0.1s
[finetune_replay] ep  39/90 | train loss=0.0006 top1=1.000 | val loss=0.0011 | t=0.1s  *
[finetune_replay] ep  40/90 | train loss=0.0005 top1=1.000 | val loss=0.0012 | t=0.1s
[finetune_replay] ep  41/90 | train loss=0.0006 top1=1.000 | val loss=0.0011 | t=0.1s
[finetune_replay] ep  42/90 | train loss=0.0005 top1=1.000 | val loss=0.0012 | t=0.1s
[finetune_replay] ep  43/90 | train loss=0.0005 top1=1.000 | val loss=0.0012 | t=0.1s
[finetune_replay] ep  44/90 | train loss=0.0005 top1=1.000 | val loss=0.0012 | t=0.1s
[finetune_replay] ep  45/90 | train loss=0.0006 top1=1.000 | val loss=0.0013 | t=0.1s
[finetune_replay] ep  46/90 | train loss=0.0005 top1=1.000 | val loss=0.0013 | t=0.1s
[finetune_replay] ep  47/90 | train loss=0.0006 top1=1.000 | val loss=0.0012 | t=0.1s
[finetune_replay] ep  48/90 | train loss=0.0006 top1=1.000 | val loss=0.0012 | t=0.1s
[finetune_replay] ep  49/90 | train loss=0.0005 top1=1.000 | val loss=0.0011 | t=0.1s
[finetune_replay] ep  50/90 | train loss=0.0005 top1=1.000 | val loss=0.0011 | t=0.2s  *
[finetune_replay] ep  51/90 | train loss=0.0004 top1=1.000 | val loss=0.0011 | t=0.1s  *
[finetune_replay] ep  52/90 | train loss=0.0005 top1=1.000 | val loss=0.0011 | t=0.1s
[finetune_replay] ep  53/90 | train loss=0.0005 top1=1.000 | val loss=0.0011 | t=0.1s  *
[finetune_replay] ep  54/90 | train loss=0.0004 top1=1.000 | val loss=0.0011 | t=0.1s
[finetune_replay] ep  55/90 | train loss=0.0004 top1=1.000 | val loss=0.0011 | t=0.1s  *
[finetune_replay] ep  56/90 | train loss=0.0005 top1=1.000 | val loss=0.0011 | t=0.1s
[finetune_replay] ep  57/90 | train loss=0.0005 top1=1.000 | val loss=0.0011 | t=0.1s  *
[finetune_replay] ep  58/90 | train loss=0.0005 top1=1.000 | val loss=0.0011 | t=0.1s
[finetune_replay] ep  59/90 | train loss=0.0004 top1=1.000 | val loss=0.0011 | t=0.1s
[finetune_replay] ep  60/90 | train loss=0.0005 top1=1.000 | val loss=0.0011 | t=0.1s
[finetune_replay] ep  61/90 | train loss=0.0006 top1=1.000 | val loss=0.0011 | t=0.1s
[finetune_replay] ep  62/90 | train loss=0.0005 top1=1.000 | val loss=0.0011 | t=0.1s
[finetune_replay] ep  63/90 | train loss=0.0004 top1=1.000 | val loss=0.0011 | t=0.1s
[finetune_replay] ep  64/90 | train loss=0.0004 top1=1.000 | val loss=0.0011 | t=0.1s
[finetune_replay] ep  65/90 | train loss=0.0005 top1=1.000 | val loss=0.0011 | t=0.1s
[finetune_replay] ep  66/90 | train loss=0.0005 top1=1.000 | val loss=0.0011 | t=0.1s
[finetune_replay] ep  67/90 | train loss=0.0004 top1=1.000 | val loss=0.0011 | t=0.1s
[finetune_replay] ep  68/90 | train loss=0.0004 top1=1.000 | val loss=0.0011 | t=0.1s
[finetune_replay] ep  69/90 | train loss=0.0005 top1=1.000 | val loss=0.0011 | t=0.1s
[finetune_replay] ep  70/90 | train loss=0.0005 top1=1.000 | val loss=0.0011 | t=0.1s
[finetune_replay] ep  71/90 | train loss=0.0004 top1=1.000 | val loss=0.0011 | t=0.1s
[finetune_replay] ep  72/90 | train loss=0.0005 top1=1.000 | val loss=0.0011 | t=0.1s
[finetune_replay] ep  73/90 | train loss=0.0005 top1=1.000 | val loss=0.0011 | t=0.1s
[finetune_replay] ep  74/90 | train loss=0.0005 top1=1.000 | val loss=0.0011 | t=0.1s
[finetune_replay] ep  75/90 | train loss=0.0004 top1=1.000 | val loss=0.0011 | t=0.1s
[finetune_replay] ep  76/90 | train loss=0.0004 top1=1.000 | val loss=0.0011 | t=0.1s
[finetune_replay] ep  77/90 | train loss=0.0004 top1=1.000 | val loss=0.0011 | t=0.1s
[finetune_replay] ep  78/90 | train loss=0.0004 top1=1.000 | val loss=0.0011 | t=0.1s
[finetune_replay] ep  79/90 | train loss=0.0005 top1=1.000 | val loss=0.0011 | t=0.1s
[finetune_replay] ep  80/90 | train loss=0.0005 top1=1.000 | val loss=0.0011 | t=0.1s
[finetune_replay] ep  81/90 | train loss=0.0004 top1=1.000 | val loss=0.0011 | t=0.1s
[finetune_replay] ep  82/90 | train loss=0.0004 top1=1.000 | val loss=0.0011 | t=0.1s
[finetune_replay] ep  83/90 | train loss=0.0004 top1=1.000 | val loss=0.0011 | t=0.1s
[finetune_replay] ep  84/90 | train loss=0.0005 top1=1.000 | val loss=0.0011 | t=0.1s
[finetune_replay] ep  85/90 | train loss=0.0004 top1=1.000 | val loss=0.0011 | t=0.1s
[finetune_replay] ep  86/90 | train loss=0.0005 top1=1.000 | val loss=0.0011 | t=0.1s
[finetune_replay] ep  87/90 | train loss=0.0005 top1=1.000 | val loss=0.0011 | t=0.1s
[finetune_replay] ep  88/90 | train loss=0.0004 top1=1.000 | val loss=0.0011 | t=0.1s
[finetune_replay] ep  89/90 | train loss=0.0005 top1=1.000 | val loss=0.0011 | t=0.1s
[finetune_replay] ep  90/90 | train loss=0.0005 top1=1.000 | val loss=0.0011 | t=0.2s
[finetune_replay] DONE best_val_loss=0.0011 @ epoch 57
[15:02:29] [uncertainty] member 3: $ /home/s226137394/.conda/envs/maze/bin/python3 -u -m Equivariant_pathway.equivariant_CNN_hybrid.baseline_vs_p4.pool_x_selector.trainer.finetune_replay --demo_dir /weka/s226137394/DmNfull/Equivariant_pathway/equivariant_CNN_hybrid/baseline_vs_p4/pool_x_selector/results/run_9/thrifty_dagger/demos --checkpoint_dir /weka/s226137394/DmNfull/Equivariant_pathway/equivariant_CNN_hybrid/baseline_vs_p4/pool_x_selector/results/run_9/thrifty_dagger/checkpoints/member_3 --epochs 90 --batch_size 64 --lr 5e-05 --weight_decay 0.0001 --replay_mix 0.5 --replay_mix_floor 0.2 --seed 312 --resume --new_demos_dir /weka/s226137394/DmNfull/Equivariant_pathway/equivariant_CNN_hybrid/baseline_vs_p4/pool_x_selector/results/run_9/thrifty_dagger/demos/round_006
[finetune_replay] device=cuda demo_dir=/weka/s226137394/DmNfull/Equivariant_pathway/equivariant_CNN_hybrid/baseline_vs_p4/pool_x_selector/results/run_9/thrifty_dagger/demos new_demos_dir=/weka/s226137394/DmNfull/Equivariant_pathway/equivariant_CNN_hybrid/baseline_vs_p4/pool_x_selector/results/run_9/thrifty_dagger/demos/round_006
[hybrid-dataset] 25 demos -> 124 samples
[hybrid-dataset] 1 demos -> 4 samples
[finetune_replay] sampler audit: {'n_old_samples': 124, 'n_new_samples': 4, 'replay_mix_target': 0.5, 'replay_mix_effective': 0.5, 'replay_mix_floor': 0.2}
[finetune_replay] trainable params: 1,400,028
[finetune_replay] WARM START from last_hybrid_policy.pth
[finetune_replay] ep   1/90 | train loss=0.1573 top1=1.000 | val loss=0.0636 | t=0.9s  *
[finetune_replay] ep   2/90 | train loss=0.0544 top1=1.000 | val loss=0.0058 | t=0.2s  *
[finetune_replay] ep   3/90 | train loss=0.0187 top1=1.000 | val loss=0.0040 | t=0.2s  *
[finetune_replay] ep   4/90 | train loss=0.0203 top1=1.000 | val loss=0.0041 | t=0.1s
[finetune_replay] ep   5/90 | train loss=0.0105 top1=1.000 | val loss=0.0034 | t=0.1s  *
[finetune_replay] ep   6/90 | train loss=0.0062 top1=1.000 | val loss=0.0050 | t=0.1s
[finetune_replay] ep   7/90 | train loss=0.0056 top1=1.000 | val loss=0.0039 | t=0.1s
[finetune_replay] ep   8/90 | train loss=0.0041 top1=1.000 | val loss=0.0025 | t=0.1s  *
[finetune_replay] ep   9/90 | train loss=0.0025 top1=1.000 | val loss=0.0033 | t=0.1s
[finetune_replay] ep  10/90 | train loss=0.0025 top1=1.000 | val loss=0.0040 | t=0.1s
[finetune_replay] ep  11/90 | train loss=0.0020 top1=1.000 | val loss=0.0036 | t=0.1s
[finetune_replay] ep  12/90 | train loss=0.0017 top1=1.000 | val loss=0.0028 | t=0.1s
[finetune_replay] ep  13/90 | train loss=0.0011 top1=1.000 | val loss=0.0023 | t=0.1s  *
[finetune_replay] ep  14/90 | train loss=0.0013 top1=1.000 | val loss=0.0020 | t=0.2s  *
[finetune_replay] ep  15/90 | train loss=0.0012 top1=1.000 | val loss=0.0018 | t=0.1s  *
[finetune_replay] ep  16/90 | train loss=0.0011 top1=1.000 | val loss=0.0017 | t=0.1s  *
[finetune_replay] ep  17/90 | train loss=0.0009 top1=1.000 | val loss=0.0017 | t=0.1s
[finetune_replay] ep  18/90 | train loss=0.0010 top1=1.000 | val loss=0.0016 | t=0.1s  *
[finetune_replay] ep  19/90 | train loss=0.0010 top1=1.000 | val loss=0.0015 | t=0.1s  *
[finetune_replay] ep  20/90 | train loss=0.0009 top1=1.000 | val loss=0.0016 | t=0.1s
[finetune_replay] ep  21/90 | train loss=0.0008 top1=1.000 | val loss=0.0017 | t=0.1s
[finetune_replay] ep  22/90 | train loss=0.0007 top1=1.000 | val loss=0.0018 | t=0.1s
[finetune_replay] ep  23/90 | train loss=0.0010 top1=1.000 | val loss=0.0017 | t=0.1s
[finetune_replay] ep  24/90 | train loss=0.0009 top1=1.000 | val loss=0.0016 | t=0.1s
[finetune_replay] ep  25/90 | train loss=0.0007 top1=1.000 | val loss=0.0015 | t=0.1s  *
[finetune_replay] ep  26/90 | train loss=0.0009 top1=1.000 | val loss=0.0015 | t=0.1s
[finetune_replay] ep  27/90 | train loss=0.0008 top1=1.000 | val loss=0.0015 | t=0.1s  *
[finetune_replay] ep  28/90 | train loss=0.0007 top1=1.000 | val loss=0.0014 | t=0.1s  *
[finetune_replay] ep  29/90 | train loss=0.0007 top1=1.000 | val loss=0.0014 | t=0.1s
[finetune_replay] ep  30/90 | train loss=0.0007 top1=1.000 | val loss=0.0015 | t=0.1s
[finetune_replay] ep  31/90 | train loss=0.0007 top1=1.000 | val loss=0.0015 | t=0.1s
[finetune_replay] ep  32/90 | train loss=0.0007 top1=1.000 | val loss=0.0015 | t=0.1s
[finetune_replay] ep  33/90 | train loss=0.0007 top1=1.000 | val loss=0.0015 | t=0.1s
[finetune_replay] ep  34/90 | train loss=0.0007 top1=1.000 | val loss=0.0015 | t=0.1s
[finetune_replay] ep  35/90 | train loss=0.0006 top1=1.000 | val loss=0.0015 | t=0.1s
[finetune_replay] ep  36/90 | train loss=0.0006 top1=1.000 | val loss=0.0015 | t=0.1s
[finetune_replay] ep  37/90 | train loss=0.0006 top1=1.000 | val loss=0.0015 | t=0.1s
[finetune_replay] ep  38/90 | train loss=0.0006 top1=1.000 | val loss=0.0015 | t=0.1s
[finetune_replay] ep  39/90 | train loss=0.0006 top1=1.000 | val loss=0.0015 | t=0.1s
[finetune_replay] ep  40/90 | train loss=0.0006 top1=1.000 | val loss=0.0014 | t=0.1s  *
[finetune_replay] ep  41/90 | train loss=0.0007 top1=1.000 | val loss=0.0015 | t=0.1s
[finetune_replay] ep  42/90 | train loss=0.0005 top1=1.000 | val loss=0.0016 | t=0.1s
[finetune_replay] ep  43/90 | train loss=0.0006 top1=1.000 | val loss=0.0015 | t=0.1s
[finetune_replay] ep  44/90 | train loss=0.0006 top1=1.000 | val loss=0.0015 | t=0.1s
[finetune_replay] ep  45/90 | train loss=0.0006 top1=1.000 | val loss=0.0015 | t=0.1s
[finetune_replay] ep  46/90 | train loss=0.0005 top1=1.000 | val loss=0.0015 | t=0.1s
[finetune_replay] ep  47/90 | train loss=0.0006 top1=1.000 | val loss=0.0015 | t=0.1s
[finetune_replay] ep  48/90 | train loss=0.0005 top1=1.000 | val loss=0.0014 | t=0.1s  *
[finetune_replay] ep  49/90 | train loss=0.0006 top1=1.000 | val loss=0.0014 | t=0.1s
[finetune_replay] ep  50/90 | train loss=0.0006 top1=1.000 | val loss=0.0015 | t=0.1s
[finetune_replay] ep  51/90 | train loss=0.0006 top1=1.000 | val loss=0.0015 | t=0.1s
[finetune_replay] ep  52/90 | train loss=0.0005 top1=1.000 | val loss=0.0015 | t=0.1s
[finetune_replay] ep  53/90 | train loss=0.0005 top1=1.000 | val loss=0.0016 | t=0.1s
[finetune_replay] ep  54/90 | train loss=0.0006 top1=1.000 | val loss=0.0015 | t=0.1s
[finetune_replay] ep  55/90 | train loss=0.0005 top1=1.000 | val loss=0.0015 | t=0.1s
[finetune_replay] ep  56/90 | train loss=0.0006 top1=1.000 | val loss=0.0015 | t=0.1s
[finetune_replay] ep  57/90 | train loss=0.0005 top1=1.000 | val loss=0.0015 | t=0.1s
[finetune_replay] ep  58/90 | train loss=0.0005 top1=1.000 | val loss=0.0015 | t=0.1s
[finetune_replay] ep  59/90 | train loss=0.0005 top1=1.000 | val loss=0.0014 | t=0.1s
[finetune_replay] ep  60/90 | train loss=0.0005 top1=1.000 | val loss=0.0015 | t=0.1s
[finetune_replay] ep  61/90 | train loss=0.0005 top1=1.000 | val loss=0.0015 | t=0.1s
[finetune_replay] ep  62/90 | train loss=0.0004 top1=1.000 | val loss=0.0015 | t=0.1s
[finetune_replay] ep  63/90 | train loss=0.0006 top1=1.000 | val loss=0.0015 | t=0.1s
[finetune_replay] ep  64/90 | train loss=0.0005 top1=1.000 | val loss=0.0016 | t=0.1s
[finetune_replay] ep  65/90 | train loss=0.0005 top1=1.000 | val loss=0.0015 | t=0.1s
[finetune_replay] ep  66/90 | train loss=0.0005 top1=1.000 | val loss=0.0016 | t=0.1s
[finetune_replay] ep  67/90 | train loss=0.0004 top1=1.000 | val loss=0.0016 | t=0.1s
[finetune_replay] ep  68/90 | train loss=0.0004 top1=1.000 | val loss=0.0015 | t=0.1s
[finetune_replay] ep  69/90 | train loss=0.0005 top1=1.000 | val loss=0.0015 | t=0.1s
[finetune_replay] ep  70/90 | train loss=0.0005 top1=1.000 | val loss=0.0015 | t=0.1s
[finetune_replay] ep  71/90 | train loss=0.0005 top1=1.000 | val loss=0.0015 | t=0.1s
[finetune_replay] ep  72/90 | train loss=0.0004 top1=1.000 | val loss=0.0014 | t=0.1s
[finetune_replay] ep  73/90 | train loss=0.0005 top1=1.000 | val loss=0.0014 | t=0.1s
[finetune_replay] ep  74/90 | train loss=0.0004 top1=1.000 | val loss=0.0014 | t=0.1s
[finetune_replay] ep  75/90 | train loss=0.0005 top1=1.000 | val loss=0.0014 | t=0.1s
[finetune_replay] ep  76/90 | train loss=0.0005 top1=1.000 | val loss=0.0015 | t=0.1s
[finetune_replay] ep  77/90 | train loss=0.0004 top1=1.000 | val loss=0.0015 | t=0.1s
[finetune_replay] ep  78/90 | train loss=0.0005 top1=1.000 | val loss=0.0015 | t=0.1s
[finetune_replay] ep  79/90 | train loss=0.0005 top1=1.000 | val loss=0.0016 | t=0.1s
[finetune_replay] ep  80/90 | train loss=0.0005 top1=1.000 | val loss=0.0016 | t=0.1s
[finetune_replay] ep  81/90 | train loss=0.0004 top1=1.000 | val loss=0.0015 | t=0.1s
[finetune_replay] ep  82/90 | train loss=0.0005 top1=1.000 | val loss=0.0015 | t=0.1s
[finetune_replay] ep  83/90 | train loss=0.0005 top1=1.000 | val loss=0.0014 | t=0.1s
[finetune_replay] ep  84/90 | train loss=0.0005 top1=1.000 | val loss=0.0015 | t=0.1s
[finetune_replay] ep  85/90 | train loss=0.0005 top1=1.000 | val loss=0.0016 | t=0.1s
[finetune_replay] ep  86/90 | train loss=0.0005 top1=1.000 | val loss=0.0015 | t=0.1s
[finetune_replay] ep  87/90 | train loss=0.0005 top1=1.000 | val loss=0.0015 | t=0.1s
[finetune_replay] ep  88/90 | train loss=0.0005 top1=1.000 | val loss=0.0015 | t=0.1s
[finetune_replay] ep  89/90 | train loss=0.0005 top1=1.000 | val loss=0.0014 | t=0.1s
[finetune_replay] ep  90/90 | train loss=0.0005 top1=1.000 | val loss=0.0014 | t=0.1s
[finetune_replay] DONE best_val_loss=0.0014 @ epoch 48
[15:03:02] [uncertainty] member 4: $ /home/s226137394/.conda/envs/maze/bin/python3 -u -m Equivariant_pathway.equivariant_CNN_hybrid.baseline_vs_p4.pool_x_selector.trainer.finetune_replay --demo_dir /weka/s226137394/DmNfull/Equivariant_pathway/equivariant_CNN_hybrid/baseline_vs_p4/pool_x_selector/results/run_9/thrifty_dagger/demos --checkpoint_dir /weka/s226137394/DmNfull/Equivariant_pathway/equivariant_CNN_hybrid/baseline_vs_p4/pool_x_selector/results/run_9/thrifty_dagger/checkpoints/member_4 --epochs 90 --batch_size 64 --lr 5e-05 --weight_decay 0.0001 --replay_mix 0.5 --replay_mix_floor 0.2 --seed 413 --resume --new_demos_dir /weka/s226137394/DmNfull/Equivariant_pathway/equivariant_CNN_hybrid/baseline_vs_p4/pool_x_selector/results/run_9/thrifty_dagger/demos/round_006
[finetune_replay] device=cuda demo_dir=/weka/s226137394/DmNfull/Equivariant_pathway/equivariant_CNN_hybrid/baseline_vs_p4/pool_x_selector/results/run_9/thrifty_dagger/demos new_demos_dir=/weka/s226137394/DmNfull/Equivariant_pathway/equivariant_CNN_hybrid/baseline_vs_p4/pool_x_selector/results/run_9/thrifty_dagger/demos/round_006
[hybrid-dataset] 25 demos -> 124 samples
[hybrid-dataset] 1 demos -> 4 samples
[finetune_replay] sampler audit: {'n_old_samples': 124, 'n_new_samples': 4, 'replay_mix_target': 0.5, 'replay_mix_effective': 0.5, 'replay_mix_floor': 0.2}
[finetune_replay] trainable params: 1,400,028
[finetune_replay] WARM START from last_hybrid_policy.pth
[finetune_replay] ep   1/90 | train loss=0.3612 top1=0.914 | val loss=0.1561 | t=0.9s  *
[finetune_replay] ep   2/90 | train loss=0.0603 top1=1.000 | val loss=0.0940 | t=0.1s  *
[finetune_replay] ep   3/90 | train loss=0.0072 top1=1.000 | val loss=0.1320 | t=0.2s
[finetune_replay] ep   4/90 | train loss=0.0030 top1=1.000 | val loss=0.1839 | t=0.2s
[finetune_replay] ep   5/90 | train loss=0.0049 top1=1.000 | val loss=0.1667 | t=0.2s
[finetune_replay] ep   6/90 | train loss=0.0015 top1=1.000 | val loss=0.1495 | t=0.1s
[finetune_replay] ep   7/90 | train loss=0.0015 top1=1.000 | val loss=0.1333 | t=0.1s
[finetune_replay] ep   8/90 | train loss=0.0009 top1=1.000 | val loss=0.1260 | t=0.1s
[finetune_replay] ep   9/90 | train loss=0.0014 top1=1.000 | val loss=0.1235 | t=0.1s
[finetune_replay] ep  10/90 | train loss=0.0011 top1=1.000 | val loss=0.1250 | t=0.1s
[finetune_replay] ep  11/90 | train loss=0.0011 top1=1.000 | val loss=0.1276 | t=0.1s
[finetune_replay] ep  12/90 | train loss=0.0007 top1=1.000 | val loss=0.1313 | t=0.2s
[finetune_replay] ep  13/90 | train loss=0.0006 top1=1.000 | val loss=0.1322 | t=0.1s
[finetune_replay] ep  14/90 | train loss=0.0006 top1=1.000 | val loss=0.1331 | t=0.1s
[finetune_replay] ep  15/90 | train loss=0.0007 top1=1.000 | val loss=0.1325 | t=0.1s
[finetune_replay] ep  16/90 | train loss=0.0005 top1=1.000 | val loss=0.1306 | t=0.1s
[finetune_replay] ep  17/90 | train loss=0.0008 top1=1.000 | val loss=0.1292 | t=0.1s
[finetune_replay] ep  18/90 | train loss=0.0005 top1=1.000 | val loss=0.1268 | t=0.1s
[finetune_replay] ep  19/90 | train loss=0.0006 top1=1.000 | val loss=0.1245 | t=0.1s
[finetune_replay] ep  20/90 | train loss=0.0006 top1=1.000 | val loss=0.1236 | t=0.1s
[finetune_replay] ep  21/90 | train loss=0.0005 top1=1.000 | val loss=0.1238 | t=0.1s
[finetune_replay] ep  22/90 | train loss=0.0005 top1=1.000 | val loss=0.1250 | t=0.1s
[finetune_replay] ep  23/90 | train loss=0.0006 top1=1.000 | val loss=0.1267 | t=0.1s
[finetune_replay] ep  24/90 | train loss=0.0006 top1=1.000 | val loss=0.1265 | t=0.1s
[finetune_replay] ep  25/90 | train loss=0.0005 top1=1.000 | val loss=0.1281 | t=0.1s
[finetune_replay] ep  26/90 | train loss=0.0004 top1=1.000 | val loss=0.1287 | t=0.1s
[finetune_replay] ep  27/90 | train loss=0.0005 top1=1.000 | val loss=0.1295 | t=0.1s
[finetune_replay] ep  28/90 | train loss=0.0004 top1=1.000 | val loss=0.1279 | t=0.1s
[finetune_replay] ep  29/90 | train loss=0.0005 top1=1.000 | val loss=0.1291 | t=0.1s
[finetune_replay] ep  30/90 | train loss=0.0004 top1=1.000 | val loss=0.1301 | t=0.1s
[finetune_replay] ep  31/90 | train loss=0.0004 top1=1.000 | val loss=0.1330 | t=0.1s
[finetune_replay] ep  32/90 | train loss=0.0004 top1=1.000 | val loss=0.1341 | t=0.1s
[finetune_replay] ep  33/90 | train loss=0.0004 top1=1.000 | val loss=0.1341 | t=0.1s
[finetune_replay] ep  34/90 | train loss=0.0005 top1=1.000 | val loss=0.1321 | t=0.1s
[finetune_replay] ep  35/90 | train loss=0.0003 top1=1.000 | val loss=0.1304 | t=0.1s
[finetune_replay] ep  36/90 | train loss=0.0004 top1=1.000 | val loss=0.1283 | t=0.1s
[finetune_replay] ep  37/90 | train loss=0.0004 top1=1.000 | val loss=0.1270 | t=0.1s
[finetune_replay] ep  38/90 | train loss=0.0004 top1=1.000 | val loss=0.1268 | t=0.1s
[finetune_replay] ep  39/90 | train loss=0.0004 top1=1.000 | val loss=0.1277 | t=0.1s
[finetune_replay] ep  40/90 | train loss=0.0004 top1=1.000 | val loss=0.1297 | t=0.1s
[finetune_replay] ep  41/90 | train loss=0.0004 top1=1.000 | val loss=0.1330 | t=0.1s
[finetune_replay] ep  42/90 | train loss=0.0003 top1=1.000 | val loss=0.1347 | t=0.1s
[finetune_replay] ep  43/90 | train loss=0.0004 top1=1.000 | val loss=0.1351 | t=0.1s
[finetune_replay] ep  44/90 | train loss=0.0005 top1=1.000 | val loss=0.1350 | t=0.1s
[finetune_replay] ep  45/90 | train loss=0.0004 top1=1.000 | val loss=0.1320 | t=0.1s
[finetune_replay] ep  46/90 | train loss=0.0003 top1=1.000 | val loss=0.1307 | t=0.1s
[finetune_replay] ep  47/90 | train loss=0.0004 top1=1.000 | val loss=0.1314 | t=0.1s
[finetune_replay] ep  48/90 | train loss=0.0003 top1=1.000 | val loss=0.1307 | t=0.1s
[finetune_replay] ep  49/90 | train loss=0.0004 top1=1.000 | val loss=0.1291 | t=0.1s
[finetune_replay] ep  50/90 | train loss=0.0003 top1=1.000 | val loss=0.1293 | t=0.1s
[finetune_replay] ep  51/90 | train loss=0.0004 top1=1.000 | val loss=0.1303 | t=0.1s
[finetune_replay] ep  52/90 | train loss=0.0003 top1=1.000 | val loss=0.1321 | t=0.1s
[finetune_replay] ep  53/90 | train loss=0.0004 top1=1.000 | val loss=0.1354 | t=0.1s
[finetune_replay] ep  54/90 | train loss=0.0003 top1=1.000 | val loss=0.1371 | t=0.1s
[finetune_replay] ep  55/90 | train loss=0.0003 top1=1.000 | val loss=0.1364 | t=0.1s
[finetune_replay] ep  56/90 | train loss=0.0003 top1=1.000 | val loss=0.1359 | t=0.1s
[finetune_replay] ep  57/90 | train loss=0.0003 top1=1.000 | val loss=0.1353 | t=0.1s
[finetune_replay] ep  58/90 | train loss=0.0003 top1=1.000 | val loss=0.1343 | t=0.1s
[finetune_replay] ep  59/90 | train loss=0.0003 top1=1.000 | val loss=0.1330 | t=0.1s
[finetune_replay] ep  60/90 | train loss=0.0003 top1=1.000 | val loss=0.1321 | t=0.1s
[finetune_replay] ep  61/90 | train loss=0.0003 top1=1.000 | val loss=0.1335 | t=0.1s
[finetune_replay] ep  62/90 | train loss=0.0004 top1=1.000 | val loss=0.1345 | t=0.1s
[finetune_replay] ep  63/90 | train loss=0.0003 top1=1.000 | val loss=0.1351 | t=0.1s
[finetune_replay] ep  64/90 | train loss=0.0004 top1=1.000 | val loss=0.1350 | t=0.1s
[finetune_replay] ep  65/90 | train loss=0.0004 top1=1.000 | val loss=0.1348 | t=0.1s
[finetune_replay] ep  66/90 | train loss=0.0004 top1=1.000 | val loss=0.1350 | t=0.1s
[finetune_replay] ep  67/90 | train loss=0.0004 top1=1.000 | val loss=0.1335 | t=0.1s
[finetune_replay] ep  68/90 | train loss=0.0003 top1=1.000 | val loss=0.1337 | t=0.1s
[finetune_replay] ep  69/90 | train loss=0.0003 top1=1.000 | val loss=0.1339 | t=0.1s
[finetune_replay] ep  70/90 | train loss=0.0003 top1=1.000 | val loss=0.1345 | t=0.1s
[finetune_replay] ep  71/90 | train loss=0.0002 top1=1.000 | val loss=0.1358 | t=0.1s
[finetune_replay] ep  72/90 | train loss=0.0003 top1=1.000 | val loss=0.1353 | t=0.1s
[finetune_replay] ep  73/90 | train loss=0.0003 top1=1.000 | val loss=0.1355 | t=0.1s
[finetune_replay] ep  74/90 | train loss=0.0003 top1=1.000 | val loss=0.1368 | t=0.1s
[finetune_replay] ep  75/90 | train loss=0.0003 top1=1.000 | val loss=0.1363 | t=0.1s
[finetune_replay] ep  76/90 | train loss=0.0003 top1=1.000 | val loss=0.1350 | t=0.1s
[finetune_replay] ep  77/90 | train loss=0.0003 top1=1.000 | val loss=0.1339 | t=0.1s
[finetune_replay] ep  78/90 | train loss=0.0003 top1=1.000 | val loss=0.1327 | t=0.1s
[finetune_replay] ep  79/90 | train loss=0.0003 top1=1.000 | val loss=0.1331 | t=0.1s
[finetune_replay] ep  80/90 | train loss=0.0004 top1=1.000 | val loss=0.1327 | t=0.1s
[finetune_replay] ep  81/90 | train loss=0.0003 top1=1.000 | val loss=0.1324 | t=0.1s
[finetune_replay] ep  82/90 | train loss=0.0003 top1=1.000 | val loss=0.1322 | t=0.1s
[finetune_replay] ep  83/90 | train loss=0.0003 top1=1.000 | val loss=0.1324 | t=0.1s
[finetune_replay] ep  84/90 | train loss=0.0003 top1=1.000 | val loss=0.1341 | t=0.1s
[finetune_replay] ep  85/90 | train loss=0.0003 top1=1.000 | val loss=0.1350 | t=0.1s
[finetune_replay] ep  86/90 | train loss=0.0003 top1=1.000 | val loss=0.1348 | t=0.1s
[finetune_replay] ep  87/90 | train loss=0.0003 top1=1.000 | val loss=0.1340 | t=0.1s
[finetune_replay] ep  88/90 | train loss=0.0003 top1=1.000 | val loss=0.1341 | t=0.1s
[finetune_replay] ep  89/90 | train loss=0.0003 top1=1.000 | val loss=0.1344 | t=0.2s
[finetune_replay] ep  90/90 | train loss=0.0003 top1=1.000 | val loss=0.1351 | t=0.1s
[finetune_replay] DONE best_val_loss=0.0940 @ epoch 2
[15:04:10] [iil-baseline] round 6: heldout_sr=0.815

--------------------------------------------------------------------------------
THRIFTY_DAGGER ROUND 7  (remaining budget = 9)
--------------------------------------------------------------------------------
[15:04:27] [iil-baseline] round 7: pool=20 successes=16 failures=4 correction_sr=0.800
[15:04:27] [iil-baseline] round 7: picked=1 saved=1 cum_extras=7/15
[15:04:27] [uncertainty] member 0: $ /home/s226137394/.conda/envs/maze/bin/python3 -u -m Equivariant_pathway.equivariant_CNN_hybrid.baseline_vs_p4.pool_x_selector.trainer.finetune_replay --demo_dir /weka/s226137394/DmNfull/Equivariant_pathway/equivariant_CNN_hybrid/baseline_vs_p4/pool_x_selector/results/run_9/thrifty_dagger/demos --checkpoint_dir /weka/s226137394/DmNfull/Equivariant_pathway/equivariant_CNN_hybrid/baseline_vs_p4/pool_x_selector/results/run_9/thrifty_dagger/checkpoints/member_0 --epochs 90 --batch_size 64 --lr 5e-05 --weight_decay 0.0001 --replay_mix 0.5 --replay_mix_floor 0.2 --seed 9 --resume --new_demos_dir /weka/s226137394/DmNfull/Equivariant_pathway/equivariant_CNN_hybrid/baseline_vs_p4/pool_x_selector/results/run_9/thrifty_dagger/demos/round_007
[finetune_replay] device=cuda demo_dir=/weka/s226137394/DmNfull/Equivariant_pathway/equivariant_CNN_hybrid/baseline_vs_p4/pool_x_selector/results/run_9/thrifty_dagger/demos new_demos_dir=/weka/s226137394/DmNfull/Equivariant_pathway/equivariant_CNN_hybrid/baseline_vs_p4/pool_x_selector/results/run_9/thrifty_dagger/demos/round_007
[hybrid-dataset] 26 demos -> 128 samples
[hybrid-dataset] 1 demos -> 4 samples
[finetune_replay] sampler audit: {'n_old_samples': 128, 'n_new_samples': 4, 'replay_mix_target': 0.5, 'replay_mix_effective': 0.5, 'replay_mix_floor': 0.2}
[finetune_replay] trainable params: 1,400,028
[finetune_replay] WARM START from last_hybrid_policy.pth
[finetune_replay] ep   1/90 | train loss=0.0639 top1=1.000 | val loss=0.0924 | t=0.8s  *
[finetune_replay] ep   2/90 | train loss=0.0155 top1=1.000 | val loss=0.0431 | t=0.3s  *
[finetune_replay] ep   3/90 | train loss=0.0045 top1=1.000 | val loss=0.0325 | t=0.1s  *
[finetune_replay] ep   4/90 | train loss=0.0042 top1=1.000 | val loss=0.0330 | t=0.1s
[finetune_replay] ep   5/90 | train loss=0.0028 top1=1.000 | val loss=0.0441 | t=0.3s
[finetune_replay] ep   6/90 | train loss=0.0029 top1=1.000 | val loss=0.0508 | t=0.2s
[finetune_replay] ep   7/90 | train loss=0.0023 top1=1.000 | val loss=0.0481 | t=0.2s
[finetune_replay] ep   8/90 | train loss=0.0018 top1=1.000 | val loss=0.0435 | t=0.2s
[finetune_replay] ep   9/90 | train loss=0.0017 top1=1.000 | val loss=0.0375 | t=0.1s
[finetune_replay] ep  10/90 | train loss=0.0013 top1=1.000 | val loss=0.0299 | t=0.2s  *
[finetune_replay] ep  11/90 | train loss=0.0010 top1=1.000 | val loss=0.0264 | t=0.1s  *
[finetune_replay] ep  12/90 | train loss=0.0010 top1=1.000 | val loss=0.0251 | t=0.1s  *
[finetune_replay] ep  13/90 | train loss=0.0010 top1=1.000 | val loss=0.0255 | t=0.1s
[finetune_replay] ep  14/90 | train loss=0.0009 top1=1.000 | val loss=0.0274 | t=0.1s
[finetune_replay] ep  15/90 | train loss=0.0008 top1=1.000 | val loss=0.0288 | t=0.1s
[finetune_replay] ep  16/90 | train loss=0.0009 top1=1.000 | val loss=0.0288 | t=0.1s
[finetune_replay] ep  17/90 | train loss=0.0008 top1=1.000 | val loss=0.0277 | t=0.1s
[finetune_replay] ep  18/90 | train loss=0.0007 top1=1.000 | val loss=0.0276 | t=0.1s
[finetune_replay] ep  19/90 | train loss=0.0006 top1=1.000 | val loss=0.0282 | t=0.1s
[finetune_replay] ep  20/90 | train loss=0.0007 top1=1.000 | val loss=0.0291 | t=0.1s
[finetune_replay] ep  21/90 | train loss=0.0008 top1=1.000 | val loss=0.0310 | t=0.1s
[finetune_replay] ep  22/90 | train loss=0.0006 top1=1.000 | val loss=0.0318 | t=0.1s
[finetune_replay] ep  23/90 | train loss=0.0007 top1=1.000 | val loss=0.0314 | t=0.1s
[finetune_replay] ep  24/90 | train loss=0.0007 top1=1.000 | val loss=0.0303 | t=0.1s
[finetune_replay] ep  25/90 | train loss=0.0006 top1=1.000 | val loss=0.0290 | t=0.1s
[finetune_replay] ep  26/90 | train loss=0.0006 top1=1.000 | val loss=0.0285 | t=0.1s
[finetune_replay] ep  27/90 | train loss=0.0006 top1=1.000 | val loss=0.0280 | t=0.1s
[finetune_replay] ep  28/90 | train loss=0.0006 top1=1.000 | val loss=0.0272 | t=0.1s
[finetune_replay] ep  29/90 | train loss=0.0005 top1=1.000 | val loss=0.0259 | t=0.1s
[finetune_replay] ep  30/90 | train loss=0.0006 top1=1.000 | val loss=0.0258 | t=0.1s
[finetune_replay] ep  31/90 | train loss=0.0005 top1=1.000 | val loss=0.0267 | t=0.1s
[finetune_replay] ep  32/90 | train loss=0.0005 top1=1.000 | val loss=0.0279 | t=0.1s
[finetune_replay] ep  33/90 | train loss=0.0005 top1=1.000 | val loss=0.0289 | t=0.1s
[finetune_replay] ep  34/90 | train loss=0.0005 top1=1.000 | val loss=0.0283 | t=0.1s
[finetune_replay] ep  35/90 | train loss=0.0005 top1=1.000 | val loss=0.0277 | t=0.1s
[finetune_replay] ep  36/90 | train loss=0.0005 top1=1.000 | val loss=0.0273 | t=0.1s
[finetune_replay] ep  37/90 | train loss=0.0005 top1=1.000 | val loss=0.0271 | t=0.1s
[finetune_replay] ep  38/90 | train loss=0.0005 top1=1.000 | val loss=0.0275 | t=0.1s
[finetune_replay] ep  39/90 | train loss=0.0004 top1=1.000 | val loss=0.0281 | t=0.1s
[finetune_replay] ep  40/90 | train loss=0.0005 top1=1.000 | val loss=0.0279 | t=0.1s
[finetune_replay] ep  41/90 | train loss=0.0005 top1=1.000 | val loss=0.0280 | t=0.1s
[finetune_replay] ep  42/90 | train loss=0.0004 top1=1.000 | val loss=0.0275 | t=0.1s
[finetune_replay] ep  43/90 | train loss=0.0005 top1=1.000 | val loss=0.0278 | t=0.1s
[finetune_replay] ep  44/90 | train loss=0.0005 top1=1.000 | val loss=0.0276 | t=0.1s
[finetune_replay] ep  45/90 | train loss=0.0004 top1=1.000 | val loss=0.0270 | t=0.1s
[finetune_replay] ep  46/90 | train loss=0.0004 top1=1.000 | val loss=0.0264 | t=0.1s
[finetune_replay] ep  47/90 | train loss=0.0004 top1=1.000 | val loss=0.0264 | t=0.1s
[finetune_replay] ep  48/90 | train loss=0.0004 top1=1.000 | val loss=0.0258 | t=0.1s
[finetune_replay] ep  49/90 | train loss=0.0003 top1=1.000 | val loss=0.0252 | t=0.1s
[finetune_replay] ep  50/90 | train loss=0.0004 top1=1.000 | val loss=0.0241 | t=0.1s  *
[finetune_replay] ep  51/90 | train loss=0.0004 top1=1.000 | val loss=0.0239 | t=0.1s  *
[finetune_replay] ep  52/90 | train loss=0.0004 top1=1.000 | val loss=0.0242 | t=0.1s
[finetune_replay] ep  53/90 | train loss=0.0005 top1=1.000 | val loss=0.0248 | t=0.1s
[finetune_replay] ep  54/90 | train loss=0.0004 top1=1.000 | val loss=0.0255 | t=0.1s
[finetune_replay] ep  55/90 | train loss=0.0004 top1=1.000 | val loss=0.0262 | t=0.1s
[finetune_replay] ep  56/90 | train loss=0.0003 top1=1.000 | val loss=0.0263 | t=0.1s
[finetune_replay] ep  57/90 | train loss=0.0004 top1=1.000 | val loss=0.0265 | t=0.1s
[finetune_replay] ep  58/90 | train loss=0.0003 top1=1.000 | val loss=0.0264 | t=0.1s
[finetune_replay] ep  59/90 | train loss=0.0003 top1=1.000 | val loss=0.0261 | t=0.1s
[finetune_replay] ep  60/90 | train loss=0.0003 top1=1.000 | val loss=0.0254 | t=0.1s
[finetune_replay] ep  61/90 | train loss=0.0004 top1=1.000 | val loss=0.0250 | t=0.1s
[finetune_replay] ep  62/90 | train loss=0.0003 top1=1.000 | val loss=0.0247 | t=0.1s
[finetune_replay] ep  63/90 | train loss=0.0003 top1=1.000 | val loss=0.0246 | t=0.1s
[finetune_replay] ep  64/90 | train loss=0.0004 top1=1.000 | val loss=0.0248 | t=0.1s
[finetune_replay] ep  65/90 | train loss=0.0004 top1=1.000 | val loss=0.0248 | t=0.1s
[finetune_replay] ep  66/90 | train loss=0.0003 top1=1.000 | val loss=0.0249 | t=0.1s
[finetune_replay] ep  67/90 | train loss=0.0003 top1=1.000 | val loss=0.0248 | t=0.1s
[finetune_replay] ep  68/90 | train loss=0.0004 top1=1.000 | val loss=0.0249 | t=0.1s
[finetune_replay] ep  69/90 | train loss=0.0003 top1=1.000 | val loss=0.0249 | t=0.2s
[finetune_replay] ep  70/90 | train loss=0.0004 top1=1.000 | val loss=0.0252 | t=0.1s
[finetune_replay] ep  71/90 | train loss=0.0004 top1=1.000 | val loss=0.0254 | t=0.1s
[finetune_replay] ep  72/90 | train loss=0.0004 top1=1.000 | val loss=0.0256 | t=0.1s
[finetune_replay] ep  73/90 | train loss=0.0004 top1=1.000 | val loss=0.0258 | t=0.1s
[finetune_replay] ep  74/90 | train loss=0.0004 top1=1.000 | val loss=0.0257 | t=0.2s
[finetune_replay] ep  75/90 | train loss=0.0003 top1=1.000 | val loss=0.0259 | t=0.1s
[finetune_replay] ep  76/90 | train loss=0.0004 top1=1.000 | val loss=0.0260 | t=0.1s
[finetune_replay] ep  77/90 | train loss=0.0004 top1=1.000 | val loss=0.0257 | t=0.1s
[finetune_replay] ep  78/90 | train loss=0.0004 top1=1.000 | val loss=0.0256 | t=0.1s
[finetune_replay] ep  79/90 | train loss=0.0004 top1=1.000 | val loss=0.0256 | t=0.1s
[finetune_replay] ep  80/90 | train loss=0.0003 top1=1.000 | val loss=0.0256 | t=0.1s
[finetune_replay] ep  81/90 | train loss=0.0004 top1=1.000 | val loss=0.0258 | t=0.1s
[finetune_replay] ep  82/90 | train loss=0.0003 top1=1.000 | val loss=0.0259 | t=0.1s
[finetune_replay] ep  83/90 | train loss=0.0004 top1=1.000 | val loss=0.0258 | t=0.1s
[finetune_replay] ep  84/90 | train loss=0.0003 top1=1.000 | val loss=0.0258 | t=0.1s
[finetune_replay] ep  85/90 | train loss=0.0004 top1=1.000 | val loss=0.0255 | t=0.1s
[finetune_replay] ep  86/90 | train loss=0.0004 top1=1.000 | val loss=0.0256 | t=0.1s
[finetune_replay] ep  87/90 | train loss=0.0003 top1=1.000 | val loss=0.0259 | t=0.1s
[finetune_replay] ep  88/90 | train loss=0.0004 top1=1.000 | val loss=0.0258 | t=0.1s
[finetune_replay] ep  89/90 | train loss=0.0004 top1=1.000 | val loss=0.0256 | t=0.1s
[finetune_replay] ep  90/90 | train loss=0.0003 top1=1.000 | val loss=0.0256 | t=0.1s
[finetune_replay] DONE best_val_loss=0.0239 @ epoch 51
[15:04:57] [uncertainty] member 1: $ /home/s226137394/.conda/envs/maze/bin/python3 -u -m Equivariant_pathway.equivariant_CNN_hybrid.baseline_vs_p4.pool_x_selector.trainer.finetune_replay --demo_dir /weka/s226137394/DmNfull/Equivariant_pathway/equivariant_CNN_hybrid/baseline_vs_p4/pool_x_selector/results/run_9/thrifty_dagger/demos --checkpoint_dir /weka/s226137394/DmNfull/Equivariant_pathway/equivariant_CNN_hybrid/baseline_vs_p4/pool_x_selector/results/run_9/thrifty_dagger/checkpoints/member_1 --epochs 90 --batch_size 64 --lr 5e-05 --weight_decay 0.0001 --replay_mix 0.5 --replay_mix_floor 0.2 --seed 110 --resume --new_demos_dir /weka/s226137394/DmNfull/Equivariant_pathway/equivariant_CNN_hybrid/baseline_vs_p4/pool_x_selector/results/run_9/thrifty_dagger/demos/round_007
[finetune_replay] device=cuda demo_dir=/weka/s226137394/DmNfull/Equivariant_pathway/equivariant_CNN_hybrid/baseline_vs_p4/pool_x_selector/results/run_9/thrifty_dagger/demos new_demos_dir=/weka/s226137394/DmNfull/Equivariant_pathway/equivariant_CNN_hybrid/baseline_vs_p4/pool_x_selector/results/run_9/thrifty_dagger/demos/round_007
[hybrid-dataset] 26 demos -> 128 samples
[hybrid-dataset] 1 demos -> 4 samples
[finetune_replay] sampler audit: {'n_old_samples': 128, 'n_new_samples': 4, 'replay_mix_target': 0.5, 'replay_mix_effective': 0.5, 'replay_mix_floor': 0.2}
[finetune_replay] trainable params: 1,400,028
[finetune_replay] WARM START from last_hybrid_policy.pth
[finetune_replay] ep   1/90 | train loss=0.2106 top1=0.958 | val loss=0.0145 | t=0.9s  *
[finetune_replay] ep   2/90 | train loss=0.1131 top1=1.000 | val loss=0.0353 | t=0.2s
[finetune_replay] ep   3/90 | train loss=0.0268 top1=1.000 | val loss=0.0520 | t=0.1s
[finetune_replay] ep   4/90 | train loss=0.0378 top1=1.000 | val loss=0.0235 | t=0.2s
[finetune_replay] ep   5/90 | train loss=0.0184 top1=1.000 | val loss=0.0131 | t=0.1s  *
[finetune_replay] ep   6/90 | train loss=0.0110 top1=1.000 | val loss=0.0088 | t=0.1s  *
[finetune_replay] ep   7/90 | train loss=0.0077 top1=1.000 | val loss=0.0065 | t=0.1s  *
[finetune_replay] ep   8/90 | train loss=0.0069 top1=1.000 | val loss=0.0060 | t=0.1s  *
[finetune_replay] ep   9/90 | train loss=0.0063 top1=1.000 | val loss=0.0051 | t=0.2s  *
[finetune_replay] ep  10/90 | train loss=0.0047 top1=1.000 | val loss=0.0054 | t=0.2s
[finetune_replay] ep  11/90 | train loss=0.0045 top1=1.000 | val loss=0.0057 | t=0.1s
[finetune_replay] ep  12/90 | train loss=0.0032 top1=1.000 | val loss=0.0040 | t=0.1s  *
[finetune_replay] ep  13/90 | train loss=0.0024 top1=1.000 | val loss=0.0042 | t=0.1s
[finetune_replay] ep  14/90 | train loss=0.0021 top1=1.000 | val loss=0.0061 | t=0.1s
[finetune_replay] ep  15/90 | train loss=0.0025 top1=1.000 | val loss=0.0048 | t=0.1s
[finetune_replay] ep  16/90 | train loss=0.0018 top1=1.000 | val loss=0.0033 | t=0.1s  *
[finetune_replay] ep  17/90 | train loss=0.0018 top1=1.000 | val loss=0.0034 | t=0.1s
[finetune_replay] ep  18/90 | train loss=0.0014 top1=1.000 | val loss=0.0040 | t=0.1s
[finetune_replay] ep  19/90 | train loss=0.0015 top1=1.000 | val loss=0.0043 | t=0.1s
[finetune_replay] ep  20/90 | train loss=0.0017 top1=1.000 | val loss=0.0038 | t=0.1s
[finetune_replay] ep  21/90 | train loss=0.0015 top1=1.000 | val loss=0.0029 | t=0.1s  *
[finetune_replay] ep  22/90 | train loss=0.0013 top1=1.000 | val loss=0.0031 | t=0.1s
[finetune_replay] ep  23/90 | train loss=0.0013 top1=1.000 | val loss=0.0038 | t=0.1s
[finetune_replay] ep  24/90 | train loss=0.0013 top1=1.000 | val loss=0.0035 | t=0.1s
[finetune_replay] ep  25/90 | train loss=0.0014 top1=1.000 | val loss=0.0031 | t=0.1s
[finetune_replay] ep  26/90 | train loss=0.0011 top1=1.000 | val loss=0.0031 | t=0.1s
[finetune_replay] ep  27/90 | train loss=0.0011 top1=1.000 | val loss=0.0035 | t=0.1s
[finetune_replay] ep  28/90 | train loss=0.0012 top1=1.000 | val loss=0.0035 | t=0.1s
[finetune_replay] ep  29/90 | train loss=0.0012 top1=1.000 | val loss=0.0035 | t=0.1s
[finetune_replay] ep  30/90 | train loss=0.0010 top1=1.000 | val loss=0.0033 | t=0.1s
[finetune_replay] ep  31/90 | train loss=0.0011 top1=1.000 | val loss=0.0035 | t=0.1s
[finetune_replay] ep  32/90 | train loss=0.0010 top1=1.000 | val loss=0.0035 | t=0.1s
[finetune_replay] ep  33/90 | train loss=0.0009 top1=1.000 | val loss=0.0038 | t=0.1s
[finetune_replay] ep  34/90 | train loss=0.0010 top1=1.000 | val loss=0.0035 | t=0.1s
[finetune_replay] ep  35/90 | train loss=0.0009 top1=1.000 | val loss=0.0035 | t=0.1s
[finetune_replay] ep  36/90 | train loss=0.0011 top1=1.000 | val loss=0.0035 | t=0.1s
[finetune_replay] ep  37/90 | train loss=0.0009 top1=1.000 | val loss=0.0036 | t=0.1s
[finetune_replay] ep  38/90 | train loss=0.0007 top1=1.000 | val loss=0.0034 | t=0.1s
[finetune_replay] ep  39/90 | train loss=0.0008 top1=1.000 | val loss=0.0031 | t=0.1s
[finetune_replay] ep  40/90 | train loss=0.0008 top1=1.000 | val loss=0.0031 | t=0.1s
[finetune_replay] ep  41/90 | train loss=0.0009 top1=1.000 | val loss=0.0034 | t=0.1s
[finetune_replay] ep  42/90 | train loss=0.0008 top1=1.000 | val loss=0.0036 | t=0.1s
[finetune_replay] ep  43/90 | train loss=0.0008 top1=1.000 | val loss=0.0037 | t=0.1s
[finetune_replay] ep  44/90 | train loss=0.0007 top1=1.000 | val loss=0.0036 | t=0.1s
[finetune_replay] ep  45/90 | train loss=0.0007 top1=1.000 | val loss=0.0035 | t=0.1s
[finetune_replay] ep  46/90 | train loss=0.0007 top1=1.000 | val loss=0.0032 | t=0.1s
[finetune_replay] ep  47/90 | train loss=0.0008 top1=1.000 | val loss=0.0030 | t=0.1s
[finetune_replay] ep  48/90 | train loss=0.0007 top1=1.000 | val loss=0.0031 | t=0.1s
[finetune_replay] ep  49/90 | train loss=0.0008 top1=1.000 | val loss=0.0031 | t=0.1s
[finetune_replay] ep  50/90 | train loss=0.0007 top1=1.000 | val loss=0.0030 | t=0.1s
[finetune_replay] ep  51/90 | train loss=0.0007 top1=1.000 | val loss=0.0034 | t=0.1s
[finetune_replay] ep  52/90 | train loss=0.0008 top1=1.000 | val loss=0.0034 | t=0.1s
[finetune_replay] ep  53/90 | train loss=0.0008 top1=1.000 | val loss=0.0032 | t=0.1s
[finetune_replay] ep  54/90 | train loss=0.0006 top1=1.000 | val loss=0.0030 | t=0.1s
[finetune_replay] ep  55/90 | train loss=0.0007 top1=1.000 | val loss=0.0030 | t=0.1s
[finetune_replay] ep  56/90 | train loss=0.0007 top1=1.000 | val loss=0.0030 | t=0.1s
[finetune_replay] ep  57/90 | train loss=0.0006 top1=1.000 | val loss=0.0031 | t=0.2s
[finetune_replay] ep  58/90 | train loss=0.0007 top1=1.000 | val loss=0.0031 | t=0.1s
[finetune_replay] ep  59/90 | train loss=0.0007 top1=1.000 | val loss=0.0031 | t=0.1s
[finetune_replay] ep  60/90 | train loss=0.0007 top1=1.000 | val loss=0.0030 | t=0.1s
[finetune_replay] ep  61/90 | train loss=0.0007 top1=1.000 | val loss=0.0029 | t=0.1s  *
[finetune_replay] ep  62/90 | train loss=0.0007 top1=1.000 | val loss=0.0029 | t=0.1s  *
[finetune_replay] ep  63/90 | train loss=0.0007 top1=1.000 | val loss=0.0028 | t=0.1s  *
[finetune_replay] ep  64/90 | train loss=0.0007 top1=1.000 | val loss=0.0028 | t=0.1s
[finetune_replay] ep  65/90 | train loss=0.0006 top1=1.000 | val loss=0.0029 | t=0.1s
[finetune_replay] ep  66/90 | train loss=0.0007 top1=1.000 | val loss=0.0030 | t=0.1s
[finetune_replay] ep  67/90 | train loss=0.0007 top1=1.000 | val loss=0.0030 | t=0.1s
[finetune_replay] ep  68/90 | train loss=0.0007 top1=1.000 | val loss=0.0030 | t=0.1s
[finetune_replay] ep  69/90 | train loss=0.0007 top1=1.000 | val loss=0.0030 | t=0.1s
[finetune_replay] ep  70/90 | train loss=0.0006 top1=1.000 | val loss=0.0030 | t=0.1s
[finetune_replay] ep  71/90 | train loss=0.0007 top1=1.000 | val loss=0.0030 | t=0.1s
[finetune_replay] ep  72/90 | train loss=0.0007 top1=1.000 | val loss=0.0030 | t=0.1s
[finetune_replay] ep  73/90 | train loss=0.0006 top1=1.000 | val loss=0.0030 | t=0.1s
[finetune_replay] ep  74/90 | train loss=0.0007 top1=1.000 | val loss=0.0030 | t=0.1s
[finetune_replay] ep  75/90 | train loss=0.0006 top1=1.000 | val loss=0.0031 | t=0.1s
[finetune_replay] ep  76/90 | train loss=0.0007 top1=1.000 | val loss=0.0030 | t=0.1s
[finetune_replay] ep  77/90 | train loss=0.0007 top1=1.000 | val loss=0.0030 | t=0.1s
[finetune_replay] ep  78/90 | train loss=0.0006 top1=1.000 | val loss=0.0030 | t=0.1s
[finetune_replay] ep  79/90 | train loss=0.0006 top1=1.000 | val loss=0.0030 | t=0.1s
[finetune_replay] ep  80/90 | train loss=0.0007 top1=1.000 | val loss=0.0030 | t=0.1s
[finetune_replay] ep  81/90 | train loss=0.0005 top1=1.000 | val loss=0.0029 | t=0.1s
[finetune_replay] ep  82/90 | train loss=0.0007 top1=1.000 | val loss=0.0029 | t=0.1s
[finetune_replay] ep  83/90 | train loss=0.0007 top1=1.000 | val loss=0.0029 | t=0.1s
[finetune_replay] ep  84/90 | train loss=0.0005 top1=1.000 | val loss=0.0028 | t=0.1s
[finetune_replay] ep  85/90 | train loss=0.0007 top1=1.000 | val loss=0.0028 | t=0.1s
[finetune_replay] ep  86/90 | train loss=0.0006 top1=1.000 | val loss=0.0028 | t=0.1s
[finetune_replay] ep  87/90 | train loss=0.0006 top1=1.000 | val loss=0.0028 | t=0.1s  *
[finetune_replay] ep  88/90 | train loss=0.0007 top1=1.000 | val loss=0.0028 | t=0.1s
[finetune_replay] ep  89/90 | train loss=0.0007 top1=1.000 | val loss=0.0028 | t=0.1s
[finetune_replay] ep  90/90 | train loss=0.0006 top1=1.000 | val loss=0.0028 | t=0.1s
[finetune_replay] DONE best_val_loss=0.0028 @ epoch 87
[15:05:24] [uncertainty] member 2: $ /home/s226137394/.conda/envs/maze/bin/python3 -u -m Equivariant_pathway.equivariant_CNN_hybrid.baseline_vs_p4.pool_x_selector.trainer.finetune_replay --demo_dir /weka/s226137394/DmNfull/Equivariant_pathway/equivariant_CNN_hybrid/baseline_vs_p4/pool_x_selector/results/run_9/thrifty_dagger/demos --checkpoint_dir /weka/s226137394/DmNfull/Equivariant_pathway/equivariant_CNN_hybrid/baseline_vs_p4/pool_x_selector/results/run_9/thrifty_dagger/checkpoints/member_2 --epochs 90 --batch_size 64 --lr 5e-05 --weight_decay 0.0001 --replay_mix 0.5 --replay_mix_floor 0.2 --seed 211 --resume --new_demos_dir /weka/s226137394/DmNfull/Equivariant_pathway/equivariant_CNN_hybrid/baseline_vs_p4/pool_x_selector/results/run_9/thrifty_dagger/demos/round_007
[finetune_replay] device=cuda demo_dir=/weka/s226137394/DmNfull/Equivariant_pathway/equivariant_CNN_hybrid/baseline_vs_p4/pool_x_selector/results/run_9/thrifty_dagger/demos new_demos_dir=/weka/s226137394/DmNfull/Equivariant_pathway/equivariant_CNN_hybrid/baseline_vs_p4/pool_x_selector/results/run_9/thrifty_dagger/demos/round_007
[hybrid-dataset] 26 demos -> 128 samples
[hybrid-dataset] 1 demos -> 4 samples
[finetune_replay] sampler audit: {'n_old_samples': 128, 'n_new_samples': 4, 'replay_mix_target': 0.5, 'replay_mix_effective': 0.5, 'replay_mix_floor': 0.2}
[finetune_replay] trainable params: 1,400,028
[finetune_replay] WARM START from last_hybrid_policy.pth
[finetune_replay] ep   1/90 | train loss=0.2440 top1=0.916 | val loss=0.0126 | t=0.8s  *
[finetune_replay] ep   2/90 | train loss=0.0651 top1=1.000 | val loss=0.0010 | t=0.1s  *
[finetune_replay] ep   3/90 | train loss=0.0259 top1=1.000 | val loss=0.0014 | t=0.1s
[finetune_replay] ep   4/90 | train loss=0.0111 top1=1.000 | val loss=0.0021 | t=0.1s
[finetune_replay] ep   5/90 | train loss=0.0123 top1=1.000 | val loss=0.0008 | t=0.1s  *
[finetune_replay] ep   6/90 | train loss=0.0110 top1=1.000 | val loss=0.0010 | t=0.1s
[finetune_replay] ep   7/90 | train loss=0.0082 top1=1.000 | val loss=0.0010 | t=0.1s
[finetune_replay] ep   8/90 | train loss=0.0072 top1=1.000 | val loss=0.0007 | t=0.1s  *
[finetune_replay] ep   9/90 | train loss=0.0037 top1=1.000 | val loss=0.0005 | t=0.1s  *
[finetune_replay] ep  10/90 | train loss=0.0046 top1=1.000 | val loss=0.0005 | t=0.1s
[finetune_replay] ep  11/90 | train loss=0.0033 top1=1.000 | val loss=0.0006 | t=0.1s
[finetune_replay] ep  12/90 | train loss=0.0027 top1=1.000 | val loss=0.0005 | t=0.1s
[finetune_replay] ep  13/90 | train loss=0.0023 top1=1.000 | val loss=0.0005 | t=0.1s
[finetune_replay] ep  14/90 | train loss=0.0023 top1=1.000 | val loss=0.0006 | t=0.1s
[finetune_replay] ep  15/90 | train loss=0.0021 top1=1.000 | val loss=0.0006 | t=0.1s
[finetune_replay] ep  16/90 | train loss=0.0017 top1=1.000 | val loss=0.0006 | t=0.1s
[finetune_replay] ep  17/90 | train loss=0.0016 top1=1.000 | val loss=0.0005 | t=0.1s
[finetune_replay] ep  18/90 | train loss=0.0017 top1=1.000 | val loss=0.0005 | t=0.1s
[finetune_replay] ep  19/90 | train loss=0.0015 top1=1.000 | val loss=0.0006 | t=0.1s
[finetune_replay] ep  20/90 | train loss=0.0015 top1=1.000 | val loss=0.0006 | t=0.1s
[finetune_replay] ep  21/90 | train loss=0.0012 top1=1.000 | val loss=0.0006 | t=0.1s
[finetune_replay] ep  22/90 | train loss=0.0012 top1=1.000 | val loss=0.0006 | t=0.1s
[finetune_replay] ep  23/90 | train loss=0.0014 top1=1.000 | val loss=0.0006 | t=0.1s
[finetune_replay] ep  24/90 | train loss=0.0011 top1=1.000 | val loss=0.0006 | t=0.1s
[finetune_replay] ep  25/90 | train loss=0.0012 top1=1.000 | val loss=0.0006 | t=0.2s
[finetune_replay] ep  26/90 | train loss=0.0011 top1=1.000 | val loss=0.0006 | t=0.1s
[finetune_replay] ep  27/90 | train loss=0.0012 top1=1.000 | val loss=0.0006 | t=0.1s
[finetune_replay] ep  28/90 | train loss=0.0009 top1=1.000 | val loss=0.0006 | t=0.1s
[finetune_replay] ep  29/90 | train loss=0.0011 top1=1.000 | val loss=0.0006 | t=0.1s
[finetune_replay] ep  30/90 | train loss=0.0010 top1=1.000 | val loss=0.0006 | t=0.1s
[finetune_replay] ep  31/90 | train loss=0.0010 top1=1.000 | val loss=0.0006 | t=0.1s
[finetune_replay] ep  32/90 | train loss=0.0010 top1=1.000 | val loss=0.0006 | t=0.1s
[finetune_replay] ep  33/90 | train loss=0.0010 top1=1.000 | val loss=0.0006 | t=0.1s
[finetune_replay] ep  34/90 | train loss=0.0008 top1=1.000 | val loss=0.0006 | t=0.1s
[finetune_replay] ep  35/90 | train loss=0.0009 top1=1.000 | val loss=0.0006 | t=0.1s
[finetune_replay] ep  36/90 | train loss=0.0008 top1=1.000 | val loss=0.0006 | t=0.1s
[finetune_replay] ep  37/90 | train loss=0.0009 top1=1.000 | val loss=0.0006 | t=0.1s
[finetune_replay] ep  38/90 | train loss=0.0008 top1=1.000 | val loss=0.0006 | t=0.1s
[finetune_replay] ep  39/90 | train loss=0.0009 top1=1.000 | val loss=0.0006 | t=0.1s
[finetune_replay] ep  40/90 | train loss=0.0008 top1=1.000 | val loss=0.0006 | t=0.1s
[finetune_replay] ep  41/90 | train loss=0.0008 top1=1.000 | val loss=0.0006 | t=0.1s
[finetune_replay] ep  42/90 | train loss=0.0008 top1=1.000 | val loss=0.0006 | t=0.1s
[finetune_replay] ep  43/90 | train loss=0.0007 top1=1.000 | val loss=0.0006 | t=0.1s
[finetune_replay] ep  44/90 | train loss=0.0007 top1=1.000 | val loss=0.0006 | t=0.1s
[finetune_replay] ep  45/90 | train loss=0.0008 top1=1.000 | val loss=0.0006 | t=0.1s
[finetune_replay] ep  46/90 | train loss=0.0007 top1=1.000 | val loss=0.0006 | t=0.1s
[finetune_replay] ep  47/90 | train loss=0.0008 top1=1.000 | val loss=0.0006 | t=0.1s
[finetune_replay] ep  48/90 | train loss=0.0007 top1=1.000 | val loss=0.0006 | t=0.1s
[finetune_replay] ep  49/90 | train loss=0.0008 top1=1.000 | val loss=0.0006 | t=0.1s
[finetune_replay] ep  50/90 | train loss=0.0006 top1=1.000 | val loss=0.0006 | t=0.1s
[finetune_replay] ep  51/90 | train loss=0.0006 top1=1.000 | val loss=0.0006 | t=0.1s
[finetune_replay] ep  52/90 | train loss=0.0008 top1=1.000 | val loss=0.0006 | t=0.1s
[finetune_replay] ep  53/90 | train loss=0.0007 top1=1.000 | val loss=0.0006 | t=0.1s
[finetune_replay] ep  54/90 | train loss=0.0006 top1=1.000 | val loss=0.0006 | t=0.1s
[finetune_replay] ep  55/90 | train loss=0.0006 top1=1.000 | val loss=0.0006 | t=0.1s
[finetune_replay] ep  56/90 | train loss=0.0006 top1=1.000 | val loss=0.0006 | t=0.1s
[finetune_replay] ep  57/90 | train loss=0.0006 top1=1.000 | val loss=0.0006 | t=0.1s
[finetune_replay] ep  58/90 | train loss=0.0006 top1=1.000 | val loss=0.0006 | t=0.1s
[finetune_replay] ep  59/90 | train loss=0.0006 top1=1.000 | val loss=0.0006 | t=0.1s
[finetune_replay] ep  60/90 | train loss=0.0007 top1=1.000 | val loss=0.0006 | t=0.1s
[finetune_replay] ep  61/90 | train loss=0.0006 top1=1.000 | val loss=0.0006 | t=0.1s
[finetune_replay] ep  62/90 | train loss=0.0006 top1=1.000 | val loss=0.0006 | t=0.1s
[finetune_replay] ep  63/90 | train loss=0.0007 top1=1.000 | val loss=0.0006 | t=0.1s
[finetune_replay] ep  64/90 | train loss=0.0006 top1=1.000 | val loss=0.0006 | t=0.1s
[finetune_replay] ep  65/90 | train loss=0.0005 top1=1.000 | val loss=0.0006 | t=0.1s
[finetune_replay] ep  66/90 | train loss=0.0006 top1=1.000 | val loss=0.0006 | t=0.1s
[finetune_replay] ep  67/90 | train loss=0.0005 top1=1.000 | val loss=0.0006 | t=0.1s
[finetune_replay] ep  68/90 | train loss=0.0006 top1=1.000 | val loss=0.0006 | t=0.1s
[finetune_replay] ep  69/90 | train loss=0.0005 top1=1.000 | val loss=0.0006 | t=0.1s
[finetune_replay] ep  70/90 | train loss=0.0006 top1=1.000 | val loss=0.0006 | t=0.1s
[finetune_replay] ep  71/90 | train loss=0.0007 top1=1.000 | val loss=0.0006 | t=0.1s
[finetune_replay] ep  72/90 | train loss=0.0007 top1=1.000 | val loss=0.0006 | t=0.1s
[finetune_replay] ep  73/90 | train loss=0.0005 top1=1.000 | val loss=0.0006 | t=0.1s
[finetune_replay] ep  74/90 | train loss=0.0006 top1=1.000 | val loss=0.0006 | t=0.1s
[finetune_replay] ep  75/90 | train loss=0.0006 top1=1.000 | val loss=0.0006 | t=0.1s
[finetune_replay] ep  76/90 | train loss=0.0005 top1=1.000 | val loss=0.0006 | t=0.1s
[finetune_replay] ep  77/90 | train loss=0.0007 top1=1.000 | val loss=0.0006 | t=0.1s
[finetune_replay] ep  78/90 | train loss=0.0007 top1=1.000 | val loss=0.0006 | t=0.1s
[finetune_replay] ep  79/90 | train loss=0.0006 top1=1.000 | val loss=0.0006 | t=0.1s
[finetune_replay] ep  80/90 | train loss=0.0006 top1=1.000 | val loss=0.0006 | t=0.1s
[finetune_replay] ep  81/90 | train loss=0.0005 top1=1.000 | val loss=0.0006 | t=0.1s
[finetune_replay] ep  82/90 | train loss=0.0006 top1=1.000 | val loss=0.0006 | t=0.1s
[finetune_replay] ep  83/90 | train loss=0.0005 top1=1.000 | val loss=0.0006 | t=0.1s
[finetune_replay] ep  84/90 | train loss=0.0006 top1=1.000 | val loss=0.0006 | t=0.1s
[finetune_replay] ep  85/90 | train loss=0.0006 top1=1.000 | val loss=0.0006 | t=0.1s
[finetune_replay] ep  86/90 | train loss=0.0005 top1=1.000 | val loss=0.0006 | t=0.1s
[finetune_replay] ep  87/90 | train loss=0.0006 top1=1.000 | val loss=0.0006 | t=0.1s
[finetune_replay] ep  88/90 | train loss=0.0006 top1=1.000 | val loss=0.0006 | t=0.1s
[finetune_replay] ep  89/90 | train loss=0.0006 top1=1.000 | val loss=0.0006 | t=0.1s
[finetune_replay] ep  90/90 | train loss=0.0006 top1=1.000 | val loss=0.0006 | t=0.1s
[finetune_replay] DONE best_val_loss=0.0005 @ epoch 9
[15:05:50] [uncertainty] member 3: $ /home/s226137394/.conda/envs/maze/bin/python3 -u -m Equivariant_pathway.equivariant_CNN_hybrid.baseline_vs_p4.pool_x_selector.trainer.finetune_replay --demo_dir /weka/s226137394/DmNfull/Equivariant_pathway/equivariant_CNN_hybrid/baseline_vs_p4/pool_x_selector/results/run_9/thrifty_dagger/demos --checkpoint_dir /weka/s226137394/DmNfull/Equivariant_pathway/equivariant_CNN_hybrid/baseline_vs_p4/pool_x_selector/results/run_9/thrifty_dagger/checkpoints/member_3 --epochs 90 --batch_size 64 --lr 5e-05 --weight_decay 0.0001 --replay_mix 0.5 --replay_mix_floor 0.2 --seed 312 --resume --new_demos_dir /weka/s226137394/DmNfull/Equivariant_pathway/equivariant_CNN_hybrid/baseline_vs_p4/pool_x_selector/results/run_9/thrifty_dagger/demos/round_007
[finetune_replay] device=cuda demo_dir=/weka/s226137394/DmNfull/Equivariant_pathway/equivariant_CNN_hybrid/baseline_vs_p4/pool_x_selector/results/run_9/thrifty_dagger/demos new_demos_dir=/weka/s226137394/DmNfull/Equivariant_pathway/equivariant_CNN_hybrid/baseline_vs_p4/pool_x_selector/results/run_9/thrifty_dagger/demos/round_007
[hybrid-dataset] 26 demos -> 128 samples
[hybrid-dataset] 1 demos -> 4 samples
[finetune_replay] sampler audit: {'n_old_samples': 128, 'n_new_samples': 4, 'replay_mix_target': 0.5, 'replay_mix_effective': 0.5, 'replay_mix_floor': 0.2}
[finetune_replay] trainable params: 1,400,028
[finetune_replay] WARM START from last_hybrid_policy.pth
[finetune_replay] ep   1/90 | train loss=0.1355 top1=0.950 | val loss=0.0135 | t=1.1s  *
[finetune_replay] ep   2/90 | train loss=0.0359 top1=1.000 | val loss=0.0481 | t=0.2s
[finetune_replay] ep   3/90 | train loss=0.0177 top1=1.000 | val loss=0.0476 | t=0.2s
[finetune_replay] ep   4/90 | train loss=0.0122 top1=1.000 | val loss=0.0197 | t=0.3s
[finetune_replay] ep   5/90 | train loss=0.0072 top1=1.000 | val loss=0.0158 | t=0.1s
[finetune_replay] ep   6/90 | train loss=0.0066 top1=1.000 | val loss=0.0081 | t=0.1s  *
[finetune_replay] ep   7/90 | train loss=0.0053 top1=1.000 | val loss=0.0064 | t=0.1s  *
[finetune_replay] ep   8/90 | train loss=0.0038 top1=1.000 | val loss=0.0109 | t=0.1s
[finetune_replay] ep   9/90 | train loss=0.0033 top1=1.000 | val loss=0.0069 | t=0.1s
[finetune_replay] ep  10/90 | train loss=0.0030 top1=1.000 | val loss=0.0078 | t=0.1s
[finetune_replay] ep  11/90 | train loss=0.0023 top1=1.000 | val loss=0.0074 | t=0.1s
[finetune_replay] ep  12/90 | train loss=0.0017 top1=1.000 | val loss=0.0069 | t=0.1s
[finetune_replay] ep  13/90 | train loss=0.0021 top1=1.000 | val loss=0.0080 | t=0.1s
[finetune_replay] ep  14/90 | train loss=0.0018 top1=1.000 | val loss=0.0092 | t=0.1s
[finetune_replay] ep  15/90 | train loss=0.0015 top1=1.000 | val loss=0.0064 | t=0.1s  *
[finetune_replay] ep  16/90 | train loss=0.0017 top1=1.000 | val loss=0.0055 | t=0.1s  *
[finetune_replay] ep  17/90 | train loss=0.0016 top1=1.000 | val loss=0.0067 | t=0.1s
[finetune_replay] ep  18/90 | train loss=0.0015 top1=1.000 | val loss=0.0067 | t=0.1s
[finetune_replay] ep  19/90 | train loss=0.0013 top1=1.000 | val loss=0.0047 | t=0.1s  *
[finetune_replay] ep  20/90 | train loss=0.0014 top1=1.000 | val loss=0.0040 | t=0.1s  *
[finetune_replay] ep  21/90 | train loss=0.0012 top1=1.000 | val loss=0.0057 | t=0.1s
[finetune_replay] ep  22/90 | train loss=0.0010 top1=1.000 | val loss=0.0062 | t=0.1s
[finetune_replay] ep  23/90 | train loss=0.0011 top1=1.000 | val loss=0.0043 | t=0.1s
[finetune_replay] ep  24/90 | train loss=0.0010 top1=1.000 | val loss=0.0035 | t=0.1s  *
[finetune_replay] ep  25/90 | train loss=0.0011 top1=1.000 | val loss=0.0044 | t=0.1s
[finetune_replay] ep  26/90 | train loss=0.0008 top1=1.000 | val loss=0.0064 | t=0.1s
[finetune_replay] ep  27/90 | train loss=0.0009 top1=1.000 | val loss=0.0054 | t=0.1s
[finetune_replay] ep  28/90 | train loss=0.0009 top1=1.000 | val loss=0.0037 | t=0.1s
[finetune_replay] ep  29/90 | train loss=0.0009 top1=1.000 | val loss=0.0039 | t=0.1s
[finetune_replay] ep  30/90 | train loss=0.0009 top1=1.000 | val loss=0.0051 | t=0.1s
[finetune_replay] ep  31/90 | train loss=0.0008 top1=1.000 | val loss=0.0058 | t=0.1s
[finetune_replay] ep  32/90 | train loss=0.0009 top1=1.000 | val loss=0.0058 | t=0.1s
[finetune_replay] ep  33/90 | train loss=0.0007 top1=1.000 | val loss=0.0050 | t=0.1s
[finetune_replay] ep  34/90 | train loss=0.0007 top1=1.000 | val loss=0.0043 | t=0.1s
[finetune_replay] ep  35/90 | train loss=0.0008 top1=1.000 | val loss=0.0043 | t=0.1s
[finetune_replay] ep  36/90 | train loss=0.0007 top1=1.000 | val loss=0.0046 | t=0.1s
[finetune_replay] ep  37/90 | train loss=0.0007 top1=1.000 | val loss=0.0045 | t=0.1s
[finetune_replay] ep  38/90 | train loss=0.0008 top1=1.000 | val loss=0.0041 | t=0.1s
[finetune_replay] ep  39/90 | train loss=0.0007 top1=1.000 | val loss=0.0044 | t=0.1s
[finetune_replay] ep  40/90 | train loss=0.0006 top1=1.000 | val loss=0.0049 | t=0.1s
[finetune_replay] ep  41/90 | train loss=0.0007 top1=1.000 | val loss=0.0048 | t=0.1s
[finetune_replay] ep  42/90 | train loss=0.0007 top1=1.000 | val loss=0.0045 | t=0.1s
[finetune_replay] ep  43/90 | train loss=0.0008 top1=1.000 | val loss=0.0048 | t=0.1s
[finetune_replay] ep  44/90 | train loss=0.0008 top1=1.000 | val loss=0.0051 | t=0.1s
[finetune_replay] ep  45/90 | train loss=0.0007 top1=1.000 | val loss=0.0048 | t=0.1s
[finetune_replay] ep  46/90 | train loss=0.0006 top1=1.000 | val loss=0.0043 | t=0.1s
[finetune_replay] ep  47/90 | train loss=0.0008 top1=1.000 | val loss=0.0040 | t=0.1s
[finetune_replay] ep  48/90 | train loss=0.0007 top1=1.000 | val loss=0.0039 | t=0.1s
[finetune_replay] ep  49/90 | train loss=0.0005 top1=1.000 | val loss=0.0040 | t=0.1s
[finetune_replay] ep  50/90 | train loss=0.0007 top1=1.000 | val loss=0.0042 | t=0.1s
[finetune_replay] ep  51/90 | train loss=0.0006 top1=1.000 | val loss=0.0043 | t=0.1s
[finetune_replay] ep  52/90 | train loss=0.0005 top1=1.000 | val loss=0.0042 | t=0.1s
[finetune_replay] ep  53/90 | train loss=0.0005 top1=1.000 | val loss=0.0042 | t=0.1s
[finetune_replay] ep  54/90 | train loss=0.0006 top1=1.000 | val loss=0.0042 | t=0.1s
[finetune_replay] ep  55/90 | train loss=0.0008 top1=1.000 | val loss=0.0040 | t=0.1s
[finetune_replay] ep  56/90 | train loss=0.0006 top1=1.000 | val loss=0.0039 | t=0.1s
[finetune_replay] ep  57/90 | train loss=0.0006 top1=1.000 | val loss=0.0037 | t=0.1s
[finetune_replay] ep  58/90 | train loss=0.0006 top1=1.000 | val loss=0.0038 | t=0.1s
[finetune_replay] ep  59/90 | train loss=0.0006 top1=1.000 | val loss=0.0039 | t=0.1s
[finetune_replay] ep  60/90 | train loss=0.0006 top1=1.000 | val loss=0.0043 | t=0.1s
[finetune_replay] ep  61/90 | train loss=0.0005 top1=1.000 | val loss=0.0045 | t=0.1s
[finetune_replay] ep  62/90 | train loss=0.0006 top1=1.000 | val loss=0.0045 | t=0.1s
[finetune_replay] ep  63/90 | train loss=0.0006 top1=1.000 | val loss=0.0043 | t=0.1s
[finetune_replay] ep  64/90 | train loss=0.0005 top1=1.000 | val loss=0.0042 | t=0.1s
[finetune_replay] ep  65/90 | train loss=0.0006 top1=1.000 | val loss=0.0041 | t=0.1s
[finetune_replay] ep  66/90 | train loss=0.0006 top1=1.000 | val loss=0.0042 | t=0.1s
[finetune_replay] ep  67/90 | train loss=0.0005 top1=1.000 | val loss=0.0041 | t=0.1s
[finetune_replay] ep  68/90 | train loss=0.0005 top1=1.000 | val loss=0.0041 | t=0.1s
[finetune_replay] ep  69/90 | train loss=0.0005 top1=1.000 | val loss=0.0041 | t=0.1s
[finetune_replay] ep  70/90 | train loss=0.0006 top1=1.000 | val loss=0.0041 | t=0.1s
[finetune_replay] ep  71/90 | train loss=0.0005 top1=1.000 | val loss=0.0041 | t=0.1s
[finetune_replay] ep  72/90 | train loss=0.0006 top1=1.000 | val loss=0.0041 | t=0.1s
[finetune_replay] ep  73/90 | train loss=0.0006 top1=1.000 | val loss=0.0040 | t=0.1s
[finetune_replay] ep  74/90 | train loss=0.0006 top1=1.000 | val loss=0.0040 | t=0.1s
[finetune_replay] ep  75/90 | train loss=0.0005 top1=1.000 | val loss=0.0041 | t=0.1s
[finetune_replay] ep  76/90 | train loss=0.0005 top1=1.000 | val loss=0.0040 | t=0.1s
[finetune_replay] ep  77/90 | train loss=0.0006 top1=1.000 | val loss=0.0040 | t=0.1s
[finetune_replay] ep  78/90 | train loss=0.0007 top1=1.000 | val loss=0.0040 | t=0.1s
[finetune_replay] ep  79/90 | train loss=0.0005 top1=1.000 | val loss=0.0040 | t=0.1s
[finetune_replay] ep  80/90 | train loss=0.0006 top1=1.000 | val loss=0.0040 | t=0.1s
[finetune_replay] ep  81/90 | train loss=0.0005 top1=1.000 | val loss=0.0041 | t=0.1s
[finetune_replay] ep  82/90 | train loss=0.0005 top1=1.000 | val loss=0.0041 | t=0.1s
[finetune_replay] ep  83/90 | train loss=0.0005 top1=1.000 | val loss=0.0041 | t=0.1s
[finetune_replay] ep  84/90 | train loss=0.0006 top1=1.000 | val loss=0.0042 | t=0.1s
[finetune_replay] ep  85/90 | train loss=0.0006 top1=1.000 | val loss=0.0042 | t=0.1s
[finetune_replay] ep  86/90 | train loss=0.0005 top1=1.000 | val loss=0.0042 | t=0.1s
[finetune_replay] ep  87/90 | train loss=0.0005 top1=1.000 | val loss=0.0041 | t=0.1s
[finetune_replay] ep  88/90 | train loss=0.0005 top1=1.000 | val loss=0.0041 | t=0.1s
[finetune_replay] ep  89/90 | train loss=0.0005 top1=1.000 | val loss=0.0041 | t=0.1s
[finetune_replay] ep  90/90 | train loss=0.0006 top1=1.000 | val loss=0.0042 | t=0.1s
[finetune_replay] DONE best_val_loss=0.0035 @ epoch 24
[15:06:15] [uncertainty] member 4: $ /home/s226137394/.conda/envs/maze/bin/python3 -u -m Equivariant_pathway.equivariant_CNN_hybrid.baseline_vs_p4.pool_x_selector.trainer.finetune_replay --demo_dir /weka/s226137394/DmNfull/Equivariant_pathway/equivariant_CNN_hybrid/baseline_vs_p4/pool_x_selector/results/run_9/thrifty_dagger/demos --checkpoint_dir /weka/s226137394/DmNfull/Equivariant_pathway/equivariant_CNN_hybrid/baseline_vs_p4/pool_x_selector/results/run_9/thrifty_dagger/checkpoints/member_4 --epochs 90 --batch_size 64 --lr 5e-05 --weight_decay 0.0001 --replay_mix 0.5 --replay_mix_floor 0.2 --seed 413 --resume --new_demos_dir /weka/s226137394/DmNfull/Equivariant_pathway/equivariant_CNN_hybrid/baseline_vs_p4/pool_x_selector/results/run_9/thrifty_dagger/demos/round_007
[finetune_replay] device=cuda demo_dir=/weka/s226137394/DmNfull/Equivariant_pathway/equivariant_CNN_hybrid/baseline_vs_p4/pool_x_selector/results/run_9/thrifty_dagger/demos new_demos_dir=/weka/s226137394/DmNfull/Equivariant_pathway/equivariant_CNN_hybrid/baseline_vs_p4/pool_x_selector/results/run_9/thrifty_dagger/demos/round_007
[hybrid-dataset] 26 demos -> 128 samples
[hybrid-dataset] 1 demos -> 4 samples
[finetune_replay] sampler audit: {'n_old_samples': 128, 'n_new_samples': 4, 'replay_mix_target': 0.5, 'replay_mix_effective': 0.5, 'replay_mix_floor': 0.2}
[finetune_replay] trainable params: 1,400,028
[finetune_replay] WARM START from last_hybrid_policy.pth
[finetune_replay] ep   1/90 | train loss=0.1911 top1=0.916 | val loss=0.0697 | t=0.8s  *
[finetune_replay] ep   2/90 | train loss=0.0788 top1=1.000 | val loss=0.0010 | t=0.2s  *
[finetune_replay] ep   3/90 | train loss=0.0349 top1=1.000 | val loss=0.0018 | t=0.2s
[finetune_replay] ep   4/90 | train loss=0.0314 top1=1.000 | val loss=0.0111 | t=0.1s
[finetune_replay] ep   5/90 | train loss=0.0581 top1=1.000 | val loss=0.0140 | t=0.2s
[finetune_replay] ep   6/90 | train loss=0.0079 top1=1.000 | val loss=0.0037 | t=0.2s
[finetune_replay] ep   7/90 | train loss=0.0032 top1=1.000 | val loss=0.0022 | t=0.1s
[finetune_replay] ep   8/90 | train loss=0.0130 top1=1.000 | val loss=0.0034 | t=0.1s
[finetune_replay] ep   9/90 | train loss=0.0097 top1=1.000 | val loss=0.0058 | t=0.1s
[finetune_replay] ep  10/90 | train loss=0.0021 top1=1.000 | val loss=0.0096 | t=0.1s
[finetune_replay] ep  11/90 | train loss=0.0030 top1=1.000 | val loss=0.0090 | t=0.1s
[finetune_replay] ep  12/90 | train loss=0.0020 top1=1.000 | val loss=0.0047 | t=0.1s
[finetune_replay] ep  13/90 | train loss=0.0064 top1=1.000 | val loss=0.0035 | t=0.1s
[finetune_replay] ep  14/90 | train loss=0.0017 top1=1.000 | val loss=0.0039 | t=0.1s
[finetune_replay] ep  15/90 | train loss=0.0014 top1=1.000 | val loss=0.0052 | t=0.1s
[finetune_replay] ep  16/90 | train loss=0.0014 top1=1.000 | val loss=0.0054 | t=0.1s
[finetune_replay] ep  17/90 | train loss=0.0021 top1=1.000 | val loss=0.0057 | t=0.1s
[finetune_replay] ep  18/90 | train loss=0.0012 top1=1.000 | val loss=0.0063 | t=0.1s
[finetune_replay] ep  19/90 | train loss=0.0012 top1=1.000 | val loss=0.0070 | t=0.1s
[finetune_replay] ep  20/90 | train loss=0.0019 top1=1.000 | val loss=0.0077 | t=0.1s
[finetune_replay] ep  21/90 | train loss=0.0011 top1=1.000 | val loss=0.0093 | t=0.1s
[finetune_replay] ep  22/90 | train loss=0.0016 top1=1.000 | val loss=0.0086 | t=0.1s
[finetune_replay] ep  23/90 | train loss=0.0008 top1=1.000 | val loss=0.0084 | t=0.1s
[finetune_replay] ep  24/90 | train loss=0.0012 top1=1.000 | val loss=0.0077 | t=0.1s
[finetune_replay] ep  25/90 | train loss=0.0010 top1=1.000 | val loss=0.0069 | t=0.1s
[finetune_replay] ep  26/90 | train loss=0.0008 top1=1.000 | val loss=0.0078 | t=0.1s
[finetune_replay] ep  27/90 | train loss=0.0011 top1=1.000 | val loss=0.0098 | t=0.1s
[finetune_replay] ep  28/90 | train loss=0.0013 top1=1.000 | val loss=0.0107 | t=0.1s
[finetune_replay] ep  29/90 | train loss=0.0008 top1=1.000 | val loss=0.0104 | t=0.1s
[finetune_replay] ep  30/90 | train loss=0.0008 top1=1.000 | val loss=0.0099 | t=0.1s
[finetune_replay] ep  31/90 | train loss=0.0007 top1=1.000 | val loss=0.0089 | t=0.2s
[finetune_replay] ep  32/90 | train loss=0.0012 top1=1.000 | val loss=0.0089 | t=0.1s
[finetune_replay] ep  33/90 | train loss=0.0007 top1=1.000 | val loss=0.0094 | t=0.1s
[finetune_replay] ep  34/90 | train loss=0.0011 top1=1.000 | val loss=0.0099 | t=0.1s
[finetune_replay] ep  35/90 | train loss=0.0009 top1=1.000 | val loss=0.0090 | t=0.1s
[finetune_replay] ep  36/90 | train loss=0.0007 top1=1.000 | val loss=0.0091 | t=0.1s
[finetune_replay] ep  37/90 | train loss=0.0008 top1=1.000 | val loss=0.0088 | t=0.1s
[finetune_replay] ep  38/90 | train loss=0.0006 top1=1.000 | val loss=0.0092 | t=0.1s
[finetune_replay] ep  39/90 | train loss=0.0011 top1=1.000 | val loss=0.0086 | t=0.1s
[finetune_replay] ep  40/90 | train loss=0.0007 top1=1.000 | val loss=0.0088 | t=0.1s
[finetune_replay] ep  41/90 | train loss=0.0006 top1=1.000 | val loss=0.0101 | t=0.1s
[finetune_replay] ep  42/90 | train loss=0.0008 top1=1.000 | val loss=0.0119 | t=0.1s
[finetune_replay] ep  43/90 | train loss=0.0009 top1=1.000 | val loss=0.0124 | t=0.1s
[finetune_replay] ep  44/90 | train loss=0.0007 top1=1.000 | val loss=0.0119 | t=0.1s
[finetune_replay] ep  45/90 | train loss=0.0007 top1=1.000 | val loss=0.0112 | t=0.1s
[finetune_replay] ep  46/90 | train loss=0.0006 top1=1.000 | val loss=0.0113 | t=0.1s
[finetune_replay] ep  47/90 | train loss=0.0006 top1=1.000 | val loss=0.0110 | t=0.1s
[finetune_replay] ep  48/90 | train loss=0.0006 top1=1.000 | val loss=0.0111 | t=0.1s
[finetune_replay] ep  49/90 | train loss=0.0007 top1=1.000 | val loss=0.0118 | t=0.1s
[finetune_replay] ep  50/90 | train loss=0.0007 top1=1.000 | val loss=0.0112 | t=0.1s
[finetune_replay] ep  51/90 | train loss=0.0006 top1=1.000 | val loss=0.0105 | t=0.1s
[finetune_replay] ep  52/90 | train loss=0.0005 top1=1.000 | val loss=0.0105 | t=0.1s
[finetune_replay] ep  53/90 | train loss=0.0004 top1=1.000 | val loss=0.0110 | t=0.1s
[finetune_replay] ep  54/90 | train loss=0.0005 top1=1.000 | val loss=0.0113 | t=0.1s
[finetune_replay] ep  55/90 | train loss=0.0005 top1=1.000 | val loss=0.0120 | t=0.1s
[finetune_replay] ep  56/90 | train loss=0.0006 top1=1.000 | val loss=0.0121 | t=0.1s
[finetune_replay] ep  57/90 | train loss=0.0005 top1=1.000 | val loss=0.0125 | t=0.1s
[finetune_replay] ep  58/90 | train loss=0.0009 top1=1.000 | val loss=0.0132 | t=0.1s
[finetune_replay] ep  59/90 | train loss=0.0006 top1=1.000 | val loss=0.0137 | t=0.1s
[finetune_replay] ep  60/90 | train loss=0.0006 top1=1.000 | val loss=0.0138 | t=0.1s
[finetune_replay] ep  61/90 | train loss=0.0006 top1=1.000 | val loss=0.0131 | t=0.1s
[finetune_replay] ep  62/90 | train loss=0.0005 top1=1.000 | val loss=0.0132 | t=0.1s
[finetune_replay] ep  63/90 | train loss=0.0005 top1=1.000 | val loss=0.0128 | t=0.1s
[finetune_replay] ep  64/90 | train loss=0.0007 top1=1.000 | val loss=0.0121 | t=0.1s
[finetune_replay] ep  65/90 | train loss=0.0006 top1=1.000 | val loss=0.0120 | t=0.1s
[finetune_replay] ep  66/90 | train loss=0.0005 top1=1.000 | val loss=0.0120 | t=0.1s
[finetune_replay] ep  67/90 | train loss=0.0006 top1=1.000 | val loss=0.0117 | t=0.1s
[finetune_replay] ep  68/90 | train loss=0.0005 top1=1.000 | val loss=0.0114 | t=0.1s
[finetune_replay] ep  69/90 | train loss=0.0007 top1=1.000 | val loss=0.0111 | t=0.1s
[finetune_replay] ep  70/90 | train loss=0.0005 top1=1.000 | val loss=0.0111 | t=0.1s
[finetune_replay] ep  71/90 | train loss=0.0006 top1=1.000 | val loss=0.0115 | t=0.1s
[finetune_replay] ep  72/90 | train loss=0.0007 top1=1.000 | val loss=0.0119 | t=0.1s
[finetune_replay] ep  73/90 | train loss=0.0006 top1=1.000 | val loss=0.0122 | t=0.1s
[finetune_replay] ep  74/90 | train loss=0.0004 top1=1.000 | val loss=0.0122 | t=0.1s
[finetune_replay] ep  75/90 | train loss=0.0005 top1=1.000 | val loss=0.0125 | t=0.1s
[finetune_replay] ep  76/90 | train loss=0.0005 top1=1.000 | val loss=0.0127 | t=0.1s
[finetune_replay] ep  77/90 | train loss=0.0005 top1=1.000 | val loss=0.0126 | t=0.1s
[finetune_replay] ep  78/90 | train loss=0.0005 top1=1.000 | val loss=0.0127 | t=0.1s
[finetune_replay] ep  79/90 | train loss=0.0005 top1=1.000 | val loss=0.0126 | t=0.1s
[finetune_replay] ep  80/90 | train loss=0.0005 top1=1.000 | val loss=0.0123 | t=0.1s
[finetune_replay] ep  81/90 | train loss=0.0005 top1=1.000 | val loss=0.0122 | t=0.1s
[finetune_replay] ep  82/90 | train loss=0.0005 top1=1.000 | val loss=0.0122 | t=0.1s
[finetune_replay] ep  83/90 | train loss=0.0006 top1=1.000 | val loss=0.0121 | t=0.1s
[finetune_replay] ep  84/90 | train loss=0.0005 top1=1.000 | val loss=0.0121 | t=0.1s
[finetune_replay] ep  85/90 | train loss=0.0006 top1=1.000 | val loss=0.0122 | t=0.1s
[finetune_replay] ep  86/90 | train loss=0.0005 top1=1.000 | val loss=0.0121 | t=0.1s
[finetune_replay] ep  87/90 | train loss=0.0005 top1=1.000 | val loss=0.0120 | t=0.1s
[finetune_replay] ep  88/90 | train loss=0.0004 top1=1.000 | val loss=0.0123 | t=0.1s
[finetune_replay] ep  89/90 | train loss=0.0005 top1=1.000 | val loss=0.0125 | t=0.1s
[finetune_replay] ep  90/90 | train loss=0.0005 top1=1.000 | val loss=0.0125 | t=0.1s
[finetune_replay] DONE best_val_loss=0.0010 @ epoch 2
[15:07:24] [iil-baseline] round 7: heldout_sr=0.805

--------------------------------------------------------------------------------
THRIFTY_DAGGER ROUND 8  (remaining budget = 8)
--------------------------------------------------------------------------------
[15:07:37] [iil-baseline] round 8: pool=20 successes=14 failures=6 correction_sr=0.700
[15:07:37] [iil-baseline] round 8: picked=1 saved=1 cum_extras=8/15
[15:07:37] [uncertainty] member 0: $ /home/s226137394/.conda/envs/maze/bin/python3 -u -m Equivariant_pathway.equivariant_CNN_hybrid.baseline_vs_p4.pool_x_selector.trainer.finetune_replay --demo_dir /weka/s226137394/DmNfull/Equivariant_pathway/equivariant_CNN_hybrid/baseline_vs_p4/pool_x_selector/results/run_9/thrifty_dagger/demos --checkpoint_dir /weka/s226137394/DmNfull/Equivariant_pathway/equivariant_CNN_hybrid/baseline_vs_p4/pool_x_selector/results/run_9/thrifty_dagger/checkpoints/member_0 --epochs 90 --batch_size 64 --lr 5e-05 --weight_decay 0.0001 --replay_mix 0.5 --replay_mix_floor 0.2 --seed 9 --resume --new_demos_dir /weka/s226137394/DmNfull/Equivariant_pathway/equivariant_CNN_hybrid/baseline_vs_p4/pool_x_selector/results/run_9/thrifty_dagger/demos/round_008
[finetune_replay] device=cuda demo_dir=/weka/s226137394/DmNfull/Equivariant_pathway/equivariant_CNN_hybrid/baseline_vs_p4/pool_x_selector/results/run_9/thrifty_dagger/demos new_demos_dir=/weka/s226137394/DmNfull/Equivariant_pathway/equivariant_CNN_hybrid/baseline_vs_p4/pool_x_selector/results/run_9/thrifty_dagger/demos/round_008
[hybrid-dataset] 27 demos -> 132 samples
[hybrid-dataset] 1 demos -> 4 samples
[finetune_replay] sampler audit: {'n_old_samples': 132, 'n_new_samples': 4, 'replay_mix_target': 0.5, 'replay_mix_effective': 0.5, 'replay_mix_floor': 0.2}
[finetune_replay] trainable params: 1,400,028
[finetune_replay] WARM START from last_hybrid_policy.pth
[finetune_replay] ep   1/90 | train loss=0.2927 top1=0.927 | val loss=0.1193 | t=1.0s  *
[finetune_replay] ep   2/90 | train loss=0.1298 top1=0.951 | val loss=0.0086 | t=0.1s  *
[finetune_replay] ep   3/90 | train loss=0.0292 top1=1.000 | val loss=0.0482 | t=0.2s
[finetune_replay] ep   4/90 | train loss=0.0345 top1=0.992 | val loss=0.0182 | t=0.1s
[finetune_replay] ep   5/90 | train loss=0.0173 top1=1.000 | val loss=0.0013 | t=0.3s  *
[finetune_replay] ep   6/90 | train loss=0.0079 top1=1.000 | val loss=0.0047 | t=0.1s
[finetune_replay] ep   7/90 | train loss=0.0029 top1=1.000 | val loss=0.0079 | t=0.1s
[finetune_replay] ep   8/90 | train loss=0.0024 top1=1.000 | val loss=0.0072 | t=0.1s
[finetune_replay] ep   9/90 | train loss=0.0019 top1=1.000 | val loss=0.0062 | t=0.1s
[finetune_replay] ep  10/90 | train loss=0.0031 top1=1.000 | val loss=0.0052 | t=0.1s
[finetune_replay] ep  11/90 | train loss=0.0016 top1=1.000 | val loss=0.0044 | t=0.1s
[finetune_replay] ep  12/90 | train loss=0.0017 top1=1.000 | val loss=0.0042 | t=0.1s
[finetune_replay] ep  13/90 | train loss=0.0011 top1=1.000 | val loss=0.0039 | t=0.1s
[finetune_replay] ep  14/90 | train loss=0.0018 top1=1.000 | val loss=0.0039 | t=0.1s
[finetune_replay] ep  15/90 | train loss=0.0016 top1=1.000 | val loss=0.0027 | t=0.1s
[finetune_replay] ep  16/90 | train loss=0.0010 top1=1.000 | val loss=0.0024 | t=0.1s
[finetune_replay] ep  17/90 | train loss=0.0017 top1=1.000 | val loss=0.0027 | t=0.1s
[finetune_replay] ep  18/90 | train loss=0.0018 top1=1.000 | val loss=0.0042 | t=0.1s
[finetune_replay] ep  19/90 | train loss=0.0009 top1=1.000 | val loss=0.0053 | t=0.1s
[finetune_replay] ep  20/90 | train loss=0.0012 top1=1.000 | val loss=0.0053 | t=0.1s
[finetune_replay] ep  21/90 | train loss=0.0008 top1=1.000 | val loss=0.0052 | t=0.1s
[finetune_replay] ep  22/90 | train loss=0.0009 top1=1.000 | val loss=0.0048 | t=0.1s
[finetune_replay] ep  23/90 | train loss=0.0011 top1=1.000 | val loss=0.0040 | t=0.1s
[finetune_replay] ep  24/90 | train loss=0.0008 top1=1.000 | val loss=0.0035 | t=0.1s
[finetune_replay] ep  25/90 | train loss=0.0010 top1=1.000 | val loss=0.0034 | t=0.1s
[finetune_replay] ep  26/90 | train loss=0.0008 top1=1.000 | val loss=0.0032 | t=0.1s
[finetune_replay] ep  27/90 | train loss=0.0010 top1=1.000 | val loss=0.0031 | t=0.1s
[finetune_replay] ep  28/90 | train loss=0.0008 top1=1.000 | val loss=0.0030 | t=0.1s
[finetune_replay] ep  29/90 | train loss=0.0006 top1=1.000 | val loss=0.0031 | t=0.1s
[finetune_replay] ep  30/90 | train loss=0.0008 top1=1.000 | val loss=0.0033 | t=0.1s
[finetune_replay] ep  31/90 | train loss=0.0007 top1=1.000 | val loss=0.0034 | t=0.1s
[finetune_replay] ep  32/90 | train loss=0.0008 top1=1.000 | val loss=0.0033 | t=0.1s
[finetune_replay] ep  33/90 | train loss=0.0006 top1=1.000 | val loss=0.0033 | t=0.1s
[finetune_replay] ep  34/90 | train loss=0.0006 top1=1.000 | val loss=0.0032 | t=0.1s
[finetune_replay] ep  35/90 | train loss=0.0005 top1=1.000 | val loss=0.0032 | t=0.1s
[finetune_replay] ep  36/90 | train loss=0.0005 top1=1.000 | val loss=0.0033 | t=0.1s
[finetune_replay] ep  37/90 | train loss=0.0005 top1=1.000 | val loss=0.0035 | t=0.1s
[finetune_replay] ep  38/90 | train loss=0.0004 top1=1.000 | val loss=0.0035 | t=0.1s
[finetune_replay] ep  39/90 | train loss=0.0006 top1=1.000 | val loss=0.0035 | t=0.1s
[finetune_replay] ep  40/90 | train loss=0.0004 top1=1.000 | val loss=0.0035 | t=0.1s
[finetune_replay] ep  41/90 | train loss=0.0006 top1=1.000 | val loss=0.0035 | t=0.2s
[finetune_replay] ep  42/90 | train loss=0.0005 top1=1.000 | val loss=0.0036 | t=0.1s
[finetune_replay] ep  43/90 | train loss=0.0007 top1=1.000 | val loss=0.0035 | t=0.1s
[finetune_replay] ep  44/90 | train loss=0.0006 top1=1.000 | val loss=0.0035 | t=0.1s
[finetune_replay] ep  45/90 | train loss=0.0005 top1=1.000 | val loss=0.0035 | t=0.1s
[finetune_replay] ep  46/90 | train loss=0.0007 top1=1.000 | val loss=0.0034 | t=0.1s
[finetune_replay] ep  47/90 | train loss=0.0006 top1=1.000 | val loss=0.0034 | t=0.1s
[finetune_replay] ep  48/90 | train loss=0.0005 top1=1.000 | val loss=0.0035 | t=0.1s
[finetune_replay] ep  49/90 | train loss=0.0006 top1=1.000 | val loss=0.0035 | t=0.1s
[finetune_replay] ep  50/90 | train loss=0.0007 top1=1.000 | val loss=0.0034 | t=0.1s
[finetune_replay] ep  51/90 | train loss=0.0005 top1=1.000 | val loss=0.0033 | t=0.1s
[finetune_replay] ep  52/90 | train loss=0.0006 top1=1.000 | val loss=0.0033 | t=0.1s
[finetune_replay] ep  53/90 | train loss=0.0005 top1=1.000 | val loss=0.0033 | t=0.1s
[finetune_replay] ep  54/90 | train loss=0.0005 top1=1.000 | val loss=0.0032 | t=0.1s
[finetune_replay] ep  55/90 | train loss=0.0006 top1=1.000 | val loss=0.0032 | t=0.1s
[finetune_replay] ep  56/90 | train loss=0.0004 top1=1.000 | val loss=0.0033 | t=0.1s
[finetune_replay] ep  57/90 | train loss=0.0004 top1=1.000 | val loss=0.0034 | t=0.2s
[finetune_replay] ep  58/90 | train loss=0.0006 top1=1.000 | val loss=0.0034 | t=0.1s
[finetune_replay] ep  59/90 | train loss=0.0004 top1=1.000 | val loss=0.0033 | t=0.1s
[finetune_replay] ep  60/90 | train loss=0.0005 top1=1.000 | val loss=0.0034 | t=0.1s
[finetune_replay] ep  61/90 | train loss=0.0004 top1=1.000 | val loss=0.0035 | t=0.1s
[finetune_replay] ep  62/90 | train loss=0.0006 top1=1.000 | val loss=0.0034 | t=0.1s
[finetune_replay] ep  63/90 | train loss=0.0006 top1=1.000 | val loss=0.0034 | t=0.1s
[finetune_replay] ep  64/90 | train loss=0.0005 top1=1.000 | val loss=0.0034 | t=0.1s
[finetune_replay] ep  65/90 | train loss=0.0005 top1=1.000 | val loss=0.0033 | t=0.1s
[finetune_replay] ep  66/90 | train loss=0.0006 top1=1.000 | val loss=0.0034 | t=0.1s
[finetune_replay] ep  67/90 | train loss=0.0006 top1=1.000 | val loss=0.0034 | t=0.1s
[finetune_replay] ep  68/90 | train loss=0.0006 top1=1.000 | val loss=0.0034 | t=0.1s
[finetune_replay] ep  69/90 | train loss=0.0006 top1=1.000 | val loss=0.0033 | t=0.1s
[finetune_replay] ep  70/90 | train loss=0.0007 top1=1.000 | val loss=0.0033 | t=0.1s
[finetune_replay] ep  71/90 | train loss=0.0005 top1=1.000 | val loss=0.0032 | t=0.1s
[finetune_replay] ep  72/90 | train loss=0.0005 top1=1.000 | val loss=0.0032 | t=0.1s
[finetune_replay] ep  73/90 | train loss=0.0006 top1=1.000 | val loss=0.0033 | t=0.1s
[finetune_replay] ep  74/90 | train loss=0.0006 top1=1.000 | val loss=0.0034 | t=0.1s
[finetune_replay] ep  75/90 | train loss=0.0005 top1=1.000 | val loss=0.0034 | t=0.1s
[finetune_replay] ep  76/90 | train loss=0.0005 top1=1.000 | val loss=0.0033 | t=0.1s
[finetune_replay] ep  77/90 | train loss=0.0004 top1=1.000 | val loss=0.0034 | t=0.1s
[finetune_replay] ep  78/90 | train loss=0.0005 top1=1.000 | val loss=0.0033 | t=0.1s
[finetune_replay] ep  79/90 | train loss=0.0005 top1=1.000 | val loss=0.0033 | t=0.1s
[finetune_replay] ep  80/90 | train loss=0.0005 top1=1.000 | val loss=0.0033 | t=0.1s
[finetune_replay] ep  81/90 | train loss=0.0005 top1=1.000 | val loss=0.0033 | t=0.1s
[finetune_replay] ep  82/90 | train loss=0.0004 top1=1.000 | val loss=0.0033 | t=0.1s
[finetune_replay] ep  83/90 | train loss=0.0004 top1=1.000 | val loss=0.0033 | t=0.1s
[finetune_replay] ep  84/90 | train loss=0.0005 top1=1.000 | val loss=0.0033 | t=0.1s
[finetune_replay] ep  85/90 | train loss=0.0006 top1=1.000 | val loss=0.0032 | t=0.1s
[finetune_replay] ep  86/90 | train loss=0.0006 top1=1.000 | val loss=0.0033 | t=0.1s
[finetune_replay] ep  87/90 | train loss=0.0005 top1=1.000 | val loss=0.0032 | t=0.1s
[finetune_replay] ep  88/90 | train loss=0.0004 top1=1.000 | val loss=0.0033 | t=0.1s
[finetune_replay] ep  89/90 | train loss=0.0005 top1=1.000 | val loss=0.0033 | t=0.1s
[finetune_replay] ep  90/90 | train loss=0.0005 top1=1.000 | val loss=0.0033 | t=0.1s
[finetune_replay] DONE best_val_loss=0.0013 @ epoch 5
[15:08:02] [uncertainty] member 1: $ /home/s226137394/.conda/envs/maze/bin/python3 -u -m Equivariant_pathway.equivariant_CNN_hybrid.baseline_vs_p4.pool_x_selector.trainer.finetune_replay --demo_dir /weka/s226137394/DmNfull/Equivariant_pathway/equivariant_CNN_hybrid/baseline_vs_p4/pool_x_selector/results/run_9/thrifty_dagger/demos --checkpoint_dir /weka/s226137394/DmNfull/Equivariant_pathway/equivariant_CNN_hybrid/baseline_vs_p4/pool_x_selector/results/run_9/thrifty_dagger/checkpoints/member_1 --epochs 90 --batch_size 64 --lr 5e-05 --weight_decay 0.0001 --replay_mix 0.5 --replay_mix_floor 0.2 --seed 110 --resume --new_demos_dir /weka/s226137394/DmNfull/Equivariant_pathway/equivariant_CNN_hybrid/baseline_vs_p4/pool_x_selector/results/run_9/thrifty_dagger/demos/round_008
[finetune_replay] device=cuda demo_dir=/weka/s226137394/DmNfull/Equivariant_pathway/equivariant_CNN_hybrid/baseline_vs_p4/pool_x_selector/results/run_9/thrifty_dagger/demos new_demos_dir=/weka/s226137394/DmNfull/Equivariant_pathway/equivariant_CNN_hybrid/baseline_vs_p4/pool_x_selector/results/run_9/thrifty_dagger/demos/round_008
[hybrid-dataset] 27 demos -> 132 samples
[hybrid-dataset] 1 demos -> 4 samples
[finetune_replay] sampler audit: {'n_old_samples': 132, 'n_new_samples': 4, 'replay_mix_target': 0.5, 'replay_mix_effective': 0.5, 'replay_mix_floor': 0.2}
[finetune_replay] trainable params: 1,400,028
[finetune_replay] WARM START from last_hybrid_policy.pth
[finetune_replay] ep   1/90 | train loss=0.1725 top1=0.984 | val loss=0.4114 | t=1.1s  *
[finetune_replay] ep   2/90 | train loss=0.0314 top1=1.000 | val loss=0.0427 | t=0.2s  *
[finetune_replay] ep   3/90 | train loss=0.0273 top1=1.000 | val loss=0.0967 | t=0.1s
[finetune_replay] ep   4/90 | train loss=0.0039 top1=1.000 | val loss=0.2221 | t=0.2s
[finetune_replay] ep   5/90 | train loss=0.0019 top1=1.000 | val loss=0.2690 | t=0.2s
[finetune_replay] ep   6/90 | train loss=0.0017 top1=1.000 | val loss=0.2358 | t=0.1s
[finetune_replay] ep   7/90 | train loss=0.0019 top1=1.000 | val loss=0.1687 | t=0.1s
[finetune_replay] ep   8/90 | train loss=0.0012 top1=1.000 | val loss=0.1021 | t=0.2s
[finetune_replay] ep   9/90 | train loss=0.0024 top1=1.000 | val loss=0.0988 | t=0.2s
[finetune_replay] ep  10/90 | train loss=0.0013 top1=1.000 | val loss=0.1881 | t=0.1s
[finetune_replay] ep  11/90 | train loss=0.0016 top1=1.000 | val loss=0.2295 | t=0.1s
[finetune_replay] ep  12/90 | train loss=0.0021 top1=1.000 | val loss=0.1395 | t=0.1s
[finetune_replay] ep  13/90 | train loss=0.0007 top1=1.000 | val loss=0.0716 | t=0.1s
[finetune_replay] ep  14/90 | train loss=0.0010 top1=1.000 | val loss=0.0452 | t=0.1s
[finetune_replay] ep  15/90 | train loss=0.0014 top1=1.000 | val loss=0.0483 | t=0.1s
[finetune_replay] ep  16/90 | train loss=0.0007 top1=1.000 | val loss=0.0555 | t=0.1s
[finetune_replay] ep  17/90 | train loss=0.0007 top1=1.000 | val loss=0.0660 | t=0.1s
[finetune_replay] ep  18/90 | train loss=0.0007 top1=1.000 | val loss=0.0845 | t=0.1s
[finetune_replay] ep  19/90 | train loss=0.0008 top1=1.000 | val loss=0.0945 | t=0.1s
[finetune_replay] ep  20/90 | train loss=0.0006 top1=1.000 | val loss=0.0966 | t=0.1s
[finetune_replay] ep  21/90 | train loss=0.0005 top1=1.000 | val loss=0.0906 | t=0.1s
[finetune_replay] ep  22/90 | train loss=0.0005 top1=1.000 | val loss=0.0878 | t=0.1s
[finetune_replay] ep  23/90 | train loss=0.0005 top1=1.000 | val loss=0.0870 | t=0.1s
[finetune_replay] ep  24/90 | train loss=0.0005 top1=1.000 | val loss=0.0914 | t=0.1s
[finetune_replay] ep  25/90 | train loss=0.0006 top1=1.000 | val loss=0.0964 | t=0.1s
[finetune_replay] ep  26/90 | train loss=0.0004 top1=1.000 | val loss=0.0940 | t=0.1s
[finetune_replay] ep  27/90 | train loss=0.0005 top1=1.000 | val loss=0.0941 | t=0.1s
[finetune_replay] ep  28/90 | train loss=0.0006 top1=1.000 | val loss=0.0892 | t=0.1s
[finetune_replay] ep  29/90 | train loss=0.0006 top1=1.000 | val loss=0.0825 | t=0.1s
[finetune_replay] ep  30/90 | train loss=0.0005 top1=1.000 | val loss=0.0786 | t=0.1s
[finetune_replay] ep  31/90 | train loss=0.0004 top1=1.000 | val loss=0.0841 | t=0.1s
[finetune_replay] ep  32/90 | train loss=0.0005 top1=1.000 | val loss=0.0913 | t=0.1s
[finetune_replay] ep  33/90 | train loss=0.0005 top1=1.000 | val loss=0.0934 | t=0.1s
[finetune_replay] ep  34/90 | train loss=0.0005 top1=1.000 | val loss=0.0993 | t=0.1s
[finetune_replay] ep  35/90 | train loss=0.0004 top1=1.000 | val loss=0.1004 | t=0.1s
[finetune_replay] ep  36/90 | train loss=0.0005 top1=1.000 | val loss=0.1006 | t=0.1s
[finetune_replay] ep  37/90 | train loss=0.0003 top1=1.000 | val loss=0.1041 | t=0.1s
[finetune_replay] ep  38/90 | train loss=0.0004 top1=1.000 | val loss=0.1078 | t=0.1s
[finetune_replay] ep  39/90 | train loss=0.0004 top1=1.000 | val loss=0.1122 | t=0.1s
[finetune_replay] ep  40/90 | train loss=0.0005 top1=1.000 | val loss=0.1067 | t=0.1s
[finetune_replay] ep  41/90 | train loss=0.0004 top1=1.000 | val loss=0.1058 | t=0.1s
[finetune_replay] ep  42/90 | train loss=0.0004 top1=1.000 | val loss=0.1073 | t=0.1s
[finetune_replay] ep  43/90 | train loss=0.0004 top1=1.000 | val loss=0.1020 | t=0.1s
[finetune_replay] ep  44/90 | train loss=0.0004 top1=1.000 | val loss=0.0999 | t=0.1s
[finetune_replay] ep  45/90 | train loss=0.0004 top1=1.000 | val loss=0.1009 | t=0.1s
[finetune_replay] ep  46/90 | train loss=0.0004 top1=1.000 | val loss=0.1004 | t=0.2s
[finetune_replay] ep  47/90 | train loss=0.0004 top1=1.000 | val loss=0.1021 | t=0.1s
[finetune_replay] ep  48/90 | train loss=0.0005 top1=1.000 | val loss=0.1007 | t=0.1s
[finetune_replay] ep  49/90 | train loss=0.0004 top1=1.000 | val loss=0.1057 | t=0.1s
[finetune_replay] ep  50/90 | train loss=0.0004 top1=1.000 | val loss=0.1022 | t=0.1s
[finetune_replay] ep  51/90 | train loss=0.0003 top1=1.000 | val loss=0.1000 | t=0.1s
[finetune_replay] ep  52/90 | train loss=0.0003 top1=1.000 | val loss=0.1016 | t=0.1s
[finetune_replay] ep  53/90 | train loss=0.0004 top1=1.000 | val loss=0.0996 | t=0.1s
[finetune_replay] ep  54/90 | train loss=0.0003 top1=1.000 | val loss=0.1037 | t=0.1s
[finetune_replay] ep  55/90 | train loss=0.0004 top1=1.000 | val loss=0.1026 | t=0.1s
[finetune_replay] ep  56/90 | train loss=0.0004 top1=1.000 | val loss=0.1041 | t=0.1s
[finetune_replay] ep  57/90 | train loss=0.0004 top1=1.000 | val loss=0.1029 | t=0.1s
[finetune_replay] ep  58/90 | train loss=0.0004 top1=1.000 | val loss=0.1007 | t=0.1s
[finetune_replay] ep  59/90 | train loss=0.0004 top1=1.000 | val loss=0.1009 | t=0.1s
[finetune_replay] ep  60/90 | train loss=0.0003 top1=1.000 | val loss=0.0997 | t=0.1s
[finetune_replay] ep  61/90 | train loss=0.0003 top1=1.000 | val loss=0.0975 | t=0.1s
[finetune_replay] ep  62/90 | train loss=0.0003 top1=1.000 | val loss=0.1009 | t=0.1s
[finetune_replay] ep  63/90 | train loss=0.0003 top1=1.000 | val loss=0.0996 | t=0.1s
[finetune_replay] ep  64/90 | train loss=0.0003 top1=1.000 | val loss=0.0990 | t=0.1s
[finetune_replay] ep  65/90 | train loss=0.0004 top1=1.000 | val loss=0.1015 | t=0.1s
[finetune_replay] ep  66/90 | train loss=0.0004 top1=1.000 | val loss=0.1006 | t=0.1s
[finetune_replay] ep  67/90 | train loss=0.0004 top1=1.000 | val loss=0.1027 | t=0.1s
[finetune_replay] ep  68/90 | train loss=0.0004 top1=1.000 | val loss=0.1003 | t=0.1s
[finetune_replay] ep  69/90 | train loss=0.0004 top1=1.000 | val loss=0.0968 | t=0.1s
[finetune_replay] ep  70/90 | train loss=0.0003 top1=1.000 | val loss=0.0985 | t=0.1s
[finetune_replay] ep  71/90 | train loss=0.0003 top1=1.000 | val loss=0.0965 | t=0.1s
[finetune_replay] ep  72/90 | train loss=0.0003 top1=1.000 | val loss=0.0959 | t=0.1s
[finetune_replay] ep  73/90 | train loss=0.0003 top1=1.000 | val loss=0.0987 | t=0.1s
[finetune_replay] ep  74/90 | train loss=0.0003 top1=1.000 | val loss=0.0998 | t=0.1s
[finetune_replay] ep  75/90 | train loss=0.0003 top1=1.000 | val loss=0.1028 | t=0.1s
[finetune_replay] ep  76/90 | train loss=0.0004 top1=1.000 | val loss=0.0972 | t=0.1s
[finetune_replay] ep  77/90 | train loss=0.0004 top1=1.000 | val loss=0.0972 | t=0.1s
[finetune_replay] ep  78/90 | train loss=0.0003 top1=1.000 | val loss=0.1010 | t=0.1s
[finetune_replay] ep  79/90 | train loss=0.0004 top1=1.000 | val loss=0.1002 | t=0.1s
[finetune_replay] ep  80/90 | train loss=0.0004 top1=1.000 | val loss=0.0969 | t=0.1s
[finetune_replay] ep  81/90 | train loss=0.0004 top1=1.000 | val loss=0.0956 | t=0.1s
[finetune_replay] ep  82/90 | train loss=0.0004 top1=1.000 | val loss=0.0994 | t=0.1s
[finetune_replay] ep  83/90 | train loss=0.0004 top1=1.000 | val loss=0.0946 | t=0.1s
[finetune_replay] ep  84/90 | train loss=0.0002 top1=1.000 | val loss=0.0946 | t=0.1s
[finetune_replay] ep  85/90 | train loss=0.0004 top1=1.000 | val loss=0.0916 | t=0.1s
[finetune_replay] ep  86/90 | train loss=0.0004 top1=1.000 | val loss=0.0924 | t=0.1s
[finetune_replay] ep  87/90 | train loss=0.0003 top1=1.000 | val loss=0.0914 | t=0.1s
[finetune_replay] ep  88/90 | train loss=0.0003 top1=1.000 | val loss=0.0891 | t=0.1s
[finetune_replay] ep  89/90 | train loss=0.0004 top1=1.000 | val loss=0.0868 | t=0.1s
[finetune_replay] ep  90/90 | train loss=0.0004 top1=1.000 | val loss=0.0889 | t=0.1s
[finetune_replay] DONE best_val_loss=0.0427 @ epoch 2
[15:08:28] [uncertainty] member 2: $ /home/s226137394/.conda/envs/maze/bin/python3 -u -m Equivariant_pathway.equivariant_CNN_hybrid.baseline_vs_p4.pool_x_selector.trainer.finetune_replay --demo_dir /weka/s226137394/DmNfull/Equivariant_pathway/equivariant_CNN_hybrid/baseline_vs_p4/pool_x_selector/results/run_9/thrifty_dagger/demos --checkpoint_dir /weka/s226137394/DmNfull/Equivariant_pathway/equivariant_CNN_hybrid/baseline_vs_p4/pool_x_selector/results/run_9/thrifty_dagger/checkpoints/member_2 --epochs 90 --batch_size 64 --lr 5e-05 --weight_decay 0.0001 --replay_mix 0.5 --replay_mix_floor 0.2 --seed 211 --resume --new_demos_dir /weka/s226137394/DmNfull/Equivariant_pathway/equivariant_CNN_hybrid/baseline_vs_p4/pool_x_selector/results/run_9/thrifty_dagger/demos/round_008
[finetune_replay] device=cuda demo_dir=/weka/s226137394/DmNfull/Equivariant_pathway/equivariant_CNN_hybrid/baseline_vs_p4/pool_x_selector/results/run_9/thrifty_dagger/demos new_demos_dir=/weka/s226137394/DmNfull/Equivariant_pathway/equivariant_CNN_hybrid/baseline_vs_p4/pool_x_selector/results/run_9/thrifty_dagger/demos/round_008
[hybrid-dataset] 27 demos -> 132 samples
[hybrid-dataset] 1 demos -> 4 samples
[finetune_replay] sampler audit: {'n_old_samples': 132, 'n_new_samples': 4, 'replay_mix_target': 0.5, 'replay_mix_effective': 0.5, 'replay_mix_floor': 0.2}
[finetune_replay] trainable params: 1,400,028
[finetune_replay] WARM START from last_hybrid_policy.pth
[finetune_replay] ep   1/90 | train loss=0.1966 top1=0.959 | val loss=0.0244 | t=0.8s  *
[finetune_replay] ep   2/90 | train loss=0.1698 top1=0.943 | val loss=0.0043 | t=0.2s  *
[finetune_replay] ep   3/90 | train loss=0.0535 top1=1.000 | val loss=0.0055 | t=0.2s
[finetune_replay] ep   4/90 | train loss=0.0073 top1=1.000 | val loss=0.0090 | t=0.2s
[finetune_replay] ep   5/90 | train loss=0.0076 top1=1.000 | val loss=0.0042 | t=0.1s  *
[finetune_replay] ep   6/90 | train loss=0.0070 top1=1.000 | val loss=0.0016 | t=0.1s  *
[finetune_replay] ep   7/90 | train loss=0.0058 top1=1.000 | val loss=0.0032 | t=0.1s
[finetune_replay] ep   8/90 | train loss=0.0024 top1=1.000 | val loss=0.0038 | t=0.1s
[finetune_replay] ep   9/90 | train loss=0.0034 top1=1.000 | val loss=0.0044 | t=0.1s
[finetune_replay] ep  10/90 | train loss=0.0036 top1=1.000 | val loss=0.0032 | t=0.1s
[finetune_replay] ep  11/90 | train loss=0.0024 top1=1.000 | val loss=0.0021 | t=0.1s
[finetune_replay] ep  12/90 | train loss=0.0015 top1=1.000 | val loss=0.0026 | t=0.1s
[finetune_replay] ep  13/90 | train loss=0.0014 top1=1.000 | val loss=0.0025 | t=0.1s
[finetune_replay] ep  14/90 | train loss=0.0014 top1=1.000 | val loss=0.0017 | t=0.1s
[finetune_replay] ep  15/90 | train loss=0.0014 top1=1.000 | val loss=0.0014 | t=0.1s  *
[finetune_replay] ep  16/90 | train loss=0.0011 top1=1.000 | val loss=0.0014 | t=0.2s
[finetune_replay] ep  17/90 | train loss=0.0009 top1=1.000 | val loss=0.0014 | t=0.1s
[finetune_replay] ep  18/90 | train loss=0.0008 top1=1.000 | val loss=0.0013 | t=0.1s  *
[finetune_replay] ep  19/90 | train loss=0.0008 top1=1.000 | val loss=0.0012 | t=0.1s  *
[finetune_replay] ep  20/90 | train loss=0.0008 top1=1.000 | val loss=0.0012 | t=0.1s  *
[finetune_replay] ep  21/90 | train loss=0.0008 top1=1.000 | val loss=0.0012 | t=0.1s
[finetune_replay] ep  22/90 | train loss=0.0007 top1=1.000 | val loss=0.0012 | t=0.1s
[finetune_replay] ep  23/90 | train loss=0.0009 top1=1.000 | val loss=0.0013 | t=0.1s
[finetune_replay] ep  24/90 | train loss=0.0008 top1=1.000 | val loss=0.0013 | t=0.1s
[finetune_replay] ep  25/90 | train loss=0.0006 top1=1.000 | val loss=0.0013 | t=0.1s
[finetune_replay] ep  26/90 | train loss=0.0006 top1=1.000 | val loss=0.0013 | t=0.1s
[finetune_replay] ep  27/90 | train loss=0.0007 top1=1.000 | val loss=0.0012 | t=0.1s
[finetune_replay] ep  28/90 | train loss=0.0006 top1=1.000 | val loss=0.0012 | t=0.1s
[finetune_replay] ep  29/90 | train loss=0.0006 top1=1.000 | val loss=0.0012 | t=0.1s
[finetune_replay] ep  30/90 | train loss=0.0006 top1=1.000 | val loss=0.0012 | t=0.1s
[finetune_replay] ep  31/90 | train loss=0.0006 top1=1.000 | val loss=0.0012 | t=0.1s
[finetune_replay] ep  32/90 | train loss=0.0006 top1=1.000 | val loss=0.0012 | t=0.1s  *
[finetune_replay] ep  33/90 | train loss=0.0006 top1=1.000 | val loss=0.0012 | t=0.1s  *
[finetune_replay] ep  34/90 | train loss=0.0006 top1=1.000 | val loss=0.0012 | t=0.1s  *
[finetune_replay] ep  35/90 | train loss=0.0006 top1=1.000 | val loss=0.0012 | t=0.1s
[finetune_replay] ep  36/90 | train loss=0.0005 top1=1.000 | val loss=0.0012 | t=0.1s
[finetune_replay] ep  37/90 | train loss=0.0006 top1=1.000 | val loss=0.0012 | t=0.1s
[finetune_replay] ep  38/90 | train loss=0.0005 top1=1.000 | val loss=0.0012 | t=0.1s
[finetune_replay] ep  39/90 | train loss=0.0005 top1=1.000 | val loss=0.0012 | t=0.1s
[finetune_replay] ep  40/90 | train loss=0.0006 top1=1.000 | val loss=0.0012 | t=0.1s
[finetune_replay] ep  41/90 | train loss=0.0006 top1=1.000 | val loss=0.0012 | t=0.1s
[finetune_replay] ep  42/90 | train loss=0.0006 top1=1.000 | val loss=0.0012 | t=0.1s  *
[finetune_replay] ep  43/90 | train loss=0.0005 top1=1.000 | val loss=0.0012 | t=0.1s  *
[finetune_replay] ep  44/90 | train loss=0.0006 top1=1.000 | val loss=0.0012 | t=0.1s  *
[finetune_replay] ep  45/90 | train loss=0.0005 top1=1.000 | val loss=0.0012 | t=0.1s  *
[finetune_replay] ep  46/90 | train loss=0.0005 top1=1.000 | val loss=0.0011 | t=0.1s  *
[finetune_replay] ep  47/90 | train loss=0.0005 top1=1.000 | val loss=0.0011 | t=0.1s  *
[finetune_replay] ep  48/90 | train loss=0.0005 top1=1.000 | val loss=0.0011 | t=0.1s  *
[finetune_replay] ep  49/90 | train loss=0.0005 top1=1.000 | val loss=0.0011 | t=0.1s  *
[finetune_replay] ep  50/90 | train loss=0.0006 top1=1.000 | val loss=0.0011 | t=0.1s
[finetune_replay] ep  51/90 | train loss=0.0005 top1=1.000 | val loss=0.0011 | t=0.1s
[finetune_replay] ep  52/90 | train loss=0.0005 top1=1.000 | val loss=0.0011 | t=0.1s
[finetune_replay] ep  53/90 | train loss=0.0004 top1=1.000 | val loss=0.0011 | t=0.1s
[finetune_replay] ep  54/90 | train loss=0.0005 top1=1.000 | val loss=0.0011 | t=0.1s
[finetune_replay] ep  55/90 | train loss=0.0004 top1=1.000 | val loss=0.0011 | t=0.1s
[finetune_replay] ep  56/90 | train loss=0.0005 top1=1.000 | val loss=0.0011 | t=0.1s
[finetune_replay] ep  57/90 | train loss=0.0005 top1=1.000 | val loss=0.0011 | t=0.1s
[finetune_replay] ep  58/90 | train loss=0.0004 top1=1.000 | val loss=0.0011 | t=0.1s
[finetune_replay] ep  59/90 | train loss=0.0005 top1=1.000 | val loss=0.0011 | t=0.1s
[finetune_replay] ep  60/90 | train loss=0.0005 top1=1.000 | val loss=0.0011 | t=0.1s
[finetune_replay] ep  61/90 | train loss=0.0005 top1=1.000 | val loss=0.0011 | t=0.1s
[finetune_replay] ep  62/90 | train loss=0.0004 top1=1.000 | val loss=0.0011 | t=0.1s
[finetune_replay] ep  63/90 | train loss=0.0005 top1=1.000 | val loss=0.0011 | t=0.1s
[finetune_replay] ep  64/90 | train loss=0.0004 top1=1.000 | val loss=0.0011 | t=0.1s
[finetune_replay] ep  65/90 | train loss=0.0005 top1=1.000 | val loss=0.0011 | t=0.1s
[finetune_replay] ep  66/90 | train loss=0.0005 top1=1.000 | val loss=0.0012 | t=0.1s
[finetune_replay] ep  67/90 | train loss=0.0005 top1=1.000 | val loss=0.0011 | t=0.1s
[finetune_replay] ep  68/90 | train loss=0.0005 top1=1.000 | val loss=0.0011 | t=0.1s
[finetune_replay] ep  69/90 | train loss=0.0004 top1=1.000 | val loss=0.0011 | t=0.1s
[finetune_replay] ep  70/90 | train loss=0.0005 top1=1.000 | val loss=0.0011 | t=0.1s
[finetune_replay] ep  71/90 | train loss=0.0005 top1=1.000 | val loss=0.0011 | t=0.1s
[finetune_replay] ep  72/90 | train loss=0.0004 top1=1.000 | val loss=0.0011 | t=0.1s
[finetune_replay] ep  73/90 | train loss=0.0005 top1=1.000 | val loss=0.0011 | t=0.1s
[finetune_replay] ep  74/90 | train loss=0.0005 top1=1.000 | val loss=0.0011 | t=0.1s
[finetune_replay] ep  75/90 | train loss=0.0005 top1=1.000 | val loss=0.0011 | t=0.1s
[finetune_replay] ep  76/90 | train loss=0.0005 top1=1.000 | val loss=0.0011 | t=0.1s
[finetune_replay] ep  77/90 | train loss=0.0005 top1=1.000 | val loss=0.0011 | t=0.1s
[finetune_replay] ep  78/90 | train loss=0.0004 top1=1.000 | val loss=0.0011 | t=0.1s
[finetune_replay] ep  79/90 | train loss=0.0005 top1=1.000 | val loss=0.0011 | t=0.1s
[finetune_replay] ep  80/90 | train loss=0.0004 top1=1.000 | val loss=0.0011 | t=0.1s
[finetune_replay] ep  81/90 | train loss=0.0005 top1=1.000 | val loss=0.0011 | t=0.1s
[finetune_replay] ep  82/90 | train loss=0.0004 top1=1.000 | val loss=0.0011 | t=0.1s
[finetune_replay] ep  83/90 | train loss=0.0005 top1=1.000 | val loss=0.0011 | t=0.1s
[finetune_replay] ep  84/90 | train loss=0.0005 top1=1.000 | val loss=0.0011 | t=0.1s
[finetune_replay] ep  85/90 | train loss=0.0004 top1=1.000 | val loss=0.0011 | t=0.1s
[finetune_replay] ep  86/90 | train loss=0.0006 top1=1.000 | val loss=0.0011 | t=0.1s
[finetune_replay] ep  87/90 | train loss=0.0004 top1=1.000 | val loss=0.0011 | t=0.1s
[finetune_replay] ep  88/90 | train loss=0.0003 top1=1.000 | val loss=0.0011 | t=0.1s
[finetune_replay] ep  89/90 | train loss=0.0005 top1=1.000 | val loss=0.0011 | t=0.1s
[finetune_replay] ep  90/90 | train loss=0.0005 top1=1.000 | val loss=0.0011 | t=0.1s
[finetune_replay] DONE best_val_loss=0.0011 @ epoch 49
[15:08:53] [uncertainty] member 3: $ /home/s226137394/.conda/envs/maze/bin/python3 -u -m Equivariant_pathway.equivariant_CNN_hybrid.baseline_vs_p4.pool_x_selector.trainer.finetune_replay --demo_dir /weka/s226137394/DmNfull/Equivariant_pathway/equivariant_CNN_hybrid/baseline_vs_p4/pool_x_selector/results/run_9/thrifty_dagger/demos --checkpoint_dir /weka/s226137394/DmNfull/Equivariant_pathway/equivariant_CNN_hybrid/baseline_vs_p4/pool_x_selector/results/run_9/thrifty_dagger/checkpoints/member_3 --epochs 90 --batch_size 64 --lr 5e-05 --weight_decay 0.0001 --replay_mix 0.5 --replay_mix_floor 0.2 --seed 312 --resume --new_demos_dir /weka/s226137394/DmNfull/Equivariant_pathway/equivariant_CNN_hybrid/baseline_vs_p4/pool_x_selector/results/run_9/thrifty_dagger/demos/round_008
[finetune_replay] device=cuda demo_dir=/weka/s226137394/DmNfull/Equivariant_pathway/equivariant_CNN_hybrid/baseline_vs_p4/pool_x_selector/results/run_9/thrifty_dagger/demos new_demos_dir=/weka/s226137394/DmNfull/Equivariant_pathway/equivariant_CNN_hybrid/baseline_vs_p4/pool_x_selector/results/run_9/thrifty_dagger/demos/round_008
[hybrid-dataset] 27 demos -> 132 samples
[hybrid-dataset] 1 demos -> 4 samples
[finetune_replay] sampler audit: {'n_old_samples': 132, 'n_new_samples': 4, 'replay_mix_target': 0.5, 'replay_mix_effective': 0.5, 'replay_mix_floor': 0.2}
[finetune_replay] trainable params: 1,400,028
[finetune_replay] WARM START from last_hybrid_policy.pth
[finetune_replay] ep   1/90 | train loss=0.1542 top1=1.000 | val loss=0.5075 | t=1.0s  *
[finetune_replay] ep   2/90 | train loss=0.0250 top1=1.000 | val loss=0.1887 | t=0.1s  *
[finetune_replay] ep   3/90 | train loss=0.0175 top1=1.000 | val loss=0.0444 | t=0.1s  *
[finetune_replay] ep   4/90 | train loss=0.0070 top1=1.000 | val loss=0.1699 | t=0.2s
[finetune_replay] ep   5/90 | train loss=0.0028 top1=1.000 | val loss=0.2462 | t=0.2s
[finetune_replay] ep   6/90 | train loss=0.0074 top1=1.000 | val loss=0.0878 | t=0.1s
[finetune_replay] ep   7/90 | train loss=0.0056 top1=1.000 | val loss=0.0474 | t=0.1s
[finetune_replay] ep   8/90 | train loss=0.0028 top1=1.000 | val loss=0.0519 | t=0.2s
[finetune_replay] ep   9/90 | train loss=0.0017 top1=1.000 | val loss=0.0877 | t=0.1s
[finetune_replay] ep  10/90 | train loss=0.0011 top1=1.000 | val loss=0.1269 | t=0.1s
[finetune_replay] ep  11/90 | train loss=0.0016 top1=1.000 | val loss=0.1412 | t=0.1s
[finetune_replay] ep  12/90 | train loss=0.0017 top1=1.000 | val loss=0.1254 | t=0.1s
[finetune_replay] ep  13/90 | train loss=0.0011 top1=1.000 | val loss=0.1108 | t=0.1s
[finetune_replay] ep  14/90 | train loss=0.0017 top1=1.000 | val loss=0.0807 | t=0.1s
[finetune_replay] ep  15/90 | train loss=0.0011 top1=1.000 | val loss=0.0674 | t=0.1s
[finetune_replay] ep  16/90 | train loss=0.0009 top1=1.000 | val loss=0.0714 | t=0.1s
[finetune_replay] ep  17/90 | train loss=0.0008 top1=1.000 | val loss=0.0922 | t=0.1s
[finetune_replay] ep  18/90 | train loss=0.0013 top1=1.000 | val loss=0.0878 | t=0.1s
[finetune_replay] ep  19/90 | train loss=0.0009 top1=1.000 | val loss=0.0850 | t=0.1s
[finetune_replay] ep  20/90 | train loss=0.0006 top1=1.000 | val loss=0.0836 | t=0.1s
[finetune_replay] ep  21/90 | train loss=0.0006 top1=1.000 | val loss=0.0905 | t=0.1s
[finetune_replay] ep  22/90 | train loss=0.0005 top1=1.000 | val loss=0.1012 | t=0.1s
[finetune_replay] ep  23/90 | train loss=0.0006 top1=1.000 | val loss=0.1048 | t=0.1s
[finetune_replay] ep  24/90 | train loss=0.0005 top1=1.000 | val loss=0.1187 | t=0.1s
[finetune_replay] ep  25/90 | train loss=0.0006 top1=1.000 | val loss=0.1214 | t=0.1s
[finetune_replay] ep  26/90 | train loss=0.0006 top1=1.000 | val loss=0.1113 | t=0.1s
[finetune_replay] ep  27/90 | train loss=0.0006 top1=1.000 | val loss=0.1037 | t=0.1s
[finetune_replay] ep  28/90 | train loss=0.0004 top1=1.000 | val loss=0.0985 | t=0.1s
[finetune_replay] ep  29/90 | train loss=0.0006 top1=1.000 | val loss=0.1018 | t=0.1s
[finetune_replay] ep  30/90 | train loss=0.0006 top1=1.000 | val loss=0.1005 | t=0.1s
[finetune_replay] ep  31/90 | train loss=0.0005 top1=1.000 | val loss=0.1026 | t=0.1s
[finetune_replay] ep  32/90 | train loss=0.0006 top1=1.000 | val loss=0.1050 | t=0.1s
[finetune_replay] ep  33/90 | train loss=0.0006 top1=1.000 | val loss=0.1109 | t=0.1s
[finetune_replay] ep  34/90 | train loss=0.0005 top1=1.000 | val loss=0.1207 | t=0.1s
[finetune_replay] ep  35/90 | train loss=0.0006 top1=1.000 | val loss=0.1241 | t=0.1s
[finetune_replay] ep  36/90 | train loss=0.0006 top1=1.000 | val loss=0.1189 | t=0.1s
[finetune_replay] ep  37/90 | train loss=0.0005 top1=1.000 | val loss=0.1175 | t=0.1s
[finetune_replay] ep  38/90 | train loss=0.0004 top1=1.000 | val loss=0.1211 | t=0.1s
[finetune_replay] ep  39/90 | train loss=0.0005 top1=1.000 | val loss=0.1182 | t=0.1s
[finetune_replay] ep  40/90 | train loss=0.0005 top1=1.000 | val loss=0.1155 | t=0.1s
[finetune_replay] ep  41/90 | train loss=0.0005 top1=1.000 | val loss=0.1106 | t=0.1s
[finetune_replay] ep  42/90 | train loss=0.0005 top1=1.000 | val loss=0.1075 | t=0.1s
[finetune_replay] ep  43/90 | train loss=0.0006 top1=1.000 | val loss=0.1053 | t=0.1s
[finetune_replay] ep  44/90 | train loss=0.0004 top1=1.000 | val loss=0.1025 | t=0.1s
[finetune_replay] ep  45/90 | train loss=0.0005 top1=1.000 | val loss=0.1048 | t=0.1s
[finetune_replay] ep  46/90 | train loss=0.0004 top1=1.000 | val loss=0.1134 | t=0.1s
[finetune_replay] ep  47/90 | train loss=0.0005 top1=1.000 | val loss=0.1193 | t=0.1s
[finetune_replay] ep  48/90 | train loss=0.0005 top1=1.000 | val loss=0.1260 | t=0.1s
[finetune_replay] ep  49/90 | train loss=0.0005 top1=1.000 | val loss=0.1211 | t=0.1s
[finetune_replay] ep  50/90 | train loss=0.0003 top1=1.000 | val loss=0.1145 | t=0.1s
[finetune_replay] ep  51/90 | train loss=0.0004 top1=1.000 | val loss=0.1155 | t=0.1s
[finetune_replay] ep  52/90 | train loss=0.0004 top1=1.000 | val loss=0.1105 | t=0.1s
[finetune_replay] ep  53/90 | train loss=0.0003 top1=1.000 | val loss=0.1122 | t=0.1s
[finetune_replay] ep  54/90 | train loss=0.0004 top1=1.000 | val loss=0.1128 | t=0.1s
[finetune_replay] ep  55/90 | train loss=0.0004 top1=1.000 | val loss=0.1092 | t=0.1s
[finetune_replay] ep  56/90 | train loss=0.0004 top1=1.000 | val loss=0.1113 | t=0.1s
[finetune_replay] ep  57/90 | train loss=0.0004 top1=1.000 | val loss=0.1214 | t=0.1s
[finetune_replay] ep  58/90 | train loss=0.0004 top1=1.000 | val loss=0.1206 | t=0.1s
[finetune_replay] ep  59/90 | train loss=0.0004 top1=1.000 | val loss=0.1201 | t=0.1s
[finetune_replay] ep  60/90 | train loss=0.0004 top1=1.000 | val loss=0.1211 | t=0.1s
[finetune_replay] ep  61/90 | train loss=0.0005 top1=1.000 | val loss=0.1211 | t=0.1s
[finetune_replay] ep  62/90 | train loss=0.0005 top1=1.000 | val loss=0.1183 | t=0.1s
[finetune_replay] ep  63/90 | train loss=0.0004 top1=1.000 | val loss=0.1167 | t=0.1s
[finetune_replay] ep  64/90 | train loss=0.0003 top1=1.000 | val loss=0.1177 | t=0.2s
[finetune_replay] ep  65/90 | train loss=0.0004 top1=1.000 | val loss=0.1153 | t=0.1s
[finetune_replay] ep  66/90 | train loss=0.0004 top1=1.000 | val loss=0.1115 | t=0.1s
[finetune_replay] ep  67/90 | train loss=0.0004 top1=1.000 | val loss=0.1141 | t=0.1s
[finetune_replay] ep  68/90 | train loss=0.0004 top1=1.000 | val loss=0.1181 | t=0.1s
[finetune_replay] ep  69/90 | train loss=0.0005 top1=1.000 | val loss=0.1147 | t=0.1s
[finetune_replay] ep  70/90 | train loss=0.0004 top1=1.000 | val loss=0.1154 | t=0.1s
[finetune_replay] ep  71/90 | train loss=0.0003 top1=1.000 | val loss=0.1121 | t=0.1s
[finetune_replay] ep  72/90 | train loss=0.0004 top1=1.000 | val loss=0.1112 | t=0.1s
[finetune_replay] ep  73/90 | train loss=0.0005 top1=1.000 | val loss=0.1106 | t=0.1s
[finetune_replay] ep  74/90 | train loss=0.0004 top1=1.000 | val loss=0.1143 | t=0.1s
[finetune_replay] ep  75/90 | train loss=0.0004 top1=1.000 | val loss=0.1175 | t=0.1s
[finetune_replay] ep  76/90 | train loss=0.0004 top1=1.000 | val loss=0.1185 | t=0.1s
[finetune_replay] ep  77/90 | train loss=0.0003 top1=1.000 | val loss=0.1141 | t=0.1s
[finetune_replay] ep  78/90 | train loss=0.0005 top1=1.000 | val loss=0.1150 | t=0.1s
[finetune_replay] ep  79/90 | train loss=0.0004 top1=1.000 | val loss=0.1155 | t=0.1s
[finetune_replay] ep  80/90 | train loss=0.0004 top1=1.000 | val loss=0.1116 | t=0.1s
[finetune_replay] ep  81/90 | train loss=0.0004 top1=1.000 | val loss=0.1183 | t=0.1s
[finetune_replay] ep  82/90 | train loss=0.0004 top1=1.000 | val loss=0.1168 | t=0.1s
[finetune_replay] ep  83/90 | train loss=0.0004 top1=1.000 | val loss=0.1187 | t=0.1s
[finetune_replay] ep  84/90 | train loss=0.0004 top1=1.000 | val loss=0.1164 | t=0.1s
[finetune_replay] ep  85/90 | train loss=0.0004 top1=1.000 | val loss=0.1177 | t=0.1s
[finetune_replay] ep  86/90 | train loss=0.0003 top1=1.000 | val loss=0.1134 | t=0.1s
[finetune_replay] ep  87/90 | train loss=0.0004 top1=1.000 | val loss=0.1155 | t=0.1s
[finetune_replay] ep  88/90 | train loss=0.0004 top1=1.000 | val loss=0.1114 | t=0.1s
[finetune_replay] ep  89/90 | train loss=0.0003 top1=1.000 | val loss=0.1129 | t=0.1s
[finetune_replay] ep  90/90 | train loss=0.0004 top1=1.000 | val loss=0.1164 | t=0.1s
[finetune_replay] DONE best_val_loss=0.0444 @ epoch 3
[15:09:18] [uncertainty] member 4: $ /home/s226137394/.conda/envs/maze/bin/python3 -u -m Equivariant_pathway.equivariant_CNN_hybrid.baseline_vs_p4.pool_x_selector.trainer.finetune_replay --demo_dir /weka/s226137394/DmNfull/Equivariant_pathway/equivariant_CNN_hybrid/baseline_vs_p4/pool_x_selector/results/run_9/thrifty_dagger/demos --checkpoint_dir /weka/s226137394/DmNfull/Equivariant_pathway/equivariant_CNN_hybrid/baseline_vs_p4/pool_x_selector/results/run_9/thrifty_dagger/checkpoints/member_4 --epochs 90 --batch_size 64 --lr 5e-05 --weight_decay 0.0001 --replay_mix 0.5 --replay_mix_floor 0.2 --seed 413 --resume --new_demos_dir /weka/s226137394/DmNfull/Equivariant_pathway/equivariant_CNN_hybrid/baseline_vs_p4/pool_x_selector/results/run_9/thrifty_dagger/demos/round_008
[finetune_replay] device=cuda demo_dir=/weka/s226137394/DmNfull/Equivariant_pathway/equivariant_CNN_hybrid/baseline_vs_p4/pool_x_selector/results/run_9/thrifty_dagger/demos new_demos_dir=/weka/s226137394/DmNfull/Equivariant_pathway/equivariant_CNN_hybrid/baseline_vs_p4/pool_x_selector/results/run_9/thrifty_dagger/demos/round_008
[hybrid-dataset] 27 demos -> 132 samples
[hybrid-dataset] 1 demos -> 4 samples
[finetune_replay] sampler audit: {'n_old_samples': 132, 'n_new_samples': 4, 'replay_mix_target': 0.5, 'replay_mix_effective': 0.5, 'replay_mix_floor': 0.2}
[finetune_replay] trainable params: 1,400,028
[finetune_replay] WARM START from last_hybrid_policy.pth
[finetune_replay] ep   1/90 | train loss=0.2106 top1=0.919 | val loss=0.0460 | t=0.8s  *
[finetune_replay] ep   2/90 | train loss=0.1247 top1=0.951 | val loss=0.0027 | t=0.2s  *
[finetune_replay] ep   3/90 | train loss=0.0879 top1=1.000 | val loss=0.0031 | t=0.1s
[finetune_replay] ep   4/90 | train loss=0.0555 top1=1.000 | val loss=0.0097 | t=0.2s
[finetune_replay] ep   5/90 | train loss=0.0206 top1=1.000 | val loss=0.0164 | t=0.1s
[finetune_replay] ep   6/90 | train loss=0.0156 top1=1.000 | val loss=0.0043 | t=0.1s
[finetune_replay] ep   7/90 | train loss=0.0074 top1=1.000 | val loss=0.0025 | t=0.1s  *
[finetune_replay] ep   8/90 | train loss=0.0040 top1=1.000 | val loss=0.0026 | t=0.1s
[finetune_replay] ep   9/90 | train loss=0.0023 top1=1.000 | val loss=0.0032 | t=0.1s
[finetune_replay] ep  10/90 | train loss=0.0028 top1=1.000 | val loss=0.0032 | t=0.2s
[finetune_replay] ep  11/90 | train loss=0.0023 top1=1.000 | val loss=0.0032 | t=0.1s
[finetune_replay] ep  12/90 | train loss=0.0028 top1=1.000 | val loss=0.0027 | t=0.1s
[finetune_replay] ep  13/90 | train loss=0.0017 top1=1.000 | val loss=0.0025 | t=0.1s
[finetune_replay] ep  14/90 | train loss=0.0022 top1=1.000 | val loss=0.0021 | t=0.1s  *
[finetune_replay] ep  15/90 | train loss=0.0018 top1=1.000 | val loss=0.0019 | t=0.1s  *
[finetune_replay] ep  16/90 | train loss=0.0013 top1=1.000 | val loss=0.0019 | t=0.1s  *
[finetune_replay] ep  17/90 | train loss=0.0012 top1=1.000 | val loss=0.0017 | t=0.1s  *
[finetune_replay] ep  18/90 | train loss=0.0011 top1=1.000 | val loss=0.0016 | t=0.1s  *
[finetune_replay] ep  19/90 | train loss=0.0010 top1=1.000 | val loss=0.0015 | t=0.1s  *
[finetune_replay] ep  20/90 | train loss=0.0012 top1=1.000 | val loss=0.0014 | t=0.1s  *
[finetune_replay] ep  21/90 | train loss=0.0010 top1=1.000 | val loss=0.0014 | t=0.1s
[finetune_replay] ep  22/90 | train loss=0.0010 top1=1.000 | val loss=0.0014 | t=0.1s
[finetune_replay] ep  23/90 | train loss=0.0009 top1=1.000 | val loss=0.0015 | t=0.1s
[finetune_replay] ep  24/90 | train loss=0.0008 top1=1.000 | val loss=0.0014 | t=0.1s  *
[finetune_replay] ep  25/90 | train loss=0.0008 top1=1.000 | val loss=0.0014 | t=0.1s  *
[finetune_replay] ep  26/90 | train loss=0.0009 top1=1.000 | val loss=0.0013 | t=0.1s  *
[finetune_replay] ep  27/90 | train loss=0.0007 top1=1.000 | val loss=0.0013 | t=0.1s
[finetune_replay] ep  28/90 | train loss=0.0007 top1=1.000 | val loss=0.0013 | t=0.1s  *
[finetune_replay] ep  29/90 | train loss=0.0009 top1=1.000 | val loss=0.0013 | t=0.1s  *
[finetune_replay] ep  30/90 | train loss=0.0009 top1=1.000 | val loss=0.0012 | t=0.1s  *
[finetune_replay] ep  31/90 | train loss=0.0008 top1=1.000 | val loss=0.0012 | t=0.1s  *
[finetune_replay] ep  32/90 | train loss=0.0007 top1=1.000 | val loss=0.0012 | t=0.1s  *
[finetune_replay] ep  33/90 | train loss=0.0007 top1=1.000 | val loss=0.0011 | t=0.1s  *
[finetune_replay] ep  34/90 | train loss=0.0007 top1=1.000 | val loss=0.0011 | t=0.1s  *
[finetune_replay] ep  35/90 | train loss=0.0006 top1=1.000 | val loss=0.0011 | t=0.1s
[finetune_replay] ep  36/90 | train loss=0.0006 top1=1.000 | val loss=0.0011 | t=0.1s
[finetune_replay] ep  37/90 | train loss=0.0006 top1=1.000 | val loss=0.0012 | t=0.1s
[finetune_replay] ep  38/90 | train loss=0.0008 top1=1.000 | val loss=0.0012 | t=0.1s
[finetune_replay] ep  39/90 | train loss=0.0009 top1=1.000 | val loss=0.0011 | t=0.1s
[finetune_replay] ep  40/90 | train loss=0.0005 top1=1.000 | val loss=0.0010 | t=0.1s  *
[finetune_replay] ep  41/90 | train loss=0.0005 top1=1.000 | val loss=0.0010 | t=0.1s  *
[finetune_replay] ep  42/90 | train loss=0.0007 top1=1.000 | val loss=0.0010 | t=0.1s
[finetune_replay] ep  43/90 | train loss=0.0006 top1=1.000 | val loss=0.0010 | t=0.1s
[finetune_replay] ep  44/90 | train loss=0.0007 top1=1.000 | val loss=0.0011 | t=0.1s
[finetune_replay] ep  45/90 | train loss=0.0006 top1=1.000 | val loss=0.0010 | t=0.1s
[finetune_replay] ep  46/90 | train loss=0.0006 top1=1.000 | val loss=0.0010 | t=0.1s
[finetune_replay] ep  47/90 | train loss=0.0005 top1=1.000 | val loss=0.0011 | t=0.1s
[finetune_replay] ep  48/90 | train loss=0.0005 top1=1.000 | val loss=0.0010 | t=0.1s
[finetune_replay] ep  49/90 | train loss=0.0005 top1=1.000 | val loss=0.0010 | t=0.1s
[finetune_replay] ep  50/90 | train loss=0.0005 top1=1.000 | val loss=0.0010 | t=0.1s
[finetune_replay] ep  51/90 | train loss=0.0006 top1=1.000 | val loss=0.0010 | t=0.1s  *
[finetune_replay] ep  52/90 | train loss=0.0006 top1=1.000 | val loss=0.0010 | t=0.1s
[finetune_replay] ep  53/90 | train loss=0.0006 top1=1.000 | val loss=0.0010 | t=0.1s  *
[finetune_replay] ep  54/90 | train loss=0.0007 top1=1.000 | val loss=0.0010 | t=0.1s
[finetune_replay] ep  55/90 | train loss=0.0005 top1=1.000 | val loss=0.0010 | t=0.1s
[finetune_replay] ep  56/90 | train loss=0.0005 top1=1.000 | val loss=0.0010 | t=0.1s
[finetune_replay] ep  57/90 | train loss=0.0005 top1=1.000 | val loss=0.0010 | t=0.1s
[finetune_replay] ep  58/90 | train loss=0.0006 top1=1.000 | val loss=0.0010 | t=0.1s
[finetune_replay] ep  59/90 | train loss=0.0005 top1=1.000 | val loss=0.0010 | t=0.1s
[finetune_replay] ep  60/90 | train loss=0.0005 top1=1.000 | val loss=0.0010 | t=0.1s  *
[finetune_replay] ep  61/90 | train loss=0.0004 top1=1.000 | val loss=0.0010 | t=0.1s  *
[finetune_replay] ep  62/90 | train loss=0.0005 top1=1.000 | val loss=0.0010 | t=0.1s  *
[finetune_replay] ep  63/90 | train loss=0.0005 top1=1.000 | val loss=0.0010 | t=0.1s  *
[finetune_replay] ep  64/90 | train loss=0.0005 top1=1.000 | val loss=0.0010 | t=0.1s  *
[finetune_replay] ep  65/90 | train loss=0.0005 top1=1.000 | val loss=0.0009 | t=0.1s  *
[finetune_replay] ep  66/90 | train loss=0.0006 top1=1.000 | val loss=0.0009 | t=0.1s  *
[finetune_replay] ep  67/90 | train loss=0.0005 top1=1.000 | val loss=0.0009 | t=0.1s
[finetune_replay] ep  68/90 | train loss=0.0005 top1=1.000 | val loss=0.0009 | t=0.1s
[finetune_replay] ep  69/90 | train loss=0.0005 top1=1.000 | val loss=0.0010 | t=0.1s
[finetune_replay] ep  70/90 | train loss=0.0005 top1=1.000 | val loss=0.0010 | t=0.1s
[finetune_replay] ep  71/90 | train loss=0.0005 top1=1.000 | val loss=0.0010 | t=0.1s
[finetune_replay] ep  72/90 | train loss=0.0005 top1=1.000 | val loss=0.0010 | t=0.1s
[finetune_replay] ep  73/90 | train loss=0.0007 top1=1.000 | val loss=0.0010 | t=0.1s
[finetune_replay] ep  74/90 | train loss=0.0005 top1=1.000 | val loss=0.0010 | t=0.1s
[finetune_replay] ep  75/90 | train loss=0.0005 top1=1.000 | val loss=0.0010 | t=0.1s
[finetune_replay] ep  76/90 | train loss=0.0005 top1=1.000 | val loss=0.0010 | t=0.1s
[finetune_replay] ep  77/90 | train loss=0.0005 top1=1.000 | val loss=0.0010 | t=0.1s
[finetune_replay] ep  78/90 | train loss=0.0006 top1=1.000 | val loss=0.0010 | t=0.1s
[finetune_replay] ep  79/90 | train loss=0.0005 top1=1.000 | val loss=0.0010 | t=0.1s
[finetune_replay] ep  80/90 | train loss=0.0005 top1=1.000 | val loss=0.0010 | t=0.1s
[finetune_replay] ep  81/90 | train loss=0.0005 top1=1.000 | val loss=0.0009 | t=0.1s
[finetune_replay] ep  82/90 | train loss=0.0006 top1=1.000 | val loss=0.0009 | t=0.1s
[finetune_replay] ep  83/90 | train loss=0.0008 top1=1.000 | val loss=0.0009 | t=0.1s
[finetune_replay] ep  84/90 | train loss=0.0006 top1=1.000 | val loss=0.0010 | t=0.1s
[finetune_replay] ep  85/90 | train loss=0.0005 top1=1.000 | val loss=0.0009 | t=0.1s
[finetune_replay] ep  86/90 | train loss=0.0005 top1=1.000 | val loss=0.0009 | t=0.1s
[finetune_replay] ep  87/90 | train loss=0.0005 top1=1.000 | val loss=0.0010 | t=0.1s
[finetune_replay] ep  88/90 | train loss=0.0004 top1=1.000 | val loss=0.0009 | t=0.1s
[finetune_replay] ep  89/90 | train loss=0.0006 top1=1.000 | val loss=0.0010 | t=0.1s
[finetune_replay] ep  90/90 | train loss=0.0006 top1=1.000 | val loss=0.0009 | t=0.1s
[finetune_replay] DONE best_val_loss=0.0009 @ epoch 66
[15:10:18] [iil-baseline] round 8: heldout_sr=0.840

--------------------------------------------------------------------------------
THRIFTY_DAGGER ROUND 9  (remaining budget = 7)
--------------------------------------------------------------------------------
[15:10:31] [iil-baseline] round 9: pool=20 successes=16 failures=4 correction_sr=0.800
[15:10:31] [iil-baseline] round 9: picked=1 saved=1 cum_extras=9/15
[15:10:31] [uncertainty] member 0: $ /home/s226137394/.conda/envs/maze/bin/python3 -u -m Equivariant_pathway.equivariant_CNN_hybrid.baseline_vs_p4.pool_x_selector.trainer.finetune_replay --demo_dir /weka/s226137394/DmNfull/Equivariant_pathway/equivariant_CNN_hybrid/baseline_vs_p4/pool_x_selector/results/run_9/thrifty_dagger/demos --checkpoint_dir /weka/s226137394/DmNfull/Equivariant_pathway/equivariant_CNN_hybrid/baseline_vs_p4/pool_x_selector/results/run_9/thrifty_dagger/checkpoints/member_0 --epochs 90 --batch_size 64 --lr 5e-05 --weight_decay 0.0001 --replay_mix 0.5 --replay_mix_floor 0.2 --seed 9 --resume --new_demos_dir /weka/s226137394/DmNfull/Equivariant_pathway/equivariant_CNN_hybrid/baseline_vs_p4/pool_x_selector/results/run_9/thrifty_dagger/demos/round_009
[finetune_replay] device=cuda demo_dir=/weka/s226137394/DmNfull/Equivariant_pathway/equivariant_CNN_hybrid/baseline_vs_p4/pool_x_selector/results/run_9/thrifty_dagger/demos new_demos_dir=/weka/s226137394/DmNfull/Equivariant_pathway/equivariant_CNN_hybrid/baseline_vs_p4/pool_x_selector/results/run_9/thrifty_dagger/demos/round_009
[hybrid-dataset] 28 demos -> 136 samples
[hybrid-dataset] 1 demos -> 7 samples
[finetune_replay] sampler audit: {'n_old_samples': 136, 'n_new_samples': 7, 'replay_mix_target': 0.5, 'replay_mix_effective': 0.5, 'replay_mix_floor': 0.2}
[finetune_replay] trainable params: 1,400,028
[finetune_replay] WARM START from last_hybrid_policy.pth
[finetune_replay] ep   1/90 | train loss=0.2882 top1=0.899 | val loss=0.0025 | t=0.9s  *
[finetune_replay] ep   2/90 | train loss=0.0876 top1=1.000 | val loss=0.0086 | t=0.2s
[finetune_replay] ep   3/90 | train loss=0.0445 top1=1.000 | val loss=0.0071 | t=0.2s
[finetune_replay] ep   4/90 | train loss=0.0238 top1=1.000 | val loss=0.0083 | t=0.1s
[finetune_replay] ep   5/90 | train loss=0.0139 top1=1.000 | val loss=0.0126 | t=0.1s
[finetune_replay] ep   6/90 | train loss=0.0085 top1=1.000 | val loss=0.0172 | t=0.2s
[finetune_replay] ep   7/90 | train loss=0.0062 top1=1.000 | val loss=0.0104 | t=0.1s
[finetune_replay] ep   8/90 | train loss=0.0083 top1=1.000 | val loss=0.0039 | t=0.2s
[finetune_replay] ep   9/90 | train loss=0.0064 top1=1.000 | val loss=0.0039 | t=0.1s
[finetune_replay] ep  10/90 | train loss=0.0043 top1=1.000 | val loss=0.0045 | t=0.1s
[finetune_replay] ep  11/90 | train loss=0.0042 top1=1.000 | val loss=0.0042 | t=0.1s
[finetune_replay] ep  12/90 | train loss=0.0049 top1=1.000 | val loss=0.0033 | t=0.1s
[finetune_replay] ep  13/90 | train loss=0.0033 top1=1.000 | val loss=0.0031 | t=0.1s
[finetune_replay] ep  14/90 | train loss=0.0039 top1=1.000 | val loss=0.0045 | t=0.1s
[finetune_replay] ep  15/90 | train loss=0.0035 top1=1.000 | val loss=0.0115 | t=0.1s
[finetune_replay] ep  16/90 | train loss=0.0035 top1=1.000 | val loss=0.0054 | t=0.1s
[finetune_replay] ep  17/90 | train loss=0.0032 top1=1.000 | val loss=0.0030 | t=0.2s
[finetune_replay] ep  18/90 | train loss=0.0038 top1=1.000 | val loss=0.0055 | t=0.2s
[finetune_replay] ep  19/90 | train loss=0.0043 top1=1.000 | val loss=0.0034 | t=0.2s
[finetune_replay] ep  20/90 | train loss=0.0026 top1=1.000 | val loss=0.0027 | t=0.1s
[finetune_replay] ep  21/90 | train loss=0.0022 top1=1.000 | val loss=0.0021 | t=0.1s  *
[finetune_replay] ep  22/90 | train loss=0.0015 top1=1.000 | val loss=0.0021 | t=0.1s
[finetune_replay] ep  23/90 | train loss=0.0014 top1=1.000 | val loss=0.0029 | t=0.1s
[finetune_replay] ep  24/90 | train loss=0.0010 top1=1.000 | val loss=0.0045 | t=0.1s
[finetune_replay] ep  25/90 | train loss=0.0021 top1=1.000 | val loss=0.0042 | t=0.1s
[finetune_replay] ep  26/90 | train loss=0.0029 top1=1.000 | val loss=0.0022 | t=0.1s
[finetune_replay] ep  27/90 | train loss=0.0018 top1=1.000 | val loss=0.0061 | t=0.1s
[finetune_replay] ep  28/90 | train loss=0.0022 top1=1.000 | val loss=0.0041 | t=0.1s
[finetune_replay] ep  29/90 | train loss=0.0018 top1=1.000 | val loss=0.0019 | t=0.1s  *
[finetune_replay] ep  30/90 | train loss=0.0016 top1=1.000 | val loss=0.0013 | t=0.1s  *
[finetune_replay] ep  31/90 | train loss=0.0014 top1=1.000 | val loss=0.0013 | t=0.1s  *
[finetune_replay] ep  32/90 | train loss=0.0015 top1=1.000 | val loss=0.0013 | t=0.1s
[finetune_replay] ep  33/90 | train loss=0.0012 top1=1.000 | val loss=0.0012 | t=0.1s  *
[finetune_replay] ep  34/90 | train loss=0.0013 top1=1.000 | val loss=0.0012 | t=0.1s
[finetune_replay] ep  35/90 | train loss=0.0015 top1=1.000 | val loss=0.0015 | t=0.1s
[finetune_replay] ep  36/90 | train loss=0.0010 top1=1.000 | val loss=0.0017 | t=0.1s
[finetune_replay] ep  37/90 | train loss=0.0014 top1=1.000 | val loss=0.0018 | t=0.1s
[finetune_replay] ep  38/90 | train loss=0.0009 top1=1.000 | val loss=0.0016 | t=0.1s
[finetune_replay] ep  39/90 | train loss=0.0009 top1=1.000 | val loss=0.0015 | t=0.1s
[finetune_replay] ep  40/90 | train loss=0.0013 top1=1.000 | val loss=0.0015 | t=0.1s
[finetune_replay] ep  41/90 | train loss=0.0008 top1=1.000 | val loss=0.0016 | t=0.1s
[finetune_replay] ep  42/90 | train loss=0.0010 top1=1.000 | val loss=0.0018 | t=0.1s
[finetune_replay] ep  43/90 | train loss=0.0008 top1=1.000 | val loss=0.0018 | t=0.1s
[finetune_replay] ep  44/90 | train loss=0.0011 top1=1.000 | val loss=0.0015 | t=0.1s
[finetune_replay] ep  45/90 | train loss=0.0009 top1=1.000 | val loss=0.0014 | t=0.1s
[finetune_replay] ep  46/90 | train loss=0.0009 top1=1.000 | val loss=0.0014 | t=0.1s
[finetune_replay] ep  47/90 | train loss=0.0010 top1=1.000 | val loss=0.0013 | t=0.1s
[finetune_replay] ep  48/90 | train loss=0.0009 top1=1.000 | val loss=0.0013 | t=0.1s
[finetune_replay] ep  49/90 | train loss=0.0009 top1=1.000 | val loss=0.0012 | t=0.1s  *
[finetune_replay] ep  50/90 | train loss=0.0008 top1=1.000 | val loss=0.0011 | t=0.1s  *
[finetune_replay] ep  51/90 | train loss=0.0007 top1=1.000 | val loss=0.0011 | t=0.1s  *
[finetune_replay] ep  52/90 | train loss=0.0009 top1=1.000 | val loss=0.0011 | t=0.1s
[finetune_replay] ep  53/90 | train loss=0.0008 top1=1.000 | val loss=0.0011 | t=0.1s
[finetune_replay] ep  54/90 | train loss=0.0008 top1=1.000 | val loss=0.0011 | t=0.1s
[finetune_replay] ep  55/90 | train loss=0.0008 top1=1.000 | val loss=0.0011 | t=0.1s
[finetune_replay] ep  56/90 | train loss=0.0007 top1=1.000 | val loss=0.0011 | t=0.1s  *
[finetune_replay] ep  57/90 | train loss=0.0010 top1=1.000 | val loss=0.0011 | t=0.1s
[finetune_replay] ep  58/90 | train loss=0.0008 top1=1.000 | val loss=0.0011 | t=0.1s
[finetune_replay] ep  59/90 | train loss=0.0007 top1=1.000 | val loss=0.0011 | t=0.2s  *
[finetune_replay] ep  60/90 | train loss=0.0008 top1=1.000 | val loss=0.0011 | t=0.1s
[finetune_replay] ep  61/90 | train loss=0.0008 top1=1.000 | val loss=0.0011 | t=0.1s
[finetune_replay] ep  62/90 | train loss=0.0006 top1=1.000 | val loss=0.0012 | t=0.1s
[finetune_replay] ep  63/90 | train loss=0.0006 top1=1.000 | val loss=0.0011 | t=0.1s
[finetune_replay] ep  64/90 | train loss=0.0010 top1=1.000 | val loss=0.0011 | t=0.1s
[finetune_replay] ep  65/90 | train loss=0.0007 top1=1.000 | val loss=0.0011 | t=0.1s
[finetune_replay] ep  66/90 | train loss=0.0008 top1=1.000 | val loss=0.0011 | t=0.1s
[finetune_replay] ep  67/90 | train loss=0.0006 top1=1.000 | val loss=0.0010 | t=0.1s  *
[finetune_replay] ep  68/90 | train loss=0.0007 top1=1.000 | val loss=0.0011 | t=0.1s
[finetune_replay] ep  69/90 | train loss=0.0007 top1=1.000 | val loss=0.0011 | t=0.1s
[finetune_replay] ep  70/90 | train loss=0.0008 top1=1.000 | val loss=0.0011 | t=0.2s
[finetune_replay] ep  71/90 | train loss=0.0007 top1=1.000 | val loss=0.0011 | t=0.1s
[finetune_replay] ep  72/90 | train loss=0.0009 top1=1.000 | val loss=0.0011 | t=0.1s
[finetune_replay] ep  73/90 | train loss=0.0007 top1=1.000 | val loss=0.0011 | t=0.1s
[finetune_replay] ep  74/90 | train loss=0.0007 top1=1.000 | val loss=0.0010 | t=0.2s  *
[finetune_replay] ep  75/90 | train loss=0.0008 top1=1.000 | val loss=0.0010 | t=0.2s
[finetune_replay] ep  76/90 | train loss=0.0007 top1=1.000 | val loss=0.0010 | t=0.1s  *
[finetune_replay] ep  77/90 | train loss=0.0006 top1=1.000 | val loss=0.0010 | t=0.1s
[finetune_replay] ep  78/90 | train loss=0.0006 top1=1.000 | val loss=0.0010 | t=0.1s
[finetune_replay] ep  79/90 | train loss=0.0007 top1=1.000 | val loss=0.0010 | t=0.2s  *
[finetune_replay] ep  80/90 | train loss=0.0008 top1=1.000 | val loss=0.0010 | t=0.1s
[finetune_replay] ep  81/90 | train loss=0.0009 top1=1.000 | val loss=0.0010 | t=0.2s
[finetune_replay] ep  82/90 | train loss=0.0007 top1=1.000 | val loss=0.0010 | t=0.1s
[finetune_replay] ep  83/90 | train loss=0.0006 top1=1.000 | val loss=0.0010 | t=0.1s
[finetune_replay] ep  84/90 | train loss=0.0009 top1=1.000 | val loss=0.0010 | t=0.1s
[finetune_replay] ep  85/90 | train loss=0.0007 top1=1.000 | val loss=0.0010 | t=0.1s  *
[finetune_replay] ep  86/90 | train loss=0.0008 top1=1.000 | val loss=0.0010 | t=0.1s  *
[finetune_replay] ep  87/90 | train loss=0.0007 top1=1.000 | val loss=0.0010 | t=0.1s  *
[finetune_replay] ep  88/90 | train loss=0.0008 top1=1.000 | val loss=0.0010 | t=0.1s  *
[finetune_replay] ep  89/90 | train loss=0.0007 top1=1.000 | val loss=0.0009 | t=0.1s  *
[finetune_replay] ep  90/90 | train loss=0.0007 top1=1.000 | val loss=0.0009 | t=0.1s
[finetune_replay] DONE best_val_loss=0.0009 @ epoch 89
[15:10:59] [uncertainty] member 1: $ /home/s226137394/.conda/envs/maze/bin/python3 -u -m Equivariant_pathway.equivariant_CNN_hybrid.baseline_vs_p4.pool_x_selector.trainer.finetune_replay --demo_dir /weka/s226137394/DmNfull/Equivariant_pathway/equivariant_CNN_hybrid/baseline_vs_p4/pool_x_selector/results/run_9/thrifty_dagger/demos --checkpoint_dir /weka/s226137394/DmNfull/Equivariant_pathway/equivariant_CNN_hybrid/baseline_vs_p4/pool_x_selector/results/run_9/thrifty_dagger/checkpoints/member_1 --epochs 90 --batch_size 64 --lr 5e-05 --weight_decay 0.0001 --replay_mix 0.5 --replay_mix_floor 0.2 --seed 110 --resume --new_demos_dir /weka/s226137394/DmNfull/Equivariant_pathway/equivariant_CNN_hybrid/baseline_vs_p4/pool_x_selector/results/run_9/thrifty_dagger/demos/round_009
[finetune_replay] device=cuda demo_dir=/weka/s226137394/DmNfull/Equivariant_pathway/equivariant_CNN_hybrid/baseline_vs_p4/pool_x_selector/results/run_9/thrifty_dagger/demos new_demos_dir=/weka/s226137394/DmNfull/Equivariant_pathway/equivariant_CNN_hybrid/baseline_vs_p4/pool_x_selector/results/run_9/thrifty_dagger/demos/round_009
[hybrid-dataset] 28 demos -> 136 samples
[hybrid-dataset] 1 demos -> 7 samples
[finetune_replay] sampler audit: {'n_old_samples': 136, 'n_new_samples': 7, 'replay_mix_target': 0.5, 'replay_mix_effective': 0.5, 'replay_mix_floor': 0.2}
[finetune_replay] trainable params: 1,400,028
[finetune_replay] WARM START from last_hybrid_policy.pth
[finetune_replay] ep   1/90 | train loss=0.2093 top1=1.000 | val loss=0.0752 | t=0.9s  *
[finetune_replay] ep   2/90 | train loss=0.0886 top1=1.000 | val loss=0.2041 | t=0.2s
[finetune_replay] ep   3/90 | train loss=0.0472 top1=1.000 | val loss=0.1399 | t=0.1s
[finetune_replay] ep   4/90 | train loss=0.0203 top1=1.000 | val loss=0.1090 | t=0.2s
[finetune_replay] ep   5/90 | train loss=0.0090 top1=1.000 | val loss=0.0623 | t=0.1s  *
[finetune_replay] ep   6/90 | train loss=0.0096 top1=1.000 | val loss=0.0897 | t=0.1s
[finetune_replay] ep   7/90 | train loss=0.0066 top1=1.000 | val loss=0.0920 | t=0.1s
[finetune_replay] ep   8/90 | train loss=0.0048 top1=1.000 | val loss=0.0580 | t=0.1s  *
[finetune_replay] ep   9/90 | train loss=0.0033 top1=1.000 | val loss=0.0538 | t=0.1s  *
[finetune_replay] ep  10/90 | train loss=0.0043 top1=1.000 | val loss=0.0530 | t=0.1s  *
[finetune_replay] ep  11/90 | train loss=0.0031 top1=1.000 | val loss=0.0779 | t=0.1s
[finetune_replay] ep  12/90 | train loss=0.0026 top1=1.000 | val loss=0.1324 | t=0.1s
[finetune_replay] ep  13/90 | train loss=0.0017 top1=1.000 | val loss=0.1153 | t=0.1s
[finetune_replay] ep  14/90 | train loss=0.0036 top1=1.000 | val loss=0.0438 | t=0.1s  *
[finetune_replay] ep  15/90 | train loss=0.0029 top1=1.000 | val loss=0.0346 | t=0.1s  *
[finetune_replay] ep  16/90 | train loss=0.0021 top1=1.000 | val loss=0.0836 | t=0.2s
[finetune_replay] ep  17/90 | train loss=0.0024 top1=1.000 | val loss=0.1052 | t=0.1s
[finetune_replay] ep  18/90 | train loss=0.0020 top1=1.000 | val loss=0.0797 | t=0.1s
[finetune_replay] ep  19/90 | train loss=0.0014 top1=1.000 | val loss=0.0510 | t=0.1s
[finetune_replay] ep  20/90 | train loss=0.0013 top1=1.000 | val loss=0.0538 | t=0.1s
[finetune_replay] ep  21/90 | train loss=0.0011 top1=1.000 | val loss=0.0829 | t=0.1s
[finetune_replay] ep  22/90 | train loss=0.0012 top1=1.000 | val loss=0.1157 | t=0.1s
[finetune_replay] ep  23/90 | train loss=0.0014 top1=1.000 | val loss=0.0632 | t=0.1s
[finetune_replay] ep  24/90 | train loss=0.0019 top1=1.000 | val loss=0.0480 | t=0.1s
[finetune_replay] ep  25/90 | train loss=0.0096 top1=1.000 | val loss=0.1734 | t=0.1s
[finetune_replay] ep  26/90 | train loss=0.0028 top1=1.000 | val loss=0.2643 | t=0.1s
[finetune_replay] ep  27/90 | train loss=0.0014 top1=1.000 | val loss=0.0705 | t=0.1s
[finetune_replay] ep  28/90 | train loss=0.0035 top1=1.000 | val loss=0.0965 | t=0.1s
[finetune_replay] ep  29/90 | train loss=0.0023 top1=1.000 | val loss=0.1633 | t=0.1s
[finetune_replay] ep  30/90 | train loss=0.0015 top1=1.000 | val loss=0.2545 | t=0.1s
[finetune_replay] ep  31/90 | train loss=0.0011 top1=1.000 | val loss=0.2727 | t=0.1s
[finetune_replay] ep  32/90 | train loss=0.0012 top1=1.000 | val loss=0.2376 | t=0.1s
[finetune_replay] ep  33/90 | train loss=0.0013 top1=1.000 | val loss=0.1126 | t=0.1s
[finetune_replay] ep  34/90 | train loss=0.0025 top1=1.000 | val loss=0.1049 | t=0.1s
[finetune_replay] ep  35/90 | train loss=0.0013 top1=1.000 | val loss=0.1150 | t=0.1s
[finetune_replay] ep  36/90 | train loss=0.0010 top1=1.000 | val loss=0.1197 | t=0.1s
[finetune_replay] ep  37/90 | train loss=0.0009 top1=1.000 | val loss=0.1239 | t=0.1s
[finetune_replay] ep  38/90 | train loss=0.0013 top1=1.000 | val loss=0.1391 | t=0.1s
[finetune_replay] ep  39/90 | train loss=0.0009 top1=1.000 | val loss=0.1336 | t=0.1s
[finetune_replay] ep  40/90 | train loss=0.0009 top1=1.000 | val loss=0.1236 | t=0.1s
[finetune_replay] ep  41/90 | train loss=0.0008 top1=1.000 | val loss=0.1149 | t=0.1s
[finetune_replay] ep  42/90 | train loss=0.0008 top1=1.000 | val loss=0.1122 | t=0.1s
[finetune_replay] ep  43/90 | train loss=0.0007 top1=1.000 | val loss=0.1054 | t=0.1s
[finetune_replay] ep  44/90 | train loss=0.0010 top1=1.000 | val loss=0.1142 | t=0.1s
[finetune_replay] ep  45/90 | train loss=0.0005 top1=1.000 | val loss=0.1152 | t=0.1s
[finetune_replay] ep  46/90 | train loss=0.0008 top1=1.000 | val loss=0.1137 | t=0.1s
[finetune_replay] ep  47/90 | train loss=0.0008 top1=1.000 | val loss=0.1218 | t=0.1s
[finetune_replay] ep  48/90 | train loss=0.0007 top1=1.000 | val loss=0.1241 | t=0.2s
[finetune_replay] ep  49/90 | train loss=0.0008 top1=1.000 | val loss=0.1407 | t=0.2s
[finetune_replay] ep  50/90 | train loss=0.0006 top1=1.000 | val loss=0.1806 | t=0.1s
[finetune_replay] ep  51/90 | train loss=0.0006 top1=1.000 | val loss=0.1922 | t=0.1s
[finetune_replay] ep  52/90 | train loss=0.0008 top1=1.000 | val loss=0.1936 | t=0.1s
[finetune_replay] ep  53/90 | train loss=0.0007 top1=1.000 | val loss=0.1803 | t=0.1s
[finetune_replay] ep  54/90 | train loss=0.0006 top1=1.000 | val loss=0.1670 | t=0.1s
[finetune_replay] ep  55/90 | train loss=0.0005 top1=1.000 | val loss=0.1498 | t=0.1s
[finetune_replay] ep  56/90 | train loss=0.0006 top1=1.000 | val loss=0.1355 | t=0.1s
[finetune_replay] ep  57/90 | train loss=0.0006 top1=1.000 | val loss=0.1404 | t=0.1s
[finetune_replay] ep  58/90 | train loss=0.0005 top1=1.000 | val loss=0.1348 | t=0.1s
[finetune_replay] ep  59/90 | train loss=0.0006 top1=1.000 | val loss=0.1296 | t=0.1s
[finetune_replay] ep  60/90 | train loss=0.0006 top1=1.000 | val loss=0.1368 | t=0.1s
[finetune_replay] ep  61/90 | train loss=0.0007 top1=1.000 | val loss=0.1325 | t=0.1s
[finetune_replay] ep  62/90 | train loss=0.0007 top1=1.000 | val loss=0.1431 | t=0.1s
[finetune_replay] ep  63/90 | train loss=0.0005 top1=1.000 | val loss=0.1543 | t=0.1s
[finetune_replay] ep  64/90 | train loss=0.0006 top1=1.000 | val loss=0.1690 | t=0.1s
[finetune_replay] ep  65/90 | train loss=0.0006 top1=1.000 | val loss=0.1863 | t=0.1s
[finetune_replay] ep  66/90 | train loss=0.0006 top1=1.000 | val loss=0.1884 | t=0.1s
[finetune_replay] ep  67/90 | train loss=0.0007 top1=1.000 | val loss=0.1826 | t=0.1s
[finetune_replay] ep  68/90 | train loss=0.0006 top1=1.000 | val loss=0.1750 | t=0.1s
[finetune_replay] ep  69/90 | train loss=0.0006 top1=1.000 | val loss=0.1563 | t=0.1s
[finetune_replay] ep  70/90 | train loss=0.0005 top1=1.000 | val loss=0.1334 | t=0.1s
[finetune_replay] ep  71/90 | train loss=0.0006 top1=1.000 | val loss=0.1254 | t=0.1s
[finetune_replay] ep  72/90 | train loss=0.0006 top1=1.000 | val loss=0.1331 | t=0.1s
[finetune_replay] ep  73/90 | train loss=0.0007 top1=1.000 | val loss=0.1423 | t=0.1s
[finetune_replay] ep  74/90 | train loss=0.0007 top1=1.000 | val loss=0.1504 | t=0.1s
[finetune_replay] ep  75/90 | train loss=0.0006 top1=1.000 | val loss=0.1610 | t=0.1s
[finetune_replay] ep  76/90 | train loss=0.0008 top1=1.000 | val loss=0.1592 | t=0.1s
[finetune_replay] ep  77/90 | train loss=0.0006 top1=1.000 | val loss=0.1528 | t=0.1s
[finetune_replay] ep  78/90 | train loss=0.0007 top1=1.000 | val loss=0.1472 | t=0.1s
[finetune_replay] ep  79/90 | train loss=0.0007 top1=1.000 | val loss=0.1489 | t=0.1s
[finetune_replay] ep  80/90 | train loss=0.0006 top1=1.000 | val loss=0.1535 | t=0.1s
[finetune_replay] ep  81/90 | train loss=0.0006 top1=1.000 | val loss=0.1541 | t=0.1s
[finetune_replay] ep  82/90 | train loss=0.0006 top1=1.000 | val loss=0.1499 | t=0.1s
[finetune_replay] ep  83/90 | train loss=0.0005 top1=1.000 | val loss=0.1522 | t=0.1s
[finetune_replay] ep  84/90 | train loss=0.0006 top1=1.000 | val loss=0.1520 | t=0.1s
[finetune_replay] ep  85/90 | train loss=0.0006 top1=1.000 | val loss=0.1505 | t=0.1s
[finetune_replay] ep  86/90 | train loss=0.0005 top1=1.000 | val loss=0.1514 | t=0.1s
[finetune_replay] ep  87/90 | train loss=0.0006 top1=1.000 | val loss=0.1566 | t=0.1s
[finetune_replay] ep  88/90 | train loss=0.0006 top1=1.000 | val loss=0.1530 | t=0.1s
[finetune_replay] ep  89/90 | train loss=0.0006 top1=1.000 | val loss=0.1561 | t=0.1s
[finetune_replay] ep  90/90 | train loss=0.0005 top1=1.000 | val loss=0.1553 | t=0.1s
[finetune_replay] DONE best_val_loss=0.0346 @ epoch 15
[15:11:26] [uncertainty] member 2: $ /home/s226137394/.conda/envs/maze/bin/python3 -u -m Equivariant_pathway.equivariant_CNN_hybrid.baseline_vs_p4.pool_x_selector.trainer.finetune_replay --demo_dir /weka/s226137394/DmNfull/Equivariant_pathway/equivariant_CNN_hybrid/baseline_vs_p4/pool_x_selector/results/run_9/thrifty_dagger/demos --checkpoint_dir /weka/s226137394/DmNfull/Equivariant_pathway/equivariant_CNN_hybrid/baseline_vs_p4/pool_x_selector/results/run_9/thrifty_dagger/checkpoints/member_2 --epochs 90 --batch_size 64 --lr 5e-05 --weight_decay 0.0001 --replay_mix 0.5 --replay_mix_floor 0.2 --seed 211 --resume --new_demos_dir /weka/s226137394/DmNfull/Equivariant_pathway/equivariant_CNN_hybrid/baseline_vs_p4/pool_x_selector/results/run_9/thrifty_dagger/demos/round_009
[finetune_replay] device=cuda demo_dir=/weka/s226137394/DmNfull/Equivariant_pathway/equivariant_CNN_hybrid/baseline_vs_p4/pool_x_selector/results/run_9/thrifty_dagger/demos new_demos_dir=/weka/s226137394/DmNfull/Equivariant_pathway/equivariant_CNN_hybrid/baseline_vs_p4/pool_x_selector/results/run_9/thrifty_dagger/demos/round_009
[hybrid-dataset] 28 demos -> 136 samples
[hybrid-dataset] 1 demos -> 7 samples
[finetune_replay] sampler audit: {'n_old_samples': 136, 'n_new_samples': 7, 'replay_mix_target': 0.5, 'replay_mix_effective': 0.5, 'replay_mix_floor': 0.2}
[finetune_replay] trainable params: 1,400,028
[finetune_replay] WARM START from last_hybrid_policy.pth
[finetune_replay] ep   1/90 | train loss=0.2998 top1=1.000 | val loss=0.0560 | t=0.9s  *
[finetune_replay] ep   2/90 | train loss=0.1906 top1=1.000 | val loss=0.0690 | t=0.1s
[finetune_replay] ep   3/90 | train loss=0.0864 top1=1.000 | val loss=0.0818 | t=0.2s
[finetune_replay] ep   4/90 | train loss=0.0443 top1=1.000 | val loss=0.0430 | t=0.1s  *
[finetune_replay] ep   5/90 | train loss=0.0379 top1=1.000 | val loss=0.0240 | t=0.1s  *
[finetune_replay] ep   6/90 | train loss=0.0143 top1=1.000 | val loss=0.0177 | t=0.1s  *
[finetune_replay] ep   7/90 | train loss=0.0185 top1=1.000 | val loss=0.0113 | t=0.2s  *
[finetune_replay] ep   8/90 | train loss=0.0091 top1=1.000 | val loss=0.0305 | t=0.1s
[finetune_replay] ep   9/90 | train loss=0.0236 top1=1.000 | val loss=0.0071 | t=0.1s  *
[finetune_replay] ep  10/90 | train loss=0.0064 top1=1.000 | val loss=0.0066 | t=0.1s  *
[finetune_replay] ep  11/90 | train loss=0.0066 top1=1.000 | val loss=0.0108 | t=0.1s
[finetune_replay] ep  12/90 | train loss=0.0070 top1=1.000 | val loss=0.0126 | t=0.1s
[finetune_replay] ep  13/90 | train loss=0.0054 top1=1.000 | val loss=0.0136 | t=0.1s
[finetune_replay] ep  14/90 | train loss=0.0047 top1=1.000 | val loss=0.0139 | t=0.1s
[finetune_replay] ep  15/90 | train loss=0.0049 top1=1.000 | val loss=0.0092 | t=0.2s
[finetune_replay] ep  16/90 | train loss=0.0028 top1=1.000 | val loss=0.0083 | t=0.1s
[finetune_replay] ep  17/90 | train loss=0.0028 top1=1.000 | val loss=0.0086 | t=0.1s
[finetune_replay] ep  18/90 | train loss=0.0021 top1=1.000 | val loss=0.0077 | t=0.1s
[finetune_replay] ep  19/90 | train loss=0.0025 top1=1.000 | val loss=0.0072 | t=0.1s
[finetune_replay] ep  20/90 | train loss=0.0021 top1=1.000 | val loss=0.0068 | t=0.1s
[finetune_replay] ep  21/90 | train loss=0.0023 top1=1.000 | val loss=0.0062 | t=0.1s  *
[finetune_replay] ep  22/90 | train loss=0.0019 top1=1.000 | val loss=0.0057 | t=0.1s  *
[finetune_replay] ep  23/90 | train loss=0.0018 top1=1.000 | val loss=0.0075 | t=0.1s
[finetune_replay] ep  24/90 | train loss=0.0017 top1=1.000 | val loss=0.0091 | t=0.1s
[finetune_replay] ep  25/90 | train loss=0.0017 top1=1.000 | val loss=0.0086 | t=0.1s
[finetune_replay] ep  26/90 | train loss=0.0023 top1=1.000 | val loss=0.0055 | t=0.1s  *
[finetune_replay] ep  27/90 | train loss=0.0018 top1=1.000 | val loss=0.0077 | t=0.1s
[finetune_replay] ep  28/90 | train loss=0.0017 top1=1.000 | val loss=0.0195 | t=0.1s
[finetune_replay] ep  29/90 | train loss=0.0038 top1=1.000 | val loss=0.0153 | t=0.1s
[finetune_replay] ep  30/90 | train loss=0.0016 top1=1.000 | val loss=0.0118 | t=0.1s
[finetune_replay] ep  31/90 | train loss=0.0020 top1=1.000 | val loss=0.0088 | t=0.1s
[finetune_replay] ep  32/90 | train loss=0.0026 top1=1.000 | val loss=0.0091 | t=0.1s
[finetune_replay] ep  33/90 | train loss=0.0015 top1=1.000 | val loss=0.0122 | t=0.1s
[finetune_replay] ep  34/90 | train loss=0.0021 top1=1.000 | val loss=0.0144 | t=0.1s
[finetune_replay] ep  35/90 | train loss=0.0016 top1=1.000 | val loss=0.0076 | t=0.1s
[finetune_replay] ep  36/90 | train loss=0.0013 top1=1.000 | val loss=0.0038 | t=0.1s  *
[finetune_replay] ep  37/90 | train loss=0.0029 top1=1.000 | val loss=0.0038 | t=0.1s
[finetune_replay] ep  38/90 | train loss=0.0016 top1=1.000 | val loss=0.0052 | t=0.1s
[finetune_replay] ep  39/90 | train loss=0.0015 top1=1.000 | val loss=0.0061 | t=0.1s
[finetune_replay] ep  40/90 | train loss=0.0011 top1=1.000 | val loss=0.0083 | t=0.1s
[finetune_replay] ep  41/90 | train loss=0.0013 top1=1.000 | val loss=0.0121 | t=0.1s
[finetune_replay] ep  42/90 | train loss=0.0011 top1=1.000 | val loss=0.0146 | t=0.1s
[finetune_replay] ep  43/90 | train loss=0.0014 top1=1.000 | val loss=0.0112 | t=0.1s
[finetune_replay] ep  44/90 | train loss=0.0011 top1=1.000 | val loss=0.0072 | t=0.1s
[finetune_replay] ep  45/90 | train loss=0.0010 top1=1.000 | val loss=0.0050 | t=0.1s
[finetune_replay] ep  46/90 | train loss=0.0010 top1=1.000 | val loss=0.0059 | t=0.1s
[finetune_replay] ep  47/90 | train loss=0.0028 top1=1.000 | val loss=0.0059 | t=0.1s
[finetune_replay] ep  48/90 | train loss=0.0018 top1=1.000 | val loss=0.0061 | t=0.1s
[finetune_replay] ep  49/90 | train loss=0.0011 top1=1.000 | val loss=0.0073 | t=0.1s
[finetune_replay] ep  50/90 | train loss=0.0009 top1=1.000 | val loss=0.0094 | t=0.1s
[finetune_replay] ep  51/90 | train loss=0.0009 top1=1.000 | val loss=0.0095 | t=0.1s
[finetune_replay] ep  52/90 | train loss=0.0011 top1=1.000 | val loss=0.0093 | t=0.1s
[finetune_replay] ep  53/90 | train loss=0.0008 top1=1.000 | val loss=0.0073 | t=0.1s
[finetune_replay] ep  54/90 | train loss=0.0008 top1=1.000 | val loss=0.0060 | t=0.1s
[finetune_replay] ep  55/90 | train loss=0.0011 top1=1.000 | val loss=0.0056 | t=0.1s
[finetune_replay] ep  56/90 | train loss=0.0008 top1=1.000 | val loss=0.0059 | t=0.1s
[finetune_replay] ep  57/90 | train loss=0.0009 top1=1.000 | val loss=0.0059 | t=0.1s
[finetune_replay] ep  58/90 | train loss=0.0009 top1=1.000 | val loss=0.0059 | t=0.2s
[finetune_replay] ep  59/90 | train loss=0.0009 top1=1.000 | val loss=0.0062 | t=0.1s
[finetune_replay] ep  60/90 | train loss=0.0008 top1=1.000 | val loss=0.0057 | t=0.1s
[finetune_replay] ep  61/90 | train loss=0.0008 top1=1.000 | val loss=0.0055 | t=0.1s
[finetune_replay] ep  62/90 | train loss=0.0007 top1=1.000 | val loss=0.0055 | t=0.1s
[finetune_replay] ep  63/90 | train loss=0.0009 top1=1.000 | val loss=0.0050 | t=0.1s
[finetune_replay] ep  64/90 | train loss=0.0010 top1=1.000 | val loss=0.0049 | t=0.1s
[finetune_replay] ep  65/90 | train loss=0.0008 top1=1.000 | val loss=0.0043 | t=0.1s
[finetune_replay] ep  66/90 | train loss=0.0008 top1=1.000 | val loss=0.0040 | t=0.1s
[finetune_replay] ep  67/90 | train loss=0.0009 top1=1.000 | val loss=0.0041 | t=0.1s
[finetune_replay] ep  68/90 | train loss=0.0008 top1=1.000 | val loss=0.0041 | t=0.1s
[finetune_replay] ep  69/90 | train loss=0.0008 top1=1.000 | val loss=0.0046 | t=0.1s
[finetune_replay] ep  70/90 | train loss=0.0008 top1=1.000 | val loss=0.0044 | t=0.1s
[finetune_replay] ep  71/90 | train loss=0.0008 top1=1.000 | val loss=0.0044 | t=0.1s
[finetune_replay] ep  72/90 | train loss=0.0008 top1=1.000 | val loss=0.0042 | t=0.1s
[finetune_replay] ep  73/90 | train loss=0.0008 top1=1.000 | val loss=0.0042 | t=0.1s
[finetune_replay] ep  74/90 | train loss=0.0009 top1=1.000 | val loss=0.0046 | t=0.1s
[finetune_replay] ep  75/90 | train loss=0.0009 top1=1.000 | val loss=0.0047 | t=0.1s
[finetune_replay] ep  76/90 | train loss=0.0008 top1=1.000 | val loss=0.0047 | t=0.1s
[finetune_replay] ep  77/90 | train loss=0.0008 top1=1.000 | val loss=0.0045 | t=0.1s
[finetune_replay] ep  78/90 | train loss=0.0008 top1=1.000 | val loss=0.0048 | t=0.1s
[finetune_replay] ep  79/90 | train loss=0.0007 top1=1.000 | val loss=0.0049 | t=0.1s
[finetune_replay] ep  80/90 | train loss=0.0009 top1=1.000 | val loss=0.0052 | t=0.1s
[finetune_replay] ep  81/90 | train loss=0.0007 top1=1.000 | val loss=0.0050 | t=0.1s
[finetune_replay] ep  82/90 | train loss=0.0009 top1=1.000 | val loss=0.0050 | t=0.1s
[finetune_replay] ep  83/90 | train loss=0.0008 top1=1.000 | val loss=0.0052 | t=0.1s
[finetune_replay] ep  84/90 | train loss=0.0009 top1=1.000 | val loss=0.0045 | t=0.1s
[finetune_replay] ep  85/90 | train loss=0.0007 top1=1.000 | val loss=0.0045 | t=0.1s
[finetune_replay] ep  86/90 | train loss=0.0006 top1=1.000 | val loss=0.0042 | t=0.1s
[finetune_replay] ep  87/90 | train loss=0.0007 top1=1.000 | val loss=0.0046 | t=0.1s
[finetune_replay] ep  88/90 | train loss=0.0008 top1=1.000 | val loss=0.0049 | t=0.1s
[finetune_replay] ep  89/90 | train loss=0.0008 top1=1.000 | val loss=0.0054 | t=0.1s
[finetune_replay] ep  90/90 | train loss=0.0007 top1=1.000 | val loss=0.0052 | t=0.1s
[finetune_replay] DONE best_val_loss=0.0038 @ epoch 36
[15:11:54] [uncertainty] member 3: $ /home/s226137394/.conda/envs/maze/bin/python3 -u -m Equivariant_pathway.equivariant_CNN_hybrid.baseline_vs_p4.pool_x_selector.trainer.finetune_replay --demo_dir /weka/s226137394/DmNfull/Equivariant_pathway/equivariant_CNN_hybrid/baseline_vs_p4/pool_x_selector/results/run_9/thrifty_dagger/demos --checkpoint_dir /weka/s226137394/DmNfull/Equivariant_pathway/equivariant_CNN_hybrid/baseline_vs_p4/pool_x_selector/results/run_9/thrifty_dagger/checkpoints/member_3 --epochs 90 --batch_size 64 --lr 5e-05 --weight_decay 0.0001 --replay_mix 0.5 --replay_mix_floor 0.2 --seed 312 --resume --new_demos_dir /weka/s226137394/DmNfull/Equivariant_pathway/equivariant_CNN_hybrid/baseline_vs_p4/pool_x_selector/results/run_9/thrifty_dagger/demos/round_009
[finetune_replay] device=cuda demo_dir=/weka/s226137394/DmNfull/Equivariant_pathway/equivariant_CNN_hybrid/baseline_vs_p4/pool_x_selector/results/run_9/thrifty_dagger/demos new_demos_dir=/weka/s226137394/DmNfull/Equivariant_pathway/equivariant_CNN_hybrid/baseline_vs_p4/pool_x_selector/results/run_9/thrifty_dagger/demos/round_009
[hybrid-dataset] 28 demos -> 136 samples
[hybrid-dataset] 1 demos -> 7 samples
[finetune_replay] sampler audit: {'n_old_samples': 136, 'n_new_samples': 7, 'replay_mix_target': 0.5, 'replay_mix_effective': 0.5, 'replay_mix_floor': 0.2}
[finetune_replay] trainable params: 1,400,028
[finetune_replay] WARM START from last_hybrid_policy.pth
[finetune_replay] ep   1/90 | train loss=0.1964 top1=1.000 | val loss=0.0031 | t=0.8s  *
[finetune_replay] ep   2/90 | train loss=0.1031 top1=0.992 | val loss=0.0053 | t=0.2s
[finetune_replay] ep   3/90 | train loss=0.0450 top1=0.992 | val loss=0.0035 | t=0.1s
[finetune_replay] ep   4/90 | train loss=0.0301 top1=0.992 | val loss=0.0037 | t=0.1s
[finetune_replay] ep   5/90 | train loss=0.0121 top1=1.000 | val loss=0.0036 | t=0.1s
[finetune_replay] ep   6/90 | train loss=0.0104 top1=1.000 | val loss=0.0055 | t=0.1s
[finetune_replay] ep   7/90 | train loss=0.0079 top1=1.000 | val loss=0.0080 | t=0.1s
[finetune_replay] ep   8/90 | train loss=0.0062 top1=1.000 | val loss=0.0077 | t=0.2s
[finetune_replay] ep   9/90 | train loss=0.0045 top1=1.000 | val loss=0.0075 | t=0.1s
[finetune_replay] ep  10/90 | train loss=0.0034 top1=1.000 | val loss=0.0071 | t=0.1s
[finetune_replay] ep  11/90 | train loss=0.0035 top1=1.000 | val loss=0.0074 | t=0.1s
[finetune_replay] ep  12/90 | train loss=0.0073 top1=1.000 | val loss=0.0065 | t=0.2s
[finetune_replay] ep  13/90 | train loss=0.0039 top1=1.000 | val loss=0.0057 | t=0.1s
[finetune_replay] ep  14/90 | train loss=0.0040 top1=1.000 | val loss=0.0052 | t=0.1s
[finetune_replay] ep  15/90 | train loss=0.0027 top1=1.000 | val loss=0.0054 | t=0.1s
[finetune_replay] ep  16/90 | train loss=0.0031 top1=1.000 | val loss=0.0059 | t=0.1s
[finetune_replay] ep  17/90 | train loss=0.0026 top1=1.000 | val loss=0.0068 | t=0.1s
[finetune_replay] ep  18/90 | train loss=0.0021 top1=1.000 | val loss=0.0069 | t=0.1s
[finetune_replay] ep  19/90 | train loss=0.0015 top1=1.000 | val loss=0.0067 | t=0.1s
[finetune_replay] ep  20/90 | train loss=0.0030 top1=1.000 | val loss=0.0057 | t=0.1s
[finetune_replay] ep  21/90 | train loss=0.0015 top1=1.000 | val loss=0.0048 | t=0.1s
[finetune_replay] ep  22/90 | train loss=0.0013 top1=1.000 | val loss=0.0046 | t=0.1s
[finetune_replay] ep  23/90 | train loss=0.0013 top1=1.000 | val loss=0.0047 | t=0.1s
[finetune_replay] ep  24/90 | train loss=0.0013 top1=1.000 | val loss=0.0047 | t=0.1s
[finetune_replay] ep  25/90 | train loss=0.0012 top1=1.000 | val loss=0.0046 | t=0.1s
[finetune_replay] ep  26/90 | train loss=0.0015 top1=1.000 | val loss=0.0049 | t=0.1s
[finetune_replay] ep  27/90 | train loss=0.0013 top1=1.000 | val loss=0.0056 | t=0.1s
[finetune_replay] ep  28/90 | train loss=0.0013 top1=1.000 | val loss=0.0056 | t=0.1s
[finetune_replay] ep  29/90 | train loss=0.0011 top1=1.000 | val loss=0.0054 | t=0.1s
[finetune_replay] ep  30/90 | train loss=0.0010 top1=1.000 | val loss=0.0056 | t=0.1s
[finetune_replay] ep  31/90 | train loss=0.0012 top1=1.000 | val loss=0.0057 | t=0.1s
[finetune_replay] ep  32/90 | train loss=0.0011 top1=1.000 | val loss=0.0056 | t=0.1s
[finetune_replay] ep  33/90 | train loss=0.0012 top1=1.000 | val loss=0.0056 | t=0.1s
[finetune_replay] ep  34/90 | train loss=0.0016 top1=1.000 | val loss=0.0046 | t=0.1s
[finetune_replay] ep  35/90 | train loss=0.0014 top1=1.000 | val loss=0.0044 | t=0.1s
[finetune_replay] ep  36/90 | train loss=0.0008 top1=1.000 | val loss=0.0046 | t=0.1s
[finetune_replay] ep  37/90 | train loss=0.0009 top1=1.000 | val loss=0.0050 | t=0.1s
[finetune_replay] ep  38/90 | train loss=0.0010 top1=1.000 | val loss=0.0048 | t=0.2s
[finetune_replay] ep  39/90 | train loss=0.0015 top1=1.000 | val loss=0.0045 | t=0.2s
[finetune_replay] ep  40/90 | train loss=0.0010 top1=1.000 | val loss=0.0043 | t=0.1s
[finetune_replay] ep  41/90 | train loss=0.0012 top1=1.000 | val loss=0.0042 | t=0.1s
[finetune_replay] ep  42/90 | train loss=0.0009 top1=1.000 | val loss=0.0049 | t=0.2s
[finetune_replay] ep  43/90 | train loss=0.0014 top1=1.000 | val loss=0.0051 | t=0.1s
[finetune_replay] ep  44/90 | train loss=0.0011 top1=1.000 | val loss=0.0054 | t=0.1s
[finetune_replay] ep  45/90 | train loss=0.0007 top1=1.000 | val loss=0.0053 | t=0.2s
[finetune_replay] ep  46/90 | train loss=0.0012 top1=1.000 | val loss=0.0050 | t=0.2s
[finetune_replay] ep  47/90 | train loss=0.0009 top1=1.000 | val loss=0.0052 | t=0.2s
[finetune_replay] ep  48/90 | train loss=0.0011 top1=1.000 | val loss=0.0060 | t=0.1s
[finetune_replay] ep  49/90 | train loss=0.0024 top1=1.000 | val loss=0.0043 | t=0.1s
[finetune_replay] ep  50/90 | train loss=0.0008 top1=1.000 | val loss=0.0040 | t=0.2s
[finetune_replay] ep  51/90 | train loss=0.0013 top1=1.000 | val loss=0.0040 | t=0.1s
[finetune_replay] ep  52/90 | train loss=0.0009 top1=1.000 | val loss=0.0045 | t=0.2s
[finetune_replay] ep  53/90 | train loss=0.0011 top1=1.000 | val loss=0.0042 | t=0.1s
[finetune_replay] ep  54/90 | train loss=0.0010 top1=1.000 | val loss=0.0041 | t=0.1s
[finetune_replay] ep  55/90 | train loss=0.0011 top1=1.000 | val loss=0.0034 | t=0.1s
[finetune_replay] ep  56/90 | train loss=0.0011 top1=1.000 | val loss=0.0044 | t=0.2s
[finetune_replay] ep  57/90 | train loss=0.0012 top1=1.000 | val loss=0.0059 | t=0.1s
[finetune_replay] ep  58/90 | train loss=0.0012 top1=1.000 | val loss=0.0051 | t=0.1s
[finetune_replay] ep  59/90 | train loss=0.0014 top1=1.000 | val loss=0.0032 | t=0.1s
[finetune_replay] ep  60/90 | train loss=0.0011 top1=1.000 | val loss=0.0031 | t=0.1s  *
[finetune_replay] ep  61/90 | train loss=0.0009 top1=1.000 | val loss=0.0037 | t=0.2s
[finetune_replay] ep  62/90 | train loss=0.0011 top1=1.000 | val loss=0.0038 | t=0.1s
[finetune_replay] ep  63/90 | train loss=0.0008 top1=1.000 | val loss=0.0040 | t=0.2s
[finetune_replay] ep  64/90 | train loss=0.0011 top1=1.000 | val loss=0.0039 | t=0.2s
[finetune_replay] ep  65/90 | train loss=0.0006 top1=1.000 | val loss=0.0038 | t=0.2s
[finetune_replay] ep  66/90 | train loss=0.0008 top1=1.000 | val loss=0.0037 | t=0.2s
[finetune_replay] ep  67/90 | train loss=0.0011 top1=1.000 | val loss=0.0038 | t=0.2s
[finetune_replay] ep  68/90 | train loss=0.0008 top1=1.000 | val loss=0.0037 | t=0.1s
[finetune_replay] ep  69/90 | train loss=0.0008 top1=1.000 | val loss=0.0035 | t=0.2s
[finetune_replay] ep  70/90 | train loss=0.0005 top1=1.000 | val loss=0.0035 | t=0.2s
[finetune_replay] ep  71/90 | train loss=0.0008 top1=1.000 | val loss=0.0035 | t=0.2s
[finetune_replay] ep  72/90 | train loss=0.0007 top1=1.000 | val loss=0.0035 | t=0.2s
[finetune_replay] ep  73/90 | train loss=0.0009 top1=1.000 | val loss=0.0034 | t=0.2s
[finetune_replay] ep  74/90 | train loss=0.0014 top1=1.000 | val loss=0.0034 | t=0.2s
[finetune_replay] ep  75/90 | train loss=0.0010 top1=1.000 | val loss=0.0033 | t=0.1s
[finetune_replay] ep  76/90 | train loss=0.0009 top1=1.000 | val loss=0.0035 | t=0.2s
[finetune_replay] ep  77/90 | train loss=0.0012 top1=1.000 | val loss=0.0035 | t=0.2s
[finetune_replay] ep  78/90 | train loss=0.0007 top1=1.000 | val loss=0.0035 | t=0.2s
[finetune_replay] ep  79/90 | train loss=0.0007 top1=1.000 | val loss=0.0034 | t=0.1s
[finetune_replay] ep  80/90 | train loss=0.0008 top1=1.000 | val loss=0.0035 | t=0.2s
[finetune_replay] ep  81/90 | train loss=0.0007 top1=1.000 | val loss=0.0035 | t=0.1s
[finetune_replay] ep  82/90 | train loss=0.0009 top1=1.000 | val loss=0.0035 | t=0.2s
[finetune_replay] ep  83/90 | train loss=0.0008 top1=1.000 | val loss=0.0034 | t=0.1s
[finetune_replay] ep  84/90 | train loss=0.0008 top1=1.000 | val loss=0.0033 | t=0.2s
[finetune_replay] ep  85/90 | train loss=0.0007 top1=1.000 | val loss=0.0032 | t=0.1s
[finetune_replay] ep  86/90 | train loss=0.0008 top1=1.000 | val loss=0.0032 | t=0.1s
[finetune_replay] ep  87/90 | train loss=0.0006 top1=1.000 | val loss=0.0034 | t=0.2s
[finetune_replay] ep  88/90 | train loss=0.0007 top1=1.000 | val loss=0.0034 | t=0.1s
[finetune_replay] ep  89/90 | train loss=0.0009 top1=1.000 | val loss=0.0033 | t=0.2s
[finetune_replay] ep  90/90 | train loss=0.0008 top1=1.000 | val loss=0.0035 | t=0.2s
[finetune_replay] DONE best_val_loss=0.0031 @ epoch 60
[15:12:22] [uncertainty] member 4: $ /home/s226137394/.conda/envs/maze/bin/python3 -u -m Equivariant_pathway.equivariant_CNN_hybrid.baseline_vs_p4.pool_x_selector.trainer.finetune_replay --demo_dir /weka/s226137394/DmNfull/Equivariant_pathway/equivariant_CNN_hybrid/baseline_vs_p4/pool_x_selector/results/run_9/thrifty_dagger/demos --checkpoint_dir /weka/s226137394/DmNfull/Equivariant_pathway/equivariant_CNN_hybrid/baseline_vs_p4/pool_x_selector/results/run_9/thrifty_dagger/checkpoints/member_4 --epochs 90 --batch_size 64 --lr 5e-05 --weight_decay 0.0001 --replay_mix 0.5 --replay_mix_floor 0.2 --seed 413 --resume --new_demos_dir /weka/s226137394/DmNfull/Equivariant_pathway/equivariant_CNN_hybrid/baseline_vs_p4/pool_x_selector/results/run_9/thrifty_dagger/demos/round_009
[finetune_replay] device=cuda demo_dir=/weka/s226137394/DmNfull/Equivariant_pathway/equivariant_CNN_hybrid/baseline_vs_p4/pool_x_selector/results/run_9/thrifty_dagger/demos new_demos_dir=/weka/s226137394/DmNfull/Equivariant_pathway/equivariant_CNN_hybrid/baseline_vs_p4/pool_x_selector/results/run_9/thrifty_dagger/demos/round_009
[hybrid-dataset] 28 demos -> 136 samples
[hybrid-dataset] 1 demos -> 7 samples
[finetune_replay] sampler audit: {'n_old_samples': 136, 'n_new_samples': 7, 'replay_mix_target': 0.5, 'replay_mix_effective': 0.5, 'replay_mix_floor': 0.2}
[finetune_replay] trainable params: 1,400,028
[finetune_replay] WARM START from last_hybrid_policy.pth
[finetune_replay] ep   1/90 | train loss=0.3250 top1=0.868 | val loss=0.0014 | t=0.9s  *
[finetune_replay] ep   2/90 | train loss=0.0647 top1=1.000 | val loss=0.0247 | t=0.3s
[finetune_replay] ep   3/90 | train loss=0.0872 top1=1.000 | val loss=0.0126 | t=0.1s
[finetune_replay] ep   4/90 | train loss=0.0282 top1=1.000 | val loss=0.0109 | t=0.2s
[finetune_replay] ep   5/90 | train loss=0.0230 top1=1.000 | val loss=0.0385 | t=0.1s
[finetune_replay] ep   6/90 | train loss=0.0158 top1=1.000 | val loss=0.0328 | t=0.1s
[finetune_replay] ep   7/90 | train loss=0.0090 top1=1.000 | val loss=0.0160 | t=0.1s
[finetune_replay] ep   8/90 | train loss=0.0111 top1=1.000 | val loss=0.0136 | t=0.1s
[finetune_replay] ep   9/90 | train loss=0.0092 top1=1.000 | val loss=0.0304 | t=0.1s
[finetune_replay] ep  10/90 | train loss=0.0068 top1=1.000 | val loss=0.0356 | t=0.1s
[finetune_replay] ep  11/90 | train loss=0.0058 top1=1.000 | val loss=0.0369 | t=0.2s
[finetune_replay] ep  12/90 | train loss=0.0054 top1=1.000 | val loss=0.0445 | t=0.1s
[finetune_replay] ep  13/90 | train loss=0.0052 top1=1.000 | val loss=0.0420 | t=0.1s
[finetune_replay] ep  14/90 | train loss=0.0041 top1=1.000 | val loss=0.0305 | t=0.1s
[finetune_replay] ep  15/90 | train loss=0.0050 top1=1.000 | val loss=0.0156 | t=0.1s
[finetune_replay] ep  16/90 | train loss=0.0052 top1=1.000 | val loss=0.0142 | t=0.1s
[finetune_replay] ep  17/90 | train loss=0.0030 top1=1.000 | val loss=0.0388 | t=0.1s
[finetune_replay] ep  18/90 | train loss=0.0033 top1=1.000 | val loss=0.0418 | t=0.1s
[finetune_replay] ep  19/90 | train loss=0.0046 top1=1.000 | val loss=0.0154 | t=0.1s
[finetune_replay] ep  20/90 | train loss=0.0022 top1=1.000 | val loss=0.0063 | t=0.1s
[finetune_replay] ep  21/90 | train loss=0.0022 top1=1.000 | val loss=0.0069 | t=0.1s
[finetune_replay] ep  22/90 | train loss=0.0019 top1=1.000 | val loss=0.0115 | t=0.1s
[finetune_replay] ep  23/90 | train loss=0.0022 top1=1.000 | val loss=0.0326 | t=0.1s
[finetune_replay] ep  24/90 | train loss=0.0049 top1=1.000 | val loss=0.0200 | t=0.1s
[finetune_replay] ep  25/90 | train loss=0.0030 top1=1.000 | val loss=0.0083 | t=0.1s
[finetune_replay] ep  26/90 | train loss=0.0015 top1=1.000 | val loss=0.0057 | t=0.1s
[finetune_replay] ep  27/90 | train loss=0.0025 top1=1.000 | val loss=0.0074 | t=0.1s
[finetune_replay] ep  28/90 | train loss=0.0032 top1=1.000 | val loss=0.0073 | t=0.1s
[finetune_replay] ep  29/90 | train loss=0.0024 top1=1.000 | val loss=0.0083 | t=0.1s
[finetune_replay] ep  30/90 | train loss=0.0019 top1=1.000 | val loss=0.0074 | t=0.1s
[finetune_replay] ep  31/90 | train loss=0.0019 top1=1.000 | val loss=0.0059 | t=0.1s
[finetune_replay] ep  32/90 | train loss=0.0017 top1=1.000 | val loss=0.0054 | t=0.1s
[finetune_replay] ep  33/90 | train loss=0.0017 top1=1.000 | val loss=0.0065 | t=0.1s
[finetune_replay] ep  34/90 | train loss=0.0014 top1=1.000 | val loss=0.0075 | t=0.1s
[finetune_replay] ep  35/90 | train loss=0.0013 top1=1.000 | val loss=0.0095 | t=0.1s
[finetune_replay] ep  36/90 | train loss=0.0012 top1=1.000 | val loss=0.0132 | t=0.1s
[finetune_replay] ep  37/90 | train loss=0.0016 top1=1.000 | val loss=0.0146 | t=0.1s
[finetune_replay] ep  38/90 | train loss=0.0011 top1=1.000 | val loss=0.0135 | t=0.1s
[finetune_replay] ep  39/90 | train loss=0.0011 top1=1.000 | val loss=0.0122 | t=0.1s
[finetune_replay] ep  40/90 | train loss=0.0012 top1=1.000 | val loss=0.0100 | t=0.1s
[finetune_replay] ep  41/90 | train loss=0.0009 top1=1.000 | val loss=0.0079 | t=0.1s
[finetune_replay] ep  42/90 | train loss=0.0011 top1=1.000 | val loss=0.0068 | t=0.1s
[finetune_replay] ep  43/90 | train loss=0.0013 top1=1.000 | val loss=0.0077 | t=0.1s
[finetune_replay] ep  44/90 | train loss=0.0013 top1=1.000 | val loss=0.0088 | t=0.1s
[finetune_replay] ep  45/90 | train loss=0.0009 top1=1.000 | val loss=0.0111 | t=0.1s
[finetune_replay] ep  46/90 | train loss=0.0011 top1=1.000 | val loss=0.0119 | t=0.1s
[finetune_replay] ep  47/90 | train loss=0.0011 top1=1.000 | val loss=0.0131 | t=0.1s
[finetune_replay] ep  48/90 | train loss=0.0010 top1=1.000 | val loss=0.0140 | t=0.1s
[finetune_replay] ep  49/90 | train loss=0.0011 top1=1.000 | val loss=0.0150 | t=0.1s
[finetune_replay] ep  50/90 | train loss=0.0011 top1=1.000 | val loss=0.0151 | t=0.1s
[finetune_replay] ep  51/90 | train loss=0.0010 top1=1.000 | val loss=0.0119 | t=0.1s
[finetune_replay] ep  52/90 | train loss=0.0009 top1=1.000 | val loss=0.0049 | t=0.2s
[finetune_replay] ep  53/90 | train loss=0.0009 top1=1.000 | val loss=0.0036 | t=0.1s
[finetune_replay] ep  54/90 | train loss=0.0012 top1=1.000 | val loss=0.0041 | t=0.1s
[finetune_replay] ep  55/90 | train loss=0.0017 top1=1.000 | val loss=0.0067 | t=0.1s
[finetune_replay] ep  56/90 | train loss=0.0011 top1=1.000 | val loss=0.0107 | t=0.1s
[finetune_replay] ep  57/90 | train loss=0.0010 top1=1.000 | val loss=0.0132 | t=0.1s
[finetune_replay] ep  58/90 | train loss=0.0010 top1=1.000 | val loss=0.0127 | t=0.1s
[finetune_replay] ep  59/90 | train loss=0.0008 top1=1.000 | val loss=0.0122 | t=0.1s
[finetune_replay] ep  60/90 | train loss=0.0008 top1=1.000 | val loss=0.0110 | t=0.2s
[finetune_replay] ep  61/90 | train loss=0.0008 top1=1.000 | val loss=0.0108 | t=0.1s
[finetune_replay] ep  62/90 | train loss=0.0007 top1=1.000 | val loss=0.0118 | t=0.1s
[finetune_replay] ep  63/90 | train loss=0.0007 top1=1.000 | val loss=0.0123 | t=0.1s
[finetune_replay] ep  64/90 | train loss=0.0008 top1=1.000 | val loss=0.0134 | t=0.1s
[finetune_replay] ep  65/90 | train loss=0.0008 top1=1.000 | val loss=0.0139 | t=0.1s
[finetune_replay] ep  66/90 | train loss=0.0007 top1=1.000 | val loss=0.0143 | t=0.2s
[finetune_replay] ep  67/90 | train loss=0.0007 top1=1.000 | val loss=0.0134 | t=0.1s
[finetune_replay] ep  68/90 | train loss=0.0008 top1=1.000 | val loss=0.0128 | t=0.1s
[finetune_replay] ep  69/90 | train loss=0.0008 top1=1.000 | val loss=0.0142 | t=0.1s
[finetune_replay] ep  70/90 | train loss=0.0008 top1=1.000 | val loss=0.0133 | t=0.1s
[finetune_replay] ep  71/90 | train loss=0.0008 top1=1.000 | val loss=0.0131 | t=0.1s
[finetune_replay] ep  72/90 | train loss=0.0007 top1=1.000 | val loss=0.0124 | t=0.1s
[finetune_replay] ep  73/90 | train loss=0.0007 top1=1.000 | val loss=0.0122 | t=0.1s
[finetune_replay] ep  74/90 | train loss=0.0007 top1=1.000 | val loss=0.0125 | t=0.1s
[finetune_replay] ep  75/90 | train loss=0.0008 top1=1.000 | val loss=0.0137 | t=0.1s
[finetune_replay] ep  76/90 | train loss=0.0008 top1=1.000 | val loss=0.0135 | t=0.1s
[finetune_replay] ep  77/90 | train loss=0.0006 top1=1.000 | val loss=0.0140 | t=0.1s
[finetune_replay] ep  78/90 | train loss=0.0008 top1=1.000 | val loss=0.0137 | t=0.1s
[finetune_replay] ep  79/90 | train loss=0.0007 top1=1.000 | val loss=0.0130 | t=0.1s
[finetune_replay] ep  80/90 | train loss=0.0007 top1=1.000 | val loss=0.0133 | t=0.1s
[finetune_replay] ep  81/90 | train loss=0.0007 top1=1.000 | val loss=0.0154 | t=0.2s
[finetune_replay] ep  82/90 | train loss=0.0007 top1=1.000 | val loss=0.0151 | t=0.1s
[finetune_replay] ep  83/90 | train loss=0.0008 top1=1.000 | val loss=0.0150 | t=0.1s
[finetune_replay] ep  84/90 | train loss=0.0008 top1=1.000 | val loss=0.0143 | t=0.1s
[finetune_replay] ep  85/90 | train loss=0.0009 top1=1.000 | val loss=0.0134 | t=0.1s
[finetune_replay] ep  86/90 | train loss=0.0007 top1=1.000 | val loss=0.0148 | t=0.1s
[finetune_replay] ep  87/90 | train loss=0.0008 top1=1.000 | val loss=0.0158 | t=0.2s
[finetune_replay] ep  88/90 | train loss=0.0007 top1=1.000 | val loss=0.0164 | t=0.2s
[finetune_replay] ep  89/90 | train loss=0.0008 top1=1.000 | val loss=0.0157 | t=0.1s
[finetune_replay] ep  90/90 | train loss=0.0007 top1=1.000 | val loss=0.0148 | t=0.1s
[finetune_replay] DONE best_val_loss=0.0014 @ epoch 1
[15:13:22] [iil-baseline] round 9: heldout_sr=0.815

--------------------------------------------------------------------------------
THRIFTY_DAGGER ROUND 10  (remaining budget = 6)
--------------------------------------------------------------------------------
[15:13:34] [iil-baseline] round 10: pool=20 successes=17 failures=3 correction_sr=0.850
[15:13:34] [iil-baseline] round 10: picked=1 saved=1 cum_extras=10/15
[15:13:34] [uncertainty] member 0: $ /home/s226137394/.conda/envs/maze/bin/python3 -u -m Equivariant_pathway.equivariant_CNN_hybrid.baseline_vs_p4.pool_x_selector.trainer.finetune_replay --demo_dir /weka/s226137394/DmNfull/Equivariant_pathway/equivariant_CNN_hybrid/baseline_vs_p4/pool_x_selector/results/run_9/thrifty_dagger/demos --checkpoint_dir /weka/s226137394/DmNfull/Equivariant_pathway/equivariant_CNN_hybrid/baseline_vs_p4/pool_x_selector/results/run_9/thrifty_dagger/checkpoints/member_0 --epochs 90 --batch_size 64 --lr 5e-05 --weight_decay 0.0001 --replay_mix 0.5 --replay_mix_floor 0.2 --seed 9 --resume --new_demos_dir /weka/s226137394/DmNfull/Equivariant_pathway/equivariant_CNN_hybrid/baseline_vs_p4/pool_x_selector/results/run_9/thrifty_dagger/demos/round_010
[finetune_replay] device=cuda demo_dir=/weka/s226137394/DmNfull/Equivariant_pathway/equivariant_CNN_hybrid/baseline_vs_p4/pool_x_selector/results/run_9/thrifty_dagger/demos new_demos_dir=/weka/s226137394/DmNfull/Equivariant_pathway/equivariant_CNN_hybrid/baseline_vs_p4/pool_x_selector/results/run_9/thrifty_dagger/demos/round_010
[hybrid-dataset] 29 demos -> 143 samples
[hybrid-dataset] 1 demos -> 4 samples
[finetune_replay] sampler audit: {'n_old_samples': 143, 'n_new_samples': 4, 'replay_mix_target': 0.5, 'replay_mix_effective': 0.5, 'replay_mix_floor': 0.2}
[finetune_replay] trainable params: 1,400,028
[finetune_replay] WARM START from last_hybrid_policy.pth
[finetune_replay] ep   1/90 | train loss=0.2811 top1=0.880 | val loss=0.1038 | t=1.2s  *
[finetune_replay] ep   2/90 | train loss=0.0588 top1=1.000 | val loss=0.0066 | t=0.1s  *
[finetune_replay] ep   3/90 | train loss=0.0132 top1=1.000 | val loss=0.0150 | t=0.1s
[finetune_replay] ep   4/90 | train loss=0.0075 top1=1.000 | val loss=0.0089 | t=0.1s
[finetune_replay] ep   5/90 | train loss=0.0044 top1=1.000 | val loss=0.0125 | t=0.1s
[finetune_replay] ep   6/90 | train loss=0.0061 top1=1.000 | val loss=0.0072 | t=0.2s
[finetune_replay] ep   7/90 | train loss=0.0049 top1=1.000 | val loss=0.0034 | t=0.1s  *
[finetune_replay] ep   8/90 | train loss=0.0045 top1=1.000 | val loss=0.0105 | t=0.1s
[finetune_replay] ep   9/90 | train loss=0.0029 top1=1.000 | val loss=0.0388 | t=0.1s
[finetune_replay] ep  10/90 | train loss=0.0063 top1=1.000 | val loss=0.0121 | t=0.1s
[finetune_replay] ep  11/90 | train loss=0.0029 top1=1.000 | val loss=0.0025 | t=0.1s  *
[finetune_replay] ep  12/90 | train loss=0.0029 top1=1.000 | val loss=0.0036 | t=0.1s
[finetune_replay] ep  13/90 | train loss=0.0021 top1=1.000 | val loss=0.0057 | t=0.1s
[finetune_replay] ep  14/90 | train loss=0.0018 top1=1.000 | val loss=0.0118 | t=0.2s
[finetune_replay] ep  15/90 | train loss=0.0013 top1=1.000 | val loss=0.0170 | t=0.1s
[finetune_replay] ep  16/90 | train loss=0.0010 top1=1.000 | val loss=0.0204 | t=0.1s
[finetune_replay] ep  17/90 | train loss=0.0025 top1=1.000 | val loss=0.0085 | t=0.1s
[finetune_replay] ep  18/90 | train loss=0.0009 top1=1.000 | val loss=0.0046 | t=0.1s
[finetune_replay] ep  19/90 | train loss=0.0008 top1=1.000 | val loss=0.0032 | t=0.1s
[finetune_replay] ep  20/90 | train loss=0.0010 top1=1.000 | val loss=0.0034 | t=0.1s
[finetune_replay] ep  21/90 | train loss=0.0008 top1=1.000 | val loss=0.0036 | t=0.1s
[finetune_replay] ep  22/90 | train loss=0.0008 top1=1.000 | val loss=0.0045 | t=0.1s
[finetune_replay] ep  23/90 | train loss=0.0007 top1=1.000 | val loss=0.0058 | t=0.1s
[finetune_replay] ep  24/90 | train loss=0.0007 top1=1.000 | val loss=0.0068 | t=0.2s
[finetune_replay] ep  25/90 | train loss=0.0007 top1=1.000 | val loss=0.0073 | t=0.1s
[finetune_replay] ep  26/90 | train loss=0.0006 top1=1.000 | val loss=0.0076 | t=0.1s
[finetune_replay] ep  27/90 | train loss=0.0006 top1=1.000 | val loss=0.0070 | t=0.1s
[finetune_replay] ep  28/90 | train loss=0.0005 top1=1.000 | val loss=0.0067 | t=0.1s
[finetune_replay] ep  29/90 | train loss=0.0006 top1=1.000 | val loss=0.0066 | t=0.1s
[finetune_replay] ep  30/90 | train loss=0.0007 top1=1.000 | val loss=0.0068 | t=0.1s
[finetune_replay] ep  31/90 | train loss=0.0007 top1=1.000 | val loss=0.0068 | t=0.1s
[finetune_replay] ep  32/90 | train loss=0.0007 top1=1.000 | val loss=0.0063 | t=0.1s
[finetune_replay] ep  33/90 | train loss=0.0006 top1=1.000 | val loss=0.0067 | t=0.1s
[finetune_replay] ep  34/90 | train loss=0.0005 top1=1.000 | val loss=0.0073 | t=0.1s
[finetune_replay] ep  35/90 | train loss=0.0005 top1=1.000 | val loss=0.0084 | t=0.1s
[finetune_replay] ep  36/90 | train loss=0.0004 top1=1.000 | val loss=0.0085 | t=0.1s
[finetune_replay] ep  37/90 | train loss=0.0006 top1=1.000 | val loss=0.0068 | t=0.1s
[finetune_replay] ep  38/90 | train loss=0.0006 top1=1.000 | val loss=0.0048 | t=0.1s
[finetune_replay] ep  39/90 | train loss=0.0006 top1=1.000 | val loss=0.0042 | t=0.1s
[finetune_replay] ep  40/90 | train loss=0.0005 top1=1.000 | val loss=0.0049 | t=0.2s
[finetune_replay] ep  41/90 | train loss=0.0004 top1=1.000 | val loss=0.0053 | t=0.1s
[finetune_replay] ep  42/90 | train loss=0.0005 top1=1.000 | val loss=0.0065 | t=0.1s
[finetune_replay] ep  43/90 | train loss=0.0005 top1=1.000 | val loss=0.0074 | t=0.1s
[finetune_replay] ep  44/90 | train loss=0.0006 top1=1.000 | val loss=0.0071 | t=0.1s
[finetune_replay] ep  45/90 | train loss=0.0005 top1=1.000 | val loss=0.0070 | t=0.1s
[finetune_replay] ep  46/90 | train loss=0.0005 top1=1.000 | val loss=0.0068 | t=0.1s
[finetune_replay] ep  47/90 | train loss=0.0005 top1=1.000 | val loss=0.0068 | t=0.1s
[finetune_replay] ep  48/90 | train loss=0.0005 top1=1.000 | val loss=0.0064 | t=0.1s
[finetune_replay] ep  49/90 | train loss=0.0005 top1=1.000 | val loss=0.0059 | t=0.1s
[finetune_replay] ep  50/90 | train loss=0.0006 top1=1.000 | val loss=0.0058 | t=0.1s
[finetune_replay] ep  51/90 | train loss=0.0005 top1=1.000 | val loss=0.0055 | t=0.1s
[finetune_replay] ep  52/90 | train loss=0.0004 top1=1.000 | val loss=0.0058 | t=0.1s
[finetune_replay] ep  53/90 | train loss=0.0004 top1=1.000 | val loss=0.0057 | t=0.1s
[finetune_replay] ep  54/90 | train loss=0.0005 top1=1.000 | val loss=0.0054 | t=0.1s
[finetune_replay] ep  55/90 | train loss=0.0005 top1=1.000 | val loss=0.0054 | t=0.1s
[finetune_replay] ep  56/90 | train loss=0.0004 top1=1.000 | val loss=0.0055 | t=0.1s
[finetune_replay] ep  57/90 | train loss=0.0004 top1=1.000 | val loss=0.0055 | t=0.1s
[finetune_replay] ep  58/90 | train loss=0.0004 top1=1.000 | val loss=0.0059 | t=0.1s
[finetune_replay] ep  59/90 | train loss=0.0005 top1=1.000 | val loss=0.0065 | t=0.1s
[finetune_replay] ep  60/90 | train loss=0.0004 top1=1.000 | val loss=0.0068 | t=0.1s
[finetune_replay] ep  61/90 | train loss=0.0004 top1=1.000 | val loss=0.0074 | t=0.1s
[finetune_replay] ep  62/90 | train loss=0.0004 top1=1.000 | val loss=0.0071 | t=0.1s
[finetune_replay] ep  63/90 | train loss=0.0004 top1=1.000 | val loss=0.0069 | t=0.1s
[finetune_replay] ep  64/90 | train loss=0.0004 top1=1.000 | val loss=0.0074 | t=0.1s
[finetune_replay] ep  65/90 | train loss=0.0005 top1=1.000 | val loss=0.0076 | t=0.1s
[finetune_replay] ep  66/90 | train loss=0.0004 top1=1.000 | val loss=0.0075 | t=0.1s
[finetune_replay] ep  67/90 | train loss=0.0005 top1=1.000 | val loss=0.0075 | t=0.1s
[finetune_replay] ep  68/90 | train loss=0.0006 top1=1.000 | val loss=0.0077 | t=0.1s
[finetune_replay] ep  69/90 | train loss=0.0003 top1=1.000 | val loss=0.0080 | t=0.1s
[finetune_replay] ep  70/90 | train loss=0.0005 top1=1.000 | val loss=0.0080 | t=0.1s
[finetune_replay] ep  71/90 | train loss=0.0004 top1=1.000 | val loss=0.0085 | t=0.1s
[finetune_replay] ep  72/90 | train loss=0.0004 top1=1.000 | val loss=0.0081 | t=0.1s
[finetune_replay] ep  73/90 | train loss=0.0005 top1=1.000 | val loss=0.0089 | t=0.1s
[finetune_replay] ep  74/90 | train loss=0.0003 top1=1.000 | val loss=0.0089 | t=0.1s
[finetune_replay] ep  75/90 | train loss=0.0004 top1=1.000 | val loss=0.0088 | t=0.1s
[finetune_replay] ep  76/90 | train loss=0.0005 top1=1.000 | val loss=0.0083 | t=0.1s
[finetune_replay] ep  77/90 | train loss=0.0005 top1=1.000 | val loss=0.0076 | t=0.1s
[finetune_replay] ep  78/90 | train loss=0.0004 top1=1.000 | val loss=0.0075 | t=0.1s
[finetune_replay] ep  79/90 | train loss=0.0004 top1=1.000 | val loss=0.0077 | t=0.1s
[finetune_replay] ep  80/90 | train loss=0.0004 top1=1.000 | val loss=0.0074 | t=0.1s
[finetune_replay] ep  81/90 | train loss=0.0004 top1=1.000 | val loss=0.0074 | t=0.1s
[finetune_replay] ep  82/90 | train loss=0.0004 top1=1.000 | val loss=0.0072 | t=0.1s
[finetune_replay] ep  83/90 | train loss=0.0004 top1=1.000 | val loss=0.0071 | t=0.1s
[finetune_replay] ep  84/90 | train loss=0.0005 top1=1.000 | val loss=0.0070 | t=0.1s
[finetune_replay] ep  85/90 | train loss=0.0004 top1=1.000 | val loss=0.0075 | t=0.1s
[finetune_replay] ep  86/90 | train loss=0.0004 top1=1.000 | val loss=0.0072 | t=0.1s
[finetune_replay] ep  87/90 | train loss=0.0004 top1=1.000 | val loss=0.0084 | t=0.1s
[finetune_replay] ep  88/90 | train loss=0.0004 top1=1.000 | val loss=0.0079 | t=0.1s
[finetune_replay] ep  89/90 | train loss=0.0003 top1=1.000 | val loss=0.0077 | t=0.1s
[finetune_replay] ep  90/90 | train loss=0.0005 top1=1.000 | val loss=0.0077 | t=0.1s
[finetune_replay] DONE best_val_loss=0.0025 @ epoch 11
[15:14:01] [uncertainty] member 1: $ /home/s226137394/.conda/envs/maze/bin/python3 -u -m Equivariant_pathway.equivariant_CNN_hybrid.baseline_vs_p4.pool_x_selector.trainer.finetune_replay --demo_dir /weka/s226137394/DmNfull/Equivariant_pathway/equivariant_CNN_hybrid/baseline_vs_p4/pool_x_selector/results/run_9/thrifty_dagger/demos --checkpoint_dir /weka/s226137394/DmNfull/Equivariant_pathway/equivariant_CNN_hybrid/baseline_vs_p4/pool_x_selector/results/run_9/thrifty_dagger/checkpoints/member_1 --epochs 90 --batch_size 64 --lr 5e-05 --weight_decay 0.0001 --replay_mix 0.5 --replay_mix_floor 0.2 --seed 110 --resume --new_demos_dir /weka/s226137394/DmNfull/Equivariant_pathway/equivariant_CNN_hybrid/baseline_vs_p4/pool_x_selector/results/run_9/thrifty_dagger/demos/round_010
[finetune_replay] device=cuda demo_dir=/weka/s226137394/DmNfull/Equivariant_pathway/equivariant_CNN_hybrid/baseline_vs_p4/pool_x_selector/results/run_9/thrifty_dagger/demos new_demos_dir=/weka/s226137394/DmNfull/Equivariant_pathway/equivariant_CNN_hybrid/baseline_vs_p4/pool_x_selector/results/run_9/thrifty_dagger/demos/round_010
[hybrid-dataset] 29 demos -> 143 samples
[hybrid-dataset] 1 demos -> 4 samples
[finetune_replay] sampler audit: {'n_old_samples': 143, 'n_new_samples': 4, 'replay_mix_target': 0.5, 'replay_mix_effective': 0.5, 'replay_mix_floor': 0.2}
[finetune_replay] trainable params: 1,400,028
[finetune_replay] WARM START from last_hybrid_policy.pth
[finetune_replay] ep   1/90 | train loss=0.0689 top1=1.000 | val loss=0.0079 | t=1.1s  *
[finetune_replay] ep   2/90 | train loss=0.0164 top1=1.000 | val loss=0.0270 | t=0.2s
[finetune_replay] ep   3/90 | train loss=0.0230 top1=0.992 | val loss=0.0055 | t=0.2s  *
[finetune_replay] ep   4/90 | train loss=0.0033 top1=1.000 | val loss=0.0038 | t=0.1s  *
[finetune_replay] ep   5/90 | train loss=0.0066 top1=1.000 | val loss=0.0060 | t=0.1s
[finetune_replay] ep   6/90 | train loss=0.0021 top1=1.000 | val loss=0.0055 | t=0.1s
[finetune_replay] ep   7/90 | train loss=0.0026 top1=1.000 | val loss=0.0042 | t=0.1s
[finetune_replay] ep   8/90 | train loss=0.0019 top1=1.000 | val loss=0.0030 | t=0.1s  *
[finetune_replay] ep   9/90 | train loss=0.0018 top1=1.000 | val loss=0.0027 | t=0.1s  *
[finetune_replay] ep  10/90 | train loss=0.0014 top1=1.000 | val loss=0.0027 | t=0.1s
[finetune_replay] ep  11/90 | train loss=0.0013 top1=1.000 | val loss=0.0033 | t=0.2s
[finetune_replay] ep  12/90 | train loss=0.0022 top1=1.000 | val loss=0.0018 | t=0.1s  *
[finetune_replay] ep  13/90 | train loss=0.0019 top1=1.000 | val loss=0.0016 | t=0.1s  *
[finetune_replay] ep  14/90 | train loss=0.0019 top1=1.000 | val loss=0.0021 | t=0.1s
[finetune_replay] ep  15/90 | train loss=0.0014 top1=1.000 | val loss=0.0019 | t=0.1s
[finetune_replay] ep  16/90 | train loss=0.0017 top1=1.000 | val loss=0.0017 | t=0.1s
[finetune_replay] ep  17/90 | train loss=0.0008 top1=1.000 | val loss=0.0016 | t=0.1s  *
[finetune_replay] ep  18/90 | train loss=0.0014 top1=1.000 | val loss=0.0020 | t=0.1s
[finetune_replay] ep  19/90 | train loss=0.0008 top1=1.000 | val loss=0.0027 | t=0.1s
[finetune_replay] ep  20/90 | train loss=0.0015 top1=1.000 | val loss=0.0019 | t=0.1s
[finetune_replay] ep  21/90 | train loss=0.0007 top1=1.000 | val loss=0.0016 | t=0.1s  *
[finetune_replay] ep  22/90 | train loss=0.0005 top1=1.000 | val loss=0.0014 | t=0.1s  *
[finetune_replay] ep  23/90 | train loss=0.0007 top1=1.000 | val loss=0.0014 | t=0.1s  *
[finetune_replay] ep  24/90 | train loss=0.0007 top1=1.000 | val loss=0.0015 | t=0.1s
[finetune_replay] ep  25/90 | train loss=0.0007 top1=1.000 | val loss=0.0017 | t=0.1s
[finetune_replay] ep  26/90 | train loss=0.0007 top1=1.000 | val loss=0.0017 | t=0.1s
[finetune_replay] ep  27/90 | train loss=0.0007 top1=1.000 | val loss=0.0015 | t=0.1s
[finetune_replay] ep  28/90 | train loss=0.0007 top1=1.000 | val loss=0.0013 | t=0.1s  *
[finetune_replay] ep  29/90 | train loss=0.0007 top1=1.000 | val loss=0.0013 | t=0.1s  *
[finetune_replay] ep  30/90 | train loss=0.0006 top1=1.000 | val loss=0.0014 | t=0.1s
[finetune_replay] ep  31/90 | train loss=0.0008 top1=1.000 | val loss=0.0015 | t=0.1s
[finetune_replay] ep  32/90 | train loss=0.0006 top1=1.000 | val loss=0.0014 | t=0.1s
[finetune_replay] ep  33/90 | train loss=0.0005 top1=1.000 | val loss=0.0016 | t=0.1s
[finetune_replay] ep  34/90 | train loss=0.0005 top1=1.000 | val loss=0.0017 | t=0.1s
[finetune_replay] ep  35/90 | train loss=0.0007 top1=1.000 | val loss=0.0017 | t=0.1s
[finetune_replay] ep  36/90 | train loss=0.0006 top1=1.000 | val loss=0.0018 | t=0.1s
[finetune_replay] ep  37/90 | train loss=0.0006 top1=1.000 | val loss=0.0017 | t=0.1s
[finetune_replay] ep  38/90 | train loss=0.0005 top1=1.000 | val loss=0.0014 | t=0.1s
[finetune_replay] ep  39/90 | train loss=0.0004 top1=1.000 | val loss=0.0012 | t=0.1s  *
[finetune_replay] ep  40/90 | train loss=0.0005 top1=1.000 | val loss=0.0012 | t=0.1s  *
[finetune_replay] ep  41/90 | train loss=0.0005 top1=1.000 | val loss=0.0012 | t=0.1s  *
[finetune_replay] ep  42/90 | train loss=0.0004 top1=1.000 | val loss=0.0012 | t=0.1s
[finetune_replay] ep  43/90 | train loss=0.0004 top1=1.000 | val loss=0.0012 | t=0.1s
[finetune_replay] ep  44/90 | train loss=0.0004 top1=1.000 | val loss=0.0012 | t=0.1s
[finetune_replay] ep  45/90 | train loss=0.0005 top1=1.000 | val loss=0.0012 | t=0.1s
[finetune_replay] ep  46/90 | train loss=0.0005 top1=1.000 | val loss=0.0012 | t=0.1s
[finetune_replay] ep  47/90 | train loss=0.0004 top1=1.000 | val loss=0.0011 | t=0.1s  *
[finetune_replay] ep  48/90 | train loss=0.0006 top1=1.000 | val loss=0.0012 | t=0.1s
[finetune_replay] ep  49/90 | train loss=0.0006 top1=1.000 | val loss=0.0013 | t=0.1s
[finetune_replay] ep  50/90 | train loss=0.0005 top1=1.000 | val loss=0.0015 | t=0.1s
[finetune_replay] ep  51/90 | train loss=0.0005 top1=1.000 | val loss=0.0014 | t=0.1s
[finetune_replay] ep  52/90 | train loss=0.0005 top1=1.000 | val loss=0.0014 | t=0.1s
[finetune_replay] ep  53/90 | train loss=0.0004 top1=1.000 | val loss=0.0013 | t=0.2s
[finetune_replay] ep  54/90 | train loss=0.0004 top1=1.000 | val loss=0.0012 | t=0.1s
[finetune_replay] ep  55/90 | train loss=0.0004 top1=1.000 | val loss=0.0012 | t=0.1s
[finetune_replay] ep  56/90 | train loss=0.0004 top1=1.000 | val loss=0.0012 | t=0.1s
[finetune_replay] ep  57/90 | train loss=0.0005 top1=1.000 | val loss=0.0012 | t=0.1s
[finetune_replay] ep  58/90 | train loss=0.0004 top1=1.000 | val loss=0.0012 | t=0.1s
[finetune_replay] ep  59/90 | train loss=0.0003 top1=1.000 | val loss=0.0012 | t=0.1s
[finetune_replay] ep  60/90 | train loss=0.0004 top1=1.000 | val loss=0.0012 | t=0.1s
[finetune_replay] ep  61/90 | train loss=0.0005 top1=1.000 | val loss=0.0012 | t=0.1s
[finetune_replay] ep  62/90 | train loss=0.0003 top1=1.000 | val loss=0.0012 | t=0.1s
[finetune_replay] ep  63/90 | train loss=0.0005 top1=1.000 | val loss=0.0014 | t=0.1s
[finetune_replay] ep  64/90 | train loss=0.0003 top1=1.000 | val loss=0.0015 | t=0.1s
[finetune_replay] ep  65/90 | train loss=0.0004 top1=1.000 | val loss=0.0015 | t=0.1s
[finetune_replay] ep  66/90 | train loss=0.0004 top1=1.000 | val loss=0.0015 | t=0.1s
[finetune_replay] ep  67/90 | train loss=0.0004 top1=1.000 | val loss=0.0013 | t=0.1s
[finetune_replay] ep  68/90 | train loss=0.0004 top1=1.000 | val loss=0.0012 | t=0.1s
[finetune_replay] ep  69/90 | train loss=0.0004 top1=1.000 | val loss=0.0012 | t=0.1s
[finetune_replay] ep  70/90 | train loss=0.0004 top1=1.000 | val loss=0.0012 | t=0.1s
[finetune_replay] ep  71/90 | train loss=0.0004 top1=1.000 | val loss=0.0012 | t=0.1s
[finetune_replay] ep  72/90 | train loss=0.0004 top1=1.000 | val loss=0.0011 | t=0.1s
[finetune_replay] ep  73/90 | train loss=0.0003 top1=1.000 | val loss=0.0011 | t=0.1s
[finetune_replay] ep  74/90 | train loss=0.0003 top1=1.000 | val loss=0.0011 | t=0.1s
[finetune_replay] ep  75/90 | train loss=0.0005 top1=1.000 | val loss=0.0011 | t=0.1s  *
[finetune_replay] ep  76/90 | train loss=0.0004 top1=1.000 | val loss=0.0011 | t=0.1s
[finetune_replay] ep  77/90 | train loss=0.0004 top1=1.000 | val loss=0.0011 | t=0.1s
[finetune_replay] ep  78/90 | train loss=0.0004 top1=1.000 | val loss=0.0011 | t=0.1s
[finetune_replay] ep  79/90 | train loss=0.0004 top1=1.000 | val loss=0.0011 | t=0.1s
[finetune_replay] ep  80/90 | train loss=0.0004 top1=1.000 | val loss=0.0011 | t=0.1s
[finetune_replay] ep  81/90 | train loss=0.0004 top1=1.000 | val loss=0.0011 | t=0.1s
[finetune_replay] ep  82/90 | train loss=0.0004 top1=1.000 | val loss=0.0011 | t=0.1s
[finetune_replay] ep  83/90 | train loss=0.0004 top1=1.000 | val loss=0.0011 | t=0.1s
[finetune_replay] ep  84/90 | train loss=0.0004 top1=1.000 | val loss=0.0011 | t=0.1s
[finetune_replay] ep  85/90 | train loss=0.0004 top1=1.000 | val loss=0.0012 | t=0.1s
[finetune_replay] ep  86/90 | train loss=0.0004 top1=1.000 | val loss=0.0011 | t=0.1s
[finetune_replay] ep  87/90 | train loss=0.0004 top1=1.000 | val loss=0.0012 | t=0.1s
[finetune_replay] ep  88/90 | train loss=0.0004 top1=1.000 | val loss=0.0012 | t=0.1s
[finetune_replay] ep  89/90 | train loss=0.0004 top1=1.000 | val loss=0.0012 | t=0.1s
[finetune_replay] ep  90/90 | train loss=0.0004 top1=1.000 | val loss=0.0012 | t=0.1s
[finetune_replay] DONE best_val_loss=0.0011 @ epoch 75
[15:14:28] [uncertainty] member 2: $ /home/s226137394/.conda/envs/maze/bin/python3 -u -m Equivariant_pathway.equivariant_CNN_hybrid.baseline_vs_p4.pool_x_selector.trainer.finetune_replay --demo_dir /weka/s226137394/DmNfull/Equivariant_pathway/equivariant_CNN_hybrid/baseline_vs_p4/pool_x_selector/results/run_9/thrifty_dagger/demos --checkpoint_dir /weka/s226137394/DmNfull/Equivariant_pathway/equivariant_CNN_hybrid/baseline_vs_p4/pool_x_selector/results/run_9/thrifty_dagger/checkpoints/member_2 --epochs 90 --batch_size 64 --lr 5e-05 --weight_decay 0.0001 --replay_mix 0.5 --replay_mix_floor 0.2 --seed 211 --resume --new_demos_dir /weka/s226137394/DmNfull/Equivariant_pathway/equivariant_CNN_hybrid/baseline_vs_p4/pool_x_selector/results/run_9/thrifty_dagger/demos/round_010
[finetune_replay] device=cuda demo_dir=/weka/s226137394/DmNfull/Equivariant_pathway/equivariant_CNN_hybrid/baseline_vs_p4/pool_x_selector/results/run_9/thrifty_dagger/demos new_demos_dir=/weka/s226137394/DmNfull/Equivariant_pathway/equivariant_CNN_hybrid/baseline_vs_p4/pool_x_selector/results/run_9/thrifty_dagger/demos/round_010
[hybrid-dataset] 29 demos -> 143 samples
[hybrid-dataset] 1 demos -> 4 samples
[finetune_replay] sampler audit: {'n_old_samples': 143, 'n_new_samples': 4, 'replay_mix_target': 0.5, 'replay_mix_effective': 0.5, 'replay_mix_floor': 0.2}
[finetune_replay] trainable params: 1,400,028
[finetune_replay] WARM START from last_hybrid_policy.pth
[finetune_replay] ep   1/90 | train loss=0.2147 top1=1.000 | val loss=0.0153 | t=0.8s  *
[finetune_replay] ep   2/90 | train loss=0.0131 top1=1.000 | val loss=0.0201 | t=0.1s
[finetune_replay] ep   3/90 | train loss=0.0089 top1=1.000 | val loss=0.0145 | t=0.2s  *
[finetune_replay] ep   4/90 | train loss=0.0058 top1=1.000 | val loss=0.0155 | t=0.2s
[finetune_replay] ep   5/90 | train loss=0.0035 top1=1.000 | val loss=0.0153 | t=0.1s
[finetune_replay] ep   6/90 | train loss=0.0054 top1=1.000 | val loss=0.0052 | t=0.1s  *
[finetune_replay] ep   7/90 | train loss=0.0023 top1=1.000 | val loss=0.0032 | t=0.1s  *
[finetune_replay] ep   8/90 | train loss=0.0024 top1=1.000 | val loss=0.0035 | t=0.1s
[finetune_replay] ep   9/90 | train loss=0.0028 top1=1.000 | val loss=0.0029 | t=0.2s  *
[finetune_replay] ep  10/90 | train loss=0.0018 top1=1.000 | val loss=0.0030 | t=0.1s
[finetune_replay] ep  11/90 | train loss=0.0018 top1=1.000 | val loss=0.0036 | t=0.1s
[finetune_replay] ep  12/90 | train loss=0.0013 top1=1.000 | val loss=0.0048 | t=0.1s
[finetune_replay] ep  13/90 | train loss=0.0014 top1=1.000 | val loss=0.0052 | t=0.1s
[finetune_replay] ep  14/90 | train loss=0.0008 top1=1.000 | val loss=0.0047 | t=0.1s
[finetune_replay] ep  15/90 | train loss=0.0011 top1=1.000 | val loss=0.0042 | t=0.1s
[finetune_replay] ep  16/90 | train loss=0.0007 top1=1.000 | val loss=0.0037 | t=0.1s
[finetune_replay] ep  17/90 | train loss=0.0011 top1=1.000 | val loss=0.0044 | t=0.1s
[finetune_replay] ep  18/90 | train loss=0.0008 top1=1.000 | val loss=0.0045 | t=0.1s
[finetune_replay] ep  19/90 | train loss=0.0007 top1=1.000 | val loss=0.0048 | t=0.1s
[finetune_replay] ep  20/90 | train loss=0.0009 top1=1.000 | val loss=0.0043 | t=0.2s
[finetune_replay] ep  21/90 | train loss=0.0009 top1=1.000 | val loss=0.0043 | t=0.1s
[finetune_replay] ep  22/90 | train loss=0.0007 top1=1.000 | val loss=0.0053 | t=0.1s
[finetune_replay] ep  23/90 | train loss=0.0009 top1=1.000 | val loss=0.0071 | t=0.1s
[finetune_replay] ep  24/90 | train loss=0.0008 top1=1.000 | val loss=0.0062 | t=0.1s
[finetune_replay] ep  25/90 | train loss=0.0007 top1=1.000 | val loss=0.0047 | t=0.1s
[finetune_replay] ep  26/90 | train loss=0.0005 top1=1.000 | val loss=0.0041 | t=0.1s
[finetune_replay] ep  27/90 | train loss=0.0010 top1=1.000 | val loss=0.0057 | t=0.1s
[finetune_replay] ep  28/90 | train loss=0.0006 top1=1.000 | val loss=0.0068 | t=0.1s
[finetune_replay] ep  29/90 | train loss=0.0006 top1=1.000 | val loss=0.0066 | t=0.1s
[finetune_replay] ep  30/90 | train loss=0.0006 top1=1.000 | val loss=0.0060 | t=0.1s
[finetune_replay] ep  31/90 | train loss=0.0005 top1=1.000 | val loss=0.0053 | t=0.1s
[finetune_replay] ep  32/90 | train loss=0.0005 top1=1.000 | val loss=0.0051 | t=0.1s
[finetune_replay] ep  33/90 | train loss=0.0005 top1=1.000 | val loss=0.0043 | t=0.1s
[finetune_replay] ep  34/90 | train loss=0.0005 top1=1.000 | val loss=0.0036 | t=0.1s
[finetune_replay] ep  35/90 | train loss=0.0006 top1=1.000 | val loss=0.0032 | t=0.1s
[finetune_replay] ep  36/90 | train loss=0.0006 top1=1.000 | val loss=0.0033 | t=0.1s
[finetune_replay] ep  37/90 | train loss=0.0005 top1=1.000 | val loss=0.0035 | t=0.1s
[finetune_replay] ep  38/90 | train loss=0.0004 top1=1.000 | val loss=0.0040 | t=0.1s
[finetune_replay] ep  39/90 | train loss=0.0006 top1=1.000 | val loss=0.0038 | t=0.1s
[finetune_replay] ep  40/90 | train loss=0.0004 top1=1.000 | val loss=0.0042 | t=0.1s
[finetune_replay] ep  41/90 | train loss=0.0006 top1=1.000 | val loss=0.0057 | t=0.1s
[finetune_replay] ep  42/90 | train loss=0.0004 top1=1.000 | val loss=0.0051 | t=0.1s
[finetune_replay] ep  43/90 | train loss=0.0005 top1=1.000 | val loss=0.0041 | t=0.1s
[finetune_replay] ep  44/90 | train loss=0.0005 top1=1.000 | val loss=0.0036 | t=0.1s
[finetune_replay] ep  45/90 | train loss=0.0003 top1=1.000 | val loss=0.0033 | t=0.1s
[finetune_replay] ep  46/90 | train loss=0.0005 top1=1.000 | val loss=0.0036 | t=0.1s
[finetune_replay] ep  47/90 | train loss=0.0004 top1=1.000 | val loss=0.0036 | t=0.1s
[finetune_replay] ep  48/90 | train loss=0.0004 top1=1.000 | val loss=0.0036 | t=0.1s
[finetune_replay] ep  49/90 | train loss=0.0005 top1=1.000 | val loss=0.0038 | t=0.1s
[finetune_replay] ep  50/90 | train loss=0.0005 top1=1.000 | val loss=0.0041 | t=0.1s
[finetune_replay] ep  51/90 | train loss=0.0004 top1=1.000 | val loss=0.0041 | t=0.1s
[finetune_replay] ep  52/90 | train loss=0.0004 top1=1.000 | val loss=0.0036 | t=0.1s
[finetune_replay] ep  53/90 | train loss=0.0004 top1=1.000 | val loss=0.0033 | t=0.1s
[finetune_replay] ep  54/90 | train loss=0.0004 top1=1.000 | val loss=0.0034 | t=0.1s
[finetune_replay] ep  55/90 | train loss=0.0004 top1=1.000 | val loss=0.0036 | t=0.1s
[finetune_replay] ep  56/90 | train loss=0.0006 top1=1.000 | val loss=0.0040 | t=0.1s
[finetune_replay] ep  57/90 | train loss=0.0004 top1=1.000 | val loss=0.0043 | t=0.1s
[finetune_replay] ep  58/90 | train loss=0.0004 top1=1.000 | val loss=0.0040 | t=0.2s
[finetune_replay] ep  59/90 | train loss=0.0003 top1=1.000 | val loss=0.0036 | t=0.1s
[finetune_replay] ep  60/90 | train loss=0.0004 top1=1.000 | val loss=0.0032 | t=0.1s
[finetune_replay] ep  61/90 | train loss=0.0004 top1=1.000 | val loss=0.0031 | t=0.1s
[finetune_replay] ep  62/90 | train loss=0.0004 top1=1.000 | val loss=0.0033 | t=0.1s
[finetune_replay] ep  63/90 | train loss=0.0004 top1=1.000 | val loss=0.0033 | t=0.1s
[finetune_replay] ep  64/90 | train loss=0.0004 top1=1.000 | val loss=0.0040 | t=0.1s
[finetune_replay] ep  65/90 | train loss=0.0003 top1=1.000 | val loss=0.0043 | t=0.1s
[finetune_replay] ep  66/90 | train loss=0.0005 top1=1.000 | val loss=0.0042 | t=0.1s
[finetune_replay] ep  67/90 | train loss=0.0004 top1=1.000 | val loss=0.0041 | t=0.1s
[finetune_replay] ep  68/90 | train loss=0.0004 top1=1.000 | val loss=0.0037 | t=0.1s
[finetune_replay] ep  69/90 | train loss=0.0004 top1=1.000 | val loss=0.0034 | t=0.1s
[finetune_replay] ep  70/90 | train loss=0.0004 top1=1.000 | val loss=0.0036 | t=0.1s
[finetune_replay] ep  71/90 | train loss=0.0003 top1=1.000 | val loss=0.0034 | t=0.1s
[finetune_replay] ep  72/90 | train loss=0.0003 top1=1.000 | val loss=0.0035 | t=0.1s
[finetune_replay] ep  73/90 | train loss=0.0004 top1=1.000 | val loss=0.0035 | t=0.1s
[finetune_replay] ep  74/90 | train loss=0.0002 top1=1.000 | val loss=0.0036 | t=0.1s
[finetune_replay] ep  75/90 | train loss=0.0003 top1=1.000 | val loss=0.0037 | t=0.1s
[finetune_replay] ep  76/90 | train loss=0.0004 top1=1.000 | val loss=0.0036 | t=0.1s
[finetune_replay] ep  77/90 | train loss=0.0003 top1=1.000 | val loss=0.0034 | t=0.1s
[finetune_replay] ep  78/90 | train loss=0.0003 top1=1.000 | val loss=0.0037 | t=0.1s
[finetune_replay] ep  79/90 | train loss=0.0004 top1=1.000 | val loss=0.0035 | t=0.1s
[finetune_replay] ep  80/90 | train loss=0.0003 top1=1.000 | val loss=0.0036 | t=0.1s
[finetune_replay] ep  81/90 | train loss=0.0003 top1=1.000 | val loss=0.0033 | t=0.1s
[finetune_replay] ep  82/90 | train loss=0.0004 top1=1.000 | val loss=0.0036 | t=0.1s
[finetune_replay] ep  83/90 | train loss=0.0003 top1=1.000 | val loss=0.0036 | t=0.1s
[finetune_replay] ep  84/90 | train loss=0.0004 top1=1.000 | val loss=0.0035 | t=0.1s
[finetune_replay] ep  85/90 | train loss=0.0003 top1=1.000 | val loss=0.0035 | t=0.1s
[finetune_replay] ep  86/90 | train loss=0.0004 top1=1.000 | val loss=0.0035 | t=0.1s
[finetune_replay] ep  87/90 | train loss=0.0003 top1=1.000 | val loss=0.0035 | t=0.1s
[finetune_replay] ep  88/90 | train loss=0.0004 top1=1.000 | val loss=0.0034 | t=0.1s
[finetune_replay] ep  89/90 | train loss=0.0003 top1=1.000 | val loss=0.0035 | t=0.1s
[finetune_replay] ep  90/90 | train loss=0.0005 top1=1.000 | val loss=0.0035 | t=0.1s
[finetune_replay] DONE best_val_loss=0.0029 @ epoch 9
[15:14:54] [uncertainty] member 3: $ /home/s226137394/.conda/envs/maze/bin/python3 -u -m Equivariant_pathway.equivariant_CNN_hybrid.baseline_vs_p4.pool_x_selector.trainer.finetune_replay --demo_dir /weka/s226137394/DmNfull/Equivariant_pathway/equivariant_CNN_hybrid/baseline_vs_p4/pool_x_selector/results/run_9/thrifty_dagger/demos --checkpoint_dir /weka/s226137394/DmNfull/Equivariant_pathway/equivariant_CNN_hybrid/baseline_vs_p4/pool_x_selector/results/run_9/thrifty_dagger/checkpoints/member_3 --epochs 90 --batch_size 64 --lr 5e-05 --weight_decay 0.0001 --replay_mix 0.5 --replay_mix_floor 0.2 --seed 312 --resume --new_demos_dir /weka/s226137394/DmNfull/Equivariant_pathway/equivariant_CNN_hybrid/baseline_vs_p4/pool_x_selector/results/run_9/thrifty_dagger/demos/round_010
[finetune_replay] device=cuda demo_dir=/weka/s226137394/DmNfull/Equivariant_pathway/equivariant_CNN_hybrid/baseline_vs_p4/pool_x_selector/results/run_9/thrifty_dagger/demos new_demos_dir=/weka/s226137394/DmNfull/Equivariant_pathway/equivariant_CNN_hybrid/baseline_vs_p4/pool_x_selector/results/run_9/thrifty_dagger/demos/round_010
[hybrid-dataset] 29 demos -> 143 samples
[hybrid-dataset] 1 demos -> 4 samples
[finetune_replay] sampler audit: {'n_old_samples': 143, 'n_new_samples': 4, 'replay_mix_target': 0.5, 'replay_mix_effective': 0.5, 'replay_mix_floor': 0.2}
[finetune_replay] trainable params: 1,400,028
[finetune_replay] WARM START from last_hybrid_policy.pth
[finetune_replay] ep   1/90 | train loss=0.1911 top1=1.000 | val loss=0.0223 | t=0.8s  *
[finetune_replay] ep   2/90 | train loss=0.0274 top1=1.000 | val loss=0.0137 | t=0.2s  *
[finetune_replay] ep   3/90 | train loss=0.0131 top1=1.000 | val loss=0.0330 | t=0.1s
[finetune_replay] ep   4/90 | train loss=0.0168 top1=1.000 | val loss=0.0186 | t=0.1s
[finetune_replay] ep   5/90 | train loss=0.0051 top1=1.000 | val loss=0.0023 | t=0.1s  *
[finetune_replay] ep   6/90 | train loss=0.0040 top1=1.000 | val loss=0.0048 | t=0.1s
[finetune_replay] ep   7/90 | train loss=0.0058 top1=1.000 | val loss=0.0041 | t=0.2s
[finetune_replay] ep   8/90 | train loss=0.0059 top1=1.000 | val loss=0.0029 | t=0.1s
[finetune_replay] ep   9/90 | train loss=0.0020 top1=1.000 | val loss=0.0027 | t=0.1s
[finetune_replay] ep  10/90 | train loss=0.0033 top1=1.000 | val loss=0.0026 | t=0.1s
[finetune_replay] ep  11/90 | train loss=0.0019 top1=1.000 | val loss=0.0031 | t=0.1s
[finetune_replay] ep  12/90 | train loss=0.0012 top1=1.000 | val loss=0.0041 | t=0.1s
[finetune_replay] ep  13/90 | train loss=0.0020 top1=1.000 | val loss=0.0042 | t=0.1s
[finetune_replay] ep  14/90 | train loss=0.0021 top1=1.000 | val loss=0.0037 | t=0.2s
[finetune_replay] ep  15/90 | train loss=0.0016 top1=1.000 | val loss=0.0029 | t=0.1s
[finetune_replay] ep  16/90 | train loss=0.0013 top1=1.000 | val loss=0.0024 | t=0.1s
[finetune_replay] ep  17/90 | train loss=0.0012 top1=1.000 | val loss=0.0021 | t=0.1s  *
[finetune_replay] ep  18/90 | train loss=0.0008 top1=1.000 | val loss=0.0020 | t=0.1s  *
[finetune_replay] ep  19/90 | train loss=0.0012 top1=1.000 | val loss=0.0020 | t=0.1s
[finetune_replay] ep  20/90 | train loss=0.0008 top1=1.000 | val loss=0.0021 | t=0.1s
[finetune_replay] ep  21/90 | train loss=0.0009 top1=1.000 | val loss=0.0022 | t=0.1s
[finetune_replay] ep  22/90 | train loss=0.0011 top1=1.000 | val loss=0.0023 | t=0.1s
[finetune_replay] ep  23/90 | train loss=0.0008 top1=1.000 | val loss=0.0023 | t=0.1s
[finetune_replay] ep  24/90 | train loss=0.0007 top1=1.000 | val loss=0.0023 | t=0.1s
[finetune_replay] ep  25/90 | train loss=0.0009 top1=1.000 | val loss=0.0022 | t=0.1s
[finetune_replay] ep  26/90 | train loss=0.0007 top1=1.000 | val loss=0.0020 | t=0.1s
[finetune_replay] ep  27/90 | train loss=0.0009 top1=1.000 | val loss=0.0020 | t=0.1s  *
[finetune_replay] ep  28/90 | train loss=0.0009 top1=1.000 | val loss=0.0018 | t=0.1s  *
[finetune_replay] ep  29/90 | train loss=0.0008 top1=1.000 | val loss=0.0018 | t=0.1s
[finetune_replay] ep  30/90 | train loss=0.0006 top1=1.000 | val loss=0.0019 | t=0.1s
[finetune_replay] ep  31/90 | train loss=0.0008 top1=1.000 | val loss=0.0019 | t=0.1s
[finetune_replay] ep  32/90 | train loss=0.0007 top1=1.000 | val loss=0.0018 | t=0.1s  *
[finetune_replay] ep  33/90 | train loss=0.0008 top1=1.000 | val loss=0.0018 | t=0.1s  *
[finetune_replay] ep  34/90 | train loss=0.0007 top1=1.000 | val loss=0.0017 | t=0.1s  *
[finetune_replay] ep  35/90 | train loss=0.0006 top1=1.000 | val loss=0.0017 | t=0.1s  *
[finetune_replay] ep  36/90 | train loss=0.0008 top1=1.000 | val loss=0.0017 | t=0.1s  *
[finetune_replay] ep  37/90 | train loss=0.0005 top1=1.000 | val loss=0.0022 | t=0.1s
[finetune_replay] ep  38/90 | train loss=0.0011 top1=1.000 | val loss=0.0018 | t=0.1s
[finetune_replay] ep  39/90 | train loss=0.0006 top1=1.000 | val loss=0.0014 | t=0.1s  *
[finetune_replay] ep  40/90 | train loss=0.0007 top1=1.000 | val loss=0.0015 | t=0.1s
[finetune_replay] ep  41/90 | train loss=0.0007 top1=1.000 | val loss=0.0016 | t=0.1s
[finetune_replay] ep  42/90 | train loss=0.0006 top1=1.000 | val loss=0.0015 | t=0.1s
[finetune_replay] ep  43/90 | train loss=0.0006 top1=1.000 | val loss=0.0014 | t=0.1s
[finetune_replay] ep  44/90 | train loss=0.0006 top1=1.000 | val loss=0.0016 | t=0.1s
[finetune_replay] ep  45/90 | train loss=0.0005 top1=1.000 | val loss=0.0019 | t=0.1s
[finetune_replay] ep  46/90 | train loss=0.0006 top1=1.000 | val loss=0.0019 | t=0.1s
[finetune_replay] ep  47/90 | train loss=0.0006 top1=1.000 | val loss=0.0016 | t=0.1s
[finetune_replay] ep  48/90 | train loss=0.0004 top1=1.000 | val loss=0.0015 | t=0.1s
[finetune_replay] ep  49/90 | train loss=0.0005 top1=1.000 | val loss=0.0014 | t=0.1s  *
[finetune_replay] ep  50/90 | train loss=0.0005 top1=1.000 | val loss=0.0014 | t=0.1s
[finetune_replay] ep  51/90 | train loss=0.0006 top1=1.000 | val loss=0.0014 | t=0.1s  *
[finetune_replay] ep  52/90 | train loss=0.0005 top1=1.000 | val loss=0.0014 | t=0.1s  *
[finetune_replay] ep  53/90 | train loss=0.0004 top1=1.000 | val loss=0.0014 | t=0.1s
[finetune_replay] ep  54/90 | train loss=0.0004 top1=1.000 | val loss=0.0015 | t=0.1s
[finetune_replay] ep  55/90 | train loss=0.0004 top1=1.000 | val loss=0.0015 | t=0.1s
[finetune_replay] ep  56/90 | train loss=0.0005 top1=1.000 | val loss=0.0015 | t=0.1s
[finetune_replay] ep  57/90 | train loss=0.0005 top1=1.000 | val loss=0.0015 | t=0.1s
[finetune_replay] ep  58/90 | train loss=0.0005 top1=1.000 | val loss=0.0015 | t=0.1s
[finetune_replay] ep  59/90 | train loss=0.0004 top1=1.000 | val loss=0.0014 | t=0.1s
[finetune_replay] ep  60/90 | train loss=0.0005 top1=1.000 | val loss=0.0015 | t=0.1s
[finetune_replay] ep  61/90 | train loss=0.0004 top1=1.000 | val loss=0.0015 | t=0.1s
[finetune_replay] ep  62/90 | train loss=0.0004 top1=1.000 | val loss=0.0015 | t=0.1s
[finetune_replay] ep  63/90 | train loss=0.0005 top1=1.000 | val loss=0.0015 | t=0.1s
[finetune_replay] ep  64/90 | train loss=0.0004 top1=1.000 | val loss=0.0015 | t=0.1s
[finetune_replay] ep  65/90 | train loss=0.0006 top1=1.000 | val loss=0.0014 | t=0.1s
[finetune_replay] ep  66/90 | train loss=0.0005 top1=1.000 | val loss=0.0014 | t=0.1s
[finetune_replay] ep  67/90 | train loss=0.0004 top1=1.000 | val loss=0.0014 | t=0.1s
[finetune_replay] ep  68/90 | train loss=0.0004 top1=1.000 | val loss=0.0014 | t=0.1s
[finetune_replay] ep  69/90 | train loss=0.0004 top1=1.000 | val loss=0.0014 | t=0.1s
[finetune_replay] ep  70/90 | train loss=0.0004 top1=1.000 | val loss=0.0014 | t=0.1s
[finetune_replay] ep  71/90 | train loss=0.0005 top1=1.000 | val loss=0.0014 | t=0.1s
[finetune_replay] ep  72/90 | train loss=0.0004 top1=1.000 | val loss=0.0014 | t=0.1s
[finetune_replay] ep  73/90 | train loss=0.0004 top1=1.000 | val loss=0.0014 | t=0.1s
[finetune_replay] ep  74/90 | train loss=0.0004 top1=1.000 | val loss=0.0014 | t=0.1s
[finetune_replay] ep  75/90 | train loss=0.0005 top1=1.000 | val loss=0.0014 | t=0.1s  *
[finetune_replay] ep  76/90 | train loss=0.0004 top1=1.000 | val loss=0.0014 | t=0.1s
[finetune_replay] ep  77/90 | train loss=0.0005 top1=1.000 | val loss=0.0014 | t=0.1s
[finetune_replay] ep  78/90 | train loss=0.0005 top1=1.000 | val loss=0.0014 | t=0.1s
[finetune_replay] ep  79/90 | train loss=0.0004 top1=1.000 | val loss=0.0013 | t=0.1s  *
[finetune_replay] ep  80/90 | train loss=0.0005 top1=1.000 | val loss=0.0014 | t=0.1s
[finetune_replay] ep  81/90 | train loss=0.0004 top1=1.000 | val loss=0.0014 | t=0.1s
[finetune_replay] ep  82/90 | train loss=0.0006 top1=1.000 | val loss=0.0014 | t=0.1s
[finetune_replay] ep  83/90 | train loss=0.0004 top1=1.000 | val loss=0.0013 | t=0.1s
[finetune_replay] ep  84/90 | train loss=0.0004 top1=1.000 | val loss=0.0014 | t=0.1s
[finetune_replay] ep  85/90 | train loss=0.0005 top1=1.000 | val loss=0.0014 | t=0.1s
[finetune_replay] ep  86/90 | train loss=0.0004 top1=1.000 | val loss=0.0014 | t=0.1s
[finetune_replay] ep  87/90 | train loss=0.0004 top1=1.000 | val loss=0.0013 | t=0.1s  *
[finetune_replay] ep  88/90 | train loss=0.0005 top1=1.000 | val loss=0.0014 | t=0.1s
[finetune_replay] ep  89/90 | train loss=0.0004 top1=1.000 | val loss=0.0014 | t=0.1s
[finetune_replay] ep  90/90 | train loss=0.0003 top1=1.000 | val loss=0.0013 | t=0.1s
[finetune_replay] DONE best_val_loss=0.0013 @ epoch 87
[15:15:19] [uncertainty] member 4: $ /home/s226137394/.conda/envs/maze/bin/python3 -u -m Equivariant_pathway.equivariant_CNN_hybrid.baseline_vs_p4.pool_x_selector.trainer.finetune_replay --demo_dir /weka/s226137394/DmNfull/Equivariant_pathway/equivariant_CNN_hybrid/baseline_vs_p4/pool_x_selector/results/run_9/thrifty_dagger/demos --checkpoint_dir /weka/s226137394/DmNfull/Equivariant_pathway/equivariant_CNN_hybrid/baseline_vs_p4/pool_x_selector/results/run_9/thrifty_dagger/checkpoints/member_4 --epochs 90 --batch_size 64 --lr 5e-05 --weight_decay 0.0001 --replay_mix 0.5 --replay_mix_floor 0.2 --seed 413 --resume --new_demos_dir /weka/s226137394/DmNfull/Equivariant_pathway/equivariant_CNN_hybrid/baseline_vs_p4/pool_x_selector/results/run_9/thrifty_dagger/demos/round_010
[finetune_replay] device=cuda demo_dir=/weka/s226137394/DmNfull/Equivariant_pathway/equivariant_CNN_hybrid/baseline_vs_p4/pool_x_selector/results/run_9/thrifty_dagger/demos new_demos_dir=/weka/s226137394/DmNfull/Equivariant_pathway/equivariant_CNN_hybrid/baseline_vs_p4/pool_x_selector/results/run_9/thrifty_dagger/demos/round_010
[hybrid-dataset] 29 demos -> 143 samples
[hybrid-dataset] 1 demos -> 4 samples
[finetune_replay] sampler audit: {'n_old_samples': 143, 'n_new_samples': 4, 'replay_mix_target': 0.5, 'replay_mix_effective': 0.5, 'replay_mix_floor': 0.2}
[finetune_replay] trainable params: 1,400,028
[finetune_replay] WARM START from last_hybrid_policy.pth
[finetune_replay] ep   1/90 | train loss=0.1839 top1=0.872 | val loss=0.0152 | t=0.8s  *
[finetune_replay] ep   2/90 | train loss=0.0217 top1=1.000 | val loss=0.0025 | t=0.1s  *
[finetune_replay] ep   3/90 | train loss=0.0103 top1=1.000 | val loss=0.0018 | t=0.1s  *
[finetune_replay] ep   4/90 | train loss=0.0088 top1=1.000 | val loss=0.0025 | t=0.1s
[finetune_replay] ep   5/90 | train loss=0.0043 top1=1.000 | val loss=0.0035 | t=0.2s
[finetune_replay] ep   6/90 | train loss=0.0041 top1=1.000 | val loss=0.0025 | t=0.1s
[finetune_replay] ep   7/90 | train loss=0.0021 top1=1.000 | val loss=0.0013 | t=0.1s  *
[finetune_replay] ep   8/90 | train loss=0.0019 top1=1.000 | val loss=0.0010 | t=0.1s  *
[finetune_replay] ep   9/90 | train loss=0.0016 top1=1.000 | val loss=0.0010 | t=0.1s  *
[finetune_replay] ep  10/90 | train loss=0.0018 top1=1.000 | val loss=0.0012 | t=0.1s
[finetune_replay] ep  11/90 | train loss=0.0016 top1=1.000 | val loss=0.0014 | t=0.1s
[finetune_replay] ep  12/90 | train loss=0.0012 top1=1.000 | val loss=0.0013 | t=0.2s
[finetune_replay] ep  13/90 | train loss=0.0009 top1=1.000 | val loss=0.0011 | t=0.1s
[finetune_replay] ep  14/90 | train loss=0.0013 top1=1.000 | val loss=0.0010 | t=0.1s
[finetune_replay] ep  15/90 | train loss=0.0009 top1=1.000 | val loss=0.0008 | t=0.1s  *
[finetune_replay] ep  16/90 | train loss=0.0010 top1=1.000 | val loss=0.0008 | t=0.1s  *
[finetune_replay] ep  17/90 | train loss=0.0008 top1=1.000 | val loss=0.0009 | t=0.1s
[finetune_replay] ep  18/90 | train loss=0.0012 top1=1.000 | val loss=0.0012 | t=0.1s
[finetune_replay] ep  19/90 | train loss=0.0009 top1=1.000 | val loss=0.0014 | t=0.1s
[finetune_replay] ep  20/90 | train loss=0.0009 top1=1.000 | val loss=0.0011 | t=0.1s
[finetune_replay] ep  21/90 | train loss=0.0007 top1=1.000 | val loss=0.0010 | t=0.1s
[finetune_replay] ep  22/90 | train loss=0.0010 top1=1.000 | val loss=0.0011 | t=0.1s
[finetune_replay] ep  23/90 | train loss=0.0007 top1=1.000 | val loss=0.0022 | t=0.1s
[finetune_replay] ep  24/90 | train loss=0.0011 top1=1.000 | val loss=0.0019 | t=0.1s
[finetune_replay] ep  25/90 | train loss=0.0008 top1=1.000 | val loss=0.0011 | t=0.1s
[finetune_replay] ep  26/90 | train loss=0.0006 top1=1.000 | val loss=0.0006 | t=0.1s  *
[finetune_replay] ep  27/90 | train loss=0.0010 top1=1.000 | val loss=0.0005 | t=0.1s  *
[finetune_replay] ep  28/90 | train loss=0.0010 top1=1.000 | val loss=0.0007 | t=0.1s
[finetune_replay] ep  29/90 | train loss=0.0007 top1=1.000 | val loss=0.0010 | t=0.1s
[finetune_replay] ep  30/90 | train loss=0.0007 top1=1.000 | val loss=0.0016 | t=0.2s
[finetune_replay] ep  31/90 | train loss=0.0007 top1=1.000 | val loss=0.0023 | t=0.1s
[finetune_replay] ep  32/90 | train loss=0.0007 top1=1.000 | val loss=0.0022 | t=0.1s
[finetune_replay] ep  33/90 | train loss=0.0006 top1=1.000 | val loss=0.0018 | t=0.1s
[finetune_replay] ep  34/90 | train loss=0.0006 top1=1.000 | val loss=0.0013 | t=0.1s
[finetune_replay] ep  35/90 | train loss=0.0005 top1=1.000 | val loss=0.0010 | t=0.1s
[finetune_replay] ep  36/90 | train loss=0.0005 top1=1.000 | val loss=0.0008 | t=0.1s
[finetune_replay] ep  37/90 | train loss=0.0006 top1=1.000 | val loss=0.0010 | t=0.1s
[finetune_replay] ep  38/90 | train loss=0.0006 top1=1.000 | val loss=0.0013 | t=0.1s
[finetune_replay] ep  39/90 | train loss=0.0005 top1=1.000 | val loss=0.0016 | t=0.1s
[finetune_replay] ep  40/90 | train loss=0.0006 top1=1.000 | val loss=0.0015 | t=0.1s
[finetune_replay] ep  41/90 | train loss=0.0005 top1=1.000 | val loss=0.0014 | t=0.1s
[finetune_replay] ep  42/90 | train loss=0.0005 top1=1.000 | val loss=0.0013 | t=0.1s
[finetune_replay] ep  43/90 | train loss=0.0005 top1=1.000 | val loss=0.0012 | t=0.1s
[finetune_replay] ep  44/90 | train loss=0.0004 top1=1.000 | val loss=0.0011 | t=0.1s
[finetune_replay] ep  45/90 | train loss=0.0004 top1=1.000 | val loss=0.0011 | t=0.1s
[finetune_replay] ep  46/90 | train loss=0.0005 top1=1.000 | val loss=0.0011 | t=0.2s
[finetune_replay] ep  47/90 | train loss=0.0004 top1=1.000 | val loss=0.0011 | t=0.1s
[finetune_replay] ep  48/90 | train loss=0.0004 top1=1.000 | val loss=0.0012 | t=0.1s
[finetune_replay] ep  49/90 | train loss=0.0004 top1=1.000 | val loss=0.0011 | t=0.1s
[finetune_replay] ep  50/90 | train loss=0.0005 top1=1.000 | val loss=0.0012 | t=0.1s
[finetune_replay] ep  51/90 | train loss=0.0005 top1=1.000 | val loss=0.0013 | t=0.1s
[finetune_replay] ep  52/90 | train loss=0.0004 top1=1.000 | val loss=0.0013 | t=0.1s
[finetune_replay] ep  53/90 | train loss=0.0003 top1=1.000 | val loss=0.0012 | t=0.1s
[finetune_replay] ep  54/90 | train loss=0.0003 top1=1.000 | val loss=0.0012 | t=0.1s
[finetune_replay] ep  55/90 | train loss=0.0004 top1=1.000 | val loss=0.0011 | t=0.1s
[finetune_replay] ep  56/90 | train loss=0.0005 top1=1.000 | val loss=0.0012 | t=0.1s
[finetune_replay] ep  57/90 | train loss=0.0004 top1=1.000 | val loss=0.0013 | t=0.1s
[finetune_replay] ep  58/90 | train loss=0.0005 top1=1.000 | val loss=0.0015 | t=0.1s
[finetune_replay] ep  59/90 | train loss=0.0004 top1=1.000 | val loss=0.0015 | t=0.1s
[finetune_replay] ep  60/90 | train loss=0.0005 top1=1.000 | val loss=0.0014 | t=0.1s
[finetune_replay] ep  61/90 | train loss=0.0004 top1=1.000 | val loss=0.0014 | t=0.1s
[finetune_replay] ep  62/90 | train loss=0.0004 top1=1.000 | val loss=0.0015 | t=0.1s
[finetune_replay] ep  63/90 | train loss=0.0003 top1=1.000 | val loss=0.0014 | t=0.1s
[finetune_replay] ep  64/90 | train loss=0.0005 top1=1.000 | val loss=0.0015 | t=0.1s
[finetune_replay] ep  65/90 | train loss=0.0004 top1=1.000 | val loss=0.0013 | t=0.1s
[finetune_replay] ep  66/90 | train loss=0.0004 top1=1.000 | val loss=0.0013 | t=0.1s
[finetune_replay] ep  67/90 | train loss=0.0005 top1=1.000 | val loss=0.0014 | t=0.1s
[finetune_replay] ep  68/90 | train loss=0.0004 top1=1.000 | val loss=0.0014 | t=0.1s
[finetune_replay] ep  69/90 | train loss=0.0005 top1=1.000 | val loss=0.0014 | t=0.1s
[finetune_replay] ep  70/90 | train loss=0.0004 top1=1.000 | val loss=0.0016 | t=0.1s
[finetune_replay] ep  71/90 | train loss=0.0003 top1=1.000 | val loss=0.0016 | t=0.1s
[finetune_replay] ep  72/90 | train loss=0.0004 top1=1.000 | val loss=0.0016 | t=0.1s
[finetune_replay] ep  73/90 | train loss=0.0004 top1=1.000 | val loss=0.0016 | t=0.1s
[finetune_replay] ep  74/90 | train loss=0.0004 top1=1.000 | val loss=0.0016 | t=0.1s
[finetune_replay] ep  75/90 | train loss=0.0004 top1=1.000 | val loss=0.0015 | t=0.1s
[finetune_replay] ep  76/90 | train loss=0.0004 top1=1.000 | val loss=0.0015 | t=0.1s
[finetune_replay] ep  77/90 | train loss=0.0004 top1=1.000 | val loss=0.0015 | t=0.1s
[finetune_replay] ep  78/90 | train loss=0.0004 top1=1.000 | val loss=0.0014 | t=0.1s
[finetune_replay] ep  79/90 | train loss=0.0003 top1=1.000 | val loss=0.0015 | t=0.1s
[finetune_replay] ep  80/90 | train loss=0.0004 top1=1.000 | val loss=0.0015 | t=0.1s
[finetune_replay] ep  81/90 | train loss=0.0004 top1=1.000 | val loss=0.0017 | t=0.1s
[finetune_replay] ep  82/90 | train loss=0.0004 top1=1.000 | val loss=0.0016 | t=0.1s
[finetune_replay] ep  83/90 | train loss=0.0004 top1=1.000 | val loss=0.0015 | t=0.1s
[finetune_replay] ep  84/90 | train loss=0.0004 top1=1.000 | val loss=0.0015 | t=0.1s
[finetune_replay] ep  85/90 | train loss=0.0004 top1=1.000 | val loss=0.0015 | t=0.1s
[finetune_replay] ep  86/90 | train loss=0.0005 top1=1.000 | val loss=0.0015 | t=0.1s
[finetune_replay] ep  87/90 | train loss=0.0004 top1=1.000 | val loss=0.0016 | t=0.1s
[finetune_replay] ep  88/90 | train loss=0.0004 top1=1.000 | val loss=0.0016 | t=0.1s
[finetune_replay] ep  89/90 | train loss=0.0003 top1=1.000 | val loss=0.0016 | t=0.1s
[finetune_replay] ep  90/90 | train loss=0.0004 top1=1.000 | val loss=0.0015 | t=0.1s
[finetune_replay] DONE best_val_loss=0.0005 @ epoch 27
[15:16:11] [iil-baseline] round 10: heldout_sr=0.855

--------------------------------------------------------------------------------
THRIFTY_DAGGER ROUND 11  (remaining budget = 5)
--------------------------------------------------------------------------------
[15:16:24] [iil-baseline] round 11: pool=20 successes=15 failures=5 correction_sr=0.750
[15:16:24] [iil-baseline] round 11: picked=1 saved=1 cum_extras=11/15
[15:16:24] [uncertainty] member 0: $ /home/s226137394/.conda/envs/maze/bin/python3 -u -m Equivariant_pathway.equivariant_CNN_hybrid.baseline_vs_p4.pool_x_selector.trainer.finetune_replay --demo_dir /weka/s226137394/DmNfull/Equivariant_pathway/equivariant_CNN_hybrid/baseline_vs_p4/pool_x_selector/results/run_9/thrifty_dagger/demos --checkpoint_dir /weka/s226137394/DmNfull/Equivariant_pathway/equivariant_CNN_hybrid/baseline_vs_p4/pool_x_selector/results/run_9/thrifty_dagger/checkpoints/member_0 --epochs 90 --batch_size 64 --lr 5e-05 --weight_decay 0.0001 --replay_mix 0.5 --replay_mix_floor 0.2 --seed 9 --resume --new_demos_dir /weka/s226137394/DmNfull/Equivariant_pathway/equivariant_CNN_hybrid/baseline_vs_p4/pool_x_selector/results/run_9/thrifty_dagger/demos/round_011
[finetune_replay] device=cuda demo_dir=/weka/s226137394/DmNfull/Equivariant_pathway/equivariant_CNN_hybrid/baseline_vs_p4/pool_x_selector/results/run_9/thrifty_dagger/demos new_demos_dir=/weka/s226137394/DmNfull/Equivariant_pathway/equivariant_CNN_hybrid/baseline_vs_p4/pool_x_selector/results/run_9/thrifty_dagger/demos/round_011
[hybrid-dataset] 30 demos -> 147 samples
[hybrid-dataset] 1 demos -> 4 samples
[finetune_replay] sampler audit: {'n_old_samples': 147, 'n_new_samples': 4, 'replay_mix_target': 0.5, 'replay_mix_effective': 0.5, 'replay_mix_floor': 0.2}
[finetune_replay] trainable params: 1,400,028
[finetune_replay] WARM START from last_hybrid_policy.pth
[finetune_replay] ep   1/90 | train loss=0.1838 top1=0.956 | val loss=0.0350 | t=0.9s  *
[finetune_replay] ep   2/90 | train loss=0.0126 top1=1.000 | val loss=0.0155 | t=0.2s  *
[finetune_replay] ep   3/90 | train loss=0.0118 top1=1.000 | val loss=0.0125 | t=0.1s  *
[finetune_replay] ep   4/90 | train loss=0.0061 top1=1.000 | val loss=0.0149 | t=0.1s
[finetune_replay] ep   5/90 | train loss=0.0034 top1=1.000 | val loss=0.0088 | t=0.1s  *
[finetune_replay] ep   6/90 | train loss=0.0026 top1=1.000 | val loss=0.0064 | t=0.1s  *
[finetune_replay] ep   7/90 | train loss=0.0041 top1=1.000 | val loss=0.0068 | t=0.1s
[finetune_replay] ep   8/90 | train loss=0.0024 top1=1.000 | val loss=0.0059 | t=0.1s  *
[finetune_replay] ep   9/90 | train loss=0.0018 top1=1.000 | val loss=0.0047 | t=0.1s  *
[finetune_replay] ep  10/90 | train loss=0.0021 top1=1.000 | val loss=0.0056 | t=0.1s
[finetune_replay] ep  11/90 | train loss=0.0016 top1=1.000 | val loss=0.0055 | t=0.1s
[finetune_replay] ep  12/90 | train loss=0.0014 top1=1.000 | val loss=0.0035 | t=0.1s  *
[finetune_replay] ep  13/90 | train loss=0.0012 top1=1.000 | val loss=0.0028 | t=0.1s  *
[finetune_replay] ep  14/90 | train loss=0.0011 top1=1.000 | val loss=0.0032 | t=0.1s
[finetune_replay] ep  15/90 | train loss=0.0014 top1=1.000 | val loss=0.0033 | t=0.1s
[finetune_replay] ep  16/90 | train loss=0.0008 top1=1.000 | val loss=0.0029 | t=0.1s
[finetune_replay] ep  17/90 | train loss=0.0012 top1=1.000 | val loss=0.0028 | t=0.1s  *
[finetune_replay] ep  18/90 | train loss=0.0007 top1=1.000 | val loss=0.0029 | t=0.1s
[finetune_replay] ep  19/90 | train loss=0.0008 top1=1.000 | val loss=0.0030 | t=0.2s
[finetune_replay] ep  20/90 | train loss=0.0007 top1=1.000 | val loss=0.0031 | t=0.1s
[finetune_replay] ep  21/90 | train loss=0.0008 top1=1.000 | val loss=0.0033 | t=0.1s
[finetune_replay] ep  22/90 | train loss=0.0007 top1=1.000 | val loss=0.0030 | t=0.1s
[finetune_replay] ep  23/90 | train loss=0.0008 top1=1.000 | val loss=0.0032 | t=0.1s
[finetune_replay] ep  24/90 | train loss=0.0007 top1=1.000 | val loss=0.0034 | t=0.1s
[finetune_replay] ep  25/90 | train loss=0.0009 top1=1.000 | val loss=0.0029 | t=0.1s
[finetune_replay] ep  26/90 | train loss=0.0008 top1=1.000 | val loss=0.0024 | t=0.1s  *
[finetune_replay] ep  27/90 | train loss=0.0007 top1=1.000 | val loss=0.0019 | t=0.1s  *
[finetune_replay] ep  28/90 | train loss=0.0006 top1=1.000 | val loss=0.0018 | t=0.1s  *
[finetune_replay] ep  29/90 | train loss=0.0007 top1=1.000 | val loss=0.0022 | t=0.1s
[finetune_replay] ep  30/90 | train loss=0.0006 top1=1.000 | val loss=0.0026 | t=0.1s
[finetune_replay] ep  31/90 | train loss=0.0006 top1=1.000 | val loss=0.0023 | t=0.2s
[finetune_replay] ep  32/90 | train loss=0.0006 top1=1.000 | val loss=0.0021 | t=0.1s
[finetune_replay] ep  33/90 | train loss=0.0005 top1=1.000 | val loss=0.0020 | t=0.1s
[finetune_replay] ep  34/90 | train loss=0.0004 top1=1.000 | val loss=0.0019 | t=0.1s
[finetune_replay] ep  35/90 | train loss=0.0006 top1=1.000 | val loss=0.0020 | t=0.1s
[finetune_replay] ep  36/90 | train loss=0.0004 top1=1.000 | val loss=0.0023 | t=0.1s
[finetune_replay] ep  37/90 | train loss=0.0005 top1=1.000 | val loss=0.0026 | t=0.1s
[finetune_replay] ep  38/90 | train loss=0.0005 top1=1.000 | val loss=0.0026 | t=0.1s
[finetune_replay] ep  39/90 | train loss=0.0005 top1=1.000 | val loss=0.0024 | t=0.1s
[finetune_replay] ep  40/90 | train loss=0.0004 top1=1.000 | val loss=0.0023 | t=0.1s
[finetune_replay] ep  41/90 | train loss=0.0006 top1=1.000 | val loss=0.0020 | t=0.1s
[finetune_replay] ep  42/90 | train loss=0.0005 top1=1.000 | val loss=0.0021 | t=0.1s
[finetune_replay] ep  43/90 | train loss=0.0004 top1=1.000 | val loss=0.0021 | t=0.2s
[finetune_replay] ep  44/90 | train loss=0.0004 top1=1.000 | val loss=0.0018 | t=0.1s  *
[finetune_replay] ep  45/90 | train loss=0.0005 top1=1.000 | val loss=0.0016 | t=0.1s  *
[finetune_replay] ep  46/90 | train loss=0.0004 top1=1.000 | val loss=0.0015 | t=0.1s  *
[finetune_replay] ep  47/90 | train loss=0.0005 top1=1.000 | val loss=0.0015 | t=0.1s
[finetune_replay] ep  48/90 | train loss=0.0006 top1=1.000 | val loss=0.0018 | t=0.1s
[finetune_replay] ep  49/90 | train loss=0.0004 top1=1.000 | val loss=0.0020 | t=0.1s
[finetune_replay] ep  50/90 | train loss=0.0005 top1=1.000 | val loss=0.0020 | t=0.1s
[finetune_replay] ep  51/90 | train loss=0.0004 top1=1.000 | val loss=0.0020 | t=0.2s
[finetune_replay] ep  52/90 | train loss=0.0004 top1=1.000 | val loss=0.0019 | t=0.1s
[finetune_replay] ep  53/90 | train loss=0.0005 top1=1.000 | val loss=0.0019 | t=0.1s
[finetune_replay] ep  54/90 | train loss=0.0005 top1=1.000 | val loss=0.0021 | t=0.1s
[finetune_replay] ep  55/90 | train loss=0.0005 top1=1.000 | val loss=0.0020 | t=0.1s
[finetune_replay] ep  56/90 | train loss=0.0004 top1=1.000 | val loss=0.0021 | t=0.1s
[finetune_replay] ep  57/90 | train loss=0.0005 top1=1.000 | val loss=0.0021 | t=0.1s
[finetune_replay] ep  58/90 | train loss=0.0005 top1=1.000 | val loss=0.0020 | t=0.1s
[finetune_replay] ep  59/90 | train loss=0.0005 top1=1.000 | val loss=0.0021 | t=0.1s
[finetune_replay] ep  60/90 | train loss=0.0005 top1=1.000 | val loss=0.0021 | t=0.1s
[finetune_replay] ep  61/90 | train loss=0.0004 top1=1.000 | val loss=0.0020 | t=0.1s
[finetune_replay] ep  62/90 | train loss=0.0006 top1=1.000 | val loss=0.0019 | t=0.1s
[finetune_replay] ep  63/90 | train loss=0.0004 top1=1.000 | val loss=0.0020 | t=0.1s
[finetune_replay] ep  64/90 | train loss=0.0004 top1=1.000 | val loss=0.0019 | t=0.1s
[finetune_replay] ep  65/90 | train loss=0.0005 top1=1.000 | val loss=0.0020 | t=0.1s
[finetune_replay] ep  66/90 | train loss=0.0004 top1=1.000 | val loss=0.0021 | t=0.1s
[finetune_replay] ep  67/90 | train loss=0.0005 top1=1.000 | val loss=0.0023 | t=0.1s
[finetune_replay] ep  68/90 | train loss=0.0005 top1=1.000 | val loss=0.0024 | t=0.1s
[finetune_replay] ep  69/90 | train loss=0.0004 top1=1.000 | val loss=0.0025 | t=0.1s
[finetune_replay] ep  70/90 | train loss=0.0005 top1=1.000 | val loss=0.0023 | t=0.1s
[finetune_replay] ep  71/90 | train loss=0.0004 top1=1.000 | val loss=0.0023 | t=0.1s
[finetune_replay] ep  72/90 | train loss=0.0004 top1=1.000 | val loss=0.0021 | t=0.1s
[finetune_replay] ep  73/90 | train loss=0.0004 top1=1.000 | val loss=0.0020 | t=0.1s
[finetune_replay] ep  74/90 | train loss=0.0004 top1=1.000 | val loss=0.0019 | t=0.1s
[finetune_replay] ep  75/90 | train loss=0.0004 top1=1.000 | val loss=0.0018 | t=0.1s
[finetune_replay] ep  76/90 | train loss=0.0004 top1=1.000 | val loss=0.0019 | t=0.1s
[finetune_replay] ep  77/90 | train loss=0.0004 top1=1.000 | val loss=0.0020 | t=0.1s
[finetune_replay] ep  78/90 | train loss=0.0005 top1=1.000 | val loss=0.0019 | t=0.1s
[finetune_replay] ep  79/90 | train loss=0.0005 top1=1.000 | val loss=0.0019 | t=0.1s
[finetune_replay] ep  80/90 | train loss=0.0004 top1=1.000 | val loss=0.0020 | t=0.1s
[finetune_replay] ep  81/90 | train loss=0.0004 top1=1.000 | val loss=0.0020 | t=0.1s
[finetune_replay] ep  82/90 | train loss=0.0005 top1=1.000 | val loss=0.0020 | t=0.1s
[finetune_replay] ep  83/90 | train loss=0.0004 top1=1.000 | val loss=0.0019 | t=0.1s
[finetune_replay] ep  84/90 | train loss=0.0005 top1=1.000 | val loss=0.0019 | t=0.1s
[finetune_replay] ep  85/90 | train loss=0.0004 top1=1.000 | val loss=0.0019 | t=0.1s
[finetune_replay] ep  86/90 | train loss=0.0004 top1=1.000 | val loss=0.0019 | t=0.1s
[finetune_replay] ep  87/90 | train loss=0.0004 top1=1.000 | val loss=0.0020 | t=0.1s
[finetune_replay] ep  88/90 | train loss=0.0004 top1=1.000 | val loss=0.0019 | t=0.1s
[finetune_replay] ep  89/90 | train loss=0.0005 top1=1.000 | val loss=0.0018 | t=0.1s
[finetune_replay] ep  90/90 | train loss=0.0004 top1=1.000 | val loss=0.0018 | t=0.1s
[finetune_replay] DONE best_val_loss=0.0015 @ epoch 46
[15:16:49] [uncertainty] member 1: $ /home/s226137394/.conda/envs/maze/bin/python3 -u -m Equivariant_pathway.equivariant_CNN_hybrid.baseline_vs_p4.pool_x_selector.trainer.finetune_replay --demo_dir /weka/s226137394/DmNfull/Equivariant_pathway/equivariant_CNN_hybrid/baseline_vs_p4/pool_x_selector/results/run_9/thrifty_dagger/demos --checkpoint_dir /weka/s226137394/DmNfull/Equivariant_pathway/equivariant_CNN_hybrid/baseline_vs_p4/pool_x_selector/results/run_9/thrifty_dagger/checkpoints/member_1 --epochs 90 --batch_size 64 --lr 5e-05 --weight_decay 0.0001 --replay_mix 0.5 --replay_mix_floor 0.2 --seed 110 --resume --new_demos_dir /weka/s226137394/DmNfull/Equivariant_pathway/equivariant_CNN_hybrid/baseline_vs_p4/pool_x_selector/results/run_9/thrifty_dagger/demos/round_011
[finetune_replay] device=cuda demo_dir=/weka/s226137394/DmNfull/Equivariant_pathway/equivariant_CNN_hybrid/baseline_vs_p4/pool_x_selector/results/run_9/thrifty_dagger/demos new_demos_dir=/weka/s226137394/DmNfull/Equivariant_pathway/equivariant_CNN_hybrid/baseline_vs_p4/pool_x_selector/results/run_9/thrifty_dagger/demos/round_011
[hybrid-dataset] 30 demos -> 147 samples
[hybrid-dataset] 1 demos -> 4 samples
[finetune_replay] sampler audit: {'n_old_samples': 147, 'n_new_samples': 4, 'replay_mix_target': 0.5, 'replay_mix_effective': 0.5, 'replay_mix_floor': 0.2}
[finetune_replay] trainable params: 1,400,028
[finetune_replay] WARM START from last_hybrid_policy.pth
[finetune_replay] ep   1/90 | train loss=0.5360 top1=0.868 | val loss=0.0504 | t=0.8s  *
[finetune_replay] ep   2/90 | train loss=0.0279 top1=1.000 | val loss=0.0275 | t=0.3s  *
[finetune_replay] ep   3/90 | train loss=0.0057 top1=1.000 | val loss=0.0539 | t=0.1s
[finetune_replay] ep   4/90 | train loss=0.0056 top1=1.000 | val loss=0.0319 | t=0.2s
[finetune_replay] ep   5/90 | train loss=0.0016 top1=1.000 | val loss=0.0216 | t=0.1s  *
[finetune_replay] ep   6/90 | train loss=0.0030 top1=1.000 | val loss=0.0333 | t=0.1s
[finetune_replay] ep   7/90 | train loss=0.0012 top1=1.000 | val loss=0.0522 | t=0.1s
[finetune_replay] ep   8/90 | train loss=0.0016 top1=1.000 | val loss=0.0410 | t=0.1s
[finetune_replay] ep   9/90 | train loss=0.0013 top1=1.000 | val loss=0.0201 | t=0.1s  *
[finetune_replay] ep  10/90 | train loss=0.0011 top1=1.000 | val loss=0.0146 | t=0.1s  *
[finetune_replay] ep  11/90 | train loss=0.0011 top1=1.000 | val loss=0.0161 | t=0.1s
[finetune_replay] ep  12/90 | train loss=0.0009 top1=1.000 | val loss=0.0217 | t=0.1s
[finetune_replay] ep  13/90 | train loss=0.0012 top1=1.000 | val loss=0.0215 | t=0.1s
[finetune_replay] ep  14/90 | train loss=0.0010 top1=1.000 | val loss=0.0183 | t=0.1s
[finetune_replay] ep  15/90 | train loss=0.0012 top1=1.000 | val loss=0.0231 | t=0.1s
[finetune_replay] ep  16/90 | train loss=0.0009 top1=1.000 | val loss=0.0338 | t=0.1s
[finetune_replay] ep  17/90 | train loss=0.0007 top1=1.000 | val loss=0.0367 | t=0.1s
[finetune_replay] ep  18/90 | train loss=0.0006 top1=1.000 | val loss=0.0291 | t=0.1s
[finetune_replay] ep  19/90 | train loss=0.0009 top1=1.000 | val loss=0.0187 | t=0.1s
[finetune_replay] ep  20/90 | train loss=0.0007 top1=1.000 | val loss=0.0170 | t=0.1s
[finetune_replay] ep  21/90 | train loss=0.0006 top1=1.000 | val loss=0.0201 | t=0.2s
[finetune_replay] ep  22/90 | train loss=0.0005 top1=1.000 | val loss=0.0258 | t=0.1s
[finetune_replay] ep  23/90 | train loss=0.0008 top1=1.000 | val loss=0.0294 | t=0.1s
[finetune_replay] ep  24/90 | train loss=0.0007 top1=1.000 | val loss=0.0289 | t=0.1s
[finetune_replay] ep  25/90 | train loss=0.0006 top1=1.000 | val loss=0.0283 | t=0.1s
[finetune_replay] ep  26/90 | train loss=0.0005 top1=1.000 | val loss=0.0265 | t=0.1s
[finetune_replay] ep  27/90 | train loss=0.0005 top1=1.000 | val loss=0.0306 | t=0.1s
[finetune_replay] ep  28/90 | train loss=0.0005 top1=1.000 | val loss=0.0287 | t=0.1s
[finetune_replay] ep  29/90 | train loss=0.0005 top1=1.000 | val loss=0.0172 | t=0.1s
[finetune_replay] ep  30/90 | train loss=0.0006 top1=1.000 | val loss=0.0183 | t=0.1s
[finetune_replay] ep  31/90 | train loss=0.0005 top1=1.000 | val loss=0.0262 | t=0.1s
[finetune_replay] ep  32/90 | train loss=0.0006 top1=1.000 | val loss=0.0384 | t=0.1s
[finetune_replay] ep  33/90 | train loss=0.0006 top1=1.000 | val loss=0.0376 | t=0.1s
[finetune_replay] ep  34/90 | train loss=0.0006 top1=1.000 | val loss=0.0279 | t=0.1s
[finetune_replay] ep  35/90 | train loss=0.0005 top1=1.000 | val loss=0.0209 | t=0.1s
[finetune_replay] ep  36/90 | train loss=0.0004 top1=1.000 | val loss=0.0182 | t=0.1s
[finetune_replay] ep  37/90 | train loss=0.0004 top1=1.000 | val loss=0.0199 | t=0.1s
[finetune_replay] ep  38/90 | train loss=0.0005 top1=1.000 | val loss=0.0216 | t=0.1s
[finetune_replay] ep  39/90 | train loss=0.0006 top1=1.000 | val loss=0.0231 | t=0.1s
[finetune_replay] ep  40/90 | train loss=0.0003 top1=1.000 | val loss=0.0238 | t=0.1s
[finetune_replay] ep  41/90 | train loss=0.0004 top1=1.000 | val loss=0.0258 | t=0.1s
[finetune_replay] ep  42/90 | train loss=0.0005 top1=1.000 | val loss=0.0336 | t=0.2s
[finetune_replay] ep  43/90 | train loss=0.0004 top1=1.000 | val loss=0.0328 | t=0.1s
[finetune_replay] ep  44/90 | train loss=0.0006 top1=1.000 | val loss=0.0264 | t=0.1s
[finetune_replay] ep  45/90 | train loss=0.0004 top1=1.000 | val loss=0.0225 | t=0.1s
[finetune_replay] ep  46/90 | train loss=0.0004 top1=1.000 | val loss=0.0215 | t=0.1s
[finetune_replay] ep  47/90 | train loss=0.0004 top1=1.000 | val loss=0.0231 | t=0.1s
[finetune_replay] ep  48/90 | train loss=0.0004 top1=1.000 | val loss=0.0233 | t=0.1s
[finetune_replay] ep  49/90 | train loss=0.0005 top1=1.000 | val loss=0.0247 | t=0.1s
[finetune_replay] ep  50/90 | train loss=0.0004 top1=1.000 | val loss=0.0255 | t=0.1s
[finetune_replay] ep  51/90 | train loss=0.0004 top1=1.000 | val loss=0.0253 | t=0.1s
[finetune_replay] ep  52/90 | train loss=0.0005 top1=1.000 | val loss=0.0244 | t=0.1s
[finetune_replay] ep  53/90 | train loss=0.0004 top1=1.000 | val loss=0.0252 | t=0.1s
[finetune_replay] ep  54/90 | train loss=0.0003 top1=1.000 | val loss=0.0274 | t=0.1s
[finetune_replay] ep  55/90 | train loss=0.0004 top1=1.000 | val loss=0.0260 | t=0.1s
[finetune_replay] ep  56/90 | train loss=0.0005 top1=1.000 | val loss=0.0259 | t=0.1s
[finetune_replay] ep  57/90 | train loss=0.0003 top1=1.000 | val loss=0.0255 | t=0.1s
[finetune_replay] ep  58/90 | train loss=0.0005 top1=1.000 | val loss=0.0248 | t=0.1s
[finetune_replay] ep  59/90 | train loss=0.0003 top1=1.000 | val loss=0.0242 | t=0.1s
[finetune_replay] ep  60/90 | train loss=0.0004 top1=1.000 | val loss=0.0258 | t=0.1s
[finetune_replay] ep  61/90 | train loss=0.0003 top1=1.000 | val loss=0.0283 | t=0.1s
[finetune_replay] ep  62/90 | train loss=0.0003 top1=1.000 | val loss=0.0290 | t=0.1s
[finetune_replay] ep  63/90 | train loss=0.0004 top1=1.000 | val loss=0.0290 | t=0.1s
[finetune_replay] ep  64/90 | train loss=0.0003 top1=1.000 | val loss=0.0277 | t=0.1s
[finetune_replay] ep  65/90 | train loss=0.0004 top1=1.000 | val loss=0.0280 | t=0.1s
[finetune_replay] ep  66/90 | train loss=0.0003 top1=1.000 | val loss=0.0278 | t=0.1s
[finetune_replay] ep  67/90 | train loss=0.0003 top1=1.000 | val loss=0.0278 | t=0.1s
[finetune_replay] ep  68/90 | train loss=0.0004 top1=1.000 | val loss=0.0267 | t=0.1s
[finetune_replay] ep  69/90 | train loss=0.0004 top1=1.000 | val loss=0.0260 | t=0.1s
[finetune_replay] ep  70/90 | train loss=0.0003 top1=1.000 | val loss=0.0259 | t=0.1s
[finetune_replay] ep  71/90 | train loss=0.0004 top1=1.000 | val loss=0.0266 | t=0.1s
[finetune_replay] ep  72/90 | train loss=0.0003 top1=1.000 | val loss=0.0264 | t=0.1s
[finetune_replay] ep  73/90 | train loss=0.0003 top1=1.000 | val loss=0.0269 | t=0.1s
[finetune_replay] ep  74/90 | train loss=0.0003 top1=1.000 | val loss=0.0270 | t=0.1s
[finetune_replay] ep  75/90 | train loss=0.0003 top1=1.000 | val loss=0.0265 | t=0.1s
[finetune_replay] ep  76/90 | train loss=0.0004 top1=1.000 | val loss=0.0266 | t=0.1s
[finetune_replay] ep  77/90 | train loss=0.0004 top1=1.000 | val loss=0.0276 | t=0.1s
[finetune_replay] ep  78/90 | train loss=0.0004 top1=1.000 | val loss=0.0276 | t=0.1s
[finetune_replay] ep  79/90 | train loss=0.0003 top1=1.000 | val loss=0.0271 | t=0.1s
[finetune_replay] ep  80/90 | train loss=0.0003 top1=1.000 | val loss=0.0267 | t=0.1s
[finetune_replay] ep  81/90 | train loss=0.0004 top1=1.000 | val loss=0.0270 | t=0.1s
[finetune_replay] ep  82/90 | train loss=0.0003 top1=1.000 | val loss=0.0266 | t=0.1s
[finetune_replay] ep  83/90 | train loss=0.0003 top1=1.000 | val loss=0.0259 | t=0.1s
[finetune_replay] ep  84/90 | train loss=0.0004 top1=1.000 | val loss=0.0256 | t=0.1s
[finetune_replay] ep  85/90 | train loss=0.0003 top1=1.000 | val loss=0.0267 | t=0.1s
[finetune_replay] ep  86/90 | train loss=0.0004 top1=1.000 | val loss=0.0270 | t=0.1s
[finetune_replay] ep  87/90 | train loss=0.0003 top1=1.000 | val loss=0.0280 | t=0.1s
[finetune_replay] ep  88/90 | train loss=0.0004 top1=1.000 | val loss=0.0274 | t=0.1s
[finetune_replay] ep  89/90 | train loss=0.0003 top1=1.000 | val loss=0.0274 | t=0.1s
[finetune_replay] ep  90/90 | train loss=0.0003 top1=1.000 | val loss=0.0274 | t=0.1s
[finetune_replay] DONE best_val_loss=0.0146 @ epoch 10
[15:17:15] [uncertainty] member 2: $ /home/s226137394/.conda/envs/maze/bin/python3 -u -m Equivariant_pathway.equivariant_CNN_hybrid.baseline_vs_p4.pool_x_selector.trainer.finetune_replay --demo_dir /weka/s226137394/DmNfull/Equivariant_pathway/equivariant_CNN_hybrid/baseline_vs_p4/pool_x_selector/results/run_9/thrifty_dagger/demos --checkpoint_dir /weka/s226137394/DmNfull/Equivariant_pathway/equivariant_CNN_hybrid/baseline_vs_p4/pool_x_selector/results/run_9/thrifty_dagger/checkpoints/member_2 --epochs 90 --batch_size 64 --lr 5e-05 --weight_decay 0.0001 --replay_mix 0.5 --replay_mix_floor 0.2 --seed 211 --resume --new_demos_dir /weka/s226137394/DmNfull/Equivariant_pathway/equivariant_CNN_hybrid/baseline_vs_p4/pool_x_selector/results/run_9/thrifty_dagger/demos/round_011
[finetune_replay] device=cuda demo_dir=/weka/s226137394/DmNfull/Equivariant_pathway/equivariant_CNN_hybrid/baseline_vs_p4/pool_x_selector/results/run_9/thrifty_dagger/demos new_demos_dir=/weka/s226137394/DmNfull/Equivariant_pathway/equivariant_CNN_hybrid/baseline_vs_p4/pool_x_selector/results/run_9/thrifty_dagger/demos/round_011
[hybrid-dataset] 30 demos -> 147 samples
[hybrid-dataset] 1 demos -> 4 samples
[finetune_replay] sampler audit: {'n_old_samples': 147, 'n_new_samples': 4, 'replay_mix_target': 0.5, 'replay_mix_effective': 0.5, 'replay_mix_floor': 0.2}
[finetune_replay] trainable params: 1,400,028
[finetune_replay] WARM START from last_hybrid_policy.pth
[finetune_replay] ep   1/90 | train loss=0.4548 top1=0.824 | val loss=0.0291 | t=0.9s  *
[finetune_replay] ep   2/90 | train loss=0.0296 top1=1.000 | val loss=0.0068 | t=0.2s  *
[finetune_replay] ep   3/90 | train loss=0.0081 top1=1.000 | val loss=0.0076 | t=0.1s
[finetune_replay] ep   4/90 | train loss=0.0060 top1=1.000 | val loss=0.0042 | t=0.1s  *
[finetune_replay] ep   5/90 | train loss=0.0027 top1=1.000 | val loss=0.0017 | t=0.1s  *
[finetune_replay] ep   6/90 | train loss=0.0021 top1=1.000 | val loss=0.0011 | t=0.1s  *
[finetune_replay] ep   7/90 | train loss=0.0019 top1=1.000 | val loss=0.0014 | t=0.1s
[finetune_replay] ep   8/90 | train loss=0.0025 top1=1.000 | val loss=0.0010 | t=0.1s  *
[finetune_replay] ep   9/90 | train loss=0.0020 top1=1.000 | val loss=0.0010 | t=0.1s  *
[finetune_replay] ep  10/90 | train loss=0.0014 top1=1.000 | val loss=0.0010 | t=0.1s
[finetune_replay] ep  11/90 | train loss=0.0016 top1=1.000 | val loss=0.0011 | t=0.1s
[finetune_replay] ep  12/90 | train loss=0.0013 top1=1.000 | val loss=0.0013 | t=0.1s
[finetune_replay] ep  13/90 | train loss=0.0010 top1=1.000 | val loss=0.0015 | t=0.1s
[finetune_replay] ep  14/90 | train loss=0.0015 top1=1.000 | val loss=0.0014 | t=0.1s
[finetune_replay] ep  15/90 | train loss=0.0009 top1=1.000 | val loss=0.0013 | t=0.1s
[finetune_replay] ep  16/90 | train loss=0.0009 top1=1.000 | val loss=0.0011 | t=0.1s
[finetune_replay] ep  17/90 | train loss=0.0008 top1=1.000 | val loss=0.0011 | t=0.1s
[finetune_replay] ep  18/90 | train loss=0.0008 top1=1.000 | val loss=0.0012 | t=0.1s
[finetune_replay] ep  19/90 | train loss=0.0011 top1=1.000 | val loss=0.0011 | t=0.1s
[finetune_replay] ep  20/90 | train loss=0.0008 top1=1.000 | val loss=0.0011 | t=0.1s
[finetune_replay] ep  21/90 | train loss=0.0008 top1=1.000 | val loss=0.0010 | t=0.1s
[finetune_replay] ep  22/90 | train loss=0.0008 top1=1.000 | val loss=0.0009 | t=0.1s  *
[finetune_replay] ep  23/90 | train loss=0.0007 top1=1.000 | val loss=0.0010 | t=0.1s
[finetune_replay] ep  24/90 | train loss=0.0007 top1=1.000 | val loss=0.0011 | t=0.1s
[finetune_replay] ep  25/90 | train loss=0.0007 top1=1.000 | val loss=0.0011 | t=0.1s
[finetune_replay] ep  26/90 | train loss=0.0006 top1=1.000 | val loss=0.0011 | t=0.1s
[finetune_replay] ep  27/90 | train loss=0.0008 top1=1.000 | val loss=0.0012 | t=0.1s
[finetune_replay] ep  28/90 | train loss=0.0007 top1=1.000 | val loss=0.0011 | t=0.1s
[finetune_replay] ep  29/90 | train loss=0.0005 top1=1.000 | val loss=0.0011 | t=0.1s
[finetune_replay] ep  30/90 | train loss=0.0006 top1=1.000 | val loss=0.0010 | t=0.1s
[finetune_replay] ep  31/90 | train loss=0.0005 top1=1.000 | val loss=0.0010 | t=0.1s
[finetune_replay] ep  32/90 | train loss=0.0005 top1=1.000 | val loss=0.0009 | t=0.1s
[finetune_replay] ep  33/90 | train loss=0.0006 top1=1.000 | val loss=0.0009 | t=0.1s  *
[finetune_replay] ep  34/90 | train loss=0.0006 top1=1.000 | val loss=0.0009 | t=0.1s
[finetune_replay] ep  35/90 | train loss=0.0005 top1=1.000 | val loss=0.0009 | t=0.1s
[finetune_replay] ep  36/90 | train loss=0.0005 top1=1.000 | val loss=0.0009 | t=0.1s
[finetune_replay] ep  37/90 | train loss=0.0006 top1=1.000 | val loss=0.0010 | t=0.1s
[finetune_replay] ep  38/90 | train loss=0.0005 top1=1.000 | val loss=0.0009 | t=0.1s
[finetune_replay] ep  39/90 | train loss=0.0004 top1=1.000 | val loss=0.0009 | t=0.1s  *
[finetune_replay] ep  40/90 | train loss=0.0005 top1=1.000 | val loss=0.0008 | t=0.1s  *
[finetune_replay] ep  41/90 | train loss=0.0005 top1=1.000 | val loss=0.0008 | t=0.1s
[finetune_replay] ep  42/90 | train loss=0.0005 top1=1.000 | val loss=0.0009 | t=0.1s
[finetune_replay] ep  43/90 | train loss=0.0005 top1=1.000 | val loss=0.0010 | t=0.1s
[finetune_replay] ep  44/90 | train loss=0.0006 top1=1.000 | val loss=0.0009 | t=0.1s
[finetune_replay] ep  45/90 | train loss=0.0005 top1=1.000 | val loss=0.0009 | t=0.1s
[finetune_replay] ep  46/90 | train loss=0.0005 top1=1.000 | val loss=0.0009 | t=0.1s
[finetune_replay] ep  47/90 | train loss=0.0004 top1=1.000 | val loss=0.0010 | t=0.1s
[finetune_replay] ep  48/90 | train loss=0.0005 top1=1.000 | val loss=0.0010 | t=0.1s
[finetune_replay] ep  49/90 | train loss=0.0004 top1=1.000 | val loss=0.0010 | t=0.1s
[finetune_replay] ep  50/90 | train loss=0.0006 top1=1.000 | val loss=0.0010 | t=0.1s
[finetune_replay] ep  51/90 | train loss=0.0005 top1=1.000 | val loss=0.0009 | t=0.1s
[finetune_replay] ep  52/90 | train loss=0.0004 top1=1.000 | val loss=0.0009 | t=0.1s
[finetune_replay] ep  53/90 | train loss=0.0004 top1=1.000 | val loss=0.0009 | t=0.1s
[finetune_replay] ep  54/90 | train loss=0.0004 top1=1.000 | val loss=0.0009 | t=0.1s
[finetune_replay] ep  55/90 | train loss=0.0005 top1=1.000 | val loss=0.0009 | t=0.1s
[finetune_replay] ep  56/90 | train loss=0.0004 top1=1.000 | val loss=0.0009 | t=0.1s
[finetune_replay] ep  57/90 | train loss=0.0005 top1=1.000 | val loss=0.0009 | t=0.1s
[finetune_replay] ep  58/90 | train loss=0.0004 top1=1.000 | val loss=0.0009 | t=0.1s
[finetune_replay] ep  59/90 | train loss=0.0004 top1=1.000 | val loss=0.0009 | t=0.1s
[finetune_replay] ep  60/90 | train loss=0.0005 top1=1.000 | val loss=0.0008 | t=0.1s
[finetune_replay] ep  61/90 | train loss=0.0004 top1=1.000 | val loss=0.0008 | t=0.1s  *
[finetune_replay] ep  62/90 | train loss=0.0004 top1=1.000 | val loss=0.0008 | t=0.1s  *
[finetune_replay] ep  63/90 | train loss=0.0004 top1=1.000 | val loss=0.0008 | t=0.1s
[finetune_replay] ep  64/90 | train loss=0.0004 top1=1.000 | val loss=0.0008 | t=0.1s
[finetune_replay] ep  65/90 | train loss=0.0003 top1=1.000 | val loss=0.0008 | t=0.1s
[finetune_replay] ep  66/90 | train loss=0.0004 top1=1.000 | val loss=0.0009 | t=0.1s
[finetune_replay] ep  67/90 | train loss=0.0005 top1=1.000 | val loss=0.0009 | t=0.1s
[finetune_replay] ep  68/90 | train loss=0.0004 top1=1.000 | val loss=0.0008 | t=0.1s
[finetune_replay] ep  69/90 | train loss=0.0004 top1=1.000 | val loss=0.0008 | t=0.1s
[finetune_replay] ep  70/90 | train loss=0.0004 top1=1.000 | val loss=0.0008 | t=0.1s
[finetune_replay] ep  71/90 | train loss=0.0004 top1=1.000 | val loss=0.0009 | t=0.1s
[finetune_replay] ep  72/90 | train loss=0.0003 top1=1.000 | val loss=0.0009 | t=0.1s
[finetune_replay] ep  73/90 | train loss=0.0003 top1=1.000 | val loss=0.0009 | t=0.1s
[finetune_replay] ep  74/90 | train loss=0.0004 top1=1.000 | val loss=0.0009 | t=0.1s
[finetune_replay] ep  75/90 | train loss=0.0004 top1=1.000 | val loss=0.0009 | t=0.1s
[finetune_replay] ep  76/90 | train loss=0.0004 top1=1.000 | val loss=0.0008 | t=0.1s
[finetune_replay] ep  77/90 | train loss=0.0004 top1=1.000 | val loss=0.0009 | t=0.1s
[finetune_replay] ep  78/90 | train loss=0.0004 top1=1.000 | val loss=0.0009 | t=0.1s
[finetune_replay] ep  79/90 | train loss=0.0004 top1=1.000 | val loss=0.0009 | t=0.1s
[finetune_replay] ep  80/90 | train loss=0.0004 top1=1.000 | val loss=0.0009 | t=0.1s
[finetune_replay] ep  81/90 | train loss=0.0004 top1=1.000 | val loss=0.0008 | t=0.1s
[finetune_replay] ep  82/90 | train loss=0.0004 top1=1.000 | val loss=0.0009 | t=0.1s
[finetune_replay] ep  83/90 | train loss=0.0004 top1=1.000 | val loss=0.0008 | t=0.1s
[finetune_replay] ep  84/90 | train loss=0.0004 top1=1.000 | val loss=0.0008 | t=0.1s
[finetune_replay] ep  85/90 | train loss=0.0005 top1=1.000 | val loss=0.0008 | t=0.1s
[finetune_replay] ep  86/90 | train loss=0.0003 top1=1.000 | val loss=0.0008 | t=0.1s
[finetune_replay] ep  87/90 | train loss=0.0004 top1=1.000 | val loss=0.0008 | t=0.1s
[finetune_replay] ep  88/90 | train loss=0.0004 top1=1.000 | val loss=0.0008 | t=0.1s
[finetune_replay] ep  89/90 | train loss=0.0003 top1=1.000 | val loss=0.0009 | t=0.1s
[finetune_replay] ep  90/90 | train loss=0.0004 top1=1.000 | val loss=0.0008 | t=0.1s
[finetune_replay] DONE best_val_loss=0.0008 @ epoch 62
[15:17:41] [uncertainty] member 3: $ /home/s226137394/.conda/envs/maze/bin/python3 -u -m Equivariant_pathway.equivariant_CNN_hybrid.baseline_vs_p4.pool_x_selector.trainer.finetune_replay --demo_dir /weka/s226137394/DmNfull/Equivariant_pathway/equivariant_CNN_hybrid/baseline_vs_p4/pool_x_selector/results/run_9/thrifty_dagger/demos --checkpoint_dir /weka/s226137394/DmNfull/Equivariant_pathway/equivariant_CNN_hybrid/baseline_vs_p4/pool_x_selector/results/run_9/thrifty_dagger/checkpoints/member_3 --epochs 90 --batch_size 64 --lr 5e-05 --weight_decay 0.0001 --replay_mix 0.5 --replay_mix_floor 0.2 --seed 312 --resume --new_demos_dir /weka/s226137394/DmNfull/Equivariant_pathway/equivariant_CNN_hybrid/baseline_vs_p4/pool_x_selector/results/run_9/thrifty_dagger/demos/round_011
[finetune_replay] device=cuda demo_dir=/weka/s226137394/DmNfull/Equivariant_pathway/equivariant_CNN_hybrid/baseline_vs_p4/pool_x_selector/results/run_9/thrifty_dagger/demos new_demos_dir=/weka/s226137394/DmNfull/Equivariant_pathway/equivariant_CNN_hybrid/baseline_vs_p4/pool_x_selector/results/run_9/thrifty_dagger/demos/round_011
[hybrid-dataset] 30 demos -> 147 samples
[hybrid-dataset] 1 demos -> 4 samples
[finetune_replay] sampler audit: {'n_old_samples': 147, 'n_new_samples': 4, 'replay_mix_target': 0.5, 'replay_mix_effective': 0.5, 'replay_mix_floor': 0.2}
[finetune_replay] trainable params: 1,400,028
[finetune_replay] WARM START from last_hybrid_policy.pth
[finetune_replay] ep   1/90 | train loss=0.4334 top1=0.838 | val loss=0.0034 | t=0.8s  *
[finetune_replay] ep   2/90 | train loss=0.0452 top1=1.000 | val loss=0.0155 | t=0.2s
[finetune_replay] ep   3/90 | train loss=0.0193 top1=1.000 | val loss=0.0089 | t=0.1s
[finetune_replay] ep   4/90 | train loss=0.0088 top1=1.000 | val loss=0.0061 | t=0.1s
[finetune_replay] ep   5/90 | train loss=0.0041 top1=1.000 | val loss=0.0066 | t=0.1s
[finetune_replay] ep   6/90 | train loss=0.0028 top1=1.000 | val loss=0.0056 | t=0.2s
[finetune_replay] ep   7/90 | train loss=0.0024 top1=1.000 | val loss=0.0036 | t=0.2s
[finetune_replay] ep   8/90 | train loss=0.0020 top1=1.000 | val loss=0.0032 | t=0.1s  *
[finetune_replay] ep   9/90 | train loss=0.0018 top1=1.000 | val loss=0.0038 | t=0.1s
[finetune_replay] ep  10/90 | train loss=0.0018 top1=1.000 | val loss=0.0039 | t=0.1s
[finetune_replay] ep  11/90 | train loss=0.0014 top1=1.000 | val loss=0.0038 | t=0.1s
[finetune_replay] ep  12/90 | train loss=0.0016 top1=1.000 | val loss=0.0033 | t=0.1s
[finetune_replay] ep  13/90 | train loss=0.0012 top1=1.000 | val loss=0.0040 | t=0.1s
[finetune_replay] ep  14/90 | train loss=0.0012 top1=1.000 | val loss=0.0035 | t=0.1s
[finetune_replay] ep  15/90 | train loss=0.0011 top1=1.000 | val loss=0.0038 | t=0.1s
[finetune_replay] ep  16/90 | train loss=0.0009 top1=1.000 | val loss=0.0043 | t=0.1s
[finetune_replay] ep  17/90 | train loss=0.0009 top1=1.000 | val loss=0.0051 | t=0.2s
[finetune_replay] ep  18/90 | train loss=0.0012 top1=1.000 | val loss=0.0032 | t=0.1s
[finetune_replay] ep  19/90 | train loss=0.0010 top1=1.000 | val loss=0.0017 | t=0.1s  *
[finetune_replay] ep  20/90 | train loss=0.0010 top1=1.000 | val loss=0.0014 | t=0.1s  *
[finetune_replay] ep  21/90 | train loss=0.0011 top1=1.000 | val loss=0.0016 | t=0.1s
[finetune_replay] ep  22/90 | train loss=0.0010 top1=1.000 | val loss=0.0022 | t=0.2s
[finetune_replay] ep  23/90 | train loss=0.0009 top1=1.000 | val loss=0.0025 | t=0.1s
[finetune_replay] ep  24/90 | train loss=0.0008 top1=1.000 | val loss=0.0030 | t=0.1s
[finetune_replay] ep  25/90 | train loss=0.0008 top1=1.000 | val loss=0.0036 | t=0.1s
[finetune_replay] ep  26/90 | train loss=0.0009 top1=1.000 | val loss=0.0038 | t=0.1s
[finetune_replay] ep  27/90 | train loss=0.0007 top1=1.000 | val loss=0.0034 | t=0.1s
[finetune_replay] ep  28/90 | train loss=0.0007 top1=1.000 | val loss=0.0029 | t=0.1s
[finetune_replay] ep  29/90 | train loss=0.0007 top1=1.000 | val loss=0.0024 | t=0.1s
[finetune_replay] ep  30/90 | train loss=0.0006 top1=1.000 | val loss=0.0019 | t=0.1s
[finetune_replay] ep  31/90 | train loss=0.0006 top1=1.000 | val loss=0.0020 | t=0.1s
[finetune_replay] ep  32/90 | train loss=0.0006 top1=1.000 | val loss=0.0022 | t=0.1s
[finetune_replay] ep  33/90 | train loss=0.0006 top1=1.000 | val loss=0.0024 | t=0.1s
[finetune_replay] ep  34/90 | train loss=0.0008 top1=1.000 | val loss=0.0029 | t=0.1s
[finetune_replay] ep  35/90 | train loss=0.0008 top1=1.000 | val loss=0.0032 | t=0.1s
[finetune_replay] ep  36/90 | train loss=0.0006 top1=1.000 | val loss=0.0035 | t=0.1s
[finetune_replay] ep  37/90 | train loss=0.0006 top1=1.000 | val loss=0.0033 | t=0.1s
[finetune_replay] ep  38/90 | train loss=0.0005 top1=1.000 | val loss=0.0030 | t=0.1s
[finetune_replay] ep  39/90 | train loss=0.0006 top1=1.000 | val loss=0.0030 | t=0.1s
[finetune_replay] ep  40/90 | train loss=0.0006 top1=1.000 | val loss=0.0030 | t=0.1s
[finetune_replay] ep  41/90 | train loss=0.0006 top1=1.000 | val loss=0.0028 | t=0.1s
[finetune_replay] ep  42/90 | train loss=0.0006 top1=1.000 | val loss=0.0030 | t=0.2s
[finetune_replay] ep  43/90 | train loss=0.0007 top1=1.000 | val loss=0.0029 | t=0.1s
[finetune_replay] ep  44/90 | train loss=0.0006 top1=1.000 | val loss=0.0027 | t=0.1s
[finetune_replay] ep  45/90 | train loss=0.0006 top1=1.000 | val loss=0.0028 | t=0.1s
[finetune_replay] ep  46/90 | train loss=0.0005 top1=1.000 | val loss=0.0031 | t=0.1s
[finetune_replay] ep  47/90 | train loss=0.0006 top1=1.000 | val loss=0.0031 | t=0.1s
[finetune_replay] ep  48/90 | train loss=0.0005 top1=1.000 | val loss=0.0031 | t=0.1s
[finetune_replay] ep  49/90 | train loss=0.0006 top1=1.000 | val loss=0.0030 | t=0.1s
[finetune_replay] ep  50/90 | train loss=0.0006 top1=1.000 | val loss=0.0030 | t=0.1s
[finetune_replay] ep  51/90 | train loss=0.0005 top1=1.000 | val loss=0.0029 | t=0.1s
[finetune_replay] ep  52/90 | train loss=0.0006 top1=1.000 | val loss=0.0027 | t=0.1s
[finetune_replay] ep  53/90 | train loss=0.0004 top1=1.000 | val loss=0.0026 | t=0.1s
[finetune_replay] ep  54/90 | train loss=0.0005 top1=1.000 | val loss=0.0024 | t=0.1s
[finetune_replay] ep  55/90 | train loss=0.0006 top1=1.000 | val loss=0.0025 | t=0.1s
[finetune_replay] ep  56/90 | train loss=0.0005 top1=1.000 | val loss=0.0026 | t=0.1s
[finetune_replay] ep  57/90 | train loss=0.0005 top1=1.000 | val loss=0.0025 | t=0.1s
[finetune_replay] ep  58/90 | train loss=0.0006 top1=1.000 | val loss=0.0026 | t=0.1s
[finetune_replay] ep  59/90 | train loss=0.0006 top1=1.000 | val loss=0.0027 | t=0.1s
[finetune_replay] ep  60/90 | train loss=0.0005 top1=1.000 | val loss=0.0026 | t=0.1s
[finetune_replay] ep  61/90 | train loss=0.0005 top1=1.000 | val loss=0.0026 | t=0.1s
[finetune_replay] ep  62/90 | train loss=0.0004 top1=1.000 | val loss=0.0027 | t=0.1s
[finetune_replay] ep  63/90 | train loss=0.0005 top1=1.000 | val loss=0.0030 | t=0.1s
[finetune_replay] ep  64/90 | train loss=0.0005 top1=1.000 | val loss=0.0028 | t=0.1s
[finetune_replay] ep  65/90 | train loss=0.0005 top1=1.000 | val loss=0.0027 | t=0.1s
[finetune_replay] ep  66/90 | train loss=0.0004 top1=1.000 | val loss=0.0028 | t=0.1s
[finetune_replay] ep  67/90 | train loss=0.0006 top1=1.000 | val loss=0.0028 | t=0.1s
[finetune_replay] ep  68/90 | train loss=0.0005 top1=1.000 | val loss=0.0031 | t=0.1s
[finetune_replay] ep  69/90 | train loss=0.0005 top1=1.000 | val loss=0.0031 | t=0.1s
[finetune_replay] ep  70/90 | train loss=0.0005 top1=1.000 | val loss=0.0028 | t=0.1s
[finetune_replay] ep  71/90 | train loss=0.0005 top1=1.000 | val loss=0.0026 | t=0.1s
[finetune_replay] ep  72/90 | train loss=0.0005 top1=1.000 | val loss=0.0024 | t=0.1s
[finetune_replay] ep  73/90 | train loss=0.0005 top1=1.000 | val loss=0.0024 | t=0.1s
[finetune_replay] ep  74/90 | train loss=0.0005 top1=1.000 | val loss=0.0023 | t=0.1s
[finetune_replay] ep  75/90 | train loss=0.0004 top1=1.000 | val loss=0.0024 | t=0.1s
[finetune_replay] ep  76/90 | train loss=0.0004 top1=1.000 | val loss=0.0024 | t=0.1s
[finetune_replay] ep  77/90 | train loss=0.0005 top1=1.000 | val loss=0.0025 | t=0.1s
[finetune_replay] ep  78/90 | train loss=0.0004 top1=1.000 | val loss=0.0027 | t=0.1s
[finetune_replay] ep  79/90 | train loss=0.0005 top1=1.000 | val loss=0.0028 | t=0.1s
[finetune_replay] ep  80/90 | train loss=0.0004 top1=1.000 | val loss=0.0027 | t=0.1s
[finetune_replay] ep  81/90 | train loss=0.0004 top1=1.000 | val loss=0.0028 | t=0.1s
[finetune_replay] ep  82/90 | train loss=0.0004 top1=1.000 | val loss=0.0028 | t=0.1s
[finetune_replay] ep  83/90 | train loss=0.0005 top1=1.000 | val loss=0.0027 | t=0.1s
[finetune_replay] ep  84/90 | train loss=0.0005 top1=1.000 | val loss=0.0028 | t=0.1s
[finetune_replay] ep  85/90 | train loss=0.0005 top1=1.000 | val loss=0.0027 | t=0.1s
[finetune_replay] ep  86/90 | train loss=0.0005 top1=1.000 | val loss=0.0028 | t=0.1s
[finetune_replay] ep  87/90 | train loss=0.0006 top1=1.000 | val loss=0.0028 | t=0.1s
[finetune_replay] ep  88/90 | train loss=0.0005 top1=1.000 | val loss=0.0028 | t=0.1s
[finetune_replay] ep  89/90 | train loss=0.0004 top1=1.000 | val loss=0.0027 | t=0.1s
[finetune_replay] ep  90/90 | train loss=0.0004 top1=1.000 | val loss=0.0027 | t=0.1s
[finetune_replay] DONE best_val_loss=0.0014 @ epoch 20
[15:18:07] [uncertainty] member 4: $ /home/s226137394/.conda/envs/maze/bin/python3 -u -m Equivariant_pathway.equivariant_CNN_hybrid.baseline_vs_p4.pool_x_selector.trainer.finetune_replay --demo_dir /weka/s226137394/DmNfull/Equivariant_pathway/equivariant_CNN_hybrid/baseline_vs_p4/pool_x_selector/results/run_9/thrifty_dagger/demos --checkpoint_dir /weka/s226137394/DmNfull/Equivariant_pathway/equivariant_CNN_hybrid/baseline_vs_p4/pool_x_selector/results/run_9/thrifty_dagger/checkpoints/member_4 --epochs 90 --batch_size 64 --lr 5e-05 --weight_decay 0.0001 --replay_mix 0.5 --replay_mix_floor 0.2 --seed 413 --resume --new_demos_dir /weka/s226137394/DmNfull/Equivariant_pathway/equivariant_CNN_hybrid/baseline_vs_p4/pool_x_selector/results/run_9/thrifty_dagger/demos/round_011
[finetune_replay] device=cuda demo_dir=/weka/s226137394/DmNfull/Equivariant_pathway/equivariant_CNN_hybrid/baseline_vs_p4/pool_x_selector/results/run_9/thrifty_dagger/demos new_demos_dir=/weka/s226137394/DmNfull/Equivariant_pathway/equivariant_CNN_hybrid/baseline_vs_p4/pool_x_selector/results/run_9/thrifty_dagger/demos/round_011
[hybrid-dataset] 30 demos -> 147 samples
[hybrid-dataset] 1 demos -> 4 samples
[finetune_replay] sampler audit: {'n_old_samples': 147, 'n_new_samples': 4, 'replay_mix_target': 0.5, 'replay_mix_effective': 0.5, 'replay_mix_floor': 0.2}
[finetune_replay] trainable params: 1,400,028
[finetune_replay] WARM START from last_hybrid_policy.pth
[finetune_replay] ep   1/90 | train loss=0.3186 top1=0.897 | val loss=0.0191 | t=1.0s  *
[finetune_replay] ep   2/90 | train loss=0.0385 top1=1.000 | val loss=0.0072 | t=0.2s  *
[finetune_replay] ep   3/90 | train loss=0.0095 top1=1.000 | val loss=0.0060 | t=0.1s  *
[finetune_replay] ep   4/90 | train loss=0.0075 top1=1.000 | val loss=0.0047 | t=0.1s  *
[finetune_replay] ep   5/90 | train loss=0.0050 top1=1.000 | val loss=0.0039 | t=0.1s  *
[finetune_replay] ep   6/90 | train loss=0.0035 top1=1.000 | val loss=0.0043 | t=0.1s
[finetune_replay] ep   7/90 | train loss=0.0019 top1=1.000 | val loss=0.0057 | t=0.1s
[finetune_replay] ep   8/90 | train loss=0.0032 top1=1.000 | val loss=0.0056 | t=0.1s
[finetune_replay] ep   9/90 | train loss=0.0018 top1=1.000 | val loss=0.0052 | t=0.2s
[finetune_replay] ep  10/90 | train loss=0.0019 top1=1.000 | val loss=0.0046 | t=0.1s
[finetune_replay] ep  11/90 | train loss=0.0018 top1=1.000 | val loss=0.0042 | t=0.2s
[finetune_replay] ep  12/90 | train loss=0.0017 top1=1.000 | val loss=0.0046 | t=0.1s
[finetune_replay] ep  13/90 | train loss=0.0016 top1=1.000 | val loss=0.0048 | t=0.1s
[finetune_replay] ep  14/90 | train loss=0.0013 top1=1.000 | val loss=0.0057 | t=0.1s
[finetune_replay] ep  15/90 | train loss=0.0018 top1=1.000 | val loss=0.0059 | t=0.1s
[finetune_replay] ep  16/90 | train loss=0.0009 top1=1.000 | val loss=0.0062 | t=0.1s
[finetune_replay] ep  17/90 | train loss=0.0015 top1=1.000 | val loss=0.0046 | t=0.1s
[finetune_replay] ep  18/90 | train loss=0.0015 top1=1.000 | val loss=0.0077 | t=0.1s
[finetune_replay] ep  19/90 | train loss=0.0018 top1=1.000 | val loss=0.0090 | t=0.1s
[finetune_replay] ep  20/90 | train loss=0.0011 top1=1.000 | val loss=0.0053 | t=0.1s
[finetune_replay] ep  21/90 | train loss=0.0010 top1=1.000 | val loss=0.0040 | t=0.1s
[finetune_replay] ep  22/90 | train loss=0.0011 top1=1.000 | val loss=0.0044 | t=0.1s
[finetune_replay] ep  23/90 | train loss=0.0007 top1=1.000 | val loss=0.0049 | t=0.1s
[finetune_replay] ep  24/90 | train loss=0.0007 top1=1.000 | val loss=0.0053 | t=0.1s
[finetune_replay] ep  25/90 | train loss=0.0006 top1=1.000 | val loss=0.0057 | t=0.2s
[finetune_replay] ep  26/90 | train loss=0.0008 top1=1.000 | val loss=0.0053 | t=0.1s
[finetune_replay] ep  27/90 | train loss=0.0006 top1=1.000 | val loss=0.0050 | t=0.1s
[finetune_replay] ep  28/90 | train loss=0.0007 top1=1.000 | val loss=0.0045 | t=0.1s
[finetune_replay] ep  29/90 | train loss=0.0005 top1=1.000 | val loss=0.0045 | t=0.1s
[finetune_replay] ep  30/90 | train loss=0.0006 top1=1.000 | val loss=0.0045 | t=0.1s
[finetune_replay] ep  31/90 | train loss=0.0008 top1=1.000 | val loss=0.0046 | t=0.1s
[finetune_replay] ep  32/90 | train loss=0.0006 top1=1.000 | val loss=0.0046 | t=0.1s
[finetune_replay] ep  33/90 | train loss=0.0006 top1=1.000 | val loss=0.0046 | t=0.1s
[finetune_replay] ep  34/90 | train loss=0.0005 top1=1.000 | val loss=0.0046 | t=0.1s
[finetune_replay] ep  35/90 | train loss=0.0006 top1=1.000 | val loss=0.0047 | t=0.1s
[finetune_replay] ep  36/90 | train loss=0.0006 top1=1.000 | val loss=0.0049 | t=0.1s
[finetune_replay] ep  37/90 | train loss=0.0005 top1=1.000 | val loss=0.0050 | t=0.1s
[finetune_replay] ep  38/90 | train loss=0.0006 top1=1.000 | val loss=0.0048 | t=0.1s
[finetune_replay] ep  39/90 | train loss=0.0005 top1=1.000 | val loss=0.0045 | t=0.1s
[finetune_replay] ep  40/90 | train loss=0.0005 top1=1.000 | val loss=0.0044 | t=0.1s
[finetune_replay] ep  41/90 | train loss=0.0005 top1=1.000 | val loss=0.0043 | t=0.1s
[finetune_replay] ep  42/90 | train loss=0.0003 top1=1.000 | val loss=0.0043 | t=0.1s
[finetune_replay] ep  43/90 | train loss=0.0004 top1=1.000 | val loss=0.0045 | t=0.1s
[finetune_replay] ep  44/90 | train loss=0.0005 top1=1.000 | val loss=0.0049 | t=0.1s
[finetune_replay] ep  45/90 | train loss=0.0004 top1=1.000 | val loss=0.0048 | t=0.1s
[finetune_replay] ep  46/90 | train loss=0.0005 top1=1.000 | val loss=0.0047 | t=0.1s
[finetune_replay] ep  47/90 | train loss=0.0006 top1=1.000 | val loss=0.0049 | t=0.1s
[finetune_replay] ep  48/90 | train loss=0.0005 top1=1.000 | val loss=0.0050 | t=0.1s
[finetune_replay] ep  49/90 | train loss=0.0006 top1=1.000 | val loss=0.0049 | t=0.1s
[finetune_replay] ep  50/90 | train loss=0.0004 top1=1.000 | val loss=0.0048 | t=0.1s
[finetune_replay] ep  51/90 | train loss=0.0005 top1=1.000 | val loss=0.0049 | t=0.1s
[finetune_replay] ep  52/90 | train loss=0.0006 top1=1.000 | val loss=0.0047 | t=0.1s
[finetune_replay] ep  53/90 | train loss=0.0005 top1=1.000 | val loss=0.0047 | t=0.1s
[finetune_replay] ep  54/90 | train loss=0.0005 top1=1.000 | val loss=0.0045 | t=0.1s
[finetune_replay] ep  55/90 | train loss=0.0004 top1=1.000 | val loss=0.0045 | t=0.1s
[finetune_replay] ep  56/90 | train loss=0.0004 top1=1.000 | val loss=0.0046 | t=0.1s
[finetune_replay] ep  57/90 | train loss=0.0005 top1=1.000 | val loss=0.0047 | t=0.1s
[finetune_replay] ep  58/90 | train loss=0.0005 top1=1.000 | val loss=0.0049 | t=0.1s
[finetune_replay] ep  59/90 | train loss=0.0004 top1=1.000 | val loss=0.0050 | t=0.1s
[finetune_replay] ep  60/90 | train loss=0.0004 top1=1.000 | val loss=0.0050 | t=0.1s
[finetune_replay] ep  61/90 | train loss=0.0004 top1=1.000 | val loss=0.0049 | t=0.1s
[finetune_replay] ep  62/90 | train loss=0.0005 top1=1.000 | val loss=0.0051 | t=0.1s
[finetune_replay] ep  63/90 | train loss=0.0005 top1=1.000 | val loss=0.0051 | t=0.1s
[finetune_replay] ep  64/90 | train loss=0.0004 top1=1.000 | val loss=0.0047 | t=0.1s
[finetune_replay] ep  65/90 | train loss=0.0005 top1=1.000 | val loss=0.0047 | t=0.1s
[finetune_replay] ep  66/90 | train loss=0.0004 top1=1.000 | val loss=0.0047 | t=0.1s
[finetune_replay] ep  67/90 | train loss=0.0005 top1=1.000 | val loss=0.0049 | t=0.1s
[finetune_replay] ep  68/90 | train loss=0.0004 top1=1.000 | val loss=0.0049 | t=0.1s
[finetune_replay] ep  69/90 | train loss=0.0004 top1=1.000 | val loss=0.0050 | t=0.1s
[finetune_replay] ep  70/90 | train loss=0.0004 top1=1.000 | val loss=0.0050 | t=0.1s
[finetune_replay] ep  71/90 | train loss=0.0004 top1=1.000 | val loss=0.0051 | t=0.1s
[finetune_replay] ep  72/90 | train loss=0.0004 top1=1.000 | val loss=0.0052 | t=0.1s
[finetune_replay] ep  73/90 | train loss=0.0005 top1=1.000 | val loss=0.0052 | t=0.1s
[finetune_replay] ep  74/90 | train loss=0.0004 top1=1.000 | val loss=0.0053 | t=0.1s
[finetune_replay] ep  75/90 | train loss=0.0004 top1=1.000 | val loss=0.0051 | t=0.1s
[finetune_replay] ep  76/90 | train loss=0.0004 top1=1.000 | val loss=0.0050 | t=0.1s
[finetune_replay] ep  77/90 | train loss=0.0004 top1=1.000 | val loss=0.0051 | t=0.1s
[finetune_replay] ep  78/90 | train loss=0.0004 top1=1.000 | val loss=0.0051 | t=0.1s
[finetune_replay] ep  79/90 | train loss=0.0004 top1=1.000 | val loss=0.0050 | t=0.1s
[finetune_replay] ep  80/90 | train loss=0.0003 top1=1.000 | val loss=0.0049 | t=0.1s
[finetune_replay] ep  81/90 | train loss=0.0005 top1=1.000 | val loss=0.0049 | t=0.1s
[finetune_replay] ep  82/90 | train loss=0.0004 top1=1.000 | val loss=0.0049 | t=0.1s
[finetune_replay] ep  83/90 | train loss=0.0003 top1=1.000 | val loss=0.0050 | t=0.1s
[finetune_replay] ep  84/90 | train loss=0.0004 top1=1.000 | val loss=0.0050 | t=0.1s
[finetune_replay] ep  85/90 | train loss=0.0003 top1=1.000 | val loss=0.0050 | t=0.1s
[finetune_replay] ep  86/90 | train loss=0.0004 top1=1.000 | val loss=0.0049 | t=0.1s
[finetune_replay] ep  87/90 | train loss=0.0004 top1=1.000 | val loss=0.0050 | t=0.1s
[finetune_replay] ep  88/90 | train loss=0.0004 top1=1.000 | val loss=0.0048 | t=0.1s
[finetune_replay] ep  89/90 | train loss=0.0004 top1=1.000 | val loss=0.0048 | t=0.1s
[finetune_replay] ep  90/90 | train loss=0.0004 top1=1.000 | val loss=0.0048 | t=0.1s
[finetune_replay] DONE best_val_loss=0.0039 @ epoch 5
[15:18:55] [iil-baseline] round 11: heldout_sr=0.860

--------------------------------------------------------------------------------
THRIFTY_DAGGER ROUND 12  (remaining budget = 4)
--------------------------------------------------------------------------------
[15:19:07] [iil-baseline] round 12: pool=20 successes=16 failures=4 correction_sr=0.800
[15:19:07] [iil-baseline] round 12: picked=1 saved=1 cum_extras=12/15
[15:19:07] [uncertainty] member 0: $ /home/s226137394/.conda/envs/maze/bin/python3 -u -m Equivariant_pathway.equivariant_CNN_hybrid.baseline_vs_p4.pool_x_selector.trainer.finetune_replay --demo_dir /weka/s226137394/DmNfull/Equivariant_pathway/equivariant_CNN_hybrid/baseline_vs_p4/pool_x_selector/results/run_9/thrifty_dagger/demos --checkpoint_dir /weka/s226137394/DmNfull/Equivariant_pathway/equivariant_CNN_hybrid/baseline_vs_p4/pool_x_selector/results/run_9/thrifty_dagger/checkpoints/member_0 --epochs 90 --batch_size 64 --lr 5e-05 --weight_decay 0.0001 --replay_mix 0.5 --replay_mix_floor 0.2 --seed 9 --resume --new_demos_dir /weka/s226137394/DmNfull/Equivariant_pathway/equivariant_CNN_hybrid/baseline_vs_p4/pool_x_selector/results/run_9/thrifty_dagger/demos/round_012
[finetune_replay] device=cuda demo_dir=/weka/s226137394/DmNfull/Equivariant_pathway/equivariant_CNN_hybrid/baseline_vs_p4/pool_x_selector/results/run_9/thrifty_dagger/demos new_demos_dir=/weka/s226137394/DmNfull/Equivariant_pathway/equivariant_CNN_hybrid/baseline_vs_p4/pool_x_selector/results/run_9/thrifty_dagger/demos/round_012
[hybrid-dataset] 31 demos -> 151 samples
[hybrid-dataset] 1 demos -> 4 samples
[finetune_replay] sampler audit: {'n_old_samples': 151, 'n_new_samples': 4, 'replay_mix_target': 0.5, 'replay_mix_effective': 0.5, 'replay_mix_floor': 0.2}
[finetune_replay] trainable params: 1,400,028
[finetune_replay] WARM START from last_hybrid_policy.pth
[finetune_replay] ep   1/90 | train loss=0.2975 top1=0.850 | val loss=0.0039 | t=0.9s  *
[finetune_replay] ep   2/90 | train loss=0.0521 top1=0.979 | val loss=0.0043 | t=0.2s
[finetune_replay] ep   3/90 | train loss=0.0247 top1=1.000 | val loss=0.0021 | t=0.1s  *
[finetune_replay] ep   4/90 | train loss=0.0155 top1=1.000 | val loss=0.0169 | t=0.1s
[finetune_replay] ep   5/90 | train loss=0.0053 top1=1.000 | val loss=0.0110 | t=0.1s
[finetune_replay] ep   6/90 | train loss=0.0053 top1=1.000 | val loss=0.0142 | t=0.2s
[finetune_replay] ep   7/90 | train loss=0.0021 top1=1.000 | val loss=0.0204 | t=0.1s
[finetune_replay] ep   8/90 | train loss=0.0020 top1=1.000 | val loss=0.0174 | t=0.1s
[finetune_replay] ep   9/90 | train loss=0.0013 top1=1.000 | val loss=0.0110 | t=0.1s
[finetune_replay] ep  10/90 | train loss=0.0009 top1=1.000 | val loss=0.0101 | t=0.1s
[finetune_replay] ep  11/90 | train loss=0.0009 top1=1.000 | val loss=0.0115 | t=0.1s
[finetune_replay] ep  12/90 | train loss=0.0009 top1=1.000 | val loss=0.0130 | t=0.2s
[finetune_replay] ep  13/90 | train loss=0.0009 top1=1.000 | val loss=0.0099 | t=0.1s
[finetune_replay] ep  14/90 | train loss=0.0006 top1=1.000 | val loss=0.0079 | t=0.1s
[finetune_replay] ep  15/90 | train loss=0.0008 top1=1.000 | val loss=0.0077 | t=0.1s
[finetune_replay] ep  16/90 | train loss=0.0006 top1=1.000 | val loss=0.0084 | t=0.1s
[finetune_replay] ep  17/90 | train loss=0.0005 top1=1.000 | val loss=0.0087 | t=0.1s
[finetune_replay] ep  18/90 | train loss=0.0006 top1=1.000 | val loss=0.0098 | t=0.1s
[finetune_replay] ep  19/90 | train loss=0.0004 top1=1.000 | val loss=0.0108 | t=0.1s
[finetune_replay] ep  20/90 | train loss=0.0005 top1=1.000 | val loss=0.0113 | t=0.1s
[finetune_replay] ep  21/90 | train loss=0.0004 top1=1.000 | val loss=0.0105 | t=0.1s
[finetune_replay] ep  22/90 | train loss=0.0005 top1=1.000 | val loss=0.0088 | t=0.1s
[finetune_replay] ep  23/90 | train loss=0.0005 top1=1.000 | val loss=0.0082 | t=0.1s
[finetune_replay] ep  24/90 | train loss=0.0004 top1=1.000 | val loss=0.0090 | t=0.1s
[finetune_replay] ep  25/90 | train loss=0.0005 top1=1.000 | val loss=0.0142 | t=0.1s
[finetune_replay] ep  26/90 | train loss=0.0004 top1=1.000 | val loss=0.0165 | t=0.1s
[finetune_replay] ep  27/90 | train loss=0.0003 top1=1.000 | val loss=0.0143 | t=0.1s
[finetune_replay] ep  28/90 | train loss=0.0005 top1=1.000 | val loss=0.0091 | t=0.1s
[finetune_replay] ep  29/90 | train loss=0.0005 top1=1.000 | val loss=0.0058 | t=0.1s
[finetune_replay] ep  30/90 | train loss=0.0004 top1=1.000 | val loss=0.0044 | t=0.1s
[finetune_replay] ep  31/90 | train loss=0.0004 top1=1.000 | val loss=0.0049 | t=0.1s
[finetune_replay] ep  32/90 | train loss=0.0005 top1=1.000 | val loss=0.0067 | t=0.1s
[finetune_replay] ep  33/90 | train loss=0.0004 top1=1.000 | val loss=0.0075 | t=0.1s
[finetune_replay] ep  34/90 | train loss=0.0003 top1=1.000 | val loss=0.0077 | t=0.1s
[finetune_replay] ep  35/90 | train loss=0.0004 top1=1.000 | val loss=0.0077 | t=0.1s
[finetune_replay] ep  36/90 | train loss=0.0004 top1=1.000 | val loss=0.0071 | t=0.1s
[finetune_replay] ep  37/90 | train loss=0.0003 top1=1.000 | val loss=0.0068 | t=0.1s
[finetune_replay] ep  38/90 | train loss=0.0003 top1=1.000 | val loss=0.0062 | t=0.1s
[finetune_replay] ep  39/90 | train loss=0.0003 top1=1.000 | val loss=0.0057 | t=0.1s
[finetune_replay] ep  40/90 | train loss=0.0003 top1=1.000 | val loss=0.0054 | t=0.1s
[finetune_replay] ep  41/90 | train loss=0.0003 top1=1.000 | val loss=0.0058 | t=0.1s
[finetune_replay] ep  42/90 | train loss=0.0003 top1=1.000 | val loss=0.0068 | t=0.1s
[finetune_replay] ep  43/90 | train loss=0.0003 top1=1.000 | val loss=0.0080 | t=0.1s
[finetune_replay] ep  44/90 | train loss=0.0004 top1=1.000 | val loss=0.0081 | t=0.1s
[finetune_replay] ep  45/90 | train loss=0.0003 top1=1.000 | val loss=0.0076 | t=0.1s
[finetune_replay] ep  46/90 | train loss=0.0003 top1=1.000 | val loss=0.0067 | t=0.1s
[finetune_replay] ep  47/90 | train loss=0.0003 top1=1.000 | val loss=0.0060 | t=0.3s
[finetune_replay] ep  48/90 | train loss=0.0003 top1=1.000 | val loss=0.0058 | t=0.1s
[finetune_replay] ep  49/90 | train loss=0.0003 top1=1.000 | val loss=0.0057 | t=0.1s
[finetune_replay] ep  50/90 | train loss=0.0002 top1=1.000 | val loss=0.0060 | t=0.1s
[finetune_replay] ep  51/90 | train loss=0.0002 top1=1.000 | val loss=0.0063 | t=0.1s
[finetune_replay] ep  52/90 | train loss=0.0003 top1=1.000 | val loss=0.0065 | t=0.1s
[finetune_replay] ep  53/90 | train loss=0.0003 top1=1.000 | val loss=0.0064 | t=0.1s
[finetune_replay] ep  54/90 | train loss=0.0003 top1=1.000 | val loss=0.0065 | t=0.1s
[finetune_replay] ep  55/90 | train loss=0.0003 top1=1.000 | val loss=0.0066 | t=0.1s
[finetune_replay] ep  56/90 | train loss=0.0003 top1=1.000 | val loss=0.0064 | t=0.1s
[finetune_replay] ep  57/90 | train loss=0.0003 top1=1.000 | val loss=0.0061 | t=0.2s
[finetune_replay] ep  58/90 | train loss=0.0003 top1=1.000 | val loss=0.0060 | t=0.1s
[finetune_replay] ep  59/90 | train loss=0.0003 top1=1.000 | val loss=0.0065 | t=0.1s
[finetune_replay] ep  60/90 | train loss=0.0003 top1=1.000 | val loss=0.0066 | t=0.1s
[finetune_replay] ep  61/90 | train loss=0.0003 top1=1.000 | val loss=0.0069 | t=0.1s
[finetune_replay] ep  62/90 | train loss=0.0003 top1=1.000 | val loss=0.0068 | t=0.1s
[finetune_replay] ep  63/90 | train loss=0.0002 top1=1.000 | val loss=0.0066 | t=0.1s
[finetune_replay] ep  64/90 | train loss=0.0003 top1=1.000 | val loss=0.0069 | t=0.1s
[finetune_replay] ep  65/90 | train loss=0.0002 top1=1.000 | val loss=0.0072 | t=0.1s
[finetune_replay] ep  66/90 | train loss=0.0002 top1=1.000 | val loss=0.0073 | t=0.1s
[finetune_replay] ep  67/90 | train loss=0.0003 top1=1.000 | val loss=0.0071 | t=0.1s
[finetune_replay] ep  68/90 | train loss=0.0002 top1=1.000 | val loss=0.0068 | t=0.1s
[finetune_replay] ep  69/90 | train loss=0.0003 top1=1.000 | val loss=0.0066 | t=0.1s
[finetune_replay] ep  70/90 | train loss=0.0002 top1=1.000 | val loss=0.0064 | t=0.1s
[finetune_replay] ep  71/90 | train loss=0.0003 top1=1.000 | val loss=0.0063 | t=0.1s
[finetune_replay] ep  72/90 | train loss=0.0002 top1=1.000 | val loss=0.0062 | t=0.1s
[finetune_replay] ep  73/90 | train loss=0.0003 top1=1.000 | val loss=0.0061 | t=0.1s
[finetune_replay] ep  74/90 | train loss=0.0002 top1=1.000 | val loss=0.0061 | t=0.1s
[finetune_replay] ep  75/90 | train loss=0.0002 top1=1.000 | val loss=0.0060 | t=0.1s
[finetune_replay] ep  76/90 | train loss=0.0002 top1=1.000 | val loss=0.0062 | t=0.1s
[finetune_replay] ep  77/90 | train loss=0.0002 top1=1.000 | val loss=0.0062 | t=0.1s
[finetune_replay] ep  78/90 | train loss=0.0002 top1=1.000 | val loss=0.0061 | t=0.1s
[finetune_replay] ep  79/90 | train loss=0.0002 top1=1.000 | val loss=0.0062 | t=0.1s
[finetune_replay] ep  80/90 | train loss=0.0002 top1=1.000 | val loss=0.0064 | t=0.1s
[finetune_replay] ep  81/90 | train loss=0.0003 top1=1.000 | val loss=0.0065 | t=0.1s
[finetune_replay] ep  82/90 | train loss=0.0002 top1=1.000 | val loss=0.0065 | t=0.1s
[finetune_replay] ep  83/90 | train loss=0.0003 top1=1.000 | val loss=0.0067 | t=0.1s
[finetune_replay] ep  84/90 | train loss=0.0003 top1=1.000 | val loss=0.0066 | t=0.1s
[finetune_replay] ep  85/90 | train loss=0.0003 top1=1.000 | val loss=0.0067 | t=0.1s
[finetune_replay] ep  86/90 | train loss=0.0002 top1=1.000 | val loss=0.0066 | t=0.1s
[finetune_replay] ep  87/90 | train loss=0.0002 top1=1.000 | val loss=0.0065 | t=0.1s
[finetune_replay] ep  88/90 | train loss=0.0003 top1=1.000 | val loss=0.0066 | t=0.1s
[finetune_replay] ep  89/90 | train loss=0.0003 top1=1.000 | val loss=0.0066 | t=0.1s
[finetune_replay] ep  90/90 | train loss=0.0002 top1=1.000 | val loss=0.0066 | t=0.1s
[finetune_replay] DONE best_val_loss=0.0021 @ epoch 3
[15:19:32] [uncertainty] member 1: $ /home/s226137394/.conda/envs/maze/bin/python3 -u -m Equivariant_pathway.equivariant_CNN_hybrid.baseline_vs_p4.pool_x_selector.trainer.finetune_replay --demo_dir /weka/s226137394/DmNfull/Equivariant_pathway/equivariant_CNN_hybrid/baseline_vs_p4/pool_x_selector/results/run_9/thrifty_dagger/demos --checkpoint_dir /weka/s226137394/DmNfull/Equivariant_pathway/equivariant_CNN_hybrid/baseline_vs_p4/pool_x_selector/results/run_9/thrifty_dagger/checkpoints/member_1 --epochs 90 --batch_size 64 --lr 5e-05 --weight_decay 0.0001 --replay_mix 0.5 --replay_mix_floor 0.2 --seed 110 --resume --new_demos_dir /weka/s226137394/DmNfull/Equivariant_pathway/equivariant_CNN_hybrid/baseline_vs_p4/pool_x_selector/results/run_9/thrifty_dagger/demos/round_012
[finetune_replay] device=cuda demo_dir=/weka/s226137394/DmNfull/Equivariant_pathway/equivariant_CNN_hybrid/baseline_vs_p4/pool_x_selector/results/run_9/thrifty_dagger/demos new_demos_dir=/weka/s226137394/DmNfull/Equivariant_pathway/equivariant_CNN_hybrid/baseline_vs_p4/pool_x_selector/results/run_9/thrifty_dagger/demos/round_012
[hybrid-dataset] 31 demos -> 151 samples
[hybrid-dataset] 1 demos -> 4 samples
[finetune_replay] sampler audit: {'n_old_samples': 151, 'n_new_samples': 4, 'replay_mix_target': 0.5, 'replay_mix_effective': 0.5, 'replay_mix_floor': 0.2}
[finetune_replay] trainable params: 1,400,028
[finetune_replay] WARM START from last_hybrid_policy.pth
[finetune_replay] ep   1/90 | train loss=0.1840 top1=0.936 | val loss=0.0160 | t=0.9s  *
[finetune_replay] ep   2/90 | train loss=0.0934 top1=0.914 | val loss=0.0258 | t=0.2s
[finetune_replay] ep   3/90 | train loss=0.0149 top1=1.000 | val loss=0.0810 | t=0.1s
[finetune_replay] ep   4/90 | train loss=0.0229 top1=1.000 | val loss=0.0431 | t=0.2s
[finetune_replay] ep   5/90 | train loss=0.0056 top1=1.000 | val loss=0.0364 | t=0.1s
[finetune_replay] ep   6/90 | train loss=0.0034 top1=1.000 | val loss=0.0633 | t=0.1s
[finetune_replay] ep   7/90 | train loss=0.0017 top1=1.000 | val loss=0.0694 | t=0.1s
[finetune_replay] ep   8/90 | train loss=0.0015 top1=1.000 | val loss=0.0639 | t=0.1s
[finetune_replay] ep   9/90 | train loss=0.0013 top1=1.000 | val loss=0.0478 | t=0.1s
[finetune_replay] ep  10/90 | train loss=0.0009 top1=1.000 | val loss=0.0400 | t=0.1s
[finetune_replay] ep  11/90 | train loss=0.0008 top1=1.000 | val loss=0.0362 | t=0.1s
[finetune_replay] ep  12/90 | train loss=0.0006 top1=1.000 | val loss=0.0330 | t=0.1s
[finetune_replay] ep  13/90 | train loss=0.0006 top1=1.000 | val loss=0.0303 | t=0.1s
[finetune_replay] ep  14/90 | train loss=0.0007 top1=1.000 | val loss=0.0300 | t=0.1s
[finetune_replay] ep  15/90 | train loss=0.0008 top1=1.000 | val loss=0.0329 | t=0.1s
[finetune_replay] ep  16/90 | train loss=0.0006 top1=1.000 | val loss=0.0365 | t=0.1s
[finetune_replay] ep  17/90 | train loss=0.0006 top1=1.000 | val loss=0.0364 | t=0.1s
[finetune_replay] ep  18/90 | train loss=0.0006 top1=1.000 | val loss=0.0303 | t=0.1s
[finetune_replay] ep  19/90 | train loss=0.0005 top1=1.000 | val loss=0.0281 | t=0.1s
[finetune_replay] ep  20/90 | train loss=0.0005 top1=1.000 | val loss=0.0302 | t=0.1s
[finetune_replay] ep  21/90 | train loss=0.0005 top1=1.000 | val loss=0.0317 | t=0.1s
[finetune_replay] ep  22/90 | train loss=0.0005 top1=1.000 | val loss=0.0290 | t=0.1s
[finetune_replay] ep  23/90 | train loss=0.0005 top1=1.000 | val loss=0.0239 | t=0.1s
[finetune_replay] ep  24/90 | train loss=0.0004 top1=1.000 | val loss=0.0223 | t=0.1s
[finetune_replay] ep  25/90 | train loss=0.0004 top1=1.000 | val loss=0.0230 | t=0.1s
[finetune_replay] ep  26/90 | train loss=0.0004 top1=1.000 | val loss=0.0276 | t=0.1s
[finetune_replay] ep  27/90 | train loss=0.0004 top1=1.000 | val loss=0.0277 | t=0.1s
[finetune_replay] ep  28/90 | train loss=0.0004 top1=1.000 | val loss=0.0263 | t=0.1s
[finetune_replay] ep  29/90 | train loss=0.0004 top1=1.000 | val loss=0.0250 | t=0.1s
[finetune_replay] ep  30/90 | train loss=0.0004 top1=1.000 | val loss=0.0251 | t=0.1s
[finetune_replay] ep  31/90 | train loss=0.0004 top1=1.000 | val loss=0.0281 | t=0.1s
[finetune_replay] ep  32/90 | train loss=0.0003 top1=1.000 | val loss=0.0286 | t=0.1s
[finetune_replay] ep  33/90 | train loss=0.0003 top1=1.000 | val loss=0.0263 | t=0.1s
[finetune_replay] ep  34/90 | train loss=0.0003 top1=1.000 | val loss=0.0244 | t=0.1s
[finetune_replay] ep  35/90 | train loss=0.0004 top1=1.000 | val loss=0.0242 | t=0.1s
[finetune_replay] ep  36/90 | train loss=0.0003 top1=1.000 | val loss=0.0247 | t=0.1s
[finetune_replay] ep  37/90 | train loss=0.0003 top1=1.000 | val loss=0.0272 | t=0.1s
[finetune_replay] ep  38/90 | train loss=0.0003 top1=1.000 | val loss=0.0280 | t=0.1s
[finetune_replay] ep  39/90 | train loss=0.0003 top1=1.000 | val loss=0.0257 | t=0.1s
[finetune_replay] ep  40/90 | train loss=0.0003 top1=1.000 | val loss=0.0237 | t=0.1s
[finetune_replay] ep  41/90 | train loss=0.0004 top1=1.000 | val loss=0.0228 | t=0.1s
[finetune_replay] ep  42/90 | train loss=0.0003 top1=1.000 | val loss=0.0227 | t=0.1s
[finetune_replay] ep  43/90 | train loss=0.0002 top1=1.000 | val loss=0.0229 | t=0.1s
[finetune_replay] ep  44/90 | train loss=0.0003 top1=1.000 | val loss=0.0232 | t=0.1s
[finetune_replay] ep  45/90 | train loss=0.0002 top1=1.000 | val loss=0.0232 | t=0.1s
[finetune_replay] ep  46/90 | train loss=0.0004 top1=1.000 | val loss=0.0222 | t=0.1s
[finetune_replay] ep  47/90 | train loss=0.0003 top1=1.000 | val loss=0.0210 | t=0.1s
[finetune_replay] ep  48/90 | train loss=0.0003 top1=1.000 | val loss=0.0202 | t=0.1s
[finetune_replay] ep  49/90 | train loss=0.0003 top1=1.000 | val loss=0.0210 | t=0.1s
[finetune_replay] ep  50/90 | train loss=0.0003 top1=1.000 | val loss=0.0211 | t=0.1s
[finetune_replay] ep  51/90 | train loss=0.0002 top1=1.000 | val loss=0.0220 | t=0.1s
[finetune_replay] ep  52/90 | train loss=0.0002 top1=1.000 | val loss=0.0227 | t=0.1s
[finetune_replay] ep  53/90 | train loss=0.0002 top1=1.000 | val loss=0.0224 | t=0.1s
[finetune_replay] ep  54/90 | train loss=0.0002 top1=1.000 | val loss=0.0221 | t=0.1s
[finetune_replay] ep  55/90 | train loss=0.0002 top1=1.000 | val loss=0.0225 | t=0.1s
[finetune_replay] ep  56/90 | train loss=0.0002 top1=1.000 | val loss=0.0223 | t=0.1s
[finetune_replay] ep  57/90 | train loss=0.0002 top1=1.000 | val loss=0.0221 | t=0.1s
[finetune_replay] ep  58/90 | train loss=0.0003 top1=1.000 | val loss=0.0216 | t=0.1s
[finetune_replay] ep  59/90 | train loss=0.0002 top1=1.000 | val loss=0.0216 | t=0.1s
[finetune_replay] ep  60/90 | train loss=0.0002 top1=1.000 | val loss=0.0209 | t=0.1s
[finetune_replay] ep  61/90 | train loss=0.0003 top1=1.000 | val loss=0.0207 | t=0.1s
[finetune_replay] ep  62/90 | train loss=0.0003 top1=1.000 | val loss=0.0209 | t=0.1s
[finetune_replay] ep  63/90 | train loss=0.0003 top1=1.000 | val loss=0.0205 | t=0.1s
[finetune_replay] ep  64/90 | train loss=0.0002 top1=1.000 | val loss=0.0201 | t=0.1s
[finetune_replay] ep  65/90 | train loss=0.0003 top1=1.000 | val loss=0.0198 | t=0.1s
[finetune_replay] ep  66/90 | train loss=0.0003 top1=1.000 | val loss=0.0201 | t=0.1s
[finetune_replay] ep  67/90 | train loss=0.0002 top1=1.000 | val loss=0.0202 | t=0.1s
[finetune_replay] ep  68/90 | train loss=0.0002 top1=1.000 | val loss=0.0203 | t=0.1s
[finetune_replay] ep  69/90 | train loss=0.0003 top1=1.000 | val loss=0.0208 | t=0.1s
[finetune_replay] ep  70/90 | train loss=0.0002 top1=1.000 | val loss=0.0205 | t=0.1s
[finetune_replay] ep  71/90 | train loss=0.0002 top1=1.000 | val loss=0.0201 | t=0.1s
[finetune_replay] ep  72/90 | train loss=0.0002 top1=1.000 | val loss=0.0201 | t=0.1s
[finetune_replay] ep  73/90 | train loss=0.0002 top1=1.000 | val loss=0.0205 | t=0.1s
[finetune_replay] ep  74/90 | train loss=0.0002 top1=1.000 | val loss=0.0211 | t=0.1s
[finetune_replay] ep  75/90 | train loss=0.0002 top1=1.000 | val loss=0.0223 | t=0.1s
[finetune_replay] ep  76/90 | train loss=0.0002 top1=1.000 | val loss=0.0227 | t=0.1s
[finetune_replay] ep  77/90 | train loss=0.0002 top1=1.000 | val loss=0.0232 | t=0.1s
[finetune_replay] ep  78/90 | train loss=0.0002 top1=1.000 | val loss=0.0232 | t=0.1s
[finetune_replay] ep  79/90 | train loss=0.0002 top1=1.000 | val loss=0.0229 | t=0.1s
[finetune_replay] ep  80/90 | train loss=0.0002 top1=1.000 | val loss=0.0225 | t=0.1s
[finetune_replay] ep  81/90 | train loss=0.0002 top1=1.000 | val loss=0.0221 | t=0.1s
[finetune_replay] ep  82/90 | train loss=0.0002 top1=1.000 | val loss=0.0219 | t=0.1s
[finetune_replay] ep  83/90 | train loss=0.0003 top1=1.000 | val loss=0.0217 | t=0.1s
[finetune_replay] ep  84/90 | train loss=0.0003 top1=1.000 | val loss=0.0221 | t=0.1s
[finetune_replay] ep  85/90 | train loss=0.0003 top1=1.000 | val loss=0.0222 | t=0.1s
[finetune_replay] ep  86/90 | train loss=0.0002 top1=1.000 | val loss=0.0227 | t=0.1s
[finetune_replay] ep  87/90 | train loss=0.0003 top1=1.000 | val loss=0.0224 | t=0.1s
[finetune_replay] ep  88/90 | train loss=0.0002 top1=1.000 | val loss=0.0214 | t=0.1s
[finetune_replay] ep  89/90 | train loss=0.0002 top1=1.000 | val loss=0.0223 | t=0.1s
[finetune_replay] ep  90/90 | train loss=0.0002 top1=1.000 | val loss=0.0223 | t=0.1s
[finetune_replay] DONE best_val_loss=0.0160 @ epoch 1
[15:19:56] [uncertainty] member 2: $ /home/s226137394/.conda/envs/maze/bin/python3 -u -m Equivariant_pathway.equivariant_CNN_hybrid.baseline_vs_p4.pool_x_selector.trainer.finetune_replay --demo_dir /weka/s226137394/DmNfull/Equivariant_pathway/equivariant_CNN_hybrid/baseline_vs_p4/pool_x_selector/results/run_9/thrifty_dagger/demos --checkpoint_dir /weka/s226137394/DmNfull/Equivariant_pathway/equivariant_CNN_hybrid/baseline_vs_p4/pool_x_selector/results/run_9/thrifty_dagger/checkpoints/member_2 --epochs 90 --batch_size 64 --lr 5e-05 --weight_decay 0.0001 --replay_mix 0.5 --replay_mix_floor 0.2 --seed 211 --resume --new_demos_dir /weka/s226137394/DmNfull/Equivariant_pathway/equivariant_CNN_hybrid/baseline_vs_p4/pool_x_selector/results/run_9/thrifty_dagger/demos/round_012
[finetune_replay] device=cuda demo_dir=/weka/s226137394/DmNfull/Equivariant_pathway/equivariant_CNN_hybrid/baseline_vs_p4/pool_x_selector/results/run_9/thrifty_dagger/demos new_demos_dir=/weka/s226137394/DmNfull/Equivariant_pathway/equivariant_CNN_hybrid/baseline_vs_p4/pool_x_selector/results/run_9/thrifty_dagger/demos/round_012
[hybrid-dataset] 31 demos -> 151 samples
[hybrid-dataset] 1 demos -> 4 samples
[finetune_replay] sampler audit: {'n_old_samples': 151, 'n_new_samples': 4, 'replay_mix_target': 0.5, 'replay_mix_effective': 0.5, 'replay_mix_floor': 0.2}
[finetune_replay] trainable params: 1,400,028
[finetune_replay] WARM START from last_hybrid_policy.pth
[finetune_replay] ep   1/90 | train loss=0.0285 top1=1.000 | val loss=0.4572 | t=0.8s  *
[finetune_replay] ep   2/90 | train loss=0.0039 top1=1.000 | val loss=0.2035 | t=0.1s  *
[finetune_replay] ep   3/90 | train loss=0.0014 top1=1.000 | val loss=0.0984 | t=0.1s  *
[finetune_replay] ep   4/90 | train loss=0.0029 top1=1.000 | val loss=0.2399 | t=0.1s
[finetune_replay] ep   5/90 | train loss=0.0007 top1=1.000 | val loss=0.3788 | t=0.1s
[finetune_replay] ep   6/90 | train loss=0.0010 top1=1.000 | val loss=0.5047 | t=0.2s
[finetune_replay] ep   7/90 | train loss=0.0014 top1=1.000 | val loss=0.4721 | t=0.2s
[finetune_replay] ep   8/90 | train loss=0.0011 top1=1.000 | val loss=0.4081 | t=0.1s
[finetune_replay] ep   9/90 | train loss=0.0004 top1=1.000 | val loss=0.3422 | t=0.2s
[finetune_replay] ep  10/90 | train loss=0.0004 top1=1.000 | val loss=0.3034 | t=0.1s
[finetune_replay] ep  11/90 | train loss=0.0004 top1=1.000 | val loss=0.3021 | t=0.1s
[finetune_replay] ep  12/90 | train loss=0.0005 top1=1.000 | val loss=0.3136 | t=0.1s
[finetune_replay] ep  13/90 | train loss=0.0004 top1=1.000 | val loss=0.3627 | t=0.1s
[finetune_replay] ep  14/90 | train loss=0.0003 top1=1.000 | val loss=0.3978 | t=0.1s
[finetune_replay] ep  15/90 | train loss=0.0003 top1=1.000 | val loss=0.4290 | t=0.1s
[finetune_replay] ep  16/90 | train loss=0.0004 top1=1.000 | val loss=0.4304 | t=0.1s
[finetune_replay] ep  17/90 | train loss=0.0003 top1=1.000 | val loss=0.4051 | t=0.1s
[finetune_replay] ep  18/90 | train loss=0.0002 top1=1.000 | val loss=0.3884 | t=0.1s
[finetune_replay] ep  19/90 | train loss=0.0003 top1=1.000 | val loss=0.3807 | t=0.2s
[finetune_replay] ep  20/90 | train loss=0.0003 top1=1.000 | val loss=0.3793 | t=0.1s
[finetune_replay] ep  21/90 | train loss=0.0003 top1=1.000 | val loss=0.3849 | t=0.1s
[finetune_replay] ep  22/90 | train loss=0.0002 top1=1.000 | val loss=0.3775 | t=0.1s
[finetune_replay] ep  23/90 | train loss=0.0003 top1=1.000 | val loss=0.3700 | t=0.1s
[finetune_replay] ep  24/90 | train loss=0.0002 top1=1.000 | val loss=0.3664 | t=0.1s
[finetune_replay] ep  25/90 | train loss=0.0002 top1=1.000 | val loss=0.3639 | t=0.2s
[finetune_replay] ep  26/90 | train loss=0.0002 top1=1.000 | val loss=0.3634 | t=0.1s
[finetune_replay] ep  27/90 | train loss=0.0002 top1=1.000 | val loss=0.3643 | t=0.1s
[finetune_replay] ep  28/90 | train loss=0.0003 top1=1.000 | val loss=0.3566 | t=0.1s
[finetune_replay] ep  29/90 | train loss=0.0002 top1=1.000 | val loss=0.3493 | t=0.1s
[finetune_replay] ep  30/90 | train loss=0.0002 top1=1.000 | val loss=0.3492 | t=0.1s
[finetune_replay] ep  31/90 | train loss=0.0002 top1=1.000 | val loss=0.3537 | t=0.1s
[finetune_replay] ep  32/90 | train loss=0.0002 top1=1.000 | val loss=0.3551 | t=0.1s
[finetune_replay] ep  33/90 | train loss=0.0002 top1=1.000 | val loss=0.3539 | t=0.1s
[finetune_replay] ep  34/90 | train loss=0.0002 top1=1.000 | val loss=0.3585 | t=0.1s
[finetune_replay] ep  35/90 | train loss=0.0002 top1=1.000 | val loss=0.3678 | t=0.1s
[finetune_replay] ep  36/90 | train loss=0.0002 top1=1.000 | val loss=0.3724 | t=0.1s
[finetune_replay] ep  37/90 | train loss=0.0002 top1=1.000 | val loss=0.3748 | t=0.1s
[finetune_replay] ep  38/90 | train loss=0.0002 top1=1.000 | val loss=0.3746 | t=0.1s
[finetune_replay] ep  39/90 | train loss=0.0002 top1=1.000 | val loss=0.3675 | t=0.1s
[finetune_replay] ep  40/90 | train loss=0.0002 top1=1.000 | val loss=0.3627 | t=0.1s
[finetune_replay] ep  41/90 | train loss=0.0002 top1=1.000 | val loss=0.3640 | t=0.1s
[finetune_replay] ep  42/90 | train loss=0.0002 top1=1.000 | val loss=0.3683 | t=0.1s
[finetune_replay] ep  43/90 | train loss=0.0001 top1=1.000 | val loss=0.3694 | t=0.1s
[finetune_replay] ep  44/90 | train loss=0.0002 top1=1.000 | val loss=0.3713 | t=0.2s
[finetune_replay] ep  45/90 | train loss=0.0002 top1=1.000 | val loss=0.3690 | t=0.1s
[finetune_replay] ep  46/90 | train loss=0.0002 top1=1.000 | val loss=0.3678 | t=0.1s
[finetune_replay] ep  47/90 | train loss=0.0002 top1=1.000 | val loss=0.3657 | t=0.1s
[finetune_replay] ep  48/90 | train loss=0.0002 top1=1.000 | val loss=0.3635 | t=0.1s
[finetune_replay] ep  49/90 | train loss=0.0001 top1=1.000 | val loss=0.3637 | t=0.1s
[finetune_replay] ep  50/90 | train loss=0.0002 top1=1.000 | val loss=0.3635 | t=0.1s
[finetune_replay] ep  51/90 | train loss=0.0001 top1=1.000 | val loss=0.3637 | t=0.1s
[finetune_replay] ep  52/90 | train loss=0.0002 top1=1.000 | val loss=0.3653 | t=0.1s
[finetune_replay] ep  53/90 | train loss=0.0001 top1=1.000 | val loss=0.3736 | t=0.2s
[finetune_replay] ep  54/90 | train loss=0.0002 top1=1.000 | val loss=0.3740 | t=0.1s
[finetune_replay] ep  55/90 | train loss=0.0002 top1=1.000 | val loss=0.3717 | t=0.1s
[finetune_replay] ep  56/90 | train loss=0.0002 top1=1.000 | val loss=0.3694 | t=0.1s
[finetune_replay] ep  57/90 | train loss=0.0001 top1=1.000 | val loss=0.3664 | t=0.2s
[finetune_replay] ep  58/90 | train loss=0.0001 top1=1.000 | val loss=0.3642 | t=0.1s
[finetune_replay] ep  59/90 | train loss=0.0002 top1=1.000 | val loss=0.3591 | t=0.1s
[finetune_replay] ep  60/90 | train loss=0.0001 top1=1.000 | val loss=0.3571 | t=0.1s
[finetune_replay] ep  61/90 | train loss=0.0002 top1=1.000 | val loss=0.3587 | t=0.1s
[finetune_replay] ep  62/90 | train loss=0.0002 top1=1.000 | val loss=0.3603 | t=0.1s
[finetune_replay] ep  63/90 | train loss=0.0001 top1=1.000 | val loss=0.3612 | t=0.1s
[finetune_replay] ep  64/90 | train loss=0.0002 top1=1.000 | val loss=0.3612 | t=0.1s
[finetune_replay] ep  65/90 | train loss=0.0001 top1=1.000 | val loss=0.3605 | t=0.1s
[finetune_replay] ep  66/90 | train loss=0.0002 top1=1.000 | val loss=0.3633 | t=0.1s
[finetune_replay] ep  67/90 | train loss=0.0002 top1=1.000 | val loss=0.3629 | t=0.1s
[finetune_replay] ep  68/90 | train loss=0.0001 top1=1.000 | val loss=0.3597 | t=0.1s
[finetune_replay] ep  69/90 | train loss=0.0002 top1=1.000 | val loss=0.3559 | t=0.1s
[finetune_replay] ep  70/90 | train loss=0.0001 top1=1.000 | val loss=0.3569 | t=0.1s
[finetune_replay] ep  71/90 | train loss=0.0001 top1=1.000 | val loss=0.3587 | t=0.1s
[finetune_replay] ep  72/90 | train loss=0.0002 top1=1.000 | val loss=0.3628 | t=0.1s
[finetune_replay] ep  73/90 | train loss=0.0002 top1=1.000 | val loss=0.3652 | t=0.1s
[finetune_replay] ep  74/90 | train loss=0.0001 top1=1.000 | val loss=0.3653 | t=0.1s
[finetune_replay] ep  75/90 | train loss=0.0001 top1=1.000 | val loss=0.3652 | t=0.1s
[finetune_replay] ep  76/90 | train loss=0.0001 top1=1.000 | val loss=0.3655 | t=0.1s
[finetune_replay] ep  77/90 | train loss=0.0001 top1=1.000 | val loss=0.3665 | t=0.1s
[finetune_replay] ep  78/90 | train loss=0.0001 top1=1.000 | val loss=0.3684 | t=0.1s
[finetune_replay] ep  79/90 | train loss=0.0001 top1=1.000 | val loss=0.3696 | t=0.1s
[finetune_replay] ep  80/90 | train loss=0.0002 top1=1.000 | val loss=0.3685 | t=0.1s
[finetune_replay] ep  81/90 | train loss=0.0001 top1=1.000 | val loss=0.3682 | t=0.1s
[finetune_replay] ep  82/90 | train loss=0.0001 top1=1.000 | val loss=0.3686 | t=0.1s
[finetune_replay] ep  83/90 | train loss=0.0002 top1=1.000 | val loss=0.3656 | t=0.1s
[finetune_replay] ep  84/90 | train loss=0.0001 top1=1.000 | val loss=0.3663 | t=0.1s
[finetune_replay] ep  85/90 | train loss=0.0002 top1=1.000 | val loss=0.3691 | t=0.1s
[finetune_replay] ep  86/90 | train loss=0.0001 top1=1.000 | val loss=0.3678 | t=0.1s
[finetune_replay] ep  87/90 | train loss=0.0002 top1=1.000 | val loss=0.3679 | t=0.1s
[finetune_replay] ep  88/90 | train loss=0.0001 top1=1.000 | val loss=0.3687 | t=0.1s
[finetune_replay] ep  89/90 | train loss=0.0002 top1=1.000 | val loss=0.3684 | t=0.1s
[finetune_replay] ep  90/90 | train loss=0.0002 top1=1.000 | val loss=0.3673 | t=0.1s
[finetune_replay] DONE best_val_loss=0.0984 @ epoch 3
[15:20:22] [uncertainty] member 3: $ /home/s226137394/.conda/envs/maze/bin/python3 -u -m Equivariant_pathway.equivariant_CNN_hybrid.baseline_vs_p4.pool_x_selector.trainer.finetune_replay --demo_dir /weka/s226137394/DmNfull/Equivariant_pathway/equivariant_CNN_hybrid/baseline_vs_p4/pool_x_selector/results/run_9/thrifty_dagger/demos --checkpoint_dir /weka/s226137394/DmNfull/Equivariant_pathway/equivariant_CNN_hybrid/baseline_vs_p4/pool_x_selector/results/run_9/thrifty_dagger/checkpoints/member_3 --epochs 90 --batch_size 64 --lr 5e-05 --weight_decay 0.0001 --replay_mix 0.5 --replay_mix_floor 0.2 --seed 312 --resume --new_demos_dir /weka/s226137394/DmNfull/Equivariant_pathway/equivariant_CNN_hybrid/baseline_vs_p4/pool_x_selector/results/run_9/thrifty_dagger/demos/round_012
[finetune_replay] device=cuda demo_dir=/weka/s226137394/DmNfull/Equivariant_pathway/equivariant_CNN_hybrid/baseline_vs_p4/pool_x_selector/results/run_9/thrifty_dagger/demos new_demos_dir=/weka/s226137394/DmNfull/Equivariant_pathway/equivariant_CNN_hybrid/baseline_vs_p4/pool_x_selector/results/run_9/thrifty_dagger/demos/round_012
[hybrid-dataset] 31 demos -> 151 samples
[hybrid-dataset] 1 demos -> 4 samples
[finetune_replay] sampler audit: {'n_old_samples': 151, 'n_new_samples': 4, 'replay_mix_target': 0.5, 'replay_mix_effective': 0.5, 'replay_mix_floor': 0.2}
[finetune_replay] trainable params: 1,400,028
[finetune_replay] WARM START from last_hybrid_policy.pth
[finetune_replay] ep   1/90 | train loss=0.2519 top1=0.871 | val loss=0.0049 | t=0.9s  *
[finetune_replay] ep   2/90 | train loss=0.0621 top1=1.000 | val loss=0.0008 | t=0.2s  *
[finetune_replay] ep   3/90 | train loss=0.0283 top1=1.000 | val loss=0.0009 | t=0.2s
[finetune_replay] ep   4/90 | train loss=0.0086 top1=1.000 | val loss=0.0012 | t=0.1s
[finetune_replay] ep   5/90 | train loss=0.0046 top1=1.000 | val loss=0.0012 | t=0.2s
[finetune_replay] ep   6/90 | train loss=0.0022 top1=1.000 | val loss=0.0012 | t=0.1s
[finetune_replay] ep   7/90 | train loss=0.0018 top1=1.000 | val loss=0.0012 | t=0.1s
[finetune_replay] ep   8/90 | train loss=0.0013 top1=1.000 | val loss=0.0011 | t=0.1s
[finetune_replay] ep   9/90 | train loss=0.0012 top1=1.000 | val loss=0.0011 | t=0.1s
[finetune_replay] ep  10/90 | train loss=0.0011 top1=1.000 | val loss=0.0010 | t=0.1s
[finetune_replay] ep  11/90 | train loss=0.0010 top1=1.000 | val loss=0.0011 | t=0.1s
[finetune_replay] ep  12/90 | train loss=0.0011 top1=1.000 | val loss=0.0009 | t=0.1s
[finetune_replay] ep  13/90 | train loss=0.0011 top1=1.000 | val loss=0.0009 | t=0.1s
[finetune_replay] ep  14/90 | train loss=0.0010 top1=1.000 | val loss=0.0009 | t=0.1s
[finetune_replay] ep  15/90 | train loss=0.0009 top1=1.000 | val loss=0.0009 | t=0.1s
[finetune_replay] ep  16/90 | train loss=0.0007 top1=1.000 | val loss=0.0009 | t=0.1s
[finetune_replay] ep  17/90 | train loss=0.0006 top1=1.000 | val loss=0.0008 | t=0.1s
[finetune_replay] ep  18/90 | train loss=0.0005 top1=1.000 | val loss=0.0008 | t=0.1s
[finetune_replay] ep  19/90 | train loss=0.0006 top1=1.000 | val loss=0.0008 | t=0.1s
[finetune_replay] ep  20/90 | train loss=0.0004 top1=1.000 | val loss=0.0008 | t=0.1s
[finetune_replay] ep  21/90 | train loss=0.0005 top1=1.000 | val loss=0.0008 | t=0.1s
[finetune_replay] ep  22/90 | train loss=0.0004 top1=1.000 | val loss=0.0008 | t=0.1s
[finetune_replay] ep  23/90 | train loss=0.0005 top1=1.000 | val loss=0.0008 | t=0.1s
[finetune_replay] ep  24/90 | train loss=0.0006 top1=1.000 | val loss=0.0007 | t=0.1s  *
[finetune_replay] ep  25/90 | train loss=0.0004 top1=1.000 | val loss=0.0007 | t=0.1s  *
[finetune_replay] ep  26/90 | train loss=0.0005 top1=1.000 | val loss=0.0007 | t=0.1s
[finetune_replay] ep  27/90 | train loss=0.0005 top1=1.000 | val loss=0.0008 | t=0.1s
[finetune_replay] ep  28/90 | train loss=0.0004 top1=1.000 | val loss=0.0009 | t=0.1s
[finetune_replay] ep  29/90 | train loss=0.0004 top1=1.000 | val loss=0.0008 | t=0.1s
[finetune_replay] ep  30/90 | train loss=0.0004 top1=1.000 | val loss=0.0008 | t=0.1s
[finetune_replay] ep  31/90 | train loss=0.0004 top1=1.000 | val loss=0.0008 | t=0.2s
[finetune_replay] ep  32/90 | train loss=0.0003 top1=1.000 | val loss=0.0008 | t=0.1s
[finetune_replay] ep  33/90 | train loss=0.0004 top1=1.000 | val loss=0.0008 | t=0.1s
[finetune_replay] ep  34/90 | train loss=0.0004 top1=1.000 | val loss=0.0008 | t=0.1s
[finetune_replay] ep  35/90 | train loss=0.0004 top1=1.000 | val loss=0.0008 | t=0.1s
[finetune_replay] ep  36/90 | train loss=0.0004 top1=1.000 | val loss=0.0008 | t=0.1s
[finetune_replay] ep  37/90 | train loss=0.0003 top1=1.000 | val loss=0.0009 | t=0.1s
[finetune_replay] ep  38/90 | train loss=0.0003 top1=1.000 | val loss=0.0009 | t=0.1s
[finetune_replay] ep  39/90 | train loss=0.0004 top1=1.000 | val loss=0.0008 | t=0.1s
[finetune_replay] ep  40/90 | train loss=0.0004 top1=1.000 | val loss=0.0008 | t=0.1s
[finetune_replay] ep  41/90 | train loss=0.0003 top1=1.000 | val loss=0.0008 | t=0.1s
[finetune_replay] ep  42/90 | train loss=0.0003 top1=1.000 | val loss=0.0008 | t=0.1s
[finetune_replay] ep  43/90 | train loss=0.0004 top1=1.000 | val loss=0.0008 | t=0.1s
[finetune_replay] ep  44/90 | train loss=0.0003 top1=1.000 | val loss=0.0008 | t=0.1s
[finetune_replay] ep  45/90 | train loss=0.0003 top1=1.000 | val loss=0.0007 | t=0.1s
[finetune_replay] ep  46/90 | train loss=0.0002 top1=1.000 | val loss=0.0007 | t=0.1s
[finetune_replay] ep  47/90 | train loss=0.0003 top1=1.000 | val loss=0.0007 | t=0.1s
[finetune_replay] ep  48/90 | train loss=0.0003 top1=1.000 | val loss=0.0008 | t=0.1s
[finetune_replay] ep  49/90 | train loss=0.0003 top1=1.000 | val loss=0.0007 | t=0.1s  *
[finetune_replay] ep  50/90 | train loss=0.0003 top1=1.000 | val loss=0.0007 | t=0.1s  *
[finetune_replay] ep  51/90 | train loss=0.0003 top1=1.000 | val loss=0.0007 | t=0.1s
[finetune_replay] ep  52/90 | train loss=0.0003 top1=1.000 | val loss=0.0008 | t=0.1s
[finetune_replay] ep  53/90 | train loss=0.0003 top1=1.000 | val loss=0.0008 | t=0.1s
[finetune_replay] ep  54/90 | train loss=0.0003 top1=1.000 | val loss=0.0008 | t=0.1s
[finetune_replay] ep  55/90 | train loss=0.0003 top1=1.000 | val loss=0.0008 | t=0.1s
[finetune_replay] ep  56/90 | train loss=0.0003 top1=1.000 | val loss=0.0008 | t=0.1s
[finetune_replay] ep  57/90 | train loss=0.0003 top1=1.000 | val loss=0.0008 | t=0.1s
[finetune_replay] ep  58/90 | train loss=0.0003 top1=1.000 | val loss=0.0008 | t=0.1s
[finetune_replay] ep  59/90 | train loss=0.0003 top1=1.000 | val loss=0.0007 | t=0.1s
[finetune_replay] ep  60/90 | train loss=0.0003 top1=1.000 | val loss=0.0007 | t=0.1s
[finetune_replay] ep  61/90 | train loss=0.0003 top1=1.000 | val loss=0.0007 | t=0.1s
[finetune_replay] ep  62/90 | train loss=0.0003 top1=1.000 | val loss=0.0007 | t=0.1s
[finetune_replay] ep  63/90 | train loss=0.0003 top1=1.000 | val loss=0.0007 | t=0.1s
[finetune_replay] ep  64/90 | train loss=0.0003 top1=1.000 | val loss=0.0007 | t=0.1s
[finetune_replay] ep  65/90 | train loss=0.0002 top1=1.000 | val loss=0.0007 | t=0.1s
[finetune_replay] ep  66/90 | train loss=0.0002 top1=1.000 | val loss=0.0007 | t=0.1s
[finetune_replay] ep  67/90 | train loss=0.0002 top1=1.000 | val loss=0.0007 | t=0.1s
[finetune_replay] ep  68/90 | train loss=0.0002 top1=1.000 | val loss=0.0007 | t=0.1s
[finetune_replay] ep  69/90 | train loss=0.0002 top1=1.000 | val loss=0.0007 | t=0.1s
[finetune_replay] ep  70/90 | train loss=0.0003 top1=1.000 | val loss=0.0007 | t=0.1s
[finetune_replay] ep  71/90 | train loss=0.0003 top1=1.000 | val loss=0.0007 | t=0.1s
[finetune_replay] ep  72/90 | train loss=0.0003 top1=1.000 | val loss=0.0007 | t=0.1s
[finetune_replay] ep  73/90 | train loss=0.0002 top1=1.000 | val loss=0.0007 | t=0.2s
[finetune_replay] ep  74/90 | train loss=0.0002 top1=1.000 | val loss=0.0007 | t=0.1s  *
[finetune_replay] ep  75/90 | train loss=0.0002 top1=1.000 | val loss=0.0007 | t=0.1s  *
[finetune_replay] ep  76/90 | train loss=0.0002 top1=1.000 | val loss=0.0007 | t=0.1s  *
[finetune_replay] ep  77/90 | train loss=0.0002 top1=1.000 | val loss=0.0007 | t=0.1s
[finetune_replay] ep  78/90 | train loss=0.0002 top1=1.000 | val loss=0.0007 | t=0.1s
[finetune_replay] ep  79/90 | train loss=0.0003 top1=1.000 | val loss=0.0007 | t=0.1s
[finetune_replay] ep  80/90 | train loss=0.0002 top1=1.000 | val loss=0.0007 | t=0.1s
[finetune_replay] ep  81/90 | train loss=0.0003 top1=1.000 | val loss=0.0007 | t=0.1s
[finetune_replay] ep  82/90 | train loss=0.0003 top1=1.000 | val loss=0.0007 | t=0.1s
[finetune_replay] ep  83/90 | train loss=0.0003 top1=1.000 | val loss=0.0007 | t=0.1s
[finetune_replay] ep  84/90 | train loss=0.0003 top1=1.000 | val loss=0.0007 | t=0.1s
[finetune_replay] ep  85/90 | train loss=0.0002 top1=1.000 | val loss=0.0007 | t=0.1s
[finetune_replay] ep  86/90 | train loss=0.0002 top1=1.000 | val loss=0.0007 | t=0.1s
[finetune_replay] ep  87/90 | train loss=0.0003 top1=1.000 | val loss=0.0008 | t=0.1s
[finetune_replay] ep  88/90 | train loss=0.0002 top1=1.000 | val loss=0.0007 | t=0.1s
[finetune_replay] ep  89/90 | train loss=0.0002 top1=1.000 | val loss=0.0008 | t=0.1s
[finetune_replay] ep  90/90 | train loss=0.0003 top1=1.000 | val loss=0.0008 | t=0.1s
[finetune_replay] DONE best_val_loss=0.0007 @ epoch 76
[15:20:50] [uncertainty] member 4: $ /home/s226137394/.conda/envs/maze/bin/python3 -u -m Equivariant_pathway.equivariant_CNN_hybrid.baseline_vs_p4.pool_x_selector.trainer.finetune_replay --demo_dir /weka/s226137394/DmNfull/Equivariant_pathway/equivariant_CNN_hybrid/baseline_vs_p4/pool_x_selector/results/run_9/thrifty_dagger/demos --checkpoint_dir /weka/s226137394/DmNfull/Equivariant_pathway/equivariant_CNN_hybrid/baseline_vs_p4/pool_x_selector/results/run_9/thrifty_dagger/checkpoints/member_4 --epochs 90 --batch_size 64 --lr 5e-05 --weight_decay 0.0001 --replay_mix 0.5 --replay_mix_floor 0.2 --seed 413 --resume --new_demos_dir /weka/s226137394/DmNfull/Equivariant_pathway/equivariant_CNN_hybrid/baseline_vs_p4/pool_x_selector/results/run_9/thrifty_dagger/demos/round_012
[finetune_replay] device=cuda demo_dir=/weka/s226137394/DmNfull/Equivariant_pathway/equivariant_CNN_hybrid/baseline_vs_p4/pool_x_selector/results/run_9/thrifty_dagger/demos new_demos_dir=/weka/s226137394/DmNfull/Equivariant_pathway/equivariant_CNN_hybrid/baseline_vs_p4/pool_x_selector/results/run_9/thrifty_dagger/demos/round_012
[hybrid-dataset] 31 demos -> 151 samples
[hybrid-dataset] 1 demos -> 4 samples
[finetune_replay] sampler audit: {'n_old_samples': 151, 'n_new_samples': 4, 'replay_mix_target': 0.5, 'replay_mix_effective': 0.5, 'replay_mix_floor': 0.2}
[finetune_replay] trainable params: 1,400,028
[finetune_replay] WARM START from last_hybrid_policy.pth
[finetune_replay] ep   1/90 | train loss=0.0131 top1=1.000 | val loss=0.5366 | t=0.8s  *
[finetune_replay] ep   2/90 | train loss=0.0030 top1=1.000 | val loss=0.1866 | t=0.1s  *
[finetune_replay] ep   3/90 | train loss=0.0022 top1=1.000 | val loss=0.2466 | t=0.2s
[finetune_replay] ep   4/90 | train loss=0.0008 top1=1.000 | val loss=0.4144 | t=0.1s
[finetune_replay] ep   5/90 | train loss=0.0012 top1=1.000 | val loss=0.4659 | t=0.1s
[finetune_replay] ep   6/90 | train loss=0.0008 top1=1.000 | val loss=0.3838 | t=0.1s
[finetune_replay] ep   7/90 | train loss=0.0007 top1=1.000 | val loss=0.3352 | t=0.1s
[finetune_replay] ep   8/90 | train loss=0.0006 top1=1.000 | val loss=0.3251 | t=0.1s
[finetune_replay] ep   9/90 | train loss=0.0005 top1=1.000 | val loss=0.3491 | t=0.1s
[finetune_replay] ep  10/90 | train loss=0.0006 top1=1.000 | val loss=0.3681 | t=0.1s
[finetune_replay] ep  11/90 | train loss=0.0003 top1=1.000 | val loss=0.3886 | t=0.1s
[finetune_replay] ep  12/90 | train loss=0.0003 top1=1.000 | val loss=0.3856 | t=0.1s
[finetune_replay] ep  13/90 | train loss=0.0004 top1=1.000 | val loss=0.3870 | t=0.1s
[finetune_replay] ep  14/90 | train loss=0.0003 top1=1.000 | val loss=0.3796 | t=0.1s
[finetune_replay] ep  15/90 | train loss=0.0002 top1=1.000 | val loss=0.3739 | t=0.1s
[finetune_replay] ep  16/90 | train loss=0.0003 top1=1.000 | val loss=0.3663 | t=0.1s
[finetune_replay] ep  17/90 | train loss=0.0003 top1=1.000 | val loss=0.3646 | t=0.1s
[finetune_replay] ep  18/90 | train loss=0.0004 top1=1.000 | val loss=0.3627 | t=0.1s
[finetune_replay] ep  19/90 | train loss=0.0003 top1=1.000 | val loss=0.3600 | t=0.1s
[finetune_replay] ep  20/90 | train loss=0.0003 top1=1.000 | val loss=0.3614 | t=0.1s
[finetune_replay] ep  21/90 | train loss=0.0003 top1=1.000 | val loss=0.3676 | t=0.2s
[finetune_replay] ep  22/90 | train loss=0.0002 top1=1.000 | val loss=0.3710 | t=0.1s
[finetune_replay] ep  23/90 | train loss=0.0003 top1=1.000 | val loss=0.3649 | t=0.2s
[finetune_replay] ep  24/90 | train loss=0.0003 top1=1.000 | val loss=0.3672 | t=0.1s
[finetune_replay] ep  25/90 | train loss=0.0003 top1=1.000 | val loss=0.3749 | t=0.1s
[finetune_replay] ep  26/90 | train loss=0.0003 top1=1.000 | val loss=0.3858 | t=0.1s
[finetune_replay] ep  27/90 | train loss=0.0002 top1=1.000 | val loss=0.4053 | t=0.1s
[finetune_replay] ep  28/90 | train loss=0.0003 top1=1.000 | val loss=0.4091 | t=0.1s
[finetune_replay] ep  29/90 | train loss=0.0002 top1=1.000 | val loss=0.3971 | t=0.1s
[finetune_replay] ep  30/90 | train loss=0.0002 top1=1.000 | val loss=0.3878 | t=0.1s
[finetune_replay] ep  31/90 | train loss=0.0002 top1=1.000 | val loss=0.3826 | t=0.1s
[finetune_replay] ep  32/90 | train loss=0.0002 top1=1.000 | val loss=0.3825 | t=0.1s
[finetune_replay] ep  33/90 | train loss=0.0002 top1=1.000 | val loss=0.3841 | t=0.1s
[finetune_replay] ep  34/90 | train loss=0.0002 top1=1.000 | val loss=0.3883 | t=0.1s
[finetune_replay] ep  35/90 | train loss=0.0002 top1=1.000 | val loss=0.3834 | t=0.1s
[finetune_replay] ep  36/90 | train loss=0.0002 top1=1.000 | val loss=0.3777 | t=0.1s
[finetune_replay] ep  37/90 | train loss=0.0002 top1=1.000 | val loss=0.3751 | t=0.1s
[finetune_replay] ep  38/90 | train loss=0.0002 top1=1.000 | val loss=0.3734 | t=0.1s
[finetune_replay] ep  39/90 | train loss=0.0003 top1=1.000 | val loss=0.3780 | t=0.1s
[finetune_replay] ep  40/90 | train loss=0.0002 top1=1.000 | val loss=0.3797 | t=0.1s
[finetune_replay] ep  41/90 | train loss=0.0002 top1=1.000 | val loss=0.3760 | t=0.1s
[finetune_replay] ep  42/90 | train loss=0.0002 top1=1.000 | val loss=0.3744 | t=0.1s
[finetune_replay] ep  43/90 | train loss=0.0001 top1=1.000 | val loss=0.3740 | t=0.1s
[finetune_replay] ep  44/90 | train loss=0.0002 top1=1.000 | val loss=0.3729 | t=0.1s
[finetune_replay] ep  45/90 | train loss=0.0002 top1=1.000 | val loss=0.3716 | t=0.1s
[finetune_replay] ep  46/90 | train loss=0.0002 top1=1.000 | val loss=0.3742 | t=0.1s
[finetune_replay] ep  47/90 | train loss=0.0002 top1=1.000 | val loss=0.3796 | t=0.1s
[finetune_replay] ep  48/90 | train loss=0.0002 top1=1.000 | val loss=0.3797 | t=0.1s
[finetune_replay] ep  49/90 | train loss=0.0002 top1=1.000 | val loss=0.3831 | t=0.1s
[finetune_replay] ep  50/90 | train loss=0.0002 top1=1.000 | val loss=0.3851 | t=0.1s
[finetune_replay] ep  51/90 | train loss=0.0002 top1=1.000 | val loss=0.3882 | t=0.1s
[finetune_replay] ep  52/90 | train loss=0.0002 top1=1.000 | val loss=0.3907 | t=0.1s
[finetune_replay] ep  53/90 | train loss=0.0002 top1=1.000 | val loss=0.3917 | t=0.1s
[finetune_replay] ep  54/90 | train loss=0.0002 top1=1.000 | val loss=0.3957 | t=0.1s
[finetune_replay] ep  55/90 | train loss=0.0002 top1=1.000 | val loss=0.3981 | t=0.1s
[finetune_replay] ep  56/90 | train loss=0.0002 top1=1.000 | val loss=0.4020 | t=0.1s
[finetune_replay] ep  57/90 | train loss=0.0002 top1=1.000 | val loss=0.4032 | t=0.1s
[finetune_replay] ep  58/90 | train loss=0.0002 top1=1.000 | val loss=0.4006 | t=0.1s
[finetune_replay] ep  59/90 | train loss=0.0002 top1=1.000 | val loss=0.3982 | t=0.1s
[finetune_replay] ep  60/90 | train loss=0.0002 top1=1.000 | val loss=0.3947 | t=0.1s
[finetune_replay] ep  61/90 | train loss=0.0002 top1=1.000 | val loss=0.3940 | t=0.1s
[finetune_replay] ep  62/90 | train loss=0.0002 top1=1.000 | val loss=0.3957 | t=0.1s
[finetune_replay] ep  63/90 | train loss=0.0002 top1=1.000 | val loss=0.3940 | t=0.1s
[finetune_replay] ep  64/90 | train loss=0.0001 top1=1.000 | val loss=0.3938 | t=0.1s
[finetune_replay] ep  65/90 | train loss=0.0002 top1=1.000 | val loss=0.3932 | t=0.1s
[finetune_replay] ep  66/90 | train loss=0.0001 top1=1.000 | val loss=0.3928 | t=0.1s
[finetune_replay] ep  67/90 | train loss=0.0002 top1=1.000 | val loss=0.3919 | t=0.1s
[finetune_replay] ep  68/90 | train loss=0.0002 top1=1.000 | val loss=0.3909 | t=0.1s
[finetune_replay] ep  69/90 | train loss=0.0002 top1=1.000 | val loss=0.3927 | t=0.1s
[finetune_replay] ep  70/90 | train loss=0.0002 top1=1.000 | val loss=0.3942 | t=0.1s
[finetune_replay] ep  71/90 | train loss=0.0002 top1=1.000 | val loss=0.3937 | t=0.1s
[finetune_replay] ep  72/90 | train loss=0.0002 top1=1.000 | val loss=0.3915 | t=0.1s
[finetune_replay] ep  73/90 | train loss=0.0001 top1=1.000 | val loss=0.3892 | t=0.1s
[finetune_replay] ep  74/90 | train loss=0.0002 top1=1.000 | val loss=0.3884 | t=0.1s
[finetune_replay] ep  75/90 | train loss=0.0002 top1=1.000 | val loss=0.3888 | t=0.1s
[finetune_replay] ep  76/90 | train loss=0.0002 top1=1.000 | val loss=0.3871 | t=0.1s
[finetune_replay] ep  77/90 | train loss=0.0001 top1=1.000 | val loss=0.3864 | t=0.1s
[finetune_replay] ep  78/90 | train loss=0.0002 top1=1.000 | val loss=0.3863 | t=0.1s
[finetune_replay] ep  79/90 | train loss=0.0002 top1=1.000 | val loss=0.3861 | t=0.1s
[finetune_replay] ep  80/90 | train loss=0.0001 top1=1.000 | val loss=0.3860 | t=0.1s
[finetune_replay] ep  81/90 | train loss=0.0002 top1=1.000 | val loss=0.3885 | t=0.1s
[finetune_replay] ep  82/90 | train loss=0.0002 top1=1.000 | val loss=0.3898 | t=0.1s
[finetune_replay] ep  83/90 | train loss=0.0002 top1=1.000 | val loss=0.3917 | t=0.1s
[finetune_replay] ep  84/90 | train loss=0.0002 top1=1.000 | val loss=0.3900 | t=0.1s
[finetune_replay] ep  85/90 | train loss=0.0001 top1=1.000 | val loss=0.3902 | t=0.1s
[finetune_replay] ep  86/90 | train loss=0.0002 top1=1.000 | val loss=0.3888 | t=0.1s
[finetune_replay] ep  87/90 | train loss=0.0002 top1=1.000 | val loss=0.3885 | t=0.1s
[finetune_replay] ep  88/90 | train loss=0.0002 top1=1.000 | val loss=0.3867 | t=0.1s
[finetune_replay] ep  89/90 | train loss=0.0001 top1=1.000 | val loss=0.3897 | t=0.1s
[finetune_replay] ep  90/90 | train loss=0.0002 top1=1.000 | val loss=0.3899 | t=0.1s
[finetune_replay] DONE best_val_loss=0.1866 @ epoch 2
[15:21:42] [iil-baseline] round 12: heldout_sr=0.865

--------------------------------------------------------------------------------
THRIFTY_DAGGER ROUND 13  (remaining budget = 3)
--------------------------------------------------------------------------------
[15:21:53] [iil-baseline] round 13: pool=20 successes=16 failures=4 correction_sr=0.800
[15:21:53] [iil-baseline] round 13: picked=1 saved=1 cum_extras=13/15
[15:21:53] [uncertainty] member 0: $ /home/s226137394/.conda/envs/maze/bin/python3 -u -m Equivariant_pathway.equivariant_CNN_hybrid.baseline_vs_p4.pool_x_selector.trainer.finetune_replay --demo_dir /weka/s226137394/DmNfull/Equivariant_pathway/equivariant_CNN_hybrid/baseline_vs_p4/pool_x_selector/results/run_9/thrifty_dagger/demos --checkpoint_dir /weka/s226137394/DmNfull/Equivariant_pathway/equivariant_CNN_hybrid/baseline_vs_p4/pool_x_selector/results/run_9/thrifty_dagger/checkpoints/member_0 --epochs 90 --batch_size 64 --lr 5e-05 --weight_decay 0.0001 --replay_mix 0.5 --replay_mix_floor 0.2 --seed 9 --resume --new_demos_dir /weka/s226137394/DmNfull/Equivariant_pathway/equivariant_CNN_hybrid/baseline_vs_p4/pool_x_selector/results/run_9/thrifty_dagger/demos/round_013
[finetune_replay] device=cuda demo_dir=/weka/s226137394/DmNfull/Equivariant_pathway/equivariant_CNN_hybrid/baseline_vs_p4/pool_x_selector/results/run_9/thrifty_dagger/demos new_demos_dir=/weka/s226137394/DmNfull/Equivariant_pathway/equivariant_CNN_hybrid/baseline_vs_p4/pool_x_selector/results/run_9/thrifty_dagger/demos/round_013
[hybrid-dataset] 32 demos -> 155 samples
[hybrid-dataset] 1 demos -> 6 samples
[finetune_replay] sampler audit: {'n_old_samples': 155, 'n_new_samples': 6, 'replay_mix_target': 0.5, 'replay_mix_effective': 0.5, 'replay_mix_floor': 0.2}
[finetune_replay] trainable params: 1,400,028
[finetune_replay] WARM START from last_hybrid_policy.pth
[finetune_replay] ep   1/90 | train loss=0.4664 top1=0.876 | val loss=0.0300 | t=0.9s  *
[finetune_replay] ep   2/90 | train loss=0.1028 top1=0.966 | val loss=0.0019 | t=0.2s  *
[finetune_replay] ep   3/90 | train loss=0.2091 top1=0.890 | val loss=0.0011 | t=0.2s  *
[finetune_replay] ep   4/90 | train loss=0.0699 top1=0.986 | val loss=0.0123 | t=0.1s
[finetune_replay] ep   5/90 | train loss=0.0273 top1=1.000 | val loss=0.0019 | t=0.1s
[finetune_replay] ep   6/90 | train loss=0.0168 top1=1.000 | val loss=0.0006 | t=0.1s  *
[finetune_replay] ep   7/90 | train loss=0.0049 top1=1.000 | val loss=0.0006 | t=0.1s  *
[finetune_replay] ep   8/90 | train loss=0.0030 top1=1.000 | val loss=0.0004 | t=0.1s  *
[finetune_replay] ep   9/90 | train loss=0.0021 top1=1.000 | val loss=0.0005 | t=0.1s
[finetune_replay] ep  10/90 | train loss=0.0018 top1=1.000 | val loss=0.0007 | t=0.1s
[finetune_replay] ep  11/90 | train loss=0.0012 top1=1.000 | val loss=0.0007 | t=0.1s
[finetune_replay] ep  12/90 | train loss=0.0013 top1=1.000 | val loss=0.0005 | t=0.2s
[finetune_replay] ep  13/90 | train loss=0.0011 top1=1.000 | val loss=0.0005 | t=0.1s
[finetune_replay] ep  14/90 | train loss=0.0011 top1=1.000 | val loss=0.0006 | t=0.1s
[finetune_replay] ep  15/90 | train loss=0.0009 top1=1.000 | val loss=0.0006 | t=0.1s
[finetune_replay] ep  16/90 | train loss=0.0007 top1=1.000 | val loss=0.0005 | t=0.1s
[finetune_replay] ep  17/90 | train loss=0.0010 top1=1.000 | val loss=0.0006 | t=0.1s
[finetune_replay] ep  18/90 | train loss=0.0011 top1=1.000 | val loss=0.0006 | t=0.1s
[finetune_replay] ep  19/90 | train loss=0.0008 top1=1.000 | val loss=0.0006 | t=0.1s
[finetune_replay] ep  20/90 | train loss=0.0008 top1=1.000 | val loss=0.0005 | t=0.1s
[finetune_replay] ep  21/90 | train loss=0.0007 top1=1.000 | val loss=0.0004 | t=0.1s  *
[finetune_replay] ep  22/90 | train loss=0.0007 top1=1.000 | val loss=0.0004 | t=0.1s  *
[finetune_replay] ep  23/90 | train loss=0.0007 top1=1.000 | val loss=0.0004 | t=0.1s
[finetune_replay] ep  24/90 | train loss=0.0005 top1=1.000 | val loss=0.0004 | t=0.1s
[finetune_replay] ep  25/90 | train loss=0.0006 top1=1.000 | val loss=0.0005 | t=0.2s
[finetune_replay] ep  26/90 | train loss=0.0006 top1=1.000 | val loss=0.0004 | t=0.1s
[finetune_replay] ep  27/90 | train loss=0.0007 top1=1.000 | val loss=0.0004 | t=0.1s
[finetune_replay] ep  28/90 | train loss=0.0005 top1=1.000 | val loss=0.0005 | t=0.1s
[finetune_replay] ep  29/90 | train loss=0.0005 top1=1.000 | val loss=0.0005 | t=0.1s
[finetune_replay] ep  30/90 | train loss=0.0005 top1=1.000 | val loss=0.0005 | t=0.1s
[finetune_replay] ep  31/90 | train loss=0.0006 top1=1.000 | val loss=0.0004 | t=0.1s
[finetune_replay] ep  32/90 | train loss=0.0006 top1=1.000 | val loss=0.0004 | t=0.1s
[finetune_replay] ep  33/90 | train loss=0.0005 top1=1.000 | val loss=0.0004 | t=0.1s
[finetune_replay] ep  34/90 | train loss=0.0007 top1=1.000 | val loss=0.0004 | t=0.1s
[finetune_replay] ep  35/90 | train loss=0.0004 top1=1.000 | val loss=0.0004 | t=0.1s
[finetune_replay] ep  36/90 | train loss=0.0005 top1=1.000 | val loss=0.0004 | t=0.1s
[finetune_replay] ep  37/90 | train loss=0.0006 top1=1.000 | val loss=0.0004 | t=0.1s
[finetune_replay] ep  38/90 | train loss=0.0005 top1=1.000 | val loss=0.0004 | t=0.1s
[finetune_replay] ep  39/90 | train loss=0.0005 top1=1.000 | val loss=0.0004 | t=0.1s
[finetune_replay] ep  40/90 | train loss=0.0004 top1=1.000 | val loss=0.0004 | t=0.1s
[finetune_replay] ep  41/90 | train loss=0.0004 top1=1.000 | val loss=0.0004 | t=0.1s
[finetune_replay] ep  42/90 | train loss=0.0005 top1=1.000 | val loss=0.0005 | t=0.1s
[finetune_replay] ep  43/90 | train loss=0.0004 top1=1.000 | val loss=0.0004 | t=0.1s
[finetune_replay] ep  44/90 | train loss=0.0005 top1=1.000 | val loss=0.0004 | t=0.1s
[finetune_replay] ep  45/90 | train loss=0.0004 top1=1.000 | val loss=0.0005 | t=0.1s
[finetune_replay] ep  46/90 | train loss=0.0004 top1=1.000 | val loss=0.0005 | t=0.1s
[finetune_replay] ep  47/90 | train loss=0.0004 top1=1.000 | val loss=0.0005 | t=0.1s
[finetune_replay] ep  48/90 | train loss=0.0004 top1=1.000 | val loss=0.0005 | t=0.1s
[finetune_replay] ep  49/90 | train loss=0.0004 top1=1.000 | val loss=0.0004 | t=0.1s
[finetune_replay] ep  50/90 | train loss=0.0004 top1=1.000 | val loss=0.0005 | t=0.1s
[finetune_replay] ep  51/90 | train loss=0.0004 top1=1.000 | val loss=0.0005 | t=0.1s
[finetune_replay] ep  52/90 | train loss=0.0003 top1=1.000 | val loss=0.0005 | t=0.1s
[finetune_replay] ep  53/90 | train loss=0.0005 top1=1.000 | val loss=0.0004 | t=0.1s
[finetune_replay] ep  54/90 | train loss=0.0004 top1=1.000 | val loss=0.0004 | t=0.1s
[finetune_replay] ep  55/90 | train loss=0.0004 top1=1.000 | val loss=0.0004 | t=0.1s
[finetune_replay] ep  56/90 | train loss=0.0004 top1=1.000 | val loss=0.0005 | t=0.1s
[finetune_replay] ep  57/90 | train loss=0.0004 top1=1.000 | val loss=0.0004 | t=0.1s
[finetune_replay] ep  58/90 | train loss=0.0004 top1=1.000 | val loss=0.0004 | t=0.1s
[finetune_replay] ep  59/90 | train loss=0.0004 top1=1.000 | val loss=0.0004 | t=0.1s
[finetune_replay] ep  60/90 | train loss=0.0004 top1=1.000 | val loss=0.0004 | t=0.1s
[finetune_replay] ep  61/90 | train loss=0.0004 top1=1.000 | val loss=0.0004 | t=0.1s
[finetune_replay] ep  62/90 | train loss=0.0004 top1=1.000 | val loss=0.0004 | t=0.1s
[finetune_replay] ep  63/90 | train loss=0.0003 top1=1.000 | val loss=0.0004 | t=0.1s
[finetune_replay] ep  64/90 | train loss=0.0003 top1=1.000 | val loss=0.0004 | t=0.1s
[finetune_replay] ep  65/90 | train loss=0.0003 top1=1.000 | val loss=0.0004 | t=0.1s
[finetune_replay] ep  66/90 | train loss=0.0004 top1=1.000 | val loss=0.0004 | t=0.1s
[finetune_replay] ep  67/90 | train loss=0.0004 top1=1.000 | val loss=0.0004 | t=0.1s
[finetune_replay] ep  68/90 | train loss=0.0004 top1=1.000 | val loss=0.0005 | t=0.1s
[finetune_replay] ep  69/90 | train loss=0.0004 top1=1.000 | val loss=0.0004 | t=0.1s
[finetune_replay] ep  70/90 | train loss=0.0003 top1=1.000 | val loss=0.0005 | t=0.1s
[finetune_replay] ep  71/90 | train loss=0.0004 top1=1.000 | val loss=0.0005 | t=0.2s
[finetune_replay] ep  72/90 | train loss=0.0004 top1=1.000 | val loss=0.0005 | t=0.1s
[finetune_replay] ep  73/90 | train loss=0.0004 top1=1.000 | val loss=0.0005 | t=0.1s
[finetune_replay] ep  74/90 | train loss=0.0004 top1=1.000 | val loss=0.0005 | t=0.1s
[finetune_replay] ep  75/90 | train loss=0.0004 top1=1.000 | val loss=0.0005 | t=0.1s
[finetune_replay] ep  76/90 | train loss=0.0004 top1=1.000 | val loss=0.0005 | t=0.1s
[finetune_replay] ep  77/90 | train loss=0.0003 top1=1.000 | val loss=0.0005 | t=0.1s
[finetune_replay] ep  78/90 | train loss=0.0003 top1=1.000 | val loss=0.0005 | t=0.1s
[finetune_replay] ep  79/90 | train loss=0.0004 top1=1.000 | val loss=0.0005 | t=0.1s
[finetune_replay] ep  80/90 | train loss=0.0004 top1=1.000 | val loss=0.0005 | t=0.1s
[finetune_replay] ep  81/90 | train loss=0.0004 top1=1.000 | val loss=0.0005 | t=0.1s
[finetune_replay] ep  82/90 | train loss=0.0003 top1=1.000 | val loss=0.0005 | t=0.1s
[finetune_replay] ep  83/90 | train loss=0.0003 top1=1.000 | val loss=0.0004 | t=0.1s
[finetune_replay] ep  84/90 | train loss=0.0003 top1=1.000 | val loss=0.0005 | t=0.1s
[finetune_replay] ep  85/90 | train loss=0.0003 top1=1.000 | val loss=0.0004 | t=0.1s
[finetune_replay] ep  86/90 | train loss=0.0003 top1=1.000 | val loss=0.0004 | t=0.1s
[finetune_replay] ep  87/90 | train loss=0.0003 top1=1.000 | val loss=0.0005 | t=0.1s
[finetune_replay] ep  88/90 | train loss=0.0003 top1=1.000 | val loss=0.0005 | t=0.1s
[finetune_replay] ep  89/90 | train loss=0.0004 top1=1.000 | val loss=0.0005 | t=0.1s
[finetune_replay] ep  90/90 | train loss=0.0004 top1=1.000 | val loss=0.0005 | t=0.1s
[finetune_replay] DONE best_val_loss=0.0004 @ epoch 22
[15:22:19] [uncertainty] member 1: $ /home/s226137394/.conda/envs/maze/bin/python3 -u -m Equivariant_pathway.equivariant_CNN_hybrid.baseline_vs_p4.pool_x_selector.trainer.finetune_replay --demo_dir /weka/s226137394/DmNfull/Equivariant_pathway/equivariant_CNN_hybrid/baseline_vs_p4/pool_x_selector/results/run_9/thrifty_dagger/demos --checkpoint_dir /weka/s226137394/DmNfull/Equivariant_pathway/equivariant_CNN_hybrid/baseline_vs_p4/pool_x_selector/results/run_9/thrifty_dagger/checkpoints/member_1 --epochs 90 --batch_size 64 --lr 5e-05 --weight_decay 0.0001 --replay_mix 0.5 --replay_mix_floor 0.2 --seed 110 --resume --new_demos_dir /weka/s226137394/DmNfull/Equivariant_pathway/equivariant_CNN_hybrid/baseline_vs_p4/pool_x_selector/results/run_9/thrifty_dagger/demos/round_013
[finetune_replay] device=cuda demo_dir=/weka/s226137394/DmNfull/Equivariant_pathway/equivariant_CNN_hybrid/baseline_vs_p4/pool_x_selector/results/run_9/thrifty_dagger/demos new_demos_dir=/weka/s226137394/DmNfull/Equivariant_pathway/equivariant_CNN_hybrid/baseline_vs_p4/pool_x_selector/results/run_9/thrifty_dagger/demos/round_013
[hybrid-dataset] 32 demos -> 155 samples
[hybrid-dataset] 1 demos -> 6 samples
[finetune_replay] sampler audit: {'n_old_samples': 155, 'n_new_samples': 6, 'replay_mix_target': 0.5, 'replay_mix_effective': 0.5, 'replay_mix_floor': 0.2}
[finetune_replay] trainable params: 1,400,028
[finetune_replay] WARM START from last_hybrid_policy.pth
[finetune_replay] ep   1/90 | train loss=0.6821 top1=0.897 | val loss=0.1328 | t=0.9s  *
[finetune_replay] ep   2/90 | train loss=0.1473 top1=0.945 | val loss=0.0125 | t=0.1s  *
[finetune_replay] ep   3/90 | train loss=0.0857 top1=0.966 | val loss=0.0117 | t=0.2s  *
[finetune_replay] ep   4/90 | train loss=0.0196 top1=1.000 | val loss=0.0016 | t=0.1s  *
[finetune_replay] ep   5/90 | train loss=0.0054 top1=1.000 | val loss=0.0027 | t=0.1s
[finetune_replay] ep   6/90 | train loss=0.0091 top1=1.000 | val loss=0.0034 | t=0.1s
[finetune_replay] ep   7/90 | train loss=0.0028 top1=1.000 | val loss=0.0041 | t=0.1s
[finetune_replay] ep   8/90 | train loss=0.0040 top1=1.000 | val loss=0.0027 | t=0.1s
[finetune_replay] ep   9/90 | train loss=0.0035 top1=1.000 | val loss=0.0013 | t=0.1s  *
[finetune_replay] ep  10/90 | train loss=0.0026 top1=1.000 | val loss=0.0012 | t=0.1s  *
[finetune_replay] ep  11/90 | train loss=0.0024 top1=1.000 | val loss=0.0012 | t=0.1s
[finetune_replay] ep  12/90 | train loss=0.0023 top1=1.000 | val loss=0.0010 | t=0.1s  *
[finetune_replay] ep  13/90 | train loss=0.0010 top1=1.000 | val loss=0.0009 | t=0.2s  *
[finetune_replay] ep  14/90 | train loss=0.0014 top1=1.000 | val loss=0.0010 | t=0.1s
[finetune_replay] ep  15/90 | train loss=0.0012 top1=1.000 | val loss=0.0014 | t=0.1s
[finetune_replay] ep  16/90 | train loss=0.0010 top1=1.000 | val loss=0.0013 | t=0.1s
[finetune_replay] ep  17/90 | train loss=0.0010 top1=1.000 | val loss=0.0011 | t=0.1s
[finetune_replay] ep  18/90 | train loss=0.0008 top1=1.000 | val loss=0.0011 | t=0.1s
[finetune_replay] ep  19/90 | train loss=0.0008 top1=1.000 | val loss=0.0010 | t=0.1s
[finetune_replay] ep  20/90 | train loss=0.0008 top1=1.000 | val loss=0.0010 | t=0.1s
[finetune_replay] ep  21/90 | train loss=0.0007 top1=1.000 | val loss=0.0012 | t=0.2s
[finetune_replay] ep  22/90 | train loss=0.0006 top1=1.000 | val loss=0.0012 | t=0.1s
[finetune_replay] ep  23/90 | train loss=0.0007 top1=1.000 | val loss=0.0010 | t=0.1s
[finetune_replay] ep  24/90 | train loss=0.0006 top1=1.000 | val loss=0.0009 | t=0.1s  *
[finetune_replay] ep  25/90 | train loss=0.0007 top1=1.000 | val loss=0.0009 | t=0.1s
[finetune_replay] ep  26/90 | train loss=0.0007 top1=1.000 | val loss=0.0011 | t=0.1s
[finetune_replay] ep  27/90 | train loss=0.0006 top1=1.000 | val loss=0.0014 | t=0.1s
[finetune_replay] ep  28/90 | train loss=0.0007 top1=1.000 | val loss=0.0012 | t=0.1s
[finetune_replay] ep  29/90 | train loss=0.0006 top1=1.000 | val loss=0.0010 | t=0.1s
[finetune_replay] ep  30/90 | train loss=0.0007 top1=1.000 | val loss=0.0010 | t=0.1s
[finetune_replay] ep  31/90 | train loss=0.0005 top1=1.000 | val loss=0.0010 | t=0.1s
[finetune_replay] ep  32/90 | train loss=0.0005 top1=1.000 | val loss=0.0009 | t=0.1s
[finetune_replay] ep  33/90 | train loss=0.0004 top1=1.000 | val loss=0.0009 | t=0.1s
[finetune_replay] ep  34/90 | train loss=0.0005 top1=1.000 | val loss=0.0009 | t=0.1s  *
[finetune_replay] ep  35/90 | train loss=0.0005 top1=1.000 | val loss=0.0009 | t=0.1s
[finetune_replay] ep  36/90 | train loss=0.0004 top1=1.000 | val loss=0.0009 | t=0.1s
[finetune_replay] ep  37/90 | train loss=0.0004 top1=1.000 | val loss=0.0009 | t=0.1s
[finetune_replay] ep  38/90 | train loss=0.0005 top1=1.000 | val loss=0.0009 | t=0.1s
[finetune_replay] ep  39/90 | train loss=0.0005 top1=1.000 | val loss=0.0010 | t=0.1s
[finetune_replay] ep  40/90 | train loss=0.0004 top1=1.000 | val loss=0.0010 | t=0.1s
[finetune_replay] ep  41/90 | train loss=0.0004 top1=1.000 | val loss=0.0010 | t=0.1s
[finetune_replay] ep  42/90 | train loss=0.0005 top1=1.000 | val loss=0.0011 | t=0.1s
[finetune_replay] ep  43/90 | train loss=0.0005 top1=1.000 | val loss=0.0010 | t=0.1s
[finetune_replay] ep  44/90 | train loss=0.0005 top1=1.000 | val loss=0.0010 | t=0.1s
[finetune_replay] ep  45/90 | train loss=0.0004 top1=1.000 | val loss=0.0010 | t=0.1s
[finetune_replay] ep  46/90 | train loss=0.0004 top1=1.000 | val loss=0.0011 | t=0.1s
[finetune_replay] ep  47/90 | train loss=0.0004 top1=1.000 | val loss=0.0011 | t=0.1s
[finetune_replay] ep  48/90 | train loss=0.0004 top1=1.000 | val loss=0.0010 | t=0.1s
[finetune_replay] ep  49/90 | train loss=0.0004 top1=1.000 | val loss=0.0010 | t=0.1s
[finetune_replay] ep  50/90 | train loss=0.0004 top1=1.000 | val loss=0.0010 | t=0.1s
[finetune_replay] ep  51/90 | train loss=0.0003 top1=1.000 | val loss=0.0009 | t=0.1s
[finetune_replay] ep  52/90 | train loss=0.0003 top1=1.000 | val loss=0.0009 | t=0.1s
[finetune_replay] ep  53/90 | train loss=0.0005 top1=1.000 | val loss=0.0009 | t=0.1s
[finetune_replay] ep  54/90 | train loss=0.0003 top1=1.000 | val loss=0.0009 | t=0.1s
[finetune_replay] ep  55/90 | train loss=0.0004 top1=1.000 | val loss=0.0009 | t=0.1s
[finetune_replay] ep  56/90 | train loss=0.0004 top1=1.000 | val loss=0.0009 | t=0.1s
[finetune_replay] ep  57/90 | train loss=0.0004 top1=1.000 | val loss=0.0009 | t=0.1s
[finetune_replay] ep  58/90 | train loss=0.0003 top1=1.000 | val loss=0.0009 | t=0.1s
[finetune_replay] ep  59/90 | train loss=0.0004 top1=1.000 | val loss=0.0009 | t=0.1s
[finetune_replay] ep  60/90 | train loss=0.0004 top1=1.000 | val loss=0.0009 | t=0.1s
[finetune_replay] ep  61/90 | train loss=0.0004 top1=1.000 | val loss=0.0009 | t=0.1s
[finetune_replay] ep  62/90 | train loss=0.0004 top1=1.000 | val loss=0.0009 | t=0.1s
[finetune_replay] ep  63/90 | train loss=0.0003 top1=1.000 | val loss=0.0010 | t=0.1s
[finetune_replay] ep  64/90 | train loss=0.0004 top1=1.000 | val loss=0.0010 | t=0.1s
[finetune_replay] ep  65/90 | train loss=0.0004 top1=1.000 | val loss=0.0009 | t=0.1s
[finetune_replay] ep  66/90 | train loss=0.0004 top1=1.000 | val loss=0.0009 | t=0.1s
[finetune_replay] ep  67/90 | train loss=0.0004 top1=1.000 | val loss=0.0009 | t=0.1s
[finetune_replay] ep  68/90 | train loss=0.0004 top1=1.000 | val loss=0.0009 | t=0.1s
[finetune_replay] ep  69/90 | train loss=0.0004 top1=1.000 | val loss=0.0009 | t=0.1s
[finetune_replay] ep  70/90 | train loss=0.0003 top1=1.000 | val loss=0.0009 | t=0.1s
[finetune_replay] ep  71/90 | train loss=0.0004 top1=1.000 | val loss=0.0009 | t=0.1s  *
[finetune_replay] ep  72/90 | train loss=0.0004 top1=1.000 | val loss=0.0008 | t=0.1s  *
[finetune_replay] ep  73/90 | train loss=0.0003 top1=1.000 | val loss=0.0009 | t=0.1s
[finetune_replay] ep  74/90 | train loss=0.0004 top1=1.000 | val loss=0.0009 | t=0.1s
[finetune_replay] ep  75/90 | train loss=0.0003 top1=1.000 | val loss=0.0009 | t=0.1s
[finetune_replay] ep  76/90 | train loss=0.0004 top1=1.000 | val loss=0.0009 | t=0.1s
[finetune_replay] ep  77/90 | train loss=0.0004 top1=1.000 | val loss=0.0010 | t=0.1s
[finetune_replay] ep  78/90 | train loss=0.0003 top1=1.000 | val loss=0.0010 | t=0.1s
[finetune_replay] ep  79/90 | train loss=0.0003 top1=1.000 | val loss=0.0009 | t=0.1s
[finetune_replay] ep  80/90 | train loss=0.0004 top1=1.000 | val loss=0.0009 | t=0.1s
[finetune_replay] ep  81/90 | train loss=0.0004 top1=1.000 | val loss=0.0009 | t=0.1s
[finetune_replay] ep  82/90 | train loss=0.0003 top1=1.000 | val loss=0.0009 | t=0.1s
[finetune_replay] ep  83/90 | train loss=0.0004 top1=1.000 | val loss=0.0010 | t=0.1s
[finetune_replay] ep  84/90 | train loss=0.0004 top1=1.000 | val loss=0.0010 | t=0.1s
[finetune_replay] ep  85/90 | train loss=0.0003 top1=1.000 | val loss=0.0009 | t=0.1s
[finetune_replay] ep  86/90 | train loss=0.0004 top1=1.000 | val loss=0.0009 | t=0.1s
[finetune_replay] ep  87/90 | train loss=0.0003 top1=1.000 | val loss=0.0010 | t=0.1s
[finetune_replay] ep  88/90 | train loss=0.0004 top1=1.000 | val loss=0.0010 | t=0.1s
[finetune_replay] ep  89/90 | train loss=0.0003 top1=1.000 | val loss=0.0009 | t=0.1s
[finetune_replay] ep  90/90 | train loss=0.0004 top1=1.000 | val loss=0.0009 | t=0.1s
[finetune_replay] DONE best_val_loss=0.0008 @ epoch 72
[15:22:44] [uncertainty] member 2: $ /home/s226137394/.conda/envs/maze/bin/python3 -u -m Equivariant_pathway.equivariant_CNN_hybrid.baseline_vs_p4.pool_x_selector.trainer.finetune_replay --demo_dir /weka/s226137394/DmNfull/Equivariant_pathway/equivariant_CNN_hybrid/baseline_vs_p4/pool_x_selector/results/run_9/thrifty_dagger/demos --checkpoint_dir /weka/s226137394/DmNfull/Equivariant_pathway/equivariant_CNN_hybrid/baseline_vs_p4/pool_x_selector/results/run_9/thrifty_dagger/checkpoints/member_2 --epochs 90 --batch_size 64 --lr 5e-05 --weight_decay 0.0001 --replay_mix 0.5 --replay_mix_floor 0.2 --seed 211 --resume --new_demos_dir /weka/s226137394/DmNfull/Equivariant_pathway/equivariant_CNN_hybrid/baseline_vs_p4/pool_x_selector/results/run_9/thrifty_dagger/demos/round_013
[finetune_replay] device=cuda demo_dir=/weka/s226137394/DmNfull/Equivariant_pathway/equivariant_CNN_hybrid/baseline_vs_p4/pool_x_selector/results/run_9/thrifty_dagger/demos new_demos_dir=/weka/s226137394/DmNfull/Equivariant_pathway/equivariant_CNN_hybrid/baseline_vs_p4/pool_x_selector/results/run_9/thrifty_dagger/demos/round_013
[hybrid-dataset] 32 demos -> 155 samples
[hybrid-dataset] 1 demos -> 6 samples
[finetune_replay] sampler audit: {'n_old_samples': 155, 'n_new_samples': 6, 'replay_mix_target': 0.5, 'replay_mix_effective': 0.5, 'replay_mix_floor': 0.2}
[finetune_replay] trainable params: 1,400,028
[finetune_replay] WARM START from last_hybrid_policy.pth
[finetune_replay] ep   1/90 | train loss=0.3139 top1=0.952 | val loss=0.1824 | t=0.8s  *
[finetune_replay] ep   2/90 | train loss=0.1619 top1=0.897 | val loss=0.1199 | t=0.2s  *
[finetune_replay] ep   3/90 | train loss=0.0267 top1=1.000 | val loss=0.1253 | t=0.1s
[finetune_replay] ep   4/90 | train loss=0.0246 top1=0.993 | val loss=0.2239 | t=0.1s
[finetune_replay] ep   5/90 | train loss=0.0055 top1=1.000 | val loss=0.0936 | t=0.1s  *
[finetune_replay] ep   6/90 | train loss=0.0022 top1=1.000 | val loss=0.0794 | t=0.1s  *
[finetune_replay] ep   7/90 | train loss=0.0019 top1=1.000 | val loss=0.1196 | t=0.1s
[finetune_replay] ep   8/90 | train loss=0.0021 top1=1.000 | val loss=0.1230 | t=0.1s
[finetune_replay] ep   9/90 | train loss=0.0008 top1=1.000 | val loss=0.1239 | t=0.1s
[finetune_replay] ep  10/90 | train loss=0.0044 top1=1.000 | val loss=0.1150 | t=0.1s
[finetune_replay] ep  11/90 | train loss=0.0017 top1=1.000 | val loss=0.1034 | t=0.1s
[finetune_replay] ep  12/90 | train loss=0.0023 top1=1.000 | val loss=0.1400 | t=0.1s
[finetune_replay] ep  13/90 | train loss=0.0011 top1=1.000 | val loss=0.1782 | t=0.1s
[finetune_replay] ep  14/90 | train loss=0.0013 top1=1.000 | val loss=0.1549 | t=0.1s
[finetune_replay] ep  15/90 | train loss=0.0006 top1=1.000 | val loss=0.1379 | t=0.1s
[finetune_replay] ep  16/90 | train loss=0.0007 top1=1.000 | val loss=0.1366 | t=0.1s
[finetune_replay] ep  17/90 | train loss=0.0011 top1=1.000 | val loss=0.1405 | t=0.1s
[finetune_replay] ep  18/90 | train loss=0.0006 top1=1.000 | val loss=0.1461 | t=0.1s
[finetune_replay] ep  19/90 | train loss=0.0005 top1=1.000 | val loss=0.1576 | t=0.1s
[finetune_replay] ep  20/90 | train loss=0.0006 top1=1.000 | val loss=0.1698 | t=0.1s
[finetune_replay] ep  21/90 | train loss=0.0005 top1=1.000 | val loss=0.1744 | t=0.1s
[finetune_replay] ep  22/90 | train loss=0.0004 top1=1.000 | val loss=0.1789 | t=0.1s
[finetune_replay] ep  23/90 | train loss=0.0004 top1=1.000 | val loss=0.1758 | t=0.1s
[finetune_replay] ep  24/90 | train loss=0.0006 top1=1.000 | val loss=0.1860 | t=0.2s
[finetune_replay] ep  25/90 | train loss=0.0005 top1=1.000 | val loss=0.1924 | t=0.1s
[finetune_replay] ep  26/90 | train loss=0.0004 top1=1.000 | val loss=0.1926 | t=0.1s
[finetune_replay] ep  27/90 | train loss=0.0022 top1=1.000 | val loss=0.2504 | t=0.1s
[finetune_replay] ep  28/90 | train loss=0.0032 top1=1.000 | val loss=0.2026 | t=0.1s
[finetune_replay] ep  29/90 | train loss=0.0014 top1=1.000 | val loss=0.0865 | t=0.1s
[finetune_replay] ep  30/90 | train loss=0.0011 top1=1.000 | val loss=0.0652 | t=0.1s  *
[finetune_replay] ep  31/90 | train loss=0.0009 top1=1.000 | val loss=0.1017 | t=0.1s
[finetune_replay] ep  32/90 | train loss=0.0005 top1=1.000 | val loss=0.2106 | t=0.1s
[finetune_replay] ep  33/90 | train loss=0.0006 top1=1.000 | val loss=0.2679 | t=0.1s
[finetune_replay] ep  34/90 | train loss=0.0004 top1=1.000 | val loss=0.2798 | t=0.1s
[finetune_replay] ep  35/90 | train loss=0.0007 top1=1.000 | val loss=0.2451 | t=0.1s
[finetune_replay] ep  36/90 | train loss=0.0004 top1=1.000 | val loss=0.1972 | t=0.1s
[finetune_replay] ep  37/90 | train loss=0.0005 top1=1.000 | val loss=0.1551 | t=0.1s
[finetune_replay] ep  38/90 | train loss=0.0005 top1=1.000 | val loss=0.1405 | t=0.1s
[finetune_replay] ep  39/90 | train loss=0.0004 top1=1.000 | val loss=0.1531 | t=0.1s
[finetune_replay] ep  40/90 | train loss=0.0003 top1=1.000 | val loss=0.1750 | t=0.1s
[finetune_replay] ep  41/90 | train loss=0.0003 top1=1.000 | val loss=0.1891 | t=0.1s
[finetune_replay] ep  42/90 | train loss=0.0004 top1=1.000 | val loss=0.2005 | t=0.1s
[finetune_replay] ep  43/90 | train loss=0.0003 top1=1.000 | val loss=0.2003 | t=0.1s
[finetune_replay] ep  44/90 | train loss=0.0003 top1=1.000 | val loss=0.1919 | t=0.1s
[finetune_replay] ep  45/90 | train loss=0.0004 top1=1.000 | val loss=0.1957 | t=0.1s
[finetune_replay] ep  46/90 | train loss=0.0003 top1=1.000 | val loss=0.2033 | t=0.1s
[finetune_replay] ep  47/90 | train loss=0.0004 top1=1.000 | val loss=0.2070 | t=0.1s
[finetune_replay] ep  48/90 | train loss=0.0003 top1=1.000 | val loss=0.2105 | t=0.1s
[finetune_replay] ep  49/90 | train loss=0.0003 top1=1.000 | val loss=0.2062 | t=0.1s
[finetune_replay] ep  50/90 | train loss=0.0003 top1=1.000 | val loss=0.2057 | t=0.1s
[finetune_replay] ep  51/90 | train loss=0.0004 top1=1.000 | val loss=0.2003 | t=0.1s
[finetune_replay] ep  52/90 | train loss=0.0003 top1=1.000 | val loss=0.1949 | t=0.1s
[finetune_replay] ep  53/90 | train loss=0.0003 top1=1.000 | val loss=0.1974 | t=0.1s
[finetune_replay] ep  54/90 | train loss=0.0003 top1=1.000 | val loss=0.1905 | t=0.1s
[finetune_replay] ep  55/90 | train loss=0.0003 top1=1.000 | val loss=0.1900 | t=0.1s
[finetune_replay] ep  56/90 | train loss=0.0003 top1=1.000 | val loss=0.1890 | t=0.1s
[finetune_replay] ep  57/90 | train loss=0.0003 top1=1.000 | val loss=0.1929 | t=0.1s
[finetune_replay] ep  58/90 | train loss=0.0004 top1=1.000 | val loss=0.1938 | t=0.1s
[finetune_replay] ep  59/90 | train loss=0.0003 top1=1.000 | val loss=0.1970 | t=0.1s
[finetune_replay] ep  60/90 | train loss=0.0003 top1=1.000 | val loss=0.1942 | t=0.1s
[finetune_replay] ep  61/90 | train loss=0.0004 top1=1.000 | val loss=0.1916 | t=0.1s
[finetune_replay] ep  62/90 | train loss=0.0003 top1=1.000 | val loss=0.1870 | t=0.1s
[finetune_replay] ep  63/90 | train loss=0.0005 top1=1.000 | val loss=0.2000 | t=0.1s
[finetune_replay] ep  64/90 | train loss=0.0004 top1=1.000 | val loss=0.2106 | t=0.1s
[finetune_replay] ep  65/90 | train loss=0.0004 top1=1.000 | val loss=0.2108 | t=0.1s
[finetune_replay] ep  66/90 | train loss=0.0004 top1=1.000 | val loss=0.2092 | t=0.1s
[finetune_replay] ep  67/90 | train loss=0.0003 top1=1.000 | val loss=0.2104 | t=0.1s
[finetune_replay] ep  68/90 | train loss=0.0005 top1=1.000 | val loss=0.2111 | t=0.1s
[finetune_replay] ep  69/90 | train loss=0.0003 top1=1.000 | val loss=0.2072 | t=0.1s
[finetune_replay] ep  70/90 | train loss=0.0004 top1=1.000 | val loss=0.2048 | t=0.1s
[finetune_replay] ep  71/90 | train loss=0.0004 top1=1.000 | val loss=0.2048 | t=0.1s
[finetune_replay] ep  72/90 | train loss=0.0003 top1=1.000 | val loss=0.1989 | t=0.1s
[finetune_replay] ep  73/90 | train loss=0.0003 top1=1.000 | val loss=0.1972 | t=0.1s
[finetune_replay] ep  74/90 | train loss=0.0003 top1=1.000 | val loss=0.2012 | t=0.1s
[finetune_replay] ep  75/90 | train loss=0.0003 top1=1.000 | val loss=0.1995 | t=0.1s
[finetune_replay] ep  76/90 | train loss=0.0004 top1=1.000 | val loss=0.2068 | t=0.1s
[finetune_replay] ep  77/90 | train loss=0.0002 top1=1.000 | val loss=0.2072 | t=0.1s
[finetune_replay] ep  78/90 | train loss=0.0003 top1=1.000 | val loss=0.2020 | t=0.1s
[finetune_replay] ep  79/90 | train loss=0.0003 top1=1.000 | val loss=0.2052 | t=0.1s
[finetune_replay] ep  80/90 | train loss=0.0003 top1=1.000 | val loss=0.2020 | t=0.1s
[finetune_replay] ep  81/90 | train loss=0.0004 top1=1.000 | val loss=0.2031 | t=0.1s
[finetune_replay] ep  82/90 | train loss=0.0003 top1=1.000 | val loss=0.1996 | t=0.1s
[finetune_replay] ep  83/90 | train loss=0.0003 top1=1.000 | val loss=0.2007 | t=0.1s
[finetune_replay] ep  84/90 | train loss=0.0004 top1=1.000 | val loss=0.1981 | t=0.1s
[finetune_replay] ep  85/90 | train loss=0.0003 top1=1.000 | val loss=0.2016 | t=0.1s
[finetune_replay] ep  86/90 | train loss=0.0003 top1=1.000 | val loss=0.2006 | t=0.1s
[finetune_replay] ep  87/90 | train loss=0.0003 top1=1.000 | val loss=0.2004 | t=0.1s
[finetune_replay] ep  88/90 | train loss=0.0003 top1=1.000 | val loss=0.2043 | t=0.1s
[finetune_replay] ep  89/90 | train loss=0.0003 top1=1.000 | val loss=0.2028 | t=0.1s
[finetune_replay] ep  90/90 | train loss=0.0004 top1=1.000 | val loss=0.1998 | t=0.1s
[finetune_replay] DONE best_val_loss=0.0652 @ epoch 30
[15:23:10] [uncertainty] member 3: $ /home/s226137394/.conda/envs/maze/bin/python3 -u -m Equivariant_pathway.equivariant_CNN_hybrid.baseline_vs_p4.pool_x_selector.trainer.finetune_replay --demo_dir /weka/s226137394/DmNfull/Equivariant_pathway/equivariant_CNN_hybrid/baseline_vs_p4/pool_x_selector/results/run_9/thrifty_dagger/demos --checkpoint_dir /weka/s226137394/DmNfull/Equivariant_pathway/equivariant_CNN_hybrid/baseline_vs_p4/pool_x_selector/results/run_9/thrifty_dagger/checkpoints/member_3 --epochs 90 --batch_size 64 --lr 5e-05 --weight_decay 0.0001 --replay_mix 0.5 --replay_mix_floor 0.2 --seed 312 --resume --new_demos_dir /weka/s226137394/DmNfull/Equivariant_pathway/equivariant_CNN_hybrid/baseline_vs_p4/pool_x_selector/results/run_9/thrifty_dagger/demos/round_013
[finetune_replay] device=cuda demo_dir=/weka/s226137394/DmNfull/Equivariant_pathway/equivariant_CNN_hybrid/baseline_vs_p4/pool_x_selector/results/run_9/thrifty_dagger/demos new_demos_dir=/weka/s226137394/DmNfull/Equivariant_pathway/equivariant_CNN_hybrid/baseline_vs_p4/pool_x_selector/results/run_9/thrifty_dagger/demos/round_013
[hybrid-dataset] 32 demos -> 155 samples
[hybrid-dataset] 1 demos -> 6 samples
[finetune_replay] sampler audit: {'n_old_samples': 155, 'n_new_samples': 6, 'replay_mix_target': 0.5, 'replay_mix_effective': 0.5, 'replay_mix_floor': 0.2}
[finetune_replay] trainable params: 1,400,028
[finetune_replay] WARM START from last_hybrid_policy.pth
[finetune_replay] ep   1/90 | train loss=0.5782 top1=0.917 | val loss=0.1658 | t=0.8s  *
[finetune_replay] ep   2/90 | train loss=0.2679 top1=0.938 | val loss=0.0279 | t=0.2s  *
[finetune_replay] ep   3/90 | train loss=0.1136 top1=1.000 | val loss=0.0224 | t=0.1s  *
[finetune_replay] ep   4/90 | train loss=0.0278 top1=1.000 | val loss=0.0198 | t=0.1s  *
[finetune_replay] ep   5/90 | train loss=0.0311 top1=1.000 | val loss=0.0245 | t=0.1s
[finetune_replay] ep   6/90 | train loss=0.0068 top1=1.000 | val loss=0.0413 | t=0.2s
[finetune_replay] ep   7/90 | train loss=0.0048 top1=1.000 | val loss=0.0163 | t=0.1s  *
[finetune_replay] ep   8/90 | train loss=0.0057 top1=1.000 | val loss=0.0114 | t=0.1s  *
[finetune_replay] ep   9/90 | train loss=0.0017 top1=1.000 | val loss=0.0179 | t=0.1s
[finetune_replay] ep  10/90 | train loss=0.0021 top1=1.000 | val loss=0.0317 | t=0.1s
[finetune_replay] ep  11/90 | train loss=0.0017 top1=1.000 | val loss=0.0261 | t=0.1s
[finetune_replay] ep  12/90 | train loss=0.0013 top1=1.000 | val loss=0.0046 | t=0.2s  *
[finetune_replay] ep  13/90 | train loss=0.0021 top1=1.000 | val loss=0.0142 | t=0.1s
[finetune_replay] ep  14/90 | train loss=0.0013 top1=1.000 | val loss=0.0227 | t=0.1s
[finetune_replay] ep  15/90 | train loss=0.0013 top1=1.000 | val loss=0.0077 | t=0.1s
[finetune_replay] ep  16/90 | train loss=0.0015 top1=1.000 | val loss=0.0053 | t=0.1s
[finetune_replay] ep  17/90 | train loss=0.0008 top1=1.000 | val loss=0.0145 | t=0.1s
[finetune_replay] ep  18/90 | train loss=0.0008 top1=1.000 | val loss=0.0147 | t=0.1s
[finetune_replay] ep  19/90 | train loss=0.0008 top1=1.000 | val loss=0.0093 | t=0.1s
[finetune_replay] ep  20/90 | train loss=0.0006 top1=1.000 | val loss=0.0053 | t=0.1s
[finetune_replay] ep  21/90 | train loss=0.0007 top1=1.000 | val loss=0.0052 | t=0.1s
[finetune_replay] ep  22/90 | train loss=0.0006 top1=1.000 | val loss=0.0078 | t=0.1s
[finetune_replay] ep  23/90 | train loss=0.0008 top1=1.000 | val loss=0.0106 | t=0.1s
[finetune_replay] ep  24/90 | train loss=0.0006 top1=1.000 | val loss=0.0112 | t=0.1s
[finetune_replay] ep  25/90 | train loss=0.0006 top1=1.000 | val loss=0.0087 | t=0.1s
[finetune_replay] ep  26/90 | train loss=0.0005 top1=1.000 | val loss=0.0084 | t=0.1s
[finetune_replay] ep  27/90 | train loss=0.0006 top1=1.000 | val loss=0.0098 | t=0.1s
[finetune_replay] ep  28/90 | train loss=0.0004 top1=1.000 | val loss=0.0106 | t=0.1s
[finetune_replay] ep  29/90 | train loss=0.0005 top1=1.000 | val loss=0.0111 | t=0.1s
[finetune_replay] ep  30/90 | train loss=0.0005 top1=1.000 | val loss=0.0100 | t=0.2s
[finetune_replay] ep  31/90 | train loss=0.0006 top1=1.000 | val loss=0.0079 | t=0.1s
[finetune_replay] ep  32/90 | train loss=0.0005 top1=1.000 | val loss=0.0075 | t=0.1s
[finetune_replay] ep  33/90 | train loss=0.0006 top1=1.000 | val loss=0.0082 | t=0.1s
[finetune_replay] ep  34/90 | train loss=0.0004 top1=1.000 | val loss=0.0091 | t=0.1s
[finetune_replay] ep  35/90 | train loss=0.0005 top1=1.000 | val loss=0.0079 | t=0.1s
[finetune_replay] ep  36/90 | train loss=0.0005 top1=1.000 | val loss=0.0070 | t=0.1s
[finetune_replay] ep  37/90 | train loss=0.0005 top1=1.000 | val loss=0.0074 | t=0.1s
[finetune_replay] ep  38/90 | train loss=0.0004 top1=1.000 | val loss=0.0091 | t=0.1s
[finetune_replay] ep  39/90 | train loss=0.0004 top1=1.000 | val loss=0.0101 | t=0.1s
[finetune_replay] ep  40/90 | train loss=0.0005 top1=1.000 | val loss=0.0105 | t=0.1s
[finetune_replay] ep  41/90 | train loss=0.0005 top1=1.000 | val loss=0.0104 | t=0.1s
[finetune_replay] ep  42/90 | train loss=0.0004 top1=1.000 | val loss=0.0100 | t=0.1s
[finetune_replay] ep  43/90 | train loss=0.0005 top1=1.000 | val loss=0.0103 | t=0.2s
[finetune_replay] ep  44/90 | train loss=0.0004 top1=1.000 | val loss=0.0104 | t=0.1s
[finetune_replay] ep  45/90 | train loss=0.0004 top1=1.000 | val loss=0.0103 | t=0.1s
[finetune_replay] ep  46/90 | train loss=0.0004 top1=1.000 | val loss=0.0093 | t=0.1s
[finetune_replay] ep  47/90 | train loss=0.0004 top1=1.000 | val loss=0.0092 | t=0.1s
[finetune_replay] ep  48/90 | train loss=0.0004 top1=1.000 | val loss=0.0095 | t=0.1s
[finetune_replay] ep  49/90 | train loss=0.0004 top1=1.000 | val loss=0.0102 | t=0.1s
[finetune_replay] ep  50/90 | train loss=0.0004 top1=1.000 | val loss=0.0115 | t=0.1s
[finetune_replay] ep  51/90 | train loss=0.0004 top1=1.000 | val loss=0.0114 | t=0.1s
[finetune_replay] ep  52/90 | train loss=0.0005 top1=1.000 | val loss=0.0104 | t=0.1s
[finetune_replay] ep  53/90 | train loss=0.0004 top1=1.000 | val loss=0.0102 | t=0.1s
[finetune_replay] ep  54/90 | train loss=0.0004 top1=1.000 | val loss=0.0099 | t=0.1s
[finetune_replay] ep  55/90 | train loss=0.0004 top1=1.000 | val loss=0.0094 | t=0.1s
[finetune_replay] ep  56/90 | train loss=0.0004 top1=1.000 | val loss=0.0105 | t=0.1s
[finetune_replay] ep  57/90 | train loss=0.0004 top1=1.000 | val loss=0.0113 | t=0.1s
[finetune_replay] ep  58/90 | train loss=0.0004 top1=1.000 | val loss=0.0120 | t=0.1s
[finetune_replay] ep  59/90 | train loss=0.0004 top1=1.000 | val loss=0.0119 | t=0.1s
[finetune_replay] ep  60/90 | train loss=0.0004 top1=1.000 | val loss=0.0106 | t=0.1s
[finetune_replay] ep  61/90 | train loss=0.0004 top1=1.000 | val loss=0.0093 | t=0.1s
[finetune_replay] ep  62/90 | train loss=0.0004 top1=1.000 | val loss=0.0092 | t=0.1s
[finetune_replay] ep  63/90 | train loss=0.0004 top1=1.000 | val loss=0.0093 | t=0.1s
[finetune_replay] ep  64/90 | train loss=0.0003 top1=1.000 | val loss=0.0098 | t=0.1s
[finetune_replay] ep  65/90 | train loss=0.0004 top1=1.000 | val loss=0.0102 | t=0.1s
[finetune_replay] ep  66/90 | train loss=0.0003 top1=1.000 | val loss=0.0103 | t=0.1s
[finetune_replay] ep  67/90 | train loss=0.0004 top1=1.000 | val loss=0.0103 | t=0.1s
[finetune_replay] ep  68/90 | train loss=0.0004 top1=1.000 | val loss=0.0101 | t=0.1s
[finetune_replay] ep  69/90 | train loss=0.0004 top1=1.000 | val loss=0.0099 | t=0.1s
[finetune_replay] ep  70/90 | train loss=0.0004 top1=1.000 | val loss=0.0098 | t=0.1s
[finetune_replay] ep  71/90 | train loss=0.0003 top1=1.000 | val loss=0.0096 | t=0.1s
[finetune_replay] ep  72/90 | train loss=0.0004 top1=1.000 | val loss=0.0094 | t=0.1s
[finetune_replay] ep  73/90 | train loss=0.0004 top1=1.000 | val loss=0.0092 | t=0.1s
[finetune_replay] ep  74/90 | train loss=0.0004 top1=1.000 | val loss=0.0089 | t=0.1s
[finetune_replay] ep  75/90 | train loss=0.0005 top1=1.000 | val loss=0.0087 | t=0.1s
[finetune_replay] ep  76/90 | train loss=0.0004 top1=1.000 | val loss=0.0085 | t=0.1s
[finetune_replay] ep  77/90 | train loss=0.0004 top1=1.000 | val loss=0.0087 | t=0.1s
[finetune_replay] ep  78/90 | train loss=0.0004 top1=1.000 | val loss=0.0088 | t=0.1s
[finetune_replay] ep  79/90 | train loss=0.0004 top1=1.000 | val loss=0.0093 | t=0.1s
[finetune_replay] ep  80/90 | train loss=0.0003 top1=1.000 | val loss=0.0095 | t=0.1s
[finetune_replay] ep  81/90 | train loss=0.0004 top1=1.000 | val loss=0.0093 | t=0.1s
[finetune_replay] ep  82/90 | train loss=0.0003 top1=1.000 | val loss=0.0094 | t=0.1s
[finetune_replay] ep  83/90 | train loss=0.0004 top1=1.000 | val loss=0.0095 | t=0.1s
[finetune_replay] ep  84/90 | train loss=0.0004 top1=1.000 | val loss=0.0094 | t=0.1s
[finetune_replay] ep  85/90 | train loss=0.0004 top1=1.000 | val loss=0.0095 | t=0.1s
[finetune_replay] ep  86/90 | train loss=0.0003 top1=1.000 | val loss=0.0093 | t=0.1s
[finetune_replay] ep  87/90 | train loss=0.0003 top1=1.000 | val loss=0.0094 | t=0.1s
[finetune_replay] ep  88/90 | train loss=0.0004 top1=1.000 | val loss=0.0095 | t=0.1s
[finetune_replay] ep  89/90 | train loss=0.0004 top1=1.000 | val loss=0.0095 | t=0.1s
[finetune_replay] ep  90/90 | train loss=0.0004 top1=1.000 | val loss=0.0095 | t=0.1s
[finetune_replay] DONE best_val_loss=0.0046 @ epoch 12
[15:23:37] [uncertainty] member 4: $ /home/s226137394/.conda/envs/maze/bin/python3 -u -m Equivariant_pathway.equivariant_CNN_hybrid.baseline_vs_p4.pool_x_selector.trainer.finetune_replay --demo_dir /weka/s226137394/DmNfull/Equivariant_pathway/equivariant_CNN_hybrid/baseline_vs_p4/pool_x_selector/results/run_9/thrifty_dagger/demos --checkpoint_dir /weka/s226137394/DmNfull/Equivariant_pathway/equivariant_CNN_hybrid/baseline_vs_p4/pool_x_selector/results/run_9/thrifty_dagger/checkpoints/member_4 --epochs 90 --batch_size 64 --lr 5e-05 --weight_decay 0.0001 --replay_mix 0.5 --replay_mix_floor 0.2 --seed 413 --resume --new_demos_dir /weka/s226137394/DmNfull/Equivariant_pathway/equivariant_CNN_hybrid/baseline_vs_p4/pool_x_selector/results/run_9/thrifty_dagger/demos/round_013
[finetune_replay] device=cuda demo_dir=/weka/s226137394/DmNfull/Equivariant_pathway/equivariant_CNN_hybrid/baseline_vs_p4/pool_x_selector/results/run_9/thrifty_dagger/demos new_demos_dir=/weka/s226137394/DmNfull/Equivariant_pathway/equivariant_CNN_hybrid/baseline_vs_p4/pool_x_selector/results/run_9/thrifty_dagger/demos/round_013
[hybrid-dataset] 32 demos -> 155 samples
[hybrid-dataset] 1 demos -> 6 samples
[finetune_replay] sampler audit: {'n_old_samples': 155, 'n_new_samples': 6, 'replay_mix_target': 0.5, 'replay_mix_effective': 0.5, 'replay_mix_floor': 0.2}
[finetune_replay] trainable params: 1,400,028
[finetune_replay] WARM START from last_hybrid_policy.pth
[finetune_replay] ep   1/90 | train loss=0.5368 top1=0.855 | val loss=0.0276 | t=0.8s  *
[finetune_replay] ep   2/90 | train loss=0.1419 top1=0.966 | val loss=0.0033 | t=0.1s  *
[finetune_replay] ep   3/90 | train loss=0.0868 top1=0.993 | val loss=0.0004 | t=0.2s  *
[finetune_replay] ep   4/90 | train loss=0.0173 top1=1.000 | val loss=0.0019 | t=0.1s
[finetune_replay] ep   5/90 | train loss=0.0093 top1=1.000 | val loss=0.0007 | t=0.2s
[finetune_replay] ep   6/90 | train loss=0.0077 top1=1.000 | val loss=0.0004 | t=0.1s
[finetune_replay] ep   7/90 | train loss=0.0058 top1=1.000 | val loss=0.0011 | t=0.1s
[finetune_replay] ep   8/90 | train loss=0.0082 top1=1.000 | val loss=0.0013 | t=0.1s
[finetune_replay] ep   9/90 | train loss=0.0020 top1=1.000 | val loss=0.0004 | t=0.2s  *
[finetune_replay] ep  10/90 | train loss=0.0069 top1=1.000 | val loss=0.0004 | t=0.1s  *
[finetune_replay] ep  11/90 | train loss=0.0014 top1=1.000 | val loss=0.0004 | t=0.1s  *
[finetune_replay] ep  12/90 | train loss=0.0020 top1=1.000 | val loss=0.0005 | t=0.1s
[finetune_replay] ep  13/90 | train loss=0.0013 top1=1.000 | val loss=0.0009 | t=0.2s
[finetune_replay] ep  14/90 | train loss=0.0018 top1=1.000 | val loss=0.0004 | t=0.2s
[finetune_replay] ep  15/90 | train loss=0.0031 top1=1.000 | val loss=0.0004 | t=0.1s
[finetune_replay] ep  16/90 | train loss=0.0026 top1=1.000 | val loss=0.0004 | t=0.1s
[finetune_replay] ep  17/90 | train loss=0.0012 top1=1.000 | val loss=0.0004 | t=0.1s
[finetune_replay] ep  18/90 | train loss=0.0011 top1=1.000 | val loss=0.0004 | t=0.1s
[finetune_replay] ep  19/90 | train loss=0.0009 top1=1.000 | val loss=0.0004 | t=0.1s
[finetune_replay] ep  20/90 | train loss=0.0011 top1=1.000 | val loss=0.0004 | t=0.1s
[finetune_replay] ep  21/90 | train loss=0.0022 top1=1.000 | val loss=0.0003 | t=0.1s  *
[finetune_replay] ep  22/90 | train loss=0.0012 top1=1.000 | val loss=0.0005 | t=0.1s
[finetune_replay] ep  23/90 | train loss=0.0022 top1=1.000 | val loss=0.0004 | t=0.1s
[finetune_replay] ep  24/90 | train loss=0.0016 top1=1.000 | val loss=0.0004 | t=0.1s
[finetune_replay] ep  25/90 | train loss=0.0015 top1=1.000 | val loss=0.0014 | t=0.1s
[finetune_replay] ep  26/90 | train loss=0.0028 top1=1.000 | val loss=0.0006 | t=0.1s
[finetune_replay] ep  27/90 | train loss=0.0007 top1=1.000 | val loss=0.0003 | t=0.1s
[finetune_replay] ep  28/90 | train loss=0.0010 top1=1.000 | val loss=0.0004 | t=0.1s
[finetune_replay] ep  29/90 | train loss=0.0028 top1=1.000 | val loss=0.0006 | t=0.1s
[finetune_replay] ep  30/90 | train loss=0.0016 top1=1.000 | val loss=0.0006 | t=0.1s
[finetune_replay] ep  31/90 | train loss=0.0021 top1=1.000 | val loss=0.0006 | t=0.1s
[finetune_replay] ep  32/90 | train loss=0.0017 top1=1.000 | val loss=0.0007 | t=0.1s
[finetune_replay] ep  33/90 | train loss=0.0020 top1=1.000 | val loss=0.0003 | t=0.1s
[finetune_replay] ep  34/90 | train loss=0.0009 top1=1.000 | val loss=0.0004 | t=0.1s
[finetune_replay] ep  35/90 | train loss=0.0009 top1=1.000 | val loss=0.0004 | t=0.1s
[finetune_replay] ep  36/90 | train loss=0.0012 top1=1.000 | val loss=0.0004 | t=0.1s
[finetune_replay] ep  37/90 | train loss=0.0008 top1=1.000 | val loss=0.0003 | t=0.1s
[finetune_replay] ep  38/90 | train loss=0.0018 top1=1.000 | val loss=0.0004 | t=0.1s
[finetune_replay] ep  39/90 | train loss=0.0006 top1=1.000 | val loss=0.0004 | t=0.1s
[finetune_replay] ep  40/90 | train loss=0.0006 top1=1.000 | val loss=0.0005 | t=0.1s
[finetune_replay] ep  41/90 | train loss=0.0006 top1=1.000 | val loss=0.0005 | t=0.1s
[finetune_replay] ep  42/90 | train loss=0.0005 top1=1.000 | val loss=0.0004 | t=0.1s
[finetune_replay] ep  43/90 | train loss=0.0006 top1=1.000 | val loss=0.0004 | t=0.1s
[finetune_replay] ep  44/90 | train loss=0.0007 top1=1.000 | val loss=0.0004 | t=0.1s
[finetune_replay] ep  45/90 | train loss=0.0004 top1=1.000 | val loss=0.0003 | t=0.1s
[finetune_replay] ep  46/90 | train loss=0.0006 top1=1.000 | val loss=0.0003 | t=0.1s
[finetune_replay] ep  47/90 | train loss=0.0005 top1=1.000 | val loss=0.0003 | t=0.1s  *
[finetune_replay] ep  48/90 | train loss=0.0005 top1=1.000 | val loss=0.0003 | t=0.1s  *
[finetune_replay] ep  49/90 | train loss=0.0003 top1=1.000 | val loss=0.0003 | t=0.1s  *
[finetune_replay] ep  50/90 | train loss=0.0005 top1=1.000 | val loss=0.0003 | t=0.1s
[finetune_replay] ep  51/90 | train loss=0.0006 top1=1.000 | val loss=0.0003 | t=0.1s
[finetune_replay] ep  52/90 | train loss=0.0004 top1=1.000 | val loss=0.0003 | t=0.1s
[finetune_replay] ep  53/90 | train loss=0.0009 top1=1.000 | val loss=0.0003 | t=0.1s  *
[finetune_replay] ep  54/90 | train loss=0.0004 top1=1.000 | val loss=0.0003 | t=0.1s  *
[finetune_replay] ep  55/90 | train loss=0.0005 top1=1.000 | val loss=0.0003 | t=0.1s  *
[finetune_replay] ep  56/90 | train loss=0.0004 top1=1.000 | val loss=0.0003 | t=0.1s
[finetune_replay] ep  57/90 | train loss=0.0005 top1=1.000 | val loss=0.0003 | t=0.1s
[finetune_replay] ep  58/90 | train loss=0.0007 top1=1.000 | val loss=0.0003 | t=0.1s
[finetune_replay] ep  59/90 | train loss=0.0004 top1=1.000 | val loss=0.0003 | t=0.1s
[finetune_replay] ep  60/90 | train loss=0.0005 top1=1.000 | val loss=0.0003 | t=0.1s  *
[finetune_replay] ep  61/90 | train loss=0.0005 top1=1.000 | val loss=0.0003 | t=0.1s
[finetune_replay] ep  62/90 | train loss=0.0004 top1=1.000 | val loss=0.0003 | t=0.1s
[finetune_replay] ep  63/90 | train loss=0.0005 top1=1.000 | val loss=0.0003 | t=0.1s
[finetune_replay] ep  64/90 | train loss=0.0005 top1=1.000 | val loss=0.0003 | t=0.1s
[finetune_replay] ep  65/90 | train loss=0.0006 top1=1.000 | val loss=0.0003 | t=0.1s
[finetune_replay] ep  66/90 | train loss=0.0007 top1=1.000 | val loss=0.0003 | t=0.1s  *
[finetune_replay] ep  67/90 | train loss=0.0005 top1=1.000 | val loss=0.0003 | t=0.1s
[finetune_replay] ep  68/90 | train loss=0.0005 top1=1.000 | val loss=0.0003 | t=0.1s
[finetune_replay] ep  69/90 | train loss=0.0005 top1=1.000 | val loss=0.0003 | t=0.1s
[finetune_replay] ep  70/90 | train loss=0.0004 top1=1.000 | val loss=0.0003 | t=0.1s
[finetune_replay] ep  71/90 | train loss=0.0005 top1=1.000 | val loss=0.0003 | t=0.1s
[finetune_replay] ep  72/90 | train loss=0.0005 top1=1.000 | val loss=0.0003 | t=0.1s
[finetune_replay] ep  73/90 | train loss=0.0005 top1=1.000 | val loss=0.0003 | t=0.1s  *
[finetune_replay] ep  74/90 | train loss=0.0006 top1=1.000 | val loss=0.0003 | t=0.1s  *
[finetune_replay] ep  75/90 | train loss=0.0004 top1=1.000 | val loss=0.0003 | t=0.1s  *
[finetune_replay] ep  76/90 | train loss=0.0004 top1=1.000 | val loss=0.0003 | t=0.1s
[finetune_replay] ep  77/90 | train loss=0.0004 top1=1.000 | val loss=0.0003 | t=0.1s
[finetune_replay] ep  78/90 | train loss=0.0006 top1=1.000 | val loss=0.0003 | t=0.1s
[finetune_replay] ep  79/90 | train loss=0.0004 top1=1.000 | val loss=0.0003 | t=0.1s
[finetune_replay] ep  80/90 | train loss=0.0005 top1=1.000 | val loss=0.0003 | t=0.1s
[finetune_replay] ep  81/90 | train loss=0.0004 top1=1.000 | val loss=0.0003 | t=0.1s
[finetune_replay] ep  82/90 | train loss=0.0004 top1=1.000 | val loss=0.0003 | t=0.1s
[finetune_replay] ep  83/90 | train loss=0.0003 top1=1.000 | val loss=0.0003 | t=0.1s
[finetune_replay] ep  84/90 | train loss=0.0004 top1=1.000 | val loss=0.0003 | t=0.1s
[finetune_replay] ep  85/90 | train loss=0.0003 top1=1.000 | val loss=0.0003 | t=0.1s
[finetune_replay] ep  86/90 | train loss=0.0003 top1=1.000 | val loss=0.0003 | t=0.1s
[finetune_replay] ep  87/90 | train loss=0.0003 top1=1.000 | val loss=0.0003 | t=0.1s
[finetune_replay] ep  88/90 | train loss=0.0003 top1=1.000 | val loss=0.0003 | t=0.1s
[finetune_replay] ep  89/90 | train loss=0.0005 top1=1.000 | val loss=0.0003 | t=0.1s
[finetune_replay] ep  90/90 | train loss=0.0004 top1=1.000 | val loss=0.0003 | t=0.1s
[finetune_replay] DONE best_val_loss=0.0003 @ epoch 75
[15:24:29] [iil-baseline] round 13: heldout_sr=0.875

--------------------------------------------------------------------------------
THRIFTY_DAGGER ROUND 14  (remaining budget = 2)
--------------------------------------------------------------------------------
[15:24:38] [iil-baseline] round 14: pool=20 successes=17 failures=3 correction_sr=0.850
[15:24:38] [iil-baseline] round 14: picked=1 saved=1 cum_extras=14/15
[15:24:38] [uncertainty] member 0: $ /home/s226137394/.conda/envs/maze/bin/python3 -u -m Equivariant_pathway.equivariant_CNN_hybrid.baseline_vs_p4.pool_x_selector.trainer.finetune_replay --demo_dir /weka/s226137394/DmNfull/Equivariant_pathway/equivariant_CNN_hybrid/baseline_vs_p4/pool_x_selector/results/run_9/thrifty_dagger/demos --checkpoint_dir /weka/s226137394/DmNfull/Equivariant_pathway/equivariant_CNN_hybrid/baseline_vs_p4/pool_x_selector/results/run_9/thrifty_dagger/checkpoints/member_0 --epochs 90 --batch_size 64 --lr 5e-05 --weight_decay 0.0001 --replay_mix 0.5 --replay_mix_floor 0.2 --seed 9 --resume --new_demos_dir /weka/s226137394/DmNfull/Equivariant_pathway/equivariant_CNN_hybrid/baseline_vs_p4/pool_x_selector/results/run_9/thrifty_dagger/demos/round_014
[finetune_replay] device=cuda demo_dir=/weka/s226137394/DmNfull/Equivariant_pathway/equivariant_CNN_hybrid/baseline_vs_p4/pool_x_selector/results/run_9/thrifty_dagger/demos new_demos_dir=/weka/s226137394/DmNfull/Equivariant_pathway/equivariant_CNN_hybrid/baseline_vs_p4/pool_x_selector/results/run_9/thrifty_dagger/demos/round_014
[hybrid-dataset] 33 demos -> 161 samples
[hybrid-dataset] 1 demos -> 7 samples
[finetune_replay] sampler audit: {'n_old_samples': 161, 'n_new_samples': 7, 'replay_mix_target': 0.5, 'replay_mix_effective': 0.5, 'replay_mix_floor': 0.2}
[finetune_replay] trainable params: 1,400,028
[finetune_replay] WARM START from last_hybrid_policy.pth
[finetune_replay] ep   1/90 | train loss=0.2127 top1=0.914 | val loss=0.0369 | t=0.9s  *
[finetune_replay] ep   2/90 | train loss=0.0868 top1=1.000 | val loss=0.0228 | t=0.1s  *
[finetune_replay] ep   3/90 | train loss=0.0676 top1=1.000 | val loss=0.0491 | t=0.1s
[finetune_replay] ep   4/90 | train loss=0.0161 top1=1.000 | val loss=0.0488 | t=0.1s
[finetune_replay] ep   5/90 | train loss=0.0065 top1=1.000 | val loss=0.0164 | t=0.2s  *
[finetune_replay] ep   6/90 | train loss=0.0047 top1=1.000 | val loss=0.0080 | t=0.2s  *
[finetune_replay] ep   7/90 | train loss=0.0033 top1=1.000 | val loss=0.0071 | t=0.1s  *
[finetune_replay] ep   8/90 | train loss=0.0023 top1=1.000 | val loss=0.0080 | t=0.1s
[finetune_replay] ep   9/90 | train loss=0.0030 top1=1.000 | val loss=0.0061 | t=0.1s  *
[finetune_replay] ep  10/90 | train loss=0.0013 top1=1.000 | val loss=0.0064 | t=0.1s
[finetune_replay] ep  11/90 | train loss=0.0013 top1=1.000 | val loss=0.0085 | t=0.1s
[finetune_replay] ep  12/90 | train loss=0.0018 top1=1.000 | val loss=0.0079 | t=0.1s
[finetune_replay] ep  13/90 | train loss=0.0013 top1=1.000 | val loss=0.0071 | t=0.1s
[finetune_replay] ep  14/90 | train loss=0.0013 top1=1.000 | val loss=0.0070 | t=0.1s
[finetune_replay] ep  15/90 | train loss=0.0010 top1=1.000 | val loss=0.0073 | t=0.1s
[finetune_replay] ep  16/90 | train loss=0.0012 top1=1.000 | val loss=0.0073 | t=0.1s
[finetune_replay] ep  17/90 | train loss=0.0011 top1=1.000 | val loss=0.0063 | t=0.1s
[finetune_replay] ep  18/90 | train loss=0.0009 top1=1.000 | val loss=0.0057 | t=0.2s  *
[finetune_replay] ep  19/90 | train loss=0.0008 top1=1.000 | val loss=0.0054 | t=0.1s  *
[finetune_replay] ep  20/90 | train loss=0.0008 top1=1.000 | val loss=0.0053 | t=0.1s  *
[finetune_replay] ep  21/90 | train loss=0.0007 top1=1.000 | val loss=0.0056 | t=0.1s
[finetune_replay] ep  22/90 | train loss=0.0009 top1=1.000 | val loss=0.0059 | t=0.1s
[finetune_replay] ep  23/90 | train loss=0.0007 top1=1.000 | val loss=0.0069 | t=0.2s
[finetune_replay] ep  24/90 | train loss=0.0008 top1=1.000 | val loss=0.0063 | t=0.1s
[finetune_replay] ep  25/90 | train loss=0.0006 top1=1.000 | val loss=0.0063 | t=0.1s
[finetune_replay] ep  26/90 | train loss=0.0006 top1=1.000 | val loss=0.0063 | t=0.1s
[finetune_replay] ep  27/90 | train loss=0.0007 top1=1.000 | val loss=0.0064 | t=0.1s
[finetune_replay] ep  28/90 | train loss=0.0005 top1=1.000 | val loss=0.0065 | t=0.1s
[finetune_replay] ep  29/90 | train loss=0.0007 top1=1.000 | val loss=0.0068 | t=0.1s
[finetune_replay] ep  30/90 | train loss=0.0006 top1=1.000 | val loss=0.0067 | t=0.1s
[finetune_replay] ep  31/90 | train loss=0.0007 top1=1.000 | val loss=0.0061 | t=0.1s
[finetune_replay] ep  32/90 | train loss=0.0006 top1=1.000 | val loss=0.0056 | t=0.1s
[finetune_replay] ep  33/90 | train loss=0.0005 top1=1.000 | val loss=0.0051 | t=0.1s  *
[finetune_replay] ep  34/90 | train loss=0.0004 top1=1.000 | val loss=0.0052 | t=0.1s
[finetune_replay] ep  35/90 | train loss=0.0006 top1=1.000 | val loss=0.0051 | t=0.1s
[finetune_replay] ep  36/90 | train loss=0.0005 top1=1.000 | val loss=0.0053 | t=0.1s
[finetune_replay] ep  37/90 | train loss=0.0006 top1=1.000 | val loss=0.0051 | t=0.1s  *
[finetune_replay] ep  38/90 | train loss=0.0005 top1=1.000 | val loss=0.0051 | t=0.1s
[finetune_replay] ep  39/90 | train loss=0.0005 top1=1.000 | val loss=0.0051 | t=0.1s
[finetune_replay] ep  40/90 | train loss=0.0005 top1=1.000 | val loss=0.0050 | t=0.1s  *
[finetune_replay] ep  41/90 | train loss=0.0004 top1=1.000 | val loss=0.0053 | t=0.1s
[finetune_replay] ep  42/90 | train loss=0.0004 top1=1.000 | val loss=0.0055 | t=0.1s
[finetune_replay] ep  43/90 | train loss=0.0005 top1=1.000 | val loss=0.0058 | t=0.1s
[finetune_replay] ep  44/90 | train loss=0.0005 top1=1.000 | val loss=0.0055 | t=0.1s
[finetune_replay] ep  45/90 | train loss=0.0005 top1=1.000 | val loss=0.0053 | t=0.1s
[finetune_replay] ep  46/90 | train loss=0.0005 top1=1.000 | val loss=0.0052 | t=0.1s
[finetune_replay] ep  47/90 | train loss=0.0004 top1=1.000 | val loss=0.0049 | t=0.1s  *
[finetune_replay] ep  48/90 | train loss=0.0005 top1=1.000 | val loss=0.0049 | t=0.1s  *
[finetune_replay] ep  49/90 | train loss=0.0004 top1=1.000 | val loss=0.0048 | t=0.1s  *
[finetune_replay] ep  50/90 | train loss=0.0005 top1=1.000 | val loss=0.0046 | t=0.1s  *
[finetune_replay] ep  51/90 | train loss=0.0005 top1=1.000 | val loss=0.0043 | t=0.1s  *
[finetune_replay] ep  52/90 | train loss=0.0004 top1=1.000 | val loss=0.0041 | t=0.1s  *
[finetune_replay] ep  53/90 | train loss=0.0004 top1=1.000 | val loss=0.0041 | t=0.1s
[finetune_replay] ep  54/90 | train loss=0.0004 top1=1.000 | val loss=0.0041 | t=0.1s
[finetune_replay] ep  55/90 | train loss=0.0004 top1=1.000 | val loss=0.0041 | t=0.1s
[finetune_replay] ep  56/90 | train loss=0.0004 top1=1.000 | val loss=0.0041 | t=0.1s
[finetune_replay] ep  57/90 | train loss=0.0004 top1=1.000 | val loss=0.0041 | t=0.1s
[finetune_replay] ep  58/90 | train loss=0.0004 top1=1.000 | val loss=0.0043 | t=0.1s
[finetune_replay] ep  59/90 | train loss=0.0004 top1=1.000 | val loss=0.0042 | t=0.1s
[finetune_replay] ep  60/90 | train loss=0.0004 top1=1.000 | val loss=0.0043 | t=0.1s
[finetune_replay] ep  61/90 | train loss=0.0003 top1=1.000 | val loss=0.0042 | t=0.1s
[finetune_replay] ep  62/90 | train loss=0.0004 top1=1.000 | val loss=0.0041 | t=0.1s  *
[finetune_replay] ep  63/90 | train loss=0.0004 top1=1.000 | val loss=0.0039 | t=0.1s  *
[finetune_replay] ep  64/90 | train loss=0.0005 top1=1.000 | val loss=0.0039 | t=0.1s  *
[finetune_replay] ep  65/90 | train loss=0.0004 top1=1.000 | val loss=0.0039 | t=0.1s
[finetune_replay] ep  66/90 | train loss=0.0003 top1=1.000 | val loss=0.0042 | t=0.1s
[finetune_replay] ep  67/90 | train loss=0.0004 top1=1.000 | val loss=0.0043 | t=0.1s
[finetune_replay] ep  68/90 | train loss=0.0004 top1=1.000 | val loss=0.0042 | t=0.1s
[finetune_replay] ep  69/90 | train loss=0.0004 top1=1.000 | val loss=0.0041 | t=0.1s
[finetune_replay] ep  70/90 | train loss=0.0003 top1=1.000 | val loss=0.0040 | t=0.1s
[finetune_replay] ep  71/90 | train loss=0.0003 top1=1.000 | val loss=0.0040 | t=0.1s
[finetune_replay] ep  72/90 | train loss=0.0004 top1=1.000 | val loss=0.0039 | t=0.1s  *
[finetune_replay] ep  73/90 | train loss=0.0004 top1=1.000 | val loss=0.0041 | t=0.1s
[finetune_replay] ep  74/90 | train loss=0.0004 top1=1.000 | val loss=0.0041 | t=0.1s
[finetune_replay] ep  75/90 | train loss=0.0004 top1=1.000 | val loss=0.0041 | t=0.1s
[finetune_replay] ep  76/90 | train loss=0.0004 top1=1.000 | val loss=0.0040 | t=0.1s
[finetune_replay] ep  77/90 | train loss=0.0004 top1=1.000 | val loss=0.0040 | t=0.1s
[finetune_replay] ep  78/90 | train loss=0.0004 top1=1.000 | val loss=0.0040 | t=0.1s
[finetune_replay] ep  79/90 | train loss=0.0004 top1=1.000 | val loss=0.0040 | t=0.1s
[finetune_replay] ep  80/90 | train loss=0.0004 top1=1.000 | val loss=0.0039 | t=0.1s  *
[finetune_replay] ep  81/90 | train loss=0.0004 top1=1.000 | val loss=0.0040 | t=0.1s
[finetune_replay] ep  82/90 | train loss=0.0004 top1=1.000 | val loss=0.0039 | t=0.1s
[finetune_replay] ep  83/90 | train loss=0.0004 top1=1.000 | val loss=0.0039 | t=0.1s
[finetune_replay] ep  84/90 | train loss=0.0003 top1=1.000 | val loss=0.0038 | t=0.1s  *
[finetune_replay] ep  85/90 | train loss=0.0003 top1=1.000 | val loss=0.0039 | t=0.1s
[finetune_replay] ep  86/90 | train loss=0.0004 top1=1.000 | val loss=0.0039 | t=0.1s
[finetune_replay] ep  87/90 | train loss=0.0003 top1=1.000 | val loss=0.0040 | t=0.1s
[finetune_replay] ep  88/90 | train loss=0.0004 top1=1.000 | val loss=0.0040 | t=0.1s
[finetune_replay] ep  89/90 | train loss=0.0003 top1=1.000 | val loss=0.0040 | t=0.1s
[finetune_replay] ep  90/90 | train loss=0.0004 top1=1.000 | val loss=0.0039 | t=0.1s
[finetune_replay] DONE best_val_loss=0.0038 @ epoch 84
[15:25:04] [uncertainty] member 1: $ /home/s226137394/.conda/envs/maze/bin/python3 -u -m Equivariant_pathway.equivariant_CNN_hybrid.baseline_vs_p4.pool_x_selector.trainer.finetune_replay --demo_dir /weka/s226137394/DmNfull/Equivariant_pathway/equivariant_CNN_hybrid/baseline_vs_p4/pool_x_selector/results/run_9/thrifty_dagger/demos --checkpoint_dir /weka/s226137394/DmNfull/Equivariant_pathway/equivariant_CNN_hybrid/baseline_vs_p4/pool_x_selector/results/run_9/thrifty_dagger/checkpoints/member_1 --epochs 90 --batch_size 64 --lr 5e-05 --weight_decay 0.0001 --replay_mix 0.5 --replay_mix_floor 0.2 --seed 110 --resume --new_demos_dir /weka/s226137394/DmNfull/Equivariant_pathway/equivariant_CNN_hybrid/baseline_vs_p4/pool_x_selector/results/run_9/thrifty_dagger/demos/round_014
[finetune_replay] device=cuda demo_dir=/weka/s226137394/DmNfull/Equivariant_pathway/equivariant_CNN_hybrid/baseline_vs_p4/pool_x_selector/results/run_9/thrifty_dagger/demos new_demos_dir=/weka/s226137394/DmNfull/Equivariant_pathway/equivariant_CNN_hybrid/baseline_vs_p4/pool_x_selector/results/run_9/thrifty_dagger/demos/round_014
[hybrid-dataset] 33 demos -> 161 samples
[hybrid-dataset] 1 demos -> 7 samples
[finetune_replay] sampler audit: {'n_old_samples': 161, 'n_new_samples': 7, 'replay_mix_target': 0.5, 'replay_mix_effective': 0.5, 'replay_mix_floor': 0.2}
[finetune_replay] trainable params: 1,400,028
[finetune_replay] WARM START from last_hybrid_policy.pth
[finetune_replay] ep   1/90 | train loss=0.1143 top1=0.987 | val loss=0.0437 | t=1.0s  *
[finetune_replay] ep   2/90 | train loss=0.0334 top1=1.000 | val loss=0.0350 | t=0.2s  *
[finetune_replay] ep   3/90 | train loss=0.0076 top1=1.000 | val loss=0.0108 | t=0.1s  *
[finetune_replay] ep   4/90 | train loss=0.0076 top1=1.000 | val loss=0.0055 | t=0.2s  *
[finetune_replay] ep   5/90 | train loss=0.0042 top1=1.000 | val loss=0.0080 | t=0.1s
[finetune_replay] ep   6/90 | train loss=0.0100 top1=1.000 | val loss=0.0032 | t=0.2s  *
[finetune_replay] ep   7/90 | train loss=0.0023 top1=1.000 | val loss=0.0044 | t=0.1s
[finetune_replay] ep   8/90 | train loss=0.0025 top1=1.000 | val loss=0.0050 | t=0.1s
[finetune_replay] ep   9/90 | train loss=0.0020 top1=1.000 | val loss=0.0077 | t=0.1s
[finetune_replay] ep  10/90 | train loss=0.0014 top1=1.000 | val loss=0.0124 | t=0.2s
[finetune_replay] ep  11/90 | train loss=0.0017 top1=1.000 | val loss=0.0117 | t=0.1s
[finetune_replay] ep  12/90 | train loss=0.0018 top1=1.000 | val loss=0.0063 | t=0.1s
[finetune_replay] ep  13/90 | train loss=0.0013 top1=1.000 | val loss=0.0034 | t=0.1s
[finetune_replay] ep  14/90 | train loss=0.0012 top1=1.000 | val loss=0.0027 | t=0.1s  *
[finetune_replay] ep  15/90 | train loss=0.0010 top1=1.000 | val loss=0.0024 | t=0.1s  *
[finetune_replay] ep  16/90 | train loss=0.0009 top1=1.000 | val loss=0.0024 | t=0.1s
[finetune_replay] ep  17/90 | train loss=0.0009 top1=1.000 | val loss=0.0028 | t=0.1s
[finetune_replay] ep  18/90 | train loss=0.0007 top1=1.000 | val loss=0.0034 | t=0.1s
[finetune_replay] ep  19/90 | train loss=0.0008 top1=1.000 | val loss=0.0038 | t=0.1s
[finetune_replay] ep  20/90 | train loss=0.0008 top1=1.000 | val loss=0.0038 | t=0.1s
[finetune_replay] ep  21/90 | train loss=0.0008 top1=1.000 | val loss=0.0034 | t=0.1s
[finetune_replay] ep  22/90 | train loss=0.0008 top1=1.000 | val loss=0.0030 | t=0.1s
[finetune_replay] ep  23/90 | train loss=0.0008 top1=1.000 | val loss=0.0029 | t=0.1s
[finetune_replay] ep  24/90 | train loss=0.0007 top1=1.000 | val loss=0.0028 | t=0.1s
[finetune_replay] ep  25/90 | train loss=0.0006 top1=1.000 | val loss=0.0026 | t=0.1s
[finetune_replay] ep  26/90 | train loss=0.0007 top1=1.000 | val loss=0.0028 | t=0.1s
[finetune_replay] ep  27/90 | train loss=0.0007 top1=1.000 | val loss=0.0028 | t=0.1s
[finetune_replay] ep  28/90 | train loss=0.0006 top1=1.000 | val loss=0.0027 | t=0.1s
[finetune_replay] ep  29/90 | train loss=0.0006 top1=1.000 | val loss=0.0027 | t=0.1s
[finetune_replay] ep  30/90 | train loss=0.0006 top1=1.000 | val loss=0.0029 | t=0.2s
[finetune_replay] ep  31/90 | train loss=0.0005 top1=1.000 | val loss=0.0026 | t=0.1s
[finetune_replay] ep  32/90 | train loss=0.0005 top1=1.000 | val loss=0.0026 | t=0.1s
[finetune_replay] ep  33/90 | train loss=0.0005 top1=1.000 | val loss=0.0029 | t=0.1s
[finetune_replay] ep  34/90 | train loss=0.0005 top1=1.000 | val loss=0.0027 | t=0.1s
[finetune_replay] ep  35/90 | train loss=0.0005 top1=1.000 | val loss=0.0029 | t=0.2s
[finetune_replay] ep  36/90 | train loss=0.0005 top1=1.000 | val loss=0.0031 | t=0.1s
[finetune_replay] ep  37/90 | train loss=0.0004 top1=1.000 | val loss=0.0032 | t=0.1s
[finetune_replay] ep  38/90 | train loss=0.0005 top1=1.000 | val loss=0.0033 | t=0.1s
[finetune_replay] ep  39/90 | train loss=0.0005 top1=1.000 | val loss=0.0031 | t=0.1s
[finetune_replay] ep  40/90 | train loss=0.0005 top1=1.000 | val loss=0.0028 | t=0.1s
[finetune_replay] ep  41/90 | train loss=0.0004 top1=1.000 | val loss=0.0026 | t=0.1s
[finetune_replay] ep  42/90 | train loss=0.0004 top1=1.000 | val loss=0.0027 | t=0.1s
[finetune_replay] ep  43/90 | train loss=0.0004 top1=1.000 | val loss=0.0024 | t=0.1s
[finetune_replay] ep  44/90 | train loss=0.0005 top1=1.000 | val loss=0.0024 | t=0.1s
[finetune_replay] ep  45/90 | train loss=0.0004 top1=1.000 | val loss=0.0025 | t=0.1s
[finetune_replay] ep  46/90 | train loss=0.0004 top1=1.000 | val loss=0.0026 | t=0.1s
[finetune_replay] ep  47/90 | train loss=0.0004 top1=1.000 | val loss=0.0028 | t=0.1s
[finetune_replay] ep  48/90 | train loss=0.0004 top1=1.000 | val loss=0.0026 | t=0.1s
[finetune_replay] ep  49/90 | train loss=0.0005 top1=1.000 | val loss=0.0025 | t=0.1s
[finetune_replay] ep  50/90 | train loss=0.0004 top1=1.000 | val loss=0.0024 | t=0.1s
[finetune_replay] ep  51/90 | train loss=0.0004 top1=1.000 | val loss=0.0023 | t=0.1s  *
[finetune_replay] ep  52/90 | train loss=0.0004 top1=1.000 | val loss=0.0022 | t=0.1s  *
[finetune_replay] ep  53/90 | train loss=0.0004 top1=1.000 | val loss=0.0024 | t=0.1s
[finetune_replay] ep  54/90 | train loss=0.0004 top1=1.000 | val loss=0.0023 | t=0.1s
[finetune_replay] ep  55/90 | train loss=0.0003 top1=1.000 | val loss=0.0022 | t=0.1s  *
[finetune_replay] ep  56/90 | train loss=0.0004 top1=1.000 | val loss=0.0023 | t=0.2s
[finetune_replay] ep  57/90 | train loss=0.0003 top1=1.000 | val loss=0.0021 | t=0.1s  *
[finetune_replay] ep  58/90 | train loss=0.0004 top1=1.000 | val loss=0.0022 | t=0.1s
[finetune_replay] ep  59/90 | train loss=0.0004 top1=1.000 | val loss=0.0024 | t=0.1s
[finetune_replay] ep  60/90 | train loss=0.0004 top1=1.000 | val loss=0.0023 | t=0.1s
[finetune_replay] ep  61/90 | train loss=0.0003 top1=1.000 | val loss=0.0024 | t=0.1s
[finetune_replay] ep  62/90 | train loss=0.0003 top1=1.000 | val loss=0.0023 | t=0.1s
[finetune_replay] ep  63/90 | train loss=0.0003 top1=1.000 | val loss=0.0022 | t=0.1s
[finetune_replay] ep  64/90 | train loss=0.0003 top1=1.000 | val loss=0.0024 | t=0.1s
[finetune_replay] ep  65/90 | train loss=0.0004 top1=1.000 | val loss=0.0023 | t=0.1s
[finetune_replay] ep  66/90 | train loss=0.0003 top1=1.000 | val loss=0.0025 | t=0.1s
[finetune_replay] ep  67/90 | train loss=0.0003 top1=1.000 | val loss=0.0024 | t=0.1s
[finetune_replay] ep  68/90 | train loss=0.0004 top1=1.000 | val loss=0.0022 | t=0.1s
[finetune_replay] ep  69/90 | train loss=0.0004 top1=1.000 | val loss=0.0026 | t=0.1s
[finetune_replay] ep  70/90 | train loss=0.0004 top1=1.000 | val loss=0.0024 | t=0.1s
[finetune_replay] ep  71/90 | train loss=0.0003 top1=1.000 | val loss=0.0023 | t=0.1s
[finetune_replay] ep  72/90 | train loss=0.0004 top1=1.000 | val loss=0.0021 | t=0.1s  *
[finetune_replay] ep  73/90 | train loss=0.0004 top1=1.000 | val loss=0.0020 | t=0.1s  *
[finetune_replay] ep  74/90 | train loss=0.0004 top1=1.000 | val loss=0.0022 | t=0.1s
[finetune_replay] ep  75/90 | train loss=0.0004 top1=1.000 | val loss=0.0022 | t=0.1s
[finetune_replay] ep  76/90 | train loss=0.0004 top1=1.000 | val loss=0.0023 | t=0.1s
[finetune_replay] ep  77/90 | train loss=0.0003 top1=1.000 | val loss=0.0024 | t=0.1s
[finetune_replay] ep  78/90 | train loss=0.0004 top1=1.000 | val loss=0.0022 | t=0.1s
[finetune_replay] ep  79/90 | train loss=0.0003 top1=1.000 | val loss=0.0022 | t=0.1s
[finetune_replay] ep  80/90 | train loss=0.0004 top1=1.000 | val loss=0.0023 | t=0.1s
[finetune_replay] ep  81/90 | train loss=0.0004 top1=1.000 | val loss=0.0022 | t=0.1s
[finetune_replay] ep  82/90 | train loss=0.0004 top1=1.000 | val loss=0.0022 | t=0.1s
[finetune_replay] ep  83/90 | train loss=0.0004 top1=1.000 | val loss=0.0020 | t=0.1s
[finetune_replay] ep  84/90 | train loss=0.0003 top1=1.000 | val loss=0.0020 | t=0.1s  *
[finetune_replay] ep  85/90 | train loss=0.0003 top1=1.000 | val loss=0.0022 | t=0.1s
[finetune_replay] ep  86/90 | train loss=0.0004 top1=1.000 | val loss=0.0021 | t=0.1s
[finetune_replay] ep  87/90 | train loss=0.0004 top1=1.000 | val loss=0.0021 | t=0.1s
[finetune_replay] ep  88/90 | train loss=0.0003 top1=1.000 | val loss=0.0022 | t=0.1s
[finetune_replay] ep  89/90 | train loss=0.0004 top1=1.000 | val loss=0.0022 | t=0.1s
[finetune_replay] ep  90/90 | train loss=0.0004 top1=1.000 | val loss=0.0022 | t=0.1s
[finetune_replay] DONE best_val_loss=0.0020 @ epoch 84
[15:25:30] [uncertainty] member 2: $ /home/s226137394/.conda/envs/maze/bin/python3 -u -m Equivariant_pathway.equivariant_CNN_hybrid.baseline_vs_p4.pool_x_selector.trainer.finetune_replay --demo_dir /weka/s226137394/DmNfull/Equivariant_pathway/equivariant_CNN_hybrid/baseline_vs_p4/pool_x_selector/results/run_9/thrifty_dagger/demos --checkpoint_dir /weka/s226137394/DmNfull/Equivariant_pathway/equivariant_CNN_hybrid/baseline_vs_p4/pool_x_selector/results/run_9/thrifty_dagger/checkpoints/member_2 --epochs 90 --batch_size 64 --lr 5e-05 --weight_decay 0.0001 --replay_mix 0.5 --replay_mix_floor 0.2 --seed 211 --resume --new_demos_dir /weka/s226137394/DmNfull/Equivariant_pathway/equivariant_CNN_hybrid/baseline_vs_p4/pool_x_selector/results/run_9/thrifty_dagger/demos/round_014
[finetune_replay] device=cuda demo_dir=/weka/s226137394/DmNfull/Equivariant_pathway/equivariant_CNN_hybrid/baseline_vs_p4/pool_x_selector/results/run_9/thrifty_dagger/demos new_demos_dir=/weka/s226137394/DmNfull/Equivariant_pathway/equivariant_CNN_hybrid/baseline_vs_p4/pool_x_selector/results/run_9/thrifty_dagger/demos/round_014
[hybrid-dataset] 33 demos -> 161 samples
[hybrid-dataset] 1 demos -> 7 samples
[finetune_replay] sampler audit: {'n_old_samples': 161, 'n_new_samples': 7, 'replay_mix_target': 0.5, 'replay_mix_effective': 0.5, 'replay_mix_floor': 0.2}
[finetune_replay] trainable params: 1,400,028
[finetune_replay] WARM START from last_hybrid_policy.pth
[finetune_replay] ep   1/90 | train loss=0.0611 top1=0.974 | val loss=0.0055 | t=0.9s  *
[finetune_replay] ep   2/90 | train loss=0.0083 top1=1.000 | val loss=0.0039 | t=0.1s  *
[finetune_replay] ep   3/90 | train loss=0.0058 top1=1.000 | val loss=0.0078 | t=0.2s
[finetune_replay] ep   4/90 | train loss=0.0040 top1=1.000 | val loss=0.0028 | t=0.1s  *
[finetune_replay] ep   5/90 | train loss=0.0036 top1=1.000 | val loss=0.0009 | t=0.2s  *
[finetune_replay] ep   6/90 | train loss=0.0040 top1=1.000 | val loss=0.0007 | t=0.1s  *
[finetune_replay] ep   7/90 | train loss=0.0018 top1=1.000 | val loss=0.0008 | t=0.1s
[finetune_replay] ep   8/90 | train loss=0.0207 top1=0.993 | val loss=0.0008 | t=0.1s
[finetune_replay] ep   9/90 | train loss=0.0100 top1=0.993 | val loss=0.0038 | t=0.1s
[finetune_replay] ep  10/90 | train loss=0.0043 top1=1.000 | val loss=0.0009 | t=0.1s
[finetune_replay] ep  11/90 | train loss=0.0030 top1=1.000 | val loss=0.0010 | t=0.1s
[finetune_replay] ep  12/90 | train loss=0.0069 top1=0.993 | val loss=0.0016 | t=0.1s
[finetune_replay] ep  13/90 | train loss=0.0037 top1=1.000 | val loss=0.0017 | t=0.1s
[finetune_replay] ep  14/90 | train loss=0.0019 top1=1.000 | val loss=0.0014 | t=0.2s
[finetune_replay] ep  15/90 | train loss=0.0016 top1=1.000 | val loss=0.0015 | t=0.1s
[finetune_replay] ep  16/90 | train loss=0.0019 top1=1.000 | val loss=0.0025 | t=0.1s
[finetune_replay] ep  17/90 | train loss=0.0018 top1=1.000 | val loss=0.0072 | t=0.1s
[finetune_replay] ep  18/90 | train loss=0.0013 top1=1.000 | val loss=0.0182 | t=0.1s
[finetune_replay] ep  19/90 | train loss=0.0017 top1=1.000 | val loss=0.0118 | t=0.1s
[finetune_replay] ep  20/90 | train loss=0.0025 top1=1.000 | val loss=0.0018 | t=0.1s
[finetune_replay] ep  21/90 | train loss=0.0012 top1=1.000 | val loss=0.0023 | t=0.1s
[finetune_replay] ep  22/90 | train loss=0.0024 top1=1.000 | val loss=0.0022 | t=0.1s
[finetune_replay] ep  23/90 | train loss=0.0009 top1=1.000 | val loss=0.0049 | t=0.1s
[finetune_replay] ep  24/90 | train loss=0.0012 top1=1.000 | val loss=0.0082 | t=0.1s
[finetune_replay] ep  25/90 | train loss=0.0012 top1=1.000 | val loss=0.0054 | t=0.1s
[finetune_replay] ep  26/90 | train loss=0.0007 top1=1.000 | val loss=0.0036 | t=0.1s
[finetune_replay] ep  27/90 | train loss=0.0007 top1=1.000 | val loss=0.0027 | t=0.1s
[finetune_replay] ep  28/90 | train loss=0.0007 top1=1.000 | val loss=0.0023 | t=0.1s
[finetune_replay] ep  29/90 | train loss=0.0006 top1=1.000 | val loss=0.0022 | t=0.1s
[finetune_replay] ep  30/90 | train loss=0.0006 top1=1.000 | val loss=0.0025 | t=0.1s
[finetune_replay] ep  31/90 | train loss=0.0006 top1=1.000 | val loss=0.0026 | t=0.1s
[finetune_replay] ep  32/90 | train loss=0.0006 top1=1.000 | val loss=0.0030 | t=0.1s
[finetune_replay] ep  33/90 | train loss=0.0006 top1=1.000 | val loss=0.0030 | t=0.1s
[finetune_replay] ep  34/90 | train loss=0.0005 top1=1.000 | val loss=0.0032 | t=0.1s
[finetune_replay] ep  35/90 | train loss=0.0005 top1=1.000 | val loss=0.0035 | t=0.2s
[finetune_replay] ep  36/90 | train loss=0.0004 top1=1.000 | val loss=0.0037 | t=0.1s
[finetune_replay] ep  37/90 | train loss=0.0008 top1=1.000 | val loss=0.0031 | t=0.1s
[finetune_replay] ep  38/90 | train loss=0.0005 top1=1.000 | val loss=0.0023 | t=0.1s
[finetune_replay] ep  39/90 | train loss=0.0004 top1=1.000 | val loss=0.0021 | t=0.1s
[finetune_replay] ep  40/90 | train loss=0.0005 top1=1.000 | val loss=0.0020 | t=0.1s
[finetune_replay] ep  41/90 | train loss=0.0005 top1=1.000 | val loss=0.0020 | t=0.1s
[finetune_replay] ep  42/90 | train loss=0.0005 top1=1.000 | val loss=0.0019 | t=0.1s
[finetune_replay] ep  43/90 | train loss=0.0005 top1=1.000 | val loss=0.0021 | t=0.1s
[finetune_replay] ep  44/90 | train loss=0.0005 top1=1.000 | val loss=0.0023 | t=0.1s
[finetune_replay] ep  45/90 | train loss=0.0004 top1=1.000 | val loss=0.0028 | t=0.1s
[finetune_replay] ep  46/90 | train loss=0.0004 top1=1.000 | val loss=0.0028 | t=0.1s
[finetune_replay] ep  47/90 | train loss=0.0005 top1=1.000 | val loss=0.0029 | t=0.1s
[finetune_replay] ep  48/90 | train loss=0.0005 top1=1.000 | val loss=0.0029 | t=0.1s
[finetune_replay] ep  49/90 | train loss=0.0005 top1=1.000 | val loss=0.0026 | t=0.1s
[finetune_replay] ep  50/90 | train loss=0.0004 top1=1.000 | val loss=0.0023 | t=0.1s
[finetune_replay] ep  51/90 | train loss=0.0005 top1=1.000 | val loss=0.0022 | t=0.1s
[finetune_replay] ep  52/90 | train loss=0.0005 top1=1.000 | val loss=0.0022 | t=0.1s
[finetune_replay] ep  53/90 | train loss=0.0004 top1=1.000 | val loss=0.0021 | t=0.1s
[finetune_replay] ep  54/90 | train loss=0.0005 top1=1.000 | val loss=0.0021 | t=0.1s
[finetune_replay] ep  55/90 | train loss=0.0004 top1=1.000 | val loss=0.0021 | t=0.1s
[finetune_replay] ep  56/90 | train loss=0.0004 top1=1.000 | val loss=0.0022 | t=0.1s
[finetune_replay] ep  57/90 | train loss=0.0003 top1=1.000 | val loss=0.0024 | t=0.1s
[finetune_replay] ep  58/90 | train loss=0.0004 top1=1.000 | val loss=0.0024 | t=0.1s
[finetune_replay] ep  59/90 | train loss=0.0004 top1=1.000 | val loss=0.0026 | t=0.1s
[finetune_replay] ep  60/90 | train loss=0.0004 top1=1.000 | val loss=0.0027 | t=0.1s
[finetune_replay] ep  61/90 | train loss=0.0004 top1=1.000 | val loss=0.0026 | t=0.1s
[finetune_replay] ep  62/90 | train loss=0.0004 top1=1.000 | val loss=0.0027 | t=0.1s
[finetune_replay] ep  63/90 | train loss=0.0004 top1=1.000 | val loss=0.0028 | t=0.1s
[finetune_replay] ep  64/90 | train loss=0.0003 top1=1.000 | val loss=0.0028 | t=0.1s
[finetune_replay] ep  65/90 | train loss=0.0004 top1=1.000 | val loss=0.0029 | t=0.1s
[finetune_replay] ep  66/90 | train loss=0.0004 top1=1.000 | val loss=0.0030 | t=0.1s
[finetune_replay] ep  67/90 | train loss=0.0004 top1=1.000 | val loss=0.0030 | t=0.1s
[finetune_replay] ep  68/90 | train loss=0.0004 top1=1.000 | val loss=0.0031 | t=0.1s
[finetune_replay] ep  69/90 | train loss=0.0003 top1=1.000 | val loss=0.0032 | t=0.1s
[finetune_replay] ep  70/90 | train loss=0.0004 top1=1.000 | val loss=0.0032 | t=0.1s
[finetune_replay] ep  71/90 | train loss=0.0004 top1=1.000 | val loss=0.0031 | t=0.1s
[finetune_replay] ep  72/90 | train loss=0.0003 top1=1.000 | val loss=0.0029 | t=0.1s
[finetune_replay] ep  73/90 | train loss=0.0004 top1=1.000 | val loss=0.0029 | t=0.1s
[finetune_replay] ep  74/90 | train loss=0.0004 top1=1.000 | val loss=0.0027 | t=0.1s
[finetune_replay] ep  75/90 | train loss=0.0004 top1=1.000 | val loss=0.0028 | t=0.1s
[finetune_replay] ep  76/90 | train loss=0.0004 top1=1.000 | val loss=0.0029 | t=0.2s
[finetune_replay] ep  77/90 | train loss=0.0003 top1=1.000 | val loss=0.0027 | t=0.1s
[finetune_replay] ep  78/90 | train loss=0.0004 top1=1.000 | val loss=0.0025 | t=0.1s
[finetune_replay] ep  79/90 | train loss=0.0003 top1=1.000 | val loss=0.0026 | t=0.1s
[finetune_replay] ep  80/90 | train loss=0.0005 top1=1.000 | val loss=0.0024 | t=0.1s
[finetune_replay] ep  81/90 | train loss=0.0004 top1=1.000 | val loss=0.0025 | t=0.1s
[finetune_replay] ep  82/90 | train loss=0.0004 top1=1.000 | val loss=0.0025 | t=0.1s
[finetune_replay] ep  83/90 | train loss=0.0003 top1=1.000 | val loss=0.0025 | t=0.1s
[finetune_replay] ep  84/90 | train loss=0.0004 top1=1.000 | val loss=0.0026 | t=0.1s
[finetune_replay] ep  85/90 | train loss=0.0005 top1=1.000 | val loss=0.0025 | t=0.1s
[finetune_replay] ep  86/90 | train loss=0.0004 top1=1.000 | val loss=0.0026 | t=0.1s
[finetune_replay] ep  87/90 | train loss=0.0004 top1=1.000 | val loss=0.0027 | t=0.1s
[finetune_replay] ep  88/90 | train loss=0.0003 top1=1.000 | val loss=0.0027 | t=0.1s
[finetune_replay] ep  89/90 | train loss=0.0004 top1=1.000 | val loss=0.0027 | t=0.1s
[finetune_replay] ep  90/90 | train loss=0.0004 top1=1.000 | val loss=0.0025 | t=0.1s
[finetune_replay] DONE best_val_loss=0.0007 @ epoch 6
[15:25:56] [uncertainty] member 3: $ /home/s226137394/.conda/envs/maze/bin/python3 -u -m Equivariant_pathway.equivariant_CNN_hybrid.baseline_vs_p4.pool_x_selector.trainer.finetune_replay --demo_dir /weka/s226137394/DmNfull/Equivariant_pathway/equivariant_CNN_hybrid/baseline_vs_p4/pool_x_selector/results/run_9/thrifty_dagger/demos --checkpoint_dir /weka/s226137394/DmNfull/Equivariant_pathway/equivariant_CNN_hybrid/baseline_vs_p4/pool_x_selector/results/run_9/thrifty_dagger/checkpoints/member_3 --epochs 90 --batch_size 64 --lr 5e-05 --weight_decay 0.0001 --replay_mix 0.5 --replay_mix_floor 0.2 --seed 312 --resume --new_demos_dir /weka/s226137394/DmNfull/Equivariant_pathway/equivariant_CNN_hybrid/baseline_vs_p4/pool_x_selector/results/run_9/thrifty_dagger/demos/round_014
[finetune_replay] device=cuda demo_dir=/weka/s226137394/DmNfull/Equivariant_pathway/equivariant_CNN_hybrid/baseline_vs_p4/pool_x_selector/results/run_9/thrifty_dagger/demos new_demos_dir=/weka/s226137394/DmNfull/Equivariant_pathway/equivariant_CNN_hybrid/baseline_vs_p4/pool_x_selector/results/run_9/thrifty_dagger/demos/round_014
[hybrid-dataset] 33 demos -> 161 samples
[hybrid-dataset] 1 demos -> 7 samples
[finetune_replay] sampler audit: {'n_old_samples': 161, 'n_new_samples': 7, 'replay_mix_target': 0.5, 'replay_mix_effective': 0.5, 'replay_mix_floor': 0.2}
[finetune_replay] trainable params: 1,400,028
[finetune_replay] WARM START from last_hybrid_policy.pth
[finetune_replay] ep   1/90 | train loss=0.1660 top1=0.954 | val loss=0.0359 | t=0.9s  *
[finetune_replay] ep   2/90 | train loss=0.0336 top1=1.000 | val loss=0.0159 | t=0.2s  *
[finetune_replay] ep   3/90 | train loss=0.0348 top1=1.000 | val loss=0.0470 | t=0.1s
[finetune_replay] ep   4/90 | train loss=0.0113 top1=1.000 | val loss=0.0167 | t=0.2s
[finetune_replay] ep   5/90 | train loss=0.0072 top1=1.000 | val loss=0.0135 | t=0.1s  *
[finetune_replay] ep   6/90 | train loss=0.0050 top1=1.000 | val loss=0.0188 | t=0.1s
[finetune_replay] ep   7/90 | train loss=0.0041 top1=1.000 | val loss=0.0088 | t=0.1s  *
[finetune_replay] ep   8/90 | train loss=0.0022 top1=1.000 | val loss=0.0039 | t=0.1s  *
[finetune_replay] ep   9/90 | train loss=0.0019 top1=1.000 | val loss=0.0060 | t=0.1s
[finetune_replay] ep  10/90 | train loss=0.0018 top1=1.000 | val loss=0.0089 | t=0.1s
[finetune_replay] ep  11/90 | train loss=0.0015 top1=1.000 | val loss=0.0094 | t=0.1s
[finetune_replay] ep  12/90 | train loss=0.0012 top1=1.000 | val loss=0.0094 | t=0.1s
[finetune_replay] ep  13/90 | train loss=0.0011 top1=1.000 | val loss=0.0075 | t=0.1s
[finetune_replay] ep  14/90 | train loss=0.0011 top1=1.000 | val loss=0.0062 | t=0.1s
[finetune_replay] ep  15/90 | train loss=0.0009 top1=1.000 | val loss=0.0055 | t=0.1s
[finetune_replay] ep  16/90 | train loss=0.0008 top1=1.000 | val loss=0.0049 | t=0.1s
[finetune_replay] ep  17/90 | train loss=0.0008 top1=1.000 | val loss=0.0052 | t=0.1s
[finetune_replay] ep  18/90 | train loss=0.0009 top1=1.000 | val loss=0.0047 | t=0.1s
[finetune_replay] ep  19/90 | train loss=0.0007 top1=1.000 | val loss=0.0043 | t=0.1s
[finetune_replay] ep  20/90 | train loss=0.0007 top1=1.000 | val loss=0.0040 | t=0.1s
[finetune_replay] ep  21/90 | train loss=0.0007 top1=1.000 | val loss=0.0039 | t=0.1s  *
[finetune_replay] ep  22/90 | train loss=0.0007 top1=1.000 | val loss=0.0048 | t=0.1s
[finetune_replay] ep  23/90 | train loss=0.0007 top1=1.000 | val loss=0.0053 | t=0.1s
[finetune_replay] ep  24/90 | train loss=0.0008 top1=1.000 | val loss=0.0047 | t=0.2s
[finetune_replay] ep  25/90 | train loss=0.0006 top1=1.000 | val loss=0.0047 | t=0.1s
[finetune_replay] ep  26/90 | train loss=0.0006 top1=1.000 | val loss=0.0046 | t=0.1s
[finetune_replay] ep  27/90 | train loss=0.0006 top1=1.000 | val loss=0.0040 | t=0.1s
[finetune_replay] ep  28/90 | train loss=0.0007 top1=1.000 | val loss=0.0045 | t=0.1s
[finetune_replay] ep  29/90 | train loss=0.0006 top1=1.000 | val loss=0.0043 | t=0.1s
[finetune_replay] ep  30/90 | train loss=0.0007 top1=1.000 | val loss=0.0045 | t=0.1s
[finetune_replay] ep  31/90 | train loss=0.0006 top1=1.000 | val loss=0.0047 | t=0.1s
[finetune_replay] ep  32/90 | train loss=0.0005 top1=1.000 | val loss=0.0049 | t=0.1s
[finetune_replay] ep  33/90 | train loss=0.0005 top1=1.000 | val loss=0.0045 | t=0.1s
[finetune_replay] ep  34/90 | train loss=0.0005 top1=1.000 | val loss=0.0042 | t=0.1s
[finetune_replay] ep  35/90 | train loss=0.0005 top1=1.000 | val loss=0.0044 | t=0.1s
[finetune_replay] ep  36/90 | train loss=0.0005 top1=1.000 | val loss=0.0039 | t=0.1s
[finetune_replay] ep  37/90 | train loss=0.0005 top1=1.000 | val loss=0.0035 | t=0.1s  *
[finetune_replay] ep  38/90 | train loss=0.0004 top1=1.000 | val loss=0.0035 | t=0.1s
[finetune_replay] ep  39/90 | train loss=0.0004 top1=1.000 | val loss=0.0037 | t=0.1s
[finetune_replay] ep  40/90 | train loss=0.0005 top1=1.000 | val loss=0.0045 | t=0.1s
[finetune_replay] ep  41/90 | train loss=0.0005 top1=1.000 | val loss=0.0049 | t=0.1s
[finetune_replay] ep  42/90 | train loss=0.0004 top1=1.000 | val loss=0.0048 | t=0.1s
[finetune_replay] ep  43/90 | train loss=0.0004 top1=1.000 | val loss=0.0052 | t=0.1s
[finetune_replay] ep  44/90 | train loss=0.0004 top1=1.000 | val loss=0.0051 | t=0.1s
[finetune_replay] ep  45/90 | train loss=0.0005 top1=1.000 | val loss=0.0049 | t=0.1s
[finetune_replay] ep  46/90 | train loss=0.0005 top1=1.000 | val loss=0.0049 | t=0.1s
[finetune_replay] ep  47/90 | train loss=0.0004 top1=1.000 | val loss=0.0051 | t=0.1s
[finetune_replay] ep  48/90 | train loss=0.0004 top1=1.000 | val loss=0.0050 | t=0.1s
[finetune_replay] ep  49/90 | train loss=0.0004 top1=1.000 | val loss=0.0044 | t=0.1s
[finetune_replay] ep  50/90 | train loss=0.0004 top1=1.000 | val loss=0.0043 | t=0.1s
[finetune_replay] ep  51/90 | train loss=0.0005 top1=1.000 | val loss=0.0041 | t=0.1s
[finetune_replay] ep  52/90 | train loss=0.0004 top1=1.000 | val loss=0.0046 | t=0.1s
[finetune_replay] ep  53/90 | train loss=0.0004 top1=1.000 | val loss=0.0045 | t=0.1s
[finetune_replay] ep  54/90 | train loss=0.0004 top1=1.000 | val loss=0.0047 | t=0.1s
[finetune_replay] ep  55/90 | train loss=0.0004 top1=1.000 | val loss=0.0045 | t=0.1s
[finetune_replay] ep  56/90 | train loss=0.0004 top1=1.000 | val loss=0.0045 | t=0.1s
[finetune_replay] ep  57/90 | train loss=0.0004 top1=1.000 | val loss=0.0047 | t=0.1s
[finetune_replay] ep  58/90 | train loss=0.0004 top1=1.000 | val loss=0.0048 | t=0.2s
[finetune_replay] ep  59/90 | train loss=0.0004 top1=1.000 | val loss=0.0051 | t=0.1s
[finetune_replay] ep  60/90 | train loss=0.0004 top1=1.000 | val loss=0.0051 | t=0.1s
[finetune_replay] ep  61/90 | train loss=0.0004 top1=1.000 | val loss=0.0049 | t=0.1s
[finetune_replay] ep  62/90 | train loss=0.0004 top1=1.000 | val loss=0.0050 | t=0.1s
[finetune_replay] ep  63/90 | train loss=0.0003 top1=1.000 | val loss=0.0050 | t=0.1s
[finetune_replay] ep  64/90 | train loss=0.0003 top1=1.000 | val loss=0.0049 | t=0.1s
[finetune_replay] ep  65/90 | train loss=0.0004 top1=1.000 | val loss=0.0048 | t=0.1s
[finetune_replay] ep  66/90 | train loss=0.0004 top1=1.000 | val loss=0.0045 | t=0.1s
[finetune_replay] ep  67/90 | train loss=0.0004 top1=1.000 | val loss=0.0042 | t=0.1s
[finetune_replay] ep  68/90 | train loss=0.0004 top1=1.000 | val loss=0.0041 | t=0.1s
[finetune_replay] ep  69/90 | train loss=0.0003 top1=1.000 | val loss=0.0045 | t=0.1s
[finetune_replay] ep  70/90 | train loss=0.0003 top1=1.000 | val loss=0.0044 | t=0.1s
[finetune_replay] ep  71/90 | train loss=0.0003 top1=1.000 | val loss=0.0045 | t=0.1s
[finetune_replay] ep  72/90 | train loss=0.0004 top1=1.000 | val loss=0.0044 | t=0.1s
[finetune_replay] ep  73/90 | train loss=0.0003 top1=1.000 | val loss=0.0044 | t=0.1s
[finetune_replay] ep  74/90 | train loss=0.0004 top1=1.000 | val loss=0.0046 | t=0.1s
[finetune_replay] ep  75/90 | train loss=0.0003 top1=1.000 | val loss=0.0048 | t=0.1s
[finetune_replay] ep  76/90 | train loss=0.0003 top1=1.000 | val loss=0.0047 | t=0.1s
[finetune_replay] ep  77/90 | train loss=0.0003 top1=1.000 | val loss=0.0045 | t=0.1s
[finetune_replay] ep  78/90 | train loss=0.0004 top1=1.000 | val loss=0.0042 | t=0.1s
[finetune_replay] ep  79/90 | train loss=0.0003 top1=1.000 | val loss=0.0042 | t=0.1s
[finetune_replay] ep  80/90 | train loss=0.0004 top1=1.000 | val loss=0.0046 | t=0.1s
[finetune_replay] ep  81/90 | train loss=0.0004 top1=1.000 | val loss=0.0044 | t=0.1s
[finetune_replay] ep  82/90 | train loss=0.0003 top1=1.000 | val loss=0.0046 | t=0.1s
[finetune_replay] ep  83/90 | train loss=0.0004 top1=1.000 | val loss=0.0044 | t=0.1s
[finetune_replay] ep  84/90 | train loss=0.0004 top1=1.000 | val loss=0.0044 | t=0.1s
[finetune_replay] ep  85/90 | train loss=0.0004 top1=1.000 | val loss=0.0046 | t=0.1s
[finetune_replay] ep  86/90 | train loss=0.0003 top1=1.000 | val loss=0.0047 | t=0.1s
[finetune_replay] ep  87/90 | train loss=0.0004 top1=1.000 | val loss=0.0044 | t=0.1s
[finetune_replay] ep  88/90 | train loss=0.0004 top1=1.000 | val loss=0.0047 | t=0.1s
[finetune_replay] ep  89/90 | train loss=0.0003 top1=1.000 | val loss=0.0044 | t=0.1s
[finetune_replay] ep  90/90 | train loss=0.0004 top1=1.000 | val loss=0.0044 | t=0.1s
[finetune_replay] DONE best_val_loss=0.0035 @ epoch 37
[15:26:22] [uncertainty] member 4: $ /home/s226137394/.conda/envs/maze/bin/python3 -u -m Equivariant_pathway.equivariant_CNN_hybrid.baseline_vs_p4.pool_x_selector.trainer.finetune_replay --demo_dir /weka/s226137394/DmNfull/Equivariant_pathway/equivariant_CNN_hybrid/baseline_vs_p4/pool_x_selector/results/run_9/thrifty_dagger/demos --checkpoint_dir /weka/s226137394/DmNfull/Equivariant_pathway/equivariant_CNN_hybrid/baseline_vs_p4/pool_x_selector/results/run_9/thrifty_dagger/checkpoints/member_4 --epochs 90 --batch_size 64 --lr 5e-05 --weight_decay 0.0001 --replay_mix 0.5 --replay_mix_floor 0.2 --seed 413 --resume --new_demos_dir /weka/s226137394/DmNfull/Equivariant_pathway/equivariant_CNN_hybrid/baseline_vs_p4/pool_x_selector/results/run_9/thrifty_dagger/demos/round_014
[finetune_replay] device=cuda demo_dir=/weka/s226137394/DmNfull/Equivariant_pathway/equivariant_CNN_hybrid/baseline_vs_p4/pool_x_selector/results/run_9/thrifty_dagger/demos new_demos_dir=/weka/s226137394/DmNfull/Equivariant_pathway/equivariant_CNN_hybrid/baseline_vs_p4/pool_x_selector/results/run_9/thrifty_dagger/demos/round_014
[hybrid-dataset] 33 demos -> 161 samples
[hybrid-dataset] 1 demos -> 7 samples
[finetune_replay] sampler audit: {'n_old_samples': 161, 'n_new_samples': 7, 'replay_mix_target': 0.5, 'replay_mix_effective': 0.5, 'replay_mix_floor': 0.2}
[finetune_replay] trainable params: 1,400,028
[finetune_replay] WARM START from last_hybrid_policy.pth
[finetune_replay] ep   1/90 | train loss=0.0521 top1=0.987 | val loss=0.0118 | t=0.8s  *
[finetune_replay] ep   2/90 | train loss=0.0320 top1=1.000 | val loss=0.0080 | t=0.1s  *
[finetune_replay] ep   3/90 | train loss=0.0143 top1=1.000 | val loss=0.0087 | t=0.1s
[finetune_replay] ep   4/90 | train loss=0.0135 top1=1.000 | val loss=0.0050 | t=0.2s  *
[finetune_replay] ep   5/90 | train loss=0.0142 top1=1.000 | val loss=0.0050 | t=0.2s  *
[finetune_replay] ep   6/90 | train loss=0.0021 top1=1.000 | val loss=0.0065 | t=0.1s
[finetune_replay] ep   7/90 | train loss=0.0047 top1=1.000 | val loss=0.0043 | t=0.1s  *
[finetune_replay] ep   8/90 | train loss=0.0023 top1=1.000 | val loss=0.0027 | t=0.1s  *
[finetune_replay] ep   9/90 | train loss=0.0019 top1=1.000 | val loss=0.0024 | t=0.1s  *
[finetune_replay] ep  10/90 | train loss=0.0035 top1=1.000 | val loss=0.0027 | t=0.1s
[finetune_replay] ep  11/90 | train loss=0.0025 top1=1.000 | val loss=0.0037 | t=0.1s
[finetune_replay] ep  12/90 | train loss=0.0015 top1=1.000 | val loss=0.0038 | t=0.1s
[finetune_replay] ep  13/90 | train loss=0.0021 top1=1.000 | val loss=0.0030 | t=0.2s
[finetune_replay] ep  14/90 | train loss=0.0010 top1=1.000 | val loss=0.0023 | t=0.1s  *
[finetune_replay] ep  15/90 | train loss=0.0010 top1=1.000 | val loss=0.0020 | t=0.1s  *
[finetune_replay] ep  16/90 | train loss=0.0015 top1=1.000 | val loss=0.0018 | t=0.1s  *
[finetune_replay] ep  17/90 | train loss=0.0008 top1=1.000 | val loss=0.0020 | t=0.2s
[finetune_replay] ep  18/90 | train loss=0.0010 top1=1.000 | val loss=0.0021 | t=0.1s
[finetune_replay] ep  19/90 | train loss=0.0011 top1=1.000 | val loss=0.0022 | t=0.1s
[finetune_replay] ep  20/90 | train loss=0.0008 top1=1.000 | val loss=0.0022 | t=0.1s
[finetune_replay] ep  21/90 | train loss=0.0010 top1=1.000 | val loss=0.0019 | t=0.1s
[finetune_replay] ep  22/90 | train loss=0.0009 top1=1.000 | val loss=0.0016 | t=0.1s  *
[finetune_replay] ep  23/90 | train loss=0.0006 top1=1.000 | val loss=0.0016 | t=0.1s  *
[finetune_replay] ep  24/90 | train loss=0.0008 top1=1.000 | val loss=0.0018 | t=0.1s
[finetune_replay] ep  25/90 | train loss=0.0007 top1=1.000 | val loss=0.0021 | t=0.1s
[finetune_replay] ep  26/90 | train loss=0.0006 top1=1.000 | val loss=0.0020 | t=0.1s
[finetune_replay] ep  27/90 | train loss=0.0006 top1=1.000 | val loss=0.0018 | t=0.1s
[finetune_replay] ep  28/90 | train loss=0.0006 top1=1.000 | val loss=0.0017 | t=0.1s
[finetune_replay] ep  29/90 | train loss=0.0008 top1=1.000 | val loss=0.0016 | t=0.1s  *
[finetune_replay] ep  30/90 | train loss=0.0005 top1=1.000 | val loss=0.0014 | t=0.1s  *
[finetune_replay] ep  31/90 | train loss=0.0005 top1=1.000 | val loss=0.0015 | t=0.1s
[finetune_replay] ep  32/90 | train loss=0.0005 top1=1.000 | val loss=0.0015 | t=0.1s
[finetune_replay] ep  33/90 | train loss=0.0007 top1=1.000 | val loss=0.0017 | t=0.1s
[finetune_replay] ep  34/90 | train loss=0.0006 top1=1.000 | val loss=0.0016 | t=0.1s
[finetune_replay] ep  35/90 | train loss=0.0005 top1=1.000 | val loss=0.0017 | t=0.1s
[finetune_replay] ep  36/90 | train loss=0.0006 top1=1.000 | val loss=0.0014 | t=0.1s
[finetune_replay] ep  37/90 | train loss=0.0006 top1=1.000 | val loss=0.0014 | t=0.1s  *
[finetune_replay] ep  38/90 | train loss=0.0005 top1=1.000 | val loss=0.0014 | t=0.1s  *
[finetune_replay] ep  39/90 | train loss=0.0005 top1=1.000 | val loss=0.0013 | t=0.1s  *
[finetune_replay] ep  40/90 | train loss=0.0006 top1=1.000 | val loss=0.0014 | t=0.1s
[finetune_replay] ep  41/90 | train loss=0.0005 top1=1.000 | val loss=0.0014 | t=0.1s
[finetune_replay] ep  42/90 | train loss=0.0005 top1=1.000 | val loss=0.0016 | t=0.1s
[finetune_replay] ep  43/90 | train loss=0.0005 top1=1.000 | val loss=0.0020 | t=0.1s
[finetune_replay] ep  44/90 | train loss=0.0006 top1=1.000 | val loss=0.0019 | t=0.1s
[finetune_replay] ep  45/90 | train loss=0.0005 top1=1.000 | val loss=0.0017 | t=0.1s
[finetune_replay] ep  46/90 | train loss=0.0006 top1=1.000 | val loss=0.0018 | t=0.1s
[finetune_replay] ep  47/90 | train loss=0.0004 top1=1.000 | val loss=0.0017 | t=0.1s
[finetune_replay] ep  48/90 | train loss=0.0005 top1=1.000 | val loss=0.0017 | t=0.1s
[finetune_replay] ep  49/90 | train loss=0.0006 top1=1.000 | val loss=0.0015 | t=0.1s
[finetune_replay] ep  50/90 | train loss=0.0006 top1=1.000 | val loss=0.0014 | t=0.1s
[finetune_replay] ep  51/90 | train loss=0.0005 top1=1.000 | val loss=0.0017 | t=0.1s
[finetune_replay] ep  52/90 | train loss=0.0004 top1=1.000 | val loss=0.0018 | t=0.2s
[finetune_replay] ep  53/90 | train loss=0.0004 top1=1.000 | val loss=0.0016 | t=0.1s
[finetune_replay] ep  54/90 | train loss=0.0004 top1=1.000 | val loss=0.0014 | t=0.1s
[finetune_replay] ep  55/90 | train loss=0.0005 top1=1.000 | val loss=0.0015 | t=0.1s
[finetune_replay] ep  56/90 | train loss=0.0004 top1=1.000 | val loss=0.0018 | t=0.1s
[finetune_replay] ep  57/90 | train loss=0.0004 top1=1.000 | val loss=0.0016 | t=0.1s
[finetune_replay] ep  58/90 | train loss=0.0004 top1=1.000 | val loss=0.0016 | t=0.1s
[finetune_replay] ep  59/90 | train loss=0.0004 top1=1.000 | val loss=0.0017 | t=0.1s
[finetune_replay] ep  60/90 | train loss=0.0006 top1=1.000 | val loss=0.0018 | t=0.1s
[finetune_replay] ep  61/90 | train loss=0.0004 top1=1.000 | val loss=0.0017 | t=0.1s
[finetune_replay] ep  62/90 | train loss=0.0004 top1=1.000 | val loss=0.0015 | t=0.1s
[finetune_replay] ep  63/90 | train loss=0.0004 top1=1.000 | val loss=0.0013 | t=0.1s  *
[finetune_replay] ep  64/90 | train loss=0.0004 top1=1.000 | val loss=0.0014 | t=0.1s
[finetune_replay] ep  65/90 | train loss=0.0004 top1=1.000 | val loss=0.0014 | t=0.1s
[finetune_replay] ep  66/90 | train loss=0.0004 top1=1.000 | val loss=0.0014 | t=0.1s
[finetune_replay] ep  67/90 | train loss=0.0004 top1=1.000 | val loss=0.0013 | t=0.1s
[finetune_replay] ep  68/90 | train loss=0.0004 top1=1.000 | val loss=0.0013 | t=0.1s
[finetune_replay] ep  69/90 | train loss=0.0005 top1=1.000 | val loss=0.0014 | t=0.1s
[finetune_replay] ep  70/90 | train loss=0.0004 top1=1.000 | val loss=0.0015 | t=0.1s
[finetune_replay] ep  71/90 | train loss=0.0004 top1=1.000 | val loss=0.0016 | t=0.1s
[finetune_replay] ep  72/90 | train loss=0.0004 top1=1.000 | val loss=0.0015 | t=0.1s
[finetune_replay] ep  73/90 | train loss=0.0005 top1=1.000 | val loss=0.0016 | t=0.1s
[finetune_replay] ep  74/90 | train loss=0.0004 top1=1.000 | val loss=0.0014 | t=0.1s
[finetune_replay] ep  75/90 | train loss=0.0006 top1=1.000 | val loss=0.0015 | t=0.1s
[finetune_replay] ep  76/90 | train loss=0.0004 top1=1.000 | val loss=0.0014 | t=0.1s
[finetune_replay] ep  77/90 | train loss=0.0004 top1=1.000 | val loss=0.0013 | t=0.1s
[finetune_replay] ep  78/90 | train loss=0.0003 top1=1.000 | val loss=0.0014 | t=0.1s
[finetune_replay] ep  79/90 | train loss=0.0004 top1=1.000 | val loss=0.0013 | t=0.1s
[finetune_replay] ep  80/90 | train loss=0.0004 top1=1.000 | val loss=0.0016 | t=0.1s
[finetune_replay] ep  81/90 | train loss=0.0005 top1=1.000 | val loss=0.0015 | t=0.1s
[finetune_replay] ep  82/90 | train loss=0.0005 top1=1.000 | val loss=0.0015 | t=0.1s
[finetune_replay] ep  83/90 | train loss=0.0004 top1=1.000 | val loss=0.0014 | t=0.1s
[finetune_replay] ep  84/90 | train loss=0.0004 top1=1.000 | val loss=0.0015 | t=0.1s
[finetune_replay] ep  85/90 | train loss=0.0004 top1=1.000 | val loss=0.0015 | t=0.1s
[finetune_replay] ep  86/90 | train loss=0.0004 top1=1.000 | val loss=0.0015 | t=0.1s
[finetune_replay] ep  87/90 | train loss=0.0004 top1=1.000 | val loss=0.0015 | t=0.1s
[finetune_replay] ep  88/90 | train loss=0.0003 top1=1.000 | val loss=0.0016 | t=0.2s
[finetune_replay] ep  89/90 | train loss=0.0003 top1=1.000 | val loss=0.0017 | t=0.1s
[finetune_replay] ep  90/90 | train loss=0.0004 top1=1.000 | val loss=0.0016 | t=0.1s
[finetune_replay] DONE best_val_loss=0.0013 @ epoch 63
[15:27:14] [iil-baseline] round 14: heldout_sr=0.875

--------------------------------------------------------------------------------
THRIFTY_DAGGER ROUND 15  (remaining budget = 1)
--------------------------------------------------------------------------------
[15:27:24] [iil-baseline] round 15: pool=20 successes=18 failures=2 correction_sr=0.900
[15:27:24] [iil-baseline] round 15: picked=1 saved=1 cum_extras=15/15
[15:27:24] [uncertainty] member 0: $ /home/s226137394/.conda/envs/maze/bin/python3 -u -m Equivariant_pathway.equivariant_CNN_hybrid.baseline_vs_p4.pool_x_selector.trainer.finetune_replay --demo_dir /weka/s226137394/DmNfull/Equivariant_pathway/equivariant_CNN_hybrid/baseline_vs_p4/pool_x_selector/results/run_9/thrifty_dagger/demos --checkpoint_dir /weka/s226137394/DmNfull/Equivariant_pathway/equivariant_CNN_hybrid/baseline_vs_p4/pool_x_selector/results/run_9/thrifty_dagger/checkpoints/member_0 --epochs 90 --batch_size 64 --lr 5e-05 --weight_decay 0.0001 --replay_mix 0.5 --replay_mix_floor 0.2 --seed 9 --resume --new_demos_dir /weka/s226137394/DmNfull/Equivariant_pathway/equivariant_CNN_hybrid/baseline_vs_p4/pool_x_selector/results/run_9/thrifty_dagger/demos/round_015
[finetune_replay] device=cuda demo_dir=/weka/s226137394/DmNfull/Equivariant_pathway/equivariant_CNN_hybrid/baseline_vs_p4/pool_x_selector/results/run_9/thrifty_dagger/demos new_demos_dir=/weka/s226137394/DmNfull/Equivariant_pathway/equivariant_CNN_hybrid/baseline_vs_p4/pool_x_selector/results/run_9/thrifty_dagger/demos/round_015
[hybrid-dataset] 34 demos -> 168 samples
[hybrid-dataset] 1 demos -> 7 samples
[finetune_replay] sampler audit: {'n_old_samples': 168, 'n_new_samples': 7, 'replay_mix_target': 0.5, 'replay_mix_effective': 0.5, 'replay_mix_floor': 0.2}
[finetune_replay] trainable params: 1,400,028
[finetune_replay] WARM START from last_hybrid_policy.pth
[finetune_replay] ep   1/90 | train loss=0.0766 top1=0.962 | val loss=0.0058 | t=0.8s  *
[finetune_replay] ep   2/90 | train loss=0.0360 top1=1.000 | val loss=0.0304 | t=0.1s
[finetune_replay] ep   3/90 | train loss=0.0099 top1=1.000 | val loss=0.0571 | t=0.2s
[finetune_replay] ep   4/90 | train loss=0.0042 top1=1.000 | val loss=0.0071 | t=0.1s
[finetune_replay] ep   5/90 | train loss=0.0047 top1=1.000 | val loss=0.0034 | t=0.2s  *
[finetune_replay] ep   6/90 | train loss=0.0042 top1=1.000 | val loss=0.0099 | t=0.1s
[finetune_replay] ep   7/90 | train loss=0.0014 top1=1.000 | val loss=0.0213 | t=0.1s
[finetune_replay] ep   8/90 | train loss=0.0020 top1=1.000 | val loss=0.0222 | t=0.1s
[finetune_replay] ep   9/90 | train loss=0.0012 top1=1.000 | val loss=0.0178 | t=0.1s
[finetune_replay] ep  10/90 | train loss=0.0011 top1=1.000 | val loss=0.0138 | t=0.1s
[finetune_replay] ep  11/90 | train loss=0.0009 top1=1.000 | val loss=0.0114 | t=0.1s
[finetune_replay] ep  12/90 | train loss=0.0009 top1=1.000 | val loss=0.0108 | t=0.1s
[finetune_replay] ep  13/90 | train loss=0.0008 top1=1.000 | val loss=0.0121 | t=0.1s
[finetune_replay] ep  14/90 | train loss=0.0006 top1=1.000 | val loss=0.0153 | t=0.1s
[finetune_replay] ep  15/90 | train loss=0.0006 top1=1.000 | val loss=0.0180 | t=0.1s
[finetune_replay] ep  16/90 | train loss=0.0005 top1=1.000 | val loss=0.0204 | t=0.1s
[finetune_replay] ep  17/90 | train loss=0.0005 top1=1.000 | val loss=0.0206 | t=0.1s
[finetune_replay] ep  18/90 | train loss=0.0005 top1=1.000 | val loss=0.0206 | t=0.1s
[finetune_replay] ep  19/90 | train loss=0.0005 top1=1.000 | val loss=0.0193 | t=0.1s
[finetune_replay] ep  20/90 | train loss=0.0004 top1=1.000 | val loss=0.0179 | t=0.1s
[finetune_replay] ep  21/90 | train loss=0.0005 top1=1.000 | val loss=0.0164 | t=0.1s
[finetune_replay] ep  22/90 | train loss=0.0004 top1=1.000 | val loss=0.0159 | t=0.1s
[finetune_replay] ep  23/90 | train loss=0.0004 top1=1.000 | val loss=0.0155 | t=0.1s
[finetune_replay] ep  24/90 | train loss=0.0004 top1=1.000 | val loss=0.0161 | t=0.1s
[finetune_replay] ep  25/90 | train loss=0.0004 top1=1.000 | val loss=0.0181 | t=0.1s
[finetune_replay] ep  26/90 | train loss=0.0004 top1=1.000 | val loss=0.0216 | t=0.1s
[finetune_replay] ep  27/90 | train loss=0.0004 top1=1.000 | val loss=0.0206 | t=0.1s
[finetune_replay] ep  28/90 | train loss=0.0004 top1=1.000 | val loss=0.0210 | t=0.1s
[finetune_replay] ep  29/90 | train loss=0.0003 top1=1.000 | val loss=0.0201 | t=0.1s
[finetune_replay] ep  30/90 | train loss=0.0004 top1=1.000 | val loss=0.0177 | t=0.1s
[finetune_replay] ep  31/90 | train loss=0.0004 top1=1.000 | val loss=0.0153 | t=0.1s
[finetune_replay] ep  32/90 | train loss=0.0004 top1=1.000 | val loss=0.0130 | t=0.1s
[finetune_replay] ep  33/90 | train loss=0.0004 top1=1.000 | val loss=0.0121 | t=0.1s
[finetune_replay] ep  34/90 | train loss=0.0004 top1=1.000 | val loss=0.0133 | t=0.1s
[finetune_replay] ep  35/90 | train loss=0.0003 top1=1.000 | val loss=0.0170 | t=0.1s
[finetune_replay] ep  36/90 | train loss=0.0004 top1=1.000 | val loss=0.0172 | t=0.1s
[finetune_replay] ep  37/90 | train loss=0.0003 top1=1.000 | val loss=0.0182 | t=0.1s
[finetune_replay] ep  38/90 | train loss=0.0003 top1=1.000 | val loss=0.0177 | t=0.1s
[finetune_replay] ep  39/90 | train loss=0.0003 top1=1.000 | val loss=0.0184 | t=0.1s
[finetune_replay] ep  40/90 | train loss=0.0003 top1=1.000 | val loss=0.0210 | t=0.1s
[finetune_replay] ep  41/90 | train loss=0.0003 top1=1.000 | val loss=0.0199 | t=0.1s
[finetune_replay] ep  42/90 | train loss=0.0003 top1=1.000 | val loss=0.0190 | t=0.1s
[finetune_replay] ep  43/90 | train loss=0.0003 top1=1.000 | val loss=0.0182 | t=0.1s
[finetune_replay] ep  44/90 | train loss=0.0003 top1=1.000 | val loss=0.0169 | t=0.1s
[finetune_replay] ep  45/90 | train loss=0.0002 top1=1.000 | val loss=0.0185 | t=0.1s
[finetune_replay] ep  46/90 | train loss=0.0002 top1=1.000 | val loss=0.0194 | t=0.1s
[finetune_replay] ep  47/90 | train loss=0.0003 top1=1.000 | val loss=0.0176 | t=0.1s
[finetune_replay] ep  48/90 | train loss=0.0003 top1=1.000 | val loss=0.0181 | t=0.1s
[finetune_replay] ep  49/90 | train loss=0.0003 top1=1.000 | val loss=0.0185 | t=0.1s
[finetune_replay] ep  50/90 | train loss=0.0002 top1=1.000 | val loss=0.0193 | t=0.1s
[finetune_replay] ep  51/90 | train loss=0.0003 top1=1.000 | val loss=0.0198 | t=0.1s
[finetune_replay] ep  52/90 | train loss=0.0003 top1=1.000 | val loss=0.0203 | t=0.1s
[finetune_replay] ep  53/90 | train loss=0.0003 top1=1.000 | val loss=0.0207 | t=0.1s
[finetune_replay] ep  54/90 | train loss=0.0003 top1=1.000 | val loss=0.0184 | t=0.1s
[finetune_replay] ep  55/90 | train loss=0.0003 top1=1.000 | val loss=0.0192 | t=0.1s
[finetune_replay] ep  56/90 | train loss=0.0002 top1=1.000 | val loss=0.0191 | t=0.1s
[finetune_replay] ep  57/90 | train loss=0.0003 top1=1.000 | val loss=0.0178 | t=0.1s
[finetune_replay] ep  58/90 | train loss=0.0003 top1=1.000 | val loss=0.0185 | t=0.1s
[finetune_replay] ep  59/90 | train loss=0.0002 top1=1.000 | val loss=0.0185 | t=0.1s
[finetune_replay] ep  60/90 | train loss=0.0003 top1=1.000 | val loss=0.0195 | t=0.2s
[finetune_replay] ep  61/90 | train loss=0.0003 top1=1.000 | val loss=0.0186 | t=0.1s
[finetune_replay] ep  62/90 | train loss=0.0002 top1=1.000 | val loss=0.0180 | t=0.1s
[finetune_replay] ep  63/90 | train loss=0.0002 top1=1.000 | val loss=0.0186 | t=0.1s
[finetune_replay] ep  64/90 | train loss=0.0002 top1=1.000 | val loss=0.0176 | t=0.1s
[finetune_replay] ep  65/90 | train loss=0.0003 top1=1.000 | val loss=0.0169 | t=0.1s
[finetune_replay] ep  66/90 | train loss=0.0003 top1=1.000 | val loss=0.0165 | t=0.1s
[finetune_replay] ep  67/90 | train loss=0.0003 top1=1.000 | val loss=0.0162 | t=0.1s
[finetune_replay] ep  68/90 | train loss=0.0002 top1=1.000 | val loss=0.0154 | t=0.1s
[finetune_replay] ep  69/90 | train loss=0.0003 top1=1.000 | val loss=0.0168 | t=0.1s
[finetune_replay] ep  70/90 | train loss=0.0003 top1=1.000 | val loss=0.0162 | t=0.1s
[finetune_replay] ep  71/90 | train loss=0.0002 top1=1.000 | val loss=0.0170 | t=0.1s
[finetune_replay] ep  72/90 | train loss=0.0002 top1=1.000 | val loss=0.0174 | t=0.1s
[finetune_replay] ep  73/90 | train loss=0.0003 top1=1.000 | val loss=0.0166 | t=0.1s
[finetune_replay] ep  74/90 | train loss=0.0003 top1=1.000 | val loss=0.0163 | t=0.1s
[finetune_replay] ep  75/90 | train loss=0.0003 top1=1.000 | val loss=0.0159 | t=0.1s
[finetune_replay] ep  76/90 | train loss=0.0003 top1=1.000 | val loss=0.0169 | t=0.1s
[finetune_replay] ep  77/90 | train loss=0.0003 top1=1.000 | val loss=0.0174 | t=0.1s
[finetune_replay] ep  78/90 | train loss=0.0003 top1=1.000 | val loss=0.0170 | t=0.1s
[finetune_replay] ep  79/90 | train loss=0.0002 top1=1.000 | val loss=0.0186 | t=0.1s
[finetune_replay] ep  80/90 | train loss=0.0002 top1=1.000 | val loss=0.0195 | t=0.1s
[finetune_replay] ep  81/90 | train loss=0.0002 top1=1.000 | val loss=0.0212 | t=0.2s
[finetune_replay] ep  82/90 | train loss=0.0003 top1=1.000 | val loss=0.0195 | t=0.1s
[finetune_replay] ep  83/90 | train loss=0.0003 top1=1.000 | val loss=0.0192 | t=0.1s
[finetune_replay] ep  84/90 | train loss=0.0003 top1=1.000 | val loss=0.0201 | t=0.1s
[finetune_replay] ep  85/90 | train loss=0.0003 top1=1.000 | val loss=0.0184 | t=0.1s
[finetune_replay] ep  86/90 | train loss=0.0002 top1=1.000 | val loss=0.0186 | t=0.1s
[finetune_replay] ep  87/90 | train loss=0.0003 top1=1.000 | val loss=0.0174 | t=0.1s
[finetune_replay] ep  88/90 | train loss=0.0002 top1=1.000 | val loss=0.0176 | t=0.1s
[finetune_replay] ep  89/90 | train loss=0.0003 top1=1.000 | val loss=0.0201 | t=0.1s
[finetune_replay] ep  90/90 | train loss=0.0003 top1=1.000 | val loss=0.0197 | t=0.1s
[finetune_replay] DONE best_val_loss=0.0034 @ epoch 5
[15:27:49] [uncertainty] member 1: $ /home/s226137394/.conda/envs/maze/bin/python3 -u -m Equivariant_pathway.equivariant_CNN_hybrid.baseline_vs_p4.pool_x_selector.trainer.finetune_replay --demo_dir /weka/s226137394/DmNfull/Equivariant_pathway/equivariant_CNN_hybrid/baseline_vs_p4/pool_x_selector/results/run_9/thrifty_dagger/demos --checkpoint_dir /weka/s226137394/DmNfull/Equivariant_pathway/equivariant_CNN_hybrid/baseline_vs_p4/pool_x_selector/results/run_9/thrifty_dagger/checkpoints/member_1 --epochs 90 --batch_size 64 --lr 5e-05 --weight_decay 0.0001 --replay_mix 0.5 --replay_mix_floor 0.2 --seed 110 --resume --new_demos_dir /weka/s226137394/DmNfull/Equivariant_pathway/equivariant_CNN_hybrid/baseline_vs_p4/pool_x_selector/results/run_9/thrifty_dagger/demos/round_015
[finetune_replay] device=cuda demo_dir=/weka/s226137394/DmNfull/Equivariant_pathway/equivariant_CNN_hybrid/baseline_vs_p4/pool_x_selector/results/run_9/thrifty_dagger/demos new_demos_dir=/weka/s226137394/DmNfull/Equivariant_pathway/equivariant_CNN_hybrid/baseline_vs_p4/pool_x_selector/results/run_9/thrifty_dagger/demos/round_015
[hybrid-dataset] 34 demos -> 168 samples
[hybrid-dataset] 1 demos -> 7 samples
[finetune_replay] sampler audit: {'n_old_samples': 168, 'n_new_samples': 7, 'replay_mix_target': 0.5, 'replay_mix_effective': 0.5, 'replay_mix_floor': 0.2}
[finetune_replay] trainable params: 1,400,028
[finetune_replay] WARM START from last_hybrid_policy.pth
[finetune_replay] ep   1/90 | train loss=0.1164 top1=0.981 | val loss=0.0056 | t=0.9s  *
[finetune_replay] ep   2/90 | train loss=0.0254 top1=1.000 | val loss=0.0018 | t=0.3s  *
[finetune_replay] ep   3/90 | train loss=0.0075 top1=1.000 | val loss=0.0018 | t=0.1s  *
[finetune_replay] ep   4/90 | train loss=0.0050 top1=1.000 | val loss=0.0013 | t=0.1s  *
[finetune_replay] ep   5/90 | train loss=0.0035 top1=1.000 | val loss=0.0059 | t=0.1s
[finetune_replay] ep   6/90 | train loss=0.0025 top1=1.000 | val loss=0.0102 | t=0.1s
[finetune_replay] ep   7/90 | train loss=0.0020 top1=1.000 | val loss=0.0025 | t=0.2s
[finetune_replay] ep   8/90 | train loss=0.0083 top1=0.994 | val loss=0.0016 | t=0.1s
[finetune_replay] ep   9/90 | train loss=0.0050 top1=1.000 | val loss=0.0011 | t=0.1s  *
[finetune_replay] ep  10/90 | train loss=0.0053 top1=0.994 | val loss=0.0030 | t=0.1s
[finetune_replay] ep  11/90 | train loss=0.0036 top1=1.000 | val loss=0.0008 | t=0.1s  *
[finetune_replay] ep  12/90 | train loss=0.0019 top1=1.000 | val loss=0.0016 | t=0.1s
[finetune_replay] ep  13/90 | train loss=0.0023 top1=1.000 | val loss=0.0005 | t=0.2s  *
[finetune_replay] ep  14/90 | train loss=0.0008 top1=1.000 | val loss=0.0006 | t=0.1s
[finetune_replay] ep  15/90 | train loss=0.0009 top1=1.000 | val loss=0.0006 | t=0.1s
[finetune_replay] ep  16/90 | train loss=0.0009 top1=1.000 | val loss=0.0005 | t=0.1s  *
[finetune_replay] ep  17/90 | train loss=0.0009 top1=1.000 | val loss=0.0005 | t=0.1s  *
[finetune_replay] ep  18/90 | train loss=0.0006 top1=1.000 | val loss=0.0005 | t=0.1s
[finetune_replay] ep  19/90 | train loss=0.0007 top1=1.000 | val loss=0.0005 | t=0.1s
[finetune_replay] ep  20/90 | train loss=0.0006 top1=1.000 | val loss=0.0005 | t=0.1s
[finetune_replay] ep  21/90 | train loss=0.0007 top1=1.000 | val loss=0.0006 | t=0.1s
[finetune_replay] ep  22/90 | train loss=0.0006 top1=1.000 | val loss=0.0005 | t=0.1s
[finetune_replay] ep  23/90 | train loss=0.0006 top1=1.000 | val loss=0.0005 | t=0.1s
[finetune_replay] ep  24/90 | train loss=0.0005 top1=1.000 | val loss=0.0005 | t=0.1s
[finetune_replay] ep  25/90 | train loss=0.0005 top1=1.000 | val loss=0.0005 | t=0.1s
[finetune_replay] ep  26/90 | train loss=0.0006 top1=1.000 | val loss=0.0006 | t=0.1s
[finetune_replay] ep  27/90 | train loss=0.0005 top1=1.000 | val loss=0.0006 | t=0.1s
[finetune_replay] ep  28/90 | train loss=0.0004 top1=1.000 | val loss=0.0005 | t=0.1s
[finetune_replay] ep  29/90 | train loss=0.0004 top1=1.000 | val loss=0.0005 | t=0.1s
[finetune_replay] ep  30/90 | train loss=0.0006 top1=1.000 | val loss=0.0006 | t=0.1s
[finetune_replay] ep  31/90 | train loss=0.0005 top1=1.000 | val loss=0.0006 | t=0.1s
[finetune_replay] ep  32/90 | train loss=0.0004 top1=1.000 | val loss=0.0006 | t=0.1s
[finetune_replay] ep  33/90 | train loss=0.0004 top1=1.000 | val loss=0.0005 | t=0.1s
[finetune_replay] ep  34/90 | train loss=0.0004 top1=1.000 | val loss=0.0005 | t=0.1s
[finetune_replay] ep  35/90 | train loss=0.0003 top1=1.000 | val loss=0.0005 | t=0.1s
[finetune_replay] ep  36/90 | train loss=0.0004 top1=1.000 | val loss=0.0005 | t=0.1s
[finetune_replay] ep  37/90 | train loss=0.0004 top1=1.000 | val loss=0.0006 | t=0.1s
[finetune_replay] ep  38/90 | train loss=0.0004 top1=1.000 | val loss=0.0006 | t=0.1s
[finetune_replay] ep  39/90 | train loss=0.0003 top1=1.000 | val loss=0.0006 | t=0.1s
[finetune_replay] ep  40/90 | train loss=0.0004 top1=1.000 | val loss=0.0006 | t=0.1s
[finetune_replay] ep  41/90 | train loss=0.0004 top1=1.000 | val loss=0.0006 | t=0.1s
[finetune_replay] ep  42/90 | train loss=0.0004 top1=1.000 | val loss=0.0006 | t=0.1s
[finetune_replay] ep  43/90 | train loss=0.0004 top1=1.000 | val loss=0.0006 | t=0.1s
[finetune_replay] ep  44/90 | train loss=0.0005 top1=1.000 | val loss=0.0006 | t=0.1s
[finetune_replay] ep  45/90 | train loss=0.0003 top1=1.000 | val loss=0.0006 | t=0.1s
[finetune_replay] ep  46/90 | train loss=0.0003 top1=1.000 | val loss=0.0006 | t=0.1s
[finetune_replay] ep  47/90 | train loss=0.0004 top1=1.000 | val loss=0.0007 | t=0.1s
[finetune_replay] ep  48/90 | train loss=0.0003 top1=1.000 | val loss=0.0006 | t=0.1s
[finetune_replay] ep  49/90 | train loss=0.0005 top1=1.000 | val loss=0.0006 | t=0.1s
[finetune_replay] ep  50/90 | train loss=0.0004 top1=1.000 | val loss=0.0005 | t=0.1s
[finetune_replay] ep  51/90 | train loss=0.0004 top1=1.000 | val loss=0.0005 | t=0.1s
[finetune_replay] ep  52/90 | train loss=0.0004 top1=1.000 | val loss=0.0005 | t=0.1s
[finetune_replay] ep  53/90 | train loss=0.0003 top1=1.000 | val loss=0.0006 | t=0.1s
[finetune_replay] ep  54/90 | train loss=0.0003 top1=1.000 | val loss=0.0006 | t=0.1s
[finetune_replay] ep  55/90 | train loss=0.0005 top1=1.000 | val loss=0.0006 | t=0.1s
[finetune_replay] ep  56/90 | train loss=0.0003 top1=1.000 | val loss=0.0005 | t=0.2s
[finetune_replay] ep  57/90 | train loss=0.0003 top1=1.000 | val loss=0.0005 | t=0.1s
[finetune_replay] ep  58/90 | train loss=0.0003 top1=1.000 | val loss=0.0005 | t=0.1s
[finetune_replay] ep  59/90 | train loss=0.0003 top1=1.000 | val loss=0.0005 | t=0.1s
[finetune_replay] ep  60/90 | train loss=0.0003 top1=1.000 | val loss=0.0005 | t=0.1s
[finetune_replay] ep  61/90 | train loss=0.0003 top1=1.000 | val loss=0.0005 | t=0.1s
[finetune_replay] ep  62/90 | train loss=0.0004 top1=1.000 | val loss=0.0005 | t=0.1s
[finetune_replay] ep  63/90 | train loss=0.0003 top1=1.000 | val loss=0.0005 | t=0.1s
[finetune_replay] ep  64/90 | train loss=0.0003 top1=1.000 | val loss=0.0005 | t=0.1s
[finetune_replay] ep  65/90 | train loss=0.0003 top1=1.000 | val loss=0.0005 | t=0.1s
[finetune_replay] ep  66/90 | train loss=0.0003 top1=1.000 | val loss=0.0005 | t=0.1s
[finetune_replay] ep  67/90 | train loss=0.0003 top1=1.000 | val loss=0.0005 | t=0.1s
[finetune_replay] ep  68/90 | train loss=0.0003 top1=1.000 | val loss=0.0005 | t=0.1s
[finetune_replay] ep  69/90 | train loss=0.0003 top1=1.000 | val loss=0.0005 | t=0.1s
[finetune_replay] ep  70/90 | train loss=0.0003 top1=1.000 | val loss=0.0006 | t=0.1s
[finetune_replay] ep  71/90 | train loss=0.0003 top1=1.000 | val loss=0.0006 | t=0.1s
[finetune_replay] ep  72/90 | train loss=0.0003 top1=1.000 | val loss=0.0005 | t=0.1s
[finetune_replay] ep  73/90 | train loss=0.0003 top1=1.000 | val loss=0.0006 | t=0.1s
[finetune_replay] ep  74/90 | train loss=0.0003 top1=1.000 | val loss=0.0005 | t=0.1s
[finetune_replay] ep  75/90 | train loss=0.0003 top1=1.000 | val loss=0.0005 | t=0.1s
[finetune_replay] ep  76/90 | train loss=0.0003 top1=1.000 | val loss=0.0005 | t=0.1s
[finetune_replay] ep  77/90 | train loss=0.0002 top1=1.000 | val loss=0.0005 | t=0.1s
[finetune_replay] ep  78/90 | train loss=0.0004 top1=1.000 | val loss=0.0005 | t=0.1s
[finetune_replay] ep  79/90 | train loss=0.0003 top1=1.000 | val loss=0.0005 | t=0.1s
[finetune_replay] ep  80/90 | train loss=0.0003 top1=1.000 | val loss=0.0005 | t=0.1s
[finetune_replay] ep  81/90 | train loss=0.0002 top1=1.000 | val loss=0.0005 | t=0.1s
[finetune_replay] ep  82/90 | train loss=0.0003 top1=1.000 | val loss=0.0005 | t=0.2s
[finetune_replay] ep  83/90 | train loss=0.0004 top1=1.000 | val loss=0.0005 | t=0.1s
[finetune_replay] ep  84/90 | train loss=0.0003 top1=1.000 | val loss=0.0005 | t=0.1s
[finetune_replay] ep  85/90 | train loss=0.0003 top1=1.000 | val loss=0.0005 | t=0.1s
[finetune_replay] ep  86/90 | train loss=0.0003 top1=1.000 | val loss=0.0005 | t=0.1s
[finetune_replay] ep  87/90 | train loss=0.0003 top1=1.000 | val loss=0.0005 | t=0.1s
[finetune_replay] ep  88/90 | train loss=0.0003 top1=1.000 | val loss=0.0005 | t=0.1s
[finetune_replay] ep  89/90 | train loss=0.0003 top1=1.000 | val loss=0.0005 | t=0.1s
[finetune_replay] ep  90/90 | train loss=0.0003 top1=1.000 | val loss=0.0005 | t=0.1s
[finetune_replay] DONE best_val_loss=0.0005 @ epoch 17
[15:28:15] [uncertainty] member 2: $ /home/s226137394/.conda/envs/maze/bin/python3 -u -m Equivariant_pathway.equivariant_CNN_hybrid.baseline_vs_p4.pool_x_selector.trainer.finetune_replay --demo_dir /weka/s226137394/DmNfull/Equivariant_pathway/equivariant_CNN_hybrid/baseline_vs_p4/pool_x_selector/results/run_9/thrifty_dagger/demos --checkpoint_dir /weka/s226137394/DmNfull/Equivariant_pathway/equivariant_CNN_hybrid/baseline_vs_p4/pool_x_selector/results/run_9/thrifty_dagger/checkpoints/member_2 --epochs 90 --batch_size 64 --lr 5e-05 --weight_decay 0.0001 --replay_mix 0.5 --replay_mix_floor 0.2 --seed 211 --resume --new_demos_dir /weka/s226137394/DmNfull/Equivariant_pathway/equivariant_CNN_hybrid/baseline_vs_p4/pool_x_selector/results/run_9/thrifty_dagger/demos/round_015
[finetune_replay] device=cuda demo_dir=/weka/s226137394/DmNfull/Equivariant_pathway/equivariant_CNN_hybrid/baseline_vs_p4/pool_x_selector/results/run_9/thrifty_dagger/demos new_demos_dir=/weka/s226137394/DmNfull/Equivariant_pathway/equivariant_CNN_hybrid/baseline_vs_p4/pool_x_selector/results/run_9/thrifty_dagger/demos/round_015
[hybrid-dataset] 34 demos -> 168 samples
[hybrid-dataset] 1 demos -> 7 samples
[finetune_replay] sampler audit: {'n_old_samples': 168, 'n_new_samples': 7, 'replay_mix_target': 0.5, 'replay_mix_effective': 0.5, 'replay_mix_floor': 0.2}
[finetune_replay] trainable params: 1,400,028
[finetune_replay] WARM START from last_hybrid_policy.pth
[finetune_replay] ep   1/90 | train loss=0.1567 top1=0.930 | val loss=0.0052 | t=0.8s  *
[finetune_replay] ep   2/90 | train loss=0.0205 top1=1.000 | val loss=0.0203 | t=0.2s
[finetune_replay] ep   3/90 | train loss=0.0159 top1=1.000 | val loss=0.0034 | t=0.1s  *
[finetune_replay] ep   4/90 | train loss=0.0110 top1=1.000 | val loss=0.0022 | t=0.2s  *
[finetune_replay] ep   5/90 | train loss=0.0114 top1=1.000 | val loss=0.0394 | t=0.1s
[finetune_replay] ep   6/90 | train loss=0.0059 top1=1.000 | val loss=0.0372 | t=0.1s
[finetune_replay] ep   7/90 | train loss=0.0035 top1=1.000 | val loss=0.0041 | t=0.2s
[finetune_replay] ep   8/90 | train loss=0.0016 top1=1.000 | val loss=0.0027 | t=0.1s
[finetune_replay] ep   9/90 | train loss=0.0059 top1=1.000 | val loss=0.0020 | t=0.1s  *
[finetune_replay] ep  10/90 | train loss=0.0034 top1=1.000 | val loss=0.0031 | t=0.1s
[finetune_replay] ep  11/90 | train loss=0.0032 top1=1.000 | val loss=0.0020 | t=0.1s  *
[finetune_replay] ep  12/90 | train loss=0.0011 top1=1.000 | val loss=0.0020 | t=0.1s  *
[finetune_replay] ep  13/90 | train loss=0.0008 top1=1.000 | val loss=0.0025 | t=0.1s
[finetune_replay] ep  14/90 | train loss=0.0008 top1=1.000 | val loss=0.0025 | t=0.1s
[finetune_replay] ep  15/90 | train loss=0.0007 top1=1.000 | val loss=0.0022 | t=0.1s
[finetune_replay] ep  16/90 | train loss=0.0008 top1=1.000 | val loss=0.0018 | t=0.1s  *
[finetune_replay] ep  17/90 | train loss=0.0005 top1=1.000 | val loss=0.0016 | t=0.1s  *
[finetune_replay] ep  18/90 | train loss=0.0006 top1=1.000 | val loss=0.0017 | t=0.1s
[finetune_replay] ep  19/90 | train loss=0.0009 top1=1.000 | val loss=0.0021 | t=0.1s
[finetune_replay] ep  20/90 | train loss=0.0006 top1=1.000 | val loss=0.0020 | t=0.1s
[finetune_replay] ep  21/90 | train loss=0.0006 top1=1.000 | val loss=0.0015 | t=0.1s  *
[finetune_replay] ep  22/90 | train loss=0.0005 top1=1.000 | val loss=0.0014 | t=0.1s  *
[finetune_replay] ep  23/90 | train loss=0.0004 top1=1.000 | val loss=0.0014 | t=0.1s
[finetune_replay] ep  24/90 | train loss=0.0004 top1=1.000 | val loss=0.0014 | t=0.1s  *
[finetune_replay] ep  25/90 | train loss=0.0010 top1=1.000 | val loss=0.0017 | t=0.1s
[finetune_replay] ep  26/90 | train loss=0.0004 top1=1.000 | val loss=0.0023 | t=0.1s
[finetune_replay] ep  27/90 | train loss=0.0006 top1=1.000 | val loss=0.0024 | t=0.1s
[finetune_replay] ep  28/90 | train loss=0.0004 top1=1.000 | val loss=0.0022 | t=0.1s
[finetune_replay] ep  29/90 | train loss=0.0006 top1=1.000 | val loss=0.0018 | t=0.1s
[finetune_replay] ep  30/90 | train loss=0.0004 top1=1.000 | val loss=0.0014 | t=0.1s
[finetune_replay] ep  31/90 | train loss=0.0004 top1=1.000 | val loss=0.0013 | t=0.1s  *
[finetune_replay] ep  32/90 | train loss=0.0008 top1=1.000 | val loss=0.0016 | t=0.1s
[finetune_replay] ep  33/90 | train loss=0.0006 top1=1.000 | val loss=0.0063 | t=0.1s
[finetune_replay] ep  34/90 | train loss=0.0010 top1=1.000 | val loss=0.0028 | t=0.1s
[finetune_replay] ep  35/90 | train loss=0.0005 top1=1.000 | val loss=0.0019 | t=0.1s
[finetune_replay] ep  36/90 | train loss=0.0005 top1=1.000 | val loss=0.0017 | t=0.1s
[finetune_replay] ep  37/90 | train loss=0.0004 top1=1.000 | val loss=0.0018 | t=0.1s
[finetune_replay] ep  38/90 | train loss=0.0005 top1=1.000 | val loss=0.0021 | t=0.1s
[finetune_replay] ep  39/90 | train loss=0.0003 top1=1.000 | val loss=0.0023 | t=0.1s
[finetune_replay] ep  40/90 | train loss=0.0004 top1=1.000 | val loss=0.0023 | t=0.1s
[finetune_replay] ep  41/90 | train loss=0.0004 top1=1.000 | val loss=0.0022 | t=0.1s
[finetune_replay] ep  42/90 | train loss=0.0004 top1=1.000 | val loss=0.0020 | t=0.1s
[finetune_replay] ep  43/90 | train loss=0.0005 top1=1.000 | val loss=0.0021 | t=0.1s
[finetune_replay] ep  44/90 | train loss=0.0003 top1=1.000 | val loss=0.0022 | t=0.1s
[finetune_replay] ep  45/90 | train loss=0.0003 top1=1.000 | val loss=0.0023 | t=0.1s
[finetune_replay] ep  46/90 | train loss=0.0004 top1=1.000 | val loss=0.0023 | t=0.1s
[finetune_replay] ep  47/90 | train loss=0.0003 top1=1.000 | val loss=0.0022 | t=0.1s
[finetune_replay] ep  48/90 | train loss=0.0003 top1=1.000 | val loss=0.0021 | t=0.1s
[finetune_replay] ep  49/90 | train loss=0.0003 top1=1.000 | val loss=0.0021 | t=0.1s
[finetune_replay] ep  50/90 | train loss=0.0003 top1=1.000 | val loss=0.0022 | t=0.1s
[finetune_replay] ep  51/90 | train loss=0.0004 top1=1.000 | val loss=0.0022 | t=0.1s
[finetune_replay] ep  52/90 | train loss=0.0003 top1=1.000 | val loss=0.0021 | t=0.1s
[finetune_replay] ep  53/90 | train loss=0.0003 top1=1.000 | val loss=0.0019 | t=0.1s
[finetune_replay] ep  54/90 | train loss=0.0003 top1=1.000 | val loss=0.0018 | t=0.2s
[finetune_replay] ep  55/90 | train loss=0.0003 top1=1.000 | val loss=0.0017 | t=0.1s
[finetune_replay] ep  56/90 | train loss=0.0004 top1=1.000 | val loss=0.0018 | t=0.1s
[finetune_replay] ep  57/90 | train loss=0.0003 top1=1.000 | val loss=0.0018 | t=0.1s
[finetune_replay] ep  58/90 | train loss=0.0003 top1=1.000 | val loss=0.0018 | t=0.1s
[finetune_replay] ep  59/90 | train loss=0.0003 top1=1.000 | val loss=0.0019 | t=0.1s
[finetune_replay] ep  60/90 | train loss=0.0003 top1=1.000 | val loss=0.0018 | t=0.1s
[finetune_replay] ep  61/90 | train loss=0.0003 top1=1.000 | val loss=0.0018 | t=0.1s
[finetune_replay] ep  62/90 | train loss=0.0004 top1=1.000 | val loss=0.0017 | t=0.1s
[finetune_replay] ep  63/90 | train loss=0.0003 top1=1.000 | val loss=0.0017 | t=0.1s
[finetune_replay] ep  64/90 | train loss=0.0002 top1=1.000 | val loss=0.0017 | t=0.1s
[finetune_replay] ep  65/90 | train loss=0.0003 top1=1.000 | val loss=0.0018 | t=0.2s
[finetune_replay] ep  66/90 | train loss=0.0004 top1=1.000 | val loss=0.0018 | t=0.1s
[finetune_replay] ep  67/90 | train loss=0.0003 top1=1.000 | val loss=0.0020 | t=0.1s
[finetune_replay] ep  68/90 | train loss=0.0002 top1=1.000 | val loss=0.0019 | t=0.1s
[finetune_replay] ep  69/90 | train loss=0.0003 top1=1.000 | val loss=0.0020 | t=0.1s
[finetune_replay] ep  70/90 | train loss=0.0003 top1=1.000 | val loss=0.0019 | t=0.1s
[finetune_replay] ep  71/90 | train loss=0.0003 top1=1.000 | val loss=0.0019 | t=0.1s
[finetune_replay] ep  72/90 | train loss=0.0003 top1=1.000 | val loss=0.0018 | t=0.1s
[finetune_replay] ep  73/90 | train loss=0.0003 top1=1.000 | val loss=0.0018 | t=0.1s
[finetune_replay] ep  74/90 | train loss=0.0003 top1=1.000 | val loss=0.0017 | t=0.1s
[finetune_replay] ep  75/90 | train loss=0.0003 top1=1.000 | val loss=0.0017 | t=0.1s
[finetune_replay] ep  76/90 | train loss=0.0003 top1=1.000 | val loss=0.0017 | t=0.1s
[finetune_replay] ep  77/90 | train loss=0.0003 top1=1.000 | val loss=0.0017 | t=0.1s
[finetune_replay] ep  78/90 | train loss=0.0003 top1=1.000 | val loss=0.0018 | t=0.2s
[finetune_replay] ep  79/90 | train loss=0.0004 top1=1.000 | val loss=0.0017 | t=0.1s
[finetune_replay] ep  80/90 | train loss=0.0003 top1=1.000 | val loss=0.0018 | t=0.1s
[finetune_replay] ep  81/90 | train loss=0.0003 top1=1.000 | val loss=0.0017 | t=0.1s
[finetune_replay] ep  82/90 | train loss=0.0004 top1=1.000 | val loss=0.0018 | t=0.1s
[finetune_replay] ep  83/90 | train loss=0.0003 top1=1.000 | val loss=0.0017 | t=0.1s
[finetune_replay] ep  84/90 | train loss=0.0003 top1=1.000 | val loss=0.0018 | t=0.1s
[finetune_replay] ep  85/90 | train loss=0.0003 top1=1.000 | val loss=0.0018 | t=0.1s
[finetune_replay] ep  86/90 | train loss=0.0003 top1=1.000 | val loss=0.0018 | t=0.1s
[finetune_replay] ep  87/90 | train loss=0.0002 top1=1.000 | val loss=0.0018 | t=0.1s
[finetune_replay] ep  88/90 | train loss=0.0003 top1=1.000 | val loss=0.0018 | t=0.1s
[finetune_replay] ep  89/90 | train loss=0.0003 top1=1.000 | val loss=0.0018 | t=0.1s
[finetune_replay] ep  90/90 | train loss=0.0003 top1=1.000 | val loss=0.0018 | t=0.1s
[finetune_replay] DONE best_val_loss=0.0013 @ epoch 31
[15:28:41] [uncertainty] member 3: $ /home/s226137394/.conda/envs/maze/bin/python3 -u -m Equivariant_pathway.equivariant_CNN_hybrid.baseline_vs_p4.pool_x_selector.trainer.finetune_replay --demo_dir /weka/s226137394/DmNfull/Equivariant_pathway/equivariant_CNN_hybrid/baseline_vs_p4/pool_x_selector/results/run_9/thrifty_dagger/demos --checkpoint_dir /weka/s226137394/DmNfull/Equivariant_pathway/equivariant_CNN_hybrid/baseline_vs_p4/pool_x_selector/results/run_9/thrifty_dagger/checkpoints/member_3 --epochs 90 --batch_size 64 --lr 5e-05 --weight_decay 0.0001 --replay_mix 0.5 --replay_mix_floor 0.2 --seed 312 --resume --new_demos_dir /weka/s226137394/DmNfull/Equivariant_pathway/equivariant_CNN_hybrid/baseline_vs_p4/pool_x_selector/results/run_9/thrifty_dagger/demos/round_015
[finetune_replay] device=cuda demo_dir=/weka/s226137394/DmNfull/Equivariant_pathway/equivariant_CNN_hybrid/baseline_vs_p4/pool_x_selector/results/run_9/thrifty_dagger/demos new_demos_dir=/weka/s226137394/DmNfull/Equivariant_pathway/equivariant_CNN_hybrid/baseline_vs_p4/pool_x_selector/results/run_9/thrifty_dagger/demos/round_015
[hybrid-dataset] 34 demos -> 168 samples
[hybrid-dataset] 1 demos -> 7 samples
[finetune_replay] sampler audit: {'n_old_samples': 168, 'n_new_samples': 7, 'replay_mix_target': 0.5, 'replay_mix_effective': 0.5, 'replay_mix_floor': 0.2}
[finetune_replay] trainable params: 1,400,028
[finetune_replay] WARM START from last_hybrid_policy.pth
[finetune_replay] ep   1/90 | train loss=0.2079 top1=0.975 | val loss=0.0052 | t=0.9s  *
[finetune_replay] ep   2/90 | train loss=0.0582 top1=1.000 | val loss=0.0005 | t=0.3s  *
[finetune_replay] ep   3/90 | train loss=0.0239 top1=1.000 | val loss=0.0011 | t=0.1s
[finetune_replay] ep   4/90 | train loss=0.0275 top1=0.994 | val loss=0.0032 | t=0.1s
[finetune_replay] ep   5/90 | train loss=0.0114 top1=1.000 | val loss=0.0031 | t=0.1s
[finetune_replay] ep   6/90 | train loss=0.0053 top1=1.000 | val loss=0.0046 | t=0.1s
[finetune_replay] ep   7/90 | train loss=0.0099 top1=1.000 | val loss=0.0013 | t=0.1s
[finetune_replay] ep   8/90 | train loss=0.0029 top1=1.000 | val loss=0.0018 | t=0.1s
[finetune_replay] ep   9/90 | train loss=0.0104 top1=0.994 | val loss=0.0017 | t=0.1s
[finetune_replay] ep  10/90 | train loss=0.0015 top1=1.000 | val loss=0.0050 | t=0.1s
[finetune_replay] ep  11/90 | train loss=0.0032 top1=1.000 | val loss=0.0088 | t=0.1s
[finetune_replay] ep  12/90 | train loss=0.0028 top1=1.000 | val loss=0.0017 | t=0.1s
[finetune_replay] ep  13/90 | train loss=0.0013 top1=1.000 | val loss=0.0051 | t=0.1s
[finetune_replay] ep  14/90 | train loss=0.0010 top1=1.000 | val loss=0.0077 | t=0.2s
[finetune_replay] ep  15/90 | train loss=0.0009 top1=1.000 | val loss=0.0051 | t=0.1s
[finetune_replay] ep  16/90 | train loss=0.0008 top1=1.000 | val loss=0.0038 | t=0.1s
[finetune_replay] ep  17/90 | train loss=0.0009 top1=1.000 | val loss=0.0045 | t=0.1s
[finetune_replay] ep  18/90 | train loss=0.0006 top1=1.000 | val loss=0.0046 | t=0.1s
[finetune_replay] ep  19/90 | train loss=0.0007 top1=1.000 | val loss=0.0041 | t=0.1s
[finetune_replay] ep  20/90 | train loss=0.0008 top1=1.000 | val loss=0.0045 | t=0.1s
[finetune_replay] ep  21/90 | train loss=0.0007 top1=1.000 | val loss=0.0052 | t=0.2s
[finetune_replay] ep  22/90 | train loss=0.0006 top1=1.000 | val loss=0.0060 | t=0.1s
[finetune_replay] ep  23/90 | train loss=0.0005 top1=1.000 | val loss=0.0054 | t=0.1s
[finetune_replay] ep  24/90 | train loss=0.0006 top1=1.000 | val loss=0.0054 | t=0.1s
[finetune_replay] ep  25/90 | train loss=0.0006 top1=1.000 | val loss=0.0050 | t=0.1s
[finetune_replay] ep  26/90 | train loss=0.0006 top1=1.000 | val loss=0.0042 | t=0.1s
[finetune_replay] ep  27/90 | train loss=0.0005 top1=1.000 | val loss=0.0042 | t=0.1s
[finetune_replay] ep  28/90 | train loss=0.0006 top1=1.000 | val loss=0.0047 | t=0.1s
[finetune_replay] ep  29/90 | train loss=0.0005 top1=1.000 | val loss=0.0047 | t=0.1s
[finetune_replay] ep  30/90 | train loss=0.0005 top1=1.000 | val loss=0.0046 | t=0.1s
[finetune_replay] ep  31/90 | train loss=0.0005 top1=1.000 | val loss=0.0043 | t=0.1s
[finetune_replay] ep  32/90 | train loss=0.0004 top1=1.000 | val loss=0.0043 | t=0.1s
[finetune_replay] ep  33/90 | train loss=0.0005 top1=1.000 | val loss=0.0036 | t=0.1s
[finetune_replay] ep  34/90 | train loss=0.0005 top1=1.000 | val loss=0.0033 | t=0.1s
[finetune_replay] ep  35/90 | train loss=0.0004 top1=1.000 | val loss=0.0031 | t=0.1s
[finetune_replay] ep  36/90 | train loss=0.0005 top1=1.000 | val loss=0.0031 | t=0.1s
[finetune_replay] ep  37/90 | train loss=0.0005 top1=1.000 | val loss=0.0035 | t=0.1s
[finetune_replay] ep  38/90 | train loss=0.0004 top1=1.000 | val loss=0.0039 | t=0.1s
[finetune_replay] ep  39/90 | train loss=0.0004 top1=1.000 | val loss=0.0041 | t=0.1s
[finetune_replay] ep  40/90 | train loss=0.0005 top1=1.000 | val loss=0.0045 | t=0.1s
[finetune_replay] ep  41/90 | train loss=0.0004 top1=1.000 | val loss=0.0047 | t=0.1s
[finetune_replay] ep  42/90 | train loss=0.0003 top1=1.000 | val loss=0.0047 | t=0.1s
[finetune_replay] ep  43/90 | train loss=0.0005 top1=1.000 | val loss=0.0050 | t=0.1s
[finetune_replay] ep  44/90 | train loss=0.0004 top1=1.000 | val loss=0.0054 | t=0.1s
[finetune_replay] ep  45/90 | train loss=0.0004 top1=1.000 | val loss=0.0053 | t=0.1s
[finetune_replay] ep  46/90 | train loss=0.0003 top1=1.000 | val loss=0.0047 | t=0.1s
[finetune_replay] ep  47/90 | train loss=0.0004 top1=1.000 | val loss=0.0049 | t=0.1s
[finetune_replay] ep  48/90 | train loss=0.0004 top1=1.000 | val loss=0.0051 | t=0.1s
[finetune_replay] ep  49/90 | train loss=0.0004 top1=1.000 | val loss=0.0056 | t=0.1s
[finetune_replay] ep  50/90 | train loss=0.0004 top1=1.000 | val loss=0.0059 | t=0.1s
[finetune_replay] ep  51/90 | train loss=0.0004 top1=1.000 | val loss=0.0056 | t=0.1s
[finetune_replay] ep  52/90 | train loss=0.0003 top1=1.000 | val loss=0.0048 | t=0.1s
[finetune_replay] ep  53/90 | train loss=0.0003 top1=1.000 | val loss=0.0042 | t=0.1s
[finetune_replay] ep  54/90 | train loss=0.0004 top1=1.000 | val loss=0.0043 | t=0.1s
[finetune_replay] ep  55/90 | train loss=0.0003 top1=1.000 | val loss=0.0043 | t=0.1s
[finetune_replay] ep  56/90 | train loss=0.0004 top1=1.000 | val loss=0.0046 | t=0.1s
[finetune_replay] ep  57/90 | train loss=0.0005 top1=1.000 | val loss=0.0050 | t=0.1s
[finetune_replay] ep  58/90 | train loss=0.0003 top1=1.000 | val loss=0.0053 | t=0.1s
[finetune_replay] ep  59/90 | train loss=0.0003 top1=1.000 | val loss=0.0049 | t=0.1s
[finetune_replay] ep  60/90 | train loss=0.0004 top1=1.000 | val loss=0.0053 | t=0.1s
[finetune_replay] ep  61/90 | train loss=0.0004 top1=1.000 | val loss=0.0055 | t=0.1s
[finetune_replay] ep  62/90 | train loss=0.0003 top1=1.000 | val loss=0.0053 | t=0.1s
[finetune_replay] ep  63/90 | train loss=0.0003 top1=1.000 | val loss=0.0050 | t=0.1s
[finetune_replay] ep  64/90 | train loss=0.0003 top1=1.000 | val loss=0.0048 | t=0.1s
[finetune_replay] ep  65/90 | train loss=0.0003 top1=1.000 | val loss=0.0045 | t=0.1s
[finetune_replay] ep  66/90 | train loss=0.0004 top1=1.000 | val loss=0.0045 | t=0.1s
[finetune_replay] ep  67/90 | train loss=0.0004 top1=1.000 | val loss=0.0049 | t=0.1s
[finetune_replay] ep  68/90 | train loss=0.0004 top1=1.000 | val loss=0.0050 | t=0.1s
[finetune_replay] ep  69/90 | train loss=0.0003 top1=1.000 | val loss=0.0050 | t=0.1s
[finetune_replay] ep  70/90 | train loss=0.0003 top1=1.000 | val loss=0.0049 | t=0.1s
[finetune_replay] ep  71/90 | train loss=0.0004 top1=1.000 | val loss=0.0041 | t=0.1s
[finetune_replay] ep  72/90 | train loss=0.0003 top1=1.000 | val loss=0.0041 | t=0.1s
[finetune_replay] ep  73/90 | train loss=0.0004 top1=1.000 | val loss=0.0042 | t=0.1s
[finetune_replay] ep  74/90 | train loss=0.0004 top1=1.000 | val loss=0.0044 | t=0.1s
[finetune_replay] ep  75/90 | train loss=0.0003 top1=1.000 | val loss=0.0044 | t=0.1s
[finetune_replay] ep  76/90 | train loss=0.0004 top1=1.000 | val loss=0.0046 | t=0.1s
[finetune_replay] ep  77/90 | train loss=0.0004 top1=1.000 | val loss=0.0047 | t=0.1s
[finetune_replay] ep  78/90 | train loss=0.0003 top1=1.000 | val loss=0.0046 | t=0.1s
[finetune_replay] ep  79/90 | train loss=0.0003 top1=1.000 | val loss=0.0044 | t=0.1s
[finetune_replay] ep  80/90 | train loss=0.0003 top1=1.000 | val loss=0.0046 | t=0.1s
[finetune_replay] ep  81/90 | train loss=0.0004 top1=1.000 | val loss=0.0049 | t=0.1s
[finetune_replay] ep  82/90 | train loss=0.0003 top1=1.000 | val loss=0.0049 | t=0.1s
[finetune_replay] ep  83/90 | train loss=0.0004 top1=1.000 | val loss=0.0048 | t=0.1s
[finetune_replay] ep  84/90 | train loss=0.0003 top1=1.000 | val loss=0.0049 | t=0.1s
[finetune_replay] ep  85/90 | train loss=0.0003 top1=1.000 | val loss=0.0047 | t=0.1s
[finetune_replay] ep  86/90 | train loss=0.0003 top1=1.000 | val loss=0.0047 | t=0.1s
[finetune_replay] ep  87/90 | train loss=0.0003 top1=1.000 | val loss=0.0049 | t=0.1s
[finetune_replay] ep  88/90 | train loss=0.0003 top1=1.000 | val loss=0.0050 | t=0.1s
[finetune_replay] ep  89/90 | train loss=0.0003 top1=1.000 | val loss=0.0048 | t=0.1s
[finetune_replay] ep  90/90 | train loss=0.0003 top1=1.000 | val loss=0.0049 | t=0.1s
[finetune_replay] DONE best_val_loss=0.0005 @ epoch 2
[15:29:06] [uncertainty] member 4: $ /home/s226137394/.conda/envs/maze/bin/python3 -u -m Equivariant_pathway.equivariant_CNN_hybrid.baseline_vs_p4.pool_x_selector.trainer.finetune_replay --demo_dir /weka/s226137394/DmNfull/Equivariant_pathway/equivariant_CNN_hybrid/baseline_vs_p4/pool_x_selector/results/run_9/thrifty_dagger/demos --checkpoint_dir /weka/s226137394/DmNfull/Equivariant_pathway/equivariant_CNN_hybrid/baseline_vs_p4/pool_x_selector/results/run_9/thrifty_dagger/checkpoints/member_4 --epochs 90 --batch_size 64 --lr 5e-05 --weight_decay 0.0001 --replay_mix 0.5 --replay_mix_floor 0.2 --seed 413 --resume --new_demos_dir /weka/s226137394/DmNfull/Equivariant_pathway/equivariant_CNN_hybrid/baseline_vs_p4/pool_x_selector/results/run_9/thrifty_dagger/demos/round_015
[finetune_replay] device=cuda demo_dir=/weka/s226137394/DmNfull/Equivariant_pathway/equivariant_CNN_hybrid/baseline_vs_p4/pool_x_selector/results/run_9/thrifty_dagger/demos new_demos_dir=/weka/s226137394/DmNfull/Equivariant_pathway/equivariant_CNN_hybrid/baseline_vs_p4/pool_x_selector/results/run_9/thrifty_dagger/demos/round_015
[hybrid-dataset] 34 demos -> 168 samples
[hybrid-dataset] 1 demos -> 7 samples
[finetune_replay] sampler audit: {'n_old_samples': 168, 'n_new_samples': 7, 'replay_mix_target': 0.5, 'replay_mix_effective': 0.5, 'replay_mix_floor': 0.2}
[finetune_replay] trainable params: 1,400,028
[finetune_replay] WARM START from last_hybrid_policy.pth
[finetune_replay] ep   1/90 | train loss=0.1377 top1=0.975 | val loss=0.0067 | t=1.0s  *
[finetune_replay] ep   2/90 | train loss=0.0746 top1=1.000 | val loss=0.0004 | t=0.2s  *
[finetune_replay] ep   3/90 | train loss=0.0110 top1=1.000 | val loss=0.0013 | t=0.1s
[finetune_replay] ep   4/90 | train loss=0.0123 top1=1.000 | val loss=0.0013 | t=0.1s
[finetune_replay] ep   5/90 | train loss=0.0103 top1=0.994 | val loss=0.0007 | t=0.1s
[finetune_replay] ep   6/90 | train loss=0.0072 top1=1.000 | val loss=0.0010 | t=0.2s
[finetune_replay] ep   7/90 | train loss=0.0020 top1=1.000 | val loss=0.0021 | t=0.1s
[finetune_replay] ep   8/90 | train loss=0.0065 top1=0.994 | val loss=0.0009 | t=0.1s
[finetune_replay] ep   9/90 | train loss=0.0021 top1=1.000 | val loss=0.0008 | t=0.1s
[finetune_replay] ep  10/90 | train loss=0.0020 top1=1.000 | val loss=0.0007 | t=0.1s
[finetune_replay] ep  11/90 | train loss=0.0013 top1=1.000 | val loss=0.0007 | t=0.1s
[finetune_replay] ep  12/90 | train loss=0.0013 top1=1.000 | val loss=0.0008 | t=0.1s
[finetune_replay] ep  13/90 | train loss=0.0018 top1=1.000 | val loss=0.0008 | t=0.1s
[finetune_replay] ep  14/90 | train loss=0.0010 top1=1.000 | val loss=0.0008 | t=0.2s
[finetune_replay] ep  15/90 | train loss=0.0015 top1=1.000 | val loss=0.0007 | t=0.1s
[finetune_replay] ep  16/90 | train loss=0.0009 top1=1.000 | val loss=0.0006 | t=0.1s
[finetune_replay] ep  17/90 | train loss=0.0007 top1=1.000 | val loss=0.0006 | t=0.1s
[finetune_replay] ep  18/90 | train loss=0.0008 top1=1.000 | val loss=0.0006 | t=0.1s
[finetune_replay] ep  19/90 | train loss=0.0005 top1=1.000 | val loss=0.0005 | t=0.1s
[finetune_replay] ep  20/90 | train loss=0.0005 top1=1.000 | val loss=0.0005 | t=0.1s
[finetune_replay] ep  21/90 | train loss=0.0006 top1=1.000 | val loss=0.0005 | t=0.1s
[finetune_replay] ep  22/90 | train loss=0.0006 top1=1.000 | val loss=0.0005 | t=0.1s
[finetune_replay] ep  23/90 | train loss=0.0006 top1=1.000 | val loss=0.0005 | t=0.1s
[finetune_replay] ep  24/90 | train loss=0.0008 top1=1.000 | val loss=0.0005 | t=0.1s
[finetune_replay] ep  25/90 | train loss=0.0005 top1=1.000 | val loss=0.0005 | t=0.1s
[finetune_replay] ep  26/90 | train loss=0.0007 top1=1.000 | val loss=0.0005 | t=0.1s
[finetune_replay] ep  27/90 | train loss=0.0006 top1=1.000 | val loss=0.0006 | t=0.1s
[finetune_replay] ep  28/90 | train loss=0.0005 top1=1.000 | val loss=0.0006 | t=0.1s
[finetune_replay] ep  29/90 | train loss=0.0005 top1=1.000 | val loss=0.0005 | t=0.1s
[finetune_replay] ep  30/90 | train loss=0.0007 top1=1.000 | val loss=0.0005 | t=0.1s
[finetune_replay] ep  31/90 | train loss=0.0006 top1=1.000 | val loss=0.0005 | t=0.1s
[finetune_replay] ep  32/90 | train loss=0.0005 top1=1.000 | val loss=0.0005 | t=0.1s
[finetune_replay] ep  33/90 | train loss=0.0004 top1=1.000 | val loss=0.0005 | t=0.1s
[finetune_replay] ep  34/90 | train loss=0.0004 top1=1.000 | val loss=0.0006 | t=0.1s
[finetune_replay] ep  35/90 | train loss=0.0007 top1=1.000 | val loss=0.0005 | t=0.1s
[finetune_replay] ep  36/90 | train loss=0.0005 top1=1.000 | val loss=0.0005 | t=0.1s
[finetune_replay] ep  37/90 | train loss=0.0005 top1=1.000 | val loss=0.0004 | t=0.1s
[finetune_replay] ep  38/90 | train loss=0.0006 top1=1.000 | val loss=0.0005 | t=0.1s
[finetune_replay] ep  39/90 | train loss=0.0005 top1=1.000 | val loss=0.0005 | t=0.1s
[finetune_replay] ep  40/90 | train loss=0.0004 top1=1.000 | val loss=0.0006 | t=0.1s
[finetune_replay] ep  41/90 | train loss=0.0004 top1=1.000 | val loss=0.0005 | t=0.1s
[finetune_replay] ep  42/90 | train loss=0.0004 top1=1.000 | val loss=0.0006 | t=0.1s
[finetune_replay] ep  43/90 | train loss=0.0005 top1=1.000 | val loss=0.0005 | t=0.1s
[finetune_replay] ep  44/90 | train loss=0.0004 top1=1.000 | val loss=0.0005 | t=0.1s
[finetune_replay] ep  45/90 | train loss=0.0005 top1=1.000 | val loss=0.0005 | t=0.1s
[finetune_replay] ep  46/90 | train loss=0.0005 top1=1.000 | val loss=0.0005 | t=0.1s
[finetune_replay] ep  47/90 | train loss=0.0005 top1=1.000 | val loss=0.0005 | t=0.1s
[finetune_replay] ep  48/90 | train loss=0.0003 top1=1.000 | val loss=0.0005 | t=0.1s
[finetune_replay] ep  49/90 | train loss=0.0004 top1=1.000 | val loss=0.0005 | t=0.1s
[finetune_replay] ep  50/90 | train loss=0.0004 top1=1.000 | val loss=0.0005 | t=0.1s
[finetune_replay] ep  51/90 | train loss=0.0004 top1=1.000 | val loss=0.0005 | t=0.1s
[finetune_replay] ep  52/90 | train loss=0.0004 top1=1.000 | val loss=0.0005 | t=0.1s
[finetune_replay] ep  53/90 | train loss=0.0003 top1=1.000 | val loss=0.0005 | t=0.1s
[finetune_replay] ep  54/90 | train loss=0.0003 top1=1.000 | val loss=0.0005 | t=0.1s
[finetune_replay] ep  55/90 | train loss=0.0003 top1=1.000 | val loss=0.0005 | t=0.1s
[finetune_replay] ep  56/90 | train loss=0.0003 top1=1.000 | val loss=0.0006 | t=0.1s
[finetune_replay] ep  57/90 | train loss=0.0005 top1=1.000 | val loss=0.0005 | t=0.1s
[finetune_replay] ep  58/90 | train loss=0.0004 top1=1.000 | val loss=0.0005 | t=0.2s
[finetune_replay] ep  59/90 | train loss=0.0004 top1=1.000 | val loss=0.0005 | t=0.1s
[finetune_replay] ep  60/90 | train loss=0.0004 top1=1.000 | val loss=0.0005 | t=0.1s
[finetune_replay] ep  61/90 | train loss=0.0004 top1=1.000 | val loss=0.0005 | t=0.1s
[finetune_replay] ep  62/90 | train loss=0.0004 top1=1.000 | val loss=0.0005 | t=0.1s
[finetune_replay] ep  63/90 | train loss=0.0003 top1=1.000 | val loss=0.0005 | t=0.1s
[finetune_replay] ep  64/90 | train loss=0.0003 top1=1.000 | val loss=0.0005 | t=0.1s
[finetune_replay] ep  65/90 | train loss=0.0003 top1=1.000 | val loss=0.0005 | t=0.1s
[finetune_replay] ep  66/90 | train loss=0.0003 top1=1.000 | val loss=0.0005 | t=0.1s
[finetune_replay] ep  67/90 | train loss=0.0003 top1=1.000 | val loss=0.0005 | t=0.1s
[finetune_replay] ep  68/90 | train loss=0.0004 top1=1.000 | val loss=0.0005 | t=0.1s
[finetune_replay] ep  69/90 | train loss=0.0003 top1=1.000 | val loss=0.0005 | t=0.1s
[finetune_replay] ep  70/90 | train loss=0.0004 top1=1.000 | val loss=0.0005 | t=0.1s
[finetune_replay] ep  71/90 | train loss=0.0003 top1=1.000 | val loss=0.0005 | t=0.1s
[finetune_replay] ep  72/90 | train loss=0.0003 top1=1.000 | val loss=0.0005 | t=0.1s
[finetune_replay] ep  73/90 | train loss=0.0003 top1=1.000 | val loss=0.0005 | t=0.1s
[finetune_replay] ep  74/90 | train loss=0.0004 top1=1.000 | val loss=0.0005 | t=0.1s
[finetune_replay] ep  75/90 | train loss=0.0003 top1=1.000 | val loss=0.0005 | t=0.2s
[finetune_replay] ep  76/90 | train loss=0.0003 top1=1.000 | val loss=0.0005 | t=0.1s
[finetune_replay] ep  77/90 | train loss=0.0003 top1=1.000 | val loss=0.0005 | t=0.1s
[finetune_replay] ep  78/90 | train loss=0.0003 top1=1.000 | val loss=0.0005 | t=0.1s
[finetune_replay] ep  79/90 | train loss=0.0004 top1=1.000 | val loss=0.0005 | t=0.1s
[finetune_replay] ep  80/90 | train loss=0.0004 top1=1.000 | val loss=0.0005 | t=0.1s
[finetune_replay] ep  81/90 | train loss=0.0003 top1=1.000 | val loss=0.0005 | t=0.1s
[finetune_replay] ep  82/90 | train loss=0.0003 top1=1.000 | val loss=0.0005 | t=0.1s
[finetune_replay] ep  83/90 | train loss=0.0004 top1=1.000 | val loss=0.0005 | t=0.1s
[finetune_replay] ep  84/90 | train loss=0.0003 top1=1.000 | val loss=0.0005 | t=0.1s
[finetune_replay] ep  85/90 | train loss=0.0003 top1=1.000 | val loss=0.0005 | t=0.1s
[finetune_replay] ep  86/90 | train loss=0.0004 top1=1.000 | val loss=0.0005 | t=0.1s
[finetune_replay] ep  87/90 | train loss=0.0004 top1=1.000 | val loss=0.0005 | t=0.1s
[finetune_replay] ep  88/90 | train loss=0.0004 top1=1.000 | val loss=0.0005 | t=0.1s
[finetune_replay] ep  89/90 | train loss=0.0003 top1=1.000 | val loss=0.0005 | t=0.1s
[finetune_replay] ep  90/90 | train loss=0.0003 top1=1.000 | val loss=0.0005 | t=0.1s
[finetune_replay] DONE best_val_loss=0.0004 @ epoch 2
[15:30:01] [iil-baseline] round 15: heldout_sr=0.870
[15:30:01] [run_baselines] worker 'thrifty_dagger' DONE: {'stopped_reason': 'budget_exhausted', 'n_history': 16}
