[15:47:14] [bo-budget] $ /home/s226137394/.conda/envs/maze/bin/python3 -u -m Equivariant_pathway.equivariant_CNN_hybrid.rollout_test --checkpoint /weka/s226137394/DmNfull/Equivariant_pathway/equivariant_CNN_hybrid/baseline_vs_p4/pool_x_selector/results/run_6/p4_top3_rotate_e90/checkpoints/best_hybrid_policy.pth --layouts /weka/s226137394/DmNfull/Equivariant_pathway/equivariant_CNN_hybrid/baseline_vs_p4/shared/heldout_layouts.yaml --out_dir /weka/s226137394/DmNfull/Equivariant_pathway/equivariant_CNN_hybrid/baseline_vs_p4/pool_x_selector/results/run_6/p4_top3_rotate_e90/results/eval_round_000 --seed 6 --max_steps 60
[hybrid-rollout] 200 unique; running 200 eps
[hybrid-rollout] loaded /weka/s226137394/DmNfull/Equivariant_pathway/equivariant_CNN_hybrid/baseline_vs_p4/pool_x_selector/results/run_6/p4_top3_rotate_e90/checkpoints/best_hybrid_policy.pth
[hybrid-rollout] ep 0 (heldout_001): steps=5 success=True
[hybrid-rollout] ep 1 (heldout_002): steps=60 success=False
[hybrid-rollout] ep 2 (heldout_003): steps=4 success=False
[hybrid-rollout] ep 3 (heldout_004): steps=60 success=False
[hybrid-rollout] ep 4 (heldout_005): steps=5 success=True
[hybrid-rollout] ep 5 (heldout_006): steps=3 success=False
[hybrid-rollout] ep 6 (heldout_007): steps=60 success=False
[hybrid-rollout] ep 7 (heldout_008): steps=60 success=False
[hybrid-rollout] ep 8 (heldout_009): steps=2 success=False
[hybrid-rollout] ep 9 (heldout_010): steps=60 success=False
[hybrid-rollout] ep 10 (heldout_011): steps=4 success=True
[hybrid-rollout] ep 11 (heldout_012): steps=3 success=False
[hybrid-rollout] ep 12 (heldout_013): steps=60 success=False
[hybrid-rollout] ep 13 (heldout_014): steps=5 success=True
[hybrid-rollout] ep 14 (heldout_015): steps=4 success=True
[hybrid-rollout] ep 15 (heldout_016): steps=1 success=False
[hybrid-rollout] ep 16 (heldout_017): steps=4 success=True
[hybrid-rollout] ep 17 (heldout_018): steps=60 success=False
[hybrid-rollout] ep 18 (heldout_019): steps=60 success=False
[hybrid-rollout] ep 19 (heldout_020): steps=5 success=True
[hybrid-rollout] ep 20 (heldout_021): steps=60 success=False
[hybrid-rollout] ep 21 (heldout_022): steps=60 success=False
[hybrid-rollout] ep 22 (heldout_023): steps=60 success=False
[hybrid-rollout] ep 23 (heldout_024): steps=60 success=False
[hybrid-rollout] ep 24 (heldout_025): steps=4 success=True
[hybrid-rollout] ep 25 (heldout_026): steps=4 success=True
[hybrid-rollout] ep 26 (heldout_027): steps=4 success=True
[hybrid-rollout] ep 27 (heldout_028): steps=4 success=True
[hybrid-rollout] ep 28 (heldout_029): steps=60 success=False
[hybrid-rollout] ep 29 (heldout_030): steps=60 success=False
[hybrid-rollout] ep 30 (heldout_031): steps=60 success=False
[hybrid-rollout] ep 31 (heldout_032): steps=60 success=False
[hybrid-rollout] ep 32 (heldout_033): steps=4 success=True
[hybrid-rollout] ep 33 (heldout_034): steps=60 success=False
[hybrid-rollout] ep 34 (heldout_035): steps=60 success=False
[hybrid-rollout] ep 35 (heldout_036): steps=5 success=True
[hybrid-rollout] ep 36 (heldout_037): steps=2 success=False
[hybrid-rollout] ep 37 (heldout_038): steps=5 success=True
[hybrid-rollout] ep 38 (heldout_039): steps=6 success=True
[hybrid-rollout] ep 39 (heldout_040): steps=2 success=False
[hybrid-rollout] ep 40 (heldout_041): steps=60 success=False
[hybrid-rollout] ep 41 (heldout_042): steps=60 success=False
[hybrid-rollout] ep 42 (heldout_043): steps=60 success=False
[hybrid-rollout] ep 43 (heldout_044): steps=5 success=True
[hybrid-rollout] ep 44 (heldout_045): steps=3 success=False
[hybrid-rollout] ep 45 (heldout_046): steps=4 success=True
[hybrid-rollout] ep 46 (heldout_047): steps=6 success=True
[hybrid-rollout] ep 47 (heldout_048): steps=6 success=True
[hybrid-rollout] ep 48 (heldout_049): steps=60 success=False
[hybrid-rollout] ep 49 (heldout_050): steps=60 success=False
[hybrid-rollout] ep 50 (heldout_051): steps=4 success=True
[hybrid-rollout] ep 51 (heldout_052): steps=4 success=True
[hybrid-rollout] ep 52 (heldout_053): steps=60 success=False
[hybrid-rollout] ep 53 (heldout_054): steps=4 success=True
[hybrid-rollout] ep 54 (heldout_055): steps=60 success=False
[hybrid-rollout] ep 55 (heldout_056): steps=4 success=True
[hybrid-rollout] ep 56 (heldout_057): steps=4 success=True
[hybrid-rollout] ep 57 (heldout_058): steps=4 success=True
[hybrid-rollout] ep 58 (heldout_059): steps=60 success=False
[hybrid-rollout] ep 59 (heldout_060): steps=6 success=True
[hybrid-rollout] ep 60 (heldout_061): steps=5 success=True
[hybrid-rollout] ep 61 (heldout_062): steps=6 success=True
[hybrid-rollout] ep 62 (heldout_063): steps=5 success=True
[hybrid-rollout] ep 63 (heldout_064): steps=1 success=False
[hybrid-rollout] ep 64 (heldout_065): steps=3 success=False
[hybrid-rollout] ep 65 (heldout_066): steps=6 success=True
[hybrid-rollout] ep 66 (heldout_067): steps=5 success=True
[hybrid-rollout] ep 67 (heldout_068): steps=4 success=True
[hybrid-rollout] ep 68 (heldout_069): steps=60 success=False
[hybrid-rollout] ep 69 (heldout_070): steps=60 success=False
[hybrid-rollout] ep 70 (heldout_071): steps=5 success=True
[hybrid-rollout] ep 71 (heldout_072): steps=60 success=False
[hybrid-rollout] ep 72 (heldout_073): steps=6 success=True
[hybrid-rollout] ep 73 (heldout_074): steps=60 success=False
[hybrid-rollout] ep 74 (heldout_075): steps=5 success=True
[hybrid-rollout] ep 75 (heldout_076): steps=60 success=False
[hybrid-rollout] ep 76 (heldout_077): steps=4 success=True
[hybrid-rollout] ep 77 (heldout_078): steps=3 success=False
[hybrid-rollout] ep 78 (heldout_079): steps=4 success=True
[hybrid-rollout] ep 79 (heldout_080): steps=4 success=True
[hybrid-rollout] ep 80 (heldout_081): steps=60 success=False
[hybrid-rollout] ep 81 (heldout_082): steps=5 success=True
[hybrid-rollout] ep 82 (heldout_083): steps=60 success=False
[hybrid-rollout] ep 83 (heldout_084): steps=1 success=False
[hybrid-rollout] ep 84 (heldout_085): steps=60 success=False
[hybrid-rollout] ep 85 (heldout_086): steps=6 success=True
[hybrid-rollout] ep 86 (heldout_087): steps=60 success=False
[hybrid-rollout] ep 87 (heldout_088): steps=60 success=False
[hybrid-rollout] ep 88 (heldout_089): steps=3 success=False
[hybrid-rollout] ep 89 (heldout_090): steps=4 success=True
[hybrid-rollout] ep 90 (heldout_091): steps=3 success=False
[hybrid-rollout] ep 91 (heldout_092): steps=5 success=True
[hybrid-rollout] ep 92 (heldout_093): steps=1 success=False
[hybrid-rollout] ep 93 (heldout_094): steps=6 success=True
[hybrid-rollout] ep 94 (heldout_095): steps=7 success=True
[hybrid-rollout] ep 95 (heldout_096): steps=60 success=False
[hybrid-rollout] ep 96 (heldout_097): steps=5 success=True
[hybrid-rollout] ep 97 (heldout_098): steps=1 success=False
[hybrid-rollout] ep 98 (heldout_099): steps=60 success=False
[hybrid-rollout] ep 99 (heldout_100): steps=60 success=False
[hybrid-rollout] ep 100 (heldout_101): steps=4 success=True
[hybrid-rollout] ep 101 (heldout_102): steps=4 success=True
[hybrid-rollout] ep 102 (heldout_103): steps=60 success=False
[hybrid-rollout] ep 103 (heldout_104): steps=6 success=True
[hybrid-rollout] ep 104 (heldout_105): steps=4 success=True
[hybrid-rollout] ep 105 (heldout_106): steps=60 success=False
[hybrid-rollout] ep 106 (heldout_107): steps=4 success=True
[hybrid-rollout] ep 107 (heldout_108): steps=60 success=False
[hybrid-rollout] ep 108 (heldout_109): steps=4 success=True
[hybrid-rollout] ep 109 (heldout_110): steps=6 success=True
[hybrid-rollout] ep 110 (heldout_111): steps=60 success=False
[hybrid-rollout] ep 111 (heldout_112): steps=60 success=False
[hybrid-rollout] ep 112 (heldout_113): steps=5 success=True
[hybrid-rollout] ep 113 (heldout_114): steps=4 success=True
[hybrid-rollout] ep 114 (heldout_115): steps=4 success=True
[hybrid-rollout] ep 115 (heldout_116): steps=60 success=False
[hybrid-rollout] ep 116 (heldout_117): steps=7 success=True
[hybrid-rollout] ep 117 (heldout_118): steps=60 success=False
[hybrid-rollout] ep 118 (heldout_119): steps=60 success=False
[hybrid-rollout] ep 119 (heldout_120): steps=7 success=True
[hybrid-rollout] ep 120 (heldout_121): steps=60 success=False
[hybrid-rollout] ep 121 (heldout_122): steps=60 success=False
[hybrid-rollout] ep 122 (heldout_123): steps=6 success=True
[hybrid-rollout] ep 123 (heldout_124): steps=1 success=False
[hybrid-rollout] ep 124 (heldout_125): steps=4 success=True
[hybrid-rollout] ep 125 (heldout_126): steps=4 success=True
[hybrid-rollout] ep 126 (heldout_127): steps=60 success=False
[hybrid-rollout] ep 127 (heldout_128): steps=60 success=False
[hybrid-rollout] ep 128 (heldout_129): steps=1 success=False
[hybrid-rollout] ep 129 (heldout_130): steps=4 success=True
[hybrid-rollout] ep 130 (heldout_131): steps=60 success=False
[hybrid-rollout] ep 131 (heldout_132): steps=4 success=True
[hybrid-rollout] ep 132 (heldout_133): steps=4 success=True
[hybrid-rollout] ep 133 (heldout_134): steps=60 success=False
[hybrid-rollout] ep 134 (heldout_135): steps=1 success=False
[hybrid-rollout] ep 135 (heldout_136): steps=60 success=False
[hybrid-rollout] ep 136 (heldout_137): steps=5 success=True
[hybrid-rollout] ep 137 (heldout_138): steps=4 success=True
[hybrid-rollout] ep 138 (heldout_139): steps=4 success=True
[hybrid-rollout] ep 139 (heldout_140): steps=60 success=False
[hybrid-rollout] ep 140 (heldout_141): steps=5 success=True
[hybrid-rollout] ep 141 (heldout_142): steps=2 success=False
[hybrid-rollout] ep 142 (heldout_143): steps=6 success=True
[hybrid-rollout] ep 143 (heldout_144): steps=4 success=True
[hybrid-rollout] ep 144 (heldout_145): steps=5 success=True
[hybrid-rollout] ep 145 (heldout_146): steps=60 success=False
[hybrid-rollout] ep 146 (heldout_147): steps=4 success=True
[hybrid-rollout] ep 147 (heldout_148): steps=60 success=False
[hybrid-rollout] ep 148 (heldout_149): steps=60 success=False
[hybrid-rollout] ep 149 (heldout_150): steps=4 success=True
[hybrid-rollout] ep 150 (heldout_151): steps=5 success=True
[hybrid-rollout] ep 151 (heldout_152): steps=5 success=False
[hybrid-rollout] ep 152 (heldout_153): steps=2 success=False
[hybrid-rollout] ep 153 (heldout_154): steps=60 success=False
[hybrid-rollout] ep 154 (heldout_155): steps=60 success=False
[hybrid-rollout] ep 155 (heldout_156): steps=4 success=False
[hybrid-rollout] ep 156 (heldout_157): steps=60 success=False
[hybrid-rollout] ep 157 (heldout_158): steps=3 success=False
[hybrid-rollout] ep 158 (heldout_159): steps=6 success=True
[hybrid-rollout] ep 159 (heldout_160): steps=60 success=False
[hybrid-rollout] ep 160 (heldout_161): steps=60 success=False
[hybrid-rollout] ep 161 (heldout_162): steps=5 success=True
[hybrid-rollout] ep 162 (heldout_163): steps=4 success=True
[hybrid-rollout] ep 163 (heldout_164): steps=60 success=False
[hybrid-rollout] ep 164 (heldout_165): steps=5 success=True
[hybrid-rollout] ep 165 (heldout_166): steps=4 success=True
[hybrid-rollout] ep 166 (heldout_167): steps=60 success=False
[hybrid-rollout] ep 167 (heldout_168): steps=4 success=True
[hybrid-rollout] ep 168 (heldout_169): steps=4 success=False
[hybrid-rollout] ep 169 (heldout_170): steps=60 success=False
[hybrid-rollout] ep 170 (heldout_171): steps=60 success=False
[hybrid-rollout] ep 171 (heldout_172): steps=60 success=False
[hybrid-rollout] ep 172 (heldout_173): steps=4 success=True
[hybrid-rollout] ep 173 (heldout_174): steps=5 success=True
[hybrid-rollout] ep 174 (heldout_175): steps=7 success=True
[hybrid-rollout] ep 175 (heldout_176): steps=6 success=True
[hybrid-rollout] ep 176 (heldout_177): steps=60 success=False
[hybrid-rollout] ep 177 (heldout_178): steps=1 success=False
[hybrid-rollout] ep 178 (heldout_179): steps=60 success=False
[hybrid-rollout] ep 179 (heldout_180): steps=4 success=True
[hybrid-rollout] ep 180 (heldout_181): steps=5 success=True
[hybrid-rollout] ep 181 (heldout_182): steps=4 success=True
[hybrid-rollout] ep 182 (heldout_183): steps=2 success=False
[hybrid-rollout] ep 183 (heldout_184): steps=5 success=False
[hybrid-rollout] ep 184 (heldout_185): steps=60 success=False
[hybrid-rollout] ep 185 (heldout_186): steps=4 success=True
[hybrid-rollout] ep 186 (heldout_187): steps=1 success=False
[hybrid-rollout] ep 187 (heldout_188): steps=5 success=True
[hybrid-rollout] ep 188 (heldout_189): steps=60 success=False
[hybrid-rollout] ep 189 (heldout_190): steps=7 success=True
[hybrid-rollout] ep 190 (heldout_191): steps=1 success=False
[hybrid-rollout] ep 191 (heldout_192): steps=7 success=True
[hybrid-rollout] ep 192 (heldout_193): steps=60 success=False
[hybrid-rollout] ep 193 (heldout_194): steps=5 success=False
[hybrid-rollout] ep 194 (heldout_195): steps=5 success=True
[hybrid-rollout] ep 195 (heldout_196): steps=4 success=True
[hybrid-rollout] ep 196 (heldout_197): steps=5 success=True
[hybrid-rollout] ep 197 (heldout_198): steps=60 success=False
[hybrid-rollout] ep 198 (heldout_199): steps=60 success=False
[hybrid-rollout] ep 199 (heldout_200): steps=4 success=True
[hybrid-rollout] DONE successes=94/200
[15:49:16] [replay_p4] run 6: init heldout_sr=0.470  replaying 15 P4 rounds (15 demos) at 90 epochs
[15:49:16] [replay_p4] $ /home/s226137394/.conda/envs/maze/bin/python3 -u -m Equivariant_pathway.equivariant_CNN_hybrid.baseline_vs_p4.pool_x_selector.trainer.finetune_replay --demo_dir /weka/s226137394/DmNfull/Equivariant_pathway/equivariant_CNN_hybrid/baseline_vs_p4/pool_x_selector/results/run_6/p4_top3_rotate_e90/demos --checkpoint_dir /weka/s226137394/DmNfull/Equivariant_pathway/equivariant_CNN_hybrid/baseline_vs_p4/pool_x_selector/results/run_6/p4_top3_rotate_e90/checkpoints --epochs 90 --batch_size 64 --lr 5e-05 --weight_decay 0.0001 --replay_mix 0.5 --replay_mix_floor 0.2 --seed 6 --resume --new_demos_dir /weka/s226137394/DmNfull/Equivariant_pathway/equivariant_CNN_hybrid/baseline_vs_p4/pool_x_selector/results/run_6/p4_top3_rotate_e90/demos/round_001
[finetune_replay] device=cuda demo_dir=/weka/s226137394/DmNfull/Equivariant_pathway/equivariant_CNN_hybrid/baseline_vs_p4/pool_x_selector/results/run_6/p4_top3_rotate_e90/demos new_demos_dir=/weka/s226137394/DmNfull/Equivariant_pathway/equivariant_CNN_hybrid/baseline_vs_p4/pool_x_selector/results/run_6/p4_top3_rotate_e90/demos/round_001
[hybrid-dataset] 20 demos -> 103 samples
[hybrid-dataset] 1 demos -> 6 samples
[finetune_replay] sampler audit: {'n_old_samples': 103, 'n_new_samples': 6, 'replay_mix_target': 0.5, 'replay_mix_effective': 0.5, 'replay_mix_floor': 0.2}
[finetune_replay] trainable params: 1,400,028
[finetune_replay] WARM START from last_hybrid_policy.pth
[finetune_replay] ep   1/90 | train loss=0.5370 top1=0.818 | val loss=0.1046 | t=0.7s  *
[finetune_replay] ep   2/90 | train loss=0.1697 top1=0.990 | val loss=0.0633 | t=0.2s  *
[finetune_replay] ep   3/90 | train loss=0.0986 top1=1.000 | val loss=0.0967 | t=0.2s
[finetune_replay] ep   4/90 | train loss=0.0993 top1=1.000 | val loss=0.1101 | t=0.1s
[finetune_replay] ep   5/90 | train loss=0.0668 top1=1.000 | val loss=0.0751 | t=0.1s
[finetune_replay] ep   6/90 | train loss=0.0575 top1=1.000 | val loss=0.1015 | t=0.1s
[finetune_replay] ep   7/90 | train loss=0.0603 top1=1.000 | val loss=0.1490 | t=0.1s
[finetune_replay] ep   8/90 | train loss=0.0511 top1=1.000 | val loss=0.1639 | t=0.1s
[finetune_replay] ep   9/90 | train loss=0.0275 top1=1.000 | val loss=0.1361 | t=0.1s
[finetune_replay] ep  10/90 | train loss=0.0210 top1=1.000 | val loss=0.1019 | t=0.1s
[finetune_replay] ep  11/90 | train loss=0.0269 top1=1.000 | val loss=0.1419 | t=0.1s
[finetune_replay] ep  12/90 | train loss=0.0152 top1=1.000 | val loss=0.1541 | t=0.1s
[finetune_replay] ep  13/90 | train loss=0.0124 top1=1.000 | val loss=0.1361 | t=0.1s
[finetune_replay] ep  14/90 | train loss=0.0105 top1=1.000 | val loss=0.1226 | t=0.1s
[finetune_replay] ep  15/90 | train loss=0.0105 top1=1.000 | val loss=0.1347 | t=0.1s
[finetune_replay] ep  16/90 | train loss=0.0091 top1=1.000 | val loss=0.1451 | t=0.1s
[finetune_replay] ep  17/90 | train loss=0.0113 top1=1.000 | val loss=0.1358 | t=0.1s
[finetune_replay] ep  18/90 | train loss=0.0069 top1=1.000 | val loss=0.1254 | t=0.1s
[finetune_replay] ep  19/90 | train loss=0.0063 top1=1.000 | val loss=0.1141 | t=0.1s
[finetune_replay] ep  20/90 | train loss=0.0073 top1=1.000 | val loss=0.1265 | t=0.1s
[finetune_replay] ep  21/90 | train loss=0.0076 top1=1.000 | val loss=0.1488 | t=0.1s
[finetune_replay] ep  22/90 | train loss=0.0072 top1=1.000 | val loss=0.1319 | t=0.1s
[finetune_replay] ep  23/90 | train loss=0.0063 top1=1.000 | val loss=0.1237 | t=0.1s
[finetune_replay] ep  24/90 | train loss=0.0074 top1=1.000 | val loss=0.1424 | t=0.1s
[finetune_replay] ep  25/90 | train loss=0.0046 top1=1.000 | val loss=0.1469 | t=0.1s
[finetune_replay] ep  26/90 | train loss=0.0054 top1=1.000 | val loss=0.1341 | t=0.1s
[finetune_replay] ep  27/90 | train loss=0.0053 top1=1.000 | val loss=0.1155 | t=0.1s
[finetune_replay] ep  28/90 | train loss=0.0045 top1=1.000 | val loss=0.1060 | t=0.1s
[finetune_replay] ep  29/90 | train loss=0.0057 top1=1.000 | val loss=0.1240 | t=0.1s
[finetune_replay] ep  30/90 | train loss=0.0041 top1=1.000 | val loss=0.1389 | t=0.1s
[finetune_replay] ep  31/90 | train loss=0.0043 top1=1.000 | val loss=0.1367 | t=0.1s
[finetune_replay] ep  32/90 | train loss=0.0034 top1=1.000 | val loss=0.1330 | t=0.1s
[finetune_replay] ep  33/90 | train loss=0.0037 top1=1.000 | val loss=0.1300 | t=0.1s
[finetune_replay] ep  34/90 | train loss=0.0040 top1=1.000 | val loss=0.1240 | t=0.1s
[finetune_replay] ep  35/90 | train loss=0.0032 top1=1.000 | val loss=0.1289 | t=0.1s
[finetune_replay] ep  36/90 | train loss=0.0028 top1=1.000 | val loss=0.1365 | t=0.1s
[finetune_replay] ep  37/90 | train loss=0.0037 top1=1.000 | val loss=0.1400 | t=0.1s
[finetune_replay] ep  38/90 | train loss=0.0035 top1=1.000 | val loss=0.1379 | t=0.1s
[finetune_replay] ep  39/90 | train loss=0.0037 top1=1.000 | val loss=0.1264 | t=0.1s
[finetune_replay] ep  40/90 | train loss=0.0026 top1=1.000 | val loss=0.1285 | t=0.1s
[finetune_replay] ep  41/90 | train loss=0.0031 top1=1.000 | val loss=0.1360 | t=0.1s
[finetune_replay] ep  42/90 | train loss=0.0032 top1=1.000 | val loss=0.1418 | t=0.1s
[finetune_replay] ep  43/90 | train loss=0.0026 top1=1.000 | val loss=0.1400 | t=0.1s
[finetune_replay] ep  44/90 | train loss=0.0029 top1=1.000 | val loss=0.1307 | t=0.1s
[finetune_replay] ep  45/90 | train loss=0.0027 top1=1.000 | val loss=0.1199 | t=0.1s
[finetune_replay] ep  46/90 | train loss=0.0022 top1=1.000 | val loss=0.1136 | t=0.1s
[finetune_replay] ep  47/90 | train loss=0.0031 top1=1.000 | val loss=0.1220 | t=0.2s
[finetune_replay] ep  48/90 | train loss=0.0031 top1=1.000 | val loss=0.1329 | t=0.1s
[finetune_replay] ep  49/90 | train loss=0.0025 top1=1.000 | val loss=0.1383 | t=0.1s
[finetune_replay] ep  50/90 | train loss=0.0027 top1=1.000 | val loss=0.1266 | t=0.1s
[finetune_replay] ep  51/90 | train loss=0.0027 top1=1.000 | val loss=0.1179 | t=0.1s
[finetune_replay] ep  52/90 | train loss=0.0024 top1=1.000 | val loss=0.1140 | t=0.1s
[finetune_replay] ep  53/90 | train loss=0.0031 top1=1.000 | val loss=0.1200 | t=0.1s
[finetune_replay] ep  54/90 | train loss=0.0031 top1=1.000 | val loss=0.1246 | t=0.1s
[finetune_replay] ep  55/90 | train loss=0.0026 top1=1.000 | val loss=0.1299 | t=0.1s
[finetune_replay] ep  56/90 | train loss=0.0029 top1=1.000 | val loss=0.1319 | t=0.1s
[finetune_replay] ep  57/90 | train loss=0.0025 top1=1.000 | val loss=0.1268 | t=0.1s
[finetune_replay] ep  58/90 | train loss=0.0020 top1=1.000 | val loss=0.1234 | t=0.1s
[finetune_replay] ep  59/90 | train loss=0.0020 top1=1.000 | val loss=0.1210 | t=0.1s
[finetune_replay] ep  60/90 | train loss=0.0021 top1=1.000 | val loss=0.1196 | t=0.1s
[finetune_replay] ep  61/90 | train loss=0.0029 top1=1.000 | val loss=0.1235 | t=0.1s
[finetune_replay] ep  62/90 | train loss=0.0024 top1=1.000 | val loss=0.1248 | t=0.1s
[finetune_replay] ep  63/90 | train loss=0.0021 top1=1.000 | val loss=0.1264 | t=0.1s
[finetune_replay] ep  64/90 | train loss=0.0027 top1=1.000 | val loss=0.1318 | t=0.1s
[finetune_replay] ep  65/90 | train loss=0.0020 top1=1.000 | val loss=0.1332 | t=0.1s
[finetune_replay] ep  66/90 | train loss=0.0023 top1=1.000 | val loss=0.1306 | t=0.1s
[finetune_replay] ep  67/90 | train loss=0.0026 top1=1.000 | val loss=0.1292 | t=0.1s
[finetune_replay] ep  68/90 | train loss=0.0026 top1=1.000 | val loss=0.1258 | t=0.1s
[finetune_replay] ep  69/90 | train loss=0.0022 top1=1.000 | val loss=0.1277 | t=0.1s
[finetune_replay] ep  70/90 | train loss=0.0023 top1=1.000 | val loss=0.1254 | t=0.1s
[finetune_replay] ep  71/90 | train loss=0.0019 top1=1.000 | val loss=0.1268 | t=0.1s
[finetune_replay] ep  72/90 | train loss=0.0019 top1=1.000 | val loss=0.1281 | t=0.1s
[finetune_replay] ep  73/90 | train loss=0.0022 top1=1.000 | val loss=0.1266 | t=0.1s
[finetune_replay] ep  74/90 | train loss=0.0024 top1=1.000 | val loss=0.1242 | t=0.1s
[finetune_replay] ep  75/90 | train loss=0.0022 top1=1.000 | val loss=0.1243 | t=0.2s
[finetune_replay] ep  76/90 | train loss=0.0018 top1=1.000 | val loss=0.1231 | t=0.1s
[finetune_replay] ep  77/90 | train loss=0.0019 top1=1.000 | val loss=0.1238 | t=0.1s
[finetune_replay] ep  78/90 | train loss=0.0022 top1=1.000 | val loss=0.1250 | t=0.1s
[finetune_replay] ep  79/90 | train loss=0.0020 top1=1.000 | val loss=0.1225 | t=0.1s
[finetune_replay] ep  80/90 | train loss=0.0018 top1=1.000 | val loss=0.1237 | t=0.1s
[finetune_replay] ep  81/90 | train loss=0.0020 top1=1.000 | val loss=0.1244 | t=0.1s
[finetune_replay] ep  82/90 | train loss=0.0020 top1=1.000 | val loss=0.1273 | t=0.1s
[finetune_replay] ep  83/90 | train loss=0.0024 top1=1.000 | val loss=0.1267 | t=0.1s
[finetune_replay] ep  84/90 | train loss=0.0023 top1=1.000 | val loss=0.1273 | t=0.1s
[finetune_replay] ep  85/90 | train loss=0.0019 top1=1.000 | val loss=0.1297 | t=0.1s
[finetune_replay] ep  86/90 | train loss=0.0020 top1=1.000 | val loss=0.1283 | t=0.1s
[finetune_replay] ep  87/90 | train loss=0.0025 top1=1.000 | val loss=0.1269 | t=0.1s
[finetune_replay] ep  88/90 | train loss=0.0021 top1=1.000 | val loss=0.1278 | t=0.1s
[finetune_replay] ep  89/90 | train loss=0.0022 top1=1.000 | val loss=0.1262 | t=0.1s
[finetune_replay] ep  90/90 | train loss=0.0020 top1=1.000 | val loss=0.1264 | t=0.1s
[finetune_replay] DONE best_val_loss=0.0633 @ epoch 2
[15:49:39] [bo-budget] $ /home/s226137394/.conda/envs/maze/bin/python3 -u -m Equivariant_pathway.equivariant_CNN_hybrid.rollout_test --checkpoint /weka/s226137394/DmNfull/Equivariant_pathway/equivariant_CNN_hybrid/baseline_vs_p4/pool_x_selector/results/run_6/p4_top3_rotate_e90/checkpoints/best_hybrid_policy.pth --layouts /weka/s226137394/DmNfull/Equivariant_pathway/equivariant_CNN_hybrid/baseline_vs_p4/shared/heldout_layouts.yaml --out_dir /weka/s226137394/DmNfull/Equivariant_pathway/equivariant_CNN_hybrid/baseline_vs_p4/pool_x_selector/results/run_6/p4_top3_rotate_e90/results/eval_round_001 --seed 7 --max_steps 60
[hybrid-rollout] 200 unique; running 200 eps
[hybrid-rollout] loaded /weka/s226137394/DmNfull/Equivariant_pathway/equivariant_CNN_hybrid/baseline_vs_p4/pool_x_selector/results/run_6/p4_top3_rotate_e90/checkpoints/best_hybrid_policy.pth
[hybrid-rollout] ep 0 (heldout_001): steps=5 success=True
[hybrid-rollout] ep 1 (heldout_002): steps=60 success=False
[hybrid-rollout] ep 2 (heldout_003): steps=60 success=False
[hybrid-rollout] ep 3 (heldout_004): steps=60 success=False
[hybrid-rollout] ep 4 (heldout_005): steps=5 success=True
[hybrid-rollout] ep 5 (heldout_006): steps=60 success=False
[hybrid-rollout] ep 6 (heldout_007): steps=5 success=True
[hybrid-rollout] ep 7 (heldout_008): steps=4 success=True
[hybrid-rollout] ep 8 (heldout_009): steps=60 success=False
[hybrid-rollout] ep 9 (heldout_010): steps=60 success=False
[hybrid-rollout] ep 10 (heldout_011): steps=4 success=True
[hybrid-rollout] ep 11 (heldout_012): steps=4 success=True
[hybrid-rollout] ep 12 (heldout_013): steps=60 success=False
[hybrid-rollout] ep 13 (heldout_014): steps=5 success=True
[hybrid-rollout] ep 14 (heldout_015): steps=4 success=True
[hybrid-rollout] ep 15 (heldout_016): steps=5 success=True
[hybrid-rollout] ep 16 (heldout_017): steps=60 success=False
[hybrid-rollout] ep 17 (heldout_018): steps=60 success=False
[hybrid-rollout] ep 18 (heldout_019): steps=60 success=False
[hybrid-rollout] ep 19 (heldout_020): steps=5 success=True
[hybrid-rollout] ep 20 (heldout_021): steps=60 success=False
[hybrid-rollout] ep 21 (heldout_022): steps=60 success=False
[hybrid-rollout] ep 22 (heldout_023): steps=60 success=False
[hybrid-rollout] ep 23 (heldout_024): steps=60 success=False
[hybrid-rollout] ep 24 (heldout_025): steps=4 success=True
[hybrid-rollout] ep 25 (heldout_026): steps=4 success=True
[hybrid-rollout] ep 26 (heldout_027): steps=4 success=True
[hybrid-rollout] ep 27 (heldout_028): steps=4 success=True
[hybrid-rollout] ep 28 (heldout_029): steps=7 success=True
[hybrid-rollout] ep 29 (heldout_030): steps=60 success=False
[hybrid-rollout] ep 30 (heldout_031): steps=60 success=False
[hybrid-rollout] ep 31 (heldout_032): steps=5 success=True
[hybrid-rollout] ep 32 (heldout_033): steps=4 success=True
[hybrid-rollout] ep 33 (heldout_034): steps=60 success=False
[hybrid-rollout] ep 34 (heldout_035): steps=60 success=False
[hybrid-rollout] ep 35 (heldout_036): steps=5 success=True
[hybrid-rollout] ep 36 (heldout_037): steps=2 success=False
[hybrid-rollout] ep 37 (heldout_038): steps=60 success=False
[hybrid-rollout] ep 38 (heldout_039): steps=6 success=True
[hybrid-rollout] ep 39 (heldout_040): steps=60 success=False
[hybrid-rollout] ep 40 (heldout_041): steps=60 success=False
[hybrid-rollout] ep 41 (heldout_042): steps=60 success=False
[hybrid-rollout] ep 42 (heldout_043): steps=60 success=False
[hybrid-rollout] ep 43 (heldout_044): steps=5 success=True
[hybrid-rollout] ep 44 (heldout_045): steps=3 success=False
[hybrid-rollout] ep 45 (heldout_046): steps=4 success=True
[hybrid-rollout] ep 46 (heldout_047): steps=6 success=True
[hybrid-rollout] ep 47 (heldout_048): steps=6 success=True
[hybrid-rollout] ep 48 (heldout_049): steps=60 success=False
[hybrid-rollout] ep 49 (heldout_050): steps=4 success=True
[hybrid-rollout] ep 50 (heldout_051): steps=4 success=True
[hybrid-rollout] ep 51 (heldout_052): steps=4 success=True
[hybrid-rollout] ep 52 (heldout_053): steps=60 success=False
[hybrid-rollout] ep 53 (heldout_054): steps=60 success=False
[hybrid-rollout] ep 54 (heldout_055): steps=60 success=False
[hybrid-rollout] ep 55 (heldout_056): steps=4 success=True
[hybrid-rollout] ep 56 (heldout_057): steps=4 success=True
[hybrid-rollout] ep 57 (heldout_058): steps=4 success=True
[hybrid-rollout] ep 58 (heldout_059): steps=5 success=True
[hybrid-rollout] ep 59 (heldout_060): steps=6 success=True
[hybrid-rollout] ep 60 (heldout_061): steps=5 success=True
[hybrid-rollout] ep 61 (heldout_062): steps=6 success=True
[hybrid-rollout] ep 62 (heldout_063): steps=5 success=True
[hybrid-rollout] ep 63 (heldout_064): steps=4 success=True
[hybrid-rollout] ep 64 (heldout_065): steps=3 success=False
[hybrid-rollout] ep 65 (heldout_066): steps=6 success=True
[hybrid-rollout] ep 66 (heldout_067): steps=5 success=True
[hybrid-rollout] ep 67 (heldout_068): steps=4 success=True
[hybrid-rollout] ep 68 (heldout_069): steps=60 success=False
[hybrid-rollout] ep 69 (heldout_070): steps=60 success=False
[hybrid-rollout] ep 70 (heldout_071): steps=60 success=False
[hybrid-rollout] ep 71 (heldout_072): steps=5 success=True
[hybrid-rollout] ep 72 (heldout_073): steps=3 success=False
[hybrid-rollout] ep 73 (heldout_074): steps=4 success=True
[hybrid-rollout] ep 74 (heldout_075): steps=5 success=True
[hybrid-rollout] ep 75 (heldout_076): steps=60 success=False
[hybrid-rollout] ep 76 (heldout_077): steps=4 success=True
[hybrid-rollout] ep 77 (heldout_078): steps=3 success=False
[hybrid-rollout] ep 78 (heldout_079): steps=4 success=True
[hybrid-rollout] ep 79 (heldout_080): steps=4 success=True
[hybrid-rollout] ep 80 (heldout_081): steps=60 success=False
[hybrid-rollout] ep 81 (heldout_082): steps=5 success=True
[hybrid-rollout] ep 82 (heldout_083): steps=60 success=False
[hybrid-rollout] ep 83 (heldout_084): steps=60 success=False
[hybrid-rollout] ep 84 (heldout_085): steps=60 success=False
[hybrid-rollout] ep 85 (heldout_086): steps=6 success=True
[hybrid-rollout] ep 86 (heldout_087): steps=7 success=True
[hybrid-rollout] ep 87 (heldout_088): steps=4 success=True
[hybrid-rollout] ep 88 (heldout_089): steps=3 success=False
[hybrid-rollout] ep 89 (heldout_090): steps=4 success=True
[hybrid-rollout] ep 90 (heldout_091): steps=5 success=True
[hybrid-rollout] ep 91 (heldout_092): steps=5 success=True
[hybrid-rollout] ep 92 (heldout_093): steps=1 success=False
[hybrid-rollout] ep 93 (heldout_094): steps=6 success=True
[hybrid-rollout] ep 94 (heldout_095): steps=7 success=True
[hybrid-rollout] ep 95 (heldout_096): steps=60 success=False
[hybrid-rollout] ep 96 (heldout_097): steps=5 success=True
[hybrid-rollout] ep 97 (heldout_098): steps=5 success=True
[hybrid-rollout] ep 98 (heldout_099): steps=60 success=False
[hybrid-rollout] ep 99 (heldout_100): steps=60 success=False
[hybrid-rollout] ep 100 (heldout_101): steps=4 success=True
[hybrid-rollout] ep 101 (heldout_102): steps=4 success=True
[hybrid-rollout] ep 102 (heldout_103): steps=60 success=False
[hybrid-rollout] ep 103 (heldout_104): steps=6 success=True
[hybrid-rollout] ep 104 (heldout_105): steps=60 success=False
[hybrid-rollout] ep 105 (heldout_106): steps=60 success=False
[hybrid-rollout] ep 106 (heldout_107): steps=4 success=True
[hybrid-rollout] ep 107 (heldout_108): steps=60 success=False
[hybrid-rollout] ep 108 (heldout_109): steps=4 success=True
[hybrid-rollout] ep 109 (heldout_110): steps=60 success=False
[hybrid-rollout] ep 110 (heldout_111): steps=60 success=False
[hybrid-rollout] ep 111 (heldout_112): steps=60 success=False
[hybrid-rollout] ep 112 (heldout_113): steps=7 success=True
[hybrid-rollout] ep 113 (heldout_114): steps=60 success=False
[hybrid-rollout] ep 114 (heldout_115): steps=4 success=True
[hybrid-rollout] ep 115 (heldout_116): steps=5 success=True
[hybrid-rollout] ep 116 (heldout_117): steps=7 success=True
[hybrid-rollout] ep 117 (heldout_118): steps=60 success=False
[hybrid-rollout] ep 118 (heldout_119): steps=60 success=False
[hybrid-rollout] ep 119 (heldout_120): steps=60 success=False
[hybrid-rollout] ep 120 (heldout_121): steps=60 success=False
[hybrid-rollout] ep 121 (heldout_122): steps=60 success=False
[hybrid-rollout] ep 122 (heldout_123): steps=6 success=True
[hybrid-rollout] ep 123 (heldout_124): steps=60 success=False
[hybrid-rollout] ep 124 (heldout_125): steps=4 success=True
[hybrid-rollout] ep 125 (heldout_126): steps=4 success=True
[hybrid-rollout] ep 126 (heldout_127): steps=60 success=False
[hybrid-rollout] ep 127 (heldout_128): steps=60 success=False
[hybrid-rollout] ep 128 (heldout_129): steps=60 success=False
[hybrid-rollout] ep 129 (heldout_130): steps=6 success=True
[hybrid-rollout] ep 130 (heldout_131): steps=60 success=False
[hybrid-rollout] ep 131 (heldout_132): steps=4 success=True
[hybrid-rollout] ep 132 (heldout_133): steps=4 success=True
[hybrid-rollout] ep 133 (heldout_134): steps=60 success=False
[hybrid-rollout] ep 134 (heldout_135): steps=6 success=True
[hybrid-rollout] ep 135 (heldout_136): steps=5 success=True
[hybrid-rollout] ep 136 (heldout_137): steps=60 success=False
[hybrid-rollout] ep 137 (heldout_138): steps=4 success=True
[hybrid-rollout] ep 138 (heldout_139): steps=4 success=True
[hybrid-rollout] ep 139 (heldout_140): steps=60 success=False
[hybrid-rollout] ep 140 (heldout_141): steps=5 success=True
[hybrid-rollout] ep 141 (heldout_142): steps=4 success=True
[hybrid-rollout] ep 142 (heldout_143): steps=60 success=False
[hybrid-rollout] ep 143 (heldout_144): steps=4 success=True
[hybrid-rollout] ep 144 (heldout_145): steps=5 success=True
[hybrid-rollout] ep 145 (heldout_146): steps=60 success=False
[hybrid-rollout] ep 146 (heldout_147): steps=4 success=True
[hybrid-rollout] ep 147 (heldout_148): steps=60 success=False
[hybrid-rollout] ep 148 (heldout_149): steps=60 success=False
[hybrid-rollout] ep 149 (heldout_150): steps=4 success=True
[hybrid-rollout] ep 150 (heldout_151): steps=5 success=True
[hybrid-rollout] ep 151 (heldout_152): steps=1 success=False
[hybrid-rollout] ep 152 (heldout_153): steps=4 success=False
[hybrid-rollout] ep 153 (heldout_154): steps=60 success=False
[hybrid-rollout] ep 154 (heldout_155): steps=60 success=False
[hybrid-rollout] ep 155 (heldout_156): steps=4 success=False
[hybrid-rollout] ep 156 (heldout_157): steps=3 success=False
[hybrid-rollout] ep 157 (heldout_158): steps=3 success=False
[hybrid-rollout] ep 158 (heldout_159): steps=60 success=False
[hybrid-rollout] ep 159 (heldout_160): steps=60 success=False
[hybrid-rollout] ep 160 (heldout_161): steps=60 success=False
[hybrid-rollout] ep 161 (heldout_162): steps=5 success=True
[hybrid-rollout] ep 162 (heldout_163): steps=4 success=True
[hybrid-rollout] ep 163 (heldout_164): steps=6 success=True
[hybrid-rollout] ep 164 (heldout_165): steps=5 success=True
[hybrid-rollout] ep 165 (heldout_166): steps=60 success=False
[hybrid-rollout] ep 166 (heldout_167): steps=60 success=False
[hybrid-rollout] ep 167 (heldout_168): steps=4 success=True
[hybrid-rollout] ep 168 (heldout_169): steps=4 success=False
[hybrid-rollout] ep 169 (heldout_170): steps=60 success=False
[hybrid-rollout] ep 170 (heldout_171): steps=60 success=False
[hybrid-rollout] ep 171 (heldout_172): steps=60 success=False
[hybrid-rollout] ep 172 (heldout_173): steps=4 success=True
[hybrid-rollout] ep 173 (heldout_174): steps=5 success=True
[hybrid-rollout] ep 174 (heldout_175): steps=7 success=True
[hybrid-rollout] ep 175 (heldout_176): steps=6 success=True
[hybrid-rollout] ep 176 (heldout_177): steps=60 success=False
[hybrid-rollout] ep 177 (heldout_178): steps=1 success=False
[hybrid-rollout] ep 178 (heldout_179): steps=60 success=False
[hybrid-rollout] ep 179 (heldout_180): steps=4 success=True
[hybrid-rollout] ep 180 (heldout_181): steps=5 success=True
[hybrid-rollout] ep 181 (heldout_182): steps=4 success=True
[hybrid-rollout] ep 182 (heldout_183): steps=5 success=True
[hybrid-rollout] ep 183 (heldout_184): steps=7 success=True
[hybrid-rollout] ep 184 (heldout_185): steps=5 success=True
[hybrid-rollout] ep 185 (heldout_186): steps=4 success=True
[hybrid-rollout] ep 186 (heldout_187): steps=1 success=False
[hybrid-rollout] ep 187 (heldout_188): steps=60 success=False
[hybrid-rollout] ep 188 (heldout_189): steps=60 success=False
[hybrid-rollout] ep 189 (heldout_190): steps=7 success=True
[hybrid-rollout] ep 190 (heldout_191): steps=1 success=False
[hybrid-rollout] ep 191 (heldout_192): steps=7 success=True
[hybrid-rollout] ep 192 (heldout_193): steps=60 success=False
[hybrid-rollout] ep 193 (heldout_194): steps=60 success=False
[hybrid-rollout] ep 194 (heldout_195): steps=5 success=True
[hybrid-rollout] ep 195 (heldout_196): steps=4 success=True
[hybrid-rollout] ep 196 (heldout_197): steps=5 success=True
[hybrid-rollout] ep 197 (heldout_198): steps=60 success=False
[hybrid-rollout] ep 198 (heldout_199): steps=60 success=False
[hybrid-rollout] ep 199 (heldout_200): steps=4 success=True
[hybrid-rollout] DONE successes=103/200
[15:51:49] [replay_p4] run 6 round 1: extras=1 heldout_sr=0.515
[15:51:49] [replay_p4] $ /home/s226137394/.conda/envs/maze/bin/python3 -u -m Equivariant_pathway.equivariant_CNN_hybrid.baseline_vs_p4.pool_x_selector.trainer.finetune_replay --demo_dir /weka/s226137394/DmNfull/Equivariant_pathway/equivariant_CNN_hybrid/baseline_vs_p4/pool_x_selector/results/run_6/p4_top3_rotate_e90/demos --checkpoint_dir /weka/s226137394/DmNfull/Equivariant_pathway/equivariant_CNN_hybrid/baseline_vs_p4/pool_x_selector/results/run_6/p4_top3_rotate_e90/checkpoints --epochs 90 --batch_size 64 --lr 5e-05 --weight_decay 0.0001 --replay_mix 0.5 --replay_mix_floor 0.2 --seed 6 --resume --new_demos_dir /weka/s226137394/DmNfull/Equivariant_pathway/equivariant_CNN_hybrid/baseline_vs_p4/pool_x_selector/results/run_6/p4_top3_rotate_e90/demos/round_002
[finetune_replay] device=cuda demo_dir=/weka/s226137394/DmNfull/Equivariant_pathway/equivariant_CNN_hybrid/baseline_vs_p4/pool_x_selector/results/run_6/p4_top3_rotate_e90/demos new_demos_dir=/weka/s226137394/DmNfull/Equivariant_pathway/equivariant_CNN_hybrid/baseline_vs_p4/pool_x_selector/results/run_6/p4_top3_rotate_e90/demos/round_002
[hybrid-dataset] 21 demos -> 109 samples
[hybrid-dataset] 1 demos -> 5 samples
[finetune_replay] sampler audit: {'n_old_samples': 109, 'n_new_samples': 5, 'replay_mix_target': 0.5, 'replay_mix_effective': 0.5, 'replay_mix_floor': 0.2}
[finetune_replay] trainable params: 1,400,028
[finetune_replay] WARM START from last_hybrid_policy.pth
[finetune_replay] ep   1/90 | train loss=0.3333 top1=0.864 | val loss=0.0310 | t=0.8s  *
[finetune_replay] ep   2/90 | train loss=0.2767 top1=0.893 | val loss=0.0050 | t=0.2s  *
[finetune_replay] ep   3/90 | train loss=0.2248 top1=0.971 | val loss=0.0060 | t=0.2s
[finetune_replay] ep   4/90 | train loss=0.1381 top1=0.971 | val loss=0.0116 | t=0.1s
[finetune_replay] ep   5/90 | train loss=0.0489 top1=1.000 | val loss=0.0095 | t=0.1s
[finetune_replay] ep   6/90 | train loss=0.0325 top1=1.000 | val loss=0.0225 | t=0.1s
[finetune_replay] ep   7/90 | train loss=0.0157 top1=1.000 | val loss=0.0314 | t=0.1s
[finetune_replay] ep   8/90 | train loss=0.0223 top1=1.000 | val loss=0.0108 | t=0.1s
[finetune_replay] ep   9/90 | train loss=0.0119 top1=1.000 | val loss=0.0061 | t=0.1s
[finetune_replay] ep  10/90 | train loss=0.0136 top1=1.000 | val loss=0.0054 | t=0.1s
[finetune_replay] ep  11/90 | train loss=0.0090 top1=1.000 | val loss=0.0092 | t=0.1s
[finetune_replay] ep  12/90 | train loss=0.0075 top1=1.000 | val loss=0.0054 | t=0.1s
[finetune_replay] ep  13/90 | train loss=0.0066 top1=1.000 | val loss=0.0034 | t=0.1s  *
[finetune_replay] ep  14/90 | train loss=0.0040 top1=1.000 | val loss=0.0034 | t=0.1s
[finetune_replay] ep  15/90 | train loss=0.0055 top1=1.000 | val loss=0.0033 | t=0.1s  *
[finetune_replay] ep  16/90 | train loss=0.0030 top1=1.000 | val loss=0.0044 | t=0.1s
[finetune_replay] ep  17/90 | train loss=0.0038 top1=1.000 | val loss=0.0071 | t=0.1s
[finetune_replay] ep  18/90 | train loss=0.0028 top1=1.000 | val loss=0.0086 | t=0.1s
[finetune_replay] ep  19/90 | train loss=0.0034 top1=1.000 | val loss=0.0086 | t=0.1s
[finetune_replay] ep  20/90 | train loss=0.0037 top1=1.000 | val loss=0.0070 | t=0.1s
[finetune_replay] ep  21/90 | train loss=0.0029 top1=1.000 | val loss=0.0060 | t=0.1s
[finetune_replay] ep  22/90 | train loss=0.0022 top1=1.000 | val loss=0.0052 | t=0.1s
[finetune_replay] ep  23/90 | train loss=0.0025 top1=1.000 | val loss=0.0048 | t=0.1s
[finetune_replay] ep  24/90 | train loss=0.0035 top1=1.000 | val loss=0.0075 | t=0.1s
[finetune_replay] ep  25/90 | train loss=0.0037 top1=1.000 | val loss=0.0077 | t=0.1s
[finetune_replay] ep  26/90 | train loss=0.0026 top1=1.000 | val loss=0.0050 | t=0.1s
[finetune_replay] ep  27/90 | train loss=0.0024 top1=1.000 | val loss=0.0031 | t=0.1s  *
[finetune_replay] ep  28/90 | train loss=0.0022 top1=1.000 | val loss=0.0028 | t=0.1s  *
[finetune_replay] ep  29/90 | train loss=0.0019 top1=1.000 | val loss=0.0026 | t=0.1s  *
[finetune_replay] ep  30/90 | train loss=0.0017 top1=1.000 | val loss=0.0025 | t=0.1s  *
[finetune_replay] ep  31/90 | train loss=0.0017 top1=1.000 | val loss=0.0026 | t=0.1s
[finetune_replay] ep  32/90 | train loss=0.0024 top1=1.000 | val loss=0.0042 | t=0.1s
[finetune_replay] ep  33/90 | train loss=0.0018 top1=1.000 | val loss=0.0056 | t=0.1s
[finetune_replay] ep  34/90 | train loss=0.0018 top1=1.000 | val loss=0.0053 | t=0.1s
[finetune_replay] ep  35/90 | train loss=0.0019 top1=1.000 | val loss=0.0043 | t=0.1s
[finetune_replay] ep  36/90 | train loss=0.0023 top1=1.000 | val loss=0.0041 | t=0.1s
[finetune_replay] ep  37/90 | train loss=0.0013 top1=1.000 | val loss=0.0037 | t=0.1s
[finetune_replay] ep  38/90 | train loss=0.0027 top1=1.000 | val loss=0.0045 | t=0.1s
[finetune_replay] ep  39/90 | train loss=0.0019 top1=1.000 | val loss=0.0043 | t=0.1s
[finetune_replay] ep  40/90 | train loss=0.0020 top1=1.000 | val loss=0.0052 | t=0.1s
[finetune_replay] ep  41/90 | train loss=0.0014 top1=1.000 | val loss=0.0060 | t=0.1s
[finetune_replay] ep  42/90 | train loss=0.0018 top1=1.000 | val loss=0.0062 | t=0.1s
[finetune_replay] ep  43/90 | train loss=0.0014 top1=1.000 | val loss=0.0056 | t=0.1s
[finetune_replay] ep  44/90 | train loss=0.0022 top1=1.000 | val loss=0.0056 | t=0.1s
[finetune_replay] ep  45/90 | train loss=0.0014 top1=1.000 | val loss=0.0058 | t=0.1s
[finetune_replay] ep  46/90 | train loss=0.0019 top1=1.000 | val loss=0.0059 | t=0.1s
[finetune_replay] ep  47/90 | train loss=0.0015 top1=1.000 | val loss=0.0054 | t=0.1s
[finetune_replay] ep  48/90 | train loss=0.0017 top1=1.000 | val loss=0.0049 | t=0.1s
[finetune_replay] ep  49/90 | train loss=0.0020 top1=1.000 | val loss=0.0045 | t=0.1s
[finetune_replay] ep  50/90 | train loss=0.0015 top1=1.000 | val loss=0.0039 | t=0.1s
[finetune_replay] ep  51/90 | train loss=0.0014 top1=1.000 | val loss=0.0035 | t=0.1s
[finetune_replay] ep  52/90 | train loss=0.0014 top1=1.000 | val loss=0.0034 | t=0.2s
[finetune_replay] ep  53/90 | train loss=0.0014 top1=1.000 | val loss=0.0033 | t=0.1s
[finetune_replay] ep  54/90 | train loss=0.0014 top1=1.000 | val loss=0.0032 | t=0.1s
[finetune_replay] ep  55/90 | train loss=0.0014 top1=1.000 | val loss=0.0032 | t=0.1s
[finetune_replay] ep  56/90 | train loss=0.0013 top1=1.000 | val loss=0.0031 | t=0.1s
[finetune_replay] ep  57/90 | train loss=0.0017 top1=1.000 | val loss=0.0032 | t=0.1s
[finetune_replay] ep  58/90 | train loss=0.0011 top1=1.000 | val loss=0.0040 | t=0.1s
[finetune_replay] ep  59/90 | train loss=0.0017 top1=1.000 | val loss=0.0043 | t=0.1s
[finetune_replay] ep  60/90 | train loss=0.0014 top1=1.000 | val loss=0.0043 | t=0.1s
[finetune_replay] ep  61/90 | train loss=0.0012 top1=1.000 | val loss=0.0041 | t=0.1s
[finetune_replay] ep  62/90 | train loss=0.0012 top1=1.000 | val loss=0.0038 | t=0.1s
[finetune_replay] ep  63/90 | train loss=0.0016 top1=1.000 | val loss=0.0036 | t=0.1s
[finetune_replay] ep  64/90 | train loss=0.0012 top1=1.000 | val loss=0.0036 | t=0.1s
[finetune_replay] ep  65/90 | train loss=0.0018 top1=1.000 | val loss=0.0038 | t=0.1s
[finetune_replay] ep  66/90 | train loss=0.0013 top1=1.000 | val loss=0.0037 | t=0.1s
[finetune_replay] ep  67/90 | train loss=0.0012 top1=1.000 | val loss=0.0036 | t=0.1s
[finetune_replay] ep  68/90 | train loss=0.0016 top1=1.000 | val loss=0.0036 | t=0.1s
[finetune_replay] ep  69/90 | train loss=0.0012 top1=1.000 | val loss=0.0038 | t=0.1s
[finetune_replay] ep  70/90 | train loss=0.0015 top1=1.000 | val loss=0.0041 | t=0.1s
[finetune_replay] ep  71/90 | train loss=0.0013 top1=1.000 | val loss=0.0041 | t=0.1s
[finetune_replay] ep  72/90 | train loss=0.0015 top1=1.000 | val loss=0.0040 | t=0.1s
[finetune_replay] ep  73/90 | train loss=0.0012 top1=1.000 | val loss=0.0038 | t=0.1s
[finetune_replay] ep  74/90 | train loss=0.0014 top1=1.000 | val loss=0.0037 | t=0.1s
[finetune_replay] ep  75/90 | train loss=0.0013 top1=1.000 | val loss=0.0036 | t=0.1s
[finetune_replay] ep  76/90 | train loss=0.0010 top1=1.000 | val loss=0.0035 | t=0.1s
[finetune_replay] ep  77/90 | train loss=0.0014 top1=1.000 | val loss=0.0034 | t=0.1s
[finetune_replay] ep  78/90 | train loss=0.0011 top1=1.000 | val loss=0.0034 | t=0.1s
[finetune_replay] ep  79/90 | train loss=0.0010 top1=1.000 | val loss=0.0034 | t=0.1s
[finetune_replay] ep  80/90 | train loss=0.0017 top1=1.000 | val loss=0.0034 | t=0.1s
[finetune_replay] ep  81/90 | train loss=0.0015 top1=1.000 | val loss=0.0034 | t=0.1s
[finetune_replay] ep  82/90 | train loss=0.0013 top1=1.000 | val loss=0.0034 | t=0.1s
[finetune_replay] ep  83/90 | train loss=0.0019 top1=1.000 | val loss=0.0035 | t=0.1s
[finetune_replay] ep  84/90 | train loss=0.0012 top1=1.000 | val loss=0.0036 | t=0.1s
[finetune_replay] ep  85/90 | train loss=0.0012 top1=1.000 | val loss=0.0036 | t=0.1s
[finetune_replay] ep  86/90 | train loss=0.0012 top1=1.000 | val loss=0.0036 | t=0.1s
[finetune_replay] ep  87/90 | train loss=0.0015 top1=1.000 | val loss=0.0036 | t=0.1s
[finetune_replay] ep  88/90 | train loss=0.0013 top1=1.000 | val loss=0.0036 | t=0.1s
[finetune_replay] ep  89/90 | train loss=0.0013 top1=1.000 | val loss=0.0037 | t=0.1s
[finetune_replay] ep  90/90 | train loss=0.0011 top1=1.000 | val loss=0.0037 | t=0.1s
[finetune_replay] DONE best_val_loss=0.0025 @ epoch 30
[15:52:12] [bo-budget] $ /home/s226137394/.conda/envs/maze/bin/python3 -u -m Equivariant_pathway.equivariant_CNN_hybrid.rollout_test --checkpoint /weka/s226137394/DmNfull/Equivariant_pathway/equivariant_CNN_hybrid/baseline_vs_p4/pool_x_selector/results/run_6/p4_top3_rotate_e90/checkpoints/best_hybrid_policy.pth --layouts /weka/s226137394/DmNfull/Equivariant_pathway/equivariant_CNN_hybrid/baseline_vs_p4/shared/heldout_layouts.yaml --out_dir /weka/s226137394/DmNfull/Equivariant_pathway/equivariant_CNN_hybrid/baseline_vs_p4/pool_x_selector/results/run_6/p4_top3_rotate_e90/results/eval_round_002 --seed 8 --max_steps 60
[hybrid-rollout] 200 unique; running 200 eps
[hybrid-rollout] loaded /weka/s226137394/DmNfull/Equivariant_pathway/equivariant_CNN_hybrid/baseline_vs_p4/pool_x_selector/results/run_6/p4_top3_rotate_e90/checkpoints/best_hybrid_policy.pth
[hybrid-rollout] ep 0 (heldout_001): steps=5 success=True
[hybrid-rollout] ep 1 (heldout_002): steps=4 success=True
[hybrid-rollout] ep 2 (heldout_003): steps=4 success=True
[hybrid-rollout] ep 3 (heldout_004): steps=6 success=True
[hybrid-rollout] ep 4 (heldout_005): steps=5 success=True
[hybrid-rollout] ep 5 (heldout_006): steps=3 success=False
[hybrid-rollout] ep 6 (heldout_007): steps=60 success=False
[hybrid-rollout] ep 7 (heldout_008): steps=4 success=True
[hybrid-rollout] ep 8 (heldout_009): steps=2 success=False
[hybrid-rollout] ep 9 (heldout_010): steps=60 success=False
[hybrid-rollout] ep 10 (heldout_011): steps=4 success=True
[hybrid-rollout] ep 11 (heldout_012): steps=4 success=True
[hybrid-rollout] ep 12 (heldout_013): steps=60 success=False
[hybrid-rollout] ep 13 (heldout_014): steps=5 success=True
[hybrid-rollout] ep 14 (heldout_015): steps=4 success=True
[hybrid-rollout] ep 15 (heldout_016): steps=5 success=True
[hybrid-rollout] ep 16 (heldout_017): steps=4 success=True
[hybrid-rollout] ep 17 (heldout_018): steps=60 success=False
[hybrid-rollout] ep 18 (heldout_019): steps=60 success=False
[hybrid-rollout] ep 19 (heldout_020): steps=5 success=True
[hybrid-rollout] ep 20 (heldout_021): steps=4 success=True
[hybrid-rollout] ep 21 (heldout_022): steps=4 success=True
[hybrid-rollout] ep 22 (heldout_023): steps=60 success=False
[hybrid-rollout] ep 23 (heldout_024): steps=60 success=False
[hybrid-rollout] ep 24 (heldout_025): steps=4 success=True
[hybrid-rollout] ep 25 (heldout_026): steps=4 success=True
[hybrid-rollout] ep 26 (heldout_027): steps=4 success=True
[hybrid-rollout] ep 27 (heldout_028): steps=4 success=True
[hybrid-rollout] ep 28 (heldout_029): steps=60 success=False
[hybrid-rollout] ep 29 (heldout_030): steps=60 success=False
[hybrid-rollout] ep 30 (heldout_031): steps=7 success=True
[hybrid-rollout] ep 31 (heldout_032): steps=5 success=True
[hybrid-rollout] ep 32 (heldout_033): steps=4 success=True
[hybrid-rollout] ep 33 (heldout_034): steps=60 success=False
[hybrid-rollout] ep 34 (heldout_035): steps=60 success=False
[hybrid-rollout] ep 35 (heldout_036): steps=5 success=True
[hybrid-rollout] ep 36 (heldout_037): steps=4 success=True
[hybrid-rollout] ep 37 (heldout_038): steps=60 success=False
[hybrid-rollout] ep 38 (heldout_039): steps=6 success=True
[hybrid-rollout] ep 39 (heldout_040): steps=60 success=False
[hybrid-rollout] ep 40 (heldout_041): steps=6 success=True
[hybrid-rollout] ep 41 (heldout_042): steps=60 success=False
[hybrid-rollout] ep 42 (heldout_043): steps=4 success=True
[hybrid-rollout] ep 43 (heldout_044): steps=5 success=True
[hybrid-rollout] ep 44 (heldout_045): steps=5 success=True
[hybrid-rollout] ep 45 (heldout_046): steps=4 success=True
[hybrid-rollout] ep 46 (heldout_047): steps=60 success=False
[hybrid-rollout] ep 47 (heldout_048): steps=6 success=True
[hybrid-rollout] ep 48 (heldout_049): steps=60 success=False
[hybrid-rollout] ep 49 (heldout_050): steps=60 success=False
[hybrid-rollout] ep 50 (heldout_051): steps=4 success=True
[hybrid-rollout] ep 51 (heldout_052): steps=4 success=True
[hybrid-rollout] ep 52 (heldout_053): steps=6 success=True
[hybrid-rollout] ep 53 (heldout_054): steps=60 success=False
[hybrid-rollout] ep 54 (heldout_055): steps=60 success=False
[hybrid-rollout] ep 55 (heldout_056): steps=4 success=True
[hybrid-rollout] ep 56 (heldout_057): steps=4 success=True
[hybrid-rollout] ep 57 (heldout_058): steps=60 success=False
[hybrid-rollout] ep 58 (heldout_059): steps=5 success=True
[hybrid-rollout] ep 59 (heldout_060): steps=6 success=True
[hybrid-rollout] ep 60 (heldout_061): steps=5 success=True
[hybrid-rollout] ep 61 (heldout_062): steps=6 success=True
[hybrid-rollout] ep 62 (heldout_063): steps=5 success=True
[hybrid-rollout] ep 63 (heldout_064): steps=4 success=True
[hybrid-rollout] ep 64 (heldout_065): steps=60 success=False
[hybrid-rollout] ep 65 (heldout_066): steps=6 success=True
[hybrid-rollout] ep 66 (heldout_067): steps=5 success=True
[hybrid-rollout] ep 67 (heldout_068): steps=4 success=True
[hybrid-rollout] ep 68 (heldout_069): steps=60 success=False
[hybrid-rollout] ep 69 (heldout_070): steps=5 success=False
[hybrid-rollout] ep 70 (heldout_071): steps=60 success=False
[hybrid-rollout] ep 71 (heldout_072): steps=5 success=True
[hybrid-rollout] ep 72 (heldout_073): steps=3 success=False
[hybrid-rollout] ep 73 (heldout_074): steps=4 success=True
[hybrid-rollout] ep 74 (heldout_075): steps=5 success=True
[hybrid-rollout] ep 75 (heldout_076): steps=60 success=False
[hybrid-rollout] ep 76 (heldout_077): steps=4 success=True
[hybrid-rollout] ep 77 (heldout_078): steps=3 success=False
[hybrid-rollout] ep 78 (heldout_079): steps=4 success=True
[hybrid-rollout] ep 79 (heldout_080): steps=4 success=True
[hybrid-rollout] ep 80 (heldout_081): steps=60 success=False
[hybrid-rollout] ep 81 (heldout_082): steps=5 success=True
[hybrid-rollout] ep 82 (heldout_083): steps=4 success=True
[hybrid-rollout] ep 83 (heldout_084): steps=1 success=False
[hybrid-rollout] ep 84 (heldout_085): steps=60 success=False
[hybrid-rollout] ep 85 (heldout_086): steps=6 success=True
[hybrid-rollout] ep 86 (heldout_087): steps=60 success=False
[hybrid-rollout] ep 87 (heldout_088): steps=4 success=True
[hybrid-rollout] ep 88 (heldout_089): steps=3 success=False
[hybrid-rollout] ep 89 (heldout_090): steps=4 success=True
[hybrid-rollout] ep 90 (heldout_091): steps=4 success=False
[hybrid-rollout] ep 91 (heldout_092): steps=5 success=True
[hybrid-rollout] ep 92 (heldout_093): steps=1 success=False
[hybrid-rollout] ep 93 (heldout_094): steps=6 success=True
[hybrid-rollout] ep 94 (heldout_095): steps=7 success=True
[hybrid-rollout] ep 95 (heldout_096): steps=5 success=True
[hybrid-rollout] ep 96 (heldout_097): steps=5 success=True
[hybrid-rollout] ep 97 (heldout_098): steps=5 success=True
[hybrid-rollout] ep 98 (heldout_099): steps=60 success=False
[hybrid-rollout] ep 99 (heldout_100): steps=60 success=False
[hybrid-rollout] ep 100 (heldout_101): steps=4 success=True
[hybrid-rollout] ep 101 (heldout_102): steps=4 success=True
[hybrid-rollout] ep 102 (heldout_103): steps=60 success=False
[hybrid-rollout] ep 103 (heldout_104): steps=6 success=True
[hybrid-rollout] ep 104 (heldout_105): steps=6 success=True
[hybrid-rollout] ep 105 (heldout_106): steps=60 success=False
[hybrid-rollout] ep 106 (heldout_107): steps=4 success=True
[hybrid-rollout] ep 107 (heldout_108): steps=4 success=True
[hybrid-rollout] ep 108 (heldout_109): steps=4 success=True
[hybrid-rollout] ep 109 (heldout_110): steps=60 success=False
[hybrid-rollout] ep 110 (heldout_111): steps=60 success=False
[hybrid-rollout] ep 111 (heldout_112): steps=60 success=False
[hybrid-rollout] ep 112 (heldout_113): steps=5 success=True
[hybrid-rollout] ep 113 (heldout_114): steps=4 success=True
[hybrid-rollout] ep 114 (heldout_115): steps=4 success=True
[hybrid-rollout] ep 115 (heldout_116): steps=5 success=True
[hybrid-rollout] ep 116 (heldout_117): steps=1 success=False
[hybrid-rollout] ep 117 (heldout_118): steps=7 success=True
[hybrid-rollout] ep 118 (heldout_119): steps=60 success=False
[hybrid-rollout] ep 119 (heldout_120): steps=7 success=True
[hybrid-rollout] ep 120 (heldout_121): steps=4 success=True
[hybrid-rollout] ep 121 (heldout_122): steps=4 success=True
[hybrid-rollout] ep 122 (heldout_123): steps=6 success=True
[hybrid-rollout] ep 123 (heldout_124): steps=4 success=False
[hybrid-rollout] ep 124 (heldout_125): steps=4 success=True
[hybrid-rollout] ep 125 (heldout_126): steps=4 success=True
[hybrid-rollout] ep 126 (heldout_127): steps=60 success=False
[hybrid-rollout] ep 127 (heldout_128): steps=60 success=False
[hybrid-rollout] ep 128 (heldout_129): steps=4 success=True
[hybrid-rollout] ep 129 (heldout_130): steps=4 success=True
[hybrid-rollout] ep 130 (heldout_131): steps=60 success=False
[hybrid-rollout] ep 131 (heldout_132): steps=4 success=True
[hybrid-rollout] ep 132 (heldout_133): steps=4 success=True
[hybrid-rollout] ep 133 (heldout_134): steps=7 success=True
[hybrid-rollout] ep 134 (heldout_135): steps=6 success=True
[hybrid-rollout] ep 135 (heldout_136): steps=60 success=False
[hybrid-rollout] ep 136 (heldout_137): steps=5 success=True
[hybrid-rollout] ep 137 (heldout_138): steps=4 success=True
[hybrid-rollout] ep 138 (heldout_139): steps=4 success=True
[hybrid-rollout] ep 139 (heldout_140): steps=60 success=False
[hybrid-rollout] ep 140 (heldout_141): steps=60 success=False
[hybrid-rollout] ep 141 (heldout_142): steps=4 success=True
[hybrid-rollout] ep 142 (heldout_143): steps=6 success=True
[hybrid-rollout] ep 143 (heldout_144): steps=2 success=False
[hybrid-rollout] ep 144 (heldout_145): steps=5 success=True
[hybrid-rollout] ep 145 (heldout_146): steps=60 success=False
[hybrid-rollout] ep 146 (heldout_147): steps=4 success=True
[hybrid-rollout] ep 147 (heldout_148): steps=60 success=False
[hybrid-rollout] ep 148 (heldout_149): steps=60 success=False
[hybrid-rollout] ep 149 (heldout_150): steps=4 success=True
[hybrid-rollout] ep 150 (heldout_151): steps=5 success=True
[hybrid-rollout] ep 151 (heldout_152): steps=6 success=True
[hybrid-rollout] ep 152 (heldout_153): steps=5 success=True
[hybrid-rollout] ep 153 (heldout_154): steps=60 success=False
[hybrid-rollout] ep 154 (heldout_155): steps=60 success=False
[hybrid-rollout] ep 155 (heldout_156): steps=4 success=False
[hybrid-rollout] ep 156 (heldout_157): steps=4 success=True
[hybrid-rollout] ep 157 (heldout_158): steps=3 success=False
[hybrid-rollout] ep 158 (heldout_159): steps=6 success=True
[hybrid-rollout] ep 159 (heldout_160): steps=60 success=False
[hybrid-rollout] ep 160 (heldout_161): steps=60 success=False
[hybrid-rollout] ep 161 (heldout_162): steps=5 success=True
[hybrid-rollout] ep 162 (heldout_163): steps=4 success=True
[hybrid-rollout] ep 163 (heldout_164): steps=60 success=False
[hybrid-rollout] ep 164 (heldout_165): steps=5 success=True
[hybrid-rollout] ep 165 (heldout_166): steps=4 success=True
[hybrid-rollout] ep 166 (heldout_167): steps=60 success=False
[hybrid-rollout] ep 167 (heldout_168): steps=4 success=True
[hybrid-rollout] ep 168 (heldout_169): steps=4 success=False
[hybrid-rollout] ep 169 (heldout_170): steps=5 success=False
[hybrid-rollout] ep 170 (heldout_171): steps=60 success=False
[hybrid-rollout] ep 171 (heldout_172): steps=5 success=True
[hybrid-rollout] ep 172 (heldout_173): steps=4 success=True
[hybrid-rollout] ep 173 (heldout_174): steps=5 success=True
[hybrid-rollout] ep 174 (heldout_175): steps=7 success=True
[hybrid-rollout] ep 175 (heldout_176): steps=6 success=True
[hybrid-rollout] ep 176 (heldout_177): steps=6 success=True
[hybrid-rollout] ep 177 (heldout_178): steps=5 success=True
[hybrid-rollout] ep 178 (heldout_179): steps=5 success=True
[hybrid-rollout] ep 179 (heldout_180): steps=6 success=True
[hybrid-rollout] ep 180 (heldout_181): steps=5 success=True
[hybrid-rollout] ep 181 (heldout_182): steps=4 success=True
[hybrid-rollout] ep 182 (heldout_183): steps=5 success=True
[hybrid-rollout] ep 183 (heldout_184): steps=7 success=True
[hybrid-rollout] ep 184 (heldout_185): steps=5 success=True
[hybrid-rollout] ep 185 (heldout_186): steps=4 success=True
[hybrid-rollout] ep 186 (heldout_187): steps=5 success=True
[hybrid-rollout] ep 187 (heldout_188): steps=5 success=True
[hybrid-rollout] ep 188 (heldout_189): steps=60 success=False
[hybrid-rollout] ep 189 (heldout_190): steps=7 success=True
[hybrid-rollout] ep 190 (heldout_191): steps=4 success=True
[hybrid-rollout] ep 191 (heldout_192): steps=5 success=True
[hybrid-rollout] ep 192 (heldout_193): steps=7 success=True
[hybrid-rollout] ep 193 (heldout_194): steps=6 success=True
[hybrid-rollout] ep 194 (heldout_195): steps=5 success=True
[hybrid-rollout] ep 195 (heldout_196): steps=4 success=True
[hybrid-rollout] ep 196 (heldout_197): steps=5 success=True
[hybrid-rollout] ep 197 (heldout_198): steps=60 success=False
[hybrid-rollout] ep 198 (heldout_199): steps=60 success=False
[hybrid-rollout] ep 199 (heldout_200): steps=4 success=True
[hybrid-rollout] DONE successes=130/200
[15:54:00] [replay_p4] run 6 round 2: extras=2 heldout_sr=0.650
[15:54:00] [replay_p4] $ /home/s226137394/.conda/envs/maze/bin/python3 -u -m Equivariant_pathway.equivariant_CNN_hybrid.baseline_vs_p4.pool_x_selector.trainer.finetune_replay --demo_dir /weka/s226137394/DmNfull/Equivariant_pathway/equivariant_CNN_hybrid/baseline_vs_p4/pool_x_selector/results/run_6/p4_top3_rotate_e90/demos --checkpoint_dir /weka/s226137394/DmNfull/Equivariant_pathway/equivariant_CNN_hybrid/baseline_vs_p4/pool_x_selector/results/run_6/p4_top3_rotate_e90/checkpoints --epochs 90 --batch_size 64 --lr 5e-05 --weight_decay 0.0001 --replay_mix 0.5 --replay_mix_floor 0.2 --seed 6 --resume --new_demos_dir /weka/s226137394/DmNfull/Equivariant_pathway/equivariant_CNN_hybrid/baseline_vs_p4/pool_x_selector/results/run_6/p4_top3_rotate_e90/demos/round_003
[finetune_replay] device=cuda demo_dir=/weka/s226137394/DmNfull/Equivariant_pathway/equivariant_CNN_hybrid/baseline_vs_p4/pool_x_selector/results/run_6/p4_top3_rotate_e90/demos new_demos_dir=/weka/s226137394/DmNfull/Equivariant_pathway/equivariant_CNN_hybrid/baseline_vs_p4/pool_x_selector/results/run_6/p4_top3_rotate_e90/demos/round_003
[hybrid-dataset] 22 demos -> 114 samples
[hybrid-dataset] 1 demos -> 7 samples
[finetune_replay] sampler audit: {'n_old_samples': 114, 'n_new_samples': 7, 'replay_mix_target': 0.5, 'replay_mix_effective': 0.5, 'replay_mix_floor': 0.2}
[finetune_replay] trainable params: 1,400,028
[finetune_replay] WARM START from last_hybrid_policy.pth
[finetune_replay] ep   1/90 | train loss=0.3143 top1=0.927 | val loss=0.3604 | t=0.8s  *
[finetune_replay] ep   2/90 | train loss=0.0814 top1=0.982 | val loss=0.2691 | t=0.1s  *
[finetune_replay] ep   3/90 | train loss=0.0639 top1=1.000 | val loss=0.1933 | t=0.2s  *
[finetune_replay] ep   4/90 | train loss=0.0372 top1=1.000 | val loss=0.1763 | t=0.2s  *
[finetune_replay] ep   5/90 | train loss=0.0255 top1=1.000 | val loss=0.1710 | t=0.1s  *
[finetune_replay] ep   6/90 | train loss=0.0162 top1=1.000 | val loss=0.1382 | t=0.2s  *
[finetune_replay] ep   7/90 | train loss=0.0133 top1=1.000 | val loss=0.1188 | t=0.1s  *
[finetune_replay] ep   8/90 | train loss=0.0085 top1=1.000 | val loss=0.1171 | t=0.1s  *
[finetune_replay] ep   9/90 | train loss=0.0073 top1=1.000 | val loss=0.1265 | t=0.1s
[finetune_replay] ep  10/90 | train loss=0.0062 top1=1.000 | val loss=0.1449 | t=0.1s
[finetune_replay] ep  11/90 | train loss=0.0055 top1=1.000 | val loss=0.1269 | t=0.1s
[finetune_replay] ep  12/90 | train loss=0.0042 top1=1.000 | val loss=0.1236 | t=0.2s
[finetune_replay] ep  13/90 | train loss=0.0044 top1=1.000 | val loss=0.1282 | t=0.1s
[finetune_replay] ep  14/90 | train loss=0.0036 top1=1.000 | val loss=0.1373 | t=0.1s
[finetune_replay] ep  15/90 | train loss=0.0033 top1=1.000 | val loss=0.1369 | t=0.1s
[finetune_replay] ep  16/90 | train loss=0.0034 top1=1.000 | val loss=0.1344 | t=0.1s
[finetune_replay] ep  17/90 | train loss=0.0034 top1=1.000 | val loss=0.1353 | t=0.1s
[finetune_replay] ep  18/90 | train loss=0.0036 top1=1.000 | val loss=0.1346 | t=0.1s
[finetune_replay] ep  19/90 | train loss=0.0025 top1=1.000 | val loss=0.1332 | t=0.1s
[finetune_replay] ep  20/90 | train loss=0.0022 top1=1.000 | val loss=0.1297 | t=0.1s
[finetune_replay] ep  21/90 | train loss=0.0029 top1=1.000 | val loss=0.1291 | t=0.1s
[finetune_replay] ep  22/90 | train loss=0.0017 top1=1.000 | val loss=0.1267 | t=0.1s
[finetune_replay] ep  23/90 | train loss=0.0026 top1=1.000 | val loss=0.1203 | t=0.1s
[finetune_replay] ep  24/90 | train loss=0.0017 top1=1.000 | val loss=0.1159 | t=0.1s  *
[finetune_replay] ep  25/90 | train loss=0.0019 top1=1.000 | val loss=0.1157 | t=0.1s  *
[finetune_replay] ep  26/90 | train loss=0.0018 top1=1.000 | val loss=0.1194 | t=0.1s
[finetune_replay] ep  27/90 | train loss=0.0017 top1=1.000 | val loss=0.1224 | t=0.1s
[finetune_replay] ep  28/90 | train loss=0.0025 top1=1.000 | val loss=0.1270 | t=0.1s
[finetune_replay] ep  29/90 | train loss=0.0016 top1=1.000 | val loss=0.1304 | t=0.1s
[finetune_replay] ep  30/90 | train loss=0.0017 top1=1.000 | val loss=0.1253 | t=0.1s
[finetune_replay] ep  31/90 | train loss=0.0019 top1=1.000 | val loss=0.1227 | t=0.1s
[finetune_replay] ep  32/90 | train loss=0.0012 top1=1.000 | val loss=0.1231 | t=0.1s
[finetune_replay] ep  33/90 | train loss=0.0013 top1=1.000 | val loss=0.1236 | t=0.1s
[finetune_replay] ep  34/90 | train loss=0.0020 top1=1.000 | val loss=0.1230 | t=0.1s
[finetune_replay] ep  35/90 | train loss=0.0018 top1=1.000 | val loss=0.1208 | t=0.1s
[finetune_replay] ep  36/90 | train loss=0.0019 top1=1.000 | val loss=0.1195 | t=0.1s
[finetune_replay] ep  37/90 | train loss=0.0016 top1=1.000 | val loss=0.1215 | t=0.1s
[finetune_replay] ep  38/90 | train loss=0.0016 top1=1.000 | val loss=0.1244 | t=0.1s
[finetune_replay] ep  39/90 | train loss=0.0014 top1=1.000 | val loss=0.1309 | t=0.1s
[finetune_replay] ep  40/90 | train loss=0.0016 top1=1.000 | val loss=0.1355 | t=0.1s
[finetune_replay] ep  41/90 | train loss=0.0022 top1=1.000 | val loss=0.1363 | t=0.1s
[finetune_replay] ep  42/90 | train loss=0.0016 top1=1.000 | val loss=0.1302 | t=0.1s
[finetune_replay] ep  43/90 | train loss=0.0013 top1=1.000 | val loss=0.1268 | t=0.1s
[finetune_replay] ep  44/90 | train loss=0.0012 top1=1.000 | val loss=0.1252 | t=0.1s
[finetune_replay] ep  45/90 | train loss=0.0013 top1=1.000 | val loss=0.1245 | t=0.1s
[finetune_replay] ep  46/90 | train loss=0.0012 top1=1.000 | val loss=0.1236 | t=0.1s
[finetune_replay] ep  47/90 | train loss=0.0011 top1=1.000 | val loss=0.1227 | t=0.1s
[finetune_replay] ep  48/90 | train loss=0.0013 top1=1.000 | val loss=0.1233 | t=0.1s
[finetune_replay] ep  49/90 | train loss=0.0017 top1=1.000 | val loss=0.1257 | t=0.1s
[finetune_replay] ep  50/90 | train loss=0.0013 top1=1.000 | val loss=0.1290 | t=0.1s
[finetune_replay] ep  51/90 | train loss=0.0010 top1=1.000 | val loss=0.1326 | t=0.1s
[finetune_replay] ep  52/90 | train loss=0.0012 top1=1.000 | val loss=0.1344 | t=0.1s
[finetune_replay] ep  53/90 | train loss=0.0014 top1=1.000 | val loss=0.1333 | t=0.1s
[finetune_replay] ep  54/90 | train loss=0.0012 top1=1.000 | val loss=0.1301 | t=0.1s
[finetune_replay] ep  55/90 | train loss=0.0013 top1=1.000 | val loss=0.1271 | t=0.1s
[finetune_replay] ep  56/90 | train loss=0.0015 top1=1.000 | val loss=0.1260 | t=0.2s
[finetune_replay] ep  57/90 | train loss=0.0015 top1=1.000 | val loss=0.1263 | t=0.1s
[finetune_replay] ep  58/90 | train loss=0.0011 top1=1.000 | val loss=0.1265 | t=0.1s
[finetune_replay] ep  59/90 | train loss=0.0015 top1=1.000 | val loss=0.1287 | t=0.1s
[finetune_replay] ep  60/90 | train loss=0.0012 top1=1.000 | val loss=0.1296 | t=0.1s
[finetune_replay] ep  61/90 | train loss=0.0012 top1=1.000 | val loss=0.1302 | t=0.1s
[finetune_replay] ep  62/90 | train loss=0.0011 top1=1.000 | val loss=0.1316 | t=0.1s
[finetune_replay] ep  63/90 | train loss=0.0009 top1=1.000 | val loss=0.1324 | t=0.1s
[finetune_replay] ep  64/90 | train loss=0.0011 top1=1.000 | val loss=0.1318 | t=0.1s
[finetune_replay] ep  65/90 | train loss=0.0014 top1=1.000 | val loss=0.1311 | t=0.1s
[finetune_replay] ep  66/90 | train loss=0.0013 top1=1.000 | val loss=0.1302 | t=0.1s
[finetune_replay] ep  67/90 | train loss=0.0013 top1=1.000 | val loss=0.1280 | t=0.1s
[finetune_replay] ep  68/90 | train loss=0.0012 top1=1.000 | val loss=0.1274 | t=0.1s
[finetune_replay] ep  69/90 | train loss=0.0012 top1=1.000 | val loss=0.1273 | t=0.1s
[finetune_replay] ep  70/90 | train loss=0.0013 top1=1.000 | val loss=0.1274 | t=0.1s
[finetune_replay] ep  71/90 | train loss=0.0011 top1=1.000 | val loss=0.1281 | t=0.1s
[finetune_replay] ep  72/90 | train loss=0.0013 top1=1.000 | val loss=0.1284 | t=0.1s
[finetune_replay] ep  73/90 | train loss=0.0014 top1=1.000 | val loss=0.1291 | t=0.1s
[finetune_replay] ep  74/90 | train loss=0.0011 top1=1.000 | val loss=0.1294 | t=0.1s
[finetune_replay] ep  75/90 | train loss=0.0012 top1=1.000 | val loss=0.1298 | t=0.1s
[finetune_replay] ep  76/90 | train loss=0.0011 top1=1.000 | val loss=0.1301 | t=0.1s
[finetune_replay] ep  77/90 | train loss=0.0010 top1=1.000 | val loss=0.1303 | t=0.1s
[finetune_replay] ep  78/90 | train loss=0.0011 top1=1.000 | val loss=0.1297 | t=0.1s
[finetune_replay] ep  79/90 | train loss=0.0009 top1=1.000 | val loss=0.1299 | t=0.1s
[finetune_replay] ep  80/90 | train loss=0.0011 top1=1.000 | val loss=0.1295 | t=0.1s
[finetune_replay] ep  81/90 | train loss=0.0011 top1=1.000 | val loss=0.1295 | t=0.1s
[finetune_replay] ep  82/90 | train loss=0.0012 top1=1.000 | val loss=0.1296 | t=0.1s
[finetune_replay] ep  83/90 | train loss=0.0010 top1=1.000 | val loss=0.1296 | t=0.1s
[finetune_replay] ep  84/90 | train loss=0.0013 top1=1.000 | val loss=0.1293 | t=0.1s
[finetune_replay] ep  85/90 | train loss=0.0012 top1=1.000 | val loss=0.1288 | t=0.1s
[finetune_replay] ep  86/90 | train loss=0.0014 top1=1.000 | val loss=0.1288 | t=0.1s
[finetune_replay] ep  87/90 | train loss=0.0010 top1=1.000 | val loss=0.1288 | t=0.1s
[finetune_replay] ep  88/90 | train loss=0.0011 top1=1.000 | val loss=0.1287 | t=0.1s
[finetune_replay] ep  89/90 | train loss=0.0009 top1=1.000 | val loss=0.1289 | t=0.1s
[finetune_replay] ep  90/90 | train loss=0.0011 top1=1.000 | val loss=0.1289 | t=0.1s
[finetune_replay] DONE best_val_loss=0.1157 @ epoch 25
[15:54:23] [bo-budget] $ /home/s226137394/.conda/envs/maze/bin/python3 -u -m Equivariant_pathway.equivariant_CNN_hybrid.rollout_test --checkpoint /weka/s226137394/DmNfull/Equivariant_pathway/equivariant_CNN_hybrid/baseline_vs_p4/pool_x_selector/results/run_6/p4_top3_rotate_e90/checkpoints/best_hybrid_policy.pth --layouts /weka/s226137394/DmNfull/Equivariant_pathway/equivariant_CNN_hybrid/baseline_vs_p4/shared/heldout_layouts.yaml --out_dir /weka/s226137394/DmNfull/Equivariant_pathway/equivariant_CNN_hybrid/baseline_vs_p4/pool_x_selector/results/run_6/p4_top3_rotate_e90/results/eval_round_003 --seed 9 --max_steps 60
[hybrid-rollout] 200 unique; running 200 eps
[hybrid-rollout] loaded /weka/s226137394/DmNfull/Equivariant_pathway/equivariant_CNN_hybrid/baseline_vs_p4/pool_x_selector/results/run_6/p4_top3_rotate_e90/checkpoints/best_hybrid_policy.pth
[hybrid-rollout] ep 0 (heldout_001): steps=5 success=True
[hybrid-rollout] ep 1 (heldout_002): steps=4 success=True
[hybrid-rollout] ep 2 (heldout_003): steps=60 success=False
[hybrid-rollout] ep 3 (heldout_004): steps=60 success=False
[hybrid-rollout] ep 4 (heldout_005): steps=5 success=True
[hybrid-rollout] ep 5 (heldout_006): steps=3 success=False
[hybrid-rollout] ep 6 (heldout_007): steps=5 success=True
[hybrid-rollout] ep 7 (heldout_008): steps=4 success=True
[hybrid-rollout] ep 8 (heldout_009): steps=2 success=False
[hybrid-rollout] ep 9 (heldout_010): steps=60 success=False
[hybrid-rollout] ep 10 (heldout_011): steps=4 success=True
[hybrid-rollout] ep 11 (heldout_012): steps=4 success=True
[hybrid-rollout] ep 12 (heldout_013): steps=60 success=False
[hybrid-rollout] ep 13 (heldout_014): steps=5 success=True
[hybrid-rollout] ep 14 (heldout_015): steps=4 success=True
[hybrid-rollout] ep 15 (heldout_016): steps=5 success=True
[hybrid-rollout] ep 16 (heldout_017): steps=60 success=False
[hybrid-rollout] ep 17 (heldout_018): steps=60 success=False
[hybrid-rollout] ep 18 (heldout_019): steps=60 success=False
[hybrid-rollout] ep 19 (heldout_020): steps=5 success=True
[hybrid-rollout] ep 20 (heldout_021): steps=60 success=False
[hybrid-rollout] ep 21 (heldout_022): steps=60 success=False
[hybrid-rollout] ep 22 (heldout_023): steps=60 success=False
[hybrid-rollout] ep 23 (heldout_024): steps=60 success=False
[hybrid-rollout] ep 24 (heldout_025): steps=4 success=True
[hybrid-rollout] ep 25 (heldout_026): steps=4 success=True
[hybrid-rollout] ep 26 (heldout_027): steps=4 success=True
[hybrid-rollout] ep 27 (heldout_028): steps=4 success=True
[hybrid-rollout] ep 28 (heldout_029): steps=60 success=False
[hybrid-rollout] ep 29 (heldout_030): steps=60 success=False
[hybrid-rollout] ep 30 (heldout_031): steps=60 success=False
[hybrid-rollout] ep 31 (heldout_032): steps=5 success=True
[hybrid-rollout] ep 32 (heldout_033): steps=4 success=True
[hybrid-rollout] ep 33 (heldout_034): steps=60 success=False
[hybrid-rollout] ep 34 (heldout_035): steps=60 success=False
[hybrid-rollout] ep 35 (heldout_036): steps=5 success=True
[hybrid-rollout] ep 36 (heldout_037): steps=2 success=False
[hybrid-rollout] ep 37 (heldout_038): steps=60 success=False
[hybrid-rollout] ep 38 (heldout_039): steps=6 success=True
[hybrid-rollout] ep 39 (heldout_040): steps=7 success=True
[hybrid-rollout] ep 40 (heldout_041): steps=60 success=False
[hybrid-rollout] ep 41 (heldout_042): steps=4 success=True
[hybrid-rollout] ep 42 (heldout_043): steps=4 success=True
[hybrid-rollout] ep 43 (heldout_044): steps=5 success=True
[hybrid-rollout] ep 44 (heldout_045): steps=3 success=False
[hybrid-rollout] ep 45 (heldout_046): steps=4 success=True
[hybrid-rollout] ep 46 (heldout_047): steps=6 success=True
[hybrid-rollout] ep 47 (heldout_048): steps=6 success=True
[hybrid-rollout] ep 48 (heldout_049): steps=60 success=False
[hybrid-rollout] ep 49 (heldout_050): steps=4 success=True
[hybrid-rollout] ep 50 (heldout_051): steps=4 success=True
[hybrid-rollout] ep 51 (heldout_052): steps=4 success=True
[hybrid-rollout] ep 52 (heldout_053): steps=6 success=True
[hybrid-rollout] ep 53 (heldout_054): steps=4 success=True
[hybrid-rollout] ep 54 (heldout_055): steps=60 success=False
[hybrid-rollout] ep 55 (heldout_056): steps=4 success=True
[hybrid-rollout] ep 56 (heldout_057): steps=4 success=True
[hybrid-rollout] ep 57 (heldout_058): steps=4 success=True
[hybrid-rollout] ep 58 (heldout_059): steps=5 success=True
[hybrid-rollout] ep 59 (heldout_060): steps=6 success=True
[hybrid-rollout] ep 60 (heldout_061): steps=5 success=True
[hybrid-rollout] ep 61 (heldout_062): steps=6 success=True
[hybrid-rollout] ep 62 (heldout_063): steps=5 success=True
[hybrid-rollout] ep 63 (heldout_064): steps=4 success=True
[hybrid-rollout] ep 64 (heldout_065): steps=3 success=False
[hybrid-rollout] ep 65 (heldout_066): steps=6 success=True
[hybrid-rollout] ep 66 (heldout_067): steps=5 success=True
[hybrid-rollout] ep 67 (heldout_068): steps=4 success=True
[hybrid-rollout] ep 68 (heldout_069): steps=60 success=False
[hybrid-rollout] ep 69 (heldout_070): steps=60 success=False
[hybrid-rollout] ep 70 (heldout_071): steps=5 success=True
[hybrid-rollout] ep 71 (heldout_072): steps=5 success=True
[hybrid-rollout] ep 72 (heldout_073): steps=3 success=False
[hybrid-rollout] ep 73 (heldout_074): steps=4 success=True
[hybrid-rollout] ep 74 (heldout_075): steps=5 success=True
[hybrid-rollout] ep 75 (heldout_076): steps=60 success=False
[hybrid-rollout] ep 76 (heldout_077): steps=60 success=False
[hybrid-rollout] ep 77 (heldout_078): steps=3 success=False
[hybrid-rollout] ep 78 (heldout_079): steps=4 success=True
[hybrid-rollout] ep 79 (heldout_080): steps=4 success=True
[hybrid-rollout] ep 80 (heldout_081): steps=60 success=False
[hybrid-rollout] ep 81 (heldout_082): steps=5 success=True
[hybrid-rollout] ep 82 (heldout_083): steps=4 success=True
[hybrid-rollout] ep 83 (heldout_084): steps=1 success=False
[hybrid-rollout] ep 84 (heldout_085): steps=60 success=False
[hybrid-rollout] ep 85 (heldout_086): steps=6 success=True
[hybrid-rollout] ep 86 (heldout_087): steps=7 success=True
[hybrid-rollout] ep 87 (heldout_088): steps=4 success=True
[hybrid-rollout] ep 88 (heldout_089): steps=3 success=False
[hybrid-rollout] ep 89 (heldout_090): steps=4 success=True
[hybrid-rollout] ep 90 (heldout_091): steps=5 success=True
[hybrid-rollout] ep 91 (heldout_092): steps=5 success=True
[hybrid-rollout] ep 92 (heldout_093): steps=1 success=False
[hybrid-rollout] ep 93 (heldout_094): steps=6 success=True
[hybrid-rollout] ep 94 (heldout_095): steps=7 success=True
[hybrid-rollout] ep 95 (heldout_096): steps=5 success=True
[hybrid-rollout] ep 96 (heldout_097): steps=5 success=True
[hybrid-rollout] ep 97 (heldout_098): steps=5 success=True
[hybrid-rollout] ep 98 (heldout_099): steps=60 success=False
[hybrid-rollout] ep 99 (heldout_100): steps=60 success=False
[hybrid-rollout] ep 100 (heldout_101): steps=4 success=True
[hybrid-rollout] ep 101 (heldout_102): steps=4 success=True
[hybrid-rollout] ep 102 (heldout_103): steps=60 success=False
[hybrid-rollout] ep 103 (heldout_104): steps=6 success=True
[hybrid-rollout] ep 104 (heldout_105): steps=60 success=False
[hybrid-rollout] ep 105 (heldout_106): steps=60 success=False
[hybrid-rollout] ep 106 (heldout_107): steps=4 success=True
[hybrid-rollout] ep 107 (heldout_108): steps=4 success=True
[hybrid-rollout] ep 108 (heldout_109): steps=4 success=True
[hybrid-rollout] ep 109 (heldout_110): steps=60 success=False
[hybrid-rollout] ep 110 (heldout_111): steps=60 success=False
[hybrid-rollout] ep 111 (heldout_112): steps=60 success=False
[hybrid-rollout] ep 112 (heldout_113): steps=7 success=True
[hybrid-rollout] ep 113 (heldout_114): steps=60 success=False
[hybrid-rollout] ep 114 (heldout_115): steps=4 success=True
[hybrid-rollout] ep 115 (heldout_116): steps=5 success=True
[hybrid-rollout] ep 116 (heldout_117): steps=1 success=False
[hybrid-rollout] ep 117 (heldout_118): steps=60 success=False
[hybrid-rollout] ep 118 (heldout_119): steps=60 success=False
[hybrid-rollout] ep 119 (heldout_120): steps=7 success=True
[hybrid-rollout] ep 120 (heldout_121): steps=4 success=True
[hybrid-rollout] ep 121 (heldout_122): steps=60 success=False
[hybrid-rollout] ep 122 (heldout_123): steps=6 success=True
[hybrid-rollout] ep 123 (heldout_124): steps=4 success=False
[hybrid-rollout] ep 124 (heldout_125): steps=4 success=True
[hybrid-rollout] ep 125 (heldout_126): steps=4 success=True
[hybrid-rollout] ep 126 (heldout_127): steps=60 success=False
[hybrid-rollout] ep 127 (heldout_128): steps=60 success=False
[hybrid-rollout] ep 128 (heldout_129): steps=60 success=False
[hybrid-rollout] ep 129 (heldout_130): steps=4 success=True
[hybrid-rollout] ep 130 (heldout_131): steps=60 success=False
[hybrid-rollout] ep 131 (heldout_132): steps=4 success=True
[hybrid-rollout] ep 132 (heldout_133): steps=4 success=True
[hybrid-rollout] ep 133 (heldout_134): steps=60 success=False
[hybrid-rollout] ep 134 (heldout_135): steps=6 success=True
[hybrid-rollout] ep 135 (heldout_136): steps=5 success=True
[hybrid-rollout] ep 136 (heldout_137): steps=5 success=True
[hybrid-rollout] ep 137 (heldout_138): steps=4 success=True
[hybrid-rollout] ep 138 (heldout_139): steps=4 success=True
[hybrid-rollout] ep 139 (heldout_140): steps=60 success=False
[hybrid-rollout] ep 140 (heldout_141): steps=5 success=True
[hybrid-rollout] ep 141 (heldout_142): steps=4 success=True
[hybrid-rollout] ep 142 (heldout_143): steps=8 success=True
[hybrid-rollout] ep 143 (heldout_144): steps=4 success=True
[hybrid-rollout] ep 144 (heldout_145): steps=5 success=True
[hybrid-rollout] ep 145 (heldout_146): steps=60 success=False
[hybrid-rollout] ep 146 (heldout_147): steps=4 success=True
[hybrid-rollout] ep 147 (heldout_148): steps=60 success=False
[hybrid-rollout] ep 148 (heldout_149): steps=60 success=False
[hybrid-rollout] ep 149 (heldout_150): steps=4 success=True
[hybrid-rollout] ep 150 (heldout_151): steps=5 success=True
[hybrid-rollout] ep 151 (heldout_152): steps=1 success=False
[hybrid-rollout] ep 152 (heldout_153): steps=5 success=True
[hybrid-rollout] ep 153 (heldout_154): steps=60 success=False
[hybrid-rollout] ep 154 (heldout_155): steps=60 success=False
[hybrid-rollout] ep 155 (heldout_156): steps=60 success=False
[hybrid-rollout] ep 156 (heldout_157): steps=3 success=False
[hybrid-rollout] ep 157 (heldout_158): steps=3 success=False
[hybrid-rollout] ep 158 (heldout_159): steps=6 success=True
[hybrid-rollout] ep 159 (heldout_160): steps=60 success=False
[hybrid-rollout] ep 160 (heldout_161): steps=60 success=False
[hybrid-rollout] ep 161 (heldout_162): steps=5 success=True
[hybrid-rollout] ep 162 (heldout_163): steps=4 success=True
[hybrid-rollout] ep 163 (heldout_164): steps=60 success=False
[hybrid-rollout] ep 164 (heldout_165): steps=5 success=True
[hybrid-rollout] ep 165 (heldout_166): steps=60 success=False
[hybrid-rollout] ep 166 (heldout_167): steps=60 success=False
[hybrid-rollout] ep 167 (heldout_168): steps=4 success=True
[hybrid-rollout] ep 168 (heldout_169): steps=4 success=False
[hybrid-rollout] ep 169 (heldout_170): steps=5 success=False
[hybrid-rollout] ep 170 (heldout_171): steps=60 success=False
[hybrid-rollout] ep 171 (heldout_172): steps=5 success=True
[hybrid-rollout] ep 172 (heldout_173): steps=4 success=True
[hybrid-rollout] ep 173 (heldout_174): steps=60 success=False
[hybrid-rollout] ep 174 (heldout_175): steps=5 success=True
[hybrid-rollout] ep 175 (heldout_176): steps=6 success=True
[hybrid-rollout] ep 176 (heldout_177): steps=6 success=True
[hybrid-rollout] ep 177 (heldout_178): steps=5 success=True
[hybrid-rollout] ep 178 (heldout_179): steps=60 success=False
[hybrid-rollout] ep 179 (heldout_180): steps=4 success=True
[hybrid-rollout] ep 180 (heldout_181): steps=5 success=True
[hybrid-rollout] ep 181 (heldout_182): steps=4 success=True
[hybrid-rollout] ep 182 (heldout_183): steps=5 success=True
[hybrid-rollout] ep 183 (heldout_184): steps=5 success=False
[hybrid-rollout] ep 184 (heldout_185): steps=60 success=False
[hybrid-rollout] ep 185 (heldout_186): steps=4 success=True
[hybrid-rollout] ep 186 (heldout_187): steps=5 success=True
[hybrid-rollout] ep 187 (heldout_188): steps=5 success=True
[hybrid-rollout] ep 188 (heldout_189): steps=60 success=False
[hybrid-rollout] ep 189 (heldout_190): steps=7 success=True
[hybrid-rollout] ep 190 (heldout_191): steps=6 success=True
[hybrid-rollout] ep 191 (heldout_192): steps=7 success=True
[hybrid-rollout] ep 192 (heldout_193): steps=60 success=False
[hybrid-rollout] ep 193 (heldout_194): steps=6 success=True
[hybrid-rollout] ep 194 (heldout_195): steps=5 success=True
[hybrid-rollout] ep 195 (heldout_196): steps=4 success=True
[hybrid-rollout] ep 196 (heldout_197): steps=5 success=True
[hybrid-rollout] ep 197 (heldout_198): steps=60 success=False
[hybrid-rollout] ep 198 (heldout_199): steps=4 success=True
[hybrid-rollout] ep 199 (heldout_200): steps=4 success=True
[hybrid-rollout] DONE successes=120/200
[15:56:13] [replay_p4] run 6 round 3: extras=3 heldout_sr=0.600
[15:56:13] [replay_p4] $ /home/s226137394/.conda/envs/maze/bin/python3 -u -m Equivariant_pathway.equivariant_CNN_hybrid.baseline_vs_p4.pool_x_selector.trainer.finetune_replay --demo_dir /weka/s226137394/DmNfull/Equivariant_pathway/equivariant_CNN_hybrid/baseline_vs_p4/pool_x_selector/results/run_6/p4_top3_rotate_e90/demos --checkpoint_dir /weka/s226137394/DmNfull/Equivariant_pathway/equivariant_CNN_hybrid/baseline_vs_p4/pool_x_selector/results/run_6/p4_top3_rotate_e90/checkpoints --epochs 90 --batch_size 64 --lr 5e-05 --weight_decay 0.0001 --replay_mix 0.5 --replay_mix_floor 0.2 --seed 6 --resume --new_demos_dir /weka/s226137394/DmNfull/Equivariant_pathway/equivariant_CNN_hybrid/baseline_vs_p4/pool_x_selector/results/run_6/p4_top3_rotate_e90/demos/round_004
[finetune_replay] device=cuda demo_dir=/weka/s226137394/DmNfull/Equivariant_pathway/equivariant_CNN_hybrid/baseline_vs_p4/pool_x_selector/results/run_6/p4_top3_rotate_e90/demos new_demos_dir=/weka/s226137394/DmNfull/Equivariant_pathway/equivariant_CNN_hybrid/baseline_vs_p4/pool_x_selector/results/run_6/p4_top3_rotate_e90/demos/round_004
[hybrid-dataset] 23 demos -> 121 samples
[hybrid-dataset] 1 demos -> 4 samples
[finetune_replay] sampler audit: {'n_old_samples': 121, 'n_new_samples': 4, 'replay_mix_target': 0.5, 'replay_mix_effective': 0.5, 'replay_mix_floor': 0.2}
[finetune_replay] trainable params: 1,400,028
[finetune_replay] WARM START from last_hybrid_policy.pth
[finetune_replay] ep   1/90 | train loss=0.5844 top1=0.894 | val loss=0.3666 | t=0.7s  *
[finetune_replay] ep   2/90 | train loss=0.0743 top1=0.991 | val loss=0.2303 | t=0.2s  *
[finetune_replay] ep   3/90 | train loss=0.0318 top1=0.991 | val loss=0.1407 | t=0.1s  *
[finetune_replay] ep   4/90 | train loss=0.0520 top1=0.982 | val loss=0.3155 | t=0.1s
[finetune_replay] ep   5/90 | train loss=0.0142 top1=1.000 | val loss=0.3638 | t=0.2s
[finetune_replay] ep   6/90 | train loss=0.0080 top1=1.000 | val loss=0.3092 | t=0.1s
[finetune_replay] ep   7/90 | train loss=0.0166 top1=1.000 | val loss=0.2461 | t=0.1s
[finetune_replay] ep   8/90 | train loss=0.0151 top1=1.000 | val loss=0.3238 | t=0.1s
[finetune_replay] ep   9/90 | train loss=0.0082 top1=1.000 | val loss=0.4038 | t=0.1s
[finetune_replay] ep  10/90 | train loss=0.0061 top1=1.000 | val loss=0.4200 | t=0.2s
[finetune_replay] ep  11/90 | train loss=0.0044 top1=1.000 | val loss=0.3934 | t=0.1s
[finetune_replay] ep  12/90 | train loss=0.0030 top1=1.000 | val loss=0.3175 | t=0.1s
[finetune_replay] ep  13/90 | train loss=0.0053 top1=1.000 | val loss=0.3256 | t=0.1s
[finetune_replay] ep  14/90 | train loss=0.0031 top1=1.000 | val loss=0.3434 | t=0.1s
[finetune_replay] ep  15/90 | train loss=0.0044 top1=1.000 | val loss=0.2873 | t=0.1s
[finetune_replay] ep  16/90 | train loss=0.0025 top1=1.000 | val loss=0.2733 | t=0.1s
[finetune_replay] ep  17/90 | train loss=0.0028 top1=1.000 | val loss=0.2836 | t=0.1s
[finetune_replay] ep  18/90 | train loss=0.0024 top1=1.000 | val loss=0.2776 | t=0.1s
[finetune_replay] ep  19/90 | train loss=0.0021 top1=1.000 | val loss=0.2603 | t=0.1s
[finetune_replay] ep  20/90 | train loss=0.0033 top1=1.000 | val loss=0.2348 | t=0.1s
[finetune_replay] ep  21/90 | train loss=0.0018 top1=1.000 | val loss=0.2457 | t=0.1s
[finetune_replay] ep  22/90 | train loss=0.0019 top1=1.000 | val loss=0.2911 | t=0.1s
[finetune_replay] ep  23/90 | train loss=0.0033 top1=1.000 | val loss=0.3115 | t=0.2s
[finetune_replay] ep  24/90 | train loss=0.0020 top1=1.000 | val loss=0.2971 | t=0.1s
[finetune_replay] ep  25/90 | train loss=0.0022 top1=1.000 | val loss=0.2852 | t=0.1s
[finetune_replay] ep  26/90 | train loss=0.0019 top1=1.000 | val loss=0.2969 | t=0.1s
[finetune_replay] ep  27/90 | train loss=0.0020 top1=1.000 | val loss=0.3136 | t=0.1s
[finetune_replay] ep  28/90 | train loss=0.0023 top1=1.000 | val loss=0.3126 | t=0.1s
[finetune_replay] ep  29/90 | train loss=0.0012 top1=1.000 | val loss=0.3327 | t=0.1s
[finetune_replay] ep  30/90 | train loss=0.0021 top1=1.000 | val loss=0.3237 | t=0.1s
[finetune_replay] ep  31/90 | train loss=0.0012 top1=1.000 | val loss=0.3138 | t=0.1s
[finetune_replay] ep  32/90 | train loss=0.0017 top1=1.000 | val loss=0.3128 | t=0.1s
[finetune_replay] ep  33/90 | train loss=0.0016 top1=1.000 | val loss=0.3070 | t=0.1s
[finetune_replay] ep  34/90 | train loss=0.0018 top1=1.000 | val loss=0.3029 | t=0.1s
[finetune_replay] ep  35/90 | train loss=0.0017 top1=1.000 | val loss=0.2807 | t=0.1s
[finetune_replay] ep  36/90 | train loss=0.0014 top1=1.000 | val loss=0.2730 | t=0.1s
[finetune_replay] ep  37/90 | train loss=0.0013 top1=1.000 | val loss=0.2959 | t=0.1s
[finetune_replay] ep  38/90 | train loss=0.0019 top1=1.000 | val loss=0.3135 | t=0.1s
[finetune_replay] ep  39/90 | train loss=0.0010 top1=1.000 | val loss=0.3306 | t=0.1s
[finetune_replay] ep  40/90 | train loss=0.0014 top1=1.000 | val loss=0.3286 | t=0.1s
[finetune_replay] ep  41/90 | train loss=0.0011 top1=1.000 | val loss=0.3174 | t=0.2s
[finetune_replay] ep  42/90 | train loss=0.0016 top1=1.000 | val loss=0.3012 | t=0.1s
[finetune_replay] ep  43/90 | train loss=0.0014 top1=1.000 | val loss=0.2958 | t=0.1s
[finetune_replay] ep  44/90 | train loss=0.0013 top1=1.000 | val loss=0.2981 | t=0.1s
[finetune_replay] ep  45/90 | train loss=0.0013 top1=1.000 | val loss=0.3083 | t=0.1s
[finetune_replay] ep  46/90 | train loss=0.0011 top1=1.000 | val loss=0.3126 | t=0.1s
[finetune_replay] ep  47/90 | train loss=0.0014 top1=1.000 | val loss=0.3145 | t=0.1s
[finetune_replay] ep  48/90 | train loss=0.0013 top1=1.000 | val loss=0.3154 | t=0.1s
[finetune_replay] ep  49/90 | train loss=0.0012 top1=1.000 | val loss=0.3124 | t=0.1s
[finetune_replay] ep  50/90 | train loss=0.0016 top1=1.000 | val loss=0.3051 | t=0.1s
[finetune_replay] ep  51/90 | train loss=0.0009 top1=1.000 | val loss=0.3100 | t=0.1s
[finetune_replay] ep  52/90 | train loss=0.0014 top1=1.000 | val loss=0.3195 | t=0.1s
[finetune_replay] ep  53/90 | train loss=0.0012 top1=1.000 | val loss=0.3218 | t=0.1s
[finetune_replay] ep  54/90 | train loss=0.0012 top1=1.000 | val loss=0.3177 | t=0.1s
[finetune_replay] ep  55/90 | train loss=0.0012 top1=1.000 | val loss=0.3153 | t=0.1s
[finetune_replay] ep  56/90 | train loss=0.0015 top1=1.000 | val loss=0.3142 | t=0.1s
[finetune_replay] ep  57/90 | train loss=0.0010 top1=1.000 | val loss=0.3121 | t=0.1s
[finetune_replay] ep  58/90 | train loss=0.0009 top1=1.000 | val loss=0.3112 | t=0.1s
[finetune_replay] ep  59/90 | train loss=0.0013 top1=1.000 | val loss=0.3119 | t=0.1s
[finetune_replay] ep  60/90 | train loss=0.0012 top1=1.000 | val loss=0.3145 | t=0.1s
[finetune_replay] ep  61/90 | train loss=0.0013 top1=1.000 | val loss=0.3111 | t=0.1s
[finetune_replay] ep  62/90 | train loss=0.0015 top1=1.000 | val loss=0.3090 | t=0.1s
[finetune_replay] ep  63/90 | train loss=0.0008 top1=1.000 | val loss=0.3127 | t=0.1s
[finetune_replay] ep  64/90 | train loss=0.0010 top1=1.000 | val loss=0.3147 | t=0.1s
[finetune_replay] ep  65/90 | train loss=0.0011 top1=1.000 | val loss=0.3242 | t=0.1s
[finetune_replay] ep  66/90 | train loss=0.0013 top1=1.000 | val loss=0.3286 | t=0.1s
[finetune_replay] ep  67/90 | train loss=0.0012 top1=1.000 | val loss=0.3323 | t=0.1s
[finetune_replay] ep  68/90 | train loss=0.0012 top1=1.000 | val loss=0.3334 | t=0.1s
[finetune_replay] ep  69/90 | train loss=0.0007 top1=1.000 | val loss=0.3328 | t=0.1s
[finetune_replay] ep  70/90 | train loss=0.0008 top1=1.000 | val loss=0.3309 | t=0.1s
[finetune_replay] ep  71/90 | train loss=0.0013 top1=1.000 | val loss=0.3283 | t=0.1s
[finetune_replay] ep  72/90 | train loss=0.0010 top1=1.000 | val loss=0.3266 | t=0.1s
[finetune_replay] ep  73/90 | train loss=0.0009 top1=1.000 | val loss=0.3252 | t=0.1s
[finetune_replay] ep  74/90 | train loss=0.0012 top1=1.000 | val loss=0.3243 | t=0.1s
[finetune_replay] ep  75/90 | train loss=0.0011 top1=1.000 | val loss=0.3244 | t=0.1s
[finetune_replay] ep  76/90 | train loss=0.0011 top1=1.000 | val loss=0.3244 | t=0.1s
[finetune_replay] ep  77/90 | train loss=0.0009 top1=1.000 | val loss=0.3248 | t=0.1s
[finetune_replay] ep  78/90 | train loss=0.0012 top1=1.000 | val loss=0.3235 | t=0.1s
[finetune_replay] ep  79/90 | train loss=0.0011 top1=1.000 | val loss=0.3227 | t=0.1s
[finetune_replay] ep  80/90 | train loss=0.0014 top1=1.000 | val loss=0.3211 | t=0.1s
[finetune_replay] ep  81/90 | train loss=0.0008 top1=1.000 | val loss=0.3211 | t=0.1s
[finetune_replay] ep  82/90 | train loss=0.0010 top1=1.000 | val loss=0.3206 | t=0.1s
[finetune_replay] ep  83/90 | train loss=0.0009 top1=1.000 | val loss=0.3213 | t=0.1s
[finetune_replay] ep  84/90 | train loss=0.0011 top1=1.000 | val loss=0.3203 | t=0.1s
[finetune_replay] ep  85/90 | train loss=0.0010 top1=1.000 | val loss=0.3204 | t=0.1s
[finetune_replay] ep  86/90 | train loss=0.0010 top1=1.000 | val loss=0.3198 | t=0.1s
[finetune_replay] ep  87/90 | train loss=0.0009 top1=1.000 | val loss=0.3200 | t=0.1s
[finetune_replay] ep  88/90 | train loss=0.0011 top1=1.000 | val loss=0.3201 | t=0.1s
[finetune_replay] ep  89/90 | train loss=0.0014 top1=1.000 | val loss=0.3196 | t=0.1s
[finetune_replay] ep  90/90 | train loss=0.0015 top1=1.000 | val loss=0.3194 | t=0.1s
[finetune_replay] DONE best_val_loss=0.1407 @ epoch 3
[15:56:36] [bo-budget] $ /home/s226137394/.conda/envs/maze/bin/python3 -u -m Equivariant_pathway.equivariant_CNN_hybrid.rollout_test --checkpoint /weka/s226137394/DmNfull/Equivariant_pathway/equivariant_CNN_hybrid/baseline_vs_p4/pool_x_selector/results/run_6/p4_top3_rotate_e90/checkpoints/best_hybrid_policy.pth --layouts /weka/s226137394/DmNfull/Equivariant_pathway/equivariant_CNN_hybrid/baseline_vs_p4/shared/heldout_layouts.yaml --out_dir /weka/s226137394/DmNfull/Equivariant_pathway/equivariant_CNN_hybrid/baseline_vs_p4/pool_x_selector/results/run_6/p4_top3_rotate_e90/results/eval_round_004 --seed 10 --max_steps 60
[hybrid-rollout] 200 unique; running 200 eps
[hybrid-rollout] loaded /weka/s226137394/DmNfull/Equivariant_pathway/equivariant_CNN_hybrid/baseline_vs_p4/pool_x_selector/results/run_6/p4_top3_rotate_e90/checkpoints/best_hybrid_policy.pth
[hybrid-rollout] ep 0 (heldout_001): steps=5 success=True
[hybrid-rollout] ep 1 (heldout_002): steps=4 success=True
[hybrid-rollout] ep 2 (heldout_003): steps=4 success=True
[hybrid-rollout] ep 3 (heldout_004): steps=60 success=False
[hybrid-rollout] ep 4 (heldout_005): steps=5 success=True
[hybrid-rollout] ep 5 (heldout_006): steps=3 success=False
[hybrid-rollout] ep 6 (heldout_007): steps=60 success=False
[hybrid-rollout] ep 7 (heldout_008): steps=4 success=True
[hybrid-rollout] ep 8 (heldout_009): steps=6 success=True
[hybrid-rollout] ep 9 (heldout_010): steps=60 success=False
[hybrid-rollout] ep 10 (heldout_011): steps=4 success=True
[hybrid-rollout] ep 11 (heldout_012): steps=4 success=True
[hybrid-rollout] ep 12 (heldout_013): steps=60 success=False
[hybrid-rollout] ep 13 (heldout_014): steps=5 success=True
[hybrid-rollout] ep 14 (heldout_015): steps=4 success=True
[hybrid-rollout] ep 15 (heldout_016): steps=5 success=True
[hybrid-rollout] ep 16 (heldout_017): steps=60 success=False
[hybrid-rollout] ep 17 (heldout_018): steps=60 success=False
[hybrid-rollout] ep 18 (heldout_019): steps=60 success=False
[hybrid-rollout] ep 19 (heldout_020): steps=5 success=True
[hybrid-rollout] ep 20 (heldout_021): steps=4 success=True
[hybrid-rollout] ep 21 (heldout_022): steps=4 success=True
[hybrid-rollout] ep 22 (heldout_023): steps=60 success=False
[hybrid-rollout] ep 23 (heldout_024): steps=60 success=False
[hybrid-rollout] ep 24 (heldout_025): steps=4 success=True
[hybrid-rollout] ep 25 (heldout_026): steps=4 success=True
[hybrid-rollout] ep 26 (heldout_027): steps=4 success=True
[hybrid-rollout] ep 27 (heldout_028): steps=4 success=True
[hybrid-rollout] ep 28 (heldout_029): steps=60 success=False
[hybrid-rollout] ep 29 (heldout_030): steps=60 success=False
[hybrid-rollout] ep 30 (heldout_031): steps=60 success=False
[hybrid-rollout] ep 31 (heldout_032): steps=1 success=False
[hybrid-rollout] ep 32 (heldout_033): steps=4 success=True
[hybrid-rollout] ep 33 (heldout_034): steps=60 success=False
[hybrid-rollout] ep 34 (heldout_035): steps=60 success=False
[hybrid-rollout] ep 35 (heldout_036): steps=5 success=True
[hybrid-rollout] ep 36 (heldout_037): steps=4 success=True
[hybrid-rollout] ep 37 (heldout_038): steps=5 success=True
[hybrid-rollout] ep 38 (heldout_039): steps=6 success=True
[hybrid-rollout] ep 39 (heldout_040): steps=5 success=True
[hybrid-rollout] ep 40 (heldout_041): steps=60 success=False
[hybrid-rollout] ep 41 (heldout_042): steps=4 success=True
[hybrid-rollout] ep 42 (heldout_043): steps=4 success=True
[hybrid-rollout] ep 43 (heldout_044): steps=60 success=False
[hybrid-rollout] ep 44 (heldout_045): steps=5 success=True
[hybrid-rollout] ep 45 (heldout_046): steps=4 success=True
[hybrid-rollout] ep 46 (heldout_047): steps=4 success=True
[hybrid-rollout] ep 47 (heldout_048): steps=6 success=True
[hybrid-rollout] ep 48 (heldout_049): steps=60 success=False
[hybrid-rollout] ep 49 (heldout_050): steps=60 success=False
[hybrid-rollout] ep 50 (heldout_051): steps=4 success=True
[hybrid-rollout] ep 51 (heldout_052): steps=4 success=True
[hybrid-rollout] ep 52 (heldout_053): steps=6 success=True
[hybrid-rollout] ep 53 (heldout_054): steps=60 success=False
[hybrid-rollout] ep 54 (heldout_055): steps=60 success=False
[hybrid-rollout] ep 55 (heldout_056): steps=4 success=True
[hybrid-rollout] ep 56 (heldout_057): steps=2 success=False
[hybrid-rollout] ep 57 (heldout_058): steps=4 success=True
[hybrid-rollout] ep 58 (heldout_059): steps=5 success=True
[hybrid-rollout] ep 59 (heldout_060): steps=6 success=True
[hybrid-rollout] ep 60 (heldout_061): steps=5 success=True
[hybrid-rollout] ep 61 (heldout_062): steps=6 success=True
[hybrid-rollout] ep 62 (heldout_063): steps=5 success=True
[hybrid-rollout] ep 63 (heldout_064): steps=4 success=True
[hybrid-rollout] ep 64 (heldout_065): steps=7 success=True
[hybrid-rollout] ep 65 (heldout_066): steps=6 success=True
[hybrid-rollout] ep 66 (heldout_067): steps=5 success=True
[hybrid-rollout] ep 67 (heldout_068): steps=6 success=True
[hybrid-rollout] ep 68 (heldout_069): steps=60 success=False
[hybrid-rollout] ep 69 (heldout_070): steps=60 success=False
[hybrid-rollout] ep 70 (heldout_071): steps=5 success=True
[hybrid-rollout] ep 71 (heldout_072): steps=5 success=True
[hybrid-rollout] ep 72 (heldout_073): steps=3 success=False
[hybrid-rollout] ep 73 (heldout_074): steps=4 success=True
[hybrid-rollout] ep 74 (heldout_075): steps=5 success=True
[hybrid-rollout] ep 75 (heldout_076): steps=60 success=False
[hybrid-rollout] ep 76 (heldout_077): steps=4 success=True
[hybrid-rollout] ep 77 (heldout_078): steps=3 success=False
[hybrid-rollout] ep 78 (heldout_079): steps=4 success=True
[hybrid-rollout] ep 79 (heldout_080): steps=4 success=True
[hybrid-rollout] ep 80 (heldout_081): steps=60 success=False
[hybrid-rollout] ep 81 (heldout_082): steps=60 success=False
[hybrid-rollout] ep 82 (heldout_083): steps=60 success=False
[hybrid-rollout] ep 83 (heldout_084): steps=5 success=True
[hybrid-rollout] ep 84 (heldout_085): steps=60 success=False
[hybrid-rollout] ep 85 (heldout_086): steps=6 success=True
[hybrid-rollout] ep 86 (heldout_087): steps=60 success=False
[hybrid-rollout] ep 87 (heldout_088): steps=4 success=True
[hybrid-rollout] ep 88 (heldout_089): steps=3 success=False
[hybrid-rollout] ep 89 (heldout_090): steps=4 success=True
[hybrid-rollout] ep 90 (heldout_091): steps=4 success=False
[hybrid-rollout] ep 91 (heldout_092): steps=5 success=True
[hybrid-rollout] ep 92 (heldout_093): steps=6 success=True
[hybrid-rollout] ep 93 (heldout_094): steps=6 success=True
[hybrid-rollout] ep 94 (heldout_095): steps=7 success=True
[hybrid-rollout] ep 95 (heldout_096): steps=5 success=True
[hybrid-rollout] ep 96 (heldout_097): steps=5 success=True
[hybrid-rollout] ep 97 (heldout_098): steps=5 success=True
[hybrid-rollout] ep 98 (heldout_099): steps=60 success=False
[hybrid-rollout] ep 99 (heldout_100): steps=60 success=False
[hybrid-rollout] ep 100 (heldout_101): steps=4 success=True
[hybrid-rollout] ep 101 (heldout_102): steps=4 success=True
[hybrid-rollout] ep 102 (heldout_103): steps=60 success=False
[hybrid-rollout] ep 103 (heldout_104): steps=6 success=True
[hybrid-rollout] ep 104 (heldout_105): steps=60 success=False
[hybrid-rollout] ep 105 (heldout_106): steps=60 success=False
[hybrid-rollout] ep 106 (heldout_107): steps=4 success=True
[hybrid-rollout] ep 107 (heldout_108): steps=4 success=True
[hybrid-rollout] ep 108 (heldout_109): steps=4 success=True
[hybrid-rollout] ep 109 (heldout_110): steps=60 success=False
[hybrid-rollout] ep 110 (heldout_111): steps=6 success=True
[hybrid-rollout] ep 111 (heldout_112): steps=60 success=False
[hybrid-rollout] ep 112 (heldout_113): steps=7 success=True
[hybrid-rollout] ep 113 (heldout_114): steps=60 success=False
[hybrid-rollout] ep 114 (heldout_115): steps=4 success=True
[hybrid-rollout] ep 115 (heldout_116): steps=5 success=True
[hybrid-rollout] ep 116 (heldout_117): steps=5 success=True
[hybrid-rollout] ep 117 (heldout_118): steps=7 success=True
[hybrid-rollout] ep 118 (heldout_119): steps=4 success=True
[hybrid-rollout] ep 119 (heldout_120): steps=60 success=False
[hybrid-rollout] ep 120 (heldout_121): steps=60 success=False
[hybrid-rollout] ep 121 (heldout_122): steps=4 success=True
[hybrid-rollout] ep 122 (heldout_123): steps=60 success=False
[hybrid-rollout] ep 123 (heldout_124): steps=60 success=False
[hybrid-rollout] ep 124 (heldout_125): steps=4 success=True
[hybrid-rollout] ep 125 (heldout_126): steps=60 success=False
[hybrid-rollout] ep 126 (heldout_127): steps=60 success=False
[hybrid-rollout] ep 127 (heldout_128): steps=60 success=False
[hybrid-rollout] ep 128 (heldout_129): steps=60 success=False
[hybrid-rollout] ep 129 (heldout_130): steps=4 success=True
[hybrid-rollout] ep 130 (heldout_131): steps=60 success=False
[hybrid-rollout] ep 131 (heldout_132): steps=4 success=True
[hybrid-rollout] ep 132 (heldout_133): steps=4 success=True
[hybrid-rollout] ep 133 (heldout_134): steps=60 success=False
[hybrid-rollout] ep 134 (heldout_135): steps=6 success=True
[hybrid-rollout] ep 135 (heldout_136): steps=5 success=True
[hybrid-rollout] ep 136 (heldout_137): steps=60 success=False
[hybrid-rollout] ep 137 (heldout_138): steps=4 success=True
[hybrid-rollout] ep 138 (heldout_139): steps=4 success=True
[hybrid-rollout] ep 139 (heldout_140): steps=60 success=False
[hybrid-rollout] ep 140 (heldout_141): steps=60 success=False
[hybrid-rollout] ep 141 (heldout_142): steps=4 success=True
[hybrid-rollout] ep 142 (heldout_143): steps=5 success=False
[hybrid-rollout] ep 143 (heldout_144): steps=4 success=True
[hybrid-rollout] ep 144 (heldout_145): steps=5 success=True
[hybrid-rollout] ep 145 (heldout_146): steps=60 success=False
[hybrid-rollout] ep 146 (heldout_147): steps=4 success=True
[hybrid-rollout] ep 147 (heldout_148): steps=60 success=False
[hybrid-rollout] ep 148 (heldout_149): steps=5 success=True
[hybrid-rollout] ep 149 (heldout_150): steps=4 success=True
[hybrid-rollout] ep 150 (heldout_151): steps=5 success=True
[hybrid-rollout] ep 151 (heldout_152): steps=5 success=False
[hybrid-rollout] ep 152 (heldout_153): steps=5 success=True
[hybrid-rollout] ep 153 (heldout_154): steps=60 success=False
[hybrid-rollout] ep 154 (heldout_155): steps=60 success=False
[hybrid-rollout] ep 155 (heldout_156): steps=60 success=False
[hybrid-rollout] ep 156 (heldout_157): steps=4 success=True
[hybrid-rollout] ep 157 (heldout_158): steps=3 success=False
[hybrid-rollout] ep 158 (heldout_159): steps=6 success=True
[hybrid-rollout] ep 159 (heldout_160): steps=60 success=False
[hybrid-rollout] ep 160 (heldout_161): steps=5 success=True
[hybrid-rollout] ep 161 (heldout_162): steps=5 success=True
[hybrid-rollout] ep 162 (heldout_163): steps=4 success=True
[hybrid-rollout] ep 163 (heldout_164): steps=60 success=False
[hybrid-rollout] ep 164 (heldout_165): steps=5 success=True
[hybrid-rollout] ep 165 (heldout_166): steps=60 success=False
[hybrid-rollout] ep 166 (heldout_167): steps=60 success=False
[hybrid-rollout] ep 167 (heldout_168): steps=4 success=True
[hybrid-rollout] ep 168 (heldout_169): steps=60 success=False
[hybrid-rollout] ep 169 (heldout_170): steps=5 success=False
[hybrid-rollout] ep 170 (heldout_171): steps=60 success=False
[hybrid-rollout] ep 171 (heldout_172): steps=5 success=True
[hybrid-rollout] ep 172 (heldout_173): steps=4 success=True
[hybrid-rollout] ep 173 (heldout_174): steps=5 success=True
[hybrid-rollout] ep 174 (heldout_175): steps=5 success=True
[hybrid-rollout] ep 175 (heldout_176): steps=6 success=True
[hybrid-rollout] ep 176 (heldout_177): steps=6 success=True
[hybrid-rollout] ep 177 (heldout_178): steps=1 success=False
[hybrid-rollout] ep 178 (heldout_179): steps=5 success=True
[hybrid-rollout] ep 179 (heldout_180): steps=4 success=True
[hybrid-rollout] ep 180 (heldout_181): steps=5 success=True
[hybrid-rollout] ep 181 (heldout_182): steps=60 success=False
[hybrid-rollout] ep 182 (heldout_183): steps=5 success=True
[hybrid-rollout] ep 183 (heldout_184): steps=7 success=True
[hybrid-rollout] ep 184 (heldout_185): steps=60 success=False
[hybrid-rollout] ep 185 (heldout_186): steps=4 success=True
[hybrid-rollout] ep 186 (heldout_187): steps=5 success=True
[hybrid-rollout] ep 187 (heldout_188): steps=5 success=True
[hybrid-rollout] ep 188 (heldout_189): steps=60 success=False
[hybrid-rollout] ep 189 (heldout_190): steps=7 success=True
[hybrid-rollout] ep 190 (heldout_191): steps=4 success=True
[hybrid-rollout] ep 191 (heldout_192): steps=5 success=True
[hybrid-rollout] ep 192 (heldout_193): steps=60 success=False
[hybrid-rollout] ep 193 (heldout_194): steps=6 success=True
[hybrid-rollout] ep 194 (heldout_195): steps=5 success=True
[hybrid-rollout] ep 195 (heldout_196): steps=60 success=False
[hybrid-rollout] ep 196 (heldout_197): steps=5 success=True
[hybrid-rollout] ep 197 (heldout_198): steps=60 success=False
[hybrid-rollout] ep 198 (heldout_199): steps=60 success=False
[hybrid-rollout] ep 199 (heldout_200): steps=4 success=True
[hybrid-rollout] DONE successes=121/200
[15:58:31] [replay_p4] run 6 round 4: extras=4 heldout_sr=0.605
[15:58:31] [replay_p4] $ /home/s226137394/.conda/envs/maze/bin/python3 -u -m Equivariant_pathway.equivariant_CNN_hybrid.baseline_vs_p4.pool_x_selector.trainer.finetune_replay --demo_dir /weka/s226137394/DmNfull/Equivariant_pathway/equivariant_CNN_hybrid/baseline_vs_p4/pool_x_selector/results/run_6/p4_top3_rotate_e90/demos --checkpoint_dir /weka/s226137394/DmNfull/Equivariant_pathway/equivariant_CNN_hybrid/baseline_vs_p4/pool_x_selector/results/run_6/p4_top3_rotate_e90/checkpoints --epochs 90 --batch_size 64 --lr 5e-05 --weight_decay 0.0001 --replay_mix 0.5 --replay_mix_floor 0.2 --seed 6 --resume --new_demos_dir /weka/s226137394/DmNfull/Equivariant_pathway/equivariant_CNN_hybrid/baseline_vs_p4/pool_x_selector/results/run_6/p4_top3_rotate_e90/demos/round_005
[finetune_replay] device=cuda demo_dir=/weka/s226137394/DmNfull/Equivariant_pathway/equivariant_CNN_hybrid/baseline_vs_p4/pool_x_selector/results/run_6/p4_top3_rotate_e90/demos new_demos_dir=/weka/s226137394/DmNfull/Equivariant_pathway/equivariant_CNN_hybrid/baseline_vs_p4/pool_x_selector/results/run_6/p4_top3_rotate_e90/demos/round_005
[hybrid-dataset] 24 demos -> 125 samples
[hybrid-dataset] 1 demos -> 8 samples
[finetune_replay] sampler audit: {'n_old_samples': 125, 'n_new_samples': 8, 'replay_mix_target': 0.5, 'replay_mix_effective': 0.5, 'replay_mix_floor': 0.2}
[finetune_replay] trainable params: 1,400,028
[finetune_replay] WARM START from last_hybrid_policy.pth
[finetune_replay] ep   1/90 | train loss=0.5235 top1=0.900 | val loss=0.3464 | t=0.7s  *
[finetune_replay] ep   2/90 | train loss=0.3168 top1=1.000 | val loss=0.2740 | t=0.1s  *
[finetune_replay] ep   3/90 | train loss=0.1260 top1=1.000 | val loss=0.0327 | t=0.1s  *
[finetune_replay] ep   4/90 | train loss=0.0832 top1=0.992 | val loss=0.0122 | t=0.1s  *
[finetune_replay] ep   5/90 | train loss=0.0568 top1=1.000 | val loss=0.0178 | t=0.1s
[finetune_replay] ep   6/90 | train loss=0.0277 top1=1.000 | val loss=0.0246 | t=0.1s
[finetune_replay] ep   7/90 | train loss=0.0174 top1=1.000 | val loss=0.0240 | t=0.1s
[finetune_replay] ep   8/90 | train loss=0.0204 top1=1.000 | val loss=0.0462 | t=0.1s
[finetune_replay] ep   9/90 | train loss=0.0100 top1=1.000 | val loss=0.0539 | t=0.1s
[finetune_replay] ep  10/90 | train loss=0.0098 top1=1.000 | val loss=0.0350 | t=0.1s
[finetune_replay] ep  11/90 | train loss=0.0090 top1=1.000 | val loss=0.0246 | t=0.1s
[finetune_replay] ep  12/90 | train loss=0.0094 top1=1.000 | val loss=0.0424 | t=0.2s
[finetune_replay] ep  13/90 | train loss=0.0070 top1=1.000 | val loss=0.0570 | t=0.1s
[finetune_replay] ep  14/90 | train loss=0.0046 top1=1.000 | val loss=0.0422 | t=0.1s
[finetune_replay] ep  15/90 | train loss=0.0035 top1=1.000 | val loss=0.0376 | t=0.1s
[finetune_replay] ep  16/90 | train loss=0.0039 top1=1.000 | val loss=0.0442 | t=0.1s
[finetune_replay] ep  17/90 | train loss=0.0039 top1=1.000 | val loss=0.0432 | t=0.1s
[finetune_replay] ep  18/90 | train loss=0.0032 top1=1.000 | val loss=0.0472 | t=0.2s
[finetune_replay] ep  19/90 | train loss=0.0029 top1=1.000 | val loss=0.0526 | t=0.1s
[finetune_replay] ep  20/90 | train loss=0.0039 top1=1.000 | val loss=0.0637 | t=0.1s
[finetune_replay] ep  21/90 | train loss=0.0024 top1=1.000 | val loss=0.0472 | t=0.1s
[finetune_replay] ep  22/90 | train loss=0.0029 top1=1.000 | val loss=0.0401 | t=0.1s
[finetune_replay] ep  23/90 | train loss=0.0029 top1=1.000 | val loss=0.0396 | t=0.1s
[finetune_replay] ep  24/90 | train loss=0.0025 top1=1.000 | val loss=0.0447 | t=0.1s
[finetune_replay] ep  25/90 | train loss=0.0024 top1=1.000 | val loss=0.0499 | t=0.1s
[finetune_replay] ep  26/90 | train loss=0.0021 top1=1.000 | val loss=0.0539 | t=0.1s
[finetune_replay] ep  27/90 | train loss=0.0021 top1=1.000 | val loss=0.0584 | t=0.1s
[finetune_replay] ep  28/90 | train loss=0.0021 top1=1.000 | val loss=0.0491 | t=0.1s
[finetune_replay] ep  29/90 | train loss=0.0017 top1=1.000 | val loss=0.0411 | t=0.1s
[finetune_replay] ep  30/90 | train loss=0.0019 top1=1.000 | val loss=0.0384 | t=0.1s
[finetune_replay] ep  31/90 | train loss=0.0022 top1=1.000 | val loss=0.0424 | t=0.1s
[finetune_replay] ep  32/90 | train loss=0.0021 top1=1.000 | val loss=0.0525 | t=0.1s
[finetune_replay] ep  33/90 | train loss=0.0019 top1=1.000 | val loss=0.0615 | t=0.1s
[finetune_replay] ep  34/90 | train loss=0.0018 top1=1.000 | val loss=0.0624 | t=0.1s
[finetune_replay] ep  35/90 | train loss=0.0020 top1=1.000 | val loss=0.0665 | t=0.1s
[finetune_replay] ep  36/90 | train loss=0.0018 top1=1.000 | val loss=0.0561 | t=0.1s
[finetune_replay] ep  37/90 | train loss=0.0019 top1=1.000 | val loss=0.0468 | t=0.1s
[finetune_replay] ep  38/90 | train loss=0.0017 top1=1.000 | val loss=0.0425 | t=0.1s
[finetune_replay] ep  39/90 | train loss=0.0018 top1=1.000 | val loss=0.0447 | t=0.1s
[finetune_replay] ep  40/90 | train loss=0.0017 top1=1.000 | val loss=0.0504 | t=0.1s
[finetune_replay] ep  41/90 | train loss=0.0015 top1=1.000 | val loss=0.0527 | t=0.1s
[finetune_replay] ep  42/90 | train loss=0.0016 top1=1.000 | val loss=0.0569 | t=0.1s
[finetune_replay] ep  43/90 | train loss=0.0017 top1=1.000 | val loss=0.0531 | t=0.1s
[finetune_replay] ep  44/90 | train loss=0.0013 top1=1.000 | val loss=0.0495 | t=0.1s
[finetune_replay] ep  45/90 | train loss=0.0011 top1=1.000 | val loss=0.0452 | t=0.1s
[finetune_replay] ep  46/90 | train loss=0.0014 top1=1.000 | val loss=0.0446 | t=0.1s
[finetune_replay] ep  47/90 | train loss=0.0015 top1=1.000 | val loss=0.0456 | t=0.1s
[finetune_replay] ep  48/90 | train loss=0.0014 top1=1.000 | val loss=0.0471 | t=0.1s
[finetune_replay] ep  49/90 | train loss=0.0014 top1=1.000 | val loss=0.0477 | t=0.1s
[finetune_replay] ep  50/90 | train loss=0.0017 top1=1.000 | val loss=0.0522 | t=0.1s
[finetune_replay] ep  51/90 | train loss=0.0014 top1=1.000 | val loss=0.0533 | t=0.1s
[finetune_replay] ep  52/90 | train loss=0.0013 top1=1.000 | val loss=0.0560 | t=0.1s
[finetune_replay] ep  53/90 | train loss=0.0013 top1=1.000 | val loss=0.0568 | t=0.1s
[finetune_replay] ep  54/90 | train loss=0.0016 top1=1.000 | val loss=0.0509 | t=0.2s
[finetune_replay] ep  55/90 | train loss=0.0012 top1=1.000 | val loss=0.0467 | t=0.1s
[finetune_replay] ep  56/90 | train loss=0.0011 top1=1.000 | val loss=0.0436 | t=0.1s
[finetune_replay] ep  57/90 | train loss=0.0012 top1=1.000 | val loss=0.0425 | t=0.1s
[finetune_replay] ep  58/90 | train loss=0.0013 top1=1.000 | val loss=0.0471 | t=0.1s
[finetune_replay] ep  59/90 | train loss=0.0013 top1=1.000 | val loss=0.0508 | t=0.1s
[finetune_replay] ep  60/90 | train loss=0.0017 top1=1.000 | val loss=0.0507 | t=0.1s
[finetune_replay] ep  61/90 | train loss=0.0012 top1=1.000 | val loss=0.0535 | t=0.1s
[finetune_replay] ep  62/90 | train loss=0.0015 top1=1.000 | val loss=0.0555 | t=0.1s
[finetune_replay] ep  63/90 | train loss=0.0014 top1=1.000 | val loss=0.0548 | t=0.1s
[finetune_replay] ep  64/90 | train loss=0.0010 top1=1.000 | val loss=0.0540 | t=0.1s
[finetune_replay] ep  65/90 | train loss=0.0012 top1=1.000 | val loss=0.0519 | t=0.1s
[finetune_replay] ep  66/90 | train loss=0.0012 top1=1.000 | val loss=0.0487 | t=0.1s
[finetune_replay] ep  67/90 | train loss=0.0014 top1=1.000 | val loss=0.0488 | t=0.1s
[finetune_replay] ep  68/90 | train loss=0.0011 top1=1.000 | val loss=0.0510 | t=0.1s
[finetune_replay] ep  69/90 | train loss=0.0013 top1=1.000 | val loss=0.0518 | t=0.1s
[finetune_replay] ep  70/90 | train loss=0.0013 top1=1.000 | val loss=0.0518 | t=0.1s
[finetune_replay] ep  71/90 | train loss=0.0012 top1=1.000 | val loss=0.0529 | t=0.1s
[finetune_replay] ep  72/90 | train loss=0.0012 top1=1.000 | val loss=0.0527 | t=0.1s
[finetune_replay] ep  73/90 | train loss=0.0017 top1=1.000 | val loss=0.0554 | t=0.1s
[finetune_replay] ep  74/90 | train loss=0.0013 top1=1.000 | val loss=0.0560 | t=0.1s
[finetune_replay] ep  75/90 | train loss=0.0011 top1=1.000 | val loss=0.0569 | t=0.1s
[finetune_replay] ep  76/90 | train loss=0.0010 top1=1.000 | val loss=0.0577 | t=0.1s
[finetune_replay] ep  77/90 | train loss=0.0009 top1=1.000 | val loss=0.0586 | t=0.1s
[finetune_replay] ep  78/90 | train loss=0.0012 top1=1.000 | val loss=0.0593 | t=0.1s
[finetune_replay] ep  79/90 | train loss=0.0013 top1=1.000 | val loss=0.0586 | t=0.1s
[finetune_replay] ep  80/90 | train loss=0.0012 top1=1.000 | val loss=0.0575 | t=0.1s
[finetune_replay] ep  81/90 | train loss=0.0011 top1=1.000 | val loss=0.0589 | t=0.1s
[finetune_replay] ep  82/90 | train loss=0.0012 top1=1.000 | val loss=0.0588 | t=0.1s
[finetune_replay] ep  83/90 | train loss=0.0011 top1=1.000 | val loss=0.0600 | t=0.1s
[finetune_replay] ep  84/90 | train loss=0.0010 top1=1.000 | val loss=0.0598 | t=0.1s
[finetune_replay] ep  85/90 | train loss=0.0011 top1=1.000 | val loss=0.0606 | t=0.1s
[finetune_replay] ep  86/90 | train loss=0.0011 top1=1.000 | val loss=0.0590 | t=0.1s
[finetune_replay] ep  87/90 | train loss=0.0011 top1=1.000 | val loss=0.0585 | t=0.1s
[finetune_replay] ep  88/90 | train loss=0.0011 top1=1.000 | val loss=0.0592 | t=0.1s
[finetune_replay] ep  89/90 | train loss=0.0009 top1=1.000 | val loss=0.0587 | t=0.1s
[finetune_replay] ep  90/90 | train loss=0.0011 top1=1.000 | val loss=0.0587 | t=0.1s
[finetune_replay] DONE best_val_loss=0.0122 @ epoch 4
[15:58:55] [bo-budget] $ /home/s226137394/.conda/envs/maze/bin/python3 -u -m Equivariant_pathway.equivariant_CNN_hybrid.rollout_test --checkpoint /weka/s226137394/DmNfull/Equivariant_pathway/equivariant_CNN_hybrid/baseline_vs_p4/pool_x_selector/results/run_6/p4_top3_rotate_e90/checkpoints/best_hybrid_policy.pth --layouts /weka/s226137394/DmNfull/Equivariant_pathway/equivariant_CNN_hybrid/baseline_vs_p4/shared/heldout_layouts.yaml --out_dir /weka/s226137394/DmNfull/Equivariant_pathway/equivariant_CNN_hybrid/baseline_vs_p4/pool_x_selector/results/run_6/p4_top3_rotate_e90/results/eval_round_005 --seed 11 --max_steps 60
[hybrid-rollout] 200 unique; running 200 eps
[hybrid-rollout] loaded /weka/s226137394/DmNfull/Equivariant_pathway/equivariant_CNN_hybrid/baseline_vs_p4/pool_x_selector/results/run_6/p4_top3_rotate_e90/checkpoints/best_hybrid_policy.pth
[hybrid-rollout] ep 0 (heldout_001): steps=5 success=True
[hybrid-rollout] ep 1 (heldout_002): steps=60 success=False
[hybrid-rollout] ep 2 (heldout_003): steps=8 success=True
[hybrid-rollout] ep 3 (heldout_004): steps=60 success=False
[hybrid-rollout] ep 4 (heldout_005): steps=5 success=True
[hybrid-rollout] ep 5 (heldout_006): steps=3 success=False
[hybrid-rollout] ep 6 (heldout_007): steps=5 success=True
[hybrid-rollout] ep 7 (heldout_008): steps=4 success=True
[hybrid-rollout] ep 8 (heldout_009): steps=60 success=False
[hybrid-rollout] ep 9 (heldout_010): steps=60 success=False
[hybrid-rollout] ep 10 (heldout_011): steps=4 success=True
[hybrid-rollout] ep 11 (heldout_012): steps=4 success=True
[hybrid-rollout] ep 12 (heldout_013): steps=60 success=False
[hybrid-rollout] ep 13 (heldout_014): steps=5 success=True
[hybrid-rollout] ep 14 (heldout_015): steps=4 success=True
[hybrid-rollout] ep 15 (heldout_016): steps=5 success=True
[hybrid-rollout] ep 16 (heldout_017): steps=60 success=False
[hybrid-rollout] ep 17 (heldout_018): steps=60 success=False
[hybrid-rollout] ep 18 (heldout_019): steps=5 success=True
[hybrid-rollout] ep 19 (heldout_020): steps=5 success=True
[hybrid-rollout] ep 20 (heldout_021): steps=4 success=True
[hybrid-rollout] ep 21 (heldout_022): steps=4 success=True
[hybrid-rollout] ep 22 (heldout_023): steps=60 success=False
[hybrid-rollout] ep 23 (heldout_024): steps=60 success=False
[hybrid-rollout] ep 24 (heldout_025): steps=4 success=True
[hybrid-rollout] ep 25 (heldout_026): steps=4 success=True
[hybrid-rollout] ep 26 (heldout_027): steps=4 success=True
[hybrid-rollout] ep 27 (heldout_028): steps=4 success=True
[hybrid-rollout] ep 28 (heldout_029): steps=60 success=False
[hybrid-rollout] ep 29 (heldout_030): steps=60 success=False
[hybrid-rollout] ep 30 (heldout_031): steps=60 success=False
[hybrid-rollout] ep 31 (heldout_032): steps=60 success=False
[hybrid-rollout] ep 32 (heldout_033): steps=60 success=False
[hybrid-rollout] ep 33 (heldout_034): steps=5 success=True
[hybrid-rollout] ep 34 (heldout_035): steps=60 success=False
[hybrid-rollout] ep 35 (heldout_036): steps=5 success=True
[hybrid-rollout] ep 36 (heldout_037): steps=4 success=True
[hybrid-rollout] ep 37 (heldout_038): steps=5 success=True
[hybrid-rollout] ep 38 (heldout_039): steps=6 success=True
[hybrid-rollout] ep 39 (heldout_040): steps=5 success=True
[hybrid-rollout] ep 40 (heldout_041): steps=60 success=False
[hybrid-rollout] ep 41 (heldout_042): steps=60 success=False
[hybrid-rollout] ep 42 (heldout_043): steps=4 success=True
[hybrid-rollout] ep 43 (heldout_044): steps=5 success=True
[hybrid-rollout] ep 44 (heldout_045): steps=5 success=True
[hybrid-rollout] ep 45 (heldout_046): steps=4 success=True
[hybrid-rollout] ep 46 (heldout_047): steps=6 success=True
[hybrid-rollout] ep 47 (heldout_048): steps=6 success=True
[hybrid-rollout] ep 48 (heldout_049): steps=60 success=False
[hybrid-rollout] ep 49 (heldout_050): steps=60 success=False
[hybrid-rollout] ep 50 (heldout_051): steps=4 success=True
[hybrid-rollout] ep 51 (heldout_052): steps=4 success=True
[hybrid-rollout] ep 52 (heldout_053): steps=6 success=True
[hybrid-rollout] ep 53 (heldout_054): steps=4 success=True
[hybrid-rollout] ep 54 (heldout_055): steps=60 success=False
[hybrid-rollout] ep 55 (heldout_056): steps=4 success=True
[hybrid-rollout] ep 56 (heldout_057): steps=4 success=True
[hybrid-rollout] ep 57 (heldout_058): steps=4 success=True
[hybrid-rollout] ep 58 (heldout_059): steps=5 success=True
[hybrid-rollout] ep 59 (heldout_060): steps=6 success=True
[hybrid-rollout] ep 60 (heldout_061): steps=5 success=True
[hybrid-rollout] ep 61 (heldout_062): steps=6 success=True
[hybrid-rollout] ep 62 (heldout_063): steps=5 success=True
[hybrid-rollout] ep 63 (heldout_064): steps=4 success=True
[hybrid-rollout] ep 64 (heldout_065): steps=60 success=False
[hybrid-rollout] ep 65 (heldout_066): steps=6 success=True
[hybrid-rollout] ep 66 (heldout_067): steps=5 success=True
[hybrid-rollout] ep 67 (heldout_068): steps=4 success=True
[hybrid-rollout] ep 68 (heldout_069): steps=60 success=False
[hybrid-rollout] ep 69 (heldout_070): steps=60 success=False
[hybrid-rollout] ep 70 (heldout_071): steps=5 success=True
[hybrid-rollout] ep 71 (heldout_072): steps=5 success=True
[hybrid-rollout] ep 72 (heldout_073): steps=3 success=False
[hybrid-rollout] ep 73 (heldout_074): steps=4 success=True
[hybrid-rollout] ep 74 (heldout_075): steps=5 success=True
[hybrid-rollout] ep 75 (heldout_076): steps=60 success=False
[hybrid-rollout] ep 76 (heldout_077): steps=4 success=True
[hybrid-rollout] ep 77 (heldout_078): steps=3 success=False
[hybrid-rollout] ep 78 (heldout_079): steps=4 success=True
[hybrid-rollout] ep 79 (heldout_080): steps=4 success=True
[hybrid-rollout] ep 80 (heldout_081): steps=60 success=False
[hybrid-rollout] ep 81 (heldout_082): steps=5 success=True
[hybrid-rollout] ep 82 (heldout_083): steps=6 success=True
[hybrid-rollout] ep 83 (heldout_084): steps=60 success=False
[hybrid-rollout] ep 84 (heldout_085): steps=60 success=False
[hybrid-rollout] ep 85 (heldout_086): steps=6 success=True
[hybrid-rollout] ep 86 (heldout_087): steps=60 success=False
[hybrid-rollout] ep 87 (heldout_088): steps=4 success=True
[hybrid-rollout] ep 88 (heldout_089): steps=3 success=False
[hybrid-rollout] ep 89 (heldout_090): steps=4 success=True
[hybrid-rollout] ep 90 (heldout_091): steps=5 success=True
[hybrid-rollout] ep 91 (heldout_092): steps=5 success=True
[hybrid-rollout] ep 92 (heldout_093): steps=6 success=True
[hybrid-rollout] ep 93 (heldout_094): steps=6 success=True
[hybrid-rollout] ep 94 (heldout_095): steps=7 success=True
[hybrid-rollout] ep 95 (heldout_096): steps=5 success=True
[hybrid-rollout] ep 96 (heldout_097): steps=5 success=True
[hybrid-rollout] ep 97 (heldout_098): steps=5 success=True
[hybrid-rollout] ep 98 (heldout_099): steps=60 success=False
[hybrid-rollout] ep 99 (heldout_100): steps=60 success=False
[hybrid-rollout] ep 100 (heldout_101): steps=4 success=True
[hybrid-rollout] ep 101 (heldout_102): steps=4 success=True
[hybrid-rollout] ep 102 (heldout_103): steps=60 success=False
[hybrid-rollout] ep 103 (heldout_104): steps=6 success=True
[hybrid-rollout] ep 104 (heldout_105): steps=60 success=False
[hybrid-rollout] ep 105 (heldout_106): steps=60 success=False
[hybrid-rollout] ep 106 (heldout_107): steps=4 success=True
[hybrid-rollout] ep 107 (heldout_108): steps=4 success=True
[hybrid-rollout] ep 108 (heldout_109): steps=4 success=True
[hybrid-rollout] ep 109 (heldout_110): steps=60 success=False
[hybrid-rollout] ep 110 (heldout_111): steps=60 success=False
[hybrid-rollout] ep 111 (heldout_112): steps=60 success=False
[hybrid-rollout] ep 112 (heldout_113): steps=7 success=True
[hybrid-rollout] ep 113 (heldout_114): steps=60 success=False
[hybrid-rollout] ep 114 (heldout_115): steps=60 success=False
[hybrid-rollout] ep 115 (heldout_116): steps=5 success=True
[hybrid-rollout] ep 116 (heldout_117): steps=7 success=True
[hybrid-rollout] ep 117 (heldout_118): steps=9 success=True
[hybrid-rollout] ep 118 (heldout_119): steps=60 success=False
[hybrid-rollout] ep 119 (heldout_120): steps=7 success=True
[hybrid-rollout] ep 120 (heldout_121): steps=60 success=False
[hybrid-rollout] ep 121 (heldout_122): steps=60 success=False
[hybrid-rollout] ep 122 (heldout_123): steps=60 success=False
[hybrid-rollout] ep 123 (heldout_124): steps=60 success=False
[hybrid-rollout] ep 124 (heldout_125): steps=4 success=True
[hybrid-rollout] ep 125 (heldout_126): steps=4 success=True
[hybrid-rollout] ep 126 (heldout_127): steps=60 success=False
[hybrid-rollout] ep 127 (heldout_128): steps=7 success=True
[hybrid-rollout] ep 128 (heldout_129): steps=60 success=False
[hybrid-rollout] ep 129 (heldout_130): steps=4 success=True
[hybrid-rollout] ep 130 (heldout_131): steps=60 success=False
[hybrid-rollout] ep 131 (heldout_132): steps=4 success=True
[hybrid-rollout] ep 132 (heldout_133): steps=4 success=True
[hybrid-rollout] ep 133 (heldout_134): steps=60 success=False
[hybrid-rollout] ep 134 (heldout_135): steps=6 success=True
[hybrid-rollout] ep 135 (heldout_136): steps=60 success=False
[hybrid-rollout] ep 136 (heldout_137): steps=5 success=True
[hybrid-rollout] ep 137 (heldout_138): steps=4 success=True
[hybrid-rollout] ep 138 (heldout_139): steps=4 success=True
[hybrid-rollout] ep 139 (heldout_140): steps=60 success=False
[hybrid-rollout] ep 140 (heldout_141): steps=5 success=True
[hybrid-rollout] ep 141 (heldout_142): steps=4 success=True
[hybrid-rollout] ep 142 (heldout_143): steps=8 success=True
[hybrid-rollout] ep 143 (heldout_144): steps=4 success=True
[hybrid-rollout] ep 144 (heldout_145): steps=5 success=True
[hybrid-rollout] ep 145 (heldout_146): steps=60 success=False
[hybrid-rollout] ep 146 (heldout_147): steps=4 success=True
[hybrid-rollout] ep 147 (heldout_148): steps=60 success=False
[hybrid-rollout] ep 148 (heldout_149): steps=5 success=True
[hybrid-rollout] ep 149 (heldout_150): steps=4 success=True
[hybrid-rollout] ep 150 (heldout_151): steps=5 success=True
[hybrid-rollout] ep 151 (heldout_152): steps=1 success=False
[hybrid-rollout] ep 152 (heldout_153): steps=5 success=True
[hybrid-rollout] ep 153 (heldout_154): steps=60 success=False
[hybrid-rollout] ep 154 (heldout_155): steps=60 success=False
[hybrid-rollout] ep 155 (heldout_156): steps=4 success=False
[hybrid-rollout] ep 156 (heldout_157): steps=4 success=True
[hybrid-rollout] ep 157 (heldout_158): steps=3 success=False
[hybrid-rollout] ep 158 (heldout_159): steps=6 success=True
[hybrid-rollout] ep 159 (heldout_160): steps=60 success=False
[hybrid-rollout] ep 160 (heldout_161): steps=60 success=False
[hybrid-rollout] ep 161 (heldout_162): steps=5 success=True
[hybrid-rollout] ep 162 (heldout_163): steps=4 success=True
[hybrid-rollout] ep 163 (heldout_164): steps=6 success=True
[hybrid-rollout] ep 164 (heldout_165): steps=5 success=True
[hybrid-rollout] ep 165 (heldout_166): steps=60 success=False
[hybrid-rollout] ep 166 (heldout_167): steps=60 success=False
[hybrid-rollout] ep 167 (heldout_168): steps=4 success=True
[hybrid-rollout] ep 168 (heldout_169): steps=4 success=False
[hybrid-rollout] ep 169 (heldout_170): steps=5 success=False
[hybrid-rollout] ep 170 (heldout_171): steps=60 success=False
[hybrid-rollout] ep 171 (heldout_172): steps=60 success=False
[hybrid-rollout] ep 172 (heldout_173): steps=4 success=True
[hybrid-rollout] ep 173 (heldout_174): steps=5 success=True
[hybrid-rollout] ep 174 (heldout_175): steps=7 success=True
[hybrid-rollout] ep 175 (heldout_176): steps=6 success=True
[hybrid-rollout] ep 176 (heldout_177): steps=6 success=True
[hybrid-rollout] ep 177 (heldout_178): steps=5 success=True
[hybrid-rollout] ep 178 (heldout_179): steps=60 success=False
[hybrid-rollout] ep 179 (heldout_180): steps=4 success=True
[hybrid-rollout] ep 180 (heldout_181): steps=5 success=True
[hybrid-rollout] ep 181 (heldout_182): steps=4 success=True
[hybrid-rollout] ep 182 (heldout_183): steps=5 success=True
[hybrid-rollout] ep 183 (heldout_184): steps=7 success=True
[hybrid-rollout] ep 184 (heldout_185): steps=60 success=False
[hybrid-rollout] ep 185 (heldout_186): steps=4 success=True
[hybrid-rollout] ep 186 (heldout_187): steps=5 success=True
[hybrid-rollout] ep 187 (heldout_188): steps=60 success=False
[hybrid-rollout] ep 188 (heldout_189): steps=60 success=False
[hybrid-rollout] ep 189 (heldout_190): steps=7 success=True
[hybrid-rollout] ep 190 (heldout_191): steps=6 success=True
[hybrid-rollout] ep 191 (heldout_192): steps=5 success=True
[hybrid-rollout] ep 192 (heldout_193): steps=60 success=False
[hybrid-rollout] ep 193 (heldout_194): steps=6 success=True
[hybrid-rollout] ep 194 (heldout_195): steps=5 success=True
[hybrid-rollout] ep 195 (heldout_196): steps=4 success=True
[hybrid-rollout] ep 196 (heldout_197): steps=5 success=True
[hybrid-rollout] ep 197 (heldout_198): steps=60 success=False
[hybrid-rollout] ep 198 (heldout_199): steps=4 success=True
[hybrid-rollout] ep 199 (heldout_200): steps=4 success=True
[hybrid-rollout] DONE successes=126/200
[16:00:55] [replay_p4] run 6 round 5: extras=5 heldout_sr=0.630
[16:00:55] [replay_p4] $ /home/s226137394/.conda/envs/maze/bin/python3 -u -m Equivariant_pathway.equivariant_CNN_hybrid.baseline_vs_p4.pool_x_selector.trainer.finetune_replay --demo_dir /weka/s226137394/DmNfull/Equivariant_pathway/equivariant_CNN_hybrid/baseline_vs_p4/pool_x_selector/results/run_6/p4_top3_rotate_e90/demos --checkpoint_dir /weka/s226137394/DmNfull/Equivariant_pathway/equivariant_CNN_hybrid/baseline_vs_p4/pool_x_selector/results/run_6/p4_top3_rotate_e90/checkpoints --epochs 90 --batch_size 64 --lr 5e-05 --weight_decay 0.0001 --replay_mix 0.5 --replay_mix_floor 0.2 --seed 6 --resume --new_demos_dir /weka/s226137394/DmNfull/Equivariant_pathway/equivariant_CNN_hybrid/baseline_vs_p4/pool_x_selector/results/run_6/p4_top3_rotate_e90/demos/round_006
[finetune_replay] device=cuda demo_dir=/weka/s226137394/DmNfull/Equivariant_pathway/equivariant_CNN_hybrid/baseline_vs_p4/pool_x_selector/results/run_6/p4_top3_rotate_e90/demos new_demos_dir=/weka/s226137394/DmNfull/Equivariant_pathway/equivariant_CNN_hybrid/baseline_vs_p4/pool_x_selector/results/run_6/p4_top3_rotate_e90/demos/round_006
[hybrid-dataset] 25 demos -> 133 samples
[hybrid-dataset] 1 demos -> 6 samples
[finetune_replay] sampler audit: {'n_old_samples': 133, 'n_new_samples': 6, 'replay_mix_target': 0.5, 'replay_mix_effective': 0.5, 'replay_mix_floor': 0.2}
[finetune_replay] trainable params: 1,400,028
[finetune_replay] WARM START from last_hybrid_policy.pth
[finetune_replay] ep   1/90 | train loss=0.2738 top1=0.921 | val loss=0.3027 | t=0.9s  *
[finetune_replay] ep   2/90 | train loss=0.2180 top1=0.984 | val loss=0.2539 | t=0.1s  *
[finetune_replay] ep   3/90 | train loss=0.1046 top1=0.992 | val loss=0.0871 | t=0.2s  *
[finetune_replay] ep   4/90 | train loss=0.0619 top1=1.000 | val loss=0.0028 | t=0.1s  *
[finetune_replay] ep   5/90 | train loss=0.0255 top1=1.000 | val loss=0.0282 | t=0.2s
[finetune_replay] ep   6/90 | train loss=0.0875 top1=1.000 | val loss=0.0297 | t=0.2s
[finetune_replay] ep   7/90 | train loss=0.0678 top1=0.984 | val loss=0.0053 | t=0.1s
[finetune_replay] ep   8/90 | train loss=0.0213 top1=1.000 | val loss=0.0414 | t=0.1s
[finetune_replay] ep   9/90 | train loss=0.0509 top1=1.000 | val loss=0.0664 | t=0.1s
[finetune_replay] ep  10/90 | train loss=0.0280 top1=1.000 | val loss=0.0548 | t=0.1s
[finetune_replay] ep  11/90 | train loss=0.0209 top1=1.000 | val loss=0.0428 | t=0.1s
[finetune_replay] ep  12/90 | train loss=0.0265 top1=1.000 | val loss=0.0217 | t=0.1s
[finetune_replay] ep  13/90 | train loss=0.0101 top1=1.000 | val loss=0.0120 | t=0.2s
[finetune_replay] ep  14/90 | train loss=0.0205 top1=1.000 | val loss=0.0143 | t=0.1s
[finetune_replay] ep  15/90 | train loss=0.0152 top1=1.000 | val loss=0.0110 | t=0.1s
[finetune_replay] ep  16/90 | train loss=0.0046 top1=1.000 | val loss=0.0196 | t=0.1s
[finetune_replay] ep  17/90 | train loss=0.0058 top1=1.000 | val loss=0.0263 | t=0.1s
[finetune_replay] ep  18/90 | train loss=0.0073 top1=1.000 | val loss=0.0310 | t=0.1s
[finetune_replay] ep  19/90 | train loss=0.0036 top1=1.000 | val loss=0.0258 | t=0.1s
[finetune_replay] ep  20/90 | train loss=0.0034 top1=1.000 | val loss=0.0210 | t=0.1s
[finetune_replay] ep  21/90 | train loss=0.0030 top1=1.000 | val loss=0.0187 | t=0.1s
[finetune_replay] ep  22/90 | train loss=0.0031 top1=1.000 | val loss=0.0228 | t=0.1s
[finetune_replay] ep  23/90 | train loss=0.0029 top1=1.000 | val loss=0.0286 | t=0.1s
[finetune_replay] ep  24/90 | train loss=0.0023 top1=1.000 | val loss=0.0277 | t=0.1s
[finetune_replay] ep  25/90 | train loss=0.0024 top1=1.000 | val loss=0.0219 | t=0.1s
[finetune_replay] ep  26/90 | train loss=0.0020 top1=1.000 | val loss=0.0208 | t=0.1s
[finetune_replay] ep  27/90 | train loss=0.0020 top1=1.000 | val loss=0.0191 | t=0.1s
[finetune_replay] ep  28/90 | train loss=0.0017 top1=1.000 | val loss=0.0228 | t=0.1s
[finetune_replay] ep  29/90 | train loss=0.0022 top1=1.000 | val loss=0.0263 | t=0.1s
[finetune_replay] ep  30/90 | train loss=0.0016 top1=1.000 | val loss=0.0276 | t=0.1s
[finetune_replay] ep  31/90 | train loss=0.0020 top1=1.000 | val loss=0.0286 | t=0.1s
[finetune_replay] ep  32/90 | train loss=0.0016 top1=1.000 | val loss=0.0299 | t=0.1s
[finetune_replay] ep  33/90 | train loss=0.0017 top1=1.000 | val loss=0.0305 | t=0.1s
[finetune_replay] ep  34/90 | train loss=0.0021 top1=1.000 | val loss=0.0384 | t=0.1s
[finetune_replay] ep  35/90 | train loss=0.0019 top1=1.000 | val loss=0.0495 | t=0.1s
[finetune_replay] ep  36/90 | train loss=0.0020 top1=1.000 | val loss=0.0509 | t=0.1s
[finetune_replay] ep  37/90 | train loss=0.0020 top1=1.000 | val loss=0.0335 | t=0.1s
[finetune_replay] ep  38/90 | train loss=0.0018 top1=1.000 | val loss=0.0247 | t=0.1s
[finetune_replay] ep  39/90 | train loss=0.0019 top1=1.000 | val loss=0.0222 | t=0.1s
[finetune_replay] ep  40/90 | train loss=0.0018 top1=1.000 | val loss=0.0214 | t=0.1s
[finetune_replay] ep  41/90 | train loss=0.0015 top1=1.000 | val loss=0.0230 | t=0.1s
[finetune_replay] ep  42/90 | train loss=0.0015 top1=1.000 | val loss=0.0270 | t=0.1s
[finetune_replay] ep  43/90 | train loss=0.0016 top1=1.000 | val loss=0.0317 | t=0.1s
[finetune_replay] ep  44/90 | train loss=0.0013 top1=1.000 | val loss=0.0340 | t=0.1s
[finetune_replay] ep  45/90 | train loss=0.0019 top1=1.000 | val loss=0.0335 | t=0.1s
[finetune_replay] ep  46/90 | train loss=0.0016 top1=1.000 | val loss=0.0289 | t=0.1s
[finetune_replay] ep  47/90 | train loss=0.0018 top1=1.000 | val loss=0.0273 | t=0.1s
[finetune_replay] ep  48/90 | train loss=0.0012 top1=1.000 | val loss=0.0254 | t=0.1s
[finetune_replay] ep  49/90 | train loss=0.0013 top1=1.000 | val loss=0.0235 | t=0.1s
[finetune_replay] ep  50/90 | train loss=0.0015 top1=1.000 | val loss=0.0194 | t=0.1s
[finetune_replay] ep  51/90 | train loss=0.0012 top1=1.000 | val loss=0.0165 | t=0.1s
[finetune_replay] ep  52/90 | train loss=0.0014 top1=1.000 | val loss=0.0163 | t=0.1s
[finetune_replay] ep  53/90 | train loss=0.0018 top1=1.000 | val loss=0.0191 | t=0.1s
[finetune_replay] ep  54/90 | train loss=0.0014 top1=1.000 | val loss=0.0239 | t=0.1s
[finetune_replay] ep  55/90 | train loss=0.0013 top1=1.000 | val loss=0.0279 | t=0.1s
[finetune_replay] ep  56/90 | train loss=0.0014 top1=1.000 | val loss=0.0328 | t=0.1s
[finetune_replay] ep  57/90 | train loss=0.0013 top1=1.000 | val loss=0.0361 | t=0.1s
[finetune_replay] ep  58/90 | train loss=0.0015 top1=1.000 | val loss=0.0349 | t=0.1s
[finetune_replay] ep  59/90 | train loss=0.0012 top1=1.000 | val loss=0.0311 | t=0.1s
[finetune_replay] ep  60/90 | train loss=0.0014 top1=1.000 | val loss=0.0286 | t=0.1s
[finetune_replay] ep  61/90 | train loss=0.0017 top1=1.000 | val loss=0.0269 | t=0.1s
[finetune_replay] ep  62/90 | train loss=0.0013 top1=1.000 | val loss=0.0243 | t=0.1s
[finetune_replay] ep  63/90 | train loss=0.0014 top1=1.000 | val loss=0.0210 | t=0.1s
[finetune_replay] ep  64/90 | train loss=0.0016 top1=1.000 | val loss=0.0197 | t=0.1s
[finetune_replay] ep  65/90 | train loss=0.0013 top1=1.000 | val loss=0.0191 | t=0.1s
[finetune_replay] ep  66/90 | train loss=0.0013 top1=1.000 | val loss=0.0195 | t=0.1s
[finetune_replay] ep  67/90 | train loss=0.0010 top1=1.000 | val loss=0.0206 | t=0.1s
[finetune_replay] ep  68/90 | train loss=0.0013 top1=1.000 | val loss=0.0215 | t=0.1s
[finetune_replay] ep  69/90 | train loss=0.0012 top1=1.000 | val loss=0.0229 | t=0.1s
[finetune_replay] ep  70/90 | train loss=0.0011 top1=1.000 | val loss=0.0237 | t=0.1s
[finetune_replay] ep  71/90 | train loss=0.0012 top1=1.000 | val loss=0.0252 | t=0.1s
[finetune_replay] ep  72/90 | train loss=0.0014 top1=1.000 | val loss=0.0263 | t=0.1s
[finetune_replay] ep  73/90 | train loss=0.0014 top1=1.000 | val loss=0.0270 | t=0.1s
[finetune_replay] ep  74/90 | train loss=0.0014 top1=1.000 | val loss=0.0281 | t=0.1s
[finetune_replay] ep  75/90 | train loss=0.0015 top1=1.000 | val loss=0.0285 | t=0.1s
[finetune_replay] ep  76/90 | train loss=0.0011 top1=1.000 | val loss=0.0289 | t=0.1s
[finetune_replay] ep  77/90 | train loss=0.0011 top1=1.000 | val loss=0.0288 | t=0.1s
[finetune_replay] ep  78/90 | train loss=0.0011 top1=1.000 | val loss=0.0290 | t=0.1s
[finetune_replay] ep  79/90 | train loss=0.0016 top1=1.000 | val loss=0.0291 | t=0.1s
[finetune_replay] ep  80/90 | train loss=0.0016 top1=1.000 | val loss=0.0285 | t=0.1s
[finetune_replay] ep  81/90 | train loss=0.0016 top1=1.000 | val loss=0.0283 | t=0.1s
[finetune_replay] ep  82/90 | train loss=0.0014 top1=1.000 | val loss=0.0279 | t=0.1s
[finetune_replay] ep  83/90 | train loss=0.0015 top1=1.000 | val loss=0.0280 | t=0.1s
[finetune_replay] ep  84/90 | train loss=0.0010 top1=1.000 | val loss=0.0276 | t=0.1s
[finetune_replay] ep  85/90 | train loss=0.0011 top1=1.000 | val loss=0.0278 | t=0.1s
[finetune_replay] ep  86/90 | train loss=0.0013 top1=1.000 | val loss=0.0275 | t=0.1s
[finetune_replay] ep  87/90 | train loss=0.0014 top1=1.000 | val loss=0.0278 | t=0.1s
[finetune_replay] ep  88/90 | train loss=0.0011 top1=1.000 | val loss=0.0274 | t=0.1s
[finetune_replay] ep  89/90 | train loss=0.0011 top1=1.000 | val loss=0.0276 | t=0.1s
[finetune_replay] ep  90/90 | train loss=0.0013 top1=1.000 | val loss=0.0274 | t=0.1s
[finetune_replay] DONE best_val_loss=0.0028 @ epoch 4
[16:01:26] [bo-budget] $ /home/s226137394/.conda/envs/maze/bin/python3 -u -m Equivariant_pathway.equivariant_CNN_hybrid.rollout_test --checkpoint /weka/s226137394/DmNfull/Equivariant_pathway/equivariant_CNN_hybrid/baseline_vs_p4/pool_x_selector/results/run_6/p4_top3_rotate_e90/checkpoints/best_hybrid_policy.pth --layouts /weka/s226137394/DmNfull/Equivariant_pathway/equivariant_CNN_hybrid/baseline_vs_p4/shared/heldout_layouts.yaml --out_dir /weka/s226137394/DmNfull/Equivariant_pathway/equivariant_CNN_hybrid/baseline_vs_p4/pool_x_selector/results/run_6/p4_top3_rotate_e90/results/eval_round_006 --seed 12 --max_steps 60
[hybrid-rollout] 200 unique; running 200 eps
[hybrid-rollout] loaded /weka/s226137394/DmNfull/Equivariant_pathway/equivariant_CNN_hybrid/baseline_vs_p4/pool_x_selector/results/run_6/p4_top3_rotate_e90/checkpoints/best_hybrid_policy.pth
[hybrid-rollout] ep 0 (heldout_001): steps=5 success=True
[hybrid-rollout] ep 1 (heldout_002): steps=4 success=True
[hybrid-rollout] ep 2 (heldout_003): steps=60 success=False
[hybrid-rollout] ep 3 (heldout_004): steps=6 success=True
[hybrid-rollout] ep 4 (heldout_005): steps=5 success=True
[hybrid-rollout] ep 5 (heldout_006): steps=3 success=False
[hybrid-rollout] ep 6 (heldout_007): steps=5 success=True
[hybrid-rollout] ep 7 (heldout_008): steps=1 success=False
[hybrid-rollout] ep 8 (heldout_009): steps=6 success=True
[hybrid-rollout] ep 9 (heldout_010): steps=8 success=True
[hybrid-rollout] ep 10 (heldout_011): steps=4 success=True
[hybrid-rollout] ep 11 (heldout_012): steps=4 success=True
[hybrid-rollout] ep 12 (heldout_013): steps=60 success=False
[hybrid-rollout] ep 13 (heldout_014): steps=5 success=True
[hybrid-rollout] ep 14 (heldout_015): steps=4 success=True
[hybrid-rollout] ep 15 (heldout_016): steps=5 success=True
[hybrid-rollout] ep 16 (heldout_017): steps=4 success=True
[hybrid-rollout] ep 17 (heldout_018): steps=60 success=False
[hybrid-rollout] ep 18 (heldout_019): steps=60 success=False
[hybrid-rollout] ep 19 (heldout_020): steps=5 success=True
[hybrid-rollout] ep 20 (heldout_021): steps=60 success=False
[hybrid-rollout] ep 21 (heldout_022): steps=4 success=True
[hybrid-rollout] ep 22 (heldout_023): steps=7 success=True
[hybrid-rollout] ep 23 (heldout_024): steps=60 success=False
[hybrid-rollout] ep 24 (heldout_025): steps=4 success=True
[hybrid-rollout] ep 25 (heldout_026): steps=4 success=True
[hybrid-rollout] ep 26 (heldout_027): steps=4 success=True
[hybrid-rollout] ep 27 (heldout_028): steps=4 success=True
[hybrid-rollout] ep 28 (heldout_029): steps=5 success=True
[hybrid-rollout] ep 29 (heldout_030): steps=60 success=False
[hybrid-rollout] ep 30 (heldout_031): steps=5 success=True
[hybrid-rollout] ep 31 (heldout_032): steps=60 success=False
[hybrid-rollout] ep 32 (heldout_033): steps=4 success=True
[hybrid-rollout] ep 33 (heldout_034): steps=5 success=True
[hybrid-rollout] ep 34 (heldout_035): steps=6 success=True
[hybrid-rollout] ep 35 (heldout_036): steps=5 success=True
[hybrid-rollout] ep 36 (heldout_037): steps=4 success=True
[hybrid-rollout] ep 37 (heldout_038): steps=60 success=False
[hybrid-rollout] ep 38 (heldout_039): steps=6 success=True
[hybrid-rollout] ep 39 (heldout_040): steps=5 success=True
[hybrid-rollout] ep 40 (heldout_041): steps=60 success=False
[hybrid-rollout] ep 41 (heldout_042): steps=60 success=False
[hybrid-rollout] ep 42 (heldout_043): steps=4 success=True
[hybrid-rollout] ep 43 (heldout_044): steps=5 success=True
[hybrid-rollout] ep 44 (heldout_045): steps=5 success=True
[hybrid-rollout] ep 45 (heldout_046): steps=4 success=True
[hybrid-rollout] ep 46 (heldout_047): steps=60 success=False
[hybrid-rollout] ep 47 (heldout_048): steps=6 success=True
[hybrid-rollout] ep 48 (heldout_049): steps=5 success=True
[hybrid-rollout] ep 49 (heldout_050): steps=4 success=True
[hybrid-rollout] ep 50 (heldout_051): steps=4 success=True
[hybrid-rollout] ep 51 (heldout_052): steps=4 success=True
[hybrid-rollout] ep 52 (heldout_053): steps=60 success=False
[hybrid-rollout] ep 53 (heldout_054): steps=60 success=False
[hybrid-rollout] ep 54 (heldout_055): steps=60 success=False
[hybrid-rollout] ep 55 (heldout_056): steps=4 success=True
[hybrid-rollout] ep 56 (heldout_057): steps=4 success=True
[hybrid-rollout] ep 57 (heldout_058): steps=4 success=True
[hybrid-rollout] ep 58 (heldout_059): steps=5 success=True
[hybrid-rollout] ep 59 (heldout_060): steps=6 success=True
[hybrid-rollout] ep 60 (heldout_061): steps=5 success=True
[hybrid-rollout] ep 61 (heldout_062): steps=6 success=True
[hybrid-rollout] ep 62 (heldout_063): steps=5 success=True
[hybrid-rollout] ep 63 (heldout_064): steps=4 success=True
[hybrid-rollout] ep 64 (heldout_065): steps=60 success=False
[hybrid-rollout] ep 65 (heldout_066): steps=6 success=True
[hybrid-rollout] ep 66 (heldout_067): steps=5 success=True
[hybrid-rollout] ep 67 (heldout_068): steps=4 success=True
[hybrid-rollout] ep 68 (heldout_069): steps=4 success=True
[hybrid-rollout] ep 69 (heldout_070): steps=7 success=True
[hybrid-rollout] ep 70 (heldout_071): steps=60 success=False
[hybrid-rollout] ep 71 (heldout_072): steps=5 success=True
[hybrid-rollout] ep 72 (heldout_073): steps=3 success=False
[hybrid-rollout] ep 73 (heldout_074): steps=4 success=True
[hybrid-rollout] ep 74 (heldout_075): steps=5 success=True
[hybrid-rollout] ep 75 (heldout_076): steps=7 success=True
[hybrid-rollout] ep 76 (heldout_077): steps=4 success=True
[hybrid-rollout] ep 77 (heldout_078): steps=3 success=False
[hybrid-rollout] ep 78 (heldout_079): steps=4 success=True
[hybrid-rollout] ep 79 (heldout_080): steps=4 success=True
[hybrid-rollout] ep 80 (heldout_081): steps=5 success=True
[hybrid-rollout] ep 81 (heldout_082): steps=5 success=True
[hybrid-rollout] ep 82 (heldout_083): steps=4 success=True
[hybrid-rollout] ep 83 (heldout_084): steps=5 success=True
[hybrid-rollout] ep 84 (heldout_085): steps=60 success=False
[hybrid-rollout] ep 85 (heldout_086): steps=6 success=True
[hybrid-rollout] ep 86 (heldout_087): steps=7 success=True
[hybrid-rollout] ep 87 (heldout_088): steps=4 success=True
[hybrid-rollout] ep 88 (heldout_089): steps=3 success=False
[hybrid-rollout] ep 89 (heldout_090): steps=4 success=True
[hybrid-rollout] ep 90 (heldout_091): steps=4 success=False
[hybrid-rollout] ep 91 (heldout_092): steps=5 success=True
[hybrid-rollout] ep 92 (heldout_093): steps=6 success=True
[hybrid-rollout] ep 93 (heldout_094): steps=6 success=True
[hybrid-rollout] ep 94 (heldout_095): steps=7 success=True
[hybrid-rollout] ep 95 (heldout_096): steps=5 success=True
[hybrid-rollout] ep 96 (heldout_097): steps=5 success=True
[hybrid-rollout] ep 97 (heldout_098): steps=60 success=False
[hybrid-rollout] ep 98 (heldout_099): steps=60 success=False
[hybrid-rollout] ep 99 (heldout_100): steps=8 success=True
[hybrid-rollout] ep 100 (heldout_101): steps=4 success=True
[hybrid-rollout] ep 101 (heldout_102): steps=4 success=True
[hybrid-rollout] ep 102 (heldout_103): steps=60 success=False
[hybrid-rollout] ep 103 (heldout_104): steps=6 success=True
[hybrid-rollout] ep 104 (heldout_105): steps=60 success=False
[hybrid-rollout] ep 105 (heldout_106): steps=6 success=True
[hybrid-rollout] ep 106 (heldout_107): steps=4 success=True
[hybrid-rollout] ep 107 (heldout_108): steps=4 success=True
[hybrid-rollout] ep 108 (heldout_109): steps=4 success=True
[hybrid-rollout] ep 109 (heldout_110): steps=60 success=False
[hybrid-rollout] ep 110 (heldout_111): steps=60 success=False
[hybrid-rollout] ep 111 (heldout_112): steps=5 success=True
[hybrid-rollout] ep 112 (heldout_113): steps=7 success=True
[hybrid-rollout] ep 113 (heldout_114): steps=4 success=True
[hybrid-rollout] ep 114 (heldout_115): steps=4 success=True
[hybrid-rollout] ep 115 (heldout_116): steps=5 success=True
[hybrid-rollout] ep 116 (heldout_117): steps=1 success=False
[hybrid-rollout] ep 117 (heldout_118): steps=9 success=True
[hybrid-rollout] ep 118 (heldout_119): steps=60 success=False
[hybrid-rollout] ep 119 (heldout_120): steps=60 success=False
[hybrid-rollout] ep 120 (heldout_121): steps=4 success=True
[hybrid-rollout] ep 121 (heldout_122): steps=4 success=True
[hybrid-rollout] ep 122 (heldout_123): steps=6 success=True
[hybrid-rollout] ep 123 (heldout_124): steps=60 success=False
[hybrid-rollout] ep 124 (heldout_125): steps=4 success=True
[hybrid-rollout] ep 125 (heldout_126): steps=4 success=True
[hybrid-rollout] ep 126 (heldout_127): steps=60 success=False
[hybrid-rollout] ep 127 (heldout_128): steps=7 success=True
[hybrid-rollout] ep 128 (heldout_129): steps=60 success=False
[hybrid-rollout] ep 129 (heldout_130): steps=6 success=True
[hybrid-rollout] ep 130 (heldout_131): steps=5 success=False
[hybrid-rollout] ep 131 (heldout_132): steps=4 success=True
[hybrid-rollout] ep 132 (heldout_133): steps=4 success=True
[hybrid-rollout] ep 133 (heldout_134): steps=60 success=False
[hybrid-rollout] ep 134 (heldout_135): steps=6 success=True
[hybrid-rollout] ep 135 (heldout_136): steps=5 success=True
[hybrid-rollout] ep 136 (heldout_137): steps=60 success=False
[hybrid-rollout] ep 137 (heldout_138): steps=4 success=True
[hybrid-rollout] ep 138 (heldout_139): steps=4 success=True
[hybrid-rollout] ep 139 (heldout_140): steps=5 success=True
[hybrid-rollout] ep 140 (heldout_141): steps=5 success=True
[hybrid-rollout] ep 141 (heldout_142): steps=4 success=True
[hybrid-rollout] ep 142 (heldout_143): steps=8 success=True
[hybrid-rollout] ep 143 (heldout_144): steps=4 success=True
[hybrid-rollout] ep 144 (heldout_145): steps=5 success=True
[hybrid-rollout] ep 145 (heldout_146): steps=7 success=True
[hybrid-rollout] ep 146 (heldout_147): steps=4 success=True
[hybrid-rollout] ep 147 (heldout_148): steps=60 success=False
[hybrid-rollout] ep 148 (heldout_149): steps=7 success=True
[hybrid-rollout] ep 149 (heldout_150): steps=4 success=True
[hybrid-rollout] ep 150 (heldout_151): steps=5 success=True
[hybrid-rollout] ep 151 (heldout_152): steps=1 success=False
[hybrid-rollout] ep 152 (heldout_153): steps=5 success=True
[hybrid-rollout] ep 153 (heldout_154): steps=60 success=False
[hybrid-rollout] ep 154 (heldout_155): steps=60 success=False
[hybrid-rollout] ep 155 (heldout_156): steps=60 success=False
[hybrid-rollout] ep 156 (heldout_157): steps=4 success=True
[hybrid-rollout] ep 157 (heldout_158): steps=3 success=False
[hybrid-rollout] ep 158 (heldout_159): steps=6 success=True
[hybrid-rollout] ep 159 (heldout_160): steps=4 success=True
[hybrid-rollout] ep 160 (heldout_161): steps=60 success=False
[hybrid-rollout] ep 161 (heldout_162): steps=5 success=True
[hybrid-rollout] ep 162 (heldout_163): steps=4 success=True
[hybrid-rollout] ep 163 (heldout_164): steps=6 success=True
[hybrid-rollout] ep 164 (heldout_165): steps=5 success=True
[hybrid-rollout] ep 165 (heldout_166): steps=60 success=False
[hybrid-rollout] ep 166 (heldout_167): steps=4 success=True
[hybrid-rollout] ep 167 (heldout_168): steps=4 success=True
[hybrid-rollout] ep 168 (heldout_169): steps=4 success=False
[hybrid-rollout] ep 169 (heldout_170): steps=5 success=False
[hybrid-rollout] ep 170 (heldout_171): steps=4 success=True
[hybrid-rollout] ep 171 (heldout_172): steps=5 success=True
[hybrid-rollout] ep 172 (heldout_173): steps=4 success=True
[hybrid-rollout] ep 173 (heldout_174): steps=60 success=False
[hybrid-rollout] ep 174 (heldout_175): steps=5 success=True
[hybrid-rollout] ep 175 (heldout_176): steps=6 success=True
[hybrid-rollout] ep 176 (heldout_177): steps=6 success=True
[hybrid-rollout] ep 177 (heldout_178): steps=5 success=True
[hybrid-rollout] ep 178 (heldout_179): steps=5 success=True
[hybrid-rollout] ep 179 (heldout_180): steps=4 success=True
[hybrid-rollout] ep 180 (heldout_181): steps=5 success=True
[hybrid-rollout] ep 181 (heldout_182): steps=4 success=True
[hybrid-rollout] ep 182 (heldout_183): steps=5 success=True
[hybrid-rollout] ep 183 (heldout_184): steps=7 success=True
[hybrid-rollout] ep 184 (heldout_185): steps=5 success=True
[hybrid-rollout] ep 185 (heldout_186): steps=4 success=True
[hybrid-rollout] ep 186 (heldout_187): steps=5 success=True
[hybrid-rollout] ep 187 (heldout_188): steps=5 success=True
[hybrid-rollout] ep 188 (heldout_189): steps=5 success=True
[hybrid-rollout] ep 189 (heldout_190): steps=7 success=True
[hybrid-rollout] ep 190 (heldout_191): steps=4 success=True
[hybrid-rollout] ep 191 (heldout_192): steps=5 success=True
[hybrid-rollout] ep 192 (heldout_193): steps=60 success=False
[hybrid-rollout] ep 193 (heldout_194): steps=6 success=True
[hybrid-rollout] ep 194 (heldout_195): steps=5 success=True
[hybrid-rollout] ep 195 (heldout_196): steps=4 success=True
[hybrid-rollout] ep 196 (heldout_197): steps=5 success=True
[hybrid-rollout] ep 197 (heldout_198): steps=4 success=True
[hybrid-rollout] ep 198 (heldout_199): steps=4 success=True
[hybrid-rollout] ep 199 (heldout_200): steps=4 success=True
[hybrid-rollout] DONE successes=149/200
[16:03:07] [replay_p4] run 6 round 6: extras=6 heldout_sr=0.745
[16:03:07] [replay_p4] $ /home/s226137394/.conda/envs/maze/bin/python3 -u -m Equivariant_pathway.equivariant_CNN_hybrid.baseline_vs_p4.pool_x_selector.trainer.finetune_replay --demo_dir /weka/s226137394/DmNfull/Equivariant_pathway/equivariant_CNN_hybrid/baseline_vs_p4/pool_x_selector/results/run_6/p4_top3_rotate_e90/demos --checkpoint_dir /weka/s226137394/DmNfull/Equivariant_pathway/equivariant_CNN_hybrid/baseline_vs_p4/pool_x_selector/results/run_6/p4_top3_rotate_e90/checkpoints --epochs 90 --batch_size 64 --lr 5e-05 --weight_decay 0.0001 --replay_mix 0.5 --replay_mix_floor 0.2 --seed 6 --resume --new_demos_dir /weka/s226137394/DmNfull/Equivariant_pathway/equivariant_CNN_hybrid/baseline_vs_p4/pool_x_selector/results/run_6/p4_top3_rotate_e90/demos/round_007
[finetune_replay] device=cuda demo_dir=/weka/s226137394/DmNfull/Equivariant_pathway/equivariant_CNN_hybrid/baseline_vs_p4/pool_x_selector/results/run_6/p4_top3_rotate_e90/demos new_demos_dir=/weka/s226137394/DmNfull/Equivariant_pathway/equivariant_CNN_hybrid/baseline_vs_p4/pool_x_selector/results/run_6/p4_top3_rotate_e90/demos/round_007
[hybrid-dataset] 26 demos -> 139 samples
[hybrid-dataset] 1 demos -> 4 samples
[finetune_replay] sampler audit: {'n_old_samples': 139, 'n_new_samples': 4, 'replay_mix_target': 0.5, 'replay_mix_effective': 0.5, 'replay_mix_floor': 0.2}
[finetune_replay] trainable params: 1,400,028
[finetune_replay] WARM START from last_hybrid_policy.pth
[finetune_replay] ep   1/90 | train loss=0.0912 top1=1.000 | val loss=0.0073 | t=0.9s  *
[finetune_replay] ep   2/90 | train loss=0.0145 top1=1.000 | val loss=0.0074 | t=0.1s
[finetune_replay] ep   3/90 | train loss=0.0093 top1=1.000 | val loss=0.0281 | t=0.1s
[finetune_replay] ep   4/90 | train loss=0.0105 top1=1.000 | val loss=0.0130 | t=0.2s
[finetune_replay] ep   5/90 | train loss=0.0055 top1=1.000 | val loss=0.0083 | t=0.1s
[finetune_replay] ep   6/90 | train loss=0.0124 top1=1.000 | val loss=0.0057 | t=0.1s  *
[finetune_replay] ep   7/90 | train loss=0.0047 top1=1.000 | val loss=0.0052 | t=0.1s  *
[finetune_replay] ep   8/90 | train loss=0.0030 top1=1.000 | val loss=0.0069 | t=0.1s
[finetune_replay] ep   9/90 | train loss=0.0051 top1=1.000 | val loss=0.0055 | t=0.1s
[finetune_replay] ep  10/90 | train loss=0.0036 top1=1.000 | val loss=0.0029 | t=0.1s  *
[finetune_replay] ep  11/90 | train loss=0.0020 top1=1.000 | val loss=0.0028 | t=0.1s  *
[finetune_replay] ep  12/90 | train loss=0.0022 top1=1.000 | val loss=0.0043 | t=0.1s
[finetune_replay] ep  13/90 | train loss=0.0021 top1=1.000 | val loss=0.0045 | t=0.1s
[finetune_replay] ep  14/90 | train loss=0.0014 top1=1.000 | val loss=0.0039 | t=0.1s
[finetune_replay] ep  15/90 | train loss=0.0019 top1=1.000 | val loss=0.0031 | t=0.1s
[finetune_replay] ep  16/90 | train loss=0.0014 top1=1.000 | val loss=0.0024 | t=0.1s  *
[finetune_replay] ep  17/90 | train loss=0.0013 top1=1.000 | val loss=0.0026 | t=0.1s
[finetune_replay] ep  18/90 | train loss=0.0019 top1=1.000 | val loss=0.0037 | t=0.1s
[finetune_replay] ep  19/90 | train loss=0.0019 top1=1.000 | val loss=0.0026 | t=0.1s
[finetune_replay] ep  20/90 | train loss=0.0017 top1=1.000 | val loss=0.0021 | t=0.2s  *
[finetune_replay] ep  21/90 | train loss=0.0019 top1=1.000 | val loss=0.0029 | t=0.1s
[finetune_replay] ep  22/90 | train loss=0.0028 top1=1.000 | val loss=0.0029 | t=0.1s
[finetune_replay] ep  23/90 | train loss=0.0014 top1=1.000 | val loss=0.0029 | t=0.1s
[finetune_replay] ep  24/90 | train loss=0.0013 top1=1.000 | val loss=0.0028 | t=0.1s
[finetune_replay] ep  25/90 | train loss=0.0013 top1=1.000 | val loss=0.0027 | t=0.1s
[finetune_replay] ep  26/90 | train loss=0.0013 top1=1.000 | val loss=0.0025 | t=0.1s
[finetune_replay] ep  27/90 | train loss=0.0012 top1=1.000 | val loss=0.0022 | t=0.1s
[finetune_replay] ep  28/90 | train loss=0.0008 top1=1.000 | val loss=0.0021 | t=0.1s
[finetune_replay] ep  29/90 | train loss=0.0015 top1=1.000 | val loss=0.0020 | t=0.1s  *
[finetune_replay] ep  30/90 | train loss=0.0012 top1=1.000 | val loss=0.0022 | t=0.1s
[finetune_replay] ep  31/90 | train loss=0.0014 top1=1.000 | val loss=0.0028 | t=0.1s
[finetune_replay] ep  32/90 | train loss=0.0014 top1=1.000 | val loss=0.0024 | t=0.1s
[finetune_replay] ep  33/90 | train loss=0.0009 top1=1.000 | val loss=0.0067 | t=0.1s
[finetune_replay] ep  34/90 | train loss=0.0028 top1=1.000 | val loss=0.0094 | t=0.1s
[finetune_replay] ep  35/90 | train loss=0.0046 top1=1.000 | val loss=0.0063 | t=0.1s
[finetune_replay] ep  36/90 | train loss=0.0036 top1=1.000 | val loss=0.0018 | t=0.1s  *
[finetune_replay] ep  37/90 | train loss=0.0022 top1=1.000 | val loss=0.0024 | t=0.1s
[finetune_replay] ep  38/90 | train loss=0.0044 top1=1.000 | val loss=0.0021 | t=0.1s
[finetune_replay] ep  39/90 | train loss=0.0009 top1=1.000 | val loss=0.0064 | t=0.1s
[finetune_replay] ep  40/90 | train loss=0.0020 top1=1.000 | val loss=0.0066 | t=0.1s
[finetune_replay] ep  41/90 | train loss=0.0013 top1=1.000 | val loss=0.0044 | t=0.1s
[finetune_replay] ep  42/90 | train loss=0.0010 top1=1.000 | val loss=0.0030 | t=0.1s
[finetune_replay] ep  43/90 | train loss=0.0008 top1=1.000 | val loss=0.0026 | t=0.1s
[finetune_replay] ep  44/90 | train loss=0.0013 top1=1.000 | val loss=0.0027 | t=0.1s
[finetune_replay] ep  45/90 | train loss=0.0015 top1=1.000 | val loss=0.0023 | t=0.1s
[finetune_replay] ep  46/90 | train loss=0.0008 top1=1.000 | val loss=0.0022 | t=0.1s
[finetune_replay] ep  47/90 | train loss=0.0007 top1=1.000 | val loss=0.0022 | t=0.1s
[finetune_replay] ep  48/90 | train loss=0.0010 top1=1.000 | val loss=0.0022 | t=0.1s
[finetune_replay] ep  49/90 | train loss=0.0008 top1=1.000 | val loss=0.0024 | t=0.1s
[finetune_replay] ep  50/90 | train loss=0.0013 top1=1.000 | val loss=0.0021 | t=0.1s
[finetune_replay] ep  51/90 | train loss=0.0008 top1=1.000 | val loss=0.0018 | t=0.1s
[finetune_replay] ep  52/90 | train loss=0.0011 top1=1.000 | val loss=0.0016 | t=0.1s  *
[finetune_replay] ep  53/90 | train loss=0.0009 top1=1.000 | val loss=0.0016 | t=0.1s
[finetune_replay] ep  54/90 | train loss=0.0008 top1=1.000 | val loss=0.0016 | t=0.1s
[finetune_replay] ep  55/90 | train loss=0.0010 top1=1.000 | val loss=0.0017 | t=0.1s
[finetune_replay] ep  56/90 | train loss=0.0010 top1=1.000 | val loss=0.0018 | t=0.1s
[finetune_replay] ep  57/90 | train loss=0.0011 top1=1.000 | val loss=0.0018 | t=0.1s
[finetune_replay] ep  58/90 | train loss=0.0009 top1=1.000 | val loss=0.0019 | t=0.1s
[finetune_replay] ep  59/90 | train loss=0.0007 top1=1.000 | val loss=0.0018 | t=0.1s
[finetune_replay] ep  60/90 | train loss=0.0007 top1=1.000 | val loss=0.0017 | t=0.1s
[finetune_replay] ep  61/90 | train loss=0.0010 top1=1.000 | val loss=0.0016 | t=0.1s
[finetune_replay] ep  62/90 | train loss=0.0010 top1=1.000 | val loss=0.0016 | t=0.1s  *
[finetune_replay] ep  63/90 | train loss=0.0008 top1=1.000 | val loss=0.0015 | t=0.1s  *
[finetune_replay] ep  64/90 | train loss=0.0009 top1=1.000 | val loss=0.0015 | t=0.1s  *
[finetune_replay] ep  65/90 | train loss=0.0009 top1=1.000 | val loss=0.0015 | t=0.1s
[finetune_replay] ep  66/90 | train loss=0.0008 top1=1.000 | val loss=0.0015 | t=0.1s
[finetune_replay] ep  67/90 | train loss=0.0008 top1=1.000 | val loss=0.0015 | t=0.1s
[finetune_replay] ep  68/90 | train loss=0.0007 top1=1.000 | val loss=0.0015 | t=0.1s
[finetune_replay] ep  69/90 | train loss=0.0008 top1=1.000 | val loss=0.0016 | t=0.1s
[finetune_replay] ep  70/90 | train loss=0.0008 top1=1.000 | val loss=0.0016 | t=0.1s
[finetune_replay] ep  71/90 | train loss=0.0009 top1=1.000 | val loss=0.0016 | t=0.1s
[finetune_replay] ep  72/90 | train loss=0.0011 top1=1.000 | val loss=0.0015 | t=0.1s
[finetune_replay] ep  73/90 | train loss=0.0008 top1=1.000 | val loss=0.0015 | t=0.1s
[finetune_replay] ep  74/90 | train loss=0.0007 top1=1.000 | val loss=0.0015 | t=0.1s  *
[finetune_replay] ep  75/90 | train loss=0.0007 top1=1.000 | val loss=0.0015 | t=0.1s
[finetune_replay] ep  76/90 | train loss=0.0006 top1=1.000 | val loss=0.0015 | t=0.1s
[finetune_replay] ep  77/90 | train loss=0.0009 top1=1.000 | val loss=0.0016 | t=0.1s
[finetune_replay] ep  78/90 | train loss=0.0010 top1=1.000 | val loss=0.0016 | t=0.1s
[finetune_replay] ep  79/90 | train loss=0.0010 top1=1.000 | val loss=0.0016 | t=0.1s
[finetune_replay] ep  80/90 | train loss=0.0009 top1=1.000 | val loss=0.0016 | t=0.1s
[finetune_replay] ep  81/90 | train loss=0.0008 top1=1.000 | val loss=0.0016 | t=0.1s
[finetune_replay] ep  82/90 | train loss=0.0007 top1=1.000 | val loss=0.0016 | t=0.1s
[finetune_replay] ep  83/90 | train loss=0.0009 top1=1.000 | val loss=0.0016 | t=0.1s
[finetune_replay] ep  84/90 | train loss=0.0007 top1=1.000 | val loss=0.0016 | t=0.1s
[finetune_replay] ep  85/90 | train loss=0.0007 top1=1.000 | val loss=0.0015 | t=0.1s
[finetune_replay] ep  86/90 | train loss=0.0007 top1=1.000 | val loss=0.0015 | t=0.1s
[finetune_replay] ep  87/90 | train loss=0.0008 top1=1.000 | val loss=0.0016 | t=0.1s
[finetune_replay] ep  88/90 | train loss=0.0007 top1=1.000 | val loss=0.0016 | t=0.1s
[finetune_replay] ep  89/90 | train loss=0.0008 top1=1.000 | val loss=0.0016 | t=0.1s
[finetune_replay] ep  90/90 | train loss=0.0006 top1=1.000 | val loss=0.0016 | t=0.1s
[finetune_replay] DONE best_val_loss=0.0015 @ epoch 74
[16:03:34] [bo-budget] $ /home/s226137394/.conda/envs/maze/bin/python3 -u -m Equivariant_pathway.equivariant_CNN_hybrid.rollout_test --checkpoint /weka/s226137394/DmNfull/Equivariant_pathway/equivariant_CNN_hybrid/baseline_vs_p4/pool_x_selector/results/run_6/p4_top3_rotate_e90/checkpoints/best_hybrid_policy.pth --layouts /weka/s226137394/DmNfull/Equivariant_pathway/equivariant_CNN_hybrid/baseline_vs_p4/shared/heldout_layouts.yaml --out_dir /weka/s226137394/DmNfull/Equivariant_pathway/equivariant_CNN_hybrid/baseline_vs_p4/pool_x_selector/results/run_6/p4_top3_rotate_e90/results/eval_round_007 --seed 13 --max_steps 60
[hybrid-rollout] 200 unique; running 200 eps
[hybrid-rollout] loaded /weka/s226137394/DmNfull/Equivariant_pathway/equivariant_CNN_hybrid/baseline_vs_p4/pool_x_selector/results/run_6/p4_top3_rotate_e90/checkpoints/best_hybrid_policy.pth
[hybrid-rollout] ep 0 (heldout_001): steps=5 success=True
[hybrid-rollout] ep 1 (heldout_002): steps=4 success=True
[hybrid-rollout] ep 2 (heldout_003): steps=60 success=False
[hybrid-rollout] ep 3 (heldout_004): steps=6 success=True
[hybrid-rollout] ep 4 (heldout_005): steps=5 success=True
[hybrid-rollout] ep 5 (heldout_006): steps=3 success=False
[hybrid-rollout] ep 6 (heldout_007): steps=5 success=True
[hybrid-rollout] ep 7 (heldout_008): steps=4 success=True
[hybrid-rollout] ep 8 (heldout_009): steps=6 success=True
[hybrid-rollout] ep 9 (heldout_010): steps=8 success=True
[hybrid-rollout] ep 10 (heldout_011): steps=4 success=True
[hybrid-rollout] ep 11 (heldout_012): steps=4 success=True
[hybrid-rollout] ep 12 (heldout_013): steps=5 success=True
[hybrid-rollout] ep 13 (heldout_014): steps=5 success=True
[hybrid-rollout] ep 14 (heldout_015): steps=4 success=True
[hybrid-rollout] ep 15 (heldout_016): steps=5 success=True
[hybrid-rollout] ep 16 (heldout_017): steps=60 success=False
[hybrid-rollout] ep 17 (heldout_018): steps=60 success=False
[hybrid-rollout] ep 18 (heldout_019): steps=5 success=True
[hybrid-rollout] ep 19 (heldout_020): steps=5 success=True
[hybrid-rollout] ep 20 (heldout_021): steps=4 success=True
[hybrid-rollout] ep 21 (heldout_022): steps=4 success=True
[hybrid-rollout] ep 22 (heldout_023): steps=7 success=True
[hybrid-rollout] ep 23 (heldout_024): steps=60 success=False
[hybrid-rollout] ep 24 (heldout_025): steps=4 success=True
[hybrid-rollout] ep 25 (heldout_026): steps=4 success=True
[hybrid-rollout] ep 26 (heldout_027): steps=4 success=True
[hybrid-rollout] ep 27 (heldout_028): steps=4 success=True
[hybrid-rollout] ep 28 (heldout_029): steps=5 success=True
[hybrid-rollout] ep 29 (heldout_030): steps=60 success=False
[hybrid-rollout] ep 30 (heldout_031): steps=5 success=True
[hybrid-rollout] ep 31 (heldout_032): steps=60 success=False
[hybrid-rollout] ep 32 (heldout_033): steps=4 success=True
[hybrid-rollout] ep 33 (heldout_034): steps=5 success=True
[hybrid-rollout] ep 34 (heldout_035): steps=6 success=True
[hybrid-rollout] ep 35 (heldout_036): steps=5 success=True
[hybrid-rollout] ep 36 (heldout_037): steps=4 success=True
[hybrid-rollout] ep 37 (heldout_038): steps=60 success=False
[hybrid-rollout] ep 38 (heldout_039): steps=6 success=True
[hybrid-rollout] ep 39 (heldout_040): steps=5 success=True
[hybrid-rollout] ep 40 (heldout_041): steps=60 success=False
[hybrid-rollout] ep 41 (heldout_042): steps=60 success=False
[hybrid-rollout] ep 42 (heldout_043): steps=4 success=True
[hybrid-rollout] ep 43 (heldout_044): steps=5 success=True
[hybrid-rollout] ep 44 (heldout_045): steps=5 success=True
[hybrid-rollout] ep 45 (heldout_046): steps=4 success=True
[hybrid-rollout] ep 46 (heldout_047): steps=60 success=False
[hybrid-rollout] ep 47 (heldout_048): steps=6 success=True
[hybrid-rollout] ep 48 (heldout_049): steps=5 success=True
[hybrid-rollout] ep 49 (heldout_050): steps=4 success=True
[hybrid-rollout] ep 50 (heldout_051): steps=4 success=True
[hybrid-rollout] ep 51 (heldout_052): steps=4 success=True
[hybrid-rollout] ep 52 (heldout_053): steps=6 success=True
[hybrid-rollout] ep 53 (heldout_054): steps=4 success=True
[hybrid-rollout] ep 54 (heldout_055): steps=60 success=False
[hybrid-rollout] ep 55 (heldout_056): steps=4 success=True
[hybrid-rollout] ep 56 (heldout_057): steps=4 success=True
[hybrid-rollout] ep 57 (heldout_058): steps=4 success=True
[hybrid-rollout] ep 58 (heldout_059): steps=5 success=True
[hybrid-rollout] ep 59 (heldout_060): steps=6 success=True
[hybrid-rollout] ep 60 (heldout_061): steps=5 success=True
[hybrid-rollout] ep 61 (heldout_062): steps=6 success=True
[hybrid-rollout] ep 62 (heldout_063): steps=5 success=True
[hybrid-rollout] ep 63 (heldout_064): steps=4 success=True
[hybrid-rollout] ep 64 (heldout_065): steps=7 success=True
[hybrid-rollout] ep 65 (heldout_066): steps=6 success=True
[hybrid-rollout] ep 66 (heldout_067): steps=5 success=True
[hybrid-rollout] ep 67 (heldout_068): steps=4 success=True
[hybrid-rollout] ep 68 (heldout_069): steps=4 success=True
[hybrid-rollout] ep 69 (heldout_070): steps=7 success=True
[hybrid-rollout] ep 70 (heldout_071): steps=5 success=True
[hybrid-rollout] ep 71 (heldout_072): steps=5 success=True
[hybrid-rollout] ep 72 (heldout_073): steps=3 success=False
[hybrid-rollout] ep 73 (heldout_074): steps=4 success=True
[hybrid-rollout] ep 74 (heldout_075): steps=5 success=True
[hybrid-rollout] ep 75 (heldout_076): steps=7 success=True
[hybrid-rollout] ep 76 (heldout_077): steps=4 success=True
[hybrid-rollout] ep 77 (heldout_078): steps=3 success=False
[hybrid-rollout] ep 78 (heldout_079): steps=4 success=True
[hybrid-rollout] ep 79 (heldout_080): steps=4 success=True
[hybrid-rollout] ep 80 (heldout_081): steps=5 success=True
[hybrid-rollout] ep 81 (heldout_082): steps=5 success=True
[hybrid-rollout] ep 82 (heldout_083): steps=4 success=True
[hybrid-rollout] ep 83 (heldout_084): steps=5 success=True
[hybrid-rollout] ep 84 (heldout_085): steps=60 success=False
[hybrid-rollout] ep 85 (heldout_086): steps=6 success=True
[hybrid-rollout] ep 86 (heldout_087): steps=7 success=True
[hybrid-rollout] ep 87 (heldout_088): steps=4 success=True
[hybrid-rollout] ep 88 (heldout_089): steps=3 success=False
[hybrid-rollout] ep 89 (heldout_090): steps=4 success=True
[hybrid-rollout] ep 90 (heldout_091): steps=5 success=True
[hybrid-rollout] ep 91 (heldout_092): steps=5 success=True
[hybrid-rollout] ep 92 (heldout_093): steps=6 success=True
[hybrid-rollout] ep 93 (heldout_094): steps=6 success=True
[hybrid-rollout] ep 94 (heldout_095): steps=7 success=True
[hybrid-rollout] ep 95 (heldout_096): steps=5 success=True
[hybrid-rollout] ep 96 (heldout_097): steps=5 success=True
[hybrid-rollout] ep 97 (heldout_098): steps=60 success=False
[hybrid-rollout] ep 98 (heldout_099): steps=60 success=False
[hybrid-rollout] ep 99 (heldout_100): steps=60 success=False
[hybrid-rollout] ep 100 (heldout_101): steps=4 success=True
[hybrid-rollout] ep 101 (heldout_102): steps=4 success=True
[hybrid-rollout] ep 102 (heldout_103): steps=60 success=False
[hybrid-rollout] ep 103 (heldout_104): steps=6 success=True
[hybrid-rollout] ep 104 (heldout_105): steps=60 success=False
[hybrid-rollout] ep 105 (heldout_106): steps=6 success=True
[hybrid-rollout] ep 106 (heldout_107): steps=4 success=True
[hybrid-rollout] ep 107 (heldout_108): steps=4 success=True
[hybrid-rollout] ep 108 (heldout_109): steps=4 success=True
[hybrid-rollout] ep 109 (heldout_110): steps=60 success=False
[hybrid-rollout] ep 110 (heldout_111): steps=5 success=False
[hybrid-rollout] ep 111 (heldout_112): steps=5 success=True
[hybrid-rollout] ep 112 (heldout_113): steps=7 success=True
[hybrid-rollout] ep 113 (heldout_114): steps=60 success=False
[hybrid-rollout] ep 114 (heldout_115): steps=4 success=True
[hybrid-rollout] ep 115 (heldout_116): steps=5 success=True
[hybrid-rollout] ep 116 (heldout_117): steps=60 success=False
[hybrid-rollout] ep 117 (heldout_118): steps=9 success=True
[hybrid-rollout] ep 118 (heldout_119): steps=4 success=True
[hybrid-rollout] ep 119 (heldout_120): steps=7 success=True
[hybrid-rollout] ep 120 (heldout_121): steps=4 success=True
[hybrid-rollout] ep 121 (heldout_122): steps=4 success=True
[hybrid-rollout] ep 122 (heldout_123): steps=6 success=True
[hybrid-rollout] ep 123 (heldout_124): steps=8 success=True
[hybrid-rollout] ep 124 (heldout_125): steps=4 success=True
[hybrid-rollout] ep 125 (heldout_126): steps=4 success=True
[hybrid-rollout] ep 126 (heldout_127): steps=60 success=False
[hybrid-rollout] ep 127 (heldout_128): steps=7 success=True
[hybrid-rollout] ep 128 (heldout_129): steps=60 success=False
[hybrid-rollout] ep 129 (heldout_130): steps=4 success=True
[hybrid-rollout] ep 130 (heldout_131): steps=5 success=False
[hybrid-rollout] ep 131 (heldout_132): steps=4 success=True
[hybrid-rollout] ep 132 (heldout_133): steps=4 success=True
[hybrid-rollout] ep 133 (heldout_134): steps=60 success=False
[hybrid-rollout] ep 134 (heldout_135): steps=6 success=True
[hybrid-rollout] ep 135 (heldout_136): steps=5 success=True
[hybrid-rollout] ep 136 (heldout_137): steps=60 success=False
[hybrid-rollout] ep 137 (heldout_138): steps=4 success=True
[hybrid-rollout] ep 138 (heldout_139): steps=4 success=True
[hybrid-rollout] ep 139 (heldout_140): steps=5 success=True
[hybrid-rollout] ep 140 (heldout_141): steps=5 success=True
[hybrid-rollout] ep 141 (heldout_142): steps=4 success=True
[hybrid-rollout] ep 142 (heldout_143): steps=8 success=True
[hybrid-rollout] ep 143 (heldout_144): steps=4 success=True
[hybrid-rollout] ep 144 (heldout_145): steps=5 success=True
[hybrid-rollout] ep 145 (heldout_146): steps=7 success=True
[hybrid-rollout] ep 146 (heldout_147): steps=4 success=True
[hybrid-rollout] ep 147 (heldout_148): steps=60 success=False
[hybrid-rollout] ep 148 (heldout_149): steps=5 success=True
[hybrid-rollout] ep 149 (heldout_150): steps=4 success=True
[hybrid-rollout] ep 150 (heldout_151): steps=5 success=True
[hybrid-rollout] ep 151 (heldout_152): steps=6 success=True
[hybrid-rollout] ep 152 (heldout_153): steps=5 success=True
[hybrid-rollout] ep 153 (heldout_154): steps=60 success=False
[hybrid-rollout] ep 154 (heldout_155): steps=60 success=False
[hybrid-rollout] ep 155 (heldout_156): steps=60 success=False
[hybrid-rollout] ep 156 (heldout_157): steps=4 success=True
[hybrid-rollout] ep 157 (heldout_158): steps=3 success=False
[hybrid-rollout] ep 158 (heldout_159): steps=6 success=True
[hybrid-rollout] ep 159 (heldout_160): steps=60 success=False
[hybrid-rollout] ep 160 (heldout_161): steps=60 success=False
[hybrid-rollout] ep 161 (heldout_162): steps=5 success=True
[hybrid-rollout] ep 162 (heldout_163): steps=4 success=True
[hybrid-rollout] ep 163 (heldout_164): steps=6 success=True
[hybrid-rollout] ep 164 (heldout_165): steps=5 success=True
[hybrid-rollout] ep 165 (heldout_166): steps=60 success=False
[hybrid-rollout] ep 166 (heldout_167): steps=4 success=True
[hybrid-rollout] ep 167 (heldout_168): steps=4 success=True
[hybrid-rollout] ep 168 (heldout_169): steps=4 success=False
[hybrid-rollout] ep 169 (heldout_170): steps=5 success=False
[hybrid-rollout] ep 170 (heldout_171): steps=4 success=True
[hybrid-rollout] ep 171 (heldout_172): steps=5 success=True
[hybrid-rollout] ep 172 (heldout_173): steps=4 success=True
[hybrid-rollout] ep 173 (heldout_174): steps=5 success=True
[hybrid-rollout] ep 174 (heldout_175): steps=5 success=True
[hybrid-rollout] ep 175 (heldout_176): steps=6 success=True
[hybrid-rollout] ep 176 (heldout_177): steps=6 success=True
[hybrid-rollout] ep 177 (heldout_178): steps=5 success=True
[hybrid-rollout] ep 178 (heldout_179): steps=5 success=True
[hybrid-rollout] ep 179 (heldout_180): steps=4 success=True
[hybrid-rollout] ep 180 (heldout_181): steps=5 success=True
[hybrid-rollout] ep 181 (heldout_182): steps=4 success=True
[hybrid-rollout] ep 182 (heldout_183): steps=5 success=True
[hybrid-rollout] ep 183 (heldout_184): steps=7 success=True
[hybrid-rollout] ep 184 (heldout_185): steps=5 success=True
[hybrid-rollout] ep 185 (heldout_186): steps=4 success=True
[hybrid-rollout] ep 186 (heldout_187): steps=5 success=True
[hybrid-rollout] ep 187 (heldout_188): steps=5 success=True
[hybrid-rollout] ep 188 (heldout_189): steps=60 success=False
[hybrid-rollout] ep 189 (heldout_190): steps=7 success=True
[hybrid-rollout] ep 190 (heldout_191): steps=6 success=True
[hybrid-rollout] ep 191 (heldout_192): steps=5 success=True
[hybrid-rollout] ep 192 (heldout_193): steps=60 success=False
[hybrid-rollout] ep 193 (heldout_194): steps=6 success=True
[hybrid-rollout] ep 194 (heldout_195): steps=5 success=True
[hybrid-rollout] ep 195 (heldout_196): steps=4 success=True
[hybrid-rollout] ep 196 (heldout_197): steps=5 success=True
[hybrid-rollout] ep 197 (heldout_198): steps=4 success=True
[hybrid-rollout] ep 198 (heldout_199): steps=4 success=True
[hybrid-rollout] ep 199 (heldout_200): steps=4 success=True
[hybrid-rollout] DONE successes=158/200
[16:04:55] [replay_p4] run 6 round 7: extras=7 heldout_sr=0.790
[16:04:55] [replay_p4] $ /home/s226137394/.conda/envs/maze/bin/python3 -u -m Equivariant_pathway.equivariant_CNN_hybrid.baseline_vs_p4.pool_x_selector.trainer.finetune_replay --demo_dir /weka/s226137394/DmNfull/Equivariant_pathway/equivariant_CNN_hybrid/baseline_vs_p4/pool_x_selector/results/run_6/p4_top3_rotate_e90/demos --checkpoint_dir /weka/s226137394/DmNfull/Equivariant_pathway/equivariant_CNN_hybrid/baseline_vs_p4/pool_x_selector/results/run_6/p4_top3_rotate_e90/checkpoints --epochs 90 --batch_size 64 --lr 5e-05 --weight_decay 0.0001 --replay_mix 0.5 --replay_mix_floor 0.2 --seed 6 --resume --new_demos_dir /weka/s226137394/DmNfull/Equivariant_pathway/equivariant_CNN_hybrid/baseline_vs_p4/pool_x_selector/results/run_6/p4_top3_rotate_e90/demos/round_008
[finetune_replay] device=cuda demo_dir=/weka/s226137394/DmNfull/Equivariant_pathway/equivariant_CNN_hybrid/baseline_vs_p4/pool_x_selector/results/run_6/p4_top3_rotate_e90/demos new_demos_dir=/weka/s226137394/DmNfull/Equivariant_pathway/equivariant_CNN_hybrid/baseline_vs_p4/pool_x_selector/results/run_6/p4_top3_rotate_e90/demos/round_008
[hybrid-dataset] 27 demos -> 143 samples
[hybrid-dataset] 1 demos -> 4 samples
[finetune_replay] sampler audit: {'n_old_samples': 143, 'n_new_samples': 4, 'replay_mix_target': 0.5, 'replay_mix_effective': 0.5, 'replay_mix_floor': 0.2}
[finetune_replay] trainable params: 1,400,028
[finetune_replay] WARM START from last_hybrid_policy.pth
[finetune_replay] ep   1/90 | train loss=0.1065 top1=0.940 | val loss=0.2016 | t=1.0s  *
[finetune_replay] ep   2/90 | train loss=0.0306 top1=0.992 | val loss=0.0208 | t=0.1s  *
[finetune_replay] ep   3/90 | train loss=0.0070 top1=1.000 | val loss=0.0076 | t=0.1s  *
[finetune_replay] ep   4/90 | train loss=0.0063 top1=1.000 | val loss=0.0045 | t=0.1s  *
[finetune_replay] ep   5/90 | train loss=0.0034 top1=1.000 | val loss=0.0037 | t=0.1s  *
[finetune_replay] ep   6/90 | train loss=0.0018 top1=1.000 | val loss=0.0067 | t=0.2s
[finetune_replay] ep   7/90 | train loss=0.0033 top1=1.000 | val loss=0.0156 | t=0.1s
[finetune_replay] ep   8/90 | train loss=0.0011 top1=1.000 | val loss=0.0362 | t=0.1s
[finetune_replay] ep   9/90 | train loss=0.0020 top1=1.000 | val loss=0.0357 | t=0.1s
[finetune_replay] ep  10/90 | train loss=0.0012 top1=1.000 | val loss=0.0212 | t=0.1s
[finetune_replay] ep  11/90 | train loss=0.0014 top1=1.000 | val loss=0.0114 | t=0.1s
[finetune_replay] ep  12/90 | train loss=0.0012 top1=1.000 | val loss=0.0045 | t=0.1s
[finetune_replay] ep  13/90 | train loss=0.0010 top1=1.000 | val loss=0.0031 | t=0.1s  *
[finetune_replay] ep  14/90 | train loss=0.0017 top1=1.000 | val loss=0.0037 | t=0.1s
[finetune_replay] ep  15/90 | train loss=0.0010 top1=1.000 | val loss=0.0067 | t=0.2s
[finetune_replay] ep  16/90 | train loss=0.0011 top1=1.000 | val loss=0.0103 | t=0.1s
[finetune_replay] ep  17/90 | train loss=0.0009 top1=1.000 | val loss=0.0142 | t=0.1s
[finetune_replay] ep  18/90 | train loss=0.0014 top1=1.000 | val loss=0.0132 | t=0.1s
[finetune_replay] ep  19/90 | train loss=0.0005 top1=1.000 | val loss=0.0121 | t=0.1s
[finetune_replay] ep  20/90 | train loss=0.0010 top1=1.000 | val loss=0.0095 | t=0.1s
[finetune_replay] ep  21/90 | train loss=0.0009 top1=1.000 | val loss=0.0070 | t=0.1s
[finetune_replay] ep  22/90 | train loss=0.0007 top1=1.000 | val loss=0.0048 | t=0.1s
[finetune_replay] ep  23/90 | train loss=0.0010 top1=1.000 | val loss=0.0054 | t=0.1s
[finetune_replay] ep  24/90 | train loss=0.0006 top1=1.000 | val loss=0.0092 | t=0.1s
[finetune_replay] ep  25/90 | train loss=0.0009 top1=1.000 | val loss=0.0152 | t=0.1s
[finetune_replay] ep  26/90 | train loss=0.0006 top1=1.000 | val loss=0.0223 | t=0.1s
[finetune_replay] ep  27/90 | train loss=0.0012 top1=1.000 | val loss=0.0191 | t=0.1s
[finetune_replay] ep  28/90 | train loss=0.0007 top1=1.000 | val loss=0.0153 | t=0.1s
[finetune_replay] ep  29/90 | train loss=0.0007 top1=1.000 | val loss=0.0105 | t=0.1s
[finetune_replay] ep  30/90 | train loss=0.0006 top1=1.000 | val loss=0.0096 | t=0.1s
[finetune_replay] ep  31/90 | train loss=0.0008 top1=1.000 | val loss=0.0103 | t=0.1s
[finetune_replay] ep  32/90 | train loss=0.0007 top1=1.000 | val loss=0.0103 | t=0.1s
[finetune_replay] ep  33/90 | train loss=0.0006 top1=1.000 | val loss=0.0108 | t=0.1s
[finetune_replay] ep  34/90 | train loss=0.0005 top1=1.000 | val loss=0.0118 | t=0.1s
[finetune_replay] ep  35/90 | train loss=0.0004 top1=1.000 | val loss=0.0124 | t=0.1s
[finetune_replay] ep  36/90 | train loss=0.0005 top1=1.000 | val loss=0.0128 | t=0.1s
[finetune_replay] ep  37/90 | train loss=0.0005 top1=1.000 | val loss=0.0118 | t=0.1s
[finetune_replay] ep  38/90 | train loss=0.0005 top1=1.000 | val loss=0.0098 | t=0.1s
[finetune_replay] ep  39/90 | train loss=0.0007 top1=1.000 | val loss=0.0080 | t=0.1s
[finetune_replay] ep  40/90 | train loss=0.0007 top1=1.000 | val loss=0.0088 | t=0.1s
[finetune_replay] ep  41/90 | train loss=0.0006 top1=1.000 | val loss=0.0098 | t=0.1s
[finetune_replay] ep  42/90 | train loss=0.0008 top1=1.000 | val loss=0.0081 | t=0.2s
[finetune_replay] ep  43/90 | train loss=0.0005 top1=1.000 | val loss=0.0077 | t=0.1s
[finetune_replay] ep  44/90 | train loss=0.0004 top1=1.000 | val loss=0.0075 | t=0.1s
[finetune_replay] ep  45/90 | train loss=0.0005 top1=1.000 | val loss=0.0074 | t=0.1s
[finetune_replay] ep  46/90 | train loss=0.0004 top1=1.000 | val loss=0.0056 | t=0.1s
[finetune_replay] ep  47/90 | train loss=0.0004 top1=1.000 | val loss=0.0041 | t=0.1s
[finetune_replay] ep  48/90 | train loss=0.0006 top1=1.000 | val loss=0.0055 | t=0.1s
[finetune_replay] ep  49/90 | train loss=0.0005 top1=1.000 | val loss=0.0122 | t=0.1s
[finetune_replay] ep  50/90 | train loss=0.0005 top1=1.000 | val loss=0.0255 | t=0.1s
[finetune_replay] ep  51/90 | train loss=0.0006 top1=1.000 | val loss=0.0315 | t=0.1s
[finetune_replay] ep  52/90 | train loss=0.0006 top1=1.000 | val loss=0.0295 | t=0.1s
[finetune_replay] ep  53/90 | train loss=0.0004 top1=1.000 | val loss=0.0261 | t=0.1s
[finetune_replay] ep  54/90 | train loss=0.0003 top1=1.000 | val loss=0.0208 | t=0.1s
[finetune_replay] ep  55/90 | train loss=0.0006 top1=1.000 | val loss=0.0156 | t=0.1s
[finetune_replay] ep  56/90 | train loss=0.0005 top1=1.000 | val loss=0.0120 | t=0.1s
[finetune_replay] ep  57/90 | train loss=0.0004 top1=1.000 | val loss=0.0105 | t=0.1s
[finetune_replay] ep  58/90 | train loss=0.0004 top1=1.000 | val loss=0.0101 | t=0.1s
[finetune_replay] ep  59/90 | train loss=0.0004 top1=1.000 | val loss=0.0103 | t=0.1s
[finetune_replay] ep  60/90 | train loss=0.0004 top1=1.000 | val loss=0.0104 | t=0.1s
[finetune_replay] ep  61/90 | train loss=0.0006 top1=1.000 | val loss=0.0096 | t=0.1s
[finetune_replay] ep  62/90 | train loss=0.0004 top1=1.000 | val loss=0.0084 | t=0.1s
[finetune_replay] ep  63/90 | train loss=0.0005 top1=1.000 | val loss=0.0080 | t=0.1s
[finetune_replay] ep  64/90 | train loss=0.0005 top1=1.000 | val loss=0.0072 | t=0.1s
[finetune_replay] ep  65/90 | train loss=0.0005 top1=1.000 | val loss=0.0059 | t=0.1s
[finetune_replay] ep  66/90 | train loss=0.0005 top1=1.000 | val loss=0.0054 | t=0.1s
[finetune_replay] ep  67/90 | train loss=0.0005 top1=1.000 | val loss=0.0057 | t=0.1s
[finetune_replay] ep  68/90 | train loss=0.0004 top1=1.000 | val loss=0.0066 | t=0.1s
[finetune_replay] ep  69/90 | train loss=0.0004 top1=1.000 | val loss=0.0077 | t=0.1s
[finetune_replay] ep  70/90 | train loss=0.0004 top1=1.000 | val loss=0.0086 | t=0.1s
[finetune_replay] ep  71/90 | train loss=0.0004 top1=1.000 | val loss=0.0093 | t=0.1s
[finetune_replay] ep  72/90 | train loss=0.0004 top1=1.000 | val loss=0.0104 | t=0.1s
[finetune_replay] ep  73/90 | train loss=0.0006 top1=1.000 | val loss=0.0110 | t=0.1s
[finetune_replay] ep  74/90 | train loss=0.0004 top1=1.000 | val loss=0.0111 | t=0.1s
[finetune_replay] ep  75/90 | train loss=0.0003 top1=1.000 | val loss=0.0110 | t=0.1s
[finetune_replay] ep  76/90 | train loss=0.0004 top1=1.000 | val loss=0.0112 | t=0.1s
[finetune_replay] ep  77/90 | train loss=0.0004 top1=1.000 | val loss=0.0113 | t=0.1s
[finetune_replay] ep  78/90 | train loss=0.0004 top1=1.000 | val loss=0.0112 | t=0.1s
[finetune_replay] ep  79/90 | train loss=0.0005 top1=1.000 | val loss=0.0111 | t=0.1s
[finetune_replay] ep  80/90 | train loss=0.0004 top1=1.000 | val loss=0.0109 | t=0.1s
[finetune_replay] ep  81/90 | train loss=0.0004 top1=1.000 | val loss=0.0106 | t=0.1s
[finetune_replay] ep  82/90 | train loss=0.0004 top1=1.000 | val loss=0.0106 | t=0.1s
[finetune_replay] ep  83/90 | train loss=0.0005 top1=1.000 | val loss=0.0105 | t=0.1s
[finetune_replay] ep  84/90 | train loss=0.0004 top1=1.000 | val loss=0.0104 | t=0.1s
[finetune_replay] ep  85/90 | train loss=0.0004 top1=1.000 | val loss=0.0104 | t=0.1s
[finetune_replay] ep  86/90 | train loss=0.0004 top1=1.000 | val loss=0.0106 | t=0.1s
[finetune_replay] ep  87/90 | train loss=0.0005 top1=1.000 | val loss=0.0101 | t=0.1s
[finetune_replay] ep  88/90 | train loss=0.0004 top1=1.000 | val loss=0.0103 | t=0.1s
[finetune_replay] ep  89/90 | train loss=0.0004 top1=1.000 | val loss=0.0106 | t=0.1s
[finetune_replay] ep  90/90 | train loss=0.0005 top1=1.000 | val loss=0.0103 | t=0.1s
[finetune_replay] DONE best_val_loss=0.0031 @ epoch 13
[16:05:19] [bo-budget] $ /home/s226137394/.conda/envs/maze/bin/python3 -u -m Equivariant_pathway.equivariant_CNN_hybrid.rollout_test --checkpoint /weka/s226137394/DmNfull/Equivariant_pathway/equivariant_CNN_hybrid/baseline_vs_p4/pool_x_selector/results/run_6/p4_top3_rotate_e90/checkpoints/best_hybrid_policy.pth --layouts /weka/s226137394/DmNfull/Equivariant_pathway/equivariant_CNN_hybrid/baseline_vs_p4/shared/heldout_layouts.yaml --out_dir /weka/s226137394/DmNfull/Equivariant_pathway/equivariant_CNN_hybrid/baseline_vs_p4/pool_x_selector/results/run_6/p4_top3_rotate_e90/results/eval_round_008 --seed 14 --max_steps 60
[hybrid-rollout] 200 unique; running 200 eps
[hybrid-rollout] loaded /weka/s226137394/DmNfull/Equivariant_pathway/equivariant_CNN_hybrid/baseline_vs_p4/pool_x_selector/results/run_6/p4_top3_rotate_e90/checkpoints/best_hybrid_policy.pth
[hybrid-rollout] ep 0 (heldout_001): steps=5 success=True
[hybrid-rollout] ep 1 (heldout_002): steps=4 success=True
[hybrid-rollout] ep 2 (heldout_003): steps=60 success=False
[hybrid-rollout] ep 3 (heldout_004): steps=6 success=True
[hybrid-rollout] ep 4 (heldout_005): steps=5 success=True
[hybrid-rollout] ep 5 (heldout_006): steps=3 success=False
[hybrid-rollout] ep 6 (heldout_007): steps=5 success=True
[hybrid-rollout] ep 7 (heldout_008): steps=4 success=True
[hybrid-rollout] ep 8 (heldout_009): steps=6 success=True
[hybrid-rollout] ep 9 (heldout_010): steps=8 success=True
[hybrid-rollout] ep 10 (heldout_011): steps=4 success=True
[hybrid-rollout] ep 11 (heldout_012): steps=4 success=True
[hybrid-rollout] ep 12 (heldout_013): steps=60 success=False
[hybrid-rollout] ep 13 (heldout_014): steps=5 success=True
[hybrid-rollout] ep 14 (heldout_015): steps=4 success=True
[hybrid-rollout] ep 15 (heldout_016): steps=5 success=True
[hybrid-rollout] ep 16 (heldout_017): steps=60 success=False
[hybrid-rollout] ep 17 (heldout_018): steps=60 success=False
[hybrid-rollout] ep 18 (heldout_019): steps=60 success=False
[hybrid-rollout] ep 19 (heldout_020): steps=5 success=True
[hybrid-rollout] ep 20 (heldout_021): steps=4 success=True
[hybrid-rollout] ep 21 (heldout_022): steps=4 success=True
[hybrid-rollout] ep 22 (heldout_023): steps=7 success=True
[hybrid-rollout] ep 23 (heldout_024): steps=60 success=False
[hybrid-rollout] ep 24 (heldout_025): steps=4 success=True
[hybrid-rollout] ep 25 (heldout_026): steps=4 success=True
[hybrid-rollout] ep 26 (heldout_027): steps=4 success=True
[hybrid-rollout] ep 27 (heldout_028): steps=4 success=True
[hybrid-rollout] ep 28 (heldout_029): steps=5 success=True
[hybrid-rollout] ep 29 (heldout_030): steps=60 success=False
[hybrid-rollout] ep 30 (heldout_031): steps=5 success=True
[hybrid-rollout] ep 31 (heldout_032): steps=7 success=True
[hybrid-rollout] ep 32 (heldout_033): steps=4 success=True
[hybrid-rollout] ep 33 (heldout_034): steps=5 success=True
[hybrid-rollout] ep 34 (heldout_035): steps=6 success=True
[hybrid-rollout] ep 35 (heldout_036): steps=5 success=True
[hybrid-rollout] ep 36 (heldout_037): steps=4 success=True
[hybrid-rollout] ep 37 (heldout_038): steps=60 success=False
[hybrid-rollout] ep 38 (heldout_039): steps=6 success=True
[hybrid-rollout] ep 39 (heldout_040): steps=5 success=True
[hybrid-rollout] ep 40 (heldout_041): steps=60 success=False
[hybrid-rollout] ep 41 (heldout_042): steps=4 success=True
[hybrid-rollout] ep 42 (heldout_043): steps=4 success=True
[hybrid-rollout] ep 43 (heldout_044): steps=5 success=True
[hybrid-rollout] ep 44 (heldout_045): steps=5 success=True
[hybrid-rollout] ep 45 (heldout_046): steps=4 success=True
[hybrid-rollout] ep 46 (heldout_047): steps=60 success=False
[hybrid-rollout] ep 47 (heldout_048): steps=6 success=True
[hybrid-rollout] ep 48 (heldout_049): steps=5 success=True
[hybrid-rollout] ep 49 (heldout_050): steps=4 success=True
[hybrid-rollout] ep 50 (heldout_051): steps=4 success=True
[hybrid-rollout] ep 51 (heldout_052): steps=4 success=True
[hybrid-rollout] ep 52 (heldout_053): steps=60 success=False
[hybrid-rollout] ep 53 (heldout_054): steps=60 success=False
[hybrid-rollout] ep 54 (heldout_055): steps=60 success=False
[hybrid-rollout] ep 55 (heldout_056): steps=4 success=True
[hybrid-rollout] ep 56 (heldout_057): steps=4 success=True
[hybrid-rollout] ep 57 (heldout_058): steps=4 success=True
[hybrid-rollout] ep 58 (heldout_059): steps=5 success=True
[hybrid-rollout] ep 59 (heldout_060): steps=6 success=True
[hybrid-rollout] ep 60 (heldout_061): steps=5 success=True
[hybrid-rollout] ep 61 (heldout_062): steps=6 success=True
[hybrid-rollout] ep 62 (heldout_063): steps=5 success=True
[hybrid-rollout] ep 63 (heldout_064): steps=4 success=True
[hybrid-rollout] ep 64 (heldout_065): steps=60 success=False
[hybrid-rollout] ep 65 (heldout_066): steps=6 success=True
[hybrid-rollout] ep 66 (heldout_067): steps=5 success=True
[hybrid-rollout] ep 67 (heldout_068): steps=4 success=True
[hybrid-rollout] ep 68 (heldout_069): steps=4 success=True
[hybrid-rollout] ep 69 (heldout_070): steps=7 success=True
[hybrid-rollout] ep 70 (heldout_071): steps=60 success=False
[hybrid-rollout] ep 71 (heldout_072): steps=5 success=True
[hybrid-rollout] ep 72 (heldout_073): steps=3 success=False
[hybrid-rollout] ep 73 (heldout_074): steps=4 success=True
[hybrid-rollout] ep 74 (heldout_075): steps=5 success=True
[hybrid-rollout] ep 75 (heldout_076): steps=60 success=False
[hybrid-rollout] ep 76 (heldout_077): steps=4 success=True
[hybrid-rollout] ep 77 (heldout_078): steps=3 success=False
[hybrid-rollout] ep 78 (heldout_079): steps=4 success=True
[hybrid-rollout] ep 79 (heldout_080): steps=4 success=True
[hybrid-rollout] ep 80 (heldout_081): steps=5 success=True
[hybrid-rollout] ep 81 (heldout_082): steps=5 success=True
[hybrid-rollout] ep 82 (heldout_083): steps=4 success=True
[hybrid-rollout] ep 83 (heldout_084): steps=5 success=True
[hybrid-rollout] ep 84 (heldout_085): steps=60 success=False
[hybrid-rollout] ep 85 (heldout_086): steps=6 success=True
[hybrid-rollout] ep 86 (heldout_087): steps=7 success=True
[hybrid-rollout] ep 87 (heldout_088): steps=4 success=True
[hybrid-rollout] ep 88 (heldout_089): steps=3 success=False
[hybrid-rollout] ep 89 (heldout_090): steps=4 success=True
[hybrid-rollout] ep 90 (heldout_091): steps=4 success=False
[hybrid-rollout] ep 91 (heldout_092): steps=5 success=True
[hybrid-rollout] ep 92 (heldout_093): steps=6 success=True
[hybrid-rollout] ep 93 (heldout_094): steps=6 success=True
[hybrid-rollout] ep 94 (heldout_095): steps=7 success=True
[hybrid-rollout] ep 95 (heldout_096): steps=5 success=True
[hybrid-rollout] ep 96 (heldout_097): steps=5 success=True
[hybrid-rollout] ep 97 (heldout_098): steps=60 success=False
[hybrid-rollout] ep 98 (heldout_099): steps=60 success=False
[hybrid-rollout] ep 99 (heldout_100): steps=60 success=False
[hybrid-rollout] ep 100 (heldout_101): steps=4 success=True
[hybrid-rollout] ep 101 (heldout_102): steps=4 success=True
[hybrid-rollout] ep 102 (heldout_103): steps=60 success=False
[hybrid-rollout] ep 103 (heldout_104): steps=6 success=True
[hybrid-rollout] ep 104 (heldout_105): steps=60 success=False
[hybrid-rollout] ep 105 (heldout_106): steps=6 success=True
[hybrid-rollout] ep 106 (heldout_107): steps=4 success=True
[hybrid-rollout] ep 107 (heldout_108): steps=4 success=True
[hybrid-rollout] ep 108 (heldout_109): steps=4 success=True
[hybrid-rollout] ep 109 (heldout_110): steps=60 success=False
[hybrid-rollout] ep 110 (heldout_111): steps=6 success=True
[hybrid-rollout] ep 111 (heldout_112): steps=5 success=True
[hybrid-rollout] ep 112 (heldout_113): steps=7 success=True
[hybrid-rollout] ep 113 (heldout_114): steps=60 success=False
[hybrid-rollout] ep 114 (heldout_115): steps=4 success=True
[hybrid-rollout] ep 115 (heldout_116): steps=5 success=True
[hybrid-rollout] ep 116 (heldout_117): steps=1 success=False
[hybrid-rollout] ep 117 (heldout_118): steps=9 success=True
[hybrid-rollout] ep 118 (heldout_119): steps=4 success=True
[hybrid-rollout] ep 119 (heldout_120): steps=7 success=True
[hybrid-rollout] ep 120 (heldout_121): steps=4 success=True
[hybrid-rollout] ep 121 (heldout_122): steps=4 success=True
[hybrid-rollout] ep 122 (heldout_123): steps=6 success=True
[hybrid-rollout] ep 123 (heldout_124): steps=10 success=True
[hybrid-rollout] ep 124 (heldout_125): steps=4 success=True
[hybrid-rollout] ep 125 (heldout_126): steps=4 success=True
[hybrid-rollout] ep 126 (heldout_127): steps=60 success=False
[hybrid-rollout] ep 127 (heldout_128): steps=7 success=True
[hybrid-rollout] ep 128 (heldout_129): steps=60 success=False
[hybrid-rollout] ep 129 (heldout_130): steps=4 success=True
[hybrid-rollout] ep 130 (heldout_131): steps=5 success=False
[hybrid-rollout] ep 131 (heldout_132): steps=4 success=True
[hybrid-rollout] ep 132 (heldout_133): steps=4 success=True
[hybrid-rollout] ep 133 (heldout_134): steps=60 success=False
[hybrid-rollout] ep 134 (heldout_135): steps=6 success=True
[hybrid-rollout] ep 135 (heldout_136): steps=5 success=True
[hybrid-rollout] ep 136 (heldout_137): steps=60 success=False
[hybrid-rollout] ep 137 (heldout_138): steps=4 success=True
[hybrid-rollout] ep 138 (heldout_139): steps=4 success=True
[hybrid-rollout] ep 139 (heldout_140): steps=5 success=True
[hybrid-rollout] ep 140 (heldout_141): steps=5 success=True
[hybrid-rollout] ep 141 (heldout_142): steps=4 success=True
[hybrid-rollout] ep 142 (heldout_143): steps=8 success=True
[hybrid-rollout] ep 143 (heldout_144): steps=4 success=True
[hybrid-rollout] ep 144 (heldout_145): steps=5 success=True
[hybrid-rollout] ep 145 (heldout_146): steps=7 success=True
[hybrid-rollout] ep 146 (heldout_147): steps=4 success=True
[hybrid-rollout] ep 147 (heldout_148): steps=60 success=False
[hybrid-rollout] ep 148 (heldout_149): steps=5 success=True
[hybrid-rollout] ep 149 (heldout_150): steps=4 success=True
[hybrid-rollout] ep 150 (heldout_151): steps=5 success=True
[hybrid-rollout] ep 151 (heldout_152): steps=1 success=False
[hybrid-rollout] ep 152 (heldout_153): steps=5 success=True
[hybrid-rollout] ep 153 (heldout_154): steps=60 success=False
[hybrid-rollout] ep 154 (heldout_155): steps=60 success=False
[hybrid-rollout] ep 155 (heldout_156): steps=60 success=False
[hybrid-rollout] ep 156 (heldout_157): steps=4 success=True
[hybrid-rollout] ep 157 (heldout_158): steps=3 success=False
[hybrid-rollout] ep 158 (heldout_159): steps=6 success=True
[hybrid-rollout] ep 159 (heldout_160): steps=60 success=False
[hybrid-rollout] ep 160 (heldout_161): steps=60 success=False
[hybrid-rollout] ep 161 (heldout_162): steps=5 success=True
[hybrid-rollout] ep 162 (heldout_163): steps=4 success=True
[hybrid-rollout] ep 163 (heldout_164): steps=4 success=True
[hybrid-rollout] ep 164 (heldout_165): steps=5 success=True
[hybrid-rollout] ep 165 (heldout_166): steps=60 success=False
[hybrid-rollout] ep 166 (heldout_167): steps=4 success=True
[hybrid-rollout] ep 167 (heldout_168): steps=4 success=True
[hybrid-rollout] ep 168 (heldout_169): steps=4 success=False
[hybrid-rollout] ep 169 (heldout_170): steps=5 success=False
[hybrid-rollout] ep 170 (heldout_171): steps=4 success=True
[hybrid-rollout] ep 171 (heldout_172): steps=5 success=True
[hybrid-rollout] ep 172 (heldout_173): steps=4 success=True
[hybrid-rollout] ep 173 (heldout_174): steps=5 success=True
[hybrid-rollout] ep 174 (heldout_175): steps=60 success=False
[hybrid-rollout] ep 175 (heldout_176): steps=6 success=True
[hybrid-rollout] ep 176 (heldout_177): steps=6 success=True
[hybrid-rollout] ep 177 (heldout_178): steps=5 success=True
[hybrid-rollout] ep 178 (heldout_179): steps=5 success=True
[hybrid-rollout] ep 179 (heldout_180): steps=4 success=True
[hybrid-rollout] ep 180 (heldout_181): steps=5 success=True
[hybrid-rollout] ep 181 (heldout_182): steps=4 success=True
[hybrid-rollout] ep 182 (heldout_183): steps=5 success=True
[hybrid-rollout] ep 183 (heldout_184): steps=7 success=True
[hybrid-rollout] ep 184 (heldout_185): steps=5 success=True
[hybrid-rollout] ep 185 (heldout_186): steps=4 success=True
[hybrid-rollout] ep 186 (heldout_187): steps=5 success=True
[hybrid-rollout] ep 187 (heldout_188): steps=5 success=True
[hybrid-rollout] ep 188 (heldout_189): steps=5 success=True
[hybrid-rollout] ep 189 (heldout_190): steps=7 success=True
[hybrid-rollout] ep 190 (heldout_191): steps=60 success=False
[hybrid-rollout] ep 191 (heldout_192): steps=5 success=True
[hybrid-rollout] ep 192 (heldout_193): steps=60 success=False
[hybrid-rollout] ep 193 (heldout_194): steps=6 success=True
[hybrid-rollout] ep 194 (heldout_195): steps=5 success=True
[hybrid-rollout] ep 195 (heldout_196): steps=4 success=True
[hybrid-rollout] ep 196 (heldout_197): steps=5 success=True
[hybrid-rollout] ep 197 (heldout_198): steps=4 success=True
[hybrid-rollout] ep 198 (heldout_199): steps=4 success=True
[hybrid-rollout] ep 199 (heldout_200): steps=4 success=True
[hybrid-rollout] DONE successes=151/200
[16:06:45] [replay_p4] run 6 round 8: extras=8 heldout_sr=0.755
[16:06:45] [replay_p4] $ /home/s226137394/.conda/envs/maze/bin/python3 -u -m Equivariant_pathway.equivariant_CNN_hybrid.baseline_vs_p4.pool_x_selector.trainer.finetune_replay --demo_dir /weka/s226137394/DmNfull/Equivariant_pathway/equivariant_CNN_hybrid/baseline_vs_p4/pool_x_selector/results/run_6/p4_top3_rotate_e90/demos --checkpoint_dir /weka/s226137394/DmNfull/Equivariant_pathway/equivariant_CNN_hybrid/baseline_vs_p4/pool_x_selector/results/run_6/p4_top3_rotate_e90/checkpoints --epochs 90 --batch_size 64 --lr 5e-05 --weight_decay 0.0001 --replay_mix 0.5 --replay_mix_floor 0.2 --seed 6 --resume --new_demos_dir /weka/s226137394/DmNfull/Equivariant_pathway/equivariant_CNN_hybrid/baseline_vs_p4/pool_x_selector/results/run_6/p4_top3_rotate_e90/demos/round_009
[finetune_replay] device=cuda demo_dir=/weka/s226137394/DmNfull/Equivariant_pathway/equivariant_CNN_hybrid/baseline_vs_p4/pool_x_selector/results/run_6/p4_top3_rotate_e90/demos new_demos_dir=/weka/s226137394/DmNfull/Equivariant_pathway/equivariant_CNN_hybrid/baseline_vs_p4/pool_x_selector/results/run_6/p4_top3_rotate_e90/demos/round_009
[hybrid-dataset] 28 demos -> 147 samples
[hybrid-dataset] 1 demos -> 6 samples
[finetune_replay] sampler audit: {'n_old_samples': 147, 'n_new_samples': 6, 'replay_mix_target': 0.5, 'replay_mix_effective': 0.5, 'replay_mix_floor': 0.2}
[finetune_replay] trainable params: 1,400,028
[finetune_replay] WARM START from last_hybrid_policy.pth
[finetune_replay] ep   1/90 | train loss=0.0145 top1=1.000 | val loss=0.0622 | t=0.8s  *
[finetune_replay] ep   2/90 | train loss=0.0023 top1=1.000 | val loss=0.0328 | t=0.3s  *
[finetune_replay] ep   3/90 | train loss=0.0047 top1=1.000 | val loss=0.0653 | t=0.1s
[finetune_replay] ep   4/90 | train loss=0.0015 top1=1.000 | val loss=0.1206 | t=0.1s
[finetune_replay] ep   5/90 | train loss=0.0059 top1=1.000 | val loss=0.0770 | t=0.2s
[finetune_replay] ep   6/90 | train loss=0.0009 top1=1.000 | val loss=0.0419 | t=0.2s
[finetune_replay] ep   7/90 | train loss=0.0033 top1=1.000 | val loss=0.0508 | t=0.1s
[finetune_replay] ep   8/90 | train loss=0.0012 top1=1.000 | val loss=0.0756 | t=0.1s
[finetune_replay] ep   9/90 | train loss=0.0013 top1=1.000 | val loss=0.0829 | t=0.1s
[finetune_replay] ep  10/90 | train loss=0.0011 top1=1.000 | val loss=0.0672 | t=0.1s
[finetune_replay] ep  11/90 | train loss=0.0007 top1=1.000 | val loss=0.0590 | t=0.1s
[finetune_replay] ep  12/90 | train loss=0.0008 top1=1.000 | val loss=0.0556 | t=0.1s
[finetune_replay] ep  13/90 | train loss=0.0009 top1=1.000 | val loss=0.0582 | t=0.1s
[finetune_replay] ep  14/90 | train loss=0.0007 top1=1.000 | val loss=0.0664 | t=0.1s
[finetune_replay] ep  15/90 | train loss=0.0005 top1=1.000 | val loss=0.0698 | t=0.1s
[finetune_replay] ep  16/90 | train loss=0.0006 top1=1.000 | val loss=0.0713 | t=0.1s
[finetune_replay] ep  17/90 | train loss=0.0006 top1=1.000 | val loss=0.0723 | t=0.1s
[finetune_replay] ep  18/90 | train loss=0.0006 top1=1.000 | val loss=0.0730 | t=0.1s
[finetune_replay] ep  19/90 | train loss=0.0006 top1=1.000 | val loss=0.0774 | t=0.1s
[finetune_replay] ep  20/90 | train loss=0.0006 top1=1.000 | val loss=0.0741 | t=0.1s
[finetune_replay] ep  21/90 | train loss=0.0006 top1=1.000 | val loss=0.0700 | t=0.1s
[finetune_replay] ep  22/90 | train loss=0.0011 top1=1.000 | val loss=0.0678 | t=0.1s
[finetune_replay] ep  23/90 | train loss=0.0004 top1=1.000 | val loss=0.0655 | t=0.1s
[finetune_replay] ep  24/90 | train loss=0.0005 top1=1.000 | val loss=0.0687 | t=0.1s
[finetune_replay] ep  25/90 | train loss=0.0004 top1=1.000 | val loss=0.0746 | t=0.1s
[finetune_replay] ep  26/90 | train loss=0.0006 top1=1.000 | val loss=0.0782 | t=0.1s
[finetune_replay] ep  27/90 | train loss=0.0006 top1=1.000 | val loss=0.0778 | t=0.1s
[finetune_replay] ep  28/90 | train loss=0.0005 top1=1.000 | val loss=0.0792 | t=0.1s
[finetune_replay] ep  29/90 | train loss=0.0005 top1=1.000 | val loss=0.0787 | t=0.1s
[finetune_replay] ep  30/90 | train loss=0.0004 top1=1.000 | val loss=0.0757 | t=0.1s
[finetune_replay] ep  31/90 | train loss=0.0004 top1=1.000 | val loss=0.0737 | t=0.1s
[finetune_replay] ep  32/90 | train loss=0.0004 top1=1.000 | val loss=0.0729 | t=0.1s
[finetune_replay] ep  33/90 | train loss=0.0004 top1=1.000 | val loss=0.0748 | t=0.1s
[finetune_replay] ep  34/90 | train loss=0.0003 top1=1.000 | val loss=0.0763 | t=0.1s
[finetune_replay] ep  35/90 | train loss=0.0004 top1=1.000 | val loss=0.0747 | t=0.1s
[finetune_replay] ep  36/90 | train loss=0.0004 top1=1.000 | val loss=0.0751 | t=0.1s
[finetune_replay] ep  37/90 | train loss=0.0003 top1=1.000 | val loss=0.0760 | t=0.1s
[finetune_replay] ep  38/90 | train loss=0.0004 top1=1.000 | val loss=0.0773 | t=0.1s
[finetune_replay] ep  39/90 | train loss=0.0004 top1=1.000 | val loss=0.0764 | t=0.1s
[finetune_replay] ep  40/90 | train loss=0.0004 top1=1.000 | val loss=0.0759 | t=0.1s
[finetune_replay] ep  41/90 | train loss=0.0004 top1=1.000 | val loss=0.0778 | t=0.1s
[finetune_replay] ep  42/90 | train loss=0.0003 top1=1.000 | val loss=0.0797 | t=0.1s
[finetune_replay] ep  43/90 | train loss=0.0004 top1=1.000 | val loss=0.0796 | t=0.1s
[finetune_replay] ep  44/90 | train loss=0.0004 top1=1.000 | val loss=0.0829 | t=0.2s
[finetune_replay] ep  45/90 | train loss=0.0003 top1=1.000 | val loss=0.0850 | t=0.1s
[finetune_replay] ep  46/90 | train loss=0.0004 top1=1.000 | val loss=0.0853 | t=0.1s
[finetune_replay] ep  47/90 | train loss=0.0004 top1=1.000 | val loss=0.0847 | t=0.1s
[finetune_replay] ep  48/90 | train loss=0.0004 top1=1.000 | val loss=0.0828 | t=0.1s
[finetune_replay] ep  49/90 | train loss=0.0004 top1=1.000 | val loss=0.0813 | t=0.1s
[finetune_replay] ep  50/90 | train loss=0.0002 top1=1.000 | val loss=0.0800 | t=0.1s
[finetune_replay] ep  51/90 | train loss=0.0003 top1=1.000 | val loss=0.0824 | t=0.1s
[finetune_replay] ep  52/90 | train loss=0.0003 top1=1.000 | val loss=0.0822 | t=0.1s
[finetune_replay] ep  53/90 | train loss=0.0004 top1=1.000 | val loss=0.0804 | t=0.1s
[finetune_replay] ep  54/90 | train loss=0.0003 top1=1.000 | val loss=0.0788 | t=0.1s
[finetune_replay] ep  55/90 | train loss=0.0003 top1=1.000 | val loss=0.0783 | t=0.1s
[finetune_replay] ep  56/90 | train loss=0.0003 top1=1.000 | val loss=0.0782 | t=0.1s
[finetune_replay] ep  57/90 | train loss=0.0003 top1=1.000 | val loss=0.0770 | t=0.1s
[finetune_replay] ep  58/90 | train loss=0.0003 top1=1.000 | val loss=0.0771 | t=0.1s
[finetune_replay] ep  59/90 | train loss=0.0002 top1=1.000 | val loss=0.0765 | t=0.1s
[finetune_replay] ep  60/90 | train loss=0.0003 top1=1.000 | val loss=0.0761 | t=0.1s
[finetune_replay] ep  61/90 | train loss=0.0003 top1=1.000 | val loss=0.0760 | t=0.1s
[finetune_replay] ep  62/90 | train loss=0.0003 top1=1.000 | val loss=0.0765 | t=0.1s
[finetune_replay] ep  63/90 | train loss=0.0003 top1=1.000 | val loss=0.0771 | t=0.1s
[finetune_replay] ep  64/90 | train loss=0.0003 top1=1.000 | val loss=0.0769 | t=0.1s
[finetune_replay] ep  65/90 | train loss=0.0003 top1=1.000 | val loss=0.0778 | t=0.1s
[finetune_replay] ep  66/90 | train loss=0.0003 top1=1.000 | val loss=0.0771 | t=0.1s
[finetune_replay] ep  67/90 | train loss=0.0003 top1=1.000 | val loss=0.0779 | t=0.1s
[finetune_replay] ep  68/90 | train loss=0.0004 top1=1.000 | val loss=0.0782 | t=0.1s
[finetune_replay] ep  69/90 | train loss=0.0003 top1=1.000 | val loss=0.0786 | t=0.1s
[finetune_replay] ep  70/90 | train loss=0.0003 top1=1.000 | val loss=0.0793 | t=0.1s
[finetune_replay] ep  71/90 | train loss=0.0003 top1=1.000 | val loss=0.0801 | t=0.1s
[finetune_replay] ep  72/90 | train loss=0.0003 top1=1.000 | val loss=0.0808 | t=0.1s
[finetune_replay] ep  73/90 | train loss=0.0002 top1=1.000 | val loss=0.0813 | t=0.1s
[finetune_replay] ep  74/90 | train loss=0.0002 top1=1.000 | val loss=0.0808 | t=0.1s
[finetune_replay] ep  75/90 | train loss=0.0003 top1=1.000 | val loss=0.0805 | t=0.1s
[finetune_replay] ep  76/90 | train loss=0.0003 top1=1.000 | val loss=0.0807 | t=0.1s
[finetune_replay] ep  77/90 | train loss=0.0003 top1=1.000 | val loss=0.0811 | t=0.1s
[finetune_replay] ep  78/90 | train loss=0.0003 top1=1.000 | val loss=0.0801 | t=0.1s
[finetune_replay] ep  79/90 | train loss=0.0003 top1=1.000 | val loss=0.0797 | t=0.1s
[finetune_replay] ep  80/90 | train loss=0.0003 top1=1.000 | val loss=0.0794 | t=0.1s
[finetune_replay] ep  81/90 | train loss=0.0004 top1=1.000 | val loss=0.0779 | t=0.1s
[finetune_replay] ep  82/90 | train loss=0.0003 top1=1.000 | val loss=0.0780 | t=0.1s
[finetune_replay] ep  83/90 | train loss=0.0003 top1=1.000 | val loss=0.0784 | t=0.1s
[finetune_replay] ep  84/90 | train loss=0.0002 top1=1.000 | val loss=0.0786 | t=0.1s
[finetune_replay] ep  85/90 | train loss=0.0003 top1=1.000 | val loss=0.0792 | t=0.1s
[finetune_replay] ep  86/90 | train loss=0.0003 top1=1.000 | val loss=0.0798 | t=0.1s
[finetune_replay] ep  87/90 | train loss=0.0003 top1=1.000 | val loss=0.0800 | t=0.1s
[finetune_replay] ep  88/90 | train loss=0.0003 top1=1.000 | val loss=0.0802 | t=0.1s
[finetune_replay] ep  89/90 | train loss=0.0003 top1=1.000 | val loss=0.0797 | t=0.1s
[finetune_replay] ep  90/90 | train loss=0.0003 top1=1.000 | val loss=0.0792 | t=0.1s
[finetune_replay] DONE best_val_loss=0.0328 @ epoch 2
[16:07:11] [bo-budget] $ /home/s226137394/.conda/envs/maze/bin/python3 -u -m Equivariant_pathway.equivariant_CNN_hybrid.rollout_test --checkpoint /weka/s226137394/DmNfull/Equivariant_pathway/equivariant_CNN_hybrid/baseline_vs_p4/pool_x_selector/results/run_6/p4_top3_rotate_e90/checkpoints/best_hybrid_policy.pth --layouts /weka/s226137394/DmNfull/Equivariant_pathway/equivariant_CNN_hybrid/baseline_vs_p4/shared/heldout_layouts.yaml --out_dir /weka/s226137394/DmNfull/Equivariant_pathway/equivariant_CNN_hybrid/baseline_vs_p4/pool_x_selector/results/run_6/p4_top3_rotate_e90/results/eval_round_009 --seed 15 --max_steps 60
[hybrid-rollout] 200 unique; running 200 eps
[hybrid-rollout] loaded /weka/s226137394/DmNfull/Equivariant_pathway/equivariant_CNN_hybrid/baseline_vs_p4/pool_x_selector/results/run_6/p4_top3_rotate_e90/checkpoints/best_hybrid_policy.pth
[hybrid-rollout] ep 0 (heldout_001): steps=5 success=True
[hybrid-rollout] ep 1 (heldout_002): steps=4 success=True
[hybrid-rollout] ep 2 (heldout_003): steps=60 success=False
[hybrid-rollout] ep 3 (heldout_004): steps=60 success=False
[hybrid-rollout] ep 4 (heldout_005): steps=5 success=True
[hybrid-rollout] ep 5 (heldout_006): steps=3 success=False
[hybrid-rollout] ep 6 (heldout_007): steps=5 success=True
[hybrid-rollout] ep 7 (heldout_008): steps=4 success=True
[hybrid-rollout] ep 8 (heldout_009): steps=6 success=True
[hybrid-rollout] ep 9 (heldout_010): steps=60 success=False
[hybrid-rollout] ep 10 (heldout_011): steps=4 success=True
[hybrid-rollout] ep 11 (heldout_012): steps=4 success=True
[hybrid-rollout] ep 12 (heldout_013): steps=60 success=False
[hybrid-rollout] ep 13 (heldout_014): steps=5 success=True
[hybrid-rollout] ep 14 (heldout_015): steps=4 success=True
[hybrid-rollout] ep 15 (heldout_016): steps=5 success=True
[hybrid-rollout] ep 16 (heldout_017): steps=60 success=False
[hybrid-rollout] ep 17 (heldout_018): steps=60 success=False
[hybrid-rollout] ep 18 (heldout_019): steps=60 success=False
[hybrid-rollout] ep 19 (heldout_020): steps=5 success=True
[hybrid-rollout] ep 20 (heldout_021): steps=4 success=True
[hybrid-rollout] ep 21 (heldout_022): steps=4 success=True
[hybrid-rollout] ep 22 (heldout_023): steps=60 success=False
[hybrid-rollout] ep 23 (heldout_024): steps=60 success=False
[hybrid-rollout] ep 24 (heldout_025): steps=4 success=True
[hybrid-rollout] ep 25 (heldout_026): steps=4 success=True
[hybrid-rollout] ep 26 (heldout_027): steps=4 success=True
[hybrid-rollout] ep 27 (heldout_028): steps=4 success=True
[hybrid-rollout] ep 28 (heldout_029): steps=7 success=True
[hybrid-rollout] ep 29 (heldout_030): steps=60 success=False
[hybrid-rollout] ep 30 (heldout_031): steps=60 success=False
[hybrid-rollout] ep 31 (heldout_032): steps=60 success=False
[hybrid-rollout] ep 32 (heldout_033): steps=4 success=True
[hybrid-rollout] ep 33 (heldout_034): steps=5 success=True
[hybrid-rollout] ep 34 (heldout_035): steps=60 success=False
[hybrid-rollout] ep 35 (heldout_036): steps=5 success=True
[hybrid-rollout] ep 36 (heldout_037): steps=4 success=True
[hybrid-rollout] ep 37 (heldout_038): steps=5 success=True
[hybrid-rollout] ep 38 (heldout_039): steps=6 success=True
[hybrid-rollout] ep 39 (heldout_040): steps=5 success=True
[hybrid-rollout] ep 40 (heldout_041): steps=60 success=False
[hybrid-rollout] ep 41 (heldout_042): steps=4 success=True
[hybrid-rollout] ep 42 (heldout_043): steps=4 success=True
[hybrid-rollout] ep 43 (heldout_044): steps=5 success=True
[hybrid-rollout] ep 44 (heldout_045): steps=60 success=False
[hybrid-rollout] ep 45 (heldout_046): steps=4 success=True
[hybrid-rollout] ep 46 (heldout_047): steps=60 success=False
[hybrid-rollout] ep 47 (heldout_048): steps=6 success=True
[hybrid-rollout] ep 48 (heldout_049): steps=5 success=True
[hybrid-rollout] ep 49 (heldout_050): steps=4 success=True
[hybrid-rollout] ep 50 (heldout_051): steps=4 success=True
[hybrid-rollout] ep 51 (heldout_052): steps=4 success=True
[hybrid-rollout] ep 52 (heldout_053): steps=60 success=False
[hybrid-rollout] ep 53 (heldout_054): steps=4 success=True
[hybrid-rollout] ep 54 (heldout_055): steps=60 success=False
[hybrid-rollout] ep 55 (heldout_056): steps=4 success=True
[hybrid-rollout] ep 56 (heldout_057): steps=4 success=True
[hybrid-rollout] ep 57 (heldout_058): steps=4 success=True
[hybrid-rollout] ep 58 (heldout_059): steps=5 success=True
[hybrid-rollout] ep 59 (heldout_060): steps=6 success=True
[hybrid-rollout] ep 60 (heldout_061): steps=5 success=True
[hybrid-rollout] ep 61 (heldout_062): steps=6 success=True
[hybrid-rollout] ep 62 (heldout_063): steps=5 success=True
[hybrid-rollout] ep 63 (heldout_064): steps=4 success=True
[hybrid-rollout] ep 64 (heldout_065): steps=60 success=False
[hybrid-rollout] ep 65 (heldout_066): steps=6 success=True
[hybrid-rollout] ep 66 (heldout_067): steps=5 success=True
[hybrid-rollout] ep 67 (heldout_068): steps=4 success=True
[hybrid-rollout] ep 68 (heldout_069): steps=60 success=False
[hybrid-rollout] ep 69 (heldout_070): steps=60 success=False
[hybrid-rollout] ep 70 (heldout_071): steps=5 success=True
[hybrid-rollout] ep 71 (heldout_072): steps=5 success=True
[hybrid-rollout] ep 72 (heldout_073): steps=3 success=False
[hybrid-rollout] ep 73 (heldout_074): steps=4 success=True
[hybrid-rollout] ep 74 (heldout_075): steps=5 success=True
[hybrid-rollout] ep 75 (heldout_076): steps=60 success=False
[hybrid-rollout] ep 76 (heldout_077): steps=4 success=True
[hybrid-rollout] ep 77 (heldout_078): steps=3 success=False
[hybrid-rollout] ep 78 (heldout_079): steps=4 success=True
[hybrid-rollout] ep 79 (heldout_080): steps=4 success=True
[hybrid-rollout] ep 80 (heldout_081): steps=5 success=True
[hybrid-rollout] ep 81 (heldout_082): steps=5 success=True
[hybrid-rollout] ep 82 (heldout_083): steps=4 success=True
[hybrid-rollout] ep 83 (heldout_084): steps=60 success=False
[hybrid-rollout] ep 84 (heldout_085): steps=60 success=False
[hybrid-rollout] ep 85 (heldout_086): steps=6 success=True
[hybrid-rollout] ep 86 (heldout_087): steps=5 success=True
[hybrid-rollout] ep 87 (heldout_088): steps=4 success=True
[hybrid-rollout] ep 88 (heldout_089): steps=3 success=False
[hybrid-rollout] ep 89 (heldout_090): steps=4 success=True
[hybrid-rollout] ep 90 (heldout_091): steps=5 success=True
[hybrid-rollout] ep 91 (heldout_092): steps=60 success=False
[hybrid-rollout] ep 92 (heldout_093): steps=6 success=True
[hybrid-rollout] ep 93 (heldout_094): steps=6 success=True
[hybrid-rollout] ep 94 (heldout_095): steps=7 success=True
[hybrid-rollout] ep 95 (heldout_096): steps=5 success=True
[hybrid-rollout] ep 96 (heldout_097): steps=5 success=True
[hybrid-rollout] ep 97 (heldout_098): steps=60 success=False
[hybrid-rollout] ep 98 (heldout_099): steps=60 success=False
[hybrid-rollout] ep 99 (heldout_100): steps=60 success=False
[hybrid-rollout] ep 100 (heldout_101): steps=4 success=True
[hybrid-rollout] ep 101 (heldout_102): steps=4 success=True
[hybrid-rollout] ep 102 (heldout_103): steps=60 success=False
[hybrid-rollout] ep 103 (heldout_104): steps=6 success=True
[hybrid-rollout] ep 104 (heldout_105): steps=60 success=False
[hybrid-rollout] ep 105 (heldout_106): steps=6 success=True
[hybrid-rollout] ep 106 (heldout_107): steps=4 success=True
[hybrid-rollout] ep 107 (heldout_108): steps=60 success=False
[hybrid-rollout] ep 108 (heldout_109): steps=4 success=True
[hybrid-rollout] ep 109 (heldout_110): steps=60 success=False
[hybrid-rollout] ep 110 (heldout_111): steps=60 success=False
[hybrid-rollout] ep 111 (heldout_112): steps=60 success=False
[hybrid-rollout] ep 112 (heldout_113): steps=7 success=True
[hybrid-rollout] ep 113 (heldout_114): steps=60 success=False
[hybrid-rollout] ep 114 (heldout_115): steps=4 success=True
[hybrid-rollout] ep 115 (heldout_116): steps=5 success=True
[hybrid-rollout] ep 116 (heldout_117): steps=7 success=True
[hybrid-rollout] ep 117 (heldout_118): steps=9 success=True
[hybrid-rollout] ep 118 (heldout_119): steps=60 success=False
[hybrid-rollout] ep 119 (heldout_120): steps=7 success=True
[hybrid-rollout] ep 120 (heldout_121): steps=4 success=True
[hybrid-rollout] ep 121 (heldout_122): steps=60 success=False
[hybrid-rollout] ep 122 (heldout_123): steps=6 success=True
[hybrid-rollout] ep 123 (heldout_124): steps=60 success=False
[hybrid-rollout] ep 124 (heldout_125): steps=4 success=True
[hybrid-rollout] ep 125 (heldout_126): steps=4 success=True
[hybrid-rollout] ep 126 (heldout_127): steps=4 success=False
[hybrid-rollout] ep 127 (heldout_128): steps=7 success=True
[hybrid-rollout] ep 128 (heldout_129): steps=60 success=False
[hybrid-rollout] ep 129 (heldout_130): steps=4 success=True
[hybrid-rollout] ep 130 (heldout_131): steps=5 success=False
[hybrid-rollout] ep 131 (heldout_132): steps=4 success=True
[hybrid-rollout] ep 132 (heldout_133): steps=4 success=True
[hybrid-rollout] ep 133 (heldout_134): steps=60 success=False
[hybrid-rollout] ep 134 (heldout_135): steps=6 success=True
[hybrid-rollout] ep 135 (heldout_136): steps=5 success=True
[hybrid-rollout] ep 136 (heldout_137): steps=60 success=False
[hybrid-rollout] ep 137 (heldout_138): steps=4 success=True
[hybrid-rollout] ep 138 (heldout_139): steps=4 success=True
[hybrid-rollout] ep 139 (heldout_140): steps=5 success=True
[hybrid-rollout] ep 140 (heldout_141): steps=5 success=True
[hybrid-rollout] ep 141 (heldout_142): steps=4 success=True
[hybrid-rollout] ep 142 (heldout_143): steps=8 success=True
[hybrid-rollout] ep 143 (heldout_144): steps=4 success=True
[hybrid-rollout] ep 144 (heldout_145): steps=5 success=True
[hybrid-rollout] ep 145 (heldout_146): steps=7 success=True
[hybrid-rollout] ep 146 (heldout_147): steps=4 success=True
[hybrid-rollout] ep 147 (heldout_148): steps=60 success=False
[hybrid-rollout] ep 148 (heldout_149): steps=60 success=False
[hybrid-rollout] ep 149 (heldout_150): steps=4 success=True
[hybrid-rollout] ep 150 (heldout_151): steps=5 success=True
[hybrid-rollout] ep 151 (heldout_152): steps=1 success=False
[hybrid-rollout] ep 152 (heldout_153): steps=60 success=False
[hybrid-rollout] ep 153 (heldout_154): steps=60 success=False
[hybrid-rollout] ep 154 (heldout_155): steps=60 success=False
[hybrid-rollout] ep 155 (heldout_156): steps=60 success=False
[hybrid-rollout] ep 156 (heldout_157): steps=4 success=True
[hybrid-rollout] ep 157 (heldout_158): steps=3 success=False
[hybrid-rollout] ep 158 (heldout_159): steps=6 success=True
[hybrid-rollout] ep 159 (heldout_160): steps=60 success=False
[hybrid-rollout] ep 160 (heldout_161): steps=60 success=False
[hybrid-rollout] ep 161 (heldout_162): steps=5 success=True
[hybrid-rollout] ep 162 (heldout_163): steps=4 success=True
[hybrid-rollout] ep 163 (heldout_164): steps=4 success=True
[hybrid-rollout] ep 164 (heldout_165): steps=5 success=True
[hybrid-rollout] ep 165 (heldout_166): steps=60 success=False
[hybrid-rollout] ep 166 (heldout_167): steps=4 success=True
[hybrid-rollout] ep 167 (heldout_168): steps=4 success=True
[hybrid-rollout] ep 168 (heldout_169): steps=60 success=False
[hybrid-rollout] ep 169 (heldout_170): steps=5 success=False
[hybrid-rollout] ep 170 (heldout_171): steps=60 success=False
[hybrid-rollout] ep 171 (heldout_172): steps=5 success=True
[hybrid-rollout] ep 172 (heldout_173): steps=4 success=True
[hybrid-rollout] ep 173 (heldout_174): steps=60 success=False
[hybrid-rollout] ep 174 (heldout_175): steps=60 success=False
[hybrid-rollout] ep 175 (heldout_176): steps=6 success=True
[hybrid-rollout] ep 176 (heldout_177): steps=6 success=True
[hybrid-rollout] ep 177 (heldout_178): steps=5 success=True
[hybrid-rollout] ep 178 (heldout_179): steps=60 success=False
[hybrid-rollout] ep 179 (heldout_180): steps=4 success=True
[hybrid-rollout] ep 180 (heldout_181): steps=5 success=True
[hybrid-rollout] ep 181 (heldout_182): steps=4 success=True
[hybrid-rollout] ep 182 (heldout_183): steps=5 success=True
[hybrid-rollout] ep 183 (heldout_184): steps=7 success=True
[hybrid-rollout] ep 184 (heldout_185): steps=5 success=True
[hybrid-rollout] ep 185 (heldout_186): steps=4 success=True
[hybrid-rollout] ep 186 (heldout_187): steps=5 success=True
[hybrid-rollout] ep 187 (heldout_188): steps=60 success=False
[hybrid-rollout] ep 188 (heldout_189): steps=60 success=False
[hybrid-rollout] ep 189 (heldout_190): steps=7 success=True
[hybrid-rollout] ep 190 (heldout_191): steps=60 success=False
[hybrid-rollout] ep 191 (heldout_192): steps=5 success=True
[hybrid-rollout] ep 192 (heldout_193): steps=60 success=False
[hybrid-rollout] ep 193 (heldout_194): steps=6 success=True
[hybrid-rollout] ep 194 (heldout_195): steps=5 success=True
[hybrid-rollout] ep 195 (heldout_196): steps=4 success=True
[hybrid-rollout] ep 196 (heldout_197): steps=5 success=True
[hybrid-rollout] ep 197 (heldout_198): steps=4 success=True
[hybrid-rollout] ep 198 (heldout_199): steps=4 success=True
[hybrid-rollout] ep 199 (heldout_200): steps=4 success=True
[hybrid-rollout] DONE successes=132/200
[16:08:57] [replay_p4] run 6 round 9: extras=9 heldout_sr=0.660
[16:08:57] [replay_p4] $ /home/s226137394/.conda/envs/maze/bin/python3 -u -m Equivariant_pathway.equivariant_CNN_hybrid.baseline_vs_p4.pool_x_selector.trainer.finetune_replay --demo_dir /weka/s226137394/DmNfull/Equivariant_pathway/equivariant_CNN_hybrid/baseline_vs_p4/pool_x_selector/results/run_6/p4_top3_rotate_e90/demos --checkpoint_dir /weka/s226137394/DmNfull/Equivariant_pathway/equivariant_CNN_hybrid/baseline_vs_p4/pool_x_selector/results/run_6/p4_top3_rotate_e90/checkpoints --epochs 90 --batch_size 64 --lr 5e-05 --weight_decay 0.0001 --replay_mix 0.5 --replay_mix_floor 0.2 --seed 6 --resume --new_demos_dir /weka/s226137394/DmNfull/Equivariant_pathway/equivariant_CNN_hybrid/baseline_vs_p4/pool_x_selector/results/run_6/p4_top3_rotate_e90/demos/round_010
[finetune_replay] device=cuda demo_dir=/weka/s226137394/DmNfull/Equivariant_pathway/equivariant_CNN_hybrid/baseline_vs_p4/pool_x_selector/results/run_6/p4_top3_rotate_e90/demos new_demos_dir=/weka/s226137394/DmNfull/Equivariant_pathway/equivariant_CNN_hybrid/baseline_vs_p4/pool_x_selector/results/run_6/p4_top3_rotate_e90/demos/round_010
[hybrid-dataset] 29 demos -> 153 samples
[hybrid-dataset] 1 demos -> 6 samples
[finetune_replay] sampler audit: {'n_old_samples': 153, 'n_new_samples': 6, 'replay_mix_target': 0.5, 'replay_mix_effective': 0.5, 'replay_mix_floor': 0.2}
[finetune_replay] trainable params: 1,400,028
[finetune_replay] WARM START from last_hybrid_policy.pth
[finetune_replay] ep   1/90 | train loss=0.3503 top1=1.000 | val loss=0.0476 | t=0.8s  *
[finetune_replay] ep   2/90 | train loss=0.0768 top1=1.000 | val loss=0.1067 | t=0.2s
[finetune_replay] ep   3/90 | train loss=0.0217 top1=1.000 | val loss=0.1153 | t=0.1s
[finetune_replay] ep   4/90 | train loss=0.0248 top1=1.000 | val loss=0.0883 | t=0.1s
[finetune_replay] ep   5/90 | train loss=0.0197 top1=1.000 | val loss=0.0357 | t=0.2s  *
[finetune_replay] ep   6/90 | train loss=0.0131 top1=1.000 | val loss=0.0246 | t=0.1s  *
[finetune_replay] ep   7/90 | train loss=0.0063 top1=1.000 | val loss=0.0213 | t=0.1s  *
[finetune_replay] ep   8/90 | train loss=0.0089 top1=1.000 | val loss=0.0180 | t=0.1s  *
[finetune_replay] ep   9/90 | train loss=0.0066 top1=1.000 | val loss=0.0202 | t=0.1s
[finetune_replay] ep  10/90 | train loss=0.0049 top1=1.000 | val loss=0.0250 | t=0.1s
[finetune_replay] ep  11/90 | train loss=0.0029 top1=1.000 | val loss=0.0293 | t=0.1s
[finetune_replay] ep  12/90 | train loss=0.0029 top1=1.000 | val loss=0.0331 | t=0.1s
[finetune_replay] ep  13/90 | train loss=0.0051 top1=1.000 | val loss=0.0280 | t=0.1s
[finetune_replay] ep  14/90 | train loss=0.0024 top1=1.000 | val loss=0.0270 | t=0.1s
[finetune_replay] ep  15/90 | train loss=0.0020 top1=1.000 | val loss=0.0265 | t=0.1s
[finetune_replay] ep  16/90 | train loss=0.0021 top1=1.000 | val loss=0.0247 | t=0.1s
[finetune_replay] ep  17/90 | train loss=0.0022 top1=1.000 | val loss=0.0238 | t=0.1s
[finetune_replay] ep  18/90 | train loss=0.0047 top1=1.000 | val loss=0.0197 | t=0.1s
[finetune_replay] ep  19/90 | train loss=0.0021 top1=1.000 | val loss=0.0200 | t=0.1s
[finetune_replay] ep  20/90 | train loss=0.0025 top1=1.000 | val loss=0.0229 | t=0.2s
[finetune_replay] ep  21/90 | train loss=0.0019 top1=1.000 | val loss=0.0283 | t=0.1s
[finetune_replay] ep  22/90 | train loss=0.0014 top1=1.000 | val loss=0.0323 | t=0.1s
[finetune_replay] ep  23/90 | train loss=0.0014 top1=1.000 | val loss=0.0284 | t=0.1s
[finetune_replay] ep  24/90 | train loss=0.0019 top1=1.000 | val loss=0.0264 | t=0.1s
[finetune_replay] ep  25/90 | train loss=0.0017 top1=1.000 | val loss=0.0244 | t=0.1s
[finetune_replay] ep  26/90 | train loss=0.0019 top1=1.000 | val loss=0.0281 | t=0.1s
[finetune_replay] ep  27/90 | train loss=0.0014 top1=1.000 | val loss=0.0263 | t=0.1s
[finetune_replay] ep  28/90 | train loss=0.0014 top1=1.000 | val loss=0.0223 | t=0.1s
[finetune_replay] ep  29/90 | train loss=0.0012 top1=1.000 | val loss=0.0217 | t=0.1s
[finetune_replay] ep  30/90 | train loss=0.0010 top1=1.000 | val loss=0.0244 | t=0.1s
[finetune_replay] ep  31/90 | train loss=0.0011 top1=1.000 | val loss=0.0267 | t=0.1s
[finetune_replay] ep  32/90 | train loss=0.0009 top1=1.000 | val loss=0.0311 | t=0.1s
[finetune_replay] ep  33/90 | train loss=0.0010 top1=1.000 | val loss=0.0291 | t=0.1s
[finetune_replay] ep  34/90 | train loss=0.0010 top1=1.000 | val loss=0.0269 | t=0.1s
[finetune_replay] ep  35/90 | train loss=0.0011 top1=1.000 | val loss=0.0253 | t=0.1s
[finetune_replay] ep  36/90 | train loss=0.0009 top1=1.000 | val loss=0.0237 | t=0.1s
[finetune_replay] ep  37/90 | train loss=0.0010 top1=1.000 | val loss=0.0237 | t=0.1s
[finetune_replay] ep  38/90 | train loss=0.0011 top1=1.000 | val loss=0.0242 | t=0.1s
[finetune_replay] ep  39/90 | train loss=0.0009 top1=1.000 | val loss=0.0265 | t=0.1s
[finetune_replay] ep  40/90 | train loss=0.0012 top1=1.000 | val loss=0.0252 | t=0.1s
[finetune_replay] ep  41/90 | train loss=0.0010 top1=1.000 | val loss=0.0209 | t=0.1s
[finetune_replay] ep  42/90 | train loss=0.0011 top1=1.000 | val loss=0.0183 | t=0.1s
[finetune_replay] ep  43/90 | train loss=0.0010 top1=1.000 | val loss=0.0175 | t=0.1s  *
[finetune_replay] ep  44/90 | train loss=0.0010 top1=1.000 | val loss=0.0177 | t=0.1s
[finetune_replay] ep  45/90 | train loss=0.0009 top1=1.000 | val loss=0.0195 | t=0.1s
[finetune_replay] ep  46/90 | train loss=0.0011 top1=1.000 | val loss=0.0245 | t=0.1s
[finetune_replay] ep  47/90 | train loss=0.0009 top1=1.000 | val loss=0.0261 | t=0.1s
[finetune_replay] ep  48/90 | train loss=0.0008 top1=1.000 | val loss=0.0264 | t=0.1s
[finetune_replay] ep  49/90 | train loss=0.0009 top1=1.000 | val loss=0.0260 | t=0.1s
[finetune_replay] ep  50/90 | train loss=0.0009 top1=1.000 | val loss=0.0254 | t=0.1s
[finetune_replay] ep  51/90 | train loss=0.0009 top1=1.000 | val loss=0.0284 | t=0.1s
[finetune_replay] ep  52/90 | train loss=0.0007 top1=1.000 | val loss=0.0285 | t=0.1s
[finetune_replay] ep  53/90 | train loss=0.0007 top1=1.000 | val loss=0.0274 | t=0.1s
[finetune_replay] ep  54/90 | train loss=0.0007 top1=1.000 | val loss=0.0253 | t=0.1s
[finetune_replay] ep  55/90 | train loss=0.0007 top1=1.000 | val loss=0.0239 | t=0.1s
[finetune_replay] ep  56/90 | train loss=0.0010 top1=1.000 | val loss=0.0221 | t=0.1s
[finetune_replay] ep  57/90 | train loss=0.0007 top1=1.000 | val loss=0.0205 | t=0.1s
[finetune_replay] ep  58/90 | train loss=0.0008 top1=1.000 | val loss=0.0244 | t=0.1s
[finetune_replay] ep  59/90 | train loss=0.0007 top1=1.000 | val loss=0.0248 | t=0.1s
[finetune_replay] ep  60/90 | train loss=0.0009 top1=1.000 | val loss=0.0262 | t=0.1s
[finetune_replay] ep  61/90 | train loss=0.0008 top1=1.000 | val loss=0.0271 | t=0.1s
[finetune_replay] ep  62/90 | train loss=0.0006 top1=1.000 | val loss=0.0283 | t=0.1s
[finetune_replay] ep  63/90 | train loss=0.0008 top1=1.000 | val loss=0.0307 | t=0.1s
[finetune_replay] ep  64/90 | train loss=0.0006 top1=1.000 | val loss=0.0275 | t=0.1s
[finetune_replay] ep  65/90 | train loss=0.0007 top1=1.000 | val loss=0.0249 | t=0.1s
[finetune_replay] ep  66/90 | train loss=0.0007 top1=1.000 | val loss=0.0254 | t=0.1s
[finetune_replay] ep  67/90 | train loss=0.0006 top1=1.000 | val loss=0.0252 | t=0.1s
[finetune_replay] ep  68/90 | train loss=0.0008 top1=1.000 | val loss=0.0271 | t=0.1s
[finetune_replay] ep  69/90 | train loss=0.0008 top1=1.000 | val loss=0.0273 | t=0.1s
[finetune_replay] ep  70/90 | train loss=0.0007 top1=1.000 | val loss=0.0263 | t=0.1s
[finetune_replay] ep  71/90 | train loss=0.0007 top1=1.000 | val loss=0.0255 | t=0.1s
[finetune_replay] ep  72/90 | train loss=0.0006 top1=1.000 | val loss=0.0266 | t=0.1s
[finetune_replay] ep  73/90 | train loss=0.0008 top1=1.000 | val loss=0.0262 | t=0.1s
[finetune_replay] ep  74/90 | train loss=0.0009 top1=1.000 | val loss=0.0244 | t=0.1s
[finetune_replay] ep  75/90 | train loss=0.0006 top1=1.000 | val loss=0.0246 | t=0.1s
[finetune_replay] ep  76/90 | train loss=0.0006 top1=1.000 | val loss=0.0276 | t=0.1s
[finetune_replay] ep  77/90 | train loss=0.0006 top1=1.000 | val loss=0.0267 | t=0.1s
[finetune_replay] ep  78/90 | train loss=0.0008 top1=1.000 | val loss=0.0262 | t=0.1s
[finetune_replay] ep  79/90 | train loss=0.0006 top1=1.000 | val loss=0.0259 | t=0.1s
[finetune_replay] ep  80/90 | train loss=0.0007 top1=1.000 | val loss=0.0271 | t=0.1s
[finetune_replay] ep  81/90 | train loss=0.0008 top1=1.000 | val loss=0.0274 | t=0.1s
[finetune_replay] ep  82/90 | train loss=0.0008 top1=1.000 | val loss=0.0266 | t=0.1s
[finetune_replay] ep  83/90 | train loss=0.0006 top1=1.000 | val loss=0.0261 | t=0.1s
[finetune_replay] ep  84/90 | train loss=0.0008 top1=1.000 | val loss=0.0255 | t=0.1s
[finetune_replay] ep  85/90 | train loss=0.0006 top1=1.000 | val loss=0.0255 | t=0.1s
[finetune_replay] ep  86/90 | train loss=0.0007 top1=1.000 | val loss=0.0262 | t=0.1s
[finetune_replay] ep  87/90 | train loss=0.0008 top1=1.000 | val loss=0.0258 | t=0.1s
[finetune_replay] ep  88/90 | train loss=0.0006 top1=1.000 | val loss=0.0259 | t=0.1s
[finetune_replay] ep  89/90 | train loss=0.0006 top1=1.000 | val loss=0.0256 | t=0.1s
[finetune_replay] ep  90/90 | train loss=0.0007 top1=1.000 | val loss=0.0238 | t=0.1s
[finetune_replay] DONE best_val_loss=0.0175 @ epoch 43
[16:09:23] [bo-budget] $ /home/s226137394/.conda/envs/maze/bin/python3 -u -m Equivariant_pathway.equivariant_CNN_hybrid.rollout_test --checkpoint /weka/s226137394/DmNfull/Equivariant_pathway/equivariant_CNN_hybrid/baseline_vs_p4/pool_x_selector/results/run_6/p4_top3_rotate_e90/checkpoints/best_hybrid_policy.pth --layouts /weka/s226137394/DmNfull/Equivariant_pathway/equivariant_CNN_hybrid/baseline_vs_p4/shared/heldout_layouts.yaml --out_dir /weka/s226137394/DmNfull/Equivariant_pathway/equivariant_CNN_hybrid/baseline_vs_p4/pool_x_selector/results/run_6/p4_top3_rotate_e90/results/eval_round_010 --seed 16 --max_steps 60
[hybrid-rollout] 200 unique; running 200 eps
[hybrid-rollout] loaded /weka/s226137394/DmNfull/Equivariant_pathway/equivariant_CNN_hybrid/baseline_vs_p4/pool_x_selector/results/run_6/p4_top3_rotate_e90/checkpoints/best_hybrid_policy.pth
[hybrid-rollout] ep 0 (heldout_001): steps=5 success=True
[hybrid-rollout] ep 1 (heldout_002): steps=4 success=True
[hybrid-rollout] ep 2 (heldout_003): steps=4 success=True
[hybrid-rollout] ep 3 (heldout_004): steps=6 success=True
[hybrid-rollout] ep 4 (heldout_005): steps=5 success=True
[hybrid-rollout] ep 5 (heldout_006): steps=3 success=False
[hybrid-rollout] ep 6 (heldout_007): steps=5 success=True
[hybrid-rollout] ep 7 (heldout_008): steps=4 success=True
[hybrid-rollout] ep 8 (heldout_009): steps=6 success=True
[hybrid-rollout] ep 9 (heldout_010): steps=8 success=True
[hybrid-rollout] ep 10 (heldout_011): steps=4 success=True
[hybrid-rollout] ep 11 (heldout_012): steps=4 success=True
[hybrid-rollout] ep 12 (heldout_013): steps=5 success=True
[hybrid-rollout] ep 13 (heldout_014): steps=5 success=True
[hybrid-rollout] ep 14 (heldout_015): steps=4 success=True
[hybrid-rollout] ep 15 (heldout_016): steps=5 success=True
[hybrid-rollout] ep 16 (heldout_017): steps=60 success=False
[hybrid-rollout] ep 17 (heldout_018): steps=60 success=False
[hybrid-rollout] ep 18 (heldout_019): steps=5 success=True
[hybrid-rollout] ep 19 (heldout_020): steps=5 success=True
[hybrid-rollout] ep 20 (heldout_021): steps=4 success=True
[hybrid-rollout] ep 21 (heldout_022): steps=4 success=True
[hybrid-rollout] ep 22 (heldout_023): steps=7 success=True
[hybrid-rollout] ep 23 (heldout_024): steps=60 success=False
[hybrid-rollout] ep 24 (heldout_025): steps=4 success=True
[hybrid-rollout] ep 25 (heldout_026): steps=4 success=True
[hybrid-rollout] ep 26 (heldout_027): steps=4 success=True
[hybrid-rollout] ep 27 (heldout_028): steps=4 success=True
[hybrid-rollout] ep 28 (heldout_029): steps=7 success=True
[hybrid-rollout] ep 29 (heldout_030): steps=5 success=True
[hybrid-rollout] ep 30 (heldout_031): steps=5 success=True
[hybrid-rollout] ep 31 (heldout_032): steps=7 success=True
[hybrid-rollout] ep 32 (heldout_033): steps=4 success=True
[hybrid-rollout] ep 33 (heldout_034): steps=5 success=True
[hybrid-rollout] ep 34 (heldout_035): steps=6 success=True
[hybrid-rollout] ep 35 (heldout_036): steps=5 success=True
[hybrid-rollout] ep 36 (heldout_037): steps=4 success=True
[hybrid-rollout] ep 37 (heldout_038): steps=5 success=True
[hybrid-rollout] ep 38 (heldout_039): steps=6 success=True
[hybrid-rollout] ep 39 (heldout_040): steps=5 success=True
[hybrid-rollout] ep 40 (heldout_041): steps=60 success=False
[hybrid-rollout] ep 41 (heldout_042): steps=4 success=True
[hybrid-rollout] ep 42 (heldout_043): steps=4 success=True
[hybrid-rollout] ep 43 (heldout_044): steps=5 success=True
[hybrid-rollout] ep 44 (heldout_045): steps=5 success=True
[hybrid-rollout] ep 45 (heldout_046): steps=4 success=True
[hybrid-rollout] ep 46 (heldout_047): steps=4 success=True
[hybrid-rollout] ep 47 (heldout_048): steps=6 success=True
[hybrid-rollout] ep 48 (heldout_049): steps=5 success=True
[hybrid-rollout] ep 49 (heldout_050): steps=4 success=True
[hybrid-rollout] ep 50 (heldout_051): steps=4 success=True
[hybrid-rollout] ep 51 (heldout_052): steps=4 success=True
[hybrid-rollout] ep 52 (heldout_053): steps=6 success=True
[hybrid-rollout] ep 53 (heldout_054): steps=4 success=True
[hybrid-rollout] ep 54 (heldout_055): steps=60 success=False
[hybrid-rollout] ep 55 (heldout_056): steps=4 success=True
[hybrid-rollout] ep 56 (heldout_057): steps=2 success=False
[hybrid-rollout] ep 57 (heldout_058): steps=4 success=True
[hybrid-rollout] ep 58 (heldout_059): steps=5 success=True
[hybrid-rollout] ep 59 (heldout_060): steps=6 success=True
[hybrid-rollout] ep 60 (heldout_061): steps=5 success=True
[hybrid-rollout] ep 61 (heldout_062): steps=6 success=True
[hybrid-rollout] ep 62 (heldout_063): steps=5 success=True
[hybrid-rollout] ep 63 (heldout_064): steps=4 success=True
[hybrid-rollout] ep 64 (heldout_065): steps=7 success=True
[hybrid-rollout] ep 65 (heldout_066): steps=6 success=True
[hybrid-rollout] ep 66 (heldout_067): steps=5 success=True
[hybrid-rollout] ep 67 (heldout_068): steps=4 success=True
[hybrid-rollout] ep 68 (heldout_069): steps=4 success=True
[hybrid-rollout] ep 69 (heldout_070): steps=7 success=True
[hybrid-rollout] ep 70 (heldout_071): steps=5 success=True
[hybrid-rollout] ep 71 (heldout_072): steps=5 success=True
[hybrid-rollout] ep 72 (heldout_073): steps=3 success=False
[hybrid-rollout] ep 73 (heldout_074): steps=4 success=True
[hybrid-rollout] ep 74 (heldout_075): steps=5 success=True
[hybrid-rollout] ep 75 (heldout_076): steps=7 success=True
[hybrid-rollout] ep 76 (heldout_077): steps=4 success=True
[hybrid-rollout] ep 77 (heldout_078): steps=3 success=False
[hybrid-rollout] ep 78 (heldout_079): steps=4 success=True
[hybrid-rollout] ep 79 (heldout_080): steps=4 success=True
[hybrid-rollout] ep 80 (heldout_081): steps=5 success=True
[hybrid-rollout] ep 81 (heldout_082): steps=5 success=True
[hybrid-rollout] ep 82 (heldout_083): steps=4 success=True
[hybrid-rollout] ep 83 (heldout_084): steps=5 success=True
[hybrid-rollout] ep 84 (heldout_085): steps=60 success=False
[hybrid-rollout] ep 85 (heldout_086): steps=6 success=True
[hybrid-rollout] ep 86 (heldout_087): steps=7 success=True
[hybrid-rollout] ep 87 (heldout_088): steps=4 success=True
[hybrid-rollout] ep 88 (heldout_089): steps=3 success=False
[hybrid-rollout] ep 89 (heldout_090): steps=4 success=True
[hybrid-rollout] ep 90 (heldout_091): steps=4 success=False
[hybrid-rollout] ep 91 (heldout_092): steps=60 success=False
[hybrid-rollout] ep 92 (heldout_093): steps=6 success=True
[hybrid-rollout] ep 93 (heldout_094): steps=6 success=True
[hybrid-rollout] ep 94 (heldout_095): steps=7 success=True
[hybrid-rollout] ep 95 (heldout_096): steps=5 success=True
[hybrid-rollout] ep 96 (heldout_097): steps=5 success=True
[hybrid-rollout] ep 97 (heldout_098): steps=60 success=False
[hybrid-rollout] ep 98 (heldout_099): steps=60 success=False
[hybrid-rollout] ep 99 (heldout_100): steps=60 success=False
[hybrid-rollout] ep 100 (heldout_101): steps=4 success=True
[hybrid-rollout] ep 101 (heldout_102): steps=4 success=True
[hybrid-rollout] ep 102 (heldout_103): steps=60 success=False
[hybrid-rollout] ep 103 (heldout_104): steps=6 success=True
[hybrid-rollout] ep 104 (heldout_105): steps=60 success=False
[hybrid-rollout] ep 105 (heldout_106): steps=6 success=True
[hybrid-rollout] ep 106 (heldout_107): steps=4 success=True
[hybrid-rollout] ep 107 (heldout_108): steps=4 success=True
[hybrid-rollout] ep 108 (heldout_109): steps=4 success=True
[hybrid-rollout] ep 109 (heldout_110): steps=60 success=False
[hybrid-rollout] ep 110 (heldout_111): steps=6 success=True
[hybrid-rollout] ep 111 (heldout_112): steps=5 success=True
[hybrid-rollout] ep 112 (heldout_113): steps=5 success=True
[hybrid-rollout] ep 113 (heldout_114): steps=60 success=False
[hybrid-rollout] ep 114 (heldout_115): steps=4 success=True
[hybrid-rollout] ep 115 (heldout_116): steps=5 success=True
[hybrid-rollout] ep 116 (heldout_117): steps=5 success=True
[hybrid-rollout] ep 117 (heldout_118): steps=9 success=True
[hybrid-rollout] ep 118 (heldout_119): steps=4 success=True
[hybrid-rollout] ep 119 (heldout_120): steps=7 success=True
[hybrid-rollout] ep 120 (heldout_121): steps=4 success=True
[hybrid-rollout] ep 121 (heldout_122): steps=4 success=True
[hybrid-rollout] ep 122 (heldout_123): steps=6 success=True
[hybrid-rollout] ep 123 (heldout_124): steps=60 success=False
[hybrid-rollout] ep 124 (heldout_125): steps=4 success=True
[hybrid-rollout] ep 125 (heldout_126): steps=4 success=True
[hybrid-rollout] ep 126 (heldout_127): steps=60 success=False
[hybrid-rollout] ep 127 (heldout_128): steps=7 success=True
[hybrid-rollout] ep 128 (heldout_129): steps=60 success=False
[hybrid-rollout] ep 129 (heldout_130): steps=4 success=True
[hybrid-rollout] ep 130 (heldout_131): steps=60 success=False
[hybrid-rollout] ep 131 (heldout_132): steps=4 success=True
[hybrid-rollout] ep 132 (heldout_133): steps=4 success=True
[hybrid-rollout] ep 133 (heldout_134): steps=60 success=False
[hybrid-rollout] ep 134 (heldout_135): steps=6 success=True
[hybrid-rollout] ep 135 (heldout_136): steps=5 success=True
[hybrid-rollout] ep 136 (heldout_137): steps=60 success=False
[hybrid-rollout] ep 137 (heldout_138): steps=4 success=True
[hybrid-rollout] ep 138 (heldout_139): steps=4 success=True
[hybrid-rollout] ep 139 (heldout_140): steps=5 success=True
[hybrid-rollout] ep 140 (heldout_141): steps=5 success=True
[hybrid-rollout] ep 141 (heldout_142): steps=4 success=True
[hybrid-rollout] ep 142 (heldout_143): steps=8 success=True
[hybrid-rollout] ep 143 (heldout_144): steps=4 success=True
[hybrid-rollout] ep 144 (heldout_145): steps=5 success=True
[hybrid-rollout] ep 145 (heldout_146): steps=7 success=True
[hybrid-rollout] ep 146 (heldout_147): steps=4 success=True
[hybrid-rollout] ep 147 (heldout_148): steps=60 success=False
[hybrid-rollout] ep 148 (heldout_149): steps=5 success=True
[hybrid-rollout] ep 149 (heldout_150): steps=4 success=True
[hybrid-rollout] ep 150 (heldout_151): steps=5 success=True
[hybrid-rollout] ep 151 (heldout_152): steps=6 success=True
[hybrid-rollout] ep 152 (heldout_153): steps=5 success=True
[hybrid-rollout] ep 153 (heldout_154): steps=60 success=False
[hybrid-rollout] ep 154 (heldout_155): steps=60 success=False
[hybrid-rollout] ep 155 (heldout_156): steps=60 success=False
[hybrid-rollout] ep 156 (heldout_157): steps=4 success=True
[hybrid-rollout] ep 157 (heldout_158): steps=3 success=False
[hybrid-rollout] ep 158 (heldout_159): steps=6 success=True
[hybrid-rollout] ep 159 (heldout_160): steps=60 success=False
[hybrid-rollout] ep 160 (heldout_161): steps=60 success=False
[hybrid-rollout] ep 161 (heldout_162): steps=5 success=True
[hybrid-rollout] ep 162 (heldout_163): steps=4 success=True
[hybrid-rollout] ep 163 (heldout_164): steps=4 success=True
[hybrid-rollout] ep 164 (heldout_165): steps=5 success=True
[hybrid-rollout] ep 165 (heldout_166): steps=60 success=False
[hybrid-rollout] ep 166 (heldout_167): steps=4 success=True
[hybrid-rollout] ep 167 (heldout_168): steps=4 success=True
[hybrid-rollout] ep 168 (heldout_169): steps=4 success=False
[hybrid-rollout] ep 169 (heldout_170): steps=5 success=False
[hybrid-rollout] ep 170 (heldout_171): steps=4 success=True
[hybrid-rollout] ep 171 (heldout_172): steps=5 success=True
[hybrid-rollout] ep 172 (heldout_173): steps=4 success=True
[hybrid-rollout] ep 173 (heldout_174): steps=5 success=True
[hybrid-rollout] ep 174 (heldout_175): steps=5 success=True
[hybrid-rollout] ep 175 (heldout_176): steps=6 success=True
[hybrid-rollout] ep 176 (heldout_177): steps=6 success=True
[hybrid-rollout] ep 177 (heldout_178): steps=5 success=True
[hybrid-rollout] ep 178 (heldout_179): steps=5 success=True
[hybrid-rollout] ep 179 (heldout_180): steps=4 success=True
[hybrid-rollout] ep 180 (heldout_181): steps=5 success=True
[hybrid-rollout] ep 181 (heldout_182): steps=4 success=True
[hybrid-rollout] ep 182 (heldout_183): steps=5 success=True
[hybrid-rollout] ep 183 (heldout_184): steps=7 success=True
[hybrid-rollout] ep 184 (heldout_185): steps=5 success=True
[hybrid-rollout] ep 185 (heldout_186): steps=4 success=True
[hybrid-rollout] ep 186 (heldout_187): steps=5 success=True
[hybrid-rollout] ep 187 (heldout_188): steps=5 success=True
[hybrid-rollout] ep 188 (heldout_189): steps=60 success=False
[hybrid-rollout] ep 189 (heldout_190): steps=7 success=True
[hybrid-rollout] ep 190 (heldout_191): steps=4 success=True
[hybrid-rollout] ep 191 (heldout_192): steps=5 success=True
[hybrid-rollout] ep 192 (heldout_193): steps=60 success=False
[hybrid-rollout] ep 193 (heldout_194): steps=6 success=True
[hybrid-rollout] ep 194 (heldout_195): steps=5 success=True
[hybrid-rollout] ep 195 (heldout_196): steps=4 success=True
[hybrid-rollout] ep 196 (heldout_197): steps=5 success=True
[hybrid-rollout] ep 197 (heldout_198): steps=4 success=True
[hybrid-rollout] ep 198 (heldout_199): steps=4 success=True
[hybrid-rollout] ep 199 (heldout_200): steps=4 success=True
[hybrid-rollout] DONE successes=162/200
[16:10:39] [replay_p4] run 6 round 10: extras=10 heldout_sr=0.810
[16:10:39] [replay_p4] $ /home/s226137394/.conda/envs/maze/bin/python3 -u -m Equivariant_pathway.equivariant_CNN_hybrid.baseline_vs_p4.pool_x_selector.trainer.finetune_replay --demo_dir /weka/s226137394/DmNfull/Equivariant_pathway/equivariant_CNN_hybrid/baseline_vs_p4/pool_x_selector/results/run_6/p4_top3_rotate_e90/demos --checkpoint_dir /weka/s226137394/DmNfull/Equivariant_pathway/equivariant_CNN_hybrid/baseline_vs_p4/pool_x_selector/results/run_6/p4_top3_rotate_e90/checkpoints --epochs 90 --batch_size 64 --lr 5e-05 --weight_decay 0.0001 --replay_mix 0.5 --replay_mix_floor 0.2 --seed 6 --resume --new_demos_dir /weka/s226137394/DmNfull/Equivariant_pathway/equivariant_CNN_hybrid/baseline_vs_p4/pool_x_selector/results/run_6/p4_top3_rotate_e90/demos/round_011
[finetune_replay] device=cuda demo_dir=/weka/s226137394/DmNfull/Equivariant_pathway/equivariant_CNN_hybrid/baseline_vs_p4/pool_x_selector/results/run_6/p4_top3_rotate_e90/demos new_demos_dir=/weka/s226137394/DmNfull/Equivariant_pathway/equivariant_CNN_hybrid/baseline_vs_p4/pool_x_selector/results/run_6/p4_top3_rotate_e90/demos/round_011
[hybrid-dataset] 30 demos -> 159 samples
[hybrid-dataset] 1 demos -> 6 samples
[finetune_replay] sampler audit: {'n_old_samples': 159, 'n_new_samples': 6, 'replay_mix_target': 0.5, 'replay_mix_effective': 0.5, 'replay_mix_floor': 0.2}
[finetune_replay] trainable params: 1,400,028
[finetune_replay] WARM START from last_hybrid_policy.pth
[finetune_replay] ep   1/90 | train loss=0.4073 top1=0.872 | val loss=0.0563 | t=0.9s  *
[finetune_replay] ep   2/90 | train loss=0.1803 top1=0.940 | val loss=0.0698 | t=0.4s
[finetune_replay] ep   3/90 | train loss=0.1981 top1=0.893 | val loss=0.0225 | t=0.3s  *
[finetune_replay] ep   4/90 | train loss=0.0439 top1=1.000 | val loss=0.0661 | t=0.2s
[finetune_replay] ep   5/90 | train loss=0.0318 top1=1.000 | val loss=0.0437 | t=0.5s
[finetune_replay] ep   6/90 | train loss=0.0154 top1=1.000 | val loss=0.0628 | t=0.4s
[finetune_replay] ep   7/90 | train loss=0.0043 top1=1.000 | val loss=0.0973 | t=0.1s
[finetune_replay] ep   8/90 | train loss=0.0030 top1=1.000 | val loss=0.0736 | t=0.3s
[finetune_replay] ep   9/90 | train loss=0.0040 top1=1.000 | val loss=0.0612 | t=0.3s
[finetune_replay] ep  10/90 | train loss=0.0044 top1=1.000 | val loss=0.0436 | t=0.1s
[finetune_replay] ep  11/90 | train loss=0.0030 top1=1.000 | val loss=0.0392 | t=0.2s
[finetune_replay] ep  12/90 | train loss=0.0017 top1=1.000 | val loss=0.0529 | t=0.2s
[finetune_replay] ep  13/90 | train loss=0.0018 top1=1.000 | val loss=0.0314 | t=0.2s
[finetune_replay] ep  14/90 | train loss=0.0013 top1=1.000 | val loss=0.0306 | t=0.1s
[finetune_replay] ep  15/90 | train loss=0.0012 top1=1.000 | val loss=0.0324 | t=0.2s
[finetune_replay] ep  16/90 | train loss=0.0011 top1=1.000 | val loss=0.0307 | t=0.1s
[finetune_replay] ep  17/90 | train loss=0.0009 top1=1.000 | val loss=0.0358 | t=0.2s
[finetune_replay] ep  18/90 | train loss=0.0009 top1=1.000 | val loss=0.0344 | t=0.1s
[finetune_replay] ep  19/90 | train loss=0.0007 top1=1.000 | val loss=0.0318 | t=0.1s
[finetune_replay] ep  20/90 | train loss=0.0009 top1=1.000 | val loss=0.0264 | t=0.1s
[finetune_replay] ep  21/90 | train loss=0.0007 top1=1.000 | val loss=0.0241 | t=0.2s
[finetune_replay] ep  22/90 | train loss=0.0006 top1=1.000 | val loss=0.0255 | t=0.2s
[finetune_replay] ep  23/90 | train loss=0.0006 top1=1.000 | val loss=0.0308 | t=0.1s
[finetune_replay] ep  24/90 | train loss=0.0007 top1=1.000 | val loss=0.0307 | t=0.1s
[finetune_replay] ep  25/90 | train loss=0.0007 top1=1.000 | val loss=0.0249 | t=0.1s
[finetune_replay] ep  26/90 | train loss=0.0006 top1=1.000 | val loss=0.0246 | t=0.1s
[finetune_replay] ep  27/90 | train loss=0.0006 top1=1.000 | val loss=0.0267 | t=0.1s
[finetune_replay] ep  28/90 | train loss=0.0008 top1=1.000 | val loss=0.0316 | t=0.1s
[finetune_replay] ep  29/90 | train loss=0.0006 top1=1.000 | val loss=0.0324 | t=0.1s
[finetune_replay] ep  30/90 | train loss=0.0007 top1=1.000 | val loss=0.0305 | t=0.2s
[finetune_replay] ep  31/90 | train loss=0.0009 top1=1.000 | val loss=0.0324 | t=0.1s
[finetune_replay] ep  32/90 | train loss=0.0005 top1=1.000 | val loss=0.0359 | t=0.1s
[finetune_replay] ep  33/90 | train loss=0.0005 top1=1.000 | val loss=0.0339 | t=0.1s
[finetune_replay] ep  34/90 | train loss=0.0007 top1=1.000 | val loss=0.0348 | t=0.1s
[finetune_replay] ep  35/90 | train loss=0.0007 top1=1.000 | val loss=0.0329 | t=0.2s
[finetune_replay] ep  36/90 | train loss=0.0005 top1=1.000 | val loss=0.0319 | t=0.1s
[finetune_replay] ep  37/90 | train loss=0.0006 top1=1.000 | val loss=0.0320 | t=0.1s
[finetune_replay] ep  38/90 | train loss=0.0005 top1=1.000 | val loss=0.0402 | t=0.1s
[finetune_replay] ep  39/90 | train loss=0.0005 top1=1.000 | val loss=0.0407 | t=0.1s
[finetune_replay] ep  40/90 | train loss=0.0005 top1=1.000 | val loss=0.0390 | t=0.1s
[finetune_replay] ep  41/90 | train loss=0.0004 top1=1.000 | val loss=0.0381 | t=0.1s
[finetune_replay] ep  42/90 | train loss=0.0004 top1=1.000 | val loss=0.0376 | t=0.1s
[finetune_replay] ep  43/90 | train loss=0.0005 top1=1.000 | val loss=0.0355 | t=0.1s
[finetune_replay] ep  44/90 | train loss=0.0005 top1=1.000 | val loss=0.0339 | t=0.1s
[finetune_replay] ep  45/90 | train loss=0.0005 top1=1.000 | val loss=0.0311 | t=0.1s
[finetune_replay] ep  46/90 | train loss=0.0004 top1=1.000 | val loss=0.0281 | t=0.1s
[finetune_replay] ep  47/90 | train loss=0.0005 top1=1.000 | val loss=0.0278 | t=0.1s
[finetune_replay] ep  48/90 | train loss=0.0004 top1=1.000 | val loss=0.0273 | t=0.1s
[finetune_replay] ep  49/90 | train loss=0.0004 top1=1.000 | val loss=0.0285 | t=0.2s
[finetune_replay] ep  50/90 | train loss=0.0004 top1=1.000 | val loss=0.0300 | t=0.2s
[finetune_replay] ep  51/90 | train loss=0.0004 top1=1.000 | val loss=0.0328 | t=0.1s
[finetune_replay] ep  52/90 | train loss=0.0005 top1=1.000 | val loss=0.0342 | t=0.1s
[finetune_replay] ep  53/90 | train loss=0.0004 top1=1.000 | val loss=0.0320 | t=0.1s
[finetune_replay] ep  54/90 | train loss=0.0004 top1=1.000 | val loss=0.0301 | t=0.1s
[finetune_replay] ep  55/90 | train loss=0.0004 top1=1.000 | val loss=0.0287 | t=0.1s
[finetune_replay] ep  56/90 | train loss=0.0003 top1=1.000 | val loss=0.0282 | t=0.1s
[finetune_replay] ep  57/90 | train loss=0.0003 top1=1.000 | val loss=0.0277 | t=0.1s
[finetune_replay] ep  58/90 | train loss=0.0004 top1=1.000 | val loss=0.0271 | t=0.1s
[finetune_replay] ep  59/90 | train loss=0.0004 top1=1.000 | val loss=0.0281 | t=0.1s
[finetune_replay] ep  60/90 | train loss=0.0003 top1=1.000 | val loss=0.0289 | t=0.1s
[finetune_replay] ep  61/90 | train loss=0.0005 top1=1.000 | val loss=0.0283 | t=0.1s
[finetune_replay] ep  62/90 | train loss=0.0003 top1=1.000 | val loss=0.0280 | t=0.1s
[finetune_replay] ep  63/90 | train loss=0.0003 top1=1.000 | val loss=0.0281 | t=0.1s
[finetune_replay] ep  64/90 | train loss=0.0003 top1=1.000 | val loss=0.0289 | t=0.1s
[finetune_replay] ep  65/90 | train loss=0.0004 top1=1.000 | val loss=0.0306 | t=0.1s
[finetune_replay] ep  66/90 | train loss=0.0004 top1=1.000 | val loss=0.0310 | t=0.2s
[finetune_replay] ep  67/90 | train loss=0.0004 top1=1.000 | val loss=0.0318 | t=0.1s
[finetune_replay] ep  68/90 | train loss=0.0004 top1=1.000 | val loss=0.0334 | t=0.1s
[finetune_replay] ep  69/90 | train loss=0.0004 top1=1.000 | val loss=0.0328 | t=0.1s
[finetune_replay] ep  70/90 | train loss=0.0004 top1=1.000 | val loss=0.0313 | t=0.1s
[finetune_replay] ep  71/90 | train loss=0.0004 top1=1.000 | val loss=0.0304 | t=0.2s
[finetune_replay] ep  72/90 | train loss=0.0004 top1=1.000 | val loss=0.0307 | t=0.1s
[finetune_replay] ep  73/90 | train loss=0.0003 top1=1.000 | val loss=0.0303 | t=0.2s
[finetune_replay] ep  74/90 | train loss=0.0005 top1=1.000 | val loss=0.0299 | t=0.1s
[finetune_replay] ep  75/90 | train loss=0.0004 top1=1.000 | val loss=0.0293 | t=0.1s
[finetune_replay] ep  76/90 | train loss=0.0004 top1=1.000 | val loss=0.0288 | t=0.1s
[finetune_replay] ep  77/90 | train loss=0.0003 top1=1.000 | val loss=0.0288 | t=0.1s
[finetune_replay] ep  78/90 | train loss=0.0004 top1=1.000 | val loss=0.0295 | t=0.1s
[finetune_replay] ep  79/90 | train loss=0.0004 top1=1.000 | val loss=0.0297 | t=0.1s
[finetune_replay] ep  80/90 | train loss=0.0004 top1=1.000 | val loss=0.0297 | t=0.1s
[finetune_replay] ep  81/90 | train loss=0.0004 top1=1.000 | val loss=0.0296 | t=0.1s
[finetune_replay] ep  82/90 | train loss=0.0003 top1=1.000 | val loss=0.0292 | t=0.1s
[finetune_replay] ep  83/90 | train loss=0.0004 top1=1.000 | val loss=0.0293 | t=0.1s
[finetune_replay] ep  84/90 | train loss=0.0003 top1=1.000 | val loss=0.0295 | t=0.1s
[finetune_replay] ep  85/90 | train loss=0.0003 top1=1.000 | val loss=0.0294 | t=0.1s
[finetune_replay] ep  86/90 | train loss=0.0004 top1=1.000 | val loss=0.0293 | t=0.1s
[finetune_replay] ep  87/90 | train loss=0.0004 top1=1.000 | val loss=0.0293 | t=0.1s
[finetune_replay] ep  88/90 | train loss=0.0004 top1=1.000 | val loss=0.0295 | t=0.1s
[finetune_replay] ep  89/90 | train loss=0.0004 top1=1.000 | val loss=0.0295 | t=0.1s
[finetune_replay] ep  90/90 | train loss=0.0003 top1=1.000 | val loss=0.0295 | t=0.1s
[finetune_replay] DONE best_val_loss=0.0225 @ epoch 3
[16:11:08] [bo-budget] $ /home/s226137394/.conda/envs/maze/bin/python3 -u -m Equivariant_pathway.equivariant_CNN_hybrid.rollout_test --checkpoint /weka/s226137394/DmNfull/Equivariant_pathway/equivariant_CNN_hybrid/baseline_vs_p4/pool_x_selector/results/run_6/p4_top3_rotate_e90/checkpoints/best_hybrid_policy.pth --layouts /weka/s226137394/DmNfull/Equivariant_pathway/equivariant_CNN_hybrid/baseline_vs_p4/shared/heldout_layouts.yaml --out_dir /weka/s226137394/DmNfull/Equivariant_pathway/equivariant_CNN_hybrid/baseline_vs_p4/pool_x_selector/results/run_6/p4_top3_rotate_e90/results/eval_round_011 --seed 17 --max_steps 60
[hybrid-rollout] 200 unique; running 200 eps
[hybrid-rollout] loaded /weka/s226137394/DmNfull/Equivariant_pathway/equivariant_CNN_hybrid/baseline_vs_p4/pool_x_selector/results/run_6/p4_top3_rotate_e90/checkpoints/best_hybrid_policy.pth
[hybrid-rollout] ep 0 (heldout_001): steps=5 success=True
[hybrid-rollout] ep 1 (heldout_002): steps=4 success=True
[hybrid-rollout] ep 2 (heldout_003): steps=4 success=True
[hybrid-rollout] ep 3 (heldout_004): steps=6 success=True
[hybrid-rollout] ep 4 (heldout_005): steps=5 success=True
[hybrid-rollout] ep 5 (heldout_006): steps=3 success=False
[hybrid-rollout] ep 6 (heldout_007): steps=5 success=True
[hybrid-rollout] ep 7 (heldout_008): steps=4 success=True
[hybrid-rollout] ep 8 (heldout_009): steps=6 success=True
[hybrid-rollout] ep 9 (heldout_010): steps=8 success=True
[hybrid-rollout] ep 10 (heldout_011): steps=4 success=True
[hybrid-rollout] ep 11 (heldout_012): steps=4 success=True
[hybrid-rollout] ep 12 (heldout_013): steps=60 success=False
[hybrid-rollout] ep 13 (heldout_014): steps=5 success=True
[hybrid-rollout] ep 14 (heldout_015): steps=3 success=False
[hybrid-rollout] ep 15 (heldout_016): steps=5 success=True
[hybrid-rollout] ep 16 (heldout_017): steps=4 success=True
[hybrid-rollout] ep 17 (heldout_018): steps=60 success=False
[hybrid-rollout] ep 18 (heldout_019): steps=60 success=False
[hybrid-rollout] ep 19 (heldout_020): steps=5 success=True
[hybrid-rollout] ep 20 (heldout_021): steps=4 success=True
[hybrid-rollout] ep 21 (heldout_022): steps=4 success=True
[hybrid-rollout] ep 22 (heldout_023): steps=60 success=False
[hybrid-rollout] ep 23 (heldout_024): steps=60 success=False
[hybrid-rollout] ep 24 (heldout_025): steps=4 success=True
[hybrid-rollout] ep 25 (heldout_026): steps=4 success=True
[hybrid-rollout] ep 26 (heldout_027): steps=4 success=True
[hybrid-rollout] ep 27 (heldout_028): steps=4 success=True
[hybrid-rollout] ep 28 (heldout_029): steps=60 success=False
[hybrid-rollout] ep 29 (heldout_030): steps=60 success=False
[hybrid-rollout] ep 30 (heldout_031): steps=5 success=True
[hybrid-rollout] ep 31 (heldout_032): steps=7 success=True
[hybrid-rollout] ep 32 (heldout_033): steps=4 success=True
[hybrid-rollout] ep 33 (heldout_034): steps=5 success=True
[hybrid-rollout] ep 34 (heldout_035): steps=60 success=False
[hybrid-rollout] ep 35 (heldout_036): steps=5 success=True
[hybrid-rollout] ep 36 (heldout_037): steps=4 success=True
[hybrid-rollout] ep 37 (heldout_038): steps=5 success=True
[hybrid-rollout] ep 38 (heldout_039): steps=6 success=True
[hybrid-rollout] ep 39 (heldout_040): steps=5 success=True
[hybrid-rollout] ep 40 (heldout_041): steps=60 success=False
[hybrid-rollout] ep 41 (heldout_042): steps=4 success=True
[hybrid-rollout] ep 42 (heldout_043): steps=4 success=True
[hybrid-rollout] ep 43 (heldout_044): steps=5 success=True
[hybrid-rollout] ep 44 (heldout_045): steps=5 success=True
[hybrid-rollout] ep 45 (heldout_046): steps=4 success=True
[hybrid-rollout] ep 46 (heldout_047): steps=4 success=True
[hybrid-rollout] ep 47 (heldout_048): steps=6 success=True
[hybrid-rollout] ep 48 (heldout_049): steps=60 success=False
[hybrid-rollout] ep 49 (heldout_050): steps=4 success=True
[hybrid-rollout] ep 50 (heldout_051): steps=4 success=True
[hybrid-rollout] ep 51 (heldout_052): steps=4 success=True
[hybrid-rollout] ep 52 (heldout_053): steps=3 success=False
[hybrid-rollout] ep 53 (heldout_054): steps=60 success=False
[hybrid-rollout] ep 54 (heldout_055): steps=60 success=False
[hybrid-rollout] ep 55 (heldout_056): steps=4 success=True
[hybrid-rollout] ep 56 (heldout_057): steps=2 success=False
[hybrid-rollout] ep 57 (heldout_058): steps=4 success=True
[hybrid-rollout] ep 58 (heldout_059): steps=5 success=True
[hybrid-rollout] ep 59 (heldout_060): steps=6 success=True
[hybrid-rollout] ep 60 (heldout_061): steps=5 success=True
[hybrid-rollout] ep 61 (heldout_062): steps=6 success=True
[hybrid-rollout] ep 62 (heldout_063): steps=5 success=True
[hybrid-rollout] ep 63 (heldout_064): steps=4 success=True
[hybrid-rollout] ep 64 (heldout_065): steps=7 success=True
[hybrid-rollout] ep 65 (heldout_066): steps=6 success=True
[hybrid-rollout] ep 66 (heldout_067): steps=5 success=True
[hybrid-rollout] ep 67 (heldout_068): steps=4 success=True
[hybrid-rollout] ep 68 (heldout_069): steps=4 success=True
[hybrid-rollout] ep 69 (heldout_070): steps=9 success=True
[hybrid-rollout] ep 70 (heldout_071): steps=5 success=True
[hybrid-rollout] ep 71 (heldout_072): steps=5 success=True
[hybrid-rollout] ep 72 (heldout_073): steps=3 success=False
[hybrid-rollout] ep 73 (heldout_074): steps=4 success=True
[hybrid-rollout] ep 74 (heldout_075): steps=5 success=True
[hybrid-rollout] ep 75 (heldout_076): steps=60 success=False
[hybrid-rollout] ep 76 (heldout_077): steps=4 success=True
[hybrid-rollout] ep 77 (heldout_078): steps=6 success=True
[hybrid-rollout] ep 78 (heldout_079): steps=4 success=True
[hybrid-rollout] ep 79 (heldout_080): steps=4 success=True
[hybrid-rollout] ep 80 (heldout_081): steps=60 success=False
[hybrid-rollout] ep 81 (heldout_082): steps=5 success=True
[hybrid-rollout] ep 82 (heldout_083): steps=4 success=True
[hybrid-rollout] ep 83 (heldout_084): steps=5 success=True
[hybrid-rollout] ep 84 (heldout_085): steps=60 success=False
[hybrid-rollout] ep 85 (heldout_086): steps=6 success=True
[hybrid-rollout] ep 86 (heldout_087): steps=7 success=True
[hybrid-rollout] ep 87 (heldout_088): steps=4 success=True
[hybrid-rollout] ep 88 (heldout_089): steps=3 success=False
[hybrid-rollout] ep 89 (heldout_090): steps=4 success=True
[hybrid-rollout] ep 90 (heldout_091): steps=4 success=False
[hybrid-rollout] ep 91 (heldout_092): steps=60 success=False
[hybrid-rollout] ep 92 (heldout_093): steps=6 success=True
[hybrid-rollout] ep 93 (heldout_094): steps=6 success=True
[hybrid-rollout] ep 94 (heldout_095): steps=7 success=True
[hybrid-rollout] ep 95 (heldout_096): steps=60 success=False
[hybrid-rollout] ep 96 (heldout_097): steps=5 success=True
[hybrid-rollout] ep 97 (heldout_098): steps=60 success=False
[hybrid-rollout] ep 98 (heldout_099): steps=60 success=False
[hybrid-rollout] ep 99 (heldout_100): steps=60 success=False
[hybrid-rollout] ep 100 (heldout_101): steps=4 success=True
[hybrid-rollout] ep 101 (heldout_102): steps=4 success=True
[hybrid-rollout] ep 102 (heldout_103): steps=60 success=False
[hybrid-rollout] ep 103 (heldout_104): steps=6 success=True
[hybrid-rollout] ep 104 (heldout_105): steps=10 success=True
[hybrid-rollout] ep 105 (heldout_106): steps=60 success=False
[hybrid-rollout] ep 106 (heldout_107): steps=4 success=True
[hybrid-rollout] ep 107 (heldout_108): steps=4 success=True
[hybrid-rollout] ep 108 (heldout_109): steps=4 success=True
[hybrid-rollout] ep 109 (heldout_110): steps=60 success=False
[hybrid-rollout] ep 110 (heldout_111): steps=6 success=True
[hybrid-rollout] ep 111 (heldout_112): steps=60 success=False
[hybrid-rollout] ep 112 (heldout_113): steps=5 success=True
[hybrid-rollout] ep 113 (heldout_114): steps=60 success=False
[hybrid-rollout] ep 114 (heldout_115): steps=4 success=True
[hybrid-rollout] ep 115 (heldout_116): steps=5 success=True
[hybrid-rollout] ep 116 (heldout_117): steps=5 success=True
[hybrid-rollout] ep 117 (heldout_118): steps=7 success=True
[hybrid-rollout] ep 118 (heldout_119): steps=4 success=True
[hybrid-rollout] ep 119 (heldout_120): steps=60 success=False
[hybrid-rollout] ep 120 (heldout_121): steps=4 success=True
[hybrid-rollout] ep 121 (heldout_122): steps=4 success=True
[hybrid-rollout] ep 122 (heldout_123): steps=6 success=True
[hybrid-rollout] ep 123 (heldout_124): steps=60 success=False
[hybrid-rollout] ep 124 (heldout_125): steps=4 success=True
[hybrid-rollout] ep 125 (heldout_126): steps=4 success=True
[hybrid-rollout] ep 126 (heldout_127): steps=60 success=False
[hybrid-rollout] ep 127 (heldout_128): steps=7 success=True
[hybrid-rollout] ep 128 (heldout_129): steps=60 success=False
[hybrid-rollout] ep 129 (heldout_130): steps=4 success=True
[hybrid-rollout] ep 130 (heldout_131): steps=5 success=False
[hybrid-rollout] ep 131 (heldout_132): steps=4 success=True
[hybrid-rollout] ep 132 (heldout_133): steps=4 success=True
[hybrid-rollout] ep 133 (heldout_134): steps=7 success=True
[hybrid-rollout] ep 134 (heldout_135): steps=6 success=True
[hybrid-rollout] ep 135 (heldout_136): steps=5 success=True
[hybrid-rollout] ep 136 (heldout_137): steps=60 success=False
[hybrid-rollout] ep 137 (heldout_138): steps=4 success=True
[hybrid-rollout] ep 138 (heldout_139): steps=4 success=True
[hybrid-rollout] ep 139 (heldout_140): steps=5 success=True
[hybrid-rollout] ep 140 (heldout_141): steps=5 success=True
[hybrid-rollout] ep 141 (heldout_142): steps=4 success=True
[hybrid-rollout] ep 142 (heldout_143): steps=8 success=True
[hybrid-rollout] ep 143 (heldout_144): steps=4 success=True
[hybrid-rollout] ep 144 (heldout_145): steps=5 success=True
[hybrid-rollout] ep 145 (heldout_146): steps=7 success=True
[hybrid-rollout] ep 146 (heldout_147): steps=4 success=True
[hybrid-rollout] ep 147 (heldout_148): steps=60 success=False
[hybrid-rollout] ep 148 (heldout_149): steps=5 success=True
[hybrid-rollout] ep 149 (heldout_150): steps=4 success=True
[hybrid-rollout] ep 150 (heldout_151): steps=5 success=True
[hybrid-rollout] ep 151 (heldout_152): steps=6 success=True
[hybrid-rollout] ep 152 (heldout_153): steps=5 success=True
[hybrid-rollout] ep 153 (heldout_154): steps=60 success=False
[hybrid-rollout] ep 154 (heldout_155): steps=60 success=False
[hybrid-rollout] ep 155 (heldout_156): steps=8 success=True
[hybrid-rollout] ep 156 (heldout_157): steps=4 success=True
[hybrid-rollout] ep 157 (heldout_158): steps=3 success=False
[hybrid-rollout] ep 158 (heldout_159): steps=6 success=True
[hybrid-rollout] ep 159 (heldout_160): steps=60 success=False
[hybrid-rollout] ep 160 (heldout_161): steps=4 success=False
[hybrid-rollout] ep 161 (heldout_162): steps=5 success=True
[hybrid-rollout] ep 162 (heldout_163): steps=4 success=True
[hybrid-rollout] ep 163 (heldout_164): steps=4 success=True
[hybrid-rollout] ep 164 (heldout_165): steps=5 success=True
[hybrid-rollout] ep 165 (heldout_166): steps=60 success=False
[hybrid-rollout] ep 166 (heldout_167): steps=60 success=False
[hybrid-rollout] ep 167 (heldout_168): steps=4 success=True
[hybrid-rollout] ep 168 (heldout_169): steps=6 success=True
[hybrid-rollout] ep 169 (heldout_170): steps=6 success=True
[hybrid-rollout] ep 170 (heldout_171): steps=60 success=False
[hybrid-rollout] ep 171 (heldout_172): steps=60 success=False
[hybrid-rollout] ep 172 (heldout_173): steps=4 success=True
[hybrid-rollout] ep 173 (heldout_174): steps=5 success=True
[hybrid-rollout] ep 174 (heldout_175): steps=60 success=False
[hybrid-rollout] ep 175 (heldout_176): steps=6 success=True
[hybrid-rollout] ep 176 (heldout_177): steps=6 success=True
[hybrid-rollout] ep 177 (heldout_178): steps=5 success=True
[hybrid-rollout] ep 178 (heldout_179): steps=5 success=True
[hybrid-rollout] ep 179 (heldout_180): steps=4 success=True
[hybrid-rollout] ep 180 (heldout_181): steps=5 success=True
[hybrid-rollout] ep 181 (heldout_182): steps=4 success=True
[hybrid-rollout] ep 182 (heldout_183): steps=5 success=True
[hybrid-rollout] ep 183 (heldout_184): steps=7 success=True
[hybrid-rollout] ep 184 (heldout_185): steps=5 success=True
[hybrid-rollout] ep 185 (heldout_186): steps=4 success=True
[hybrid-rollout] ep 186 (heldout_187): steps=5 success=True
[hybrid-rollout] ep 187 (heldout_188): steps=5 success=True
[hybrid-rollout] ep 188 (heldout_189): steps=60 success=False
[hybrid-rollout] ep 189 (heldout_190): steps=7 success=True
[hybrid-rollout] ep 190 (heldout_191): steps=4 success=True
[hybrid-rollout] ep 191 (heldout_192): steps=5 success=True
[hybrid-rollout] ep 192 (heldout_193): steps=60 success=False
[hybrid-rollout] ep 193 (heldout_194): steps=6 success=True
[hybrid-rollout] ep 194 (heldout_195): steps=5 success=True
[hybrid-rollout] ep 195 (heldout_196): steps=2 success=False
[hybrid-rollout] ep 196 (heldout_197): steps=2 success=False
[hybrid-rollout] ep 197 (heldout_198): steps=4 success=True
[hybrid-rollout] ep 198 (heldout_199): steps=4 success=True
[hybrid-rollout] ep 199 (heldout_200): steps=4 success=True
[hybrid-rollout] DONE successes=147/200
[16:12:37] [replay_p4] run 6 round 11: extras=11 heldout_sr=0.735
[16:12:37] [replay_p4] $ /home/s226137394/.conda/envs/maze/bin/python3 -u -m Equivariant_pathway.equivariant_CNN_hybrid.baseline_vs_p4.pool_x_selector.trainer.finetune_replay --demo_dir /weka/s226137394/DmNfull/Equivariant_pathway/equivariant_CNN_hybrid/baseline_vs_p4/pool_x_selector/results/run_6/p4_top3_rotate_e90/demos --checkpoint_dir /weka/s226137394/DmNfull/Equivariant_pathway/equivariant_CNN_hybrid/baseline_vs_p4/pool_x_selector/results/run_6/p4_top3_rotate_e90/checkpoints --epochs 90 --batch_size 64 --lr 5e-05 --weight_decay 0.0001 --replay_mix 0.5 --replay_mix_floor 0.2 --seed 6 --resume --new_demos_dir /weka/s226137394/DmNfull/Equivariant_pathway/equivariant_CNN_hybrid/baseline_vs_p4/pool_x_selector/results/run_6/p4_top3_rotate_e90/demos/round_012
[finetune_replay] device=cuda demo_dir=/weka/s226137394/DmNfull/Equivariant_pathway/equivariant_CNN_hybrid/baseline_vs_p4/pool_x_selector/results/run_6/p4_top3_rotate_e90/demos new_demos_dir=/weka/s226137394/DmNfull/Equivariant_pathway/equivariant_CNN_hybrid/baseline_vs_p4/pool_x_selector/results/run_6/p4_top3_rotate_e90/demos/round_012
[hybrid-dataset] 31 demos -> 165 samples
[hybrid-dataset] 1 demos -> 4 samples
[finetune_replay] sampler audit: {'n_old_samples': 165, 'n_new_samples': 4, 'replay_mix_target': 0.5, 'replay_mix_effective': 0.5, 'replay_mix_floor': 0.2}
[finetune_replay] trainable params: 1,400,028
[finetune_replay] WARM START from last_hybrid_policy.pth
[finetune_replay] ep   1/90 | train loss=0.0662 top1=0.967 | val loss=0.0014 | t=0.9s  *
[finetune_replay] ep   2/90 | train loss=0.0205 top1=1.000 | val loss=0.0014 | t=0.2s
[finetune_replay] ep   3/90 | train loss=0.0047 top1=1.000 | val loss=0.0009 | t=0.2s  *
[finetune_replay] ep   4/90 | train loss=0.0030 top1=1.000 | val loss=0.0008 | t=0.2s  *
[finetune_replay] ep   5/90 | train loss=0.0029 top1=1.000 | val loss=0.0014 | t=0.1s
[finetune_replay] ep   6/90 | train loss=0.0021 top1=1.000 | val loss=0.0006 | t=0.2s  *
[finetune_replay] ep   7/90 | train loss=0.0025 top1=1.000 | val loss=0.0043 | t=0.1s
[finetune_replay] ep   8/90 | train loss=0.0038 top1=1.000 | val loss=0.0009 | t=0.1s
[finetune_replay] ep   9/90 | train loss=0.0012 top1=1.000 | val loss=0.0019 | t=0.1s
[finetune_replay] ep  10/90 | train loss=0.0013 top1=1.000 | val loss=0.0014 | t=0.1s
[finetune_replay] ep  11/90 | train loss=0.0010 top1=1.000 | val loss=0.0006 | t=0.1s  *
[finetune_replay] ep  12/90 | train loss=0.0012 top1=1.000 | val loss=0.0007 | t=0.1s
[finetune_replay] ep  13/90 | train loss=0.0008 top1=1.000 | val loss=0.0009 | t=0.1s
[finetune_replay] ep  14/90 | train loss=0.0009 top1=1.000 | val loss=0.0004 | t=0.1s  *
[finetune_replay] ep  15/90 | train loss=0.0006 top1=1.000 | val loss=0.0004 | t=0.1s  *
[finetune_replay] ep  16/90 | train loss=0.0009 top1=1.000 | val loss=0.0005 | t=0.1s
[finetune_replay] ep  17/90 | train loss=0.0009 top1=1.000 | val loss=0.0007 | t=0.1s
[finetune_replay] ep  18/90 | train loss=0.0008 top1=1.000 | val loss=0.0004 | t=0.1s  *
[finetune_replay] ep  19/90 | train loss=0.0007 top1=1.000 | val loss=0.0004 | t=0.1s  *
[finetune_replay] ep  20/90 | train loss=0.0006 top1=1.000 | val loss=0.0003 | t=0.1s  *
[finetune_replay] ep  21/90 | train loss=0.0006 top1=1.000 | val loss=0.0004 | t=0.1s
[finetune_replay] ep  22/90 | train loss=0.0007 top1=1.000 | val loss=0.0006 | t=0.1s
[finetune_replay] ep  23/90 | train loss=0.0007 top1=1.000 | val loss=0.0005 | t=0.1s
[finetune_replay] ep  24/90 | train loss=0.0006 top1=1.000 | val loss=0.0005 | t=0.1s
[finetune_replay] ep  25/90 | train loss=0.0006 top1=1.000 | val loss=0.0004 | t=0.1s
[finetune_replay] ep  26/90 | train loss=0.0004 top1=1.000 | val loss=0.0005 | t=0.1s
[finetune_replay] ep  27/90 | train loss=0.0005 top1=1.000 | val loss=0.0004 | t=0.1s
[finetune_replay] ep  28/90 | train loss=0.0004 top1=1.000 | val loss=0.0005 | t=0.1s
[finetune_replay] ep  29/90 | train loss=0.0005 top1=1.000 | val loss=0.0005 | t=0.1s
[finetune_replay] ep  30/90 | train loss=0.0004 top1=1.000 | val loss=0.0004 | t=0.1s
[finetune_replay] ep  31/90 | train loss=0.0004 top1=1.000 | val loss=0.0004 | t=0.1s
[finetune_replay] ep  32/90 | train loss=0.0004 top1=1.000 | val loss=0.0005 | t=0.1s
[finetune_replay] ep  33/90 | train loss=0.0003 top1=1.000 | val loss=0.0005 | t=0.2s
[finetune_replay] ep  34/90 | train loss=0.0004 top1=1.000 | val loss=0.0004 | t=0.1s
[finetune_replay] ep  35/90 | train loss=0.0003 top1=1.000 | val loss=0.0004 | t=0.1s
[finetune_replay] ep  36/90 | train loss=0.0004 top1=1.000 | val loss=0.0004 | t=0.1s
[finetune_replay] ep  37/90 | train loss=0.0003 top1=1.000 | val loss=0.0004 | t=0.1s
[finetune_replay] ep  38/90 | train loss=0.0004 top1=1.000 | val loss=0.0004 | t=0.1s
[finetune_replay] ep  39/90 | train loss=0.0004 top1=1.000 | val loss=0.0005 | t=0.1s
[finetune_replay] ep  40/90 | train loss=0.0003 top1=1.000 | val loss=0.0005 | t=0.1s
[finetune_replay] ep  41/90 | train loss=0.0004 top1=1.000 | val loss=0.0005 | t=0.1s
[finetune_replay] ep  42/90 | train loss=0.0003 top1=1.000 | val loss=0.0005 | t=0.1s
[finetune_replay] ep  43/90 | train loss=0.0003 top1=1.000 | val loss=0.0004 | t=0.1s
[finetune_replay] ep  44/90 | train loss=0.0003 top1=1.000 | val loss=0.0004 | t=0.1s
[finetune_replay] ep  45/90 | train loss=0.0004 top1=1.000 | val loss=0.0004 | t=0.1s
[finetune_replay] ep  46/90 | train loss=0.0003 top1=1.000 | val loss=0.0004 | t=0.1s
[finetune_replay] ep  47/90 | train loss=0.0004 top1=1.000 | val loss=0.0003 | t=0.1s  *
[finetune_replay] ep  48/90 | train loss=0.0003 top1=1.000 | val loss=0.0003 | t=0.1s
[finetune_replay] ep  49/90 | train loss=0.0003 top1=1.000 | val loss=0.0004 | t=0.1s
[finetune_replay] ep  50/90 | train loss=0.0004 top1=1.000 | val loss=0.0004 | t=0.1s
[finetune_replay] ep  51/90 | train loss=0.0003 top1=1.000 | val loss=0.0004 | t=0.1s
[finetune_replay] ep  52/90 | train loss=0.0004 top1=1.000 | val loss=0.0004 | t=0.1s
[finetune_replay] ep  53/90 | train loss=0.0003 top1=1.000 | val loss=0.0004 | t=0.1s
[finetune_replay] ep  54/90 | train loss=0.0004 top1=1.000 | val loss=0.0004 | t=0.1s
[finetune_replay] ep  55/90 | train loss=0.0004 top1=1.000 | val loss=0.0004 | t=0.1s
[finetune_replay] ep  56/90 | train loss=0.0003 top1=1.000 | val loss=0.0004 | t=0.1s
[finetune_replay] ep  57/90 | train loss=0.0002 top1=1.000 | val loss=0.0004 | t=0.1s
[finetune_replay] ep  58/90 | train loss=0.0003 top1=1.000 | val loss=0.0004 | t=0.1s
[finetune_replay] ep  59/90 | train loss=0.0003 top1=1.000 | val loss=0.0004 | t=0.1s
[finetune_replay] ep  60/90 | train loss=0.0003 top1=1.000 | val loss=0.0004 | t=0.1s
[finetune_replay] ep  61/90 | train loss=0.0002 top1=1.000 | val loss=0.0004 | t=0.1s
[finetune_replay] ep  62/90 | train loss=0.0003 top1=1.000 | val loss=0.0004 | t=0.1s
[finetune_replay] ep  63/90 | train loss=0.0004 top1=1.000 | val loss=0.0003 | t=0.1s
[finetune_replay] ep  64/90 | train loss=0.0002 top1=1.000 | val loss=0.0003 | t=0.1s
[finetune_replay] ep  65/90 | train loss=0.0003 top1=1.000 | val loss=0.0003 | t=0.1s
[finetune_replay] ep  66/90 | train loss=0.0004 top1=1.000 | val loss=0.0003 | t=0.1s  *
[finetune_replay] ep  67/90 | train loss=0.0002 top1=1.000 | val loss=0.0003 | t=0.1s  *
[finetune_replay] ep  68/90 | train loss=0.0003 top1=1.000 | val loss=0.0003 | t=0.1s  *
[finetune_replay] ep  69/90 | train loss=0.0003 top1=1.000 | val loss=0.0003 | t=0.1s
[finetune_replay] ep  70/90 | train loss=0.0003 top1=1.000 | val loss=0.0003 | t=0.1s
[finetune_replay] ep  71/90 | train loss=0.0003 top1=1.000 | val loss=0.0003 | t=0.1s
[finetune_replay] ep  72/90 | train loss=0.0003 top1=1.000 | val loss=0.0003 | t=0.1s
[finetune_replay] ep  73/90 | train loss=0.0003 top1=1.000 | val loss=0.0003 | t=0.1s
[finetune_replay] ep  74/90 | train loss=0.0003 top1=1.000 | val loss=0.0003 | t=0.1s
[finetune_replay] ep  75/90 | train loss=0.0003 top1=1.000 | val loss=0.0003 | t=0.1s
[finetune_replay] ep  76/90 | train loss=0.0003 top1=1.000 | val loss=0.0003 | t=0.1s
[finetune_replay] ep  77/90 | train loss=0.0003 top1=1.000 | val loss=0.0004 | t=0.1s
[finetune_replay] ep  78/90 | train loss=0.0002 top1=1.000 | val loss=0.0004 | t=0.1s
[finetune_replay] ep  79/90 | train loss=0.0002 top1=1.000 | val loss=0.0004 | t=0.1s
[finetune_replay] ep  80/90 | train loss=0.0002 top1=1.000 | val loss=0.0004 | t=0.1s
[finetune_replay] ep  81/90 | train loss=0.0003 top1=1.000 | val loss=0.0003 | t=0.1s
[finetune_replay] ep  82/90 | train loss=0.0003 top1=1.000 | val loss=0.0004 | t=0.1s
[finetune_replay] ep  83/90 | train loss=0.0002 top1=1.000 | val loss=0.0003 | t=0.1s
[finetune_replay] ep  84/90 | train loss=0.0002 top1=1.000 | val loss=0.0003 | t=0.1s
[finetune_replay] ep  85/90 | train loss=0.0002 top1=1.000 | val loss=0.0003 | t=0.1s
[finetune_replay] ep  86/90 | train loss=0.0002 top1=1.000 | val loss=0.0004 | t=0.1s
[finetune_replay] ep  87/90 | train loss=0.0003 top1=1.000 | val loss=0.0004 | t=0.1s
[finetune_replay] ep  88/90 | train loss=0.0003 top1=1.000 | val loss=0.0004 | t=0.1s
[finetune_replay] ep  89/90 | train loss=0.0003 top1=1.000 | val loss=0.0004 | t=0.1s
[finetune_replay] ep  90/90 | train loss=0.0002 top1=1.000 | val loss=0.0003 | t=0.1s
[finetune_replay] DONE best_val_loss=0.0003 @ epoch 68
[16:13:03] [bo-budget] $ /home/s226137394/.conda/envs/maze/bin/python3 -u -m Equivariant_pathway.equivariant_CNN_hybrid.rollout_test --checkpoint /weka/s226137394/DmNfull/Equivariant_pathway/equivariant_CNN_hybrid/baseline_vs_p4/pool_x_selector/results/run_6/p4_top3_rotate_e90/checkpoints/best_hybrid_policy.pth --layouts /weka/s226137394/DmNfull/Equivariant_pathway/equivariant_CNN_hybrid/baseline_vs_p4/shared/heldout_layouts.yaml --out_dir /weka/s226137394/DmNfull/Equivariant_pathway/equivariant_CNN_hybrid/baseline_vs_p4/pool_x_selector/results/run_6/p4_top3_rotate_e90/results/eval_round_012 --seed 18 --max_steps 60
[hybrid-rollout] 200 unique; running 200 eps
[hybrid-rollout] loaded /weka/s226137394/DmNfull/Equivariant_pathway/equivariant_CNN_hybrid/baseline_vs_p4/pool_x_selector/results/run_6/p4_top3_rotate_e90/checkpoints/best_hybrid_policy.pth
[hybrid-rollout] ep 0 (heldout_001): steps=5 success=True
[hybrid-rollout] ep 1 (heldout_002): steps=4 success=True
[hybrid-rollout] ep 2 (heldout_003): steps=4 success=True
[hybrid-rollout] ep 3 (heldout_004): steps=6 success=True
[hybrid-rollout] ep 4 (heldout_005): steps=5 success=True
[hybrid-rollout] ep 5 (heldout_006): steps=3 success=False
[hybrid-rollout] ep 6 (heldout_007): steps=5 success=True
[hybrid-rollout] ep 7 (heldout_008): steps=4 success=True
[hybrid-rollout] ep 8 (heldout_009): steps=6 success=True
[hybrid-rollout] ep 9 (heldout_010): steps=8 success=True
[hybrid-rollout] ep 10 (heldout_011): steps=4 success=True
[hybrid-rollout] ep 11 (heldout_012): steps=4 success=True
[hybrid-rollout] ep 12 (heldout_013): steps=5 success=True
[hybrid-rollout] ep 13 (heldout_014): steps=5 success=True
[hybrid-rollout] ep 14 (heldout_015): steps=4 success=True
[hybrid-rollout] ep 15 (heldout_016): steps=5 success=True
[hybrid-rollout] ep 16 (heldout_017): steps=4 success=True
[hybrid-rollout] ep 17 (heldout_018): steps=60 success=False
[hybrid-rollout] ep 18 (heldout_019): steps=5 success=True
[hybrid-rollout] ep 19 (heldout_020): steps=5 success=True
[hybrid-rollout] ep 20 (heldout_021): steps=4 success=True
[hybrid-rollout] ep 21 (heldout_022): steps=4 success=True
[hybrid-rollout] ep 22 (heldout_023): steps=7 success=True
[hybrid-rollout] ep 23 (heldout_024): steps=60 success=False
[hybrid-rollout] ep 24 (heldout_025): steps=4 success=True
[hybrid-rollout] ep 25 (heldout_026): steps=4 success=True
[hybrid-rollout] ep 26 (heldout_027): steps=4 success=True
[hybrid-rollout] ep 27 (heldout_028): steps=4 success=True
[hybrid-rollout] ep 28 (heldout_029): steps=7 success=True
[hybrid-rollout] ep 29 (heldout_030): steps=60 success=False
[hybrid-rollout] ep 30 (heldout_031): steps=5 success=True
[hybrid-rollout] ep 31 (heldout_032): steps=7 success=True
[hybrid-rollout] ep 32 (heldout_033): steps=4 success=True
[hybrid-rollout] ep 33 (heldout_034): steps=5 success=True
[hybrid-rollout] ep 34 (heldout_035): steps=6 success=True
[hybrid-rollout] ep 35 (heldout_036): steps=5 success=True
[hybrid-rollout] ep 36 (heldout_037): steps=4 success=True
[hybrid-rollout] ep 37 (heldout_038): steps=5 success=True
[hybrid-rollout] ep 38 (heldout_039): steps=6 success=True
[hybrid-rollout] ep 39 (heldout_040): steps=5 success=True
[hybrid-rollout] ep 40 (heldout_041): steps=60 success=False
[hybrid-rollout] ep 41 (heldout_042): steps=4 success=True
[hybrid-rollout] ep 42 (heldout_043): steps=4 success=True
[hybrid-rollout] ep 43 (heldout_044): steps=5 success=True
[hybrid-rollout] ep 44 (heldout_045): steps=5 success=True
[hybrid-rollout] ep 45 (heldout_046): steps=4 success=True
[hybrid-rollout] ep 46 (heldout_047): steps=4 success=True
[hybrid-rollout] ep 47 (heldout_048): steps=6 success=True
[hybrid-rollout] ep 48 (heldout_049): steps=5 success=True
[hybrid-rollout] ep 49 (heldout_050): steps=4 success=True
[hybrid-rollout] ep 50 (heldout_051): steps=4 success=True
[hybrid-rollout] ep 51 (heldout_052): steps=4 success=True
[hybrid-rollout] ep 52 (heldout_053): steps=6 success=True
[hybrid-rollout] ep 53 (heldout_054): steps=4 success=True
[hybrid-rollout] ep 54 (heldout_055): steps=60 success=False
[hybrid-rollout] ep 55 (heldout_056): steps=4 success=True
[hybrid-rollout] ep 56 (heldout_057): steps=4 success=True
[hybrid-rollout] ep 57 (heldout_058): steps=4 success=True
[hybrid-rollout] ep 58 (heldout_059): steps=5 success=True
[hybrid-rollout] ep 59 (heldout_060): steps=6 success=True
[hybrid-rollout] ep 60 (heldout_061): steps=5 success=True
[hybrid-rollout] ep 61 (heldout_062): steps=6 success=True
[hybrid-rollout] ep 62 (heldout_063): steps=5 success=True
[hybrid-rollout] ep 63 (heldout_064): steps=4 success=True
[hybrid-rollout] ep 64 (heldout_065): steps=7 success=True
[hybrid-rollout] ep 65 (heldout_066): steps=6 success=True
[hybrid-rollout] ep 66 (heldout_067): steps=5 success=True
[hybrid-rollout] ep 67 (heldout_068): steps=4 success=True
[hybrid-rollout] ep 68 (heldout_069): steps=4 success=True
[hybrid-rollout] ep 69 (heldout_070): steps=7 success=True
[hybrid-rollout] ep 70 (heldout_071): steps=5 success=True
[hybrid-rollout] ep 71 (heldout_072): steps=5 success=True
[hybrid-rollout] ep 72 (heldout_073): steps=3 success=False
[hybrid-rollout] ep 73 (heldout_074): steps=4 success=True
[hybrid-rollout] ep 74 (heldout_075): steps=5 success=True
[hybrid-rollout] ep 75 (heldout_076): steps=7 success=True
[hybrid-rollout] ep 76 (heldout_077): steps=4 success=True
[hybrid-rollout] ep 77 (heldout_078): steps=3 success=False
[hybrid-rollout] ep 78 (heldout_079): steps=4 success=True
[hybrid-rollout] ep 79 (heldout_080): steps=4 success=True
[hybrid-rollout] ep 80 (heldout_081): steps=5 success=True
[hybrid-rollout] ep 81 (heldout_082): steps=5 success=True
[hybrid-rollout] ep 82 (heldout_083): steps=4 success=True
[hybrid-rollout] ep 83 (heldout_084): steps=5 success=True
[hybrid-rollout] ep 84 (heldout_085): steps=60 success=False
[hybrid-rollout] ep 85 (heldout_086): steps=6 success=True
[hybrid-rollout] ep 86 (heldout_087): steps=7 success=True
[hybrid-rollout] ep 87 (heldout_088): steps=4 success=True
[hybrid-rollout] ep 88 (heldout_089): steps=3 success=False
[hybrid-rollout] ep 89 (heldout_090): steps=4 success=True
[hybrid-rollout] ep 90 (heldout_091): steps=5 success=True
[hybrid-rollout] ep 91 (heldout_092): steps=5 success=True
[hybrid-rollout] ep 92 (heldout_093): steps=6 success=True
[hybrid-rollout] ep 93 (heldout_094): steps=6 success=True
[hybrid-rollout] ep 94 (heldout_095): steps=7 success=True
[hybrid-rollout] ep 95 (heldout_096): steps=5 success=True
[hybrid-rollout] ep 96 (heldout_097): steps=5 success=True
[hybrid-rollout] ep 97 (heldout_098): steps=5 success=True
[hybrid-rollout] ep 98 (heldout_099): steps=6 success=True
[hybrid-rollout] ep 99 (heldout_100): steps=60 success=False
[hybrid-rollout] ep 100 (heldout_101): steps=4 success=True
[hybrid-rollout] ep 101 (heldout_102): steps=4 success=True
[hybrid-rollout] ep 102 (heldout_103): steps=60 success=False
[hybrid-rollout] ep 103 (heldout_104): steps=6 success=True
[hybrid-rollout] ep 104 (heldout_105): steps=6 success=True
[hybrid-rollout] ep 105 (heldout_106): steps=6 success=True
[hybrid-rollout] ep 106 (heldout_107): steps=4 success=True
[hybrid-rollout] ep 107 (heldout_108): steps=4 success=True
[hybrid-rollout] ep 108 (heldout_109): steps=4 success=True
[hybrid-rollout] ep 109 (heldout_110): steps=60 success=False
[hybrid-rollout] ep 110 (heldout_111): steps=6 success=True
[hybrid-rollout] ep 111 (heldout_112): steps=5 success=True
[hybrid-rollout] ep 112 (heldout_113): steps=5 success=True
[hybrid-rollout] ep 113 (heldout_114): steps=60 success=False
[hybrid-rollout] ep 114 (heldout_115): steps=4 success=True
[hybrid-rollout] ep 115 (heldout_116): steps=5 success=True
[hybrid-rollout] ep 116 (heldout_117): steps=5 success=True
[hybrid-rollout] ep 117 (heldout_118): steps=9 success=True
[hybrid-rollout] ep 118 (heldout_119): steps=4 success=True
[hybrid-rollout] ep 119 (heldout_120): steps=7 success=True
[hybrid-rollout] ep 120 (heldout_121): steps=4 success=True
[hybrid-rollout] ep 121 (heldout_122): steps=4 success=True
[hybrid-rollout] ep 122 (heldout_123): steps=6 success=True
[hybrid-rollout] ep 123 (heldout_124): steps=8 success=True
[hybrid-rollout] ep 124 (heldout_125): steps=4 success=True
[hybrid-rollout] ep 125 (heldout_126): steps=4 success=True
[hybrid-rollout] ep 126 (heldout_127): steps=4 success=False
[hybrid-rollout] ep 127 (heldout_128): steps=7 success=True
[hybrid-rollout] ep 128 (heldout_129): steps=60 success=False
[hybrid-rollout] ep 129 (heldout_130): steps=4 success=True
[hybrid-rollout] ep 130 (heldout_131): steps=5 success=False
[hybrid-rollout] ep 131 (heldout_132): steps=4 success=True
[hybrid-rollout] ep 132 (heldout_133): steps=4 success=True
[hybrid-rollout] ep 133 (heldout_134): steps=60 success=False
[hybrid-rollout] ep 134 (heldout_135): steps=6 success=True
[hybrid-rollout] ep 135 (heldout_136): steps=5 success=True
[hybrid-rollout] ep 136 (heldout_137): steps=60 success=False
[hybrid-rollout] ep 137 (heldout_138): steps=4 success=True
[hybrid-rollout] ep 138 (heldout_139): steps=4 success=True
[hybrid-rollout] ep 139 (heldout_140): steps=5 success=True
[hybrid-rollout] ep 140 (heldout_141): steps=5 success=True
[hybrid-rollout] ep 141 (heldout_142): steps=4 success=True
[hybrid-rollout] ep 142 (heldout_143): steps=6 success=True
[hybrid-rollout] ep 143 (heldout_144): steps=4 success=True
[hybrid-rollout] ep 144 (heldout_145): steps=5 success=True
[hybrid-rollout] ep 145 (heldout_146): steps=7 success=True
[hybrid-rollout] ep 146 (heldout_147): steps=4 success=True
[hybrid-rollout] ep 147 (heldout_148): steps=60 success=False
[hybrid-rollout] ep 148 (heldout_149): steps=5 success=True
[hybrid-rollout] ep 149 (heldout_150): steps=4 success=True
[hybrid-rollout] ep 150 (heldout_151): steps=5 success=True
[hybrid-rollout] ep 151 (heldout_152): steps=6 success=True
[hybrid-rollout] ep 152 (heldout_153): steps=5 success=True
[hybrid-rollout] ep 153 (heldout_154): steps=60 success=False
[hybrid-rollout] ep 154 (heldout_155): steps=6 success=True
[hybrid-rollout] ep 155 (heldout_156): steps=4 success=False
[hybrid-rollout] ep 156 (heldout_157): steps=4 success=True
[hybrid-rollout] ep 157 (heldout_158): steps=3 success=False
[hybrid-rollout] ep 158 (heldout_159): steps=6 success=True
[hybrid-rollout] ep 159 (heldout_160): steps=4 success=True
[hybrid-rollout] ep 160 (heldout_161): steps=60 success=False
[hybrid-rollout] ep 161 (heldout_162): steps=5 success=True
[hybrid-rollout] ep 162 (heldout_163): steps=4 success=True
[hybrid-rollout] ep 163 (heldout_164): steps=4 success=True
[hybrid-rollout] ep 164 (heldout_165): steps=5 success=True
[hybrid-rollout] ep 165 (heldout_166): steps=60 success=False
[hybrid-rollout] ep 166 (heldout_167): steps=4 success=True
[hybrid-rollout] ep 167 (heldout_168): steps=4 success=True
[hybrid-rollout] ep 168 (heldout_169): steps=6 success=True
[hybrid-rollout] ep 169 (heldout_170): steps=5 success=False
[hybrid-rollout] ep 170 (heldout_171): steps=4 success=True
[hybrid-rollout] ep 171 (heldout_172): steps=5 success=True
[hybrid-rollout] ep 172 (heldout_173): steps=4 success=True
[hybrid-rollout] ep 173 (heldout_174): steps=5 success=True
[hybrid-rollout] ep 174 (heldout_175): steps=5 success=True
[hybrid-rollout] ep 175 (heldout_176): steps=6 success=True
[hybrid-rollout] ep 176 (heldout_177): steps=6 success=True
[hybrid-rollout] ep 177 (heldout_178): steps=5 success=True
[hybrid-rollout] ep 178 (heldout_179): steps=5 success=True
[hybrid-rollout] ep 179 (heldout_180): steps=4 success=True
[hybrid-rollout] ep 180 (heldout_181): steps=5 success=True
[hybrid-rollout] ep 181 (heldout_182): steps=4 success=True
[hybrid-rollout] ep 182 (heldout_183): steps=5 success=True
[hybrid-rollout] ep 183 (heldout_184): steps=7 success=True
[hybrid-rollout] ep 184 (heldout_185): steps=5 success=True
[hybrid-rollout] ep 185 (heldout_186): steps=4 success=True
[hybrid-rollout] ep 186 (heldout_187): steps=5 success=True
[hybrid-rollout] ep 187 (heldout_188): steps=5 success=True
[hybrid-rollout] ep 188 (heldout_189): steps=60 success=False
[hybrid-rollout] ep 189 (heldout_190): steps=7 success=True
[hybrid-rollout] ep 190 (heldout_191): steps=4 success=True
[hybrid-rollout] ep 191 (heldout_192): steps=5 success=True
[hybrid-rollout] ep 192 (heldout_193): steps=60 success=False
[hybrid-rollout] ep 193 (heldout_194): steps=6 success=True
[hybrid-rollout] ep 194 (heldout_195): steps=5 success=True
[hybrid-rollout] ep 195 (heldout_196): steps=4 success=True
[hybrid-rollout] ep 196 (heldout_197): steps=5 success=True
[hybrid-rollout] ep 197 (heldout_198): steps=4 success=True
[hybrid-rollout] ep 198 (heldout_199): steps=4 success=True
[hybrid-rollout] ep 199 (heldout_200): steps=4 success=True
[hybrid-rollout] DONE successes=172/200
[16:14:09] [replay_p4] run 6 round 12: extras=12 heldout_sr=0.860
[16:14:09] [replay_p4] $ /home/s226137394/.conda/envs/maze/bin/python3 -u -m Equivariant_pathway.equivariant_CNN_hybrid.baseline_vs_p4.pool_x_selector.trainer.finetune_replay --demo_dir /weka/s226137394/DmNfull/Equivariant_pathway/equivariant_CNN_hybrid/baseline_vs_p4/pool_x_selector/results/run_6/p4_top3_rotate_e90/demos --checkpoint_dir /weka/s226137394/DmNfull/Equivariant_pathway/equivariant_CNN_hybrid/baseline_vs_p4/pool_x_selector/results/run_6/p4_top3_rotate_e90/checkpoints --epochs 90 --batch_size 64 --lr 5e-05 --weight_decay 0.0001 --replay_mix 0.5 --replay_mix_floor 0.2 --seed 6 --resume --new_demos_dir /weka/s226137394/DmNfull/Equivariant_pathway/equivariant_CNN_hybrid/baseline_vs_p4/pool_x_selector/results/run_6/p4_top3_rotate_e90/demos/round_013
[finetune_replay] device=cuda demo_dir=/weka/s226137394/DmNfull/Equivariant_pathway/equivariant_CNN_hybrid/baseline_vs_p4/pool_x_selector/results/run_6/p4_top3_rotate_e90/demos new_demos_dir=/weka/s226137394/DmNfull/Equivariant_pathway/equivariant_CNN_hybrid/baseline_vs_p4/pool_x_selector/results/run_6/p4_top3_rotate_e90/demos/round_013
[hybrid-dataset] 32 demos -> 169 samples
[hybrid-dataset] 1 demos -> 6 samples
[finetune_replay] sampler audit: {'n_old_samples': 169, 'n_new_samples': 6, 'replay_mix_target': 0.5, 'replay_mix_effective': 0.5, 'replay_mix_floor': 0.2}
[finetune_replay] trainable params: 1,400,028
[finetune_replay] WARM START from last_hybrid_policy.pth
[finetune_replay] ep   1/90 | train loss=0.1182 top1=1.000 | val loss=0.0633 | t=0.9s  *
[finetune_replay] ep   2/90 | train loss=0.0185 top1=1.000 | val loss=0.0042 | t=0.3s  *
[finetune_replay] ep   3/90 | train loss=0.0220 top1=1.000 | val loss=0.0028 | t=0.2s  *
[finetune_replay] ep   4/90 | train loss=0.0092 top1=1.000 | val loss=0.0050 | t=0.1s
[finetune_replay] ep   5/90 | train loss=0.0064 top1=1.000 | val loss=0.0066 | t=0.1s
[finetune_replay] ep   6/90 | train loss=0.0019 top1=1.000 | val loss=0.0129 | t=0.1s
[finetune_replay] ep   7/90 | train loss=0.0032 top1=1.000 | val loss=0.0053 | t=0.2s
[finetune_replay] ep   8/90 | train loss=0.0020 top1=1.000 | val loss=0.0019 | t=0.2s  *
[finetune_replay] ep   9/90 | train loss=0.0013 top1=1.000 | val loss=0.0016 | t=0.1s  *
[finetune_replay] ep  10/90 | train loss=0.0012 top1=1.000 | val loss=0.0013 | t=0.1s  *
[finetune_replay] ep  11/90 | train loss=0.0007 top1=1.000 | val loss=0.0018 | t=0.1s
[finetune_replay] ep  12/90 | train loss=0.0011 top1=1.000 | val loss=0.0014 | t=0.1s
[finetune_replay] ep  13/90 | train loss=0.0007 top1=1.000 | val loss=0.0010 | t=0.1s  *
[finetune_replay] ep  14/90 | train loss=0.0008 top1=1.000 | val loss=0.0010 | t=0.1s
[finetune_replay] ep  15/90 | train loss=0.0012 top1=1.000 | val loss=0.0012 | t=0.1s
[finetune_replay] ep  16/90 | train loss=0.0010 top1=1.000 | val loss=0.0011 | t=0.1s
[finetune_replay] ep  17/90 | train loss=0.0006 top1=1.000 | val loss=0.0010 | t=0.1s  *
[finetune_replay] ep  18/90 | train loss=0.0007 top1=1.000 | val loss=0.0010 | t=0.1s  *
[finetune_replay] ep  19/90 | train loss=0.0005 top1=1.000 | val loss=0.0010 | t=0.1s
[finetune_replay] ep  20/90 | train loss=0.0006 top1=1.000 | val loss=0.0010 | t=0.1s
[finetune_replay] ep  21/90 | train loss=0.0005 top1=1.000 | val loss=0.0009 | t=0.1s  *
[finetune_replay] ep  22/90 | train loss=0.0006 top1=1.000 | val loss=0.0009 | t=0.1s  *
[finetune_replay] ep  23/90 | train loss=0.0005 top1=1.000 | val loss=0.0009 | t=0.1s  *
[finetune_replay] ep  24/90 | train loss=0.0004 top1=1.000 | val loss=0.0009 | t=0.1s
[finetune_replay] ep  25/90 | train loss=0.0004 top1=1.000 | val loss=0.0009 | t=0.1s
[finetune_replay] ep  26/90 | train loss=0.0004 top1=1.000 | val loss=0.0009 | t=0.1s
[finetune_replay] ep  27/90 | train loss=0.0004 top1=1.000 | val loss=0.0008 | t=0.1s  *
[finetune_replay] ep  28/90 | train loss=0.0004 top1=1.000 | val loss=0.0008 | t=0.1s
[finetune_replay] ep  29/90 | train loss=0.0004 top1=1.000 | val loss=0.0008 | t=0.1s
[finetune_replay] ep  30/90 | train loss=0.0004 top1=1.000 | val loss=0.0009 | t=0.2s
[finetune_replay] ep  31/90 | train loss=0.0005 top1=1.000 | val loss=0.0009 | t=0.1s
[finetune_replay] ep  32/90 | train loss=0.0004 top1=1.000 | val loss=0.0008 | t=0.1s
[finetune_replay] ep  33/90 | train loss=0.0005 top1=1.000 | val loss=0.0008 | t=0.1s  *
[finetune_replay] ep  34/90 | train loss=0.0004 top1=1.000 | val loss=0.0008 | t=0.1s  *
[finetune_replay] ep  35/90 | train loss=0.0004 top1=1.000 | val loss=0.0008 | t=0.1s
[finetune_replay] ep  36/90 | train loss=0.0004 top1=1.000 | val loss=0.0008 | t=0.1s  *
[finetune_replay] ep  37/90 | train loss=0.0004 top1=1.000 | val loss=0.0008 | t=0.1s
[finetune_replay] ep  38/90 | train loss=0.0004 top1=1.000 | val loss=0.0008 | t=0.1s
[finetune_replay] ep  39/90 | train loss=0.0004 top1=1.000 | val loss=0.0008 | t=0.1s  *
[finetune_replay] ep  40/90 | train loss=0.0004 top1=1.000 | val loss=0.0008 | t=0.1s  *
[finetune_replay] ep  41/90 | train loss=0.0004 top1=1.000 | val loss=0.0008 | t=0.1s
[finetune_replay] ep  42/90 | train loss=0.0004 top1=1.000 | val loss=0.0008 | t=0.1s
[finetune_replay] ep  43/90 | train loss=0.0004 top1=1.000 | val loss=0.0008 | t=0.1s
[finetune_replay] ep  44/90 | train loss=0.0004 top1=1.000 | val loss=0.0008 | t=0.1s  *
[finetune_replay] ep  45/90 | train loss=0.0004 top1=1.000 | val loss=0.0008 | t=0.1s
[finetune_replay] ep  46/90 | train loss=0.0003 top1=1.000 | val loss=0.0008 | t=0.1s
[finetune_replay] ep  47/90 | train loss=0.0003 top1=1.000 | val loss=0.0008 | t=0.1s  *
[finetune_replay] ep  48/90 | train loss=0.0003 top1=1.000 | val loss=0.0008 | t=0.1s  *
[finetune_replay] ep  49/90 | train loss=0.0003 top1=1.000 | val loss=0.0008 | t=0.1s
[finetune_replay] ep  50/90 | train loss=0.0004 top1=1.000 | val loss=0.0008 | t=0.1s
[finetune_replay] ep  51/90 | train loss=0.0003 top1=1.000 | val loss=0.0008 | t=0.1s
[finetune_replay] ep  52/90 | train loss=0.0002 top1=1.000 | val loss=0.0008 | t=0.1s
[finetune_replay] ep  53/90 | train loss=0.0003 top1=1.000 | val loss=0.0008 | t=0.1s
[finetune_replay] ep  54/90 | train loss=0.0004 top1=1.000 | val loss=0.0008 | t=0.1s
[finetune_replay] ep  55/90 | train loss=0.0003 top1=1.000 | val loss=0.0008 | t=0.1s
[finetune_replay] ep  56/90 | train loss=0.0003 top1=1.000 | val loss=0.0008 | t=0.1s
[finetune_replay] ep  57/90 | train loss=0.0003 top1=1.000 | val loss=0.0008 | t=0.1s
[finetune_replay] ep  58/90 | train loss=0.0003 top1=1.000 | val loss=0.0008 | t=0.1s
[finetune_replay] ep  59/90 | train loss=0.0003 top1=1.000 | val loss=0.0008 | t=0.2s
[finetune_replay] ep  60/90 | train loss=0.0003 top1=1.000 | val loss=0.0008 | t=0.1s
[finetune_replay] ep  61/90 | train loss=0.0003 top1=1.000 | val loss=0.0008 | t=0.1s
[finetune_replay] ep  62/90 | train loss=0.0003 top1=1.000 | val loss=0.0008 | t=0.1s
[finetune_replay] ep  63/90 | train loss=0.0003 top1=1.000 | val loss=0.0008 | t=0.1s
[finetune_replay] ep  64/90 | train loss=0.0003 top1=1.000 | val loss=0.0008 | t=0.1s
[finetune_replay] ep  65/90 | train loss=0.0003 top1=1.000 | val loss=0.0008 | t=0.1s
[finetune_replay] ep  66/90 | train loss=0.0003 top1=1.000 | val loss=0.0007 | t=0.1s  *
[finetune_replay] ep  67/90 | train loss=0.0003 top1=1.000 | val loss=0.0008 | t=0.1s
[finetune_replay] ep  68/90 | train loss=0.0003 top1=1.000 | val loss=0.0008 | t=0.2s
[finetune_replay] ep  69/90 | train loss=0.0002 top1=1.000 | val loss=0.0007 | t=0.1s  *
[finetune_replay] ep  70/90 | train loss=0.0003 top1=1.000 | val loss=0.0007 | t=0.1s
[finetune_replay] ep  71/90 | train loss=0.0003 top1=1.000 | val loss=0.0007 | t=0.1s
[finetune_replay] ep  72/90 | train loss=0.0002 top1=1.000 | val loss=0.0007 | t=0.1s
[finetune_replay] ep  73/90 | train loss=0.0003 top1=1.000 | val loss=0.0007 | t=0.1s
[finetune_replay] ep  74/90 | train loss=0.0003 top1=1.000 | val loss=0.0007 | t=0.1s
[finetune_replay] ep  75/90 | train loss=0.0003 top1=1.000 | val loss=0.0007 | t=0.1s
[finetune_replay] ep  76/90 | train loss=0.0003 top1=1.000 | val loss=0.0007 | t=0.1s
[finetune_replay] ep  77/90 | train loss=0.0002 top1=1.000 | val loss=0.0007 | t=0.1s  *
[finetune_replay] ep  78/90 | train loss=0.0003 top1=1.000 | val loss=0.0007 | t=0.1s
[finetune_replay] ep  79/90 | train loss=0.0002 top1=1.000 | val loss=0.0007 | t=0.1s  *
[finetune_replay] ep  80/90 | train loss=0.0003 top1=1.000 | val loss=0.0007 | t=0.1s
[finetune_replay] ep  81/90 | train loss=0.0003 top1=1.000 | val loss=0.0007 | t=0.1s
[finetune_replay] ep  82/90 | train loss=0.0003 top1=1.000 | val loss=0.0007 | t=0.1s
[finetune_replay] ep  83/90 | train loss=0.0003 top1=1.000 | val loss=0.0008 | t=0.1s
[finetune_replay] ep  84/90 | train loss=0.0002 top1=1.000 | val loss=0.0007 | t=0.1s
[finetune_replay] ep  85/90 | train loss=0.0002 top1=1.000 | val loss=0.0007 | t=0.1s
[finetune_replay] ep  86/90 | train loss=0.0003 top1=1.000 | val loss=0.0007 | t=0.1s
[finetune_replay] ep  87/90 | train loss=0.0003 top1=1.000 | val loss=0.0008 | t=0.1s
[finetune_replay] ep  88/90 | train loss=0.0003 top1=1.000 | val loss=0.0007 | t=0.1s
[finetune_replay] ep  89/90 | train loss=0.0003 top1=1.000 | val loss=0.0008 | t=0.1s
[finetune_replay] ep  90/90 | train loss=0.0003 top1=1.000 | val loss=0.0007 | t=0.1s
[finetune_replay] DONE best_val_loss=0.0007 @ epoch 79
[16:14:37] [bo-budget] $ /home/s226137394/.conda/envs/maze/bin/python3 -u -m Equivariant_pathway.equivariant_CNN_hybrid.rollout_test --checkpoint /weka/s226137394/DmNfull/Equivariant_pathway/equivariant_CNN_hybrid/baseline_vs_p4/pool_x_selector/results/run_6/p4_top3_rotate_e90/checkpoints/best_hybrid_policy.pth --layouts /weka/s226137394/DmNfull/Equivariant_pathway/equivariant_CNN_hybrid/baseline_vs_p4/shared/heldout_layouts.yaml --out_dir /weka/s226137394/DmNfull/Equivariant_pathway/equivariant_CNN_hybrid/baseline_vs_p4/pool_x_selector/results/run_6/p4_top3_rotate_e90/results/eval_round_013 --seed 19 --max_steps 60
[hybrid-rollout] 200 unique; running 200 eps
[hybrid-rollout] loaded /weka/s226137394/DmNfull/Equivariant_pathway/equivariant_CNN_hybrid/baseline_vs_p4/pool_x_selector/results/run_6/p4_top3_rotate_e90/checkpoints/best_hybrid_policy.pth
[hybrid-rollout] ep 0 (heldout_001): steps=5 success=True
[hybrid-rollout] ep 1 (heldout_002): steps=4 success=True
[hybrid-rollout] ep 2 (heldout_003): steps=4 success=True
[hybrid-rollout] ep 3 (heldout_004): steps=6 success=True
[hybrid-rollout] ep 4 (heldout_005): steps=5 success=True
[hybrid-rollout] ep 5 (heldout_006): steps=3 success=False
[hybrid-rollout] ep 6 (heldout_007): steps=5 success=True
[hybrid-rollout] ep 7 (heldout_008): steps=4 success=True
[hybrid-rollout] ep 8 (heldout_009): steps=6 success=True
[hybrid-rollout] ep 9 (heldout_010): steps=8 success=True
[hybrid-rollout] ep 10 (heldout_011): steps=4 success=True
[hybrid-rollout] ep 11 (heldout_012): steps=4 success=True
[hybrid-rollout] ep 12 (heldout_013): steps=5 success=True
[hybrid-rollout] ep 13 (heldout_014): steps=5 success=True
[hybrid-rollout] ep 14 (heldout_015): steps=4 success=True
[hybrid-rollout] ep 15 (heldout_016): steps=5 success=True
[hybrid-rollout] ep 16 (heldout_017): steps=4 success=True
[hybrid-rollout] ep 17 (heldout_018): steps=60 success=False
[hybrid-rollout] ep 18 (heldout_019): steps=5 success=True
[hybrid-rollout] ep 19 (heldout_020): steps=5 success=True
[hybrid-rollout] ep 20 (heldout_021): steps=4 success=True
[hybrid-rollout] ep 21 (heldout_022): steps=4 success=True
[hybrid-rollout] ep 22 (heldout_023): steps=7 success=True
[hybrid-rollout] ep 23 (heldout_024): steps=60 success=False
[hybrid-rollout] ep 24 (heldout_025): steps=4 success=True
[hybrid-rollout] ep 25 (heldout_026): steps=4 success=True
[hybrid-rollout] ep 26 (heldout_027): steps=4 success=True
[hybrid-rollout] ep 27 (heldout_028): steps=4 success=True
[hybrid-rollout] ep 28 (heldout_029): steps=5 success=True
[hybrid-rollout] ep 29 (heldout_030): steps=60 success=False
[hybrid-rollout] ep 30 (heldout_031): steps=5 success=True
[hybrid-rollout] ep 31 (heldout_032): steps=7 success=True
[hybrid-rollout] ep 32 (heldout_033): steps=4 success=True
[hybrid-rollout] ep 33 (heldout_034): steps=5 success=True
[hybrid-rollout] ep 34 (heldout_035): steps=6 success=True
[hybrid-rollout] ep 35 (heldout_036): steps=5 success=True
[hybrid-rollout] ep 36 (heldout_037): steps=4 success=True
[hybrid-rollout] ep 37 (heldout_038): steps=5 success=True
[hybrid-rollout] ep 38 (heldout_039): steps=6 success=True
[hybrid-rollout] ep 39 (heldout_040): steps=5 success=True
[hybrid-rollout] ep 40 (heldout_041): steps=60 success=False
[hybrid-rollout] ep 41 (heldout_042): steps=60 success=False
[hybrid-rollout] ep 42 (heldout_043): steps=4 success=True
[hybrid-rollout] ep 43 (heldout_044): steps=5 success=True
[hybrid-rollout] ep 44 (heldout_045): steps=5 success=True
[hybrid-rollout] ep 45 (heldout_046): steps=4 success=True
[hybrid-rollout] ep 46 (heldout_047): steps=4 success=True
[hybrid-rollout] ep 47 (heldout_048): steps=6 success=True
[hybrid-rollout] ep 48 (heldout_049): steps=5 success=True
[hybrid-rollout] ep 49 (heldout_050): steps=4 success=True
[hybrid-rollout] ep 50 (heldout_051): steps=4 success=True
[hybrid-rollout] ep 51 (heldout_052): steps=4 success=True
[hybrid-rollout] ep 52 (heldout_053): steps=6 success=True
[hybrid-rollout] ep 53 (heldout_054): steps=4 success=True
[hybrid-rollout] ep 54 (heldout_055): steps=60 success=False
[hybrid-rollout] ep 55 (heldout_056): steps=4 success=True
[hybrid-rollout] ep 56 (heldout_057): steps=4 success=True
[hybrid-rollout] ep 57 (heldout_058): steps=4 success=True
[hybrid-rollout] ep 58 (heldout_059): steps=5 success=True
[hybrid-rollout] ep 59 (heldout_060): steps=6 success=True
[hybrid-rollout] ep 60 (heldout_061): steps=5 success=True
[hybrid-rollout] ep 61 (heldout_062): steps=6 success=True
[hybrid-rollout] ep 62 (heldout_063): steps=5 success=True
[hybrid-rollout] ep 63 (heldout_064): steps=4 success=True
[hybrid-rollout] ep 64 (heldout_065): steps=7 success=True
[hybrid-rollout] ep 65 (heldout_066): steps=6 success=True
[hybrid-rollout] ep 66 (heldout_067): steps=5 success=True
[hybrid-rollout] ep 67 (heldout_068): steps=4 success=True
[hybrid-rollout] ep 68 (heldout_069): steps=4 success=True
[hybrid-rollout] ep 69 (heldout_070): steps=60 success=False
[hybrid-rollout] ep 70 (heldout_071): steps=5 success=True
[hybrid-rollout] ep 71 (heldout_072): steps=5 success=True
[hybrid-rollout] ep 72 (heldout_073): steps=3 success=False
[hybrid-rollout] ep 73 (heldout_074): steps=4 success=True
[hybrid-rollout] ep 74 (heldout_075): steps=5 success=True
[hybrid-rollout] ep 75 (heldout_076): steps=7 success=True
[hybrid-rollout] ep 76 (heldout_077): steps=4 success=True
[hybrid-rollout] ep 77 (heldout_078): steps=3 success=False
[hybrid-rollout] ep 78 (heldout_079): steps=4 success=True
[hybrid-rollout] ep 79 (heldout_080): steps=4 success=True
[hybrid-rollout] ep 80 (heldout_081): steps=5 success=True
[hybrid-rollout] ep 81 (heldout_082): steps=5 success=True
[hybrid-rollout] ep 82 (heldout_083): steps=4 success=True
[hybrid-rollout] ep 83 (heldout_084): steps=5 success=True
[hybrid-rollout] ep 84 (heldout_085): steps=60 success=False
[hybrid-rollout] ep 85 (heldout_086): steps=6 success=True
[hybrid-rollout] ep 86 (heldout_087): steps=7 success=True
[hybrid-rollout] ep 87 (heldout_088): steps=4 success=True
[hybrid-rollout] ep 88 (heldout_089): steps=3 success=False
[hybrid-rollout] ep 89 (heldout_090): steps=4 success=True
[hybrid-rollout] ep 90 (heldout_091): steps=5 success=True
[hybrid-rollout] ep 91 (heldout_092): steps=5 success=True
[hybrid-rollout] ep 92 (heldout_093): steps=6 success=True
[hybrid-rollout] ep 93 (heldout_094): steps=6 success=True
[hybrid-rollout] ep 94 (heldout_095): steps=7 success=True
[hybrid-rollout] ep 95 (heldout_096): steps=5 success=True
[hybrid-rollout] ep 96 (heldout_097): steps=5 success=True
[hybrid-rollout] ep 97 (heldout_098): steps=5 success=True
[hybrid-rollout] ep 98 (heldout_099): steps=6 success=True
[hybrid-rollout] ep 99 (heldout_100): steps=60 success=False
[hybrid-rollout] ep 100 (heldout_101): steps=4 success=True
[hybrid-rollout] ep 101 (heldout_102): steps=4 success=True
[hybrid-rollout] ep 102 (heldout_103): steps=60 success=False
[hybrid-rollout] ep 103 (heldout_104): steps=6 success=True
[hybrid-rollout] ep 104 (heldout_105): steps=4 success=True
[hybrid-rollout] ep 105 (heldout_106): steps=6 success=True
[hybrid-rollout] ep 106 (heldout_107): steps=4 success=True
[hybrid-rollout] ep 107 (heldout_108): steps=4 success=True
[hybrid-rollout] ep 108 (heldout_109): steps=4 success=True
[hybrid-rollout] ep 109 (heldout_110): steps=4 success=True
[hybrid-rollout] ep 110 (heldout_111): steps=5 success=False
[hybrid-rollout] ep 111 (heldout_112): steps=5 success=True
[hybrid-rollout] ep 112 (heldout_113): steps=5 success=True
[hybrid-rollout] ep 113 (heldout_114): steps=60 success=False
[hybrid-rollout] ep 114 (heldout_115): steps=4 success=True
[hybrid-rollout] ep 115 (heldout_116): steps=5 success=True
[hybrid-rollout] ep 116 (heldout_117): steps=5 success=True
[hybrid-rollout] ep 117 (heldout_118): steps=9 success=True
[hybrid-rollout] ep 118 (heldout_119): steps=4 success=True
[hybrid-rollout] ep 119 (heldout_120): steps=7 success=True
[hybrid-rollout] ep 120 (heldout_121): steps=4 success=True
[hybrid-rollout] ep 121 (heldout_122): steps=4 success=True
[hybrid-rollout] ep 122 (heldout_123): steps=6 success=True
[hybrid-rollout] ep 123 (heldout_124): steps=8 success=True
[hybrid-rollout] ep 124 (heldout_125): steps=4 success=True
[hybrid-rollout] ep 125 (heldout_126): steps=4 success=True
[hybrid-rollout] ep 126 (heldout_127): steps=60 success=False
[hybrid-rollout] ep 127 (heldout_128): steps=7 success=True
[hybrid-rollout] ep 128 (heldout_129): steps=60 success=False
[hybrid-rollout] ep 129 (heldout_130): steps=4 success=True
[hybrid-rollout] ep 130 (heldout_131): steps=5 success=False
[hybrid-rollout] ep 131 (heldout_132): steps=4 success=True
[hybrid-rollout] ep 132 (heldout_133): steps=4 success=True
[hybrid-rollout] ep 133 (heldout_134): steps=7 success=True
[hybrid-rollout] ep 134 (heldout_135): steps=6 success=True
[hybrid-rollout] ep 135 (heldout_136): steps=5 success=True
[hybrid-rollout] ep 136 (heldout_137): steps=60 success=False
[hybrid-rollout] ep 137 (heldout_138): steps=4 success=True
[hybrid-rollout] ep 138 (heldout_139): steps=4 success=True
[hybrid-rollout] ep 139 (heldout_140): steps=5 success=True
[hybrid-rollout] ep 140 (heldout_141): steps=5 success=True
[hybrid-rollout] ep 141 (heldout_142): steps=4 success=True
[hybrid-rollout] ep 142 (heldout_143): steps=8 success=True
[hybrid-rollout] ep 143 (heldout_144): steps=4 success=True
[hybrid-rollout] ep 144 (heldout_145): steps=5 success=True
[hybrid-rollout] ep 145 (heldout_146): steps=7 success=True
[hybrid-rollout] ep 146 (heldout_147): steps=4 success=True
[hybrid-rollout] ep 147 (heldout_148): steps=60 success=False
[hybrid-rollout] ep 148 (heldout_149): steps=5 success=True
[hybrid-rollout] ep 149 (heldout_150): steps=4 success=True
[hybrid-rollout] ep 150 (heldout_151): steps=5 success=True
[hybrid-rollout] ep 151 (heldout_152): steps=6 success=True
[hybrid-rollout] ep 152 (heldout_153): steps=5 success=True
[hybrid-rollout] ep 153 (heldout_154): steps=60 success=False
[hybrid-rollout] ep 154 (heldout_155): steps=6 success=True
[hybrid-rollout] ep 155 (heldout_156): steps=4 success=False
[hybrid-rollout] ep 156 (heldout_157): steps=4 success=True
[hybrid-rollout] ep 157 (heldout_158): steps=3 success=False
[hybrid-rollout] ep 158 (heldout_159): steps=6 success=True
[hybrid-rollout] ep 159 (heldout_160): steps=4 success=True
[hybrid-rollout] ep 160 (heldout_161): steps=60 success=False
[hybrid-rollout] ep 161 (heldout_162): steps=5 success=True
[hybrid-rollout] ep 162 (heldout_163): steps=4 success=True
[hybrid-rollout] ep 163 (heldout_164): steps=6 success=True
[hybrid-rollout] ep 164 (heldout_165): steps=5 success=True
[hybrid-rollout] ep 165 (heldout_166): steps=60 success=False
[hybrid-rollout] ep 166 (heldout_167): steps=4 success=True
[hybrid-rollout] ep 167 (heldout_168): steps=4 success=True
[hybrid-rollout] ep 168 (heldout_169): steps=6 success=True
[hybrid-rollout] ep 169 (heldout_170): steps=6 success=True
[hybrid-rollout] ep 170 (heldout_171): steps=4 success=True
[hybrid-rollout] ep 171 (heldout_172): steps=5 success=True
[hybrid-rollout] ep 172 (heldout_173): steps=4 success=True
[hybrid-rollout] ep 173 (heldout_174): steps=5 success=True
[hybrid-rollout] ep 174 (heldout_175): steps=5 success=True
[hybrid-rollout] ep 175 (heldout_176): steps=6 success=True
[hybrid-rollout] ep 176 (heldout_177): steps=6 success=True
[hybrid-rollout] ep 177 (heldout_178): steps=5 success=True
[hybrid-rollout] ep 178 (heldout_179): steps=5 success=True
[hybrid-rollout] ep 179 (heldout_180): steps=4 success=True
[hybrid-rollout] ep 180 (heldout_181): steps=5 success=True
[hybrid-rollout] ep 181 (heldout_182): steps=4 success=True
[hybrid-rollout] ep 182 (heldout_183): steps=5 success=True
[hybrid-rollout] ep 183 (heldout_184): steps=7 success=True
[hybrid-rollout] ep 184 (heldout_185): steps=5 success=True
[hybrid-rollout] ep 185 (heldout_186): steps=4 success=True
[hybrid-rollout] ep 186 (heldout_187): steps=5 success=True
[hybrid-rollout] ep 187 (heldout_188): steps=60 success=False
[hybrid-rollout] ep 188 (heldout_189): steps=60 success=False
[hybrid-rollout] ep 189 (heldout_190): steps=7 success=True
[hybrid-rollout] ep 190 (heldout_191): steps=4 success=True
[hybrid-rollout] ep 191 (heldout_192): steps=5 success=True
[hybrid-rollout] ep 192 (heldout_193): steps=60 success=False
[hybrid-rollout] ep 193 (heldout_194): steps=6 success=True
[hybrid-rollout] ep 194 (heldout_195): steps=5 success=True
[hybrid-rollout] ep 195 (heldout_196): steps=4 success=True
[hybrid-rollout] ep 196 (heldout_197): steps=5 success=True
[hybrid-rollout] ep 197 (heldout_198): steps=4 success=True
[hybrid-rollout] ep 198 (heldout_199): steps=4 success=True
[hybrid-rollout] ep 199 (heldout_200): steps=4 success=True
[hybrid-rollout] DONE successes=171/200
[16:15:47] [replay_p4] run 6 round 13: extras=13 heldout_sr=0.855
[16:15:47] [replay_p4] $ /home/s226137394/.conda/envs/maze/bin/python3 -u -m Equivariant_pathway.equivariant_CNN_hybrid.baseline_vs_p4.pool_x_selector.trainer.finetune_replay --demo_dir /weka/s226137394/DmNfull/Equivariant_pathway/equivariant_CNN_hybrid/baseline_vs_p4/pool_x_selector/results/run_6/p4_top3_rotate_e90/demos --checkpoint_dir /weka/s226137394/DmNfull/Equivariant_pathway/equivariant_CNN_hybrid/baseline_vs_p4/pool_x_selector/results/run_6/p4_top3_rotate_e90/checkpoints --epochs 90 --batch_size 64 --lr 5e-05 --weight_decay 0.0001 --replay_mix 0.5 --replay_mix_floor 0.2 --seed 6 --resume --new_demos_dir /weka/s226137394/DmNfull/Equivariant_pathway/equivariant_CNN_hybrid/baseline_vs_p4/pool_x_selector/results/run_6/p4_top3_rotate_e90/demos/round_014
[finetune_replay] device=cuda demo_dir=/weka/s226137394/DmNfull/Equivariant_pathway/equivariant_CNN_hybrid/baseline_vs_p4/pool_x_selector/results/run_6/p4_top3_rotate_e90/demos new_demos_dir=/weka/s226137394/DmNfull/Equivariant_pathway/equivariant_CNN_hybrid/baseline_vs_p4/pool_x_selector/results/run_6/p4_top3_rotate_e90/demos/round_014
[hybrid-dataset] 33 demos -> 175 samples
[hybrid-dataset] 1 demos -> 4 samples
[finetune_replay] sampler audit: {'n_old_samples': 175, 'n_new_samples': 4, 'replay_mix_target': 0.5, 'replay_mix_effective': 0.5, 'replay_mix_floor': 0.2}
[finetune_replay] trainable params: 1,400,028
[finetune_replay] WARM START from last_hybrid_policy.pth
[finetune_replay] ep   1/90 | train loss=0.3713 top1=0.877 | val loss=0.0258 | t=1.0s  *
[finetune_replay] ep   2/90 | train loss=0.0326 top1=1.000 | val loss=0.0148 | t=0.1s  *
[finetune_replay] ep   3/90 | train loss=0.0096 top1=1.000 | val loss=0.0303 | t=0.3s
[finetune_replay] ep   4/90 | train loss=0.0054 top1=1.000 | val loss=0.0206 | t=0.1s
[finetune_replay] ep   5/90 | train loss=0.0037 top1=1.000 | val loss=0.0027 | t=0.1s  *
[finetune_replay] ep   6/90 | train loss=0.0019 top1=1.000 | val loss=0.0033 | t=0.1s
[finetune_replay] ep   7/90 | train loss=0.0075 top1=1.000 | val loss=0.0019 | t=0.1s  *
[finetune_replay] ep   8/90 | train loss=0.0025 top1=1.000 | val loss=0.0013 | t=0.1s  *
[finetune_replay] ep   9/90 | train loss=0.0009 top1=1.000 | val loss=0.0026 | t=0.2s
[finetune_replay] ep  10/90 | train loss=0.0010 top1=1.000 | val loss=0.0031 | t=0.1s
[finetune_replay] ep  11/90 | train loss=0.0008 top1=1.000 | val loss=0.0021 | t=0.2s
[finetune_replay] ep  12/90 | train loss=0.0007 top1=1.000 | val loss=0.0016 | t=0.1s
[finetune_replay] ep  13/90 | train loss=0.0007 top1=1.000 | val loss=0.0014 | t=0.2s
[finetune_replay] ep  14/90 | train loss=0.0007 top1=1.000 | val loss=0.0016 | t=0.1s
[finetune_replay] ep  15/90 | train loss=0.0005 top1=1.000 | val loss=0.0016 | t=0.1s
[finetune_replay] ep  16/90 | train loss=0.0005 top1=1.000 | val loss=0.0016 | t=0.1s
[finetune_replay] ep  17/90 | train loss=0.0006 top1=1.000 | val loss=0.0018 | t=0.1s
[finetune_replay] ep  18/90 | train loss=0.0005 top1=1.000 | val loss=0.0021 | t=0.1s
[finetune_replay] ep  19/90 | train loss=0.0006 top1=1.000 | val loss=0.0022 | t=0.1s
[finetune_replay] ep  20/90 | train loss=0.0005 top1=1.000 | val loss=0.0021 | t=0.1s
[finetune_replay] ep  21/90 | train loss=0.0005 top1=1.000 | val loss=0.0018 | t=0.1s
[finetune_replay] ep  22/90 | train loss=0.0004 top1=1.000 | val loss=0.0015 | t=0.1s
[finetune_replay] ep  23/90 | train loss=0.0004 top1=1.000 | val loss=0.0016 | t=0.1s
[finetune_replay] ep  24/90 | train loss=0.0005 top1=1.000 | val loss=0.0019 | t=0.1s
[finetune_replay] ep  25/90 | train loss=0.0005 top1=1.000 | val loss=0.0018 | t=0.1s
[finetune_replay] ep  26/90 | train loss=0.0004 top1=1.000 | val loss=0.0017 | t=0.1s
[finetune_replay] ep  27/90 | train loss=0.0004 top1=1.000 | val loss=0.0018 | t=0.1s
[finetune_replay] ep  28/90 | train loss=0.0003 top1=1.000 | val loss=0.0019 | t=0.1s
[finetune_replay] ep  29/90 | train loss=0.0004 top1=1.000 | val loss=0.0018 | t=0.1s
[finetune_replay] ep  30/90 | train loss=0.0004 top1=1.000 | val loss=0.0016 | t=0.1s
[finetune_replay] ep  31/90 | train loss=0.0004 top1=1.000 | val loss=0.0016 | t=0.1s
[finetune_replay] ep  32/90 | train loss=0.0003 top1=1.000 | val loss=0.0017 | t=0.1s
[finetune_replay] ep  33/90 | train loss=0.0004 top1=1.000 | val loss=0.0017 | t=0.1s
[finetune_replay] ep  34/90 | train loss=0.0003 top1=1.000 | val loss=0.0016 | t=0.1s
[finetune_replay] ep  35/90 | train loss=0.0003 top1=1.000 | val loss=0.0015 | t=0.1s
[finetune_replay] ep  36/90 | train loss=0.0004 top1=1.000 | val loss=0.0015 | t=0.1s
[finetune_replay] ep  37/90 | train loss=0.0005 top1=1.000 | val loss=0.0016 | t=0.1s
[finetune_replay] ep  38/90 | train loss=0.0004 top1=1.000 | val loss=0.0017 | t=0.1s
[finetune_replay] ep  39/90 | train loss=0.0003 top1=1.000 | val loss=0.0016 | t=0.2s
[finetune_replay] ep  40/90 | train loss=0.0004 top1=1.000 | val loss=0.0014 | t=0.1s
[finetune_replay] ep  41/90 | train loss=0.0003 top1=1.000 | val loss=0.0013 | t=0.1s
[finetune_replay] ep  42/90 | train loss=0.0003 top1=1.000 | val loss=0.0013 | t=0.1s  *
[finetune_replay] ep  43/90 | train loss=0.0003 top1=1.000 | val loss=0.0013 | t=0.1s
[finetune_replay] ep  44/90 | train loss=0.0004 top1=1.000 | val loss=0.0014 | t=0.1s
[finetune_replay] ep  45/90 | train loss=0.0004 top1=1.000 | val loss=0.0016 | t=0.1s
[finetune_replay] ep  46/90 | train loss=0.0003 top1=1.000 | val loss=0.0017 | t=0.1s
[finetune_replay] ep  47/90 | train loss=0.0004 top1=1.000 | val loss=0.0017 | t=0.1s
[finetune_replay] ep  48/90 | train loss=0.0004 top1=1.000 | val loss=0.0017 | t=0.1s
[finetune_replay] ep  49/90 | train loss=0.0003 top1=1.000 | val loss=0.0015 | t=0.1s
[finetune_replay] ep  50/90 | train loss=0.0003 top1=1.000 | val loss=0.0015 | t=0.1s
[finetune_replay] ep  51/90 | train loss=0.0003 top1=1.000 | val loss=0.0014 | t=0.1s
[finetune_replay] ep  52/90 | train loss=0.0003 top1=1.000 | val loss=0.0014 | t=0.1s
[finetune_replay] ep  53/90 | train loss=0.0003 top1=1.000 | val loss=0.0018 | t=0.1s
[finetune_replay] ep  54/90 | train loss=0.0004 top1=1.000 | val loss=0.0020 | t=0.1s
[finetune_replay] ep  55/90 | train loss=0.0004 top1=1.000 | val loss=0.0022 | t=0.1s
[finetune_replay] ep  56/90 | train loss=0.0003 top1=1.000 | val loss=0.0024 | t=0.1s
[finetune_replay] ep  57/90 | train loss=0.0003 top1=1.000 | val loss=0.0021 | t=0.1s
[finetune_replay] ep  58/90 | train loss=0.0003 top1=1.000 | val loss=0.0020 | t=0.1s
[finetune_replay] ep  59/90 | train loss=0.0003 top1=1.000 | val loss=0.0019 | t=0.1s
[finetune_replay] ep  60/90 | train loss=0.0004 top1=1.000 | val loss=0.0019 | t=0.1s
[finetune_replay] ep  61/90 | train loss=0.0003 top1=1.000 | val loss=0.0019 | t=0.1s
[finetune_replay] ep  62/90 | train loss=0.0003 top1=1.000 | val loss=0.0019 | t=0.1s
[finetune_replay] ep  63/90 | train loss=0.0003 top1=1.000 | val loss=0.0019 | t=0.1s
[finetune_replay] ep  64/90 | train loss=0.0003 top1=1.000 | val loss=0.0020 | t=0.1s
[finetune_replay] ep  65/90 | train loss=0.0003 top1=1.000 | val loss=0.0019 | t=0.1s
[finetune_replay] ep  66/90 | train loss=0.0003 top1=1.000 | val loss=0.0018 | t=0.1s
[finetune_replay] ep  67/90 | train loss=0.0003 top1=1.000 | val loss=0.0018 | t=0.1s
[finetune_replay] ep  68/90 | train loss=0.0003 top1=1.000 | val loss=0.0019 | t=0.1s
[finetune_replay] ep  69/90 | train loss=0.0003 top1=1.000 | val loss=0.0017 | t=0.1s
[finetune_replay] ep  70/90 | train loss=0.0003 top1=1.000 | val loss=0.0017 | t=0.1s
[finetune_replay] ep  71/90 | train loss=0.0003 top1=1.000 | val loss=0.0018 | t=0.1s
[finetune_replay] ep  72/90 | train loss=0.0003 top1=1.000 | val loss=0.0019 | t=0.1s
[finetune_replay] ep  73/90 | train loss=0.0003 top1=1.000 | val loss=0.0017 | t=0.1s
[finetune_replay] ep  74/90 | train loss=0.0002 top1=1.000 | val loss=0.0017 | t=0.1s
[finetune_replay] ep  75/90 | train loss=0.0003 top1=1.000 | val loss=0.0018 | t=0.1s
[finetune_replay] ep  76/90 | train loss=0.0003 top1=1.000 | val loss=0.0019 | t=0.1s
[finetune_replay] ep  77/90 | train loss=0.0002 top1=1.000 | val loss=0.0018 | t=0.1s
[finetune_replay] ep  78/90 | train loss=0.0003 top1=1.000 | val loss=0.0018 | t=0.1s
[finetune_replay] ep  79/90 | train loss=0.0002 top1=1.000 | val loss=0.0018 | t=0.1s
[finetune_replay] ep  80/90 | train loss=0.0003 top1=1.000 | val loss=0.0018 | t=0.1s
[finetune_replay] ep  81/90 | train loss=0.0003 top1=1.000 | val loss=0.0017 | t=0.1s
[finetune_replay] ep  82/90 | train loss=0.0003 top1=1.000 | val loss=0.0018 | t=0.1s
[finetune_replay] ep  83/90 | train loss=0.0002 top1=1.000 | val loss=0.0018 | t=0.1s
[finetune_replay] ep  84/90 | train loss=0.0003 top1=1.000 | val loss=0.0017 | t=0.1s
[finetune_replay] ep  85/90 | train loss=0.0002 top1=1.000 | val loss=0.0017 | t=0.1s
[finetune_replay] ep  86/90 | train loss=0.0003 top1=1.000 | val loss=0.0017 | t=0.1s
[finetune_replay] ep  87/90 | train loss=0.0003 top1=1.000 | val loss=0.0017 | t=0.1s
[finetune_replay] ep  88/90 | train loss=0.0003 top1=1.000 | val loss=0.0017 | t=0.1s
[finetune_replay] ep  89/90 | train loss=0.0002 top1=1.000 | val loss=0.0017 | t=0.1s
[finetune_replay] ep  90/90 | train loss=0.0003 top1=1.000 | val loss=0.0017 | t=0.1s
[finetune_replay] DONE best_val_loss=0.0013 @ epoch 42
[16:16:13] [bo-budget] $ /home/s226137394/.conda/envs/maze/bin/python3 -u -m Equivariant_pathway.equivariant_CNN_hybrid.rollout_test --checkpoint /weka/s226137394/DmNfull/Equivariant_pathway/equivariant_CNN_hybrid/baseline_vs_p4/pool_x_selector/results/run_6/p4_top3_rotate_e90/checkpoints/best_hybrid_policy.pth --layouts /weka/s226137394/DmNfull/Equivariant_pathway/equivariant_CNN_hybrid/baseline_vs_p4/shared/heldout_layouts.yaml --out_dir /weka/s226137394/DmNfull/Equivariant_pathway/equivariant_CNN_hybrid/baseline_vs_p4/pool_x_selector/results/run_6/p4_top3_rotate_e90/results/eval_round_014 --seed 20 --max_steps 60
[hybrid-rollout] 200 unique; running 200 eps
[hybrid-rollout] loaded /weka/s226137394/DmNfull/Equivariant_pathway/equivariant_CNN_hybrid/baseline_vs_p4/pool_x_selector/results/run_6/p4_top3_rotate_e90/checkpoints/best_hybrid_policy.pth
[hybrid-rollout] ep 0 (heldout_001): steps=5 success=True
[hybrid-rollout] ep 1 (heldout_002): steps=4 success=True
[hybrid-rollout] ep 2 (heldout_003): steps=4 success=True
[hybrid-rollout] ep 3 (heldout_004): steps=6 success=True
[hybrid-rollout] ep 4 (heldout_005): steps=5 success=True
[hybrid-rollout] ep 5 (heldout_006): steps=3 success=False
[hybrid-rollout] ep 6 (heldout_007): steps=5 success=True
[hybrid-rollout] ep 7 (heldout_008): steps=4 success=True
[hybrid-rollout] ep 8 (heldout_009): steps=2 success=False
[hybrid-rollout] ep 9 (heldout_010): steps=10 success=True
[hybrid-rollout] ep 10 (heldout_011): steps=4 success=True
[hybrid-rollout] ep 11 (heldout_012): steps=4 success=True
[hybrid-rollout] ep 12 (heldout_013): steps=5 success=True
[hybrid-rollout] ep 13 (heldout_014): steps=5 success=True
[hybrid-rollout] ep 14 (heldout_015): steps=4 success=True
[hybrid-rollout] ep 15 (heldout_016): steps=5 success=True
[hybrid-rollout] ep 16 (heldout_017): steps=4 success=True
[hybrid-rollout] ep 17 (heldout_018): steps=60 success=False
[hybrid-rollout] ep 18 (heldout_019): steps=5 success=True
[hybrid-rollout] ep 19 (heldout_020): steps=5 success=True
[hybrid-rollout] ep 20 (heldout_021): steps=4 success=True
[hybrid-rollout] ep 21 (heldout_022): steps=4 success=True
[hybrid-rollout] ep 22 (heldout_023): steps=7 success=True
[hybrid-rollout] ep 23 (heldout_024): steps=60 success=False
[hybrid-rollout] ep 24 (heldout_025): steps=4 success=True
[hybrid-rollout] ep 25 (heldout_026): steps=4 success=True
[hybrid-rollout] ep 26 (heldout_027): steps=4 success=True
[hybrid-rollout] ep 27 (heldout_028): steps=4 success=True
[hybrid-rollout] ep 28 (heldout_029): steps=7 success=True
[hybrid-rollout] ep 29 (heldout_030): steps=9 success=True
[hybrid-rollout] ep 30 (heldout_031): steps=5 success=True
[hybrid-rollout] ep 31 (heldout_032): steps=7 success=True
[hybrid-rollout] ep 32 (heldout_033): steps=4 success=True
[hybrid-rollout] ep 33 (heldout_034): steps=5 success=True
[hybrid-rollout] ep 34 (heldout_035): steps=6 success=True
[hybrid-rollout] ep 35 (heldout_036): steps=5 success=True
[hybrid-rollout] ep 36 (heldout_037): steps=4 success=True
[hybrid-rollout] ep 37 (heldout_038): steps=5 success=True
[hybrid-rollout] ep 38 (heldout_039): steps=6 success=True
[hybrid-rollout] ep 39 (heldout_040): steps=5 success=True
[hybrid-rollout] ep 40 (heldout_041): steps=6 success=True
[hybrid-rollout] ep 41 (heldout_042): steps=4 success=True
[hybrid-rollout] ep 42 (heldout_043): steps=4 success=True
[hybrid-rollout] ep 43 (heldout_044): steps=5 success=True
[hybrid-rollout] ep 44 (heldout_045): steps=5 success=True
[hybrid-rollout] ep 45 (heldout_046): steps=4 success=True
[hybrid-rollout] ep 46 (heldout_047): steps=4 success=True
[hybrid-rollout] ep 47 (heldout_048): steps=6 success=True
[hybrid-rollout] ep 48 (heldout_049): steps=60 success=False
[hybrid-rollout] ep 49 (heldout_050): steps=4 success=True
[hybrid-rollout] ep 50 (heldout_051): steps=4 success=True
[hybrid-rollout] ep 51 (heldout_052): steps=4 success=True
[hybrid-rollout] ep 52 (heldout_053): steps=6 success=True
[hybrid-rollout] ep 53 (heldout_054): steps=4 success=True
[hybrid-rollout] ep 54 (heldout_055): steps=60 success=False
[hybrid-rollout] ep 55 (heldout_056): steps=4 success=True
[hybrid-rollout] ep 56 (heldout_057): steps=4 success=True
[hybrid-rollout] ep 57 (heldout_058): steps=4 success=True
[hybrid-rollout] ep 58 (heldout_059): steps=5 success=True
[hybrid-rollout] ep 59 (heldout_060): steps=6 success=True
[hybrid-rollout] ep 60 (heldout_061): steps=5 success=True
[hybrid-rollout] ep 61 (heldout_062): steps=6 success=True
[hybrid-rollout] ep 62 (heldout_063): steps=5 success=True
[hybrid-rollout] ep 63 (heldout_064): steps=4 success=True
[hybrid-rollout] ep 64 (heldout_065): steps=7 success=True
[hybrid-rollout] ep 65 (heldout_066): steps=6 success=True
[hybrid-rollout] ep 66 (heldout_067): steps=5 success=True
[hybrid-rollout] ep 67 (heldout_068): steps=4 success=True
[hybrid-rollout] ep 68 (heldout_069): steps=4 success=True
[hybrid-rollout] ep 69 (heldout_070): steps=60 success=False
[hybrid-rollout] ep 70 (heldout_071): steps=5 success=True
[hybrid-rollout] ep 71 (heldout_072): steps=5 success=True
[hybrid-rollout] ep 72 (heldout_073): steps=60 success=False
[hybrid-rollout] ep 73 (heldout_074): steps=4 success=True
[hybrid-rollout] ep 74 (heldout_075): steps=5 success=True
[hybrid-rollout] ep 75 (heldout_076): steps=7 success=True
[hybrid-rollout] ep 76 (heldout_077): steps=4 success=True
[hybrid-rollout] ep 77 (heldout_078): steps=3 success=False
[hybrid-rollout] ep 78 (heldout_079): steps=4 success=True
[hybrid-rollout] ep 79 (heldout_080): steps=4 success=True
[hybrid-rollout] ep 80 (heldout_081): steps=5 success=True
[hybrid-rollout] ep 81 (heldout_082): steps=5 success=True
[hybrid-rollout] ep 82 (heldout_083): steps=4 success=True
[hybrid-rollout] ep 83 (heldout_084): steps=5 success=True
[hybrid-rollout] ep 84 (heldout_085): steps=60 success=False
[hybrid-rollout] ep 85 (heldout_086): steps=6 success=True
[hybrid-rollout] ep 86 (heldout_087): steps=7 success=True
[hybrid-rollout] ep 87 (heldout_088): steps=4 success=True
[hybrid-rollout] ep 88 (heldout_089): steps=3 success=False
[hybrid-rollout] ep 89 (heldout_090): steps=4 success=True
[hybrid-rollout] ep 90 (heldout_091): steps=5 success=True
[hybrid-rollout] ep 91 (heldout_092): steps=5 success=True
[hybrid-rollout] ep 92 (heldout_093): steps=6 success=True
[hybrid-rollout] ep 93 (heldout_094): steps=6 success=True
[hybrid-rollout] ep 94 (heldout_095): steps=7 success=True
[hybrid-rollout] ep 95 (heldout_096): steps=5 success=True
[hybrid-rollout] ep 96 (heldout_097): steps=5 success=True
[hybrid-rollout] ep 97 (heldout_098): steps=5 success=True
[hybrid-rollout] ep 98 (heldout_099): steps=6 success=True
[hybrid-rollout] ep 99 (heldout_100): steps=60 success=False
[hybrid-rollout] ep 100 (heldout_101): steps=4 success=True
[hybrid-rollout] ep 101 (heldout_102): steps=4 success=True
[hybrid-rollout] ep 102 (heldout_103): steps=60 success=False
[hybrid-rollout] ep 103 (heldout_104): steps=6 success=True
[hybrid-rollout] ep 104 (heldout_105): steps=4 success=True
[hybrid-rollout] ep 105 (heldout_106): steps=6 success=True
[hybrid-rollout] ep 106 (heldout_107): steps=4 success=True
[hybrid-rollout] ep 107 (heldout_108): steps=4 success=True
[hybrid-rollout] ep 108 (heldout_109): steps=4 success=True
[hybrid-rollout] ep 109 (heldout_110): steps=4 success=True
[hybrid-rollout] ep 110 (heldout_111): steps=6 success=True
[hybrid-rollout] ep 111 (heldout_112): steps=5 success=True
[hybrid-rollout] ep 112 (heldout_113): steps=5 success=True
[hybrid-rollout] ep 113 (heldout_114): steps=60 success=False
[hybrid-rollout] ep 114 (heldout_115): steps=4 success=True
[hybrid-rollout] ep 115 (heldout_116): steps=5 success=True
[hybrid-rollout] ep 116 (heldout_117): steps=5 success=True
[hybrid-rollout] ep 117 (heldout_118): steps=6 success=False
[hybrid-rollout] ep 118 (heldout_119): steps=4 success=True
[hybrid-rollout] ep 119 (heldout_120): steps=7 success=True
[hybrid-rollout] ep 120 (heldout_121): steps=4 success=True
[hybrid-rollout] ep 121 (heldout_122): steps=4 success=True
[hybrid-rollout] ep 122 (heldout_123): steps=6 success=True
[hybrid-rollout] ep 123 (heldout_124): steps=8 success=True
[hybrid-rollout] ep 124 (heldout_125): steps=4 success=True
[hybrid-rollout] ep 125 (heldout_126): steps=4 success=True
[hybrid-rollout] ep 126 (heldout_127): steps=4 success=False
[hybrid-rollout] ep 127 (heldout_128): steps=7 success=True
[hybrid-rollout] ep 128 (heldout_129): steps=4 success=True
[hybrid-rollout] ep 129 (heldout_130): steps=4 success=True
[hybrid-rollout] ep 130 (heldout_131): steps=5 success=False
[hybrid-rollout] ep 131 (heldout_132): steps=4 success=True
[hybrid-rollout] ep 132 (heldout_133): steps=4 success=True
[hybrid-rollout] ep 133 (heldout_134): steps=7 success=True
[hybrid-rollout] ep 134 (heldout_135): steps=6 success=True
[hybrid-rollout] ep 135 (heldout_136): steps=5 success=True
[hybrid-rollout] ep 136 (heldout_137): steps=5 success=True
[hybrid-rollout] ep 137 (heldout_138): steps=4 success=True
[hybrid-rollout] ep 138 (heldout_139): steps=4 success=True
[hybrid-rollout] ep 139 (heldout_140): steps=5 success=True
[hybrid-rollout] ep 140 (heldout_141): steps=5 success=True
[hybrid-rollout] ep 141 (heldout_142): steps=4 success=True
[hybrid-rollout] ep 142 (heldout_143): steps=6 success=True
[hybrid-rollout] ep 143 (heldout_144): steps=4 success=True
[hybrid-rollout] ep 144 (heldout_145): steps=5 success=True
[hybrid-rollout] ep 145 (heldout_146): steps=7 success=True
[hybrid-rollout] ep 146 (heldout_147): steps=4 success=True
[hybrid-rollout] ep 147 (heldout_148): steps=60 success=False
[hybrid-rollout] ep 148 (heldout_149): steps=5 success=True
[hybrid-rollout] ep 149 (heldout_150): steps=4 success=True
[hybrid-rollout] ep 150 (heldout_151): steps=5 success=True
[hybrid-rollout] ep 151 (heldout_152): steps=6 success=True
[hybrid-rollout] ep 152 (heldout_153): steps=5 success=True
[hybrid-rollout] ep 153 (heldout_154): steps=60 success=False
[hybrid-rollout] ep 154 (heldout_155): steps=6 success=True
[hybrid-rollout] ep 155 (heldout_156): steps=3 success=False
[hybrid-rollout] ep 156 (heldout_157): steps=4 success=True
[hybrid-rollout] ep 157 (heldout_158): steps=3 success=False
[hybrid-rollout] ep 158 (heldout_159): steps=6 success=True
[hybrid-rollout] ep 159 (heldout_160): steps=4 success=True
[hybrid-rollout] ep 160 (heldout_161): steps=60 success=False
[hybrid-rollout] ep 161 (heldout_162): steps=5 success=True
[hybrid-rollout] ep 162 (heldout_163): steps=4 success=True
[hybrid-rollout] ep 163 (heldout_164): steps=6 success=True
[hybrid-rollout] ep 164 (heldout_165): steps=5 success=True
[hybrid-rollout] ep 165 (heldout_166): steps=4 success=True
[hybrid-rollout] ep 166 (heldout_167): steps=4 success=True
[hybrid-rollout] ep 167 (heldout_168): steps=4 success=True
[hybrid-rollout] ep 168 (heldout_169): steps=6 success=True
[hybrid-rollout] ep 169 (heldout_170): steps=5 success=False
[hybrid-rollout] ep 170 (heldout_171): steps=4 success=True
[hybrid-rollout] ep 171 (heldout_172): steps=5 success=True
[hybrid-rollout] ep 172 (heldout_173): steps=4 success=True
[hybrid-rollout] ep 173 (heldout_174): steps=5 success=True
[hybrid-rollout] ep 174 (heldout_175): steps=5 success=True
[hybrid-rollout] ep 175 (heldout_176): steps=6 success=True
[hybrid-rollout] ep 176 (heldout_177): steps=6 success=True
[hybrid-rollout] ep 177 (heldout_178): steps=5 success=True
[hybrid-rollout] ep 178 (heldout_179): steps=5 success=True
[hybrid-rollout] ep 179 (heldout_180): steps=4 success=True
[hybrid-rollout] ep 180 (heldout_181): steps=5 success=True
[hybrid-rollout] ep 181 (heldout_182): steps=4 success=True
[hybrid-rollout] ep 182 (heldout_183): steps=5 success=True
[hybrid-rollout] ep 183 (heldout_184): steps=60 success=False
[hybrid-rollout] ep 184 (heldout_185): steps=5 success=True
[hybrid-rollout] ep 185 (heldout_186): steps=4 success=True
[hybrid-rollout] ep 186 (heldout_187): steps=5 success=True
[hybrid-rollout] ep 187 (heldout_188): steps=5 success=True
[hybrid-rollout] ep 188 (heldout_189): steps=5 success=True
[hybrid-rollout] ep 189 (heldout_190): steps=7 success=True
[hybrid-rollout] ep 190 (heldout_191): steps=4 success=True
[hybrid-rollout] ep 191 (heldout_192): steps=5 success=True
[hybrid-rollout] ep 192 (heldout_193): steps=7 success=True
[hybrid-rollout] ep 193 (heldout_194): steps=6 success=True
[hybrid-rollout] ep 194 (heldout_195): steps=5 success=True
[hybrid-rollout] ep 195 (heldout_196): steps=4 success=True
[hybrid-rollout] ep 196 (heldout_197): steps=5 success=True
[hybrid-rollout] ep 197 (heldout_198): steps=4 success=True
[hybrid-rollout] ep 198 (heldout_199): steps=4 success=True
[hybrid-rollout] ep 199 (heldout_200): steps=4 success=True
[hybrid-rollout] DONE successes=176/200
[16:17:16] [replay_p4] run 6 round 14: extras=14 heldout_sr=0.880
[16:17:16] [replay_p4] $ /home/s226137394/.conda/envs/maze/bin/python3 -u -m Equivariant_pathway.equivariant_CNN_hybrid.baseline_vs_p4.pool_x_selector.trainer.finetune_replay --demo_dir /weka/s226137394/DmNfull/Equivariant_pathway/equivariant_CNN_hybrid/baseline_vs_p4/pool_x_selector/results/run_6/p4_top3_rotate_e90/demos --checkpoint_dir /weka/s226137394/DmNfull/Equivariant_pathway/equivariant_CNN_hybrid/baseline_vs_p4/pool_x_selector/results/run_6/p4_top3_rotate_e90/checkpoints --epochs 90 --batch_size 64 --lr 5e-05 --weight_decay 0.0001 --replay_mix 0.5 --replay_mix_floor 0.2 --seed 6 --resume --new_demos_dir /weka/s226137394/DmNfull/Equivariant_pathway/equivariant_CNN_hybrid/baseline_vs_p4/pool_x_selector/results/run_6/p4_top3_rotate_e90/demos/round_015
[finetune_replay] device=cuda demo_dir=/weka/s226137394/DmNfull/Equivariant_pathway/equivariant_CNN_hybrid/baseline_vs_p4/pool_x_selector/results/run_6/p4_top3_rotate_e90/demos new_demos_dir=/weka/s226137394/DmNfull/Equivariant_pathway/equivariant_CNN_hybrid/baseline_vs_p4/pool_x_selector/results/run_6/p4_top3_rotate_e90/demos/round_015
[hybrid-dataset] 34 demos -> 179 samples
[hybrid-dataset] 1 demos -> 8 samples
[finetune_replay] sampler audit: {'n_old_samples': 179, 'n_new_samples': 8, 'replay_mix_target': 0.5, 'replay_mix_effective': 0.5, 'replay_mix_floor': 0.2}
[finetune_replay] trainable params: 1,400,028
[finetune_replay] WARM START from last_hybrid_policy.pth
[finetune_replay] ep   1/90 | train loss=0.2064 top1=0.953 | val loss=0.0032 | t=0.9s  *
[finetune_replay] ep   2/90 | train loss=0.0284 top1=1.000 | val loss=0.0096 | t=0.2s
[finetune_replay] ep   3/90 | train loss=0.0191 top1=1.000 | val loss=0.0144 | t=0.2s
[finetune_replay] ep   4/90 | train loss=0.0042 top1=1.000 | val loss=0.0064 | t=0.2s
[finetune_replay] ep   5/90 | train loss=0.0039 top1=1.000 | val loss=0.0035 | t=0.1s
[finetune_replay] ep   6/90 | train loss=0.0019 top1=1.000 | val loss=0.0041 | t=0.1s
[finetune_replay] ep   7/90 | train loss=0.0016 top1=1.000 | val loss=0.0052 | t=0.1s
[finetune_replay] ep   8/90 | train loss=0.0016 top1=1.000 | val loss=0.0067 | t=0.1s
[finetune_replay] ep   9/90 | train loss=0.0015 top1=1.000 | val loss=0.0035 | t=0.3s
[finetune_replay] ep  10/90 | train loss=0.0012 top1=1.000 | val loss=0.0032 | t=0.1s
[finetune_replay] ep  11/90 | train loss=0.0010 top1=1.000 | val loss=0.0043 | t=0.2s
[finetune_replay] ep  12/90 | train loss=0.0008 top1=1.000 | val loss=0.0044 | t=0.1s
[finetune_replay] ep  13/90 | train loss=0.0007 top1=1.000 | val loss=0.0039 | t=0.1s
[finetune_replay] ep  14/90 | train loss=0.0009 top1=1.000 | val loss=0.0042 | t=0.1s
[finetune_replay] ep  15/90 | train loss=0.0005 top1=1.000 | val loss=0.0054 | t=0.1s
[finetune_replay] ep  16/90 | train loss=0.0006 top1=1.000 | val loss=0.0064 | t=0.2s
[finetune_replay] ep  17/90 | train loss=0.0006 top1=1.000 | val loss=0.0059 | t=0.1s
[finetune_replay] ep  18/90 | train loss=0.0006 top1=1.000 | val loss=0.0047 | t=0.1s
[finetune_replay] ep  19/90 | train loss=0.0007 top1=1.000 | val loss=0.0042 | t=0.1s
[finetune_replay] ep  20/90 | train loss=0.0006 top1=1.000 | val loss=0.0033 | t=0.1s
[finetune_replay] ep  21/90 | train loss=0.0005 top1=1.000 | val loss=0.0030 | t=0.1s  *
[finetune_replay] ep  22/90 | train loss=0.0006 top1=1.000 | val loss=0.0041 | t=0.1s
[finetune_replay] ep  23/90 | train loss=0.0006 top1=1.000 | val loss=0.0046 | t=0.1s
[finetune_replay] ep  24/90 | train loss=0.0005 top1=1.000 | val loss=0.0048 | t=0.1s
[finetune_replay] ep  25/90 | train loss=0.0005 top1=1.000 | val loss=0.0038 | t=0.1s
[finetune_replay] ep  26/90 | train loss=0.0005 top1=1.000 | val loss=0.0037 | t=0.1s
[finetune_replay] ep  27/90 | train loss=0.0004 top1=1.000 | val loss=0.0037 | t=0.1s
[finetune_replay] ep  28/90 | train loss=0.0004 top1=1.000 | val loss=0.0039 | t=0.1s
[finetune_replay] ep  29/90 | train loss=0.0004 top1=1.000 | val loss=0.0036 | t=0.1s
[finetune_replay] ep  30/90 | train loss=0.0004 top1=1.000 | val loss=0.0033 | t=0.1s
[finetune_replay] ep  31/90 | train loss=0.0004 top1=1.000 | val loss=0.0027 | t=0.1s  *
[finetune_replay] ep  32/90 | train loss=0.0004 top1=1.000 | val loss=0.0023 | t=0.1s  *
[finetune_replay] ep  33/90 | train loss=0.0004 top1=1.000 | val loss=0.0025 | t=0.2s
[finetune_replay] ep  34/90 | train loss=0.0004 top1=1.000 | val loss=0.0026 | t=0.1s
[finetune_replay] ep  35/90 | train loss=0.0004 top1=1.000 | val loss=0.0028 | t=0.1s
[finetune_replay] ep  36/90 | train loss=0.0004 top1=1.000 | val loss=0.0029 | t=0.1s
[finetune_replay] ep  37/90 | train loss=0.0005 top1=1.000 | val loss=0.0025 | t=0.1s
[finetune_replay] ep  38/90 | train loss=0.0004 top1=1.000 | val loss=0.0023 | t=0.1s
[finetune_replay] ep  39/90 | train loss=0.0004 top1=1.000 | val loss=0.0025 | t=0.1s
[finetune_replay] ep  40/90 | train loss=0.0003 top1=1.000 | val loss=0.0027 | t=0.1s
[finetune_replay] ep  41/90 | train loss=0.0004 top1=1.000 | val loss=0.0030 | t=0.1s
[finetune_replay] ep  42/90 | train loss=0.0004 top1=1.000 | val loss=0.0027 | t=0.1s
[finetune_replay] ep  43/90 | train loss=0.0003 top1=1.000 | val loss=0.0025 | t=0.1s
[finetune_replay] ep  44/90 | train loss=0.0004 top1=1.000 | val loss=0.0024 | t=0.1s
[finetune_replay] ep  45/90 | train loss=0.0003 top1=1.000 | val loss=0.0027 | t=0.1s
[finetune_replay] ep  46/90 | train loss=0.0004 top1=1.000 | val loss=0.0029 | t=0.1s
[finetune_replay] ep  47/90 | train loss=0.0003 top1=1.000 | val loss=0.0030 | t=0.1s
[finetune_replay] ep  48/90 | train loss=0.0003 top1=1.000 | val loss=0.0032 | t=0.1s
[finetune_replay] ep  49/90 | train loss=0.0003 top1=1.000 | val loss=0.0032 | t=0.1s
[finetune_replay] ep  50/90 | train loss=0.0003 top1=1.000 | val loss=0.0032 | t=0.1s
[finetune_replay] ep  51/90 | train loss=0.0003 top1=1.000 | val loss=0.0029 | t=0.1s
[finetune_replay] ep  52/90 | train loss=0.0003 top1=1.000 | val loss=0.0023 | t=0.1s  *
[finetune_replay] ep  53/90 | train loss=0.0003 top1=1.000 | val loss=0.0023 | t=0.1s  *
[finetune_replay] ep  54/90 | train loss=0.0003 top1=1.000 | val loss=0.0025 | t=0.1s
[finetune_replay] ep  55/90 | train loss=0.0003 top1=1.000 | val loss=0.0027 | t=0.1s
[finetune_replay] ep  56/90 | train loss=0.0002 top1=1.000 | val loss=0.0029 | t=0.1s
[finetune_replay] ep  57/90 | train loss=0.0003 top1=1.000 | val loss=0.0030 | t=0.1s
[finetune_replay] ep  58/90 | train loss=0.0003 top1=1.000 | val loss=0.0026 | t=0.1s
[finetune_replay] ep  59/90 | train loss=0.0002 top1=1.000 | val loss=0.0024 | t=0.1s
[finetune_replay] ep  60/90 | train loss=0.0003 top1=1.000 | val loss=0.0024 | t=0.1s
[finetune_replay] ep  61/90 | train loss=0.0003 top1=1.000 | val loss=0.0025 | t=0.1s
[finetune_replay] ep  62/90 | train loss=0.0003 top1=1.000 | val loss=0.0024 | t=0.1s
[finetune_replay] ep  63/90 | train loss=0.0003 top1=1.000 | val loss=0.0024 | t=0.1s
[finetune_replay] ep  64/90 | train loss=0.0003 top1=1.000 | val loss=0.0023 | t=0.1s
[finetune_replay] ep  65/90 | train loss=0.0003 top1=1.000 | val loss=0.0024 | t=0.1s
[finetune_replay] ep  66/90 | train loss=0.0003 top1=1.000 | val loss=0.0025 | t=0.1s
[finetune_replay] ep  67/90 | train loss=0.0002 top1=1.000 | val loss=0.0026 | t=0.1s
[finetune_replay] ep  68/90 | train loss=0.0003 top1=1.000 | val loss=0.0025 | t=0.1s
[finetune_replay] ep  69/90 | train loss=0.0003 top1=1.000 | val loss=0.0027 | t=0.1s
[finetune_replay] ep  70/90 | train loss=0.0002 top1=1.000 | val loss=0.0027 | t=0.1s
[finetune_replay] ep  71/90 | train loss=0.0003 top1=1.000 | val loss=0.0025 | t=0.1s
[finetune_replay] ep  72/90 | train loss=0.0003 top1=1.000 | val loss=0.0026 | t=0.1s
[finetune_replay] ep  73/90 | train loss=0.0003 top1=1.000 | val loss=0.0025 | t=0.1s
[finetune_replay] ep  74/90 | train loss=0.0002 top1=1.000 | val loss=0.0025 | t=0.1s
[finetune_replay] ep  75/90 | train loss=0.0003 top1=1.000 | val loss=0.0025 | t=0.1s
[finetune_replay] ep  76/90 | train loss=0.0002 top1=1.000 | val loss=0.0025 | t=0.1s
[finetune_replay] ep  77/90 | train loss=0.0002 top1=1.000 | val loss=0.0028 | t=0.1s
[finetune_replay] ep  78/90 | train loss=0.0002 top1=1.000 | val loss=0.0027 | t=0.1s
[finetune_replay] ep  79/90 | train loss=0.0002 top1=1.000 | val loss=0.0026 | t=0.1s
[finetune_replay] ep  80/90 | train loss=0.0003 top1=1.000 | val loss=0.0025 | t=0.1s
[finetune_replay] ep  81/90 | train loss=0.0003 top1=1.000 | val loss=0.0025 | t=0.1s
[finetune_replay] ep  82/90 | train loss=0.0002 top1=1.000 | val loss=0.0025 | t=0.1s
[finetune_replay] ep  83/90 | train loss=0.0002 top1=1.000 | val loss=0.0026 | t=0.1s
[finetune_replay] ep  84/90 | train loss=0.0003 top1=1.000 | val loss=0.0027 | t=0.1s
[finetune_replay] ep  85/90 | train loss=0.0003 top1=1.000 | val loss=0.0026 | t=0.1s
[finetune_replay] ep  86/90 | train loss=0.0003 top1=1.000 | val loss=0.0026 | t=0.1s
[finetune_replay] ep  87/90 | train loss=0.0003 top1=1.000 | val loss=0.0029 | t=0.1s
[finetune_replay] ep  88/90 | train loss=0.0002 top1=1.000 | val loss=0.0029 | t=0.1s
[finetune_replay] ep  89/90 | train loss=0.0003 top1=1.000 | val loss=0.0028 | t=0.1s
[finetune_replay] ep  90/90 | train loss=0.0003 top1=1.000 | val loss=0.0027 | t=0.1s
[finetune_replay] DONE best_val_loss=0.0023 @ epoch 53
[16:17:44] [bo-budget] $ /home/s226137394/.conda/envs/maze/bin/python3 -u -m Equivariant_pathway.equivariant_CNN_hybrid.rollout_test --checkpoint /weka/s226137394/DmNfull/Equivariant_pathway/equivariant_CNN_hybrid/baseline_vs_p4/pool_x_selector/results/run_6/p4_top3_rotate_e90/checkpoints/best_hybrid_policy.pth --layouts /weka/s226137394/DmNfull/Equivariant_pathway/equivariant_CNN_hybrid/baseline_vs_p4/shared/heldout_layouts.yaml --out_dir /weka/s226137394/DmNfull/Equivariant_pathway/equivariant_CNN_hybrid/baseline_vs_p4/pool_x_selector/results/run_6/p4_top3_rotate_e90/results/eval_round_015 --seed 21 --max_steps 60
[hybrid-rollout] 200 unique; running 200 eps
[hybrid-rollout] loaded /weka/s226137394/DmNfull/Equivariant_pathway/equivariant_CNN_hybrid/baseline_vs_p4/pool_x_selector/results/run_6/p4_top3_rotate_e90/checkpoints/best_hybrid_policy.pth
[hybrid-rollout] ep 0 (heldout_001): steps=5 success=True
[hybrid-rollout] ep 1 (heldout_002): steps=4 success=True
[hybrid-rollout] ep 2 (heldout_003): steps=4 success=True
[hybrid-rollout] ep 3 (heldout_004): steps=6 success=True
[hybrid-rollout] ep 4 (heldout_005): steps=5 success=True
[hybrid-rollout] ep 5 (heldout_006): steps=3 success=False
[hybrid-rollout] ep 6 (heldout_007): steps=5 success=True
[hybrid-rollout] ep 7 (heldout_008): steps=4 success=True
[hybrid-rollout] ep 8 (heldout_009): steps=6 success=True
[hybrid-rollout] ep 9 (heldout_010): steps=10 success=True
[hybrid-rollout] ep 10 (heldout_011): steps=4 success=True
[hybrid-rollout] ep 11 (heldout_012): steps=4 success=True
[hybrid-rollout] ep 12 (heldout_013): steps=5 success=True
[hybrid-rollout] ep 13 (heldout_014): steps=5 success=True
[hybrid-rollout] ep 14 (heldout_015): steps=4 success=True
[hybrid-rollout] ep 15 (heldout_016): steps=5 success=True
[hybrid-rollout] ep 16 (heldout_017): steps=4 success=True
[hybrid-rollout] ep 17 (heldout_018): steps=60 success=False
[hybrid-rollout] ep 18 (heldout_019): steps=5 success=True
[hybrid-rollout] ep 19 (heldout_020): steps=5 success=True
[hybrid-rollout] ep 20 (heldout_021): steps=4 success=True
[hybrid-rollout] ep 21 (heldout_022): steps=4 success=True
[hybrid-rollout] ep 22 (heldout_023): steps=60 success=False
[hybrid-rollout] ep 23 (heldout_024): steps=60 success=False
[hybrid-rollout] ep 24 (heldout_025): steps=4 success=True
[hybrid-rollout] ep 25 (heldout_026): steps=4 success=True
[hybrid-rollout] ep 26 (heldout_027): steps=4 success=True
[hybrid-rollout] ep 27 (heldout_028): steps=4 success=True
[hybrid-rollout] ep 28 (heldout_029): steps=5 success=True
[hybrid-rollout] ep 29 (heldout_030): steps=60 success=False
[hybrid-rollout] ep 30 (heldout_031): steps=5 success=True
[hybrid-rollout] ep 31 (heldout_032): steps=5 success=True
[hybrid-rollout] ep 32 (heldout_033): steps=4 success=True
[hybrid-rollout] ep 33 (heldout_034): steps=5 success=True
[hybrid-rollout] ep 34 (heldout_035): steps=6 success=True
[hybrid-rollout] ep 35 (heldout_036): steps=5 success=True
[hybrid-rollout] ep 36 (heldout_037): steps=4 success=True
[hybrid-rollout] ep 37 (heldout_038): steps=5 success=True
[hybrid-rollout] ep 38 (heldout_039): steps=6 success=True
[hybrid-rollout] ep 39 (heldout_040): steps=5 success=True
[hybrid-rollout] ep 40 (heldout_041): steps=6 success=True
[hybrid-rollout] ep 41 (heldout_042): steps=60 success=False
[hybrid-rollout] ep 42 (heldout_043): steps=4 success=True
[hybrid-rollout] ep 43 (heldout_044): steps=5 success=True
[hybrid-rollout] ep 44 (heldout_045): steps=5 success=True
[hybrid-rollout] ep 45 (heldout_046): steps=4 success=True
[hybrid-rollout] ep 46 (heldout_047): steps=4 success=True
[hybrid-rollout] ep 47 (heldout_048): steps=6 success=True
[hybrid-rollout] ep 48 (heldout_049): steps=5 success=True
[hybrid-rollout] ep 49 (heldout_050): steps=4 success=True
[hybrid-rollout] ep 50 (heldout_051): steps=4 success=True
[hybrid-rollout] ep 51 (heldout_052): steps=4 success=True
[hybrid-rollout] ep 52 (heldout_053): steps=6 success=True
[hybrid-rollout] ep 53 (heldout_054): steps=4 success=True
[hybrid-rollout] ep 54 (heldout_055): steps=60 success=False
[hybrid-rollout] ep 55 (heldout_056): steps=4 success=True
[hybrid-rollout] ep 56 (heldout_057): steps=4 success=True
[hybrid-rollout] ep 57 (heldout_058): steps=4 success=True
[hybrid-rollout] ep 58 (heldout_059): steps=5 success=True
[hybrid-rollout] ep 59 (heldout_060): steps=6 success=True
[hybrid-rollout] ep 60 (heldout_061): steps=5 success=True
[hybrid-rollout] ep 61 (heldout_062): steps=6 success=True
[hybrid-rollout] ep 62 (heldout_063): steps=5 success=True
[hybrid-rollout] ep 63 (heldout_064): steps=4 success=True
[hybrid-rollout] ep 64 (heldout_065): steps=7 success=True
[hybrid-rollout] ep 65 (heldout_066): steps=6 success=True
[hybrid-rollout] ep 66 (heldout_067): steps=5 success=True
[hybrid-rollout] ep 67 (heldout_068): steps=4 success=True
[hybrid-rollout] ep 68 (heldout_069): steps=4 success=True
[hybrid-rollout] ep 69 (heldout_070): steps=7 success=True
[hybrid-rollout] ep 70 (heldout_071): steps=5 success=True
[hybrid-rollout] ep 71 (heldout_072): steps=5 success=True
[hybrid-rollout] ep 72 (heldout_073): steps=6 success=True
[hybrid-rollout] ep 73 (heldout_074): steps=4 success=True
[hybrid-rollout] ep 74 (heldout_075): steps=5 success=True
[hybrid-rollout] ep 75 (heldout_076): steps=7 success=True
[hybrid-rollout] ep 76 (heldout_077): steps=4 success=True
[hybrid-rollout] ep 77 (heldout_078): steps=3 success=False
[hybrid-rollout] ep 78 (heldout_079): steps=4 success=True
[hybrid-rollout] ep 79 (heldout_080): steps=4 success=True
[hybrid-rollout] ep 80 (heldout_081): steps=5 success=True
[hybrid-rollout] ep 81 (heldout_082): steps=5 success=True
[hybrid-rollout] ep 82 (heldout_083): steps=4 success=True
[hybrid-rollout] ep 83 (heldout_084): steps=5 success=True
[hybrid-rollout] ep 84 (heldout_085): steps=60 success=False
[hybrid-rollout] ep 85 (heldout_086): steps=6 success=True
[hybrid-rollout] ep 86 (heldout_087): steps=7 success=True
[hybrid-rollout] ep 87 (heldout_088): steps=4 success=True
[hybrid-rollout] ep 88 (heldout_089): steps=3 success=False
[hybrid-rollout] ep 89 (heldout_090): steps=4 success=True
[hybrid-rollout] ep 90 (heldout_091): steps=5 success=True
[hybrid-rollout] ep 91 (heldout_092): steps=5 success=True
[hybrid-rollout] ep 92 (heldout_093): steps=6 success=True
[hybrid-rollout] ep 93 (heldout_094): steps=6 success=True
[hybrid-rollout] ep 94 (heldout_095): steps=7 success=True
[hybrid-rollout] ep 95 (heldout_096): steps=5 success=True
[hybrid-rollout] ep 96 (heldout_097): steps=5 success=True
[hybrid-rollout] ep 97 (heldout_098): steps=5 success=True
[hybrid-rollout] ep 98 (heldout_099): steps=6 success=True
[hybrid-rollout] ep 99 (heldout_100): steps=60 success=False
[hybrid-rollout] ep 100 (heldout_101): steps=4 success=True
[hybrid-rollout] ep 101 (heldout_102): steps=4 success=True
[hybrid-rollout] ep 102 (heldout_103): steps=60 success=False
[hybrid-rollout] ep 103 (heldout_104): steps=6 success=True
[hybrid-rollout] ep 104 (heldout_105): steps=4 success=True
[hybrid-rollout] ep 105 (heldout_106): steps=6 success=True
[hybrid-rollout] ep 106 (heldout_107): steps=4 success=True
[hybrid-rollout] ep 107 (heldout_108): steps=4 success=True
[hybrid-rollout] ep 108 (heldout_109): steps=4 success=True
[hybrid-rollout] ep 109 (heldout_110): steps=4 success=True
[hybrid-rollout] ep 110 (heldout_111): steps=5 success=False
[hybrid-rollout] ep 111 (heldout_112): steps=5 success=True
[hybrid-rollout] ep 112 (heldout_113): steps=5 success=True
[hybrid-rollout] ep 113 (heldout_114): steps=60 success=False
[hybrid-rollout] ep 114 (heldout_115): steps=4 success=True
[hybrid-rollout] ep 115 (heldout_116): steps=5 success=True
[hybrid-rollout] ep 116 (heldout_117): steps=5 success=True
[hybrid-rollout] ep 117 (heldout_118): steps=7 success=True
[hybrid-rollout] ep 118 (heldout_119): steps=4 success=True
[hybrid-rollout] ep 119 (heldout_120): steps=7 success=True
[hybrid-rollout] ep 120 (heldout_121): steps=4 success=True
[hybrid-rollout] ep 121 (heldout_122): steps=4 success=True
[hybrid-rollout] ep 122 (heldout_123): steps=6 success=True
[hybrid-rollout] ep 123 (heldout_124): steps=8 success=True
[hybrid-rollout] ep 124 (heldout_125): steps=4 success=True
[hybrid-rollout] ep 125 (heldout_126): steps=4 success=True
[hybrid-rollout] ep 126 (heldout_127): steps=4 success=False
[hybrid-rollout] ep 127 (heldout_128): steps=7 success=True
[hybrid-rollout] ep 128 (heldout_129): steps=4 success=True
[hybrid-rollout] ep 129 (heldout_130): steps=4 success=True
[hybrid-rollout] ep 130 (heldout_131): steps=5 success=False
[hybrid-rollout] ep 131 (heldout_132): steps=4 success=True
[hybrid-rollout] ep 132 (heldout_133): steps=4 success=True
[hybrid-rollout] ep 133 (heldout_134): steps=7 success=True
[hybrid-rollout] ep 134 (heldout_135): steps=6 success=True
[hybrid-rollout] ep 135 (heldout_136): steps=5 success=True
[hybrid-rollout] ep 136 (heldout_137): steps=5 success=True
[hybrid-rollout] ep 137 (heldout_138): steps=4 success=True
[hybrid-rollout] ep 138 (heldout_139): steps=4 success=True
[hybrid-rollout] ep 139 (heldout_140): steps=5 success=True
[hybrid-rollout] ep 140 (heldout_141): steps=60 success=False
[hybrid-rollout] ep 141 (heldout_142): steps=4 success=True
[hybrid-rollout] ep 142 (heldout_143): steps=6 success=True
[hybrid-rollout] ep 143 (heldout_144): steps=4 success=True
[hybrid-rollout] ep 144 (heldout_145): steps=5 success=True
[hybrid-rollout] ep 145 (heldout_146): steps=7 success=True
[hybrid-rollout] ep 146 (heldout_147): steps=4 success=True
[hybrid-rollout] ep 147 (heldout_148): steps=60 success=False
[hybrid-rollout] ep 148 (heldout_149): steps=5 success=True
[hybrid-rollout] ep 149 (heldout_150): steps=4 success=True
[hybrid-rollout] ep 150 (heldout_151): steps=5 success=True
[hybrid-rollout] ep 151 (heldout_152): steps=6 success=True
[hybrid-rollout] ep 152 (heldout_153): steps=5 success=True
[hybrid-rollout] ep 153 (heldout_154): steps=60 success=False
[hybrid-rollout] ep 154 (heldout_155): steps=6 success=True
[hybrid-rollout] ep 155 (heldout_156): steps=3 success=False
[hybrid-rollout] ep 156 (heldout_157): steps=4 success=True
[hybrid-rollout] ep 157 (heldout_158): steps=3 success=False
[hybrid-rollout] ep 158 (heldout_159): steps=6 success=True
[hybrid-rollout] ep 159 (heldout_160): steps=60 success=False
[hybrid-rollout] ep 160 (heldout_161): steps=60 success=False
[hybrid-rollout] ep 161 (heldout_162): steps=5 success=True
[hybrid-rollout] ep 162 (heldout_163): steps=4 success=True
[hybrid-rollout] ep 163 (heldout_164): steps=6 success=True
[hybrid-rollout] ep 164 (heldout_165): steps=5 success=True
[hybrid-rollout] ep 165 (heldout_166): steps=4 success=True
[hybrid-rollout] ep 166 (heldout_167): steps=4 success=True
[hybrid-rollout] ep 167 (heldout_168): steps=4 success=True
[hybrid-rollout] ep 168 (heldout_169): steps=6 success=True
[hybrid-rollout] ep 169 (heldout_170): steps=6 success=True
[hybrid-rollout] ep 170 (heldout_171): steps=4 success=True
[hybrid-rollout] ep 171 (heldout_172): steps=5 success=True
[hybrid-rollout] ep 172 (heldout_173): steps=4 success=True
[hybrid-rollout] ep 173 (heldout_174): steps=5 success=True
[hybrid-rollout] ep 174 (heldout_175): steps=7 success=True
[hybrid-rollout] ep 175 (heldout_176): steps=6 success=True
[hybrid-rollout] ep 176 (heldout_177): steps=6 success=True
[hybrid-rollout] ep 177 (heldout_178): steps=5 success=True
[hybrid-rollout] ep 178 (heldout_179): steps=5 success=True
[hybrid-rollout] ep 179 (heldout_180): steps=4 success=True
[hybrid-rollout] ep 180 (heldout_181): steps=5 success=True
[hybrid-rollout] ep 181 (heldout_182): steps=4 success=True
[hybrid-rollout] ep 182 (heldout_183): steps=5 success=True
[hybrid-rollout] ep 183 (heldout_184): steps=7 success=True
[hybrid-rollout] ep 184 (heldout_185): steps=5 success=True
[hybrid-rollout] ep 185 (heldout_186): steps=4 success=True
[hybrid-rollout] ep 186 (heldout_187): steps=5 success=True
[hybrid-rollout] ep 187 (heldout_188): steps=5 success=True
[hybrid-rollout] ep 188 (heldout_189): steps=60 success=False
[hybrid-rollout] ep 189 (heldout_190): steps=7 success=True
[hybrid-rollout] ep 190 (heldout_191): steps=4 success=True
[hybrid-rollout] ep 191 (heldout_192): steps=5 success=True
[hybrid-rollout] ep 192 (heldout_193): steps=7 success=True
[hybrid-rollout] ep 193 (heldout_194): steps=6 success=True
[hybrid-rollout] ep 194 (heldout_195): steps=5 success=True
[hybrid-rollout] ep 195 (heldout_196): steps=4 success=True
[hybrid-rollout] ep 196 (heldout_197): steps=5 success=True
[hybrid-rollout] ep 197 (heldout_198): steps=4 success=True
[hybrid-rollout] ep 198 (heldout_199): steps=4 success=True
[hybrid-rollout] ep 199 (heldout_200): steps=4 success=True
[hybrid-rollout] DONE successes=176/200
[16:18:52] [replay_p4] run 6 round 15: extras=15 heldout_sr=0.880
[16:18:52] [replay_p4] run 6 DONE: final_sr=0.88 n_demos=15
