[19:26:00] [bo-budget] $ /home/s226137394/.conda/envs/maze/bin/python3 -u -m Equivariant_pathway.equivariant_CNN_hybrid.rollout_test --checkpoint /weka/s226137394/DmNfull/Equivariant_pathway/equivariant_CNN_hybrid/baseline_vs_p4/pool_x_selector/results_hpsweep/e90_lr0.0001_rm0.3_do0/run_6/p4_top3_rotate/checkpoints/best_hybrid_policy.pth --layouts /weka/s226137394/DmNfull/Equivariant_pathway/equivariant_CNN_hybrid/baseline_vs_p4/shared/heldout_layouts.yaml --out_dir /weka/s226137394/DmNfull/Equivariant_pathway/equivariant_CNN_hybrid/baseline_vs_p4/pool_x_selector/results_hpsweep/e90_lr0.0001_rm0.3_do0/run_6/p4_top3_rotate/results/eval_round_000 --seed 6 --max_steps 60
[hybrid-rollout] 200 unique; running 200 eps
[hybrid-rollout] loaded /weka/s226137394/DmNfull/Equivariant_pathway/equivariant_CNN_hybrid/baseline_vs_p4/pool_x_selector/results_hpsweep/e90_lr0.0001_rm0.3_do0/run_6/p4_top3_rotate/checkpoints/best_hybrid_policy.pth
[hybrid-rollout] ep 0 (heldout_001): steps=5 success=True
[hybrid-rollout] ep 1 (heldout_002): steps=60 success=False
[hybrid-rollout] ep 2 (heldout_003): steps=4 success=False
[hybrid-rollout] ep 3 (heldout_004): steps=60 success=False
[hybrid-rollout] ep 4 (heldout_005): steps=5 success=True
[hybrid-rollout] ep 5 (heldout_006): steps=3 success=False
[hybrid-rollout] ep 6 (heldout_007): steps=60 success=False
[hybrid-rollout] ep 7 (heldout_008): steps=60 success=False
[hybrid-rollout] ep 8 (heldout_009): steps=2 success=False
[hybrid-rollout] ep 9 (heldout_010): steps=60 success=False
[hybrid-rollout] ep 10 (heldout_011): steps=4 success=True
[hybrid-rollout] ep 11 (heldout_012): steps=3 success=False
[hybrid-rollout] ep 12 (heldout_013): steps=60 success=False
[hybrid-rollout] ep 13 (heldout_014): steps=5 success=True
[hybrid-rollout] ep 14 (heldout_015): steps=4 success=True
[hybrid-rollout] ep 15 (heldout_016): steps=1 success=False
[hybrid-rollout] ep 16 (heldout_017): steps=4 success=True
[hybrid-rollout] ep 17 (heldout_018): steps=60 success=False
[hybrid-rollout] ep 18 (heldout_019): steps=60 success=False
[hybrid-rollout] ep 19 (heldout_020): steps=5 success=True
[hybrid-rollout] ep 20 (heldout_021): steps=60 success=False
[hybrid-rollout] ep 21 (heldout_022): steps=60 success=False
[hybrid-rollout] ep 22 (heldout_023): steps=60 success=False
[hybrid-rollout] ep 23 (heldout_024): steps=60 success=False
[hybrid-rollout] ep 24 (heldout_025): steps=4 success=True
[hybrid-rollout] ep 25 (heldout_026): steps=4 success=True
[hybrid-rollout] ep 26 (heldout_027): steps=4 success=True
[hybrid-rollout] ep 27 (heldout_028): steps=4 success=True
[hybrid-rollout] ep 28 (heldout_029): steps=60 success=False
[hybrid-rollout] ep 29 (heldout_030): steps=60 success=False
[hybrid-rollout] ep 30 (heldout_031): steps=60 success=False
[hybrid-rollout] ep 31 (heldout_032): steps=60 success=False
[hybrid-rollout] ep 32 (heldout_033): steps=4 success=True
[hybrid-rollout] ep 33 (heldout_034): steps=60 success=False
[hybrid-rollout] ep 34 (heldout_035): steps=60 success=False
[hybrid-rollout] ep 35 (heldout_036): steps=5 success=True
[hybrid-rollout] ep 36 (heldout_037): steps=2 success=False
[hybrid-rollout] ep 37 (heldout_038): steps=5 success=True
[hybrid-rollout] ep 38 (heldout_039): steps=6 success=True
[hybrid-rollout] ep 39 (heldout_040): steps=2 success=False
[hybrid-rollout] ep 40 (heldout_041): steps=60 success=False
[hybrid-rollout] ep 41 (heldout_042): steps=60 success=False
[hybrid-rollout] ep 42 (heldout_043): steps=60 success=False
[hybrid-rollout] ep 43 (heldout_044): steps=5 success=True
[hybrid-rollout] ep 44 (heldout_045): steps=3 success=False
[hybrid-rollout] ep 45 (heldout_046): steps=4 success=True
[hybrid-rollout] ep 46 (heldout_047): steps=6 success=True
[hybrid-rollout] ep 47 (heldout_048): steps=6 success=True
[hybrid-rollout] ep 48 (heldout_049): steps=60 success=False
[hybrid-rollout] ep 49 (heldout_050): steps=60 success=False
[hybrid-rollout] ep 50 (heldout_051): steps=4 success=True
[hybrid-rollout] ep 51 (heldout_052): steps=4 success=True
[hybrid-rollout] ep 52 (heldout_053): steps=60 success=False
[hybrid-rollout] ep 53 (heldout_054): steps=4 success=True
[hybrid-rollout] ep 54 (heldout_055): steps=60 success=False
[hybrid-rollout] ep 55 (heldout_056): steps=4 success=True
[hybrid-rollout] ep 56 (heldout_057): steps=4 success=True
[hybrid-rollout] ep 57 (heldout_058): steps=4 success=True
[hybrid-rollout] ep 58 (heldout_059): steps=60 success=False
[hybrid-rollout] ep 59 (heldout_060): steps=6 success=True
[hybrid-rollout] ep 60 (heldout_061): steps=5 success=True
[hybrid-rollout] ep 61 (heldout_062): steps=6 success=True
[hybrid-rollout] ep 62 (heldout_063): steps=5 success=True
[hybrid-rollout] ep 63 (heldout_064): steps=1 success=False
[hybrid-rollout] ep 64 (heldout_065): steps=3 success=False
[hybrid-rollout] ep 65 (heldout_066): steps=6 success=True
[hybrid-rollout] ep 66 (heldout_067): steps=5 success=True
[hybrid-rollout] ep 67 (heldout_068): steps=4 success=True
[hybrid-rollout] ep 68 (heldout_069): steps=60 success=False
[hybrid-rollout] ep 69 (heldout_070): steps=60 success=False
[hybrid-rollout] ep 70 (heldout_071): steps=5 success=True
[hybrid-rollout] ep 71 (heldout_072): steps=60 success=False
[hybrid-rollout] ep 72 (heldout_073): steps=6 success=True
[hybrid-rollout] ep 73 (heldout_074): steps=60 success=False
[hybrid-rollout] ep 74 (heldout_075): steps=5 success=True
[hybrid-rollout] ep 75 (heldout_076): steps=60 success=False
[hybrid-rollout] ep 76 (heldout_077): steps=4 success=True
[hybrid-rollout] ep 77 (heldout_078): steps=3 success=False
[hybrid-rollout] ep 78 (heldout_079): steps=4 success=True
[hybrid-rollout] ep 79 (heldout_080): steps=4 success=True
[hybrid-rollout] ep 80 (heldout_081): steps=60 success=False
[hybrid-rollout] ep 81 (heldout_082): steps=5 success=True
[hybrid-rollout] ep 82 (heldout_083): steps=60 success=False
[hybrid-rollout] ep 83 (heldout_084): steps=1 success=False
[hybrid-rollout] ep 84 (heldout_085): steps=60 success=False
[hybrid-rollout] ep 85 (heldout_086): steps=6 success=True
[hybrid-rollout] ep 86 (heldout_087): steps=60 success=False
[hybrid-rollout] ep 87 (heldout_088): steps=60 success=False
[hybrid-rollout] ep 88 (heldout_089): steps=3 success=False
[hybrid-rollout] ep 89 (heldout_090): steps=4 success=True
[hybrid-rollout] ep 90 (heldout_091): steps=3 success=False
[hybrid-rollout] ep 91 (heldout_092): steps=5 success=True
[hybrid-rollout] ep 92 (heldout_093): steps=1 success=False
[hybrid-rollout] ep 93 (heldout_094): steps=6 success=True
[hybrid-rollout] ep 94 (heldout_095): steps=7 success=True
[hybrid-rollout] ep 95 (heldout_096): steps=60 success=False
[hybrid-rollout] ep 96 (heldout_097): steps=5 success=True
[hybrid-rollout] ep 97 (heldout_098): steps=1 success=False
[hybrid-rollout] ep 98 (heldout_099): steps=60 success=False
[hybrid-rollout] ep 99 (heldout_100): steps=60 success=False
[hybrid-rollout] ep 100 (heldout_101): steps=4 success=True
[hybrid-rollout] ep 101 (heldout_102): steps=4 success=True
[hybrid-rollout] ep 102 (heldout_103): steps=60 success=False
[hybrid-rollout] ep 103 (heldout_104): steps=6 success=True
[hybrid-rollout] ep 104 (heldout_105): steps=4 success=True
[hybrid-rollout] ep 105 (heldout_106): steps=60 success=False
[hybrid-rollout] ep 106 (heldout_107): steps=4 success=True
[hybrid-rollout] ep 107 (heldout_108): steps=60 success=False
[hybrid-rollout] ep 108 (heldout_109): steps=4 success=True
[hybrid-rollout] ep 109 (heldout_110): steps=6 success=True
[hybrid-rollout] ep 110 (heldout_111): steps=60 success=False
[hybrid-rollout] ep 111 (heldout_112): steps=60 success=False
[hybrid-rollout] ep 112 (heldout_113): steps=5 success=True
[hybrid-rollout] ep 113 (heldout_114): steps=4 success=True
[hybrid-rollout] ep 114 (heldout_115): steps=4 success=True
[hybrid-rollout] ep 115 (heldout_116): steps=60 success=False
[hybrid-rollout] ep 116 (heldout_117): steps=7 success=True
[hybrid-rollout] ep 117 (heldout_118): steps=60 success=False
[hybrid-rollout] ep 118 (heldout_119): steps=60 success=False
[hybrid-rollout] ep 119 (heldout_120): steps=7 success=True
[hybrid-rollout] ep 120 (heldout_121): steps=60 success=False
[hybrid-rollout] ep 121 (heldout_122): steps=60 success=False
[hybrid-rollout] ep 122 (heldout_123): steps=6 success=True
[hybrid-rollout] ep 123 (heldout_124): steps=1 success=False
[hybrid-rollout] ep 124 (heldout_125): steps=4 success=True
[hybrid-rollout] ep 125 (heldout_126): steps=4 success=True
[hybrid-rollout] ep 126 (heldout_127): steps=60 success=False
[hybrid-rollout] ep 127 (heldout_128): steps=60 success=False
[hybrid-rollout] ep 128 (heldout_129): steps=1 success=False
[hybrid-rollout] ep 129 (heldout_130): steps=4 success=True
[hybrid-rollout] ep 130 (heldout_131): steps=60 success=False
[hybrid-rollout] ep 131 (heldout_132): steps=4 success=True
[hybrid-rollout] ep 132 (heldout_133): steps=4 success=True
[hybrid-rollout] ep 133 (heldout_134): steps=60 success=False
[hybrid-rollout] ep 134 (heldout_135): steps=1 success=False
[hybrid-rollout] ep 135 (heldout_136): steps=60 success=False
[hybrid-rollout] ep 136 (heldout_137): steps=5 success=True
[hybrid-rollout] ep 137 (heldout_138): steps=4 success=True
[hybrid-rollout] ep 138 (heldout_139): steps=4 success=True
[hybrid-rollout] ep 139 (heldout_140): steps=60 success=False
[hybrid-rollout] ep 140 (heldout_141): steps=5 success=True
[hybrid-rollout] ep 141 (heldout_142): steps=2 success=False
[hybrid-rollout] ep 142 (heldout_143): steps=6 success=True
[hybrid-rollout] ep 143 (heldout_144): steps=4 success=True
[hybrid-rollout] ep 144 (heldout_145): steps=5 success=True
[hybrid-rollout] ep 145 (heldout_146): steps=60 success=False
[hybrid-rollout] ep 146 (heldout_147): steps=4 success=True
[hybrid-rollout] ep 147 (heldout_148): steps=60 success=False
[hybrid-rollout] ep 148 (heldout_149): steps=60 success=False
[hybrid-rollout] ep 149 (heldout_150): steps=4 success=True
[hybrid-rollout] ep 150 (heldout_151): steps=5 success=True
[hybrid-rollout] ep 151 (heldout_152): steps=5 success=False
[hybrid-rollout] ep 152 (heldout_153): steps=2 success=False
[hybrid-rollout] ep 153 (heldout_154): steps=60 success=False
[hybrid-rollout] ep 154 (heldout_155): steps=60 success=False
[hybrid-rollout] ep 155 (heldout_156): steps=4 success=False
[hybrid-rollout] ep 156 (heldout_157): steps=60 success=False
[hybrid-rollout] ep 157 (heldout_158): steps=3 success=False
[hybrid-rollout] ep 158 (heldout_159): steps=6 success=True
[hybrid-rollout] ep 159 (heldout_160): steps=60 success=False
[hybrid-rollout] ep 160 (heldout_161): steps=60 success=False
[hybrid-rollout] ep 161 (heldout_162): steps=5 success=True
[hybrid-rollout] ep 162 (heldout_163): steps=4 success=True
[hybrid-rollout] ep 163 (heldout_164): steps=60 success=False
[hybrid-rollout] ep 164 (heldout_165): steps=5 success=True
[hybrid-rollout] ep 165 (heldout_166): steps=4 success=True
[hybrid-rollout] ep 166 (heldout_167): steps=60 success=False
[hybrid-rollout] ep 167 (heldout_168): steps=4 success=True
[hybrid-rollout] ep 168 (heldout_169): steps=4 success=False
[hybrid-rollout] ep 169 (heldout_170): steps=60 success=False
[hybrid-rollout] ep 170 (heldout_171): steps=60 success=False
[hybrid-rollout] ep 171 (heldout_172): steps=60 success=False
[hybrid-rollout] ep 172 (heldout_173): steps=4 success=True
[hybrid-rollout] ep 173 (heldout_174): steps=5 success=True
[hybrid-rollout] ep 174 (heldout_175): steps=7 success=True
[hybrid-rollout] ep 175 (heldout_176): steps=6 success=True
[hybrid-rollout] ep 176 (heldout_177): steps=60 success=False
[hybrid-rollout] ep 177 (heldout_178): steps=1 success=False
[hybrid-rollout] ep 178 (heldout_179): steps=60 success=False
[hybrid-rollout] ep 179 (heldout_180): steps=4 success=True
[hybrid-rollout] ep 180 (heldout_181): steps=5 success=True
[hybrid-rollout] ep 181 (heldout_182): steps=4 success=True
[hybrid-rollout] ep 182 (heldout_183): steps=2 success=False
[hybrid-rollout] ep 183 (heldout_184): steps=5 success=False
[hybrid-rollout] ep 184 (heldout_185): steps=60 success=False
[hybrid-rollout] ep 185 (heldout_186): steps=4 success=True
[hybrid-rollout] ep 186 (heldout_187): steps=1 success=False
[hybrid-rollout] ep 187 (heldout_188): steps=5 success=True
[hybrid-rollout] ep 188 (heldout_189): steps=60 success=False
[hybrid-rollout] ep 189 (heldout_190): steps=7 success=True
[hybrid-rollout] ep 190 (heldout_191): steps=1 success=False
[hybrid-rollout] ep 191 (heldout_192): steps=7 success=True
[hybrid-rollout] ep 192 (heldout_193): steps=60 success=False
[hybrid-rollout] ep 193 (heldout_194): steps=5 success=False
[hybrid-rollout] ep 194 (heldout_195): steps=5 success=True
[hybrid-rollout] ep 195 (heldout_196): steps=4 success=True
[hybrid-rollout] ep 196 (heldout_197): steps=5 success=True
[hybrid-rollout] ep 197 (heldout_198): steps=60 success=False
[hybrid-rollout] ep 198 (heldout_199): steps=60 success=False
[hybrid-rollout] ep 199 (heldout_200): steps=4 success=True
[hybrid-rollout] DONE successes=94/200
[19:28:08] [replay_p4] run 6: init heldout_sr=0.470  replaying 15 P4 rounds (15 demos) at 90 epochs
[19:28:08] [replay_p4] $ /home/s226137394/.conda/envs/maze/bin/python3 -u -m Equivariant_pathway.equivariant_CNN_hybrid.baseline_vs_p4.pool_x_selector.trainer.finetune_replay --demo_dir /weka/s226137394/DmNfull/Equivariant_pathway/equivariant_CNN_hybrid/baseline_vs_p4/pool_x_selector/results_hpsweep/e90_lr0.0001_rm0.3_do0/run_6/p4_top3_rotate/demos --checkpoint_dir /weka/s226137394/DmNfull/Equivariant_pathway/equivariant_CNN_hybrid/baseline_vs_p4/pool_x_selector/results_hpsweep/e90_lr0.0001_rm0.3_do0/run_6/p4_top3_rotate/checkpoints --epochs 90 --batch_size 64 --lr 0.0001 --weight_decay 0.0001 --replay_mix 0.3 --replay_mix_floor 0.2 --head_dropout 0.0 --seed 6 --resume --new_demos_dir /weka/s226137394/DmNfull/Equivariant_pathway/equivariant_CNN_hybrid/baseline_vs_p4/pool_x_selector/results_hpsweep/e90_lr0.0001_rm0.3_do0/run_6/p4_top3_rotate/demos/round_001
[finetune_replay] device=cuda demo_dir=/weka/s226137394/DmNfull/Equivariant_pathway/equivariant_CNN_hybrid/baseline_vs_p4/pool_x_selector/results_hpsweep/e90_lr0.0001_rm0.3_do0/run_6/p4_top3_rotate/demos new_demos_dir=/weka/s226137394/DmNfull/Equivariant_pathway/equivariant_CNN_hybrid/baseline_vs_p4/pool_x_selector/results_hpsweep/e90_lr0.0001_rm0.3_do0/run_6/p4_top3_rotate/demos/round_001
[hybrid-dataset] 20 demos -> 103 samples
[hybrid-dataset] 1 demos -> 6 samples
[finetune_replay] sampler audit: {'n_old_samples': 103, 'n_new_samples': 6, 'replay_mix_target': 0.3, 'replay_mix_effective': 0.3, 'replay_mix_floor': 0.2}
[finetune_replay] trainable params: 1,400,028
[finetune_replay] WARM START from last_hybrid_policy.pth
[finetune_replay] ep   1/90 | train loss=0.7256 top1=0.778 | val loss=0.1797 | t=1.0s  *
[finetune_replay] ep   2/90 | train loss=0.2910 top1=0.990 | val loss=0.0507 | t=0.1s  *
[finetune_replay] ep   3/90 | train loss=0.1457 top1=1.000 | val loss=0.1202 | t=0.2s
[finetune_replay] ep   4/90 | train loss=0.1917 top1=1.000 | val loss=0.0844 | t=0.1s
[finetune_replay] ep   5/90 | train loss=0.0689 top1=1.000 | val loss=0.0688 | t=0.2s
[finetune_replay] ep   6/90 | train loss=0.0662 top1=1.000 | val loss=0.1092 | t=0.1s
[finetune_replay] ep   7/90 | train loss=0.0484 top1=1.000 | val loss=0.1564 | t=0.1s
[finetune_replay] ep   8/90 | train loss=0.0338 top1=1.000 | val loss=0.1163 | t=0.1s
[finetune_replay] ep   9/90 | train loss=0.0203 top1=1.000 | val loss=0.1179 | t=0.2s
[finetune_replay] ep  10/90 | train loss=0.0146 top1=1.000 | val loss=0.1265 | t=0.1s
[finetune_replay] ep  11/90 | train loss=0.0134 top1=1.000 | val loss=0.1202 | t=0.1s
[finetune_replay] ep  12/90 | train loss=0.0107 top1=1.000 | val loss=0.1192 | t=0.1s
[finetune_replay] ep  13/90 | train loss=0.0084 top1=1.000 | val loss=0.1012 | t=0.1s
[finetune_replay] ep  14/90 | train loss=0.0098 top1=1.000 | val loss=0.1072 | t=0.1s
[finetune_replay] ep  15/90 | train loss=0.0053 top1=1.000 | val loss=0.1281 | t=0.1s
[finetune_replay] ep  16/90 | train loss=0.0068 top1=1.000 | val loss=0.1408 | t=0.1s
[finetune_replay] ep  17/90 | train loss=0.0059 top1=1.000 | val loss=0.1237 | t=0.1s
[finetune_replay] ep  18/90 | train loss=0.0055 top1=1.000 | val loss=0.1078 | t=0.1s
[finetune_replay] ep  19/90 | train loss=0.0050 top1=1.000 | val loss=0.1154 | t=0.1s
[finetune_replay] ep  20/90 | train loss=0.0041 top1=1.000 | val loss=0.1220 | t=0.1s
[finetune_replay] ep  21/90 | train loss=0.0035 top1=1.000 | val loss=0.1022 | t=0.1s
[finetune_replay] ep  22/90 | train loss=0.0041 top1=1.000 | val loss=0.0992 | t=0.1s
[finetune_replay] ep  23/90 | train loss=0.0034 top1=1.000 | val loss=0.1176 | t=0.1s
[finetune_replay] ep  24/90 | train loss=0.0045 top1=1.000 | val loss=0.1289 | t=0.1s
[finetune_replay] ep  25/90 | train loss=0.0027 top1=1.000 | val loss=0.1273 | t=0.1s
[finetune_replay] ep  26/90 | train loss=0.0084 top1=1.000 | val loss=0.1386 | t=0.1s
[finetune_replay] ep  27/90 | train loss=0.0081 top1=1.000 | val loss=0.1442 | t=0.1s
[finetune_replay] ep  28/90 | train loss=0.0038 top1=1.000 | val loss=0.1108 | t=0.1s
[finetune_replay] ep  29/90 | train loss=0.0064 top1=1.000 | val loss=0.0871 | t=0.1s
[finetune_replay] ep  30/90 | train loss=0.0035 top1=1.000 | val loss=0.1162 | t=0.1s
[finetune_replay] ep  31/90 | train loss=0.0029 top1=1.000 | val loss=0.1359 | t=0.1s
[finetune_replay] ep  32/90 | train loss=0.0048 top1=1.000 | val loss=0.1068 | t=0.1s
[finetune_replay] ep  33/90 | train loss=0.0033 top1=1.000 | val loss=0.0899 | t=0.1s
[finetune_replay] ep  34/90 | train loss=0.0037 top1=1.000 | val loss=0.0933 | t=0.1s
[finetune_replay] ep  35/90 | train loss=0.0026 top1=1.000 | val loss=0.1130 | t=0.1s
[finetune_replay] ep  36/90 | train loss=0.0019 top1=1.000 | val loss=0.1261 | t=0.1s
[finetune_replay] ep  37/90 | train loss=0.0023 top1=1.000 | val loss=0.1250 | t=0.1s
[finetune_replay] ep  38/90 | train loss=0.0023 top1=1.000 | val loss=0.1118 | t=0.1s
[finetune_replay] ep  39/90 | train loss=0.0024 top1=1.000 | val loss=0.1098 | t=0.1s
[finetune_replay] ep  40/90 | train loss=0.0019 top1=1.000 | val loss=0.1159 | t=0.1s
[finetune_replay] ep  41/90 | train loss=0.0018 top1=1.000 | val loss=0.1143 | t=0.1s
[finetune_replay] ep  42/90 | train loss=0.0017 top1=1.000 | val loss=0.1113 | t=0.1s
[finetune_replay] ep  43/90 | train loss=0.0017 top1=1.000 | val loss=0.1053 | t=0.1s
[finetune_replay] ep  44/90 | train loss=0.0020 top1=1.000 | val loss=0.1033 | t=0.1s
[finetune_replay] ep  45/90 | train loss=0.0018 top1=1.000 | val loss=0.1063 | t=0.1s
[finetune_replay] ep  46/90 | train loss=0.0016 top1=1.000 | val loss=0.1126 | t=0.1s
[finetune_replay] ep  47/90 | train loss=0.0018 top1=1.000 | val loss=0.1134 | t=0.1s
[finetune_replay] ep  48/90 | train loss=0.0016 top1=1.000 | val loss=0.1083 | t=0.1s
[finetune_replay] ep  49/90 | train loss=0.0016 top1=1.000 | val loss=0.1054 | t=0.1s
[finetune_replay] ep  50/90 | train loss=0.0016 top1=1.000 | val loss=0.1044 | t=0.1s
[finetune_replay] ep  51/90 | train loss=0.0016 top1=1.000 | val loss=0.1011 | t=0.1s
[finetune_replay] ep  52/90 | train loss=0.0013 top1=1.000 | val loss=0.1036 | t=0.1s
[finetune_replay] ep  53/90 | train loss=0.0015 top1=1.000 | val loss=0.1116 | t=0.1s
[finetune_replay] ep  54/90 | train loss=0.0016 top1=1.000 | val loss=0.1144 | t=0.1s
[finetune_replay] ep  55/90 | train loss=0.0018 top1=1.000 | val loss=0.1142 | t=0.1s
[finetune_replay] ep  56/90 | train loss=0.0015 top1=1.000 | val loss=0.1121 | t=0.1s
[finetune_replay] ep  57/90 | train loss=0.0014 top1=1.000 | val loss=0.1104 | t=0.1s
[finetune_replay] ep  58/90 | train loss=0.0012 top1=1.000 | val loss=0.1098 | t=0.1s
[finetune_replay] ep  59/90 | train loss=0.0013 top1=1.000 | val loss=0.1076 | t=0.1s
[finetune_replay] ep  60/90 | train loss=0.0013 top1=1.000 | val loss=0.1081 | t=0.1s
[finetune_replay] ep  61/90 | train loss=0.0016 top1=1.000 | val loss=0.1092 | t=0.1s
[finetune_replay] ep  62/90 | train loss=0.0012 top1=1.000 | val loss=0.1128 | t=0.1s
[finetune_replay] ep  63/90 | train loss=0.0012 top1=1.000 | val loss=0.1133 | t=0.1s
[finetune_replay] ep  64/90 | train loss=0.0014 top1=1.000 | val loss=0.1145 | t=0.1s
[finetune_replay] ep  65/90 | train loss=0.0012 top1=1.000 | val loss=0.1147 | t=0.1s
[finetune_replay] ep  66/90 | train loss=0.0013 top1=1.000 | val loss=0.1153 | t=0.1s
[finetune_replay] ep  67/90 | train loss=0.0016 top1=1.000 | val loss=0.1171 | t=0.1s
[finetune_replay] ep  68/90 | train loss=0.0012 top1=1.000 | val loss=0.1135 | t=0.1s
[finetune_replay] ep  69/90 | train loss=0.0015 top1=1.000 | val loss=0.1129 | t=0.1s
[finetune_replay] ep  70/90 | train loss=0.0015 top1=1.000 | val loss=0.1115 | t=0.1s
[finetune_replay] ep  71/90 | train loss=0.0013 top1=1.000 | val loss=0.1110 | t=0.1s
[finetune_replay] ep  72/90 | train loss=0.0011 top1=1.000 | val loss=0.1105 | t=0.1s
[finetune_replay] ep  73/90 | train loss=0.0014 top1=1.000 | val loss=0.1089 | t=0.1s
[finetune_replay] ep  74/90 | train loss=0.0012 top1=1.000 | val loss=0.1088 | t=0.1s
[finetune_replay] ep  75/90 | train loss=0.0013 top1=1.000 | val loss=0.1073 | t=0.1s
[finetune_replay] ep  76/90 | train loss=0.0011 top1=1.000 | val loss=0.1073 | t=0.1s
[finetune_replay] ep  77/90 | train loss=0.0010 top1=1.000 | val loss=0.1102 | t=0.1s
[finetune_replay] ep  78/90 | train loss=0.0012 top1=1.000 | val loss=0.1108 | t=0.1s
[finetune_replay] ep  79/90 | train loss=0.0012 top1=1.000 | val loss=0.1102 | t=0.1s
[finetune_replay] ep  80/90 | train loss=0.0011 top1=1.000 | val loss=0.1101 | t=0.1s
[finetune_replay] ep  81/90 | train loss=0.0013 top1=1.000 | val loss=0.1089 | t=0.1s
[finetune_replay] ep  82/90 | train loss=0.0014 top1=1.000 | val loss=0.1097 | t=0.1s
[finetune_replay] ep  83/90 | train loss=0.0012 top1=1.000 | val loss=0.1090 | t=0.1s
[finetune_replay] ep  84/90 | train loss=0.0013 top1=1.000 | val loss=0.1101 | t=0.1s
[finetune_replay] ep  85/90 | train loss=0.0010 top1=1.000 | val loss=0.1093 | t=0.1s
[finetune_replay] ep  86/90 | train loss=0.0012 top1=1.000 | val loss=0.1092 | t=0.1s
[finetune_replay] ep  87/90 | train loss=0.0013 top1=1.000 | val loss=0.1113 | t=0.1s
[finetune_replay] ep  88/90 | train loss=0.0012 top1=1.000 | val loss=0.1093 | t=0.1s
[finetune_replay] ep  89/90 | train loss=0.0011 top1=1.000 | val loss=0.1100 | t=0.1s
[finetune_replay] ep  90/90 | train loss=0.0012 top1=1.000 | val loss=0.1116 | t=0.1s
[finetune_replay] DONE best_val_loss=0.0507 @ epoch 2
[19:28:30] [bo-budget] $ /home/s226137394/.conda/envs/maze/bin/python3 -u -m Equivariant_pathway.equivariant_CNN_hybrid.rollout_test --checkpoint /weka/s226137394/DmNfull/Equivariant_pathway/equivariant_CNN_hybrid/baseline_vs_p4/pool_x_selector/results_hpsweep/e90_lr0.0001_rm0.3_do0/run_6/p4_top3_rotate/checkpoints/best_hybrid_policy.pth --layouts /weka/s226137394/DmNfull/Equivariant_pathway/equivariant_CNN_hybrid/baseline_vs_p4/shared/heldout_layouts.yaml --out_dir /weka/s226137394/DmNfull/Equivariant_pathway/equivariant_CNN_hybrid/baseline_vs_p4/pool_x_selector/results_hpsweep/e90_lr0.0001_rm0.3_do0/run_6/p4_top3_rotate/results/eval_round_001 --seed 7 --max_steps 60
[hybrid-rollout] 200 unique; running 200 eps
[hybrid-rollout] loaded /weka/s226137394/DmNfull/Equivariant_pathway/equivariant_CNN_hybrid/baseline_vs_p4/pool_x_selector/results_hpsweep/e90_lr0.0001_rm0.3_do0/run_6/p4_top3_rotate/checkpoints/best_hybrid_policy.pth
[hybrid-rollout] ep 0 (heldout_001): steps=5 success=True
[hybrid-rollout] ep 1 (heldout_002): steps=60 success=False
[hybrid-rollout] ep 2 (heldout_003): steps=60 success=False
[hybrid-rollout] ep 3 (heldout_004): steps=60 success=False
[hybrid-rollout] ep 4 (heldout_005): steps=5 success=True
[hybrid-rollout] ep 5 (heldout_006): steps=60 success=False
[hybrid-rollout] ep 6 (heldout_007): steps=5 success=True
[hybrid-rollout] ep 7 (heldout_008): steps=4 success=True
[hybrid-rollout] ep 8 (heldout_009): steps=60 success=False
[hybrid-rollout] ep 9 (heldout_010): steps=60 success=False
[hybrid-rollout] ep 10 (heldout_011): steps=4 success=True
[hybrid-rollout] ep 11 (heldout_012): steps=4 success=True
[hybrid-rollout] ep 12 (heldout_013): steps=60 success=False
[hybrid-rollout] ep 13 (heldout_014): steps=5 success=True
[hybrid-rollout] ep 14 (heldout_015): steps=4 success=True
[hybrid-rollout] ep 15 (heldout_016): steps=5 success=True
[hybrid-rollout] ep 16 (heldout_017): steps=60 success=False
[hybrid-rollout] ep 17 (heldout_018): steps=60 success=False
[hybrid-rollout] ep 18 (heldout_019): steps=60 success=False
[hybrid-rollout] ep 19 (heldout_020): steps=5 success=True
[hybrid-rollout] ep 20 (heldout_021): steps=60 success=False
[hybrid-rollout] ep 21 (heldout_022): steps=60 success=False
[hybrid-rollout] ep 22 (heldout_023): steps=60 success=False
[hybrid-rollout] ep 23 (heldout_024): steps=60 success=False
[hybrid-rollout] ep 24 (heldout_025): steps=4 success=True
[hybrid-rollout] ep 25 (heldout_026): steps=4 success=True
[hybrid-rollout] ep 26 (heldout_027): steps=4 success=True
[hybrid-rollout] ep 27 (heldout_028): steps=60 success=False
[hybrid-rollout] ep 28 (heldout_029): steps=7 success=True
[hybrid-rollout] ep 29 (heldout_030): steps=60 success=False
[hybrid-rollout] ep 30 (heldout_031): steps=60 success=False
[hybrid-rollout] ep 31 (heldout_032): steps=5 success=True
[hybrid-rollout] ep 32 (heldout_033): steps=4 success=True
[hybrid-rollout] ep 33 (heldout_034): steps=60 success=False
[hybrid-rollout] ep 34 (heldout_035): steps=60 success=False
[hybrid-rollout] ep 35 (heldout_036): steps=5 success=True
[hybrid-rollout] ep 36 (heldout_037): steps=6 success=True
[hybrid-rollout] ep 37 (heldout_038): steps=5 success=True
[hybrid-rollout] ep 38 (heldout_039): steps=6 success=True
[hybrid-rollout] ep 39 (heldout_040): steps=60 success=False
[hybrid-rollout] ep 40 (heldout_041): steps=60 success=False
[hybrid-rollout] ep 41 (heldout_042): steps=4 success=True
[hybrid-rollout] ep 42 (heldout_043): steps=60 success=False
[hybrid-rollout] ep 43 (heldout_044): steps=5 success=True
[hybrid-rollout] ep 44 (heldout_045): steps=3 success=False
[hybrid-rollout] ep 45 (heldout_046): steps=4 success=True
[hybrid-rollout] ep 46 (heldout_047): steps=6 success=True
[hybrid-rollout] ep 47 (heldout_048): steps=6 success=True
[hybrid-rollout] ep 48 (heldout_049): steps=60 success=False
[hybrid-rollout] ep 49 (heldout_050): steps=4 success=True
[hybrid-rollout] ep 50 (heldout_051): steps=4 success=True
[hybrid-rollout] ep 51 (heldout_052): steps=4 success=True
[hybrid-rollout] ep 52 (heldout_053): steps=60 success=False
[hybrid-rollout] ep 53 (heldout_054): steps=60 success=False
[hybrid-rollout] ep 54 (heldout_055): steps=60 success=False
[hybrid-rollout] ep 55 (heldout_056): steps=4 success=True
[hybrid-rollout] ep 56 (heldout_057): steps=4 success=True
[hybrid-rollout] ep 57 (heldout_058): steps=60 success=False
[hybrid-rollout] ep 58 (heldout_059): steps=5 success=True
[hybrid-rollout] ep 59 (heldout_060): steps=6 success=True
[hybrid-rollout] ep 60 (heldout_061): steps=5 success=True
[hybrid-rollout] ep 61 (heldout_062): steps=6 success=True
[hybrid-rollout] ep 62 (heldout_063): steps=5 success=True
[hybrid-rollout] ep 63 (heldout_064): steps=4 success=True
[hybrid-rollout] ep 64 (heldout_065): steps=60 success=False
[hybrid-rollout] ep 65 (heldout_066): steps=60 success=False
[hybrid-rollout] ep 66 (heldout_067): steps=5 success=True
[hybrid-rollout] ep 67 (heldout_068): steps=4 success=True
[hybrid-rollout] ep 68 (heldout_069): steps=60 success=False
[hybrid-rollout] ep 69 (heldout_070): steps=60 success=False
[hybrid-rollout] ep 70 (heldout_071): steps=5 success=True
[hybrid-rollout] ep 71 (heldout_072): steps=60 success=False
[hybrid-rollout] ep 72 (heldout_073): steps=60 success=False
[hybrid-rollout] ep 73 (heldout_074): steps=4 success=True
[hybrid-rollout] ep 74 (heldout_075): steps=5 success=True
[hybrid-rollout] ep 75 (heldout_076): steps=60 success=False
[hybrid-rollout] ep 76 (heldout_077): steps=60 success=False
[hybrid-rollout] ep 77 (heldout_078): steps=6 success=True
[hybrid-rollout] ep 78 (heldout_079): steps=4 success=True
[hybrid-rollout] ep 79 (heldout_080): steps=4 success=True
[hybrid-rollout] ep 80 (heldout_081): steps=60 success=False
[hybrid-rollout] ep 81 (heldout_082): steps=5 success=True
[hybrid-rollout] ep 82 (heldout_083): steps=60 success=False
[hybrid-rollout] ep 83 (heldout_084): steps=60 success=False
[hybrid-rollout] ep 84 (heldout_085): steps=60 success=False
[hybrid-rollout] ep 85 (heldout_086): steps=6 success=True
[hybrid-rollout] ep 86 (heldout_087): steps=7 success=True
[hybrid-rollout] ep 87 (heldout_088): steps=60 success=False
[hybrid-rollout] ep 88 (heldout_089): steps=3 success=False
[hybrid-rollout] ep 89 (heldout_090): steps=4 success=True
[hybrid-rollout] ep 90 (heldout_091): steps=4 success=False
[hybrid-rollout] ep 91 (heldout_092): steps=60 success=False
[hybrid-rollout] ep 92 (heldout_093): steps=1 success=False
[hybrid-rollout] ep 93 (heldout_094): steps=6 success=True
[hybrid-rollout] ep 94 (heldout_095): steps=7 success=True
[hybrid-rollout] ep 95 (heldout_096): steps=60 success=False
[hybrid-rollout] ep 96 (heldout_097): steps=5 success=True
[hybrid-rollout] ep 97 (heldout_098): steps=5 success=True
[hybrid-rollout] ep 98 (heldout_099): steps=60 success=False
[hybrid-rollout] ep 99 (heldout_100): steps=60 success=False
[hybrid-rollout] ep 100 (heldout_101): steps=4 success=True
[hybrid-rollout] ep 101 (heldout_102): steps=4 success=True
[hybrid-rollout] ep 102 (heldout_103): steps=60 success=False
[hybrid-rollout] ep 103 (heldout_104): steps=6 success=True
[hybrid-rollout] ep 104 (heldout_105): steps=60 success=False
[hybrid-rollout] ep 105 (heldout_106): steps=60 success=False
[hybrid-rollout] ep 106 (heldout_107): steps=4 success=True
[hybrid-rollout] ep 107 (heldout_108): steps=60 success=False
[hybrid-rollout] ep 108 (heldout_109): steps=4 success=True
[hybrid-rollout] ep 109 (heldout_110): steps=60 success=False
[hybrid-rollout] ep 110 (heldout_111): steps=60 success=False
[hybrid-rollout] ep 111 (heldout_112): steps=60 success=False
[hybrid-rollout] ep 112 (heldout_113): steps=7 success=True
[hybrid-rollout] ep 113 (heldout_114): steps=60 success=False
[hybrid-rollout] ep 114 (heldout_115): steps=60 success=False
[hybrid-rollout] ep 115 (heldout_116): steps=5 success=True
[hybrid-rollout] ep 116 (heldout_117): steps=7 success=True
[hybrid-rollout] ep 117 (heldout_118): steps=60 success=False
[hybrid-rollout] ep 118 (heldout_119): steps=60 success=False
[hybrid-rollout] ep 119 (heldout_120): steps=60 success=False
[hybrid-rollout] ep 120 (heldout_121): steps=60 success=False
[hybrid-rollout] ep 121 (heldout_122): steps=60 success=False
[hybrid-rollout] ep 122 (heldout_123): steps=6 success=True
[hybrid-rollout] ep 123 (heldout_124): steps=60 success=False
[hybrid-rollout] ep 124 (heldout_125): steps=4 success=True
[hybrid-rollout] ep 125 (heldout_126): steps=4 success=True
[hybrid-rollout] ep 126 (heldout_127): steps=60 success=False
[hybrid-rollout] ep 127 (heldout_128): steps=60 success=False
[hybrid-rollout] ep 128 (heldout_129): steps=60 success=False
[hybrid-rollout] ep 129 (heldout_130): steps=6 success=True
[hybrid-rollout] ep 130 (heldout_131): steps=60 success=False
[hybrid-rollout] ep 131 (heldout_132): steps=4 success=True
[hybrid-rollout] ep 132 (heldout_133): steps=4 success=True
[hybrid-rollout] ep 133 (heldout_134): steps=60 success=False
[hybrid-rollout] ep 134 (heldout_135): steps=6 success=True
[hybrid-rollout] ep 135 (heldout_136): steps=60 success=False
[hybrid-rollout] ep 136 (heldout_137): steps=60 success=False
[hybrid-rollout] ep 137 (heldout_138): steps=4 success=True
[hybrid-rollout] ep 138 (heldout_139): steps=4 success=True
[hybrid-rollout] ep 139 (heldout_140): steps=60 success=False
[hybrid-rollout] ep 140 (heldout_141): steps=5 success=True
[hybrid-rollout] ep 141 (heldout_142): steps=4 success=True
[hybrid-rollout] ep 142 (heldout_143): steps=60 success=False
[hybrid-rollout] ep 143 (heldout_144): steps=4 success=True
[hybrid-rollout] ep 144 (heldout_145): steps=5 success=True
[hybrid-rollout] ep 145 (heldout_146): steps=60 success=False
[hybrid-rollout] ep 146 (heldout_147): steps=4 success=True
[hybrid-rollout] ep 147 (heldout_148): steps=60 success=False
[hybrid-rollout] ep 148 (heldout_149): steps=60 success=False
[hybrid-rollout] ep 149 (heldout_150): steps=4 success=True
[hybrid-rollout] ep 150 (heldout_151): steps=5 success=True
[hybrid-rollout] ep 151 (heldout_152): steps=1 success=False
[hybrid-rollout] ep 152 (heldout_153): steps=5 success=True
[hybrid-rollout] ep 153 (heldout_154): steps=60 success=False
[hybrid-rollout] ep 154 (heldout_155): steps=60 success=False
[hybrid-rollout] ep 155 (heldout_156): steps=60 success=False
[hybrid-rollout] ep 156 (heldout_157): steps=4 success=True
[hybrid-rollout] ep 157 (heldout_158): steps=6 success=True
[hybrid-rollout] ep 158 (heldout_159): steps=6 success=True
[hybrid-rollout] ep 159 (heldout_160): steps=60 success=False
[hybrid-rollout] ep 160 (heldout_161): steps=60 success=False
[hybrid-rollout] ep 161 (heldout_162): steps=5 success=True
[hybrid-rollout] ep 162 (heldout_163): steps=4 success=True
[hybrid-rollout] ep 163 (heldout_164): steps=4 success=True
[hybrid-rollout] ep 164 (heldout_165): steps=5 success=True
[hybrid-rollout] ep 165 (heldout_166): steps=60 success=False
[hybrid-rollout] ep 166 (heldout_167): steps=60 success=False
[hybrid-rollout] ep 167 (heldout_168): steps=4 success=True
[hybrid-rollout] ep 168 (heldout_169): steps=60 success=False
[hybrid-rollout] ep 169 (heldout_170): steps=5 success=False
[hybrid-rollout] ep 170 (heldout_171): steps=60 success=False
[hybrid-rollout] ep 171 (heldout_172): steps=60 success=False
[hybrid-rollout] ep 172 (heldout_173): steps=4 success=True
[hybrid-rollout] ep 173 (heldout_174): steps=60 success=False
[hybrid-rollout] ep 174 (heldout_175): steps=5 success=True
[hybrid-rollout] ep 175 (heldout_176): steps=6 success=True
[hybrid-rollout] ep 176 (heldout_177): steps=60 success=False
[hybrid-rollout] ep 177 (heldout_178): steps=1 success=False
[hybrid-rollout] ep 178 (heldout_179): steps=60 success=False
[hybrid-rollout] ep 179 (heldout_180): steps=4 success=True
[hybrid-rollout] ep 180 (heldout_181): steps=5 success=True
[hybrid-rollout] ep 181 (heldout_182): steps=4 success=True
[hybrid-rollout] ep 182 (heldout_183): steps=60 success=False
[hybrid-rollout] ep 183 (heldout_184): steps=60 success=False
[hybrid-rollout] ep 184 (heldout_185): steps=5 success=True
[hybrid-rollout] ep 185 (heldout_186): steps=4 success=True
[hybrid-rollout] ep 186 (heldout_187): steps=5 success=True
[hybrid-rollout] ep 187 (heldout_188): steps=60 success=False
[hybrid-rollout] ep 188 (heldout_189): steps=60 success=False
[hybrid-rollout] ep 189 (heldout_190): steps=7 success=True
[hybrid-rollout] ep 190 (heldout_191): steps=6 success=True
[hybrid-rollout] ep 191 (heldout_192): steps=7 success=True
[hybrid-rollout] ep 192 (heldout_193): steps=60 success=False
[hybrid-rollout] ep 193 (heldout_194): steps=60 success=False
[hybrid-rollout] ep 194 (heldout_195): steps=5 success=True
[hybrid-rollout] ep 195 (heldout_196): steps=4 success=True
[hybrid-rollout] ep 196 (heldout_197): steps=5 success=True
[hybrid-rollout] ep 197 (heldout_198): steps=60 success=False
[hybrid-rollout] ep 198 (heldout_199): steps=60 success=False
[hybrid-rollout] ep 199 (heldout_200): steps=4 success=True
[hybrid-rollout] DONE successes=101/200
[19:30:53] [replay_p4] run 6 round 1: extras=1 heldout_sr=0.505
[19:30:54] [replay_p4] $ /home/s226137394/.conda/envs/maze/bin/python3 -u -m Equivariant_pathway.equivariant_CNN_hybrid.baseline_vs_p4.pool_x_selector.trainer.finetune_replay --demo_dir /weka/s226137394/DmNfull/Equivariant_pathway/equivariant_CNN_hybrid/baseline_vs_p4/pool_x_selector/results_hpsweep/e90_lr0.0001_rm0.3_do0/run_6/p4_top3_rotate/demos --checkpoint_dir /weka/s226137394/DmNfull/Equivariant_pathway/equivariant_CNN_hybrid/baseline_vs_p4/pool_x_selector/results_hpsweep/e90_lr0.0001_rm0.3_do0/run_6/p4_top3_rotate/checkpoints --epochs 90 --batch_size 64 --lr 0.0001 --weight_decay 0.0001 --replay_mix 0.3 --replay_mix_floor 0.2 --head_dropout 0.0 --seed 6 --resume --new_demos_dir /weka/s226137394/DmNfull/Equivariant_pathway/equivariant_CNN_hybrid/baseline_vs_p4/pool_x_selector/results_hpsweep/e90_lr0.0001_rm0.3_do0/run_6/p4_top3_rotate/demos/round_002
[finetune_replay] device=cuda demo_dir=/weka/s226137394/DmNfull/Equivariant_pathway/equivariant_CNN_hybrid/baseline_vs_p4/pool_x_selector/results_hpsweep/e90_lr0.0001_rm0.3_do0/run_6/p4_top3_rotate/demos new_demos_dir=/weka/s226137394/DmNfull/Equivariant_pathway/equivariant_CNN_hybrid/baseline_vs_p4/pool_x_selector/results_hpsweep/e90_lr0.0001_rm0.3_do0/run_6/p4_top3_rotate/demos/round_002
[hybrid-dataset] 21 demos -> 109 samples
[hybrid-dataset] 1 demos -> 5 samples
[finetune_replay] sampler audit: {'n_old_samples': 109, 'n_new_samples': 5, 'replay_mix_target': 0.3, 'replay_mix_effective': 0.3, 'replay_mix_floor': 0.2}
[finetune_replay] trainable params: 1,400,028
[finetune_replay] WARM START from last_hybrid_policy.pth
[finetune_replay] ep   1/90 | train loss=0.6439 top1=0.757 | val loss=0.1690 | t=0.9s  *
[finetune_replay] ep   2/90 | train loss=0.4195 top1=0.874 | val loss=0.0383 | t=0.1s  *
[finetune_replay] ep   3/90 | train loss=0.1735 top1=0.971 | val loss=0.0132 | t=0.1s  *
[finetune_replay] ep   4/90 | train loss=0.0964 top1=1.000 | val loss=0.0175 | t=0.1s
[finetune_replay] ep   5/90 | train loss=0.0510 top1=0.990 | val loss=0.0099 | t=0.1s  *
[finetune_replay] ep   6/90 | train loss=0.0127 top1=1.000 | val loss=0.0096 | t=0.1s  *
[finetune_replay] ep   7/90 | train loss=0.0108 top1=1.000 | val loss=0.0110 | t=0.1s
[finetune_replay] ep   8/90 | train loss=0.0084 top1=1.000 | val loss=0.0132 | t=0.1s
[finetune_replay] ep   9/90 | train loss=0.0121 top1=1.000 | val loss=0.0058 | t=0.1s  *
[finetune_replay] ep  10/90 | train loss=0.0059 top1=1.000 | val loss=0.0042 | t=0.1s  *
[finetune_replay] ep  11/90 | train loss=0.0060 top1=1.000 | val loss=0.0038 | t=0.1s  *
[finetune_replay] ep  12/90 | train loss=0.0068 top1=1.000 | val loss=0.0045 | t=0.1s
[finetune_replay] ep  13/90 | train loss=0.0041 top1=1.000 | val loss=0.0062 | t=0.1s
[finetune_replay] ep  14/90 | train loss=0.0030 top1=1.000 | val loss=0.0096 | t=0.1s
[finetune_replay] ep  15/90 | train loss=0.0050 top1=1.000 | val loss=0.0103 | t=0.1s
[finetune_replay] ep  16/90 | train loss=0.0037 top1=1.000 | val loss=0.0046 | t=0.1s
[finetune_replay] ep  17/90 | train loss=0.0014 top1=1.000 | val loss=0.0032 | t=0.1s  *
[finetune_replay] ep  18/90 | train loss=0.0059 top1=1.000 | val loss=0.0033 | t=0.1s
[finetune_replay] ep  19/90 | train loss=0.0024 top1=1.000 | val loss=0.0047 | t=0.1s
[finetune_replay] ep  20/90 | train loss=0.0033 top1=1.000 | val loss=0.0062 | t=0.1s
[finetune_replay] ep  21/90 | train loss=0.0031 top1=1.000 | val loss=0.0058 | t=0.1s
[finetune_replay] ep  22/90 | train loss=0.0020 top1=1.000 | val loss=0.0041 | t=0.1s
[finetune_replay] ep  23/90 | train loss=0.0046 top1=1.000 | val loss=0.0036 | t=0.1s
[finetune_replay] ep  24/90 | train loss=0.0017 top1=1.000 | val loss=0.0046 | t=0.1s
[finetune_replay] ep  25/90 | train loss=0.0021 top1=1.000 | val loss=0.0049 | t=0.1s
[finetune_replay] ep  26/90 | train loss=0.0020 top1=1.000 | val loss=0.0042 | t=0.1s
[finetune_replay] ep  27/90 | train loss=0.0017 top1=1.000 | val loss=0.0035 | t=0.1s
[finetune_replay] ep  28/90 | train loss=0.0019 top1=1.000 | val loss=0.0032 | t=0.1s
[finetune_replay] ep  29/90 | train loss=0.0013 top1=1.000 | val loss=0.0028 | t=0.1s  *
[finetune_replay] ep  30/90 | train loss=0.0012 top1=1.000 | val loss=0.0025 | t=0.1s  *
[finetune_replay] ep  31/90 | train loss=0.0020 top1=1.000 | val loss=0.0034 | t=0.1s
[finetune_replay] ep  32/90 | train loss=0.0020 top1=1.000 | val loss=0.0049 | t=0.1s
[finetune_replay] ep  33/90 | train loss=0.0012 top1=1.000 | val loss=0.0118 | t=0.1s
[finetune_replay] ep  34/90 | train loss=0.0016 top1=1.000 | val loss=0.0177 | t=0.1s
[finetune_replay] ep  35/90 | train loss=0.0021 top1=1.000 | val loss=0.0075 | t=0.1s
[finetune_replay] ep  36/90 | train loss=0.0013 top1=1.000 | val loss=0.0047 | t=0.1s
[finetune_replay] ep  37/90 | train loss=0.0009 top1=1.000 | val loss=0.0037 | t=0.1s
[finetune_replay] ep  38/90 | train loss=0.0012 top1=1.000 | val loss=0.0030 | t=0.1s
[finetune_replay] ep  39/90 | train loss=0.0010 top1=1.000 | val loss=0.0025 | t=0.1s
[finetune_replay] ep  40/90 | train loss=0.0012 top1=1.000 | val loss=0.0023 | t=0.1s  *
[finetune_replay] ep  41/90 | train loss=0.0017 top1=1.000 | val loss=0.0023 | t=0.1s
[finetune_replay] ep  42/90 | train loss=0.0016 top1=1.000 | val loss=0.0040 | t=0.1s
[finetune_replay] ep  43/90 | train loss=0.0015 top1=1.000 | val loss=0.0070 | t=0.1s
[finetune_replay] ep  44/90 | train loss=0.0008 top1=1.000 | val loss=0.0085 | t=0.1s
[finetune_replay] ep  45/90 | train loss=0.0010 top1=1.000 | val loss=0.0085 | t=0.1s
[finetune_replay] ep  46/90 | train loss=0.0012 top1=1.000 | val loss=0.0051 | t=0.1s
[finetune_replay] ep  47/90 | train loss=0.0011 top1=1.000 | val loss=0.0042 | t=0.1s
[finetune_replay] ep  48/90 | train loss=0.0011 top1=1.000 | val loss=0.0036 | t=0.1s
[finetune_replay] ep  49/90 | train loss=0.0009 top1=1.000 | val loss=0.0031 | t=0.1s
[finetune_replay] ep  50/90 | train loss=0.0010 top1=1.000 | val loss=0.0030 | t=0.1s
[finetune_replay] ep  51/90 | train loss=0.0008 top1=1.000 | val loss=0.0029 | t=0.1s
[finetune_replay] ep  52/90 | train loss=0.0013 top1=1.000 | val loss=0.0030 | t=0.1s
[finetune_replay] ep  53/90 | train loss=0.0010 top1=1.000 | val loss=0.0035 | t=0.1s
[finetune_replay] ep  54/90 | train loss=0.0008 top1=1.000 | val loss=0.0038 | t=0.1s
[finetune_replay] ep  55/90 | train loss=0.0008 top1=1.000 | val loss=0.0043 | t=0.1s
[finetune_replay] ep  56/90 | train loss=0.0010 top1=1.000 | val loss=0.0043 | t=0.1s
[finetune_replay] ep  57/90 | train loss=0.0008 top1=1.000 | val loss=0.0043 | t=0.1s
[finetune_replay] ep  58/90 | train loss=0.0010 top1=1.000 | val loss=0.0040 | t=0.1s
[finetune_replay] ep  59/90 | train loss=0.0008 top1=1.000 | val loss=0.0037 | t=0.1s
[finetune_replay] ep  60/90 | train loss=0.0008 top1=1.000 | val loss=0.0033 | t=0.1s
[finetune_replay] ep  61/90 | train loss=0.0008 top1=1.000 | val loss=0.0030 | t=0.1s
[finetune_replay] ep  62/90 | train loss=0.0007 top1=1.000 | val loss=0.0028 | t=0.1s
[finetune_replay] ep  63/90 | train loss=0.0010 top1=1.000 | val loss=0.0030 | t=0.1s
[finetune_replay] ep  64/90 | train loss=0.0009 top1=1.000 | val loss=0.0032 | t=0.1s
[finetune_replay] ep  65/90 | train loss=0.0008 top1=1.000 | val loss=0.0033 | t=0.1s
[finetune_replay] ep  66/90 | train loss=0.0008 top1=1.000 | val loss=0.0034 | t=0.1s
[finetune_replay] ep  67/90 | train loss=0.0007 top1=1.000 | val loss=0.0034 | t=0.1s
[finetune_replay] ep  68/90 | train loss=0.0008 top1=1.000 | val loss=0.0034 | t=0.1s
[finetune_replay] ep  69/90 | train loss=0.0010 top1=1.000 | val loss=0.0035 | t=0.1s
[finetune_replay] ep  70/90 | train loss=0.0009 top1=1.000 | val loss=0.0034 | t=0.1s
[finetune_replay] ep  71/90 | train loss=0.0006 top1=1.000 | val loss=0.0033 | t=0.1s
[finetune_replay] ep  72/90 | train loss=0.0007 top1=1.000 | val loss=0.0033 | t=0.1s
[finetune_replay] ep  73/90 | train loss=0.0006 top1=1.000 | val loss=0.0032 | t=0.1s
[finetune_replay] ep  74/90 | train loss=0.0010 top1=1.000 | val loss=0.0031 | t=0.1s
[finetune_replay] ep  75/90 | train loss=0.0006 top1=1.000 | val loss=0.0030 | t=0.1s
[finetune_replay] ep  76/90 | train loss=0.0007 top1=1.000 | val loss=0.0029 | t=0.1s
[finetune_replay] ep  77/90 | train loss=0.0010 top1=1.000 | val loss=0.0029 | t=0.1s
[finetune_replay] ep  78/90 | train loss=0.0008 top1=1.000 | val loss=0.0028 | t=0.1s
[finetune_replay] ep  79/90 | train loss=0.0009 top1=1.000 | val loss=0.0028 | t=0.1s
[finetune_replay] ep  80/90 | train loss=0.0009 top1=1.000 | val loss=0.0027 | t=0.1s
[finetune_replay] ep  81/90 | train loss=0.0008 top1=1.000 | val loss=0.0027 | t=0.1s
[finetune_replay] ep  82/90 | train loss=0.0010 top1=1.000 | val loss=0.0027 | t=0.1s
[finetune_replay] ep  83/90 | train loss=0.0008 top1=1.000 | val loss=0.0027 | t=0.1s
[finetune_replay] ep  84/90 | train loss=0.0008 top1=1.000 | val loss=0.0028 | t=0.1s
[finetune_replay] ep  85/90 | train loss=0.0008 top1=1.000 | val loss=0.0028 | t=0.1s
[finetune_replay] ep  86/90 | train loss=0.0008 top1=1.000 | val loss=0.0028 | t=0.1s
[finetune_replay] ep  87/90 | train loss=0.0007 top1=1.000 | val loss=0.0027 | t=0.1s
[finetune_replay] ep  88/90 | train loss=0.0010 top1=1.000 | val loss=0.0027 | t=0.1s
[finetune_replay] ep  89/90 | train loss=0.0006 top1=1.000 | val loss=0.0028 | t=0.1s
[finetune_replay] ep  90/90 | train loss=0.0007 top1=1.000 | val loss=0.0028 | t=0.1s
[finetune_replay] DONE best_val_loss=0.0023 @ epoch 40
[19:31:15] [bo-budget] $ /home/s226137394/.conda/envs/maze/bin/python3 -u -m Equivariant_pathway.equivariant_CNN_hybrid.rollout_test --checkpoint /weka/s226137394/DmNfull/Equivariant_pathway/equivariant_CNN_hybrid/baseline_vs_p4/pool_x_selector/results_hpsweep/e90_lr0.0001_rm0.3_do0/run_6/p4_top3_rotate/checkpoints/best_hybrid_policy.pth --layouts /weka/s226137394/DmNfull/Equivariant_pathway/equivariant_CNN_hybrid/baseline_vs_p4/shared/heldout_layouts.yaml --out_dir /weka/s226137394/DmNfull/Equivariant_pathway/equivariant_CNN_hybrid/baseline_vs_p4/pool_x_selector/results_hpsweep/e90_lr0.0001_rm0.3_do0/run_6/p4_top3_rotate/results/eval_round_002 --seed 8 --max_steps 60
[hybrid-rollout] 200 unique; running 200 eps
[hybrid-rollout] loaded /weka/s226137394/DmNfull/Equivariant_pathway/equivariant_CNN_hybrid/baseline_vs_p4/pool_x_selector/results_hpsweep/e90_lr0.0001_rm0.3_do0/run_6/p4_top3_rotate/checkpoints/best_hybrid_policy.pth
[hybrid-rollout] ep 0 (heldout_001): steps=5 success=True
[hybrid-rollout] ep 1 (heldout_002): steps=4 success=True
[hybrid-rollout] ep 2 (heldout_003): steps=4 success=True
[hybrid-rollout] ep 3 (heldout_004): steps=6 success=True
[hybrid-rollout] ep 4 (heldout_005): steps=5 success=True
[hybrid-rollout] ep 5 (heldout_006): steps=3 success=False
[hybrid-rollout] ep 6 (heldout_007): steps=60 success=False
[hybrid-rollout] ep 7 (heldout_008): steps=4 success=True
[hybrid-rollout] ep 8 (heldout_009): steps=2 success=False
[hybrid-rollout] ep 9 (heldout_010): steps=60 success=False
[hybrid-rollout] ep 10 (heldout_011): steps=4 success=True
[hybrid-rollout] ep 11 (heldout_012): steps=4 success=True
[hybrid-rollout] ep 12 (heldout_013): steps=60 success=False
[hybrid-rollout] ep 13 (heldout_014): steps=5 success=True
[hybrid-rollout] ep 14 (heldout_015): steps=4 success=True
[hybrid-rollout] ep 15 (heldout_016): steps=5 success=True
[hybrid-rollout] ep 16 (heldout_017): steps=4 success=True
[hybrid-rollout] ep 17 (heldout_018): steps=60 success=False
[hybrid-rollout] ep 18 (heldout_019): steps=60 success=False
[hybrid-rollout] ep 19 (heldout_020): steps=5 success=True
[hybrid-rollout] ep 20 (heldout_021): steps=4 success=True
[hybrid-rollout] ep 21 (heldout_022): steps=4 success=True
[hybrid-rollout] ep 22 (heldout_023): steps=60 success=False
[hybrid-rollout] ep 23 (heldout_024): steps=60 success=False
[hybrid-rollout] ep 24 (heldout_025): steps=4 success=True
[hybrid-rollout] ep 25 (heldout_026): steps=4 success=True
[hybrid-rollout] ep 26 (heldout_027): steps=4 success=True
[hybrid-rollout] ep 27 (heldout_028): steps=4 success=True
[hybrid-rollout] ep 28 (heldout_029): steps=60 success=False
[hybrid-rollout] ep 29 (heldout_030): steps=60 success=False
[hybrid-rollout] ep 30 (heldout_031): steps=7 success=True
[hybrid-rollout] ep 31 (heldout_032): steps=5 success=True
[hybrid-rollout] ep 32 (heldout_033): steps=4 success=True
[hybrid-rollout] ep 33 (heldout_034): steps=60 success=False
[hybrid-rollout] ep 34 (heldout_035): steps=60 success=False
[hybrid-rollout] ep 35 (heldout_036): steps=5 success=True
[hybrid-rollout] ep 36 (heldout_037): steps=4 success=True
[hybrid-rollout] ep 37 (heldout_038): steps=60 success=False
[hybrid-rollout] ep 38 (heldout_039): steps=6 success=True
[hybrid-rollout] ep 39 (heldout_040): steps=5 success=True
[hybrid-rollout] ep 40 (heldout_041): steps=60 success=False
[hybrid-rollout] ep 41 (heldout_042): steps=4 success=True
[hybrid-rollout] ep 42 (heldout_043): steps=4 success=True
[hybrid-rollout] ep 43 (heldout_044): steps=5 success=True
[hybrid-rollout] ep 44 (heldout_045): steps=5 success=True
[hybrid-rollout] ep 45 (heldout_046): steps=4 success=True
[hybrid-rollout] ep 46 (heldout_047): steps=60 success=False
[hybrid-rollout] ep 47 (heldout_048): steps=6 success=True
[hybrid-rollout] ep 48 (heldout_049): steps=60 success=False
[hybrid-rollout] ep 49 (heldout_050): steps=60 success=False
[hybrid-rollout] ep 50 (heldout_051): steps=4 success=True
[hybrid-rollout] ep 51 (heldout_052): steps=4 success=True
[hybrid-rollout] ep 52 (heldout_053): steps=6 success=True
[hybrid-rollout] ep 53 (heldout_054): steps=60 success=False
[hybrid-rollout] ep 54 (heldout_055): steps=60 success=False
[hybrid-rollout] ep 55 (heldout_056): steps=4 success=True
[hybrid-rollout] ep 56 (heldout_057): steps=4 success=True
[hybrid-rollout] ep 57 (heldout_058): steps=60 success=False
[hybrid-rollout] ep 58 (heldout_059): steps=5 success=True
[hybrid-rollout] ep 59 (heldout_060): steps=6 success=True
[hybrid-rollout] ep 60 (heldout_061): steps=5 success=True
[hybrid-rollout] ep 61 (heldout_062): steps=6 success=True
[hybrid-rollout] ep 62 (heldout_063): steps=5 success=True
[hybrid-rollout] ep 63 (heldout_064): steps=4 success=True
[hybrid-rollout] ep 64 (heldout_065): steps=7 success=True
[hybrid-rollout] ep 65 (heldout_066): steps=6 success=True
[hybrid-rollout] ep 66 (heldout_067): steps=5 success=True
[hybrid-rollout] ep 67 (heldout_068): steps=4 success=True
[hybrid-rollout] ep 68 (heldout_069): steps=60 success=False
[hybrid-rollout] ep 69 (heldout_070): steps=5 success=False
[hybrid-rollout] ep 70 (heldout_071): steps=5 success=True
[hybrid-rollout] ep 71 (heldout_072): steps=5 success=True
[hybrid-rollout] ep 72 (heldout_073): steps=3 success=False
[hybrid-rollout] ep 73 (heldout_074): steps=4 success=True
[hybrid-rollout] ep 74 (heldout_075): steps=5 success=True
[hybrid-rollout] ep 75 (heldout_076): steps=60 success=False
[hybrid-rollout] ep 76 (heldout_077): steps=4 success=True
[hybrid-rollout] ep 77 (heldout_078): steps=6 success=True
[hybrid-rollout] ep 78 (heldout_079): steps=4 success=True
[hybrid-rollout] ep 79 (heldout_080): steps=4 success=True
[hybrid-rollout] ep 80 (heldout_081): steps=60 success=False
[hybrid-rollout] ep 81 (heldout_082): steps=5 success=True
[hybrid-rollout] ep 82 (heldout_083): steps=60 success=False
[hybrid-rollout] ep 83 (heldout_084): steps=60 success=False
[hybrid-rollout] ep 84 (heldout_085): steps=60 success=False
[hybrid-rollout] ep 85 (heldout_086): steps=6 success=True
[hybrid-rollout] ep 86 (heldout_087): steps=60 success=False
[hybrid-rollout] ep 87 (heldout_088): steps=4 success=True
[hybrid-rollout] ep 88 (heldout_089): steps=3 success=False
[hybrid-rollout] ep 89 (heldout_090): steps=4 success=True
[hybrid-rollout] ep 90 (heldout_091): steps=4 success=False
[hybrid-rollout] ep 91 (heldout_092): steps=5 success=True
[hybrid-rollout] ep 92 (heldout_093): steps=1 success=False
[hybrid-rollout] ep 93 (heldout_094): steps=6 success=True
[hybrid-rollout] ep 94 (heldout_095): steps=7 success=True
[hybrid-rollout] ep 95 (heldout_096): steps=5 success=True
[hybrid-rollout] ep 96 (heldout_097): steps=5 success=True
[hybrid-rollout] ep 97 (heldout_098): steps=5 success=True
[hybrid-rollout] ep 98 (heldout_099): steps=60 success=False
[hybrid-rollout] ep 99 (heldout_100): steps=60 success=False
[hybrid-rollout] ep 100 (heldout_101): steps=4 success=True
[hybrid-rollout] ep 101 (heldout_102): steps=4 success=True
[hybrid-rollout] ep 102 (heldout_103): steps=60 success=False
[hybrid-rollout] ep 103 (heldout_104): steps=6 success=True
[hybrid-rollout] ep 104 (heldout_105): steps=6 success=True
[hybrid-rollout] ep 105 (heldout_106): steps=60 success=False
[hybrid-rollout] ep 106 (heldout_107): steps=4 success=True
[hybrid-rollout] ep 107 (heldout_108): steps=4 success=True
[hybrid-rollout] ep 108 (heldout_109): steps=4 success=True
[hybrid-rollout] ep 109 (heldout_110): steps=4 success=True
[hybrid-rollout] ep 110 (heldout_111): steps=60 success=False
[hybrid-rollout] ep 111 (heldout_112): steps=60 success=False
[hybrid-rollout] ep 112 (heldout_113): steps=5 success=True
[hybrid-rollout] ep 113 (heldout_114): steps=4 success=True
[hybrid-rollout] ep 114 (heldout_115): steps=4 success=True
[hybrid-rollout] ep 115 (heldout_116): steps=5 success=True
[hybrid-rollout] ep 116 (heldout_117): steps=5 success=True
[hybrid-rollout] ep 117 (heldout_118): steps=7 success=True
[hybrid-rollout] ep 118 (heldout_119): steps=4 success=True
[hybrid-rollout] ep 119 (heldout_120): steps=60 success=False
[hybrid-rollout] ep 120 (heldout_121): steps=60 success=False
[hybrid-rollout] ep 121 (heldout_122): steps=4 success=True
[hybrid-rollout] ep 122 (heldout_123): steps=60 success=False
[hybrid-rollout] ep 123 (heldout_124): steps=60 success=False
[hybrid-rollout] ep 124 (heldout_125): steps=4 success=True
[hybrid-rollout] ep 125 (heldout_126): steps=4 success=True
[hybrid-rollout] ep 126 (heldout_127): steps=60 success=False
[hybrid-rollout] ep 127 (heldout_128): steps=60 success=False
[hybrid-rollout] ep 128 (heldout_129): steps=4 success=True
[hybrid-rollout] ep 129 (heldout_130): steps=4 success=True
[hybrid-rollout] ep 130 (heldout_131): steps=60 success=False
[hybrid-rollout] ep 131 (heldout_132): steps=4 success=True
[hybrid-rollout] ep 132 (heldout_133): steps=4 success=True
[hybrid-rollout] ep 133 (heldout_134): steps=7 success=True
[hybrid-rollout] ep 134 (heldout_135): steps=6 success=True
[hybrid-rollout] ep 135 (heldout_136): steps=60 success=False
[hybrid-rollout] ep 136 (heldout_137): steps=5 success=True
[hybrid-rollout] ep 137 (heldout_138): steps=4 success=True
[hybrid-rollout] ep 138 (heldout_139): steps=4 success=True
[hybrid-rollout] ep 139 (heldout_140): steps=60 success=False
[hybrid-rollout] ep 140 (heldout_141): steps=60 success=False
[hybrid-rollout] ep 141 (heldout_142): steps=4 success=True
[hybrid-rollout] ep 142 (heldout_143): steps=6 success=True
[hybrid-rollout] ep 143 (heldout_144): steps=4 success=True
[hybrid-rollout] ep 144 (heldout_145): steps=5 success=True
[hybrid-rollout] ep 145 (heldout_146): steps=60 success=False
[hybrid-rollout] ep 146 (heldout_147): steps=4 success=True
[hybrid-rollout] ep 147 (heldout_148): steps=60 success=False
[hybrid-rollout] ep 148 (heldout_149): steps=60 success=False
[hybrid-rollout] ep 149 (heldout_150): steps=4 success=True
[hybrid-rollout] ep 150 (heldout_151): steps=5 success=True
[hybrid-rollout] ep 151 (heldout_152): steps=6 success=True
[hybrid-rollout] ep 152 (heldout_153): steps=5 success=True
[hybrid-rollout] ep 153 (heldout_154): steps=60 success=False
[hybrid-rollout] ep 154 (heldout_155): steps=60 success=False
[hybrid-rollout] ep 155 (heldout_156): steps=8 success=True
[hybrid-rollout] ep 156 (heldout_157): steps=4 success=True
[hybrid-rollout] ep 157 (heldout_158): steps=3 success=False
[hybrid-rollout] ep 158 (heldout_159): steps=6 success=True
[hybrid-rollout] ep 159 (heldout_160): steps=60 success=False
[hybrid-rollout] ep 160 (heldout_161): steps=60 success=False
[hybrid-rollout] ep 161 (heldout_162): steps=5 success=True
[hybrid-rollout] ep 162 (heldout_163): steps=4 success=True
[hybrid-rollout] ep 163 (heldout_164): steps=60 success=False
[hybrid-rollout] ep 164 (heldout_165): steps=5 success=True
[hybrid-rollout] ep 165 (heldout_166): steps=4 success=True
[hybrid-rollout] ep 166 (heldout_167): steps=60 success=False
[hybrid-rollout] ep 167 (heldout_168): steps=4 success=True
[hybrid-rollout] ep 168 (heldout_169): steps=4 success=False
[hybrid-rollout] ep 169 (heldout_170): steps=5 success=False
[hybrid-rollout] ep 170 (heldout_171): steps=60 success=False
[hybrid-rollout] ep 171 (heldout_172): steps=5 success=True
[hybrid-rollout] ep 172 (heldout_173): steps=4 success=True
[hybrid-rollout] ep 173 (heldout_174): steps=5 success=True
[hybrid-rollout] ep 174 (heldout_175): steps=7 success=True
[hybrid-rollout] ep 175 (heldout_176): steps=6 success=True
[hybrid-rollout] ep 176 (heldout_177): steps=6 success=True
[hybrid-rollout] ep 177 (heldout_178): steps=60 success=False
[hybrid-rollout] ep 178 (heldout_179): steps=5 success=True
[hybrid-rollout] ep 179 (heldout_180): steps=6 success=True
[hybrid-rollout] ep 180 (heldout_181): steps=5 success=True
[hybrid-rollout] ep 181 (heldout_182): steps=4 success=True
[hybrid-rollout] ep 182 (heldout_183): steps=5 success=True
[hybrid-rollout] ep 183 (heldout_184): steps=7 success=True
[hybrid-rollout] ep 184 (heldout_185): steps=60 success=False
[hybrid-rollout] ep 185 (heldout_186): steps=4 success=True
[hybrid-rollout] ep 186 (heldout_187): steps=5 success=True
[hybrid-rollout] ep 187 (heldout_188): steps=5 success=True
[hybrid-rollout] ep 188 (heldout_189): steps=60 success=False
[hybrid-rollout] ep 189 (heldout_190): steps=7 success=True
[hybrid-rollout] ep 190 (heldout_191): steps=4 success=True
[hybrid-rollout] ep 191 (heldout_192): steps=5 success=True
[hybrid-rollout] ep 192 (heldout_193): steps=60 success=False
[hybrid-rollout] ep 193 (heldout_194): steps=6 success=True
[hybrid-rollout] ep 194 (heldout_195): steps=5 success=True
[hybrid-rollout] ep 195 (heldout_196): steps=4 success=True
[hybrid-rollout] ep 196 (heldout_197): steps=5 success=True
[hybrid-rollout] ep 197 (heldout_198): steps=60 success=False
[hybrid-rollout] ep 198 (heldout_199): steps=60 success=False
[hybrid-rollout] ep 199 (heldout_200): steps=4 success=True
[hybrid-rollout] DONE successes=132/200
[19:33:02] [replay_p4] run 6 round 2: extras=2 heldout_sr=0.660
[19:33:02] [replay_p4] $ /home/s226137394/.conda/envs/maze/bin/python3 -u -m Equivariant_pathway.equivariant_CNN_hybrid.baseline_vs_p4.pool_x_selector.trainer.finetune_replay --demo_dir /weka/s226137394/DmNfull/Equivariant_pathway/equivariant_CNN_hybrid/baseline_vs_p4/pool_x_selector/results_hpsweep/e90_lr0.0001_rm0.3_do0/run_6/p4_top3_rotate/demos --checkpoint_dir /weka/s226137394/DmNfull/Equivariant_pathway/equivariant_CNN_hybrid/baseline_vs_p4/pool_x_selector/results_hpsweep/e90_lr0.0001_rm0.3_do0/run_6/p4_top3_rotate/checkpoints --epochs 90 --batch_size 64 --lr 0.0001 --weight_decay 0.0001 --replay_mix 0.3 --replay_mix_floor 0.2 --head_dropout 0.0 --seed 6 --resume --new_demos_dir /weka/s226137394/DmNfull/Equivariant_pathway/equivariant_CNN_hybrid/baseline_vs_p4/pool_x_selector/results_hpsweep/e90_lr0.0001_rm0.3_do0/run_6/p4_top3_rotate/demos/round_003
[finetune_replay] device=cuda demo_dir=/weka/s226137394/DmNfull/Equivariant_pathway/equivariant_CNN_hybrid/baseline_vs_p4/pool_x_selector/results_hpsweep/e90_lr0.0001_rm0.3_do0/run_6/p4_top3_rotate/demos new_demos_dir=/weka/s226137394/DmNfull/Equivariant_pathway/equivariant_CNN_hybrid/baseline_vs_p4/pool_x_selector/results_hpsweep/e90_lr0.0001_rm0.3_do0/run_6/p4_top3_rotate/demos/round_003
[hybrid-dataset] 22 demos -> 114 samples
[hybrid-dataset] 1 demos -> 7 samples
[finetune_replay] sampler audit: {'n_old_samples': 114, 'n_new_samples': 7, 'replay_mix_target': 0.3, 'replay_mix_effective': 0.3, 'replay_mix_floor': 0.2}
[finetune_replay] trainable params: 1,400,028
[finetune_replay] WARM START from last_hybrid_policy.pth
[finetune_replay] ep   1/90 | train loss=0.5125 top1=0.826 | val loss=0.2523 | t=0.7s  *
[finetune_replay] ep   2/90 | train loss=0.0967 top1=1.000 | val loss=0.2227 | t=0.1s  *
[finetune_replay] ep   3/90 | train loss=0.0620 top1=0.991 | val loss=0.1492 | t=0.2s  *
[finetune_replay] ep   4/90 | train loss=0.0414 top1=1.000 | val loss=0.1828 | t=0.2s
[finetune_replay] ep   5/90 | train loss=0.0271 top1=1.000 | val loss=0.1353 | t=0.1s  *
[finetune_replay] ep   6/90 | train loss=0.0133 top1=1.000 | val loss=0.0982 | t=0.1s  *
[finetune_replay] ep   7/90 | train loss=0.0143 top1=1.000 | val loss=0.1174 | t=0.2s
[finetune_replay] ep   8/90 | train loss=0.0136 top1=1.000 | val loss=0.1014 | t=0.1s
[finetune_replay] ep   9/90 | train loss=0.0093 top1=1.000 | val loss=0.0729 | t=0.1s  *
[finetune_replay] ep  10/90 | train loss=0.0069 top1=1.000 | val loss=0.0920 | t=0.1s
[finetune_replay] ep  11/90 | train loss=0.0040 top1=1.000 | val loss=0.1200 | t=0.1s
[finetune_replay] ep  12/90 | train loss=0.0046 top1=1.000 | val loss=0.0884 | t=0.1s
[finetune_replay] ep  13/90 | train loss=0.0018 top1=1.000 | val loss=0.0783 | t=0.1s
[finetune_replay] ep  14/90 | train loss=0.0020 top1=1.000 | val loss=0.0781 | t=0.1s
[finetune_replay] ep  15/90 | train loss=0.0038 top1=1.000 | val loss=0.0810 | t=0.1s
[finetune_replay] ep  16/90 | train loss=0.0029 top1=1.000 | val loss=0.0855 | t=0.1s
[finetune_replay] ep  17/90 | train loss=0.0029 top1=1.000 | val loss=0.0937 | t=0.1s
[finetune_replay] ep  18/90 | train loss=0.0020 top1=1.000 | val loss=0.1103 | t=0.1s
[finetune_replay] ep  19/90 | train loss=0.0018 top1=1.000 | val loss=0.1202 | t=0.1s
[finetune_replay] ep  20/90 | train loss=0.0023 top1=1.000 | val loss=0.1212 | t=0.1s
[finetune_replay] ep  21/90 | train loss=0.0017 top1=1.000 | val loss=0.1160 | t=0.1s
[finetune_replay] ep  22/90 | train loss=0.0015 top1=1.000 | val loss=0.1091 | t=0.1s
[finetune_replay] ep  23/90 | train loss=0.0009 top1=1.000 | val loss=0.1014 | t=0.1s
[finetune_replay] ep  24/90 | train loss=0.0016 top1=1.000 | val loss=0.0952 | t=0.1s
[finetune_replay] ep  25/90 | train loss=0.0016 top1=1.000 | val loss=0.0936 | t=0.1s
[finetune_replay] ep  26/90 | train loss=0.0018 top1=1.000 | val loss=0.0959 | t=0.1s
[finetune_replay] ep  27/90 | train loss=0.0013 top1=1.000 | val loss=0.0985 | t=0.1s
[finetune_replay] ep  28/90 | train loss=0.0020 top1=1.000 | val loss=0.0989 | t=0.1s
[finetune_replay] ep  29/90 | train loss=0.0010 top1=1.000 | val loss=0.0991 | t=0.1s
[finetune_replay] ep  30/90 | train loss=0.0010 top1=1.000 | val loss=0.0985 | t=0.2s
[finetune_replay] ep  31/90 | train loss=0.0010 top1=1.000 | val loss=0.1000 | t=0.1s
[finetune_replay] ep  32/90 | train loss=0.0011 top1=1.000 | val loss=0.1022 | t=0.1s
[finetune_replay] ep  33/90 | train loss=0.0009 top1=1.000 | val loss=0.1035 | t=0.1s
[finetune_replay] ep  34/90 | train loss=0.0015 top1=1.000 | val loss=0.1019 | t=0.1s
[finetune_replay] ep  35/90 | train loss=0.0011 top1=1.000 | val loss=0.1005 | t=0.1s
[finetune_replay] ep  36/90 | train loss=0.0012 top1=1.000 | val loss=0.0987 | t=0.1s
[finetune_replay] ep  37/90 | train loss=0.0008 top1=1.000 | val loss=0.0995 | t=0.1s
[finetune_replay] ep  38/90 | train loss=0.0009 top1=1.000 | val loss=0.1008 | t=0.1s
[finetune_replay] ep  39/90 | train loss=0.0007 top1=1.000 | val loss=0.1021 | t=0.1s
[finetune_replay] ep  40/90 | train loss=0.0011 top1=1.000 | val loss=0.1033 | t=0.1s
[finetune_replay] ep  41/90 | train loss=0.0009 top1=1.000 | val loss=0.1045 | t=0.1s
[finetune_replay] ep  42/90 | train loss=0.0009 top1=1.000 | val loss=0.1056 | t=0.1s
[finetune_replay] ep  43/90 | train loss=0.0008 top1=1.000 | val loss=0.1068 | t=0.1s
[finetune_replay] ep  44/90 | train loss=0.0008 top1=1.000 | val loss=0.1071 | t=0.1s
[finetune_replay] ep  45/90 | train loss=0.0007 top1=1.000 | val loss=0.1056 | t=0.1s
[finetune_replay] ep  46/90 | train loss=0.0006 top1=1.000 | val loss=0.1050 | t=0.1s
[finetune_replay] ep  47/90 | train loss=0.0008 top1=1.000 | val loss=0.1043 | t=0.1s
[finetune_replay] ep  48/90 | train loss=0.0009 top1=1.000 | val loss=0.1055 | t=0.1s
[finetune_replay] ep  49/90 | train loss=0.0009 top1=1.000 | val loss=0.1062 | t=0.1s
[finetune_replay] ep  50/90 | train loss=0.0007 top1=1.000 | val loss=0.1074 | t=0.1s
[finetune_replay] ep  51/90 | train loss=0.0006 top1=1.000 | val loss=0.1083 | t=0.1s
[finetune_replay] ep  52/90 | train loss=0.0007 top1=1.000 | val loss=0.1079 | t=0.1s
[finetune_replay] ep  53/90 | train loss=0.0007 top1=1.000 | val loss=0.1072 | t=0.1s
[finetune_replay] ep  54/90 | train loss=0.0005 top1=1.000 | val loss=0.1067 | t=0.1s
[finetune_replay] ep  55/90 | train loss=0.0006 top1=1.000 | val loss=0.1049 | t=0.1s
[finetune_replay] ep  56/90 | train loss=0.0006 top1=1.000 | val loss=0.1047 | t=0.1s
[finetune_replay] ep  57/90 | train loss=0.0008 top1=1.000 | val loss=0.1039 | t=0.1s
[finetune_replay] ep  58/90 | train loss=0.0008 top1=1.000 | val loss=0.1033 | t=0.1s
[finetune_replay] ep  59/90 | train loss=0.0008 top1=1.000 | val loss=0.1032 | t=0.1s
[finetune_replay] ep  60/90 | train loss=0.0007 top1=1.000 | val loss=0.1036 | t=0.1s
[finetune_replay] ep  61/90 | train loss=0.0006 top1=1.000 | val loss=0.1039 | t=0.1s
[finetune_replay] ep  62/90 | train loss=0.0006 top1=1.000 | val loss=0.1041 | t=0.1s
[finetune_replay] ep  63/90 | train loss=0.0008 top1=1.000 | val loss=0.1043 | t=0.1s
[finetune_replay] ep  64/90 | train loss=0.0005 top1=1.000 | val loss=0.1044 | t=0.1s
[finetune_replay] ep  65/90 | train loss=0.0007 top1=1.000 | val loss=0.1047 | t=0.1s
[finetune_replay] ep  66/90 | train loss=0.0007 top1=1.000 | val loss=0.1051 | t=0.1s
[finetune_replay] ep  67/90 | train loss=0.0008 top1=1.000 | val loss=0.1055 | t=0.1s
[finetune_replay] ep  68/90 | train loss=0.0010 top1=1.000 | val loss=0.1063 | t=0.1s
[finetune_replay] ep  69/90 | train loss=0.0008 top1=1.000 | val loss=0.1070 | t=0.1s
[finetune_replay] ep  70/90 | train loss=0.0007 top1=1.000 | val loss=0.1072 | t=0.1s
[finetune_replay] ep  71/90 | train loss=0.0007 top1=1.000 | val loss=0.1075 | t=0.1s
[finetune_replay] ep  72/90 | train loss=0.0005 top1=1.000 | val loss=0.1074 | t=0.1s
[finetune_replay] ep  73/90 | train loss=0.0007 top1=1.000 | val loss=0.1072 | t=0.1s
[finetune_replay] ep  74/90 | train loss=0.0006 top1=1.000 | val loss=0.1072 | t=0.1s
[finetune_replay] ep  75/90 | train loss=0.0007 top1=1.000 | val loss=0.1077 | t=0.1s
[finetune_replay] ep  76/90 | train loss=0.0008 top1=1.000 | val loss=0.1083 | t=0.1s
[finetune_replay] ep  77/90 | train loss=0.0005 top1=1.000 | val loss=0.1078 | t=0.1s
[finetune_replay] ep  78/90 | train loss=0.0006 top1=1.000 | val loss=0.1083 | t=0.1s
[finetune_replay] ep  79/90 | train loss=0.0006 top1=1.000 | val loss=0.1081 | t=0.1s
[finetune_replay] ep  80/90 | train loss=0.0006 top1=1.000 | val loss=0.1084 | t=0.1s
[finetune_replay] ep  81/90 | train loss=0.0005 top1=1.000 | val loss=0.1085 | t=0.1s
[finetune_replay] ep  82/90 | train loss=0.0008 top1=1.000 | val loss=0.1088 | t=0.1s
[finetune_replay] ep  83/90 | train loss=0.0008 top1=1.000 | val loss=0.1092 | t=0.1s
[finetune_replay] ep  84/90 | train loss=0.0006 top1=1.000 | val loss=0.1093 | t=0.1s
[finetune_replay] ep  85/90 | train loss=0.0006 top1=1.000 | val loss=0.1092 | t=0.1s
[finetune_replay] ep  86/90 | train loss=0.0009 top1=1.000 | val loss=0.1093 | t=0.1s
[finetune_replay] ep  87/90 | train loss=0.0008 top1=1.000 | val loss=0.1092 | t=0.1s
[finetune_replay] ep  88/90 | train loss=0.0006 top1=1.000 | val loss=0.1091 | t=0.1s
[finetune_replay] ep  89/90 | train loss=0.0006 top1=1.000 | val loss=0.1090 | t=0.1s
[finetune_replay] ep  90/90 | train loss=0.0007 top1=1.000 | val loss=0.1093 | t=0.1s
[finetune_replay] DONE best_val_loss=0.0729 @ epoch 9
[19:33:25] [bo-budget] $ /home/s226137394/.conda/envs/maze/bin/python3 -u -m Equivariant_pathway.equivariant_CNN_hybrid.rollout_test --checkpoint /weka/s226137394/DmNfull/Equivariant_pathway/equivariant_CNN_hybrid/baseline_vs_p4/pool_x_selector/results_hpsweep/e90_lr0.0001_rm0.3_do0/run_6/p4_top3_rotate/checkpoints/best_hybrid_policy.pth --layouts /weka/s226137394/DmNfull/Equivariant_pathway/equivariant_CNN_hybrid/baseline_vs_p4/shared/heldout_layouts.yaml --out_dir /weka/s226137394/DmNfull/Equivariant_pathway/equivariant_CNN_hybrid/baseline_vs_p4/pool_x_selector/results_hpsweep/e90_lr0.0001_rm0.3_do0/run_6/p4_top3_rotate/results/eval_round_003 --seed 9 --max_steps 60
[hybrid-rollout] 200 unique; running 200 eps
[hybrid-rollout] loaded /weka/s226137394/DmNfull/Equivariant_pathway/equivariant_CNN_hybrid/baseline_vs_p4/pool_x_selector/results_hpsweep/e90_lr0.0001_rm0.3_do0/run_6/p4_top3_rotate/checkpoints/best_hybrid_policy.pth
[hybrid-rollout] ep 0 (heldout_001): steps=5 success=True
[hybrid-rollout] ep 1 (heldout_002): steps=4 success=True
[hybrid-rollout] ep 2 (heldout_003): steps=60 success=False
[hybrid-rollout] ep 3 (heldout_004): steps=60 success=False
[hybrid-rollout] ep 4 (heldout_005): steps=5 success=True
[hybrid-rollout] ep 5 (heldout_006): steps=3 success=False
[hybrid-rollout] ep 6 (heldout_007): steps=5 success=True
[hybrid-rollout] ep 7 (heldout_008): steps=60 success=False
[hybrid-rollout] ep 8 (heldout_009): steps=60 success=False
[hybrid-rollout] ep 9 (heldout_010): steps=60 success=False
[hybrid-rollout] ep 10 (heldout_011): steps=4 success=True
[hybrid-rollout] ep 11 (heldout_012): steps=4 success=True
[hybrid-rollout] ep 12 (heldout_013): steps=60 success=False
[hybrid-rollout] ep 13 (heldout_014): steps=5 success=True
[hybrid-rollout] ep 14 (heldout_015): steps=4 success=True
[hybrid-rollout] ep 15 (heldout_016): steps=5 success=True
[hybrid-rollout] ep 16 (heldout_017): steps=60 success=False
[hybrid-rollout] ep 17 (heldout_018): steps=60 success=False
[hybrid-rollout] ep 18 (heldout_019): steps=60 success=False
[hybrid-rollout] ep 19 (heldout_020): steps=5 success=True
[hybrid-rollout] ep 20 (heldout_021): steps=4 success=True
[hybrid-rollout] ep 21 (heldout_022): steps=60 success=False
[hybrid-rollout] ep 22 (heldout_023): steps=60 success=False
[hybrid-rollout] ep 23 (heldout_024): steps=6 success=True
[hybrid-rollout] ep 24 (heldout_025): steps=4 success=True
[hybrid-rollout] ep 25 (heldout_026): steps=4 success=True
[hybrid-rollout] ep 26 (heldout_027): steps=4 success=True
[hybrid-rollout] ep 27 (heldout_028): steps=4 success=True
[hybrid-rollout] ep 28 (heldout_029): steps=60 success=False
[hybrid-rollout] ep 29 (heldout_030): steps=60 success=False
[hybrid-rollout] ep 30 (heldout_031): steps=60 success=False
[hybrid-rollout] ep 31 (heldout_032): steps=5 success=True
[hybrid-rollout] ep 32 (heldout_033): steps=4 success=True
[hybrid-rollout] ep 33 (heldout_034): steps=60 success=False
[hybrid-rollout] ep 34 (heldout_035): steps=60 success=False
[hybrid-rollout] ep 35 (heldout_036): steps=5 success=True
[hybrid-rollout] ep 36 (heldout_037): steps=2 success=False
[hybrid-rollout] ep 37 (heldout_038): steps=60 success=False
[hybrid-rollout] ep 38 (heldout_039): steps=6 success=True
[hybrid-rollout] ep 39 (heldout_040): steps=5 success=True
[hybrid-rollout] ep 40 (heldout_041): steps=60 success=False
[hybrid-rollout] ep 41 (heldout_042): steps=60 success=False
[hybrid-rollout] ep 42 (heldout_043): steps=4 success=True
[hybrid-rollout] ep 43 (heldout_044): steps=5 success=True
[hybrid-rollout] ep 44 (heldout_045): steps=5 success=True
[hybrid-rollout] ep 45 (heldout_046): steps=4 success=True
[hybrid-rollout] ep 46 (heldout_047): steps=6 success=True
[hybrid-rollout] ep 47 (heldout_048): steps=6 success=True
[hybrid-rollout] ep 48 (heldout_049): steps=60 success=False
[hybrid-rollout] ep 49 (heldout_050): steps=4 success=True
[hybrid-rollout] ep 50 (heldout_051): steps=4 success=True
[hybrid-rollout] ep 51 (heldout_052): steps=4 success=True
[hybrid-rollout] ep 52 (heldout_053): steps=60 success=False
[hybrid-rollout] ep 53 (heldout_054): steps=4 success=True
[hybrid-rollout] ep 54 (heldout_055): steps=60 success=False
[hybrid-rollout] ep 55 (heldout_056): steps=4 success=True
[hybrid-rollout] ep 56 (heldout_057): steps=4 success=True
[hybrid-rollout] ep 57 (heldout_058): steps=4 success=True
[hybrid-rollout] ep 58 (heldout_059): steps=5 success=True
[hybrid-rollout] ep 59 (heldout_060): steps=6 success=True
[hybrid-rollout] ep 60 (heldout_061): steps=5 success=True
[hybrid-rollout] ep 61 (heldout_062): steps=6 success=True
[hybrid-rollout] ep 62 (heldout_063): steps=5 success=True
[hybrid-rollout] ep 63 (heldout_064): steps=4 success=True
[hybrid-rollout] ep 64 (heldout_065): steps=60 success=False
[hybrid-rollout] ep 65 (heldout_066): steps=6 success=True
[hybrid-rollout] ep 66 (heldout_067): steps=5 success=True
[hybrid-rollout] ep 67 (heldout_068): steps=4 success=True
[hybrid-rollout] ep 68 (heldout_069): steps=60 success=False
[hybrid-rollout] ep 69 (heldout_070): steps=60 success=False
[hybrid-rollout] ep 70 (heldout_071): steps=5 success=True
[hybrid-rollout] ep 71 (heldout_072): steps=5 success=True
[hybrid-rollout] ep 72 (heldout_073): steps=3 success=False
[hybrid-rollout] ep 73 (heldout_074): steps=4 success=True
[hybrid-rollout] ep 74 (heldout_075): steps=5 success=True
[hybrid-rollout] ep 75 (heldout_076): steps=60 success=False
[hybrid-rollout] ep 76 (heldout_077): steps=4 success=True
[hybrid-rollout] ep 77 (heldout_078): steps=3 success=False
[hybrid-rollout] ep 78 (heldout_079): steps=4 success=True
[hybrid-rollout] ep 79 (heldout_080): steps=4 success=True
[hybrid-rollout] ep 80 (heldout_081): steps=60 success=False
[hybrid-rollout] ep 81 (heldout_082): steps=5 success=True
[hybrid-rollout] ep 82 (heldout_083): steps=4 success=True
[hybrid-rollout] ep 83 (heldout_084): steps=60 success=False
[hybrid-rollout] ep 84 (heldout_085): steps=60 success=False
[hybrid-rollout] ep 85 (heldout_086): steps=6 success=True
[hybrid-rollout] ep 86 (heldout_087): steps=60 success=False
[hybrid-rollout] ep 87 (heldout_088): steps=4 success=True
[hybrid-rollout] ep 88 (heldout_089): steps=3 success=False
[hybrid-rollout] ep 89 (heldout_090): steps=4 success=True
[hybrid-rollout] ep 90 (heldout_091): steps=5 success=True
[hybrid-rollout] ep 91 (heldout_092): steps=5 success=True
[hybrid-rollout] ep 92 (heldout_093): steps=1 success=False
[hybrid-rollout] ep 93 (heldout_094): steps=6 success=True
[hybrid-rollout] ep 94 (heldout_095): steps=7 success=True
[hybrid-rollout] ep 95 (heldout_096): steps=5 success=True
[hybrid-rollout] ep 96 (heldout_097): steps=5 success=True
[hybrid-rollout] ep 97 (heldout_098): steps=5 success=True
[hybrid-rollout] ep 98 (heldout_099): steps=60 success=False
[hybrid-rollout] ep 99 (heldout_100): steps=60 success=False
[hybrid-rollout] ep 100 (heldout_101): steps=4 success=True
[hybrid-rollout] ep 101 (heldout_102): steps=4 success=True
[hybrid-rollout] ep 102 (heldout_103): steps=60 success=False
[hybrid-rollout] ep 103 (heldout_104): steps=6 success=True
[hybrid-rollout] ep 104 (heldout_105): steps=60 success=False
[hybrid-rollout] ep 105 (heldout_106): steps=60 success=False
[hybrid-rollout] ep 106 (heldout_107): steps=4 success=True
[hybrid-rollout] ep 107 (heldout_108): steps=4 success=True
[hybrid-rollout] ep 108 (heldout_109): steps=4 success=True
[hybrid-rollout] ep 109 (heldout_110): steps=60 success=False
[hybrid-rollout] ep 110 (heldout_111): steps=60 success=False
[hybrid-rollout] ep 111 (heldout_112): steps=60 success=False
[hybrid-rollout] ep 112 (heldout_113): steps=7 success=True
[hybrid-rollout] ep 113 (heldout_114): steps=4 success=True
[hybrid-rollout] ep 114 (heldout_115): steps=4 success=True
[hybrid-rollout] ep 115 (heldout_116): steps=60 success=False
[hybrid-rollout] ep 116 (heldout_117): steps=7 success=True
[hybrid-rollout] ep 117 (heldout_118): steps=60 success=False
[hybrid-rollout] ep 118 (heldout_119): steps=60 success=False
[hybrid-rollout] ep 119 (heldout_120): steps=7 success=True
[hybrid-rollout] ep 120 (heldout_121): steps=60 success=False
[hybrid-rollout] ep 121 (heldout_122): steps=60 success=False
[hybrid-rollout] ep 122 (heldout_123): steps=6 success=True
[hybrid-rollout] ep 123 (heldout_124): steps=4 success=False
[hybrid-rollout] ep 124 (heldout_125): steps=4 success=True
[hybrid-rollout] ep 125 (heldout_126): steps=4 success=True
[hybrid-rollout] ep 126 (heldout_127): steps=60 success=False
[hybrid-rollout] ep 127 (heldout_128): steps=60 success=False
[hybrid-rollout] ep 128 (heldout_129): steps=60 success=False
[hybrid-rollout] ep 129 (heldout_130): steps=4 success=True
[hybrid-rollout] ep 130 (heldout_131): steps=60 success=False
[hybrid-rollout] ep 131 (heldout_132): steps=4 success=True
[hybrid-rollout] ep 132 (heldout_133): steps=4 success=True
[hybrid-rollout] ep 133 (heldout_134): steps=60 success=False
[hybrid-rollout] ep 134 (heldout_135): steps=6 success=True
[hybrid-rollout] ep 135 (heldout_136): steps=5 success=True
[hybrid-rollout] ep 136 (heldout_137): steps=5 success=True
[hybrid-rollout] ep 137 (heldout_138): steps=4 success=True
[hybrid-rollout] ep 138 (heldout_139): steps=4 success=True
[hybrid-rollout] ep 139 (heldout_140): steps=60 success=False
[hybrid-rollout] ep 140 (heldout_141): steps=5 success=True
[hybrid-rollout] ep 141 (heldout_142): steps=4 success=True
[hybrid-rollout] ep 142 (heldout_143): steps=60 success=False
[hybrid-rollout] ep 143 (heldout_144): steps=4 success=True
[hybrid-rollout] ep 144 (heldout_145): steps=5 success=True
[hybrid-rollout] ep 145 (heldout_146): steps=60 success=False
[hybrid-rollout] ep 146 (heldout_147): steps=4 success=True
[hybrid-rollout] ep 147 (heldout_148): steps=60 success=False
[hybrid-rollout] ep 148 (heldout_149): steps=60 success=False
[hybrid-rollout] ep 149 (heldout_150): steps=4 success=True
[hybrid-rollout] ep 150 (heldout_151): steps=5 success=True
[hybrid-rollout] ep 151 (heldout_152): steps=1 success=False
[hybrid-rollout] ep 152 (heldout_153): steps=5 success=True
[hybrid-rollout] ep 153 (heldout_154): steps=60 success=False
[hybrid-rollout] ep 154 (heldout_155): steps=60 success=False
[hybrid-rollout] ep 155 (heldout_156): steps=60 success=False
[hybrid-rollout] ep 156 (heldout_157): steps=4 success=True
[hybrid-rollout] ep 157 (heldout_158): steps=6 success=True
[hybrid-rollout] ep 158 (heldout_159): steps=6 success=True
[hybrid-rollout] ep 159 (heldout_160): steps=60 success=False
[hybrid-rollout] ep 160 (heldout_161): steps=60 success=False
[hybrid-rollout] ep 161 (heldout_162): steps=5 success=True
[hybrid-rollout] ep 162 (heldout_163): steps=4 success=True
[hybrid-rollout] ep 163 (heldout_164): steps=60 success=False
[hybrid-rollout] ep 164 (heldout_165): steps=5 success=True
[hybrid-rollout] ep 165 (heldout_166): steps=60 success=False
[hybrid-rollout] ep 166 (heldout_167): steps=60 success=False
[hybrid-rollout] ep 167 (heldout_168): steps=4 success=True
[hybrid-rollout] ep 168 (heldout_169): steps=4 success=False
[hybrid-rollout] ep 169 (heldout_170): steps=5 success=False
[hybrid-rollout] ep 170 (heldout_171): steps=60 success=False
[hybrid-rollout] ep 171 (heldout_172): steps=5 success=True
[hybrid-rollout] ep 172 (heldout_173): steps=4 success=True
[hybrid-rollout] ep 173 (heldout_174): steps=60 success=False
[hybrid-rollout] ep 174 (heldout_175): steps=60 success=False
[hybrid-rollout] ep 175 (heldout_176): steps=6 success=True
[hybrid-rollout] ep 176 (heldout_177): steps=6 success=True
[hybrid-rollout] ep 177 (heldout_178): steps=5 success=True
[hybrid-rollout] ep 178 (heldout_179): steps=60 success=False
[hybrid-rollout] ep 179 (heldout_180): steps=4 success=True
[hybrid-rollout] ep 180 (heldout_181): steps=5 success=True
[hybrid-rollout] ep 181 (heldout_182): steps=60 success=False
[hybrid-rollout] ep 182 (heldout_183): steps=60 success=False
[hybrid-rollout] ep 183 (heldout_184): steps=5 success=False
[hybrid-rollout] ep 184 (heldout_185): steps=60 success=False
[hybrid-rollout] ep 185 (heldout_186): steps=4 success=True
[hybrid-rollout] ep 186 (heldout_187): steps=5 success=True
[hybrid-rollout] ep 187 (heldout_188): steps=60 success=False
[hybrid-rollout] ep 188 (heldout_189): steps=60 success=False
[hybrid-rollout] ep 189 (heldout_190): steps=7 success=True
[hybrid-rollout] ep 190 (heldout_191): steps=6 success=True
[hybrid-rollout] ep 191 (heldout_192): steps=7 success=True
[hybrid-rollout] ep 192 (heldout_193): steps=60 success=False
[hybrid-rollout] ep 193 (heldout_194): steps=6 success=True
[hybrid-rollout] ep 194 (heldout_195): steps=5 success=True
[hybrid-rollout] ep 195 (heldout_196): steps=4 success=True
[hybrid-rollout] ep 196 (heldout_197): steps=5 success=True
[hybrid-rollout] ep 197 (heldout_198): steps=60 success=False
[hybrid-rollout] ep 198 (heldout_199): steps=4 success=True
[hybrid-rollout] ep 199 (heldout_200): steps=4 success=True
[hybrid-rollout] DONE successes=117/200
[19:35:24] [replay_p4] run 6 round 3: extras=3 heldout_sr=0.585
[19:35:24] [replay_p4] $ /home/s226137394/.conda/envs/maze/bin/python3 -u -m Equivariant_pathway.equivariant_CNN_hybrid.baseline_vs_p4.pool_x_selector.trainer.finetune_replay --demo_dir /weka/s226137394/DmNfull/Equivariant_pathway/equivariant_CNN_hybrid/baseline_vs_p4/pool_x_selector/results_hpsweep/e90_lr0.0001_rm0.3_do0/run_6/p4_top3_rotate/demos --checkpoint_dir /weka/s226137394/DmNfull/Equivariant_pathway/equivariant_CNN_hybrid/baseline_vs_p4/pool_x_selector/results_hpsweep/e90_lr0.0001_rm0.3_do0/run_6/p4_top3_rotate/checkpoints --epochs 90 --batch_size 64 --lr 0.0001 --weight_decay 0.0001 --replay_mix 0.3 --replay_mix_floor 0.2 --head_dropout 0.0 --seed 6 --resume --new_demos_dir /weka/s226137394/DmNfull/Equivariant_pathway/equivariant_CNN_hybrid/baseline_vs_p4/pool_x_selector/results_hpsweep/e90_lr0.0001_rm0.3_do0/run_6/p4_top3_rotate/demos/round_004
[finetune_replay] device=cuda demo_dir=/weka/s226137394/DmNfull/Equivariant_pathway/equivariant_CNN_hybrid/baseline_vs_p4/pool_x_selector/results_hpsweep/e90_lr0.0001_rm0.3_do0/run_6/p4_top3_rotate/demos new_demos_dir=/weka/s226137394/DmNfull/Equivariant_pathway/equivariant_CNN_hybrid/baseline_vs_p4/pool_x_selector/results_hpsweep/e90_lr0.0001_rm0.3_do0/run_6/p4_top3_rotate/demos/round_004
[hybrid-dataset] 23 demos -> 121 samples
[hybrid-dataset] 1 demos -> 4 samples
[finetune_replay] sampler audit: {'n_old_samples': 121, 'n_new_samples': 4, 'replay_mix_target': 0.3, 'replay_mix_effective': 0.3, 'replay_mix_floor': 0.2}
[finetune_replay] trainable params: 1,400,028
[finetune_replay] WARM START from last_hybrid_policy.pth
[finetune_replay] ep   1/90 | train loss=0.9165 top1=0.743 | val loss=0.4834 | t=0.7s  *
[finetune_replay] ep   2/90 | train loss=0.0886 top1=1.000 | val loss=0.4232 | t=0.3s  *
[finetune_replay] ep   3/90 | train loss=0.0478 top1=0.982 | val loss=0.1681 | t=0.2s  *
[finetune_replay] ep   4/90 | train loss=0.0324 top1=0.991 | val loss=0.2817 | t=0.1s
[finetune_replay] ep   5/90 | train loss=0.0121 top1=0.991 | val loss=0.3322 | t=0.1s
[finetune_replay] ep   6/90 | train loss=0.0091 top1=1.000 | val loss=0.3510 | t=0.2s
[finetune_replay] ep   7/90 | train loss=0.0072 top1=1.000 | val loss=0.3655 | t=0.1s
[finetune_replay] ep   8/90 | train loss=0.0041 top1=1.000 | val loss=0.3291 | t=0.1s
[finetune_replay] ep   9/90 | train loss=0.0026 top1=1.000 | val loss=0.2832 | t=0.1s
[finetune_replay] ep  10/90 | train loss=0.0035 top1=1.000 | val loss=0.2670 | t=0.1s
[finetune_replay] ep  11/90 | train loss=0.0029 top1=1.000 | val loss=0.2925 | t=0.1s
[finetune_replay] ep  12/90 | train loss=0.0018 top1=1.000 | val loss=0.3237 | t=0.1s
[finetune_replay] ep  13/90 | train loss=0.0019 top1=1.000 | val loss=0.3343 | t=0.1s
[finetune_replay] ep  14/90 | train loss=0.0021 top1=1.000 | val loss=0.3219 | t=0.1s
[finetune_replay] ep  15/90 | train loss=0.0039 top1=1.000 | val loss=0.2720 | t=0.1s
[finetune_replay] ep  16/90 | train loss=0.0032 top1=1.000 | val loss=0.2050 | t=0.1s
[finetune_replay] ep  17/90 | train loss=0.0027 top1=1.000 | val loss=0.2135 | t=0.1s
[finetune_replay] ep  18/90 | train loss=0.0023 top1=1.000 | val loss=0.2656 | t=0.1s
[finetune_replay] ep  19/90 | train loss=0.0041 top1=1.000 | val loss=0.2650 | t=0.1s
[finetune_replay] ep  20/90 | train loss=0.0014 top1=1.000 | val loss=0.2842 | t=0.1s
[finetune_replay] ep  21/90 | train loss=0.0014 top1=1.000 | val loss=0.3228 | t=0.1s
[finetune_replay] ep  22/90 | train loss=0.0019 top1=1.000 | val loss=0.3118 | t=0.1s
[finetune_replay] ep  23/90 | train loss=0.0007 top1=1.000 | val loss=0.3067 | t=0.1s
[finetune_replay] ep  24/90 | train loss=0.0013 top1=1.000 | val loss=0.3014 | t=0.2s
[finetune_replay] ep  25/90 | train loss=0.0016 top1=1.000 | val loss=0.2893 | t=0.1s
[finetune_replay] ep  26/90 | train loss=0.0007 top1=1.000 | val loss=0.2792 | t=0.1s
[finetune_replay] ep  27/90 | train loss=0.0011 top1=1.000 | val loss=0.2723 | t=0.1s
[finetune_replay] ep  28/90 | train loss=0.0010 top1=1.000 | val loss=0.2857 | t=0.1s
[finetune_replay] ep  29/90 | train loss=0.0008 top1=1.000 | val loss=0.3018 | t=0.1s
[finetune_replay] ep  30/90 | train loss=0.0013 top1=1.000 | val loss=0.3098 | t=0.1s
[finetune_replay] ep  31/90 | train loss=0.0007 top1=1.000 | val loss=0.3031 | t=0.1s
[finetune_replay] ep  32/90 | train loss=0.0009 top1=1.000 | val loss=0.3045 | t=0.1s
[finetune_replay] ep  33/90 | train loss=0.0010 top1=1.000 | val loss=0.2856 | t=0.1s
[finetune_replay] ep  34/90 | train loss=0.0009 top1=1.000 | val loss=0.2829 | t=0.1s
[finetune_replay] ep  35/90 | train loss=0.0007 top1=1.000 | val loss=0.2964 | t=0.1s
[finetune_replay] ep  36/90 | train loss=0.0010 top1=1.000 | val loss=0.3062 | t=0.1s
[finetune_replay] ep  37/90 | train loss=0.0012 top1=1.000 | val loss=0.3338 | t=0.1s
[finetune_replay] ep  38/90 | train loss=0.0005 top1=1.000 | val loss=0.3500 | t=0.1s
[finetune_replay] ep  39/90 | train loss=0.0010 top1=1.000 | val loss=0.3534 | t=0.1s
[finetune_replay] ep  40/90 | train loss=0.0005 top1=1.000 | val loss=0.3365 | t=0.1s
[finetune_replay] ep  41/90 | train loss=0.0008 top1=1.000 | val loss=0.3100 | t=0.1s
[finetune_replay] ep  42/90 | train loss=0.0009 top1=1.000 | val loss=0.2862 | t=0.1s
[finetune_replay] ep  43/90 | train loss=0.0006 top1=1.000 | val loss=0.2854 | t=0.1s
[finetune_replay] ep  44/90 | train loss=0.0007 top1=1.000 | val loss=0.2856 | t=0.1s
[finetune_replay] ep  45/90 | train loss=0.0006 top1=1.000 | val loss=0.2973 | t=0.1s
[finetune_replay] ep  46/90 | train loss=0.0006 top1=1.000 | val loss=0.3145 | t=0.1s
[finetune_replay] ep  47/90 | train loss=0.0008 top1=1.000 | val loss=0.3117 | t=0.1s
[finetune_replay] ep  48/90 | train loss=0.0005 top1=1.000 | val loss=0.3089 | t=0.1s
[finetune_replay] ep  49/90 | train loss=0.0006 top1=1.000 | val loss=0.3054 | t=0.1s
[finetune_replay] ep  50/90 | train loss=0.0008 top1=1.000 | val loss=0.3003 | t=0.1s
[finetune_replay] ep  51/90 | train loss=0.0005 top1=1.000 | val loss=0.2988 | t=0.1s
[finetune_replay] ep  52/90 | train loss=0.0006 top1=1.000 | val loss=0.3019 | t=0.1s
[finetune_replay] ep  53/90 | train loss=0.0008 top1=1.000 | val loss=0.3108 | t=0.1s
[finetune_replay] ep  54/90 | train loss=0.0004 top1=1.000 | val loss=0.3208 | t=0.1s
[finetune_replay] ep  55/90 | train loss=0.0006 top1=1.000 | val loss=0.3312 | t=0.1s
[finetune_replay] ep  56/90 | train loss=0.0007 top1=1.000 | val loss=0.3405 | t=0.1s
[finetune_replay] ep  57/90 | train loss=0.0007 top1=1.000 | val loss=0.3401 | t=0.1s
[finetune_replay] ep  58/90 | train loss=0.0006 top1=1.000 | val loss=0.3330 | t=0.1s
[finetune_replay] ep  59/90 | train loss=0.0007 top1=1.000 | val loss=0.3167 | t=0.1s
[finetune_replay] ep  60/90 | train loss=0.0007 top1=1.000 | val loss=0.3102 | t=0.1s
[finetune_replay] ep  61/90 | train loss=0.0004 top1=1.000 | val loss=0.3030 | t=0.1s
[finetune_replay] ep  62/90 | train loss=0.0007 top1=1.000 | val loss=0.3080 | t=0.1s
[finetune_replay] ep  63/90 | train loss=0.0003 top1=1.000 | val loss=0.3117 | t=0.1s
[finetune_replay] ep  64/90 | train loss=0.0005 top1=1.000 | val loss=0.3163 | t=0.1s
[finetune_replay] ep  65/90 | train loss=0.0009 top1=1.000 | val loss=0.3145 | t=0.1s
[finetune_replay] ep  66/90 | train loss=0.0006 top1=1.000 | val loss=0.3097 | t=0.1s
[finetune_replay] ep  67/90 | train loss=0.0005 top1=1.000 | val loss=0.3072 | t=0.1s
[finetune_replay] ep  68/90 | train loss=0.0005 top1=1.000 | val loss=0.3055 | t=0.1s
[finetune_replay] ep  69/90 | train loss=0.0006 top1=1.000 | val loss=0.3048 | t=0.1s
[finetune_replay] ep  70/90 | train loss=0.0007 top1=1.000 | val loss=0.3047 | t=0.1s
[finetune_replay] ep  71/90 | train loss=0.0006 top1=1.000 | val loss=0.3071 | t=0.1s
[finetune_replay] ep  72/90 | train loss=0.0006 top1=1.000 | val loss=0.3070 | t=0.1s
[finetune_replay] ep  73/90 | train loss=0.0008 top1=1.000 | val loss=0.3094 | t=0.1s
[finetune_replay] ep  74/90 | train loss=0.0007 top1=1.000 | val loss=0.3123 | t=0.1s
[finetune_replay] ep  75/90 | train loss=0.0004 top1=1.000 | val loss=0.3155 | t=0.1s
[finetune_replay] ep  76/90 | train loss=0.0006 top1=1.000 | val loss=0.3150 | t=0.1s
[finetune_replay] ep  77/90 | train loss=0.0005 top1=1.000 | val loss=0.3175 | t=0.1s
[finetune_replay] ep  78/90 | train loss=0.0006 top1=1.000 | val loss=0.3183 | t=0.1s
[finetune_replay] ep  79/90 | train loss=0.0005 top1=1.000 | val loss=0.3186 | t=0.1s
[finetune_replay] ep  80/90 | train loss=0.0005 top1=1.000 | val loss=0.3199 | t=0.1s
[finetune_replay] ep  81/90 | train loss=0.0008 top1=1.000 | val loss=0.3231 | t=0.1s
[finetune_replay] ep  82/90 | train loss=0.0005 top1=1.000 | val loss=0.3245 | t=0.1s
[finetune_replay] ep  83/90 | train loss=0.0006 top1=1.000 | val loss=0.3242 | t=0.1s
[finetune_replay] ep  84/90 | train loss=0.0007 top1=1.000 | val loss=0.3249 | t=0.1s
[finetune_replay] ep  85/90 | train loss=0.0006 top1=1.000 | val loss=0.3245 | t=0.1s
[finetune_replay] ep  86/90 | train loss=0.0004 top1=1.000 | val loss=0.3268 | t=0.1s
[finetune_replay] ep  87/90 | train loss=0.0006 top1=1.000 | val loss=0.3278 | t=0.1s
[finetune_replay] ep  88/90 | train loss=0.0005 top1=1.000 | val loss=0.3274 | t=0.1s
[finetune_replay] ep  89/90 | train loss=0.0007 top1=1.000 | val loss=0.3273 | t=0.1s
[finetune_replay] ep  90/90 | train loss=0.0006 top1=1.000 | val loss=0.3260 | t=0.1s
[finetune_replay] DONE best_val_loss=0.1681 @ epoch 3
[19:35:47] [bo-budget] $ /home/s226137394/.conda/envs/maze/bin/python3 -u -m Equivariant_pathway.equivariant_CNN_hybrid.rollout_test --checkpoint /weka/s226137394/DmNfull/Equivariant_pathway/equivariant_CNN_hybrid/baseline_vs_p4/pool_x_selector/results_hpsweep/e90_lr0.0001_rm0.3_do0/run_6/p4_top3_rotate/checkpoints/best_hybrid_policy.pth --layouts /weka/s226137394/DmNfull/Equivariant_pathway/equivariant_CNN_hybrid/baseline_vs_p4/shared/heldout_layouts.yaml --out_dir /weka/s226137394/DmNfull/Equivariant_pathway/equivariant_CNN_hybrid/baseline_vs_p4/pool_x_selector/results_hpsweep/e90_lr0.0001_rm0.3_do0/run_6/p4_top3_rotate/results/eval_round_004 --seed 10 --max_steps 60
[hybrid-rollout] 200 unique; running 200 eps
[hybrid-rollout] loaded /weka/s226137394/DmNfull/Equivariant_pathway/equivariant_CNN_hybrid/baseline_vs_p4/pool_x_selector/results_hpsweep/e90_lr0.0001_rm0.3_do0/run_6/p4_top3_rotate/checkpoints/best_hybrid_policy.pth
[hybrid-rollout] ep 0 (heldout_001): steps=5 success=True
[hybrid-rollout] ep 1 (heldout_002): steps=4 success=True
[hybrid-rollout] ep 2 (heldout_003): steps=60 success=False
[hybrid-rollout] ep 3 (heldout_004): steps=60 success=False
[hybrid-rollout] ep 4 (heldout_005): steps=5 success=True
[hybrid-rollout] ep 5 (heldout_006): steps=3 success=False
[hybrid-rollout] ep 6 (heldout_007): steps=60 success=False
[hybrid-rollout] ep 7 (heldout_008): steps=60 success=False
[hybrid-rollout] ep 8 (heldout_009): steps=6 success=True
[hybrid-rollout] ep 9 (heldout_010): steps=60 success=False
[hybrid-rollout] ep 10 (heldout_011): steps=4 success=True
[hybrid-rollout] ep 11 (heldout_012): steps=4 success=True
[hybrid-rollout] ep 12 (heldout_013): steps=60 success=False
[hybrid-rollout] ep 13 (heldout_014): steps=5 success=True
[hybrid-rollout] ep 14 (heldout_015): steps=4 success=True
[hybrid-rollout] ep 15 (heldout_016): steps=1 success=False
[hybrid-rollout] ep 16 (heldout_017): steps=4 success=True
[hybrid-rollout] ep 17 (heldout_018): steps=2 success=False
[hybrid-rollout] ep 18 (heldout_019): steps=60 success=False
[hybrid-rollout] ep 19 (heldout_020): steps=5 success=True
[hybrid-rollout] ep 20 (heldout_021): steps=4 success=True
[hybrid-rollout] ep 21 (heldout_022): steps=4 success=True
[hybrid-rollout] ep 22 (heldout_023): steps=60 success=False
[hybrid-rollout] ep 23 (heldout_024): steps=60 success=False
[hybrid-rollout] ep 24 (heldout_025): steps=4 success=True
[hybrid-rollout] ep 25 (heldout_026): steps=4 success=True
[hybrid-rollout] ep 26 (heldout_027): steps=4 success=True
[hybrid-rollout] ep 27 (heldout_028): steps=4 success=True
[hybrid-rollout] ep 28 (heldout_029): steps=60 success=False
[hybrid-rollout] ep 29 (heldout_030): steps=60 success=False
[hybrid-rollout] ep 30 (heldout_031): steps=60 success=False
[hybrid-rollout] ep 31 (heldout_032): steps=1 success=False
[hybrid-rollout] ep 32 (heldout_033): steps=60 success=False
[hybrid-rollout] ep 33 (heldout_034): steps=60 success=False
[hybrid-rollout] ep 34 (heldout_035): steps=60 success=False
[hybrid-rollout] ep 35 (heldout_036): steps=5 success=True
[hybrid-rollout] ep 36 (heldout_037): steps=4 success=True
[hybrid-rollout] ep 37 (heldout_038): steps=5 success=True
[hybrid-rollout] ep 38 (heldout_039): steps=6 success=True
[hybrid-rollout] ep 39 (heldout_040): steps=60 success=False
[hybrid-rollout] ep 40 (heldout_041): steps=60 success=False
[hybrid-rollout] ep 41 (heldout_042): steps=4 success=True
[hybrid-rollout] ep 42 (heldout_043): steps=60 success=False
[hybrid-rollout] ep 43 (heldout_044): steps=60 success=False
[hybrid-rollout] ep 44 (heldout_045): steps=5 success=True
[hybrid-rollout] ep 45 (heldout_046): steps=4 success=True
[hybrid-rollout] ep 46 (heldout_047): steps=60 success=False
[hybrid-rollout] ep 47 (heldout_048): steps=6 success=True
[hybrid-rollout] ep 48 (heldout_049): steps=60 success=False
[hybrid-rollout] ep 49 (heldout_050): steps=60 success=False
[hybrid-rollout] ep 50 (heldout_051): steps=4 success=True
[hybrid-rollout] ep 51 (heldout_052): steps=4 success=True
[hybrid-rollout] ep 52 (heldout_053): steps=6 success=True
[hybrid-rollout] ep 53 (heldout_054): steps=60 success=False
[hybrid-rollout] ep 54 (heldout_055): steps=60 success=False
[hybrid-rollout] ep 55 (heldout_056): steps=60 success=False
[hybrid-rollout] ep 56 (heldout_057): steps=2 success=False
[hybrid-rollout] ep 57 (heldout_058): steps=4 success=True
[hybrid-rollout] ep 58 (heldout_059): steps=5 success=True
[hybrid-rollout] ep 59 (heldout_060): steps=6 success=True
[hybrid-rollout] ep 60 (heldout_061): steps=60 success=False
[hybrid-rollout] ep 61 (heldout_062): steps=6 success=True
[hybrid-rollout] ep 62 (heldout_063): steps=5 success=True
[hybrid-rollout] ep 63 (heldout_064): steps=1 success=False
[hybrid-rollout] ep 64 (heldout_065): steps=7 success=True
[hybrid-rollout] ep 65 (heldout_066): steps=6 success=True
[hybrid-rollout] ep 66 (heldout_067): steps=5 success=True
[hybrid-rollout] ep 67 (heldout_068): steps=4 success=True
[hybrid-rollout] ep 68 (heldout_069): steps=60 success=False
[hybrid-rollout] ep 69 (heldout_070): steps=60 success=False
[hybrid-rollout] ep 70 (heldout_071): steps=4 success=False
[hybrid-rollout] ep 71 (heldout_072): steps=60 success=False
[hybrid-rollout] ep 72 (heldout_073): steps=3 success=False
[hybrid-rollout] ep 73 (heldout_074): steps=4 success=True
[hybrid-rollout] ep 74 (heldout_075): steps=5 success=True
[hybrid-rollout] ep 75 (heldout_076): steps=60 success=False
[hybrid-rollout] ep 76 (heldout_077): steps=4 success=True
[hybrid-rollout] ep 77 (heldout_078): steps=3 success=False
[hybrid-rollout] ep 78 (heldout_079): steps=4 success=True
[hybrid-rollout] ep 79 (heldout_080): steps=4 success=True
[hybrid-rollout] ep 80 (heldout_081): steps=60 success=False
[hybrid-rollout] ep 81 (heldout_082): steps=60 success=False
[hybrid-rollout] ep 82 (heldout_083): steps=6 success=True
[hybrid-rollout] ep 83 (heldout_084): steps=5 success=True
[hybrid-rollout] ep 84 (heldout_085): steps=60 success=False
[hybrid-rollout] ep 85 (heldout_086): steps=6 success=True
[hybrid-rollout] ep 86 (heldout_087): steps=60 success=False
[hybrid-rollout] ep 87 (heldout_088): steps=60 success=False
[hybrid-rollout] ep 88 (heldout_089): steps=3 success=False
[hybrid-rollout] ep 89 (heldout_090): steps=4 success=True
[hybrid-rollout] ep 90 (heldout_091): steps=4 success=False
[hybrid-rollout] ep 91 (heldout_092): steps=5 success=True
[hybrid-rollout] ep 92 (heldout_093): steps=6 success=True
[hybrid-rollout] ep 93 (heldout_094): steps=6 success=True
[hybrid-rollout] ep 94 (heldout_095): steps=7 success=True
[hybrid-rollout] ep 95 (heldout_096): steps=5 success=True
[hybrid-rollout] ep 96 (heldout_097): steps=5 success=True
[hybrid-rollout] ep 97 (heldout_098): steps=5 success=True
[hybrid-rollout] ep 98 (heldout_099): steps=60 success=False
[hybrid-rollout] ep 99 (heldout_100): steps=60 success=False
[hybrid-rollout] ep 100 (heldout_101): steps=4 success=True
[hybrid-rollout] ep 101 (heldout_102): steps=4 success=True
[hybrid-rollout] ep 102 (heldout_103): steps=60 success=False
[hybrid-rollout] ep 103 (heldout_104): steps=6 success=True
[hybrid-rollout] ep 104 (heldout_105): steps=60 success=False
[hybrid-rollout] ep 105 (heldout_106): steps=60 success=False
[hybrid-rollout] ep 106 (heldout_107): steps=4 success=True
[hybrid-rollout] ep 107 (heldout_108): steps=4 success=True
[hybrid-rollout] ep 108 (heldout_109): steps=4 success=True
[hybrid-rollout] ep 109 (heldout_110): steps=60 success=False
[hybrid-rollout] ep 110 (heldout_111): steps=6 success=True
[hybrid-rollout] ep 111 (heldout_112): steps=60 success=False
[hybrid-rollout] ep 112 (heldout_113): steps=5 success=True
[hybrid-rollout] ep 113 (heldout_114): steps=60 success=False
[hybrid-rollout] ep 114 (heldout_115): steps=60 success=False
[hybrid-rollout] ep 115 (heldout_116): steps=5 success=True
[hybrid-rollout] ep 116 (heldout_117): steps=60 success=False
[hybrid-rollout] ep 117 (heldout_118): steps=7 success=True
[hybrid-rollout] ep 118 (heldout_119): steps=4 success=True
[hybrid-rollout] ep 119 (heldout_120): steps=7 success=True
[hybrid-rollout] ep 120 (heldout_121): steps=60 success=False
[hybrid-rollout] ep 121 (heldout_122): steps=4 success=True
[hybrid-rollout] ep 122 (heldout_123): steps=60 success=False
[hybrid-rollout] ep 123 (heldout_124): steps=60 success=False
[hybrid-rollout] ep 124 (heldout_125): steps=4 success=True
[hybrid-rollout] ep 125 (heldout_126): steps=60 success=False
[hybrid-rollout] ep 126 (heldout_127): steps=60 success=False
[hybrid-rollout] ep 127 (heldout_128): steps=60 success=False
[hybrid-rollout] ep 128 (heldout_129): steps=60 success=False
[hybrid-rollout] ep 129 (heldout_130): steps=4 success=True
[hybrid-rollout] ep 130 (heldout_131): steps=1 success=False
[hybrid-rollout] ep 131 (heldout_132): steps=4 success=True
[hybrid-rollout] ep 132 (heldout_133): steps=4 success=True
[hybrid-rollout] ep 133 (heldout_134): steps=7 success=True
[hybrid-rollout] ep 134 (heldout_135): steps=6 success=True
[hybrid-rollout] ep 135 (heldout_136): steps=60 success=False
[hybrid-rollout] ep 136 (heldout_137): steps=5 success=True
[hybrid-rollout] ep 137 (heldout_138): steps=4 success=True
[hybrid-rollout] ep 138 (heldout_139): steps=4 success=True
[hybrid-rollout] ep 139 (heldout_140): steps=60 success=False
[hybrid-rollout] ep 140 (heldout_141): steps=60 success=False
[hybrid-rollout] ep 141 (heldout_142): steps=2 success=False
[hybrid-rollout] ep 142 (heldout_143): steps=60 success=False
[hybrid-rollout] ep 143 (heldout_144): steps=60 success=False
[hybrid-rollout] ep 144 (heldout_145): steps=60 success=False
[hybrid-rollout] ep 145 (heldout_146): steps=60 success=False
[hybrid-rollout] ep 146 (heldout_147): steps=4 success=True
[hybrid-rollout] ep 147 (heldout_148): steps=60 success=False
[hybrid-rollout] ep 148 (heldout_149): steps=5 success=True
[hybrid-rollout] ep 149 (heldout_150): steps=4 success=True
[hybrid-rollout] ep 150 (heldout_151): steps=60 success=False
[hybrid-rollout] ep 151 (heldout_152): steps=5 success=False
[hybrid-rollout] ep 152 (heldout_153): steps=5 success=True
[hybrid-rollout] ep 153 (heldout_154): steps=60 success=False
[hybrid-rollout] ep 154 (heldout_155): steps=60 success=False
[hybrid-rollout] ep 155 (heldout_156): steps=60 success=False
[hybrid-rollout] ep 156 (heldout_157): steps=4 success=True
[hybrid-rollout] ep 157 (heldout_158): steps=3 success=False
[hybrid-rollout] ep 158 (heldout_159): steps=6 success=True
[hybrid-rollout] ep 159 (heldout_160): steps=60 success=False
[hybrid-rollout] ep 160 (heldout_161): steps=60 success=False
[hybrid-rollout] ep 161 (heldout_162): steps=5 success=True
[hybrid-rollout] ep 162 (heldout_163): steps=4 success=True
[hybrid-rollout] ep 163 (heldout_164): steps=4 success=True
[hybrid-rollout] ep 164 (heldout_165): steps=5 success=True
[hybrid-rollout] ep 165 (heldout_166): steps=60 success=False
[hybrid-rollout] ep 166 (heldout_167): steps=60 success=False
[hybrid-rollout] ep 167 (heldout_168): steps=4 success=True
[hybrid-rollout] ep 168 (heldout_169): steps=4 success=False
[hybrid-rollout] ep 169 (heldout_170): steps=6 success=True
[hybrid-rollout] ep 170 (heldout_171): steps=60 success=False
[hybrid-rollout] ep 171 (heldout_172): steps=5 success=True
[hybrid-rollout] ep 172 (heldout_173): steps=4 success=True
[hybrid-rollout] ep 173 (heldout_174): steps=5 success=True
[hybrid-rollout] ep 174 (heldout_175): steps=5 success=True
[hybrid-rollout] ep 175 (heldout_176): steps=6 success=True
[hybrid-rollout] ep 176 (heldout_177): steps=6 success=True
[hybrid-rollout] ep 177 (heldout_178): steps=1 success=False
[hybrid-rollout] ep 178 (heldout_179): steps=60 success=False
[hybrid-rollout] ep 179 (heldout_180): steps=60 success=False
[hybrid-rollout] ep 180 (heldout_181): steps=5 success=True
[hybrid-rollout] ep 181 (heldout_182): steps=60 success=False
[hybrid-rollout] ep 182 (heldout_183): steps=60 success=False
[hybrid-rollout] ep 183 (heldout_184): steps=7 success=True
[hybrid-rollout] ep 184 (heldout_185): steps=60 success=False
[hybrid-rollout] ep 185 (heldout_186): steps=4 success=True
[hybrid-rollout] ep 186 (heldout_187): steps=5 success=True
[hybrid-rollout] ep 187 (heldout_188): steps=5 success=True
[hybrid-rollout] ep 188 (heldout_189): steps=60 success=False
[hybrid-rollout] ep 189 (heldout_190): steps=7 success=True
[hybrid-rollout] ep 190 (heldout_191): steps=4 success=True
[hybrid-rollout] ep 191 (heldout_192): steps=5 success=True
[hybrid-rollout] ep 192 (heldout_193): steps=60 success=False
[hybrid-rollout] ep 193 (heldout_194): steps=6 success=True
[hybrid-rollout] ep 194 (heldout_195): steps=5 success=True
[hybrid-rollout] ep 195 (heldout_196): steps=60 success=False
[hybrid-rollout] ep 196 (heldout_197): steps=2 success=False
[hybrid-rollout] ep 197 (heldout_198): steps=60 success=False
[hybrid-rollout] ep 198 (heldout_199): steps=60 success=False
[hybrid-rollout] ep 199 (heldout_200): steps=4 success=True
[hybrid-rollout] DONE successes=103/200
[19:37:55] [replay_p4] run 6 round 4: extras=4 heldout_sr=0.515
[19:37:55] [replay_p4] $ /home/s226137394/.conda/envs/maze/bin/python3 -u -m Equivariant_pathway.equivariant_CNN_hybrid.baseline_vs_p4.pool_x_selector.trainer.finetune_replay --demo_dir /weka/s226137394/DmNfull/Equivariant_pathway/equivariant_CNN_hybrid/baseline_vs_p4/pool_x_selector/results_hpsweep/e90_lr0.0001_rm0.3_do0/run_6/p4_top3_rotate/demos --checkpoint_dir /weka/s226137394/DmNfull/Equivariant_pathway/equivariant_CNN_hybrid/baseline_vs_p4/pool_x_selector/results_hpsweep/e90_lr0.0001_rm0.3_do0/run_6/p4_top3_rotate/checkpoints --epochs 90 --batch_size 64 --lr 0.0001 --weight_decay 0.0001 --replay_mix 0.3 --replay_mix_floor 0.2 --head_dropout 0.0 --seed 6 --resume --new_demos_dir /weka/s226137394/DmNfull/Equivariant_pathway/equivariant_CNN_hybrid/baseline_vs_p4/pool_x_selector/results_hpsweep/e90_lr0.0001_rm0.3_do0/run_6/p4_top3_rotate/demos/round_005
[finetune_replay] device=cuda demo_dir=/weka/s226137394/DmNfull/Equivariant_pathway/equivariant_CNN_hybrid/baseline_vs_p4/pool_x_selector/results_hpsweep/e90_lr0.0001_rm0.3_do0/run_6/p4_top3_rotate/demos new_demos_dir=/weka/s226137394/DmNfull/Equivariant_pathway/equivariant_CNN_hybrid/baseline_vs_p4/pool_x_selector/results_hpsweep/e90_lr0.0001_rm0.3_do0/run_6/p4_top3_rotate/demos/round_005
[hybrid-dataset] 24 demos -> 125 samples
[hybrid-dataset] 1 demos -> 8 samples
[finetune_replay] sampler audit: {'n_old_samples': 125, 'n_new_samples': 8, 'replay_mix_target': 0.3, 'replay_mix_effective': 0.3, 'replay_mix_floor': 0.2}
[finetune_replay] trainable params: 1,400,028
[finetune_replay] WARM START from last_hybrid_policy.pth
[finetune_replay] ep   1/90 | train loss=0.7116 top1=0.892 | val loss=1.3633 | t=0.9s  *
[finetune_replay] ep   2/90 | train loss=0.6403 top1=0.750 | val loss=0.3394 | t=0.2s  *
[finetune_replay] ep   3/90 | train loss=0.1378 top1=1.000 | val loss=0.0201 | t=0.1s  *
[finetune_replay] ep   4/90 | train loss=0.0731 top1=1.000 | val loss=0.0808 | t=0.1s
[finetune_replay] ep   5/90 | train loss=0.0412 top1=1.000 | val loss=0.0223 | t=0.1s
[finetune_replay] ep   6/90 | train loss=0.0103 top1=1.000 | val loss=0.0277 | t=0.1s
[finetune_replay] ep   7/90 | train loss=0.0223 top1=1.000 | val loss=0.0461 | t=0.1s
[finetune_replay] ep   8/90 | train loss=0.0081 top1=1.000 | val loss=0.1502 | t=0.1s
[finetune_replay] ep   9/90 | train loss=0.0108 top1=1.000 | val loss=0.0986 | t=0.1s
[finetune_replay] ep  10/90 | train loss=0.0079 top1=1.000 | val loss=0.0537 | t=0.1s
[finetune_replay] ep  11/90 | train loss=0.0051 top1=1.000 | val loss=0.0409 | t=0.1s
[finetune_replay] ep  12/90 | train loss=0.0057 top1=1.000 | val loss=0.0682 | t=0.1s
[finetune_replay] ep  13/90 | train loss=0.0030 top1=1.000 | val loss=0.0985 | t=0.1s
[finetune_replay] ep  14/90 | train loss=0.0029 top1=1.000 | val loss=0.1323 | t=0.1s
[finetune_replay] ep  15/90 | train loss=0.0097 top1=1.000 | val loss=0.0552 | t=0.1s
[finetune_replay] ep  16/90 | train loss=0.0053 top1=1.000 | val loss=0.0499 | t=0.1s
[finetune_replay] ep  17/90 | train loss=0.0041 top1=1.000 | val loss=0.0689 | t=0.1s
[finetune_replay] ep  18/90 | train loss=0.0041 top1=1.000 | val loss=0.0932 | t=0.1s
[finetune_replay] ep  19/90 | train loss=0.0051 top1=1.000 | val loss=0.1046 | t=0.1s
[finetune_replay] ep  20/90 | train loss=0.0040 top1=1.000 | val loss=0.0713 | t=0.1s
[finetune_replay] ep  21/90 | train loss=0.0019 top1=1.000 | val loss=0.0468 | t=0.1s
[finetune_replay] ep  22/90 | train loss=0.0032 top1=1.000 | val loss=0.0376 | t=0.1s
[finetune_replay] ep  23/90 | train loss=0.0026 top1=1.000 | val loss=0.0299 | t=0.1s
[finetune_replay] ep  24/90 | train loss=0.0025 top1=1.000 | val loss=0.0260 | t=0.1s
[finetune_replay] ep  25/90 | train loss=0.0013 top1=1.000 | val loss=0.0268 | t=0.1s
[finetune_replay] ep  26/90 | train loss=0.0020 top1=1.000 | val loss=0.0420 | t=0.1s
[finetune_replay] ep  27/90 | train loss=0.0014 top1=1.000 | val loss=0.0608 | t=0.1s
[finetune_replay] ep  28/90 | train loss=0.0016 top1=1.000 | val loss=0.0681 | t=0.1s
[finetune_replay] ep  29/90 | train loss=0.0016 top1=1.000 | val loss=0.0654 | t=0.1s
[finetune_replay] ep  30/90 | train loss=0.0014 top1=1.000 | val loss=0.0572 | t=0.1s
[finetune_replay] ep  31/90 | train loss=0.0013 top1=1.000 | val loss=0.0483 | t=0.1s
[finetune_replay] ep  32/90 | train loss=0.0012 top1=1.000 | val loss=0.0427 | t=0.1s
[finetune_replay] ep  33/90 | train loss=0.0011 top1=1.000 | val loss=0.0379 | t=0.1s
[finetune_replay] ep  34/90 | train loss=0.0012 top1=1.000 | val loss=0.0365 | t=0.1s
[finetune_replay] ep  35/90 | train loss=0.0016 top1=1.000 | val loss=0.0410 | t=0.1s
[finetune_replay] ep  36/90 | train loss=0.0010 top1=1.000 | val loss=0.0420 | t=0.1s
[finetune_replay] ep  37/90 | train loss=0.0011 top1=1.000 | val loss=0.0419 | t=0.1s
[finetune_replay] ep  38/90 | train loss=0.0010 top1=1.000 | val loss=0.0424 | t=0.1s
[finetune_replay] ep  39/90 | train loss=0.0011 top1=1.000 | val loss=0.0431 | t=0.1s
[finetune_replay] ep  40/90 | train loss=0.0010 top1=1.000 | val loss=0.0434 | t=0.1s
[finetune_replay] ep  41/90 | train loss=0.0011 top1=1.000 | val loss=0.0427 | t=0.1s
[finetune_replay] ep  42/90 | train loss=0.0010 top1=1.000 | val loss=0.0425 | t=0.1s
[finetune_replay] ep  43/90 | train loss=0.0008 top1=1.000 | val loss=0.0420 | t=0.1s
[finetune_replay] ep  44/90 | train loss=0.0013 top1=1.000 | val loss=0.0441 | t=0.1s
[finetune_replay] ep  45/90 | train loss=0.0008 top1=1.000 | val loss=0.0502 | t=0.1s
[finetune_replay] ep  46/90 | train loss=0.0010 top1=1.000 | val loss=0.0590 | t=0.1s
[finetune_replay] ep  47/90 | train loss=0.0009 top1=1.000 | val loss=0.0606 | t=0.1s
[finetune_replay] ep  48/90 | train loss=0.0007 top1=1.000 | val loss=0.0570 | t=0.1s
[finetune_replay] ep  49/90 | train loss=0.0008 top1=1.000 | val loss=0.0538 | t=0.1s
[finetune_replay] ep  50/90 | train loss=0.0012 top1=1.000 | val loss=0.0530 | t=0.1s
[finetune_replay] ep  51/90 | train loss=0.0008 top1=1.000 | val loss=0.0553 | t=0.1s
[finetune_replay] ep  52/90 | train loss=0.0009 top1=1.000 | val loss=0.0590 | t=0.1s
[finetune_replay] ep  53/90 | train loss=0.0010 top1=1.000 | val loss=0.0609 | t=0.1s
[finetune_replay] ep  54/90 | train loss=0.0013 top1=1.000 | val loss=0.0638 | t=0.1s
[finetune_replay] ep  55/90 | train loss=0.0010 top1=1.000 | val loss=0.0659 | t=0.1s
[finetune_replay] ep  56/90 | train loss=0.0007 top1=1.000 | val loss=0.0641 | t=0.1s
[finetune_replay] ep  57/90 | train loss=0.0008 top1=1.000 | val loss=0.0621 | t=0.1s
[finetune_replay] ep  58/90 | train loss=0.0007 top1=1.000 | val loss=0.0598 | t=0.1s
[finetune_replay] ep  59/90 | train loss=0.0009 top1=1.000 | val loss=0.0572 | t=0.1s
[finetune_replay] ep  60/90 | train loss=0.0007 top1=1.000 | val loss=0.0551 | t=0.1s
[finetune_replay] ep  61/90 | train loss=0.0007 top1=1.000 | val loss=0.0540 | t=0.1s
[finetune_replay] ep  62/90 | train loss=0.0009 top1=1.000 | val loss=0.0539 | t=0.1s
[finetune_replay] ep  63/90 | train loss=0.0006 top1=1.000 | val loss=0.0536 | t=0.1s
[finetune_replay] ep  64/90 | train loss=0.0008 top1=1.000 | val loss=0.0533 | t=0.1s
[finetune_replay] ep  65/90 | train loss=0.0007 top1=1.000 | val loss=0.0526 | t=0.1s
[finetune_replay] ep  66/90 | train loss=0.0007 top1=1.000 | val loss=0.0528 | t=0.1s
[finetune_replay] ep  67/90 | train loss=0.0009 top1=1.000 | val loss=0.0543 | t=0.1s
[finetune_replay] ep  68/90 | train loss=0.0007 top1=1.000 | val loss=0.0548 | t=0.1s
[finetune_replay] ep  69/90 | train loss=0.0007 top1=1.000 | val loss=0.0552 | t=0.1s
[finetune_replay] ep  70/90 | train loss=0.0008 top1=1.000 | val loss=0.0553 | t=0.1s
[finetune_replay] ep  71/90 | train loss=0.0007 top1=1.000 | val loss=0.0544 | t=0.1s
[finetune_replay] ep  72/90 | train loss=0.0008 top1=1.000 | val loss=0.0550 | t=0.1s
[finetune_replay] ep  73/90 | train loss=0.0007 top1=1.000 | val loss=0.0541 | t=0.1s
[finetune_replay] ep  74/90 | train loss=0.0009 top1=1.000 | val loss=0.0539 | t=0.1s
[finetune_replay] ep  75/90 | train loss=0.0008 top1=1.000 | val loss=0.0554 | t=0.1s
[finetune_replay] ep  76/90 | train loss=0.0010 top1=1.000 | val loss=0.0560 | t=0.1s
[finetune_replay] ep  77/90 | train loss=0.0007 top1=1.000 | val loss=0.0562 | t=0.1s
[finetune_replay] ep  78/90 | train loss=0.0008 top1=1.000 | val loss=0.0565 | t=0.1s
[finetune_replay] ep  79/90 | train loss=0.0007 top1=1.000 | val loss=0.0575 | t=0.1s
[finetune_replay] ep  80/90 | train loss=0.0007 top1=1.000 | val loss=0.0595 | t=0.1s
[finetune_replay] ep  81/90 | train loss=0.0008 top1=1.000 | val loss=0.0597 | t=0.1s
[finetune_replay] ep  82/90 | train loss=0.0007 top1=1.000 | val loss=0.0600 | t=0.1s
[finetune_replay] ep  83/90 | train loss=0.0007 top1=1.000 | val loss=0.0598 | t=0.1s
[finetune_replay] ep  84/90 | train loss=0.0006 top1=1.000 | val loss=0.0589 | t=0.1s
[finetune_replay] ep  85/90 | train loss=0.0006 top1=1.000 | val loss=0.0584 | t=0.1s
[finetune_replay] ep  86/90 | train loss=0.0009 top1=1.000 | val loss=0.0579 | t=0.1s
[finetune_replay] ep  87/90 | train loss=0.0009 top1=1.000 | val loss=0.0576 | t=0.1s
[finetune_replay] ep  88/90 | train loss=0.0006 top1=1.000 | val loss=0.0583 | t=0.1s
[finetune_replay] ep  89/90 | train loss=0.0006 top1=1.000 | val loss=0.0577 | t=0.1s
[finetune_replay] ep  90/90 | train loss=0.0007 top1=1.000 | val loss=0.0583 | t=0.1s
[finetune_replay] DONE best_val_loss=0.0201 @ epoch 3
[19:38:19] [bo-budget] $ /home/s226137394/.conda/envs/maze/bin/python3 -u -m Equivariant_pathway.equivariant_CNN_hybrid.rollout_test --checkpoint /weka/s226137394/DmNfull/Equivariant_pathway/equivariant_CNN_hybrid/baseline_vs_p4/pool_x_selector/results_hpsweep/e90_lr0.0001_rm0.3_do0/run_6/p4_top3_rotate/checkpoints/best_hybrid_policy.pth --layouts /weka/s226137394/DmNfull/Equivariant_pathway/equivariant_CNN_hybrid/baseline_vs_p4/shared/heldout_layouts.yaml --out_dir /weka/s226137394/DmNfull/Equivariant_pathway/equivariant_CNN_hybrid/baseline_vs_p4/pool_x_selector/results_hpsweep/e90_lr0.0001_rm0.3_do0/run_6/p4_top3_rotate/results/eval_round_005 --seed 11 --max_steps 60
[hybrid-rollout] 200 unique; running 200 eps
[hybrid-rollout] loaded /weka/s226137394/DmNfull/Equivariant_pathway/equivariant_CNN_hybrid/baseline_vs_p4/pool_x_selector/results_hpsweep/e90_lr0.0001_rm0.3_do0/run_6/p4_top3_rotate/checkpoints/best_hybrid_policy.pth
[hybrid-rollout] ep 0 (heldout_001): steps=5 success=True
[hybrid-rollout] ep 1 (heldout_002): steps=4 success=True
[hybrid-rollout] ep 2 (heldout_003): steps=60 success=False
[hybrid-rollout] ep 3 (heldout_004): steps=60 success=False
[hybrid-rollout] ep 4 (heldout_005): steps=5 success=True
[hybrid-rollout] ep 5 (heldout_006): steps=6 success=True
[hybrid-rollout] ep 6 (heldout_007): steps=5 success=True
[hybrid-rollout] ep 7 (heldout_008): steps=4 success=True
[hybrid-rollout] ep 8 (heldout_009): steps=6 success=True
[hybrid-rollout] ep 9 (heldout_010): steps=60 success=False
[hybrid-rollout] ep 10 (heldout_011): steps=4 success=True
[hybrid-rollout] ep 11 (heldout_012): steps=4 success=True
[hybrid-rollout] ep 12 (heldout_013): steps=60 success=False
[hybrid-rollout] ep 13 (heldout_014): steps=5 success=True
[hybrid-rollout] ep 14 (heldout_015): steps=4 success=True
[hybrid-rollout] ep 15 (heldout_016): steps=5 success=True
[hybrid-rollout] ep 16 (heldout_017): steps=60 success=False
[hybrid-rollout] ep 17 (heldout_018): steps=60 success=False
[hybrid-rollout] ep 18 (heldout_019): steps=5 success=True
[hybrid-rollout] ep 19 (heldout_020): steps=5 success=True
[hybrid-rollout] ep 20 (heldout_021): steps=60 success=False
[hybrid-rollout] ep 21 (heldout_022): steps=60 success=False
[hybrid-rollout] ep 22 (heldout_023): steps=60 success=False
[hybrid-rollout] ep 23 (heldout_024): steps=60 success=False
[hybrid-rollout] ep 24 (heldout_025): steps=4 success=True
[hybrid-rollout] ep 25 (heldout_026): steps=4 success=True
[hybrid-rollout] ep 26 (heldout_027): steps=4 success=True
[hybrid-rollout] ep 27 (heldout_028): steps=4 success=True
[hybrid-rollout] ep 28 (heldout_029): steps=7 success=True
[hybrid-rollout] ep 29 (heldout_030): steps=60 success=False
[hybrid-rollout] ep 30 (heldout_031): steps=5 success=True
[hybrid-rollout] ep 31 (heldout_032): steps=60 success=False
[hybrid-rollout] ep 32 (heldout_033): steps=4 success=True
[hybrid-rollout] ep 33 (heldout_034): steps=5 success=True
[hybrid-rollout] ep 34 (heldout_035): steps=60 success=False
[hybrid-rollout] ep 35 (heldout_036): steps=5 success=True
[hybrid-rollout] ep 36 (heldout_037): steps=4 success=True
[hybrid-rollout] ep 37 (heldout_038): steps=5 success=True
[hybrid-rollout] ep 38 (heldout_039): steps=6 success=True
[hybrid-rollout] ep 39 (heldout_040): steps=5 success=True
[hybrid-rollout] ep 40 (heldout_041): steps=60 success=False
[hybrid-rollout] ep 41 (heldout_042): steps=4 success=True
[hybrid-rollout] ep 42 (heldout_043): steps=4 success=True
[hybrid-rollout] ep 43 (heldout_044): steps=5 success=True
[hybrid-rollout] ep 44 (heldout_045): steps=5 success=True
[hybrid-rollout] ep 45 (heldout_046): steps=4 success=True
[hybrid-rollout] ep 46 (heldout_047): steps=6 success=True
[hybrid-rollout] ep 47 (heldout_048): steps=6 success=True
[hybrid-rollout] ep 48 (heldout_049): steps=5 success=True
[hybrid-rollout] ep 49 (heldout_050): steps=4 success=True
[hybrid-rollout] ep 50 (heldout_051): steps=4 success=True
[hybrid-rollout] ep 51 (heldout_052): steps=4 success=True
[hybrid-rollout] ep 52 (heldout_053): steps=6 success=True
[hybrid-rollout] ep 53 (heldout_054): steps=4 success=True
[hybrid-rollout] ep 54 (heldout_055): steps=60 success=False
[hybrid-rollout] ep 55 (heldout_056): steps=4 success=True
[hybrid-rollout] ep 56 (heldout_057): steps=4 success=True
[hybrid-rollout] ep 57 (heldout_058): steps=4 success=True
[hybrid-rollout] ep 58 (heldout_059): steps=5 success=True
[hybrid-rollout] ep 59 (heldout_060): steps=6 success=True
[hybrid-rollout] ep 60 (heldout_061): steps=5 success=True
[hybrid-rollout] ep 61 (heldout_062): steps=6 success=True
[hybrid-rollout] ep 62 (heldout_063): steps=5 success=True
[hybrid-rollout] ep 63 (heldout_064): steps=4 success=True
[hybrid-rollout] ep 64 (heldout_065): steps=60 success=False
[hybrid-rollout] ep 65 (heldout_066): steps=6 success=True
[hybrid-rollout] ep 66 (heldout_067): steps=5 success=True
[hybrid-rollout] ep 67 (heldout_068): steps=4 success=True
[hybrid-rollout] ep 68 (heldout_069): steps=4 success=True
[hybrid-rollout] ep 69 (heldout_070): steps=60 success=False
[hybrid-rollout] ep 70 (heldout_071): steps=5 success=True
[hybrid-rollout] ep 71 (heldout_072): steps=5 success=True
[hybrid-rollout] ep 72 (heldout_073): steps=3 success=False
[hybrid-rollout] ep 73 (heldout_074): steps=4 success=True
[hybrid-rollout] ep 74 (heldout_075): steps=5 success=True
[hybrid-rollout] ep 75 (heldout_076): steps=60 success=False
[hybrid-rollout] ep 76 (heldout_077): steps=4 success=True
[hybrid-rollout] ep 77 (heldout_078): steps=3 success=False
[hybrid-rollout] ep 78 (heldout_079): steps=4 success=True
[hybrid-rollout] ep 79 (heldout_080): steps=4 success=True
[hybrid-rollout] ep 80 (heldout_081): steps=5 success=True
[hybrid-rollout] ep 81 (heldout_082): steps=5 success=True
[hybrid-rollout] ep 82 (heldout_083): steps=60 success=False
[hybrid-rollout] ep 83 (heldout_084): steps=60 success=False
[hybrid-rollout] ep 84 (heldout_085): steps=60 success=False
[hybrid-rollout] ep 85 (heldout_086): steps=6 success=True
[hybrid-rollout] ep 86 (heldout_087): steps=7 success=True
[hybrid-rollout] ep 87 (heldout_088): steps=4 success=True
[hybrid-rollout] ep 88 (heldout_089): steps=3 success=False
[hybrid-rollout] ep 89 (heldout_090): steps=4 success=True
[hybrid-rollout] ep 90 (heldout_091): steps=5 success=True
[hybrid-rollout] ep 91 (heldout_092): steps=5 success=True
[hybrid-rollout] ep 92 (heldout_093): steps=6 success=True
[hybrid-rollout] ep 93 (heldout_094): steps=6 success=True
[hybrid-rollout] ep 94 (heldout_095): steps=7 success=True
[hybrid-rollout] ep 95 (heldout_096): steps=5 success=True
[hybrid-rollout] ep 96 (heldout_097): steps=5 success=True
[hybrid-rollout] ep 97 (heldout_098): steps=5 success=True
[hybrid-rollout] ep 98 (heldout_099): steps=60 success=False
[hybrid-rollout] ep 99 (heldout_100): steps=60 success=False
[hybrid-rollout] ep 100 (heldout_101): steps=4 success=True
[hybrid-rollout] ep 101 (heldout_102): steps=4 success=True
[hybrid-rollout] ep 102 (heldout_103): steps=60 success=False
[hybrid-rollout] ep 103 (heldout_104): steps=6 success=True
[hybrid-rollout] ep 104 (heldout_105): steps=60 success=False
[hybrid-rollout] ep 105 (heldout_106): steps=60 success=False
[hybrid-rollout] ep 106 (heldout_107): steps=4 success=True
[hybrid-rollout] ep 107 (heldout_108): steps=4 success=True
[hybrid-rollout] ep 108 (heldout_109): steps=4 success=True
[hybrid-rollout] ep 109 (heldout_110): steps=60 success=False
[hybrid-rollout] ep 110 (heldout_111): steps=5 success=False
[hybrid-rollout] ep 111 (heldout_112): steps=5 success=True
[hybrid-rollout] ep 112 (heldout_113): steps=7 success=True
[hybrid-rollout] ep 113 (heldout_114): steps=4 success=True
[hybrid-rollout] ep 114 (heldout_115): steps=60 success=False
[hybrid-rollout] ep 115 (heldout_116): steps=5 success=True
[hybrid-rollout] ep 116 (heldout_117): steps=7 success=True
[hybrid-rollout] ep 117 (heldout_118): steps=9 success=True
[hybrid-rollout] ep 118 (heldout_119): steps=60 success=False
[hybrid-rollout] ep 119 (heldout_120): steps=7 success=True
[hybrid-rollout] ep 120 (heldout_121): steps=8 success=True
[hybrid-rollout] ep 121 (heldout_122): steps=60 success=False
[hybrid-rollout] ep 122 (heldout_123): steps=6 success=True
[hybrid-rollout] ep 123 (heldout_124): steps=60 success=False
[hybrid-rollout] ep 124 (heldout_125): steps=4 success=True
[hybrid-rollout] ep 125 (heldout_126): steps=4 success=True
[hybrid-rollout] ep 126 (heldout_127): steps=60 success=False
[hybrid-rollout] ep 127 (heldout_128): steps=7 success=True
[hybrid-rollout] ep 128 (heldout_129): steps=60 success=False
[hybrid-rollout] ep 129 (heldout_130): steps=6 success=True
[hybrid-rollout] ep 130 (heldout_131): steps=5 success=False
[hybrid-rollout] ep 131 (heldout_132): steps=4 success=True
[hybrid-rollout] ep 132 (heldout_133): steps=4 success=True
[hybrid-rollout] ep 133 (heldout_134): steps=60 success=False
[hybrid-rollout] ep 134 (heldout_135): steps=6 success=True
[hybrid-rollout] ep 135 (heldout_136): steps=5 success=True
[hybrid-rollout] ep 136 (heldout_137): steps=5 success=True
[hybrid-rollout] ep 137 (heldout_138): steps=4 success=True
[hybrid-rollout] ep 138 (heldout_139): steps=4 success=True
[hybrid-rollout] ep 139 (heldout_140): steps=60 success=False
[hybrid-rollout] ep 140 (heldout_141): steps=5 success=True
[hybrid-rollout] ep 141 (heldout_142): steps=4 success=True
[hybrid-rollout] ep 142 (heldout_143): steps=8 success=True
[hybrid-rollout] ep 143 (heldout_144): steps=4 success=True
[hybrid-rollout] ep 144 (heldout_145): steps=5 success=True
[hybrid-rollout] ep 145 (heldout_146): steps=60 success=False
[hybrid-rollout] ep 146 (heldout_147): steps=4 success=True
[hybrid-rollout] ep 147 (heldout_148): steps=60 success=False
[hybrid-rollout] ep 148 (heldout_149): steps=60 success=False
[hybrid-rollout] ep 149 (heldout_150): steps=4 success=True
[hybrid-rollout] ep 150 (heldout_151): steps=5 success=True
[hybrid-rollout] ep 151 (heldout_152): steps=1 success=False
[hybrid-rollout] ep 152 (heldout_153): steps=5 success=True
[hybrid-rollout] ep 153 (heldout_154): steps=60 success=False
[hybrid-rollout] ep 154 (heldout_155): steps=60 success=False
[hybrid-rollout] ep 155 (heldout_156): steps=60 success=False
[hybrid-rollout] ep 156 (heldout_157): steps=4 success=True
[hybrid-rollout] ep 157 (heldout_158): steps=3 success=False
[hybrid-rollout] ep 158 (heldout_159): steps=6 success=True
[hybrid-rollout] ep 159 (heldout_160): steps=60 success=False
[hybrid-rollout] ep 160 (heldout_161): steps=60 success=False
[hybrid-rollout] ep 161 (heldout_162): steps=5 success=True
[hybrid-rollout] ep 162 (heldout_163): steps=4 success=True
[hybrid-rollout] ep 163 (heldout_164): steps=4 success=True
[hybrid-rollout] ep 164 (heldout_165): steps=5 success=True
[hybrid-rollout] ep 165 (heldout_166): steps=4 success=True
[hybrid-rollout] ep 166 (heldout_167): steps=4 success=True
[hybrid-rollout] ep 167 (heldout_168): steps=4 success=True
[hybrid-rollout] ep 168 (heldout_169): steps=4 success=False
[hybrid-rollout] ep 169 (heldout_170): steps=5 success=False
[hybrid-rollout] ep 170 (heldout_171): steps=4 success=True
[hybrid-rollout] ep 171 (heldout_172): steps=5 success=True
[hybrid-rollout] ep 172 (heldout_173): steps=4 success=True
[hybrid-rollout] ep 173 (heldout_174): steps=5 success=True
[hybrid-rollout] ep 174 (heldout_175): steps=7 success=True
[hybrid-rollout] ep 175 (heldout_176): steps=6 success=True
[hybrid-rollout] ep 176 (heldout_177): steps=6 success=True
[hybrid-rollout] ep 177 (heldout_178): steps=5 success=True
[hybrid-rollout] ep 178 (heldout_179): steps=60 success=False
[hybrid-rollout] ep 179 (heldout_180): steps=4 success=True
[hybrid-rollout] ep 180 (heldout_181): steps=5 success=True
[hybrid-rollout] ep 181 (heldout_182): steps=4 success=True
[hybrid-rollout] ep 182 (heldout_183): steps=5 success=True
[hybrid-rollout] ep 183 (heldout_184): steps=7 success=True
[hybrid-rollout] ep 184 (heldout_185): steps=5 success=True
[hybrid-rollout] ep 185 (heldout_186): steps=4 success=True
[hybrid-rollout] ep 186 (heldout_187): steps=5 success=True
[hybrid-rollout] ep 187 (heldout_188): steps=60 success=False
[hybrid-rollout] ep 188 (heldout_189): steps=60 success=False
[hybrid-rollout] ep 189 (heldout_190): steps=7 success=True
[hybrid-rollout] ep 190 (heldout_191): steps=60 success=False
[hybrid-rollout] ep 191 (heldout_192): steps=5 success=True
[hybrid-rollout] ep 192 (heldout_193): steps=7 success=True
[hybrid-rollout] ep 193 (heldout_194): steps=6 success=True
[hybrid-rollout] ep 194 (heldout_195): steps=5 success=True
[hybrid-rollout] ep 195 (heldout_196): steps=4 success=True
[hybrid-rollout] ep 196 (heldout_197): steps=5 success=True
[hybrid-rollout] ep 197 (heldout_198): steps=60 success=False
[hybrid-rollout] ep 198 (heldout_199): steps=4 success=True
[hybrid-rollout] ep 199 (heldout_200): steps=4 success=True
[hybrid-rollout] DONE successes=143/200
[19:39:53] [replay_p4] run 6 round 5: extras=5 heldout_sr=0.715
[19:39:53] [replay_p4] $ /home/s226137394/.conda/envs/maze/bin/python3 -u -m Equivariant_pathway.equivariant_CNN_hybrid.baseline_vs_p4.pool_x_selector.trainer.finetune_replay --demo_dir /weka/s226137394/DmNfull/Equivariant_pathway/equivariant_CNN_hybrid/baseline_vs_p4/pool_x_selector/results_hpsweep/e90_lr0.0001_rm0.3_do0/run_6/p4_top3_rotate/demos --checkpoint_dir /weka/s226137394/DmNfull/Equivariant_pathway/equivariant_CNN_hybrid/baseline_vs_p4/pool_x_selector/results_hpsweep/e90_lr0.0001_rm0.3_do0/run_6/p4_top3_rotate/checkpoints --epochs 90 --batch_size 64 --lr 0.0001 --weight_decay 0.0001 --replay_mix 0.3 --replay_mix_floor 0.2 --head_dropout 0.0 --seed 6 --resume --new_demos_dir /weka/s226137394/DmNfull/Equivariant_pathway/equivariant_CNN_hybrid/baseline_vs_p4/pool_x_selector/results_hpsweep/e90_lr0.0001_rm0.3_do0/run_6/p4_top3_rotate/demos/round_006
[finetune_replay] device=cuda demo_dir=/weka/s226137394/DmNfull/Equivariant_pathway/equivariant_CNN_hybrid/baseline_vs_p4/pool_x_selector/results_hpsweep/e90_lr0.0001_rm0.3_do0/run_6/p4_top3_rotate/demos new_demos_dir=/weka/s226137394/DmNfull/Equivariant_pathway/equivariant_CNN_hybrid/baseline_vs_p4/pool_x_selector/results_hpsweep/e90_lr0.0001_rm0.3_do0/run_6/p4_top3_rotate/demos/round_006
[hybrid-dataset] 25 demos -> 133 samples
[hybrid-dataset] 1 demos -> 6 samples
[finetune_replay] sampler audit: {'n_old_samples': 133, 'n_new_samples': 6, 'replay_mix_target': 0.3, 'replay_mix_effective': 0.3, 'replay_mix_floor': 0.2}
[finetune_replay] trainable params: 1,400,028
[finetune_replay] WARM START from last_hybrid_policy.pth
[finetune_replay] ep   1/90 | train loss=0.3278 top1=0.905 | val loss=0.7027 | t=0.7s  *
[finetune_replay] ep   2/90 | train loss=0.5097 top1=0.944 | val loss=0.4543 | t=0.1s  *
[finetune_replay] ep   3/90 | train loss=0.1782 top1=0.976 | val loss=0.2934 | t=0.3s  *
[finetune_replay] ep   4/90 | train loss=0.0895 top1=1.000 | val loss=0.0362 | t=0.1s  *
[finetune_replay] ep   5/90 | train loss=0.0311 top1=1.000 | val loss=0.0119 | t=0.1s  *
[finetune_replay] ep   6/90 | train loss=0.0180 top1=1.000 | val loss=0.0133 | t=0.1s
[finetune_replay] ep   7/90 | train loss=0.0143 top1=1.000 | val loss=0.0289 | t=0.1s
[finetune_replay] ep   8/90 | train loss=0.0100 top1=1.000 | val loss=0.0272 | t=0.1s
[finetune_replay] ep   9/90 | train loss=0.0078 top1=1.000 | val loss=0.0447 | t=0.1s
[finetune_replay] ep  10/90 | train loss=0.0051 top1=1.000 | val loss=0.0581 | t=0.1s
[finetune_replay] ep  11/90 | train loss=0.0035 top1=1.000 | val loss=0.0440 | t=0.1s
[finetune_replay] ep  12/90 | train loss=0.0037 top1=1.000 | val loss=0.0309 | t=0.1s
[finetune_replay] ep  13/90 | train loss=0.0021 top1=1.000 | val loss=0.0231 | t=0.1s
[finetune_replay] ep  14/90 | train loss=0.0041 top1=1.000 | val loss=0.0322 | t=0.1s
[finetune_replay] ep  15/90 | train loss=0.0022 top1=1.000 | val loss=0.0274 | t=0.1s
[finetune_replay] ep  16/90 | train loss=0.0025 top1=1.000 | val loss=0.0261 | t=0.1s
[finetune_replay] ep  17/90 | train loss=0.0023 top1=1.000 | val loss=0.0295 | t=0.1s
[finetune_replay] ep  18/90 | train loss=0.0018 top1=1.000 | val loss=0.0522 | t=0.1s
[finetune_replay] ep  19/90 | train loss=0.0017 top1=1.000 | val loss=0.0751 | t=0.1s
[finetune_replay] ep  20/90 | train loss=0.0022 top1=1.000 | val loss=0.1161 | t=0.1s
[finetune_replay] ep  21/90 | train loss=0.0019 top1=1.000 | val loss=0.1228 | t=0.1s
[finetune_replay] ep  22/90 | train loss=0.0021 top1=1.000 | val loss=0.1034 | t=0.1s
[finetune_replay] ep  23/90 | train loss=0.0012 top1=1.000 | val loss=0.0725 | t=0.1s
[finetune_replay] ep  24/90 | train loss=0.0013 top1=1.000 | val loss=0.0573 | t=0.1s
[finetune_replay] ep  25/90 | train loss=0.0012 top1=1.000 | val loss=0.0399 | t=0.1s
[finetune_replay] ep  26/90 | train loss=0.0013 top1=1.000 | val loss=0.0422 | t=0.1s
[finetune_replay] ep  27/90 | train loss=0.0016 top1=1.000 | val loss=0.0598 | t=0.1s
[finetune_replay] ep  28/90 | train loss=0.0012 top1=1.000 | val loss=0.0686 | t=0.1s
[finetune_replay] ep  29/90 | train loss=0.0015 top1=1.000 | val loss=0.0774 | t=0.1s
[finetune_replay] ep  30/90 | train loss=0.0012 top1=1.000 | val loss=0.0830 | t=0.1s
[finetune_replay] ep  31/90 | train loss=0.0014 top1=1.000 | val loss=0.0841 | t=0.1s
[finetune_replay] ep  32/90 | train loss=0.0011 top1=1.000 | val loss=0.0745 | t=0.1s
[finetune_replay] ep  33/90 | train loss=0.0010 top1=1.000 | val loss=0.0623 | t=0.1s
[finetune_replay] ep  34/90 | train loss=0.0010 top1=1.000 | val loss=0.0547 | t=0.1s
[finetune_replay] ep  35/90 | train loss=0.0013 top1=1.000 | val loss=0.0453 | t=0.1s
[finetune_replay] ep  36/90 | train loss=0.0013 top1=1.000 | val loss=0.0455 | t=0.1s
[finetune_replay] ep  37/90 | train loss=0.0010 top1=1.000 | val loss=0.0597 | t=0.1s
[finetune_replay] ep  38/90 | train loss=0.0011 top1=1.000 | val loss=0.0699 | t=0.1s
[finetune_replay] ep  39/90 | train loss=0.0013 top1=1.000 | val loss=0.0646 | t=0.1s
[finetune_replay] ep  40/90 | train loss=0.0007 top1=1.000 | val loss=0.0551 | t=0.1s
[finetune_replay] ep  41/90 | train loss=0.0008 top1=1.000 | val loss=0.0521 | t=0.1s
[finetune_replay] ep  42/90 | train loss=0.0008 top1=1.000 | val loss=0.0464 | t=0.1s
[finetune_replay] ep  43/90 | train loss=0.0011 top1=1.000 | val loss=0.0481 | t=0.1s
[finetune_replay] ep  44/90 | train loss=0.0008 top1=1.000 | val loss=0.0508 | t=0.1s
[finetune_replay] ep  45/90 | train loss=0.0009 top1=1.000 | val loss=0.0593 | t=0.1s
[finetune_replay] ep  46/90 | train loss=0.0006 top1=1.000 | val loss=0.0655 | t=0.1s
[finetune_replay] ep  47/90 | train loss=0.0010 top1=1.000 | val loss=0.0675 | t=0.1s
[finetune_replay] ep  48/90 | train loss=0.0009 top1=1.000 | val loss=0.0627 | t=0.1s
[finetune_replay] ep  49/90 | train loss=0.0010 top1=1.000 | val loss=0.0588 | t=0.1s
[finetune_replay] ep  50/90 | train loss=0.0008 top1=1.000 | val loss=0.0546 | t=0.1s
[finetune_replay] ep  51/90 | train loss=0.0007 top1=1.000 | val loss=0.0546 | t=0.1s
[finetune_replay] ep  52/90 | train loss=0.0008 top1=1.000 | val loss=0.0543 | t=0.1s
[finetune_replay] ep  53/90 | train loss=0.0008 top1=1.000 | val loss=0.0549 | t=0.1s
[finetune_replay] ep  54/90 | train loss=0.0007 top1=1.000 | val loss=0.0528 | t=0.1s
[finetune_replay] ep  55/90 | train loss=0.0008 top1=1.000 | val loss=0.0505 | t=0.1s
[finetune_replay] ep  56/90 | train loss=0.0006 top1=1.000 | val loss=0.0505 | t=0.1s
[finetune_replay] ep  57/90 | train loss=0.0007 top1=1.000 | val loss=0.0504 | t=0.1s
[finetune_replay] ep  58/90 | train loss=0.0008 top1=1.000 | val loss=0.0466 | t=0.1s
[finetune_replay] ep  59/90 | train loss=0.0007 top1=1.000 | val loss=0.0479 | t=0.1s
[finetune_replay] ep  60/90 | train loss=0.0007 top1=1.000 | val loss=0.0489 | t=0.1s
[finetune_replay] ep  61/90 | train loss=0.0008 top1=1.000 | val loss=0.0498 | t=0.1s
[finetune_replay] ep  62/90 | train loss=0.0006 top1=1.000 | val loss=0.0498 | t=0.2s
[finetune_replay] ep  63/90 | train loss=0.0009 top1=1.000 | val loss=0.0510 | t=0.1s
[finetune_replay] ep  64/90 | train loss=0.0009 top1=1.000 | val loss=0.0519 | t=0.1s
[finetune_replay] ep  65/90 | train loss=0.0007 top1=1.000 | val loss=0.0522 | t=0.1s
[finetune_replay] ep  66/90 | train loss=0.0007 top1=1.000 | val loss=0.0501 | t=0.1s
[finetune_replay] ep  67/90 | train loss=0.0008 top1=1.000 | val loss=0.0497 | t=0.1s
[finetune_replay] ep  68/90 | train loss=0.0005 top1=1.000 | val loss=0.0513 | t=0.1s
[finetune_replay] ep  69/90 | train loss=0.0007 top1=1.000 | val loss=0.0534 | t=0.1s
[finetune_replay] ep  70/90 | train loss=0.0008 top1=1.000 | val loss=0.0548 | t=0.1s
[finetune_replay] ep  71/90 | train loss=0.0009 top1=1.000 | val loss=0.0561 | t=0.1s
[finetune_replay] ep  72/90 | train loss=0.0007 top1=1.000 | val loss=0.0569 | t=0.1s
[finetune_replay] ep  73/90 | train loss=0.0006 top1=1.000 | val loss=0.0581 | t=0.1s
[finetune_replay] ep  74/90 | train loss=0.0007 top1=1.000 | val loss=0.0562 | t=0.1s
[finetune_replay] ep  75/90 | train loss=0.0007 top1=1.000 | val loss=0.0576 | t=0.1s
[finetune_replay] ep  76/90 | train loss=0.0008 top1=1.000 | val loss=0.0546 | t=0.1s
[finetune_replay] ep  77/90 | train loss=0.0008 top1=1.000 | val loss=0.0554 | t=0.1s
[finetune_replay] ep  78/90 | train loss=0.0007 top1=1.000 | val loss=0.0529 | t=0.1s
[finetune_replay] ep  79/90 | train loss=0.0006 top1=1.000 | val loss=0.0517 | t=0.1s
[finetune_replay] ep  80/90 | train loss=0.0008 top1=1.000 | val loss=0.0526 | t=0.1s
[finetune_replay] ep  81/90 | train loss=0.0007 top1=1.000 | val loss=0.0521 | t=0.1s
[finetune_replay] ep  82/90 | train loss=0.0010 top1=1.000 | val loss=0.0533 | t=0.1s
[finetune_replay] ep  83/90 | train loss=0.0007 top1=1.000 | val loss=0.0532 | t=0.1s
[finetune_replay] ep  84/90 | train loss=0.0007 top1=1.000 | val loss=0.0535 | t=0.1s
[finetune_replay] ep  85/90 | train loss=0.0006 top1=1.000 | val loss=0.0529 | t=0.1s
[finetune_replay] ep  86/90 | train loss=0.0006 top1=1.000 | val loss=0.0535 | t=0.1s
[finetune_replay] ep  87/90 | train loss=0.0007 top1=1.000 | val loss=0.0540 | t=0.1s
[finetune_replay] ep  88/90 | train loss=0.0009 top1=1.000 | val loss=0.0527 | t=0.1s
[finetune_replay] ep  89/90 | train loss=0.0006 top1=1.000 | val loss=0.0542 | t=0.1s
[finetune_replay] ep  90/90 | train loss=0.0008 top1=1.000 | val loss=0.0535 | t=0.1s
[finetune_replay] DONE best_val_loss=0.0119 @ epoch 5
[19:40:17] [bo-budget] $ /home/s226137394/.conda/envs/maze/bin/python3 -u -m Equivariant_pathway.equivariant_CNN_hybrid.rollout_test --checkpoint /weka/s226137394/DmNfull/Equivariant_pathway/equivariant_CNN_hybrid/baseline_vs_p4/pool_x_selector/results_hpsweep/e90_lr0.0001_rm0.3_do0/run_6/p4_top3_rotate/checkpoints/best_hybrid_policy.pth --layouts /weka/s226137394/DmNfull/Equivariant_pathway/equivariant_CNN_hybrid/baseline_vs_p4/shared/heldout_layouts.yaml --out_dir /weka/s226137394/DmNfull/Equivariant_pathway/equivariant_CNN_hybrid/baseline_vs_p4/pool_x_selector/results_hpsweep/e90_lr0.0001_rm0.3_do0/run_6/p4_top3_rotate/results/eval_round_006 --seed 12 --max_steps 60
[hybrid-rollout] 200 unique; running 200 eps
[hybrid-rollout] loaded /weka/s226137394/DmNfull/Equivariant_pathway/equivariant_CNN_hybrid/baseline_vs_p4/pool_x_selector/results_hpsweep/e90_lr0.0001_rm0.3_do0/run_6/p4_top3_rotate/checkpoints/best_hybrid_policy.pth
[hybrid-rollout] ep 0 (heldout_001): steps=5 success=True
[hybrid-rollout] ep 1 (heldout_002): steps=4 success=True
[hybrid-rollout] ep 2 (heldout_003): steps=60 success=False
[hybrid-rollout] ep 3 (heldout_004): steps=6 success=True
[hybrid-rollout] ep 4 (heldout_005): steps=5 success=True
[hybrid-rollout] ep 5 (heldout_006): steps=3 success=False
[hybrid-rollout] ep 6 (heldout_007): steps=5 success=True
[hybrid-rollout] ep 7 (heldout_008): steps=4 success=True
[hybrid-rollout] ep 8 (heldout_009): steps=60 success=False
[hybrid-rollout] ep 9 (heldout_010): steps=60 success=False
[hybrid-rollout] ep 10 (heldout_011): steps=4 success=True
[hybrid-rollout] ep 11 (heldout_012): steps=4 success=True
[hybrid-rollout] ep 12 (heldout_013): steps=60 success=False
[hybrid-rollout] ep 13 (heldout_014): steps=5 success=True
[hybrid-rollout] ep 14 (heldout_015): steps=4 success=True
[hybrid-rollout] ep 15 (heldout_016): steps=5 success=True
[hybrid-rollout] ep 16 (heldout_017): steps=4 success=True
[hybrid-rollout] ep 17 (heldout_018): steps=60 success=False
[hybrid-rollout] ep 18 (heldout_019): steps=60 success=False
[hybrid-rollout] ep 19 (heldout_020): steps=5 success=True
[hybrid-rollout] ep 20 (heldout_021): steps=60 success=False
[hybrid-rollout] ep 21 (heldout_022): steps=4 success=True
[hybrid-rollout] ep 22 (heldout_023): steps=7 success=True
[hybrid-rollout] ep 23 (heldout_024): steps=6 success=True
[hybrid-rollout] ep 24 (heldout_025): steps=4 success=True
[hybrid-rollout] ep 25 (heldout_026): steps=4 success=True
[hybrid-rollout] ep 26 (heldout_027): steps=4 success=True
[hybrid-rollout] ep 27 (heldout_028): steps=4 success=True
[hybrid-rollout] ep 28 (heldout_029): steps=5 success=True
[hybrid-rollout] ep 29 (heldout_030): steps=60 success=False
[hybrid-rollout] ep 30 (heldout_031): steps=5 success=True
[hybrid-rollout] ep 31 (heldout_032): steps=7 success=True
[hybrid-rollout] ep 32 (heldout_033): steps=4 success=True
[hybrid-rollout] ep 33 (heldout_034): steps=60 success=False
[hybrid-rollout] ep 34 (heldout_035): steps=60 success=False
[hybrid-rollout] ep 35 (heldout_036): steps=5 success=True
[hybrid-rollout] ep 36 (heldout_037): steps=4 success=True
[hybrid-rollout] ep 37 (heldout_038): steps=60 success=False
[hybrid-rollout] ep 38 (heldout_039): steps=6 success=True
[hybrid-rollout] ep 39 (heldout_040): steps=5 success=True
[hybrid-rollout] ep 40 (heldout_041): steps=60 success=False
[hybrid-rollout] ep 41 (heldout_042): steps=60 success=False
[hybrid-rollout] ep 42 (heldout_043): steps=4 success=True
[hybrid-rollout] ep 43 (heldout_044): steps=5 success=True
[hybrid-rollout] ep 44 (heldout_045): steps=5 success=True
[hybrid-rollout] ep 45 (heldout_046): steps=4 success=True
[hybrid-rollout] ep 46 (heldout_047): steps=60 success=False
[hybrid-rollout] ep 47 (heldout_048): steps=6 success=True
[hybrid-rollout] ep 48 (heldout_049): steps=1 success=False
[hybrid-rollout] ep 49 (heldout_050): steps=4 success=True
[hybrid-rollout] ep 50 (heldout_051): steps=4 success=True
[hybrid-rollout] ep 51 (heldout_052): steps=4 success=True
[hybrid-rollout] ep 52 (heldout_053): steps=6 success=True
[hybrid-rollout] ep 53 (heldout_054): steps=60 success=False
[hybrid-rollout] ep 54 (heldout_055): steps=60 success=False
[hybrid-rollout] ep 55 (heldout_056): steps=4 success=True
[hybrid-rollout] ep 56 (heldout_057): steps=4 success=True
[hybrid-rollout] ep 57 (heldout_058): steps=4 success=True
[hybrid-rollout] ep 58 (heldout_059): steps=5 success=True
[hybrid-rollout] ep 59 (heldout_060): steps=6 success=True
[hybrid-rollout] ep 60 (heldout_061): steps=5 success=True
[hybrid-rollout] ep 61 (heldout_062): steps=6 success=True
[hybrid-rollout] ep 62 (heldout_063): steps=5 success=True
[hybrid-rollout] ep 63 (heldout_064): steps=4 success=True
[hybrid-rollout] ep 64 (heldout_065): steps=60 success=False
[hybrid-rollout] ep 65 (heldout_066): steps=6 success=True
[hybrid-rollout] ep 66 (heldout_067): steps=5 success=True
[hybrid-rollout] ep 67 (heldout_068): steps=4 success=True
[hybrid-rollout] ep 68 (heldout_069): steps=4 success=True
[hybrid-rollout] ep 69 (heldout_070): steps=7 success=True
[hybrid-rollout] ep 70 (heldout_071): steps=5 success=True
[hybrid-rollout] ep 71 (heldout_072): steps=5 success=True
[hybrid-rollout] ep 72 (heldout_073): steps=3 success=False
[hybrid-rollout] ep 73 (heldout_074): steps=4 success=True
[hybrid-rollout] ep 74 (heldout_075): steps=5 success=True
[hybrid-rollout] ep 75 (heldout_076): steps=7 success=True
[hybrid-rollout] ep 76 (heldout_077): steps=4 success=True
[hybrid-rollout] ep 77 (heldout_078): steps=6 success=True
[hybrid-rollout] ep 78 (heldout_079): steps=4 success=True
[hybrid-rollout] ep 79 (heldout_080): steps=4 success=True
[hybrid-rollout] ep 80 (heldout_081): steps=5 success=True
[hybrid-rollout] ep 81 (heldout_082): steps=5 success=True
[hybrid-rollout] ep 82 (heldout_083): steps=60 success=False
[hybrid-rollout] ep 83 (heldout_084): steps=5 success=True
[hybrid-rollout] ep 84 (heldout_085): steps=6 success=True
[hybrid-rollout] ep 85 (heldout_086): steps=60 success=False
[hybrid-rollout] ep 86 (heldout_087): steps=60 success=False
[hybrid-rollout] ep 87 (heldout_088): steps=4 success=True
[hybrid-rollout] ep 88 (heldout_089): steps=3 success=False
[hybrid-rollout] ep 89 (heldout_090): steps=4 success=True
[hybrid-rollout] ep 90 (heldout_091): steps=7 success=True
[hybrid-rollout] ep 91 (heldout_092): steps=5 success=True
[hybrid-rollout] ep 92 (heldout_093): steps=6 success=True
[hybrid-rollout] ep 93 (heldout_094): steps=6 success=True
[hybrid-rollout] ep 94 (heldout_095): steps=7 success=True
[hybrid-rollout] ep 95 (heldout_096): steps=5 success=True
[hybrid-rollout] ep 96 (heldout_097): steps=5 success=True
[hybrid-rollout] ep 97 (heldout_098): steps=60 success=False
[hybrid-rollout] ep 98 (heldout_099): steps=6 success=True
[hybrid-rollout] ep 99 (heldout_100): steps=8 success=True
[hybrid-rollout] ep 100 (heldout_101): steps=4 success=True
[hybrid-rollout] ep 101 (heldout_102): steps=4 success=True
[hybrid-rollout] ep 102 (heldout_103): steps=4 success=True
[hybrid-rollout] ep 103 (heldout_104): steps=6 success=True
[hybrid-rollout] ep 104 (heldout_105): steps=60 success=False
[hybrid-rollout] ep 105 (heldout_106): steps=6 success=True
[hybrid-rollout] ep 106 (heldout_107): steps=4 success=True
[hybrid-rollout] ep 107 (heldout_108): steps=4 success=True
[hybrid-rollout] ep 108 (heldout_109): steps=4 success=True
[hybrid-rollout] ep 109 (heldout_110): steps=60 success=False
[hybrid-rollout] ep 110 (heldout_111): steps=5 success=False
[hybrid-rollout] ep 111 (heldout_112): steps=5 success=True
[hybrid-rollout] ep 112 (heldout_113): steps=7 success=True
[hybrid-rollout] ep 113 (heldout_114): steps=4 success=True
[hybrid-rollout] ep 114 (heldout_115): steps=4 success=True
[hybrid-rollout] ep 115 (heldout_116): steps=5 success=True
[hybrid-rollout] ep 116 (heldout_117): steps=1 success=False
[hybrid-rollout] ep 117 (heldout_118): steps=9 success=True
[hybrid-rollout] ep 118 (heldout_119): steps=60 success=False
[hybrid-rollout] ep 119 (heldout_120): steps=60 success=False
[hybrid-rollout] ep 120 (heldout_121): steps=4 success=True
[hybrid-rollout] ep 121 (heldout_122): steps=4 success=True
[hybrid-rollout] ep 122 (heldout_123): steps=6 success=True
[hybrid-rollout] ep 123 (heldout_124): steps=60 success=False
[hybrid-rollout] ep 124 (heldout_125): steps=4 success=True
[hybrid-rollout] ep 125 (heldout_126): steps=4 success=True
[hybrid-rollout] ep 126 (heldout_127): steps=60 success=False
[hybrid-rollout] ep 127 (heldout_128): steps=7 success=True
[hybrid-rollout] ep 128 (heldout_129): steps=60 success=False
[hybrid-rollout] ep 129 (heldout_130): steps=4 success=True
[hybrid-rollout] ep 130 (heldout_131): steps=5 success=False
[hybrid-rollout] ep 131 (heldout_132): steps=4 success=True
[hybrid-rollout] ep 132 (heldout_133): steps=4 success=True
[hybrid-rollout] ep 133 (heldout_134): steps=7 success=True
[hybrid-rollout] ep 134 (heldout_135): steps=6 success=True
[hybrid-rollout] ep 135 (heldout_136): steps=5 success=True
[hybrid-rollout] ep 136 (heldout_137): steps=60 success=False
[hybrid-rollout] ep 137 (heldout_138): steps=4 success=True
[hybrid-rollout] ep 138 (heldout_139): steps=4 success=True
[hybrid-rollout] ep 139 (heldout_140): steps=5 success=True
[hybrid-rollout] ep 140 (heldout_141): steps=5 success=True
[hybrid-rollout] ep 141 (heldout_142): steps=4 success=True
[hybrid-rollout] ep 142 (heldout_143): steps=8 success=True
[hybrid-rollout] ep 143 (heldout_144): steps=4 success=True
[hybrid-rollout] ep 144 (heldout_145): steps=5 success=True
[hybrid-rollout] ep 145 (heldout_146): steps=7 success=True
[hybrid-rollout] ep 146 (heldout_147): steps=4 success=True
[hybrid-rollout] ep 147 (heldout_148): steps=5 success=True
[hybrid-rollout] ep 148 (heldout_149): steps=7 success=True
[hybrid-rollout] ep 149 (heldout_150): steps=4 success=True
[hybrid-rollout] ep 150 (heldout_151): steps=5 success=True
[hybrid-rollout] ep 151 (heldout_152): steps=1 success=False
[hybrid-rollout] ep 152 (heldout_153): steps=5 success=True
[hybrid-rollout] ep 153 (heldout_154): steps=7 success=True
[hybrid-rollout] ep 154 (heldout_155): steps=60 success=False
[hybrid-rollout] ep 155 (heldout_156): steps=60 success=False
[hybrid-rollout] ep 156 (heldout_157): steps=4 success=True
[hybrid-rollout] ep 157 (heldout_158): steps=60 success=False
[hybrid-rollout] ep 158 (heldout_159): steps=6 success=True
[hybrid-rollout] ep 159 (heldout_160): steps=4 success=True
[hybrid-rollout] ep 160 (heldout_161): steps=60 success=False
[hybrid-rollout] ep 161 (heldout_162): steps=5 success=True
[hybrid-rollout] ep 162 (heldout_163): steps=4 success=True
[hybrid-rollout] ep 163 (heldout_164): steps=4 success=True
[hybrid-rollout] ep 164 (heldout_165): steps=5 success=True
[hybrid-rollout] ep 165 (heldout_166): steps=4 success=True
[hybrid-rollout] ep 166 (heldout_167): steps=4 success=True
[hybrid-rollout] ep 167 (heldout_168): steps=4 success=True
[hybrid-rollout] ep 168 (heldout_169): steps=60 success=False
[hybrid-rollout] ep 169 (heldout_170): steps=5 success=False
[hybrid-rollout] ep 170 (heldout_171): steps=4 success=True
[hybrid-rollout] ep 171 (heldout_172): steps=5 success=True
[hybrid-rollout] ep 172 (heldout_173): steps=4 success=True
[hybrid-rollout] ep 173 (heldout_174): steps=5 success=True
[hybrid-rollout] ep 174 (heldout_175): steps=5 success=True
[hybrid-rollout] ep 175 (heldout_176): steps=6 success=True
[hybrid-rollout] ep 176 (heldout_177): steps=6 success=True
[hybrid-rollout] ep 177 (heldout_178): steps=5 success=True
[hybrid-rollout] ep 178 (heldout_179): steps=5 success=True
[hybrid-rollout] ep 179 (heldout_180): steps=4 success=True
[hybrid-rollout] ep 180 (heldout_181): steps=5 success=True
[hybrid-rollout] ep 181 (heldout_182): steps=4 success=True
[hybrid-rollout] ep 182 (heldout_183): steps=5 success=True
[hybrid-rollout] ep 183 (heldout_184): steps=7 success=True
[hybrid-rollout] ep 184 (heldout_185): steps=5 success=True
[hybrid-rollout] ep 185 (heldout_186): steps=4 success=True
[hybrid-rollout] ep 186 (heldout_187): steps=60 success=False
[hybrid-rollout] ep 187 (heldout_188): steps=5 success=True
[hybrid-rollout] ep 188 (heldout_189): steps=5 success=True
[hybrid-rollout] ep 189 (heldout_190): steps=7 success=True
[hybrid-rollout] ep 190 (heldout_191): steps=4 success=True
[hybrid-rollout] ep 191 (heldout_192): steps=5 success=True
[hybrid-rollout] ep 192 (heldout_193): steps=7 success=True
[hybrid-rollout] ep 193 (heldout_194): steps=6 success=True
[hybrid-rollout] ep 194 (heldout_195): steps=5 success=True
[hybrid-rollout] ep 195 (heldout_196): steps=4 success=True
[hybrid-rollout] ep 196 (heldout_197): steps=5 success=True
[hybrid-rollout] ep 197 (heldout_198): steps=4 success=True
[hybrid-rollout] ep 198 (heldout_199): steps=4 success=True
[hybrid-rollout] ep 199 (heldout_200): steps=4 success=True
[hybrid-rollout] DONE successes=156/200
[19:41:40] [replay_p4] run 6 round 6: extras=6 heldout_sr=0.780
[19:41:40] [replay_p4] $ /home/s226137394/.conda/envs/maze/bin/python3 -u -m Equivariant_pathway.equivariant_CNN_hybrid.baseline_vs_p4.pool_x_selector.trainer.finetune_replay --demo_dir /weka/s226137394/DmNfull/Equivariant_pathway/equivariant_CNN_hybrid/baseline_vs_p4/pool_x_selector/results_hpsweep/e90_lr0.0001_rm0.3_do0/run_6/p4_top3_rotate/demos --checkpoint_dir /weka/s226137394/DmNfull/Equivariant_pathway/equivariant_CNN_hybrid/baseline_vs_p4/pool_x_selector/results_hpsweep/e90_lr0.0001_rm0.3_do0/run_6/p4_top3_rotate/checkpoints --epochs 90 --batch_size 64 --lr 0.0001 --weight_decay 0.0001 --replay_mix 0.3 --replay_mix_floor 0.2 --head_dropout 0.0 --seed 6 --resume --new_demos_dir /weka/s226137394/DmNfull/Equivariant_pathway/equivariant_CNN_hybrid/baseline_vs_p4/pool_x_selector/results_hpsweep/e90_lr0.0001_rm0.3_do0/run_6/p4_top3_rotate/demos/round_007
[finetune_replay] device=cuda demo_dir=/weka/s226137394/DmNfull/Equivariant_pathway/equivariant_CNN_hybrid/baseline_vs_p4/pool_x_selector/results_hpsweep/e90_lr0.0001_rm0.3_do0/run_6/p4_top3_rotate/demos new_demos_dir=/weka/s226137394/DmNfull/Equivariant_pathway/equivariant_CNN_hybrid/baseline_vs_p4/pool_x_selector/results_hpsweep/e90_lr0.0001_rm0.3_do0/run_6/p4_top3_rotate/demos/round_007
[hybrid-dataset] 26 demos -> 139 samples
[hybrid-dataset] 1 demos -> 4 samples
[finetune_replay] sampler audit: {'n_old_samples': 139, 'n_new_samples': 4, 'replay_mix_target': 0.3, 'replay_mix_effective': 0.3, 'replay_mix_floor': 0.2}
[finetune_replay] trainable params: 1,400,028
[finetune_replay] WARM START from last_hybrid_policy.pth
[finetune_replay] ep   1/90 | train loss=0.1566 top1=1.000 | val loss=0.0408 | t=0.8s  *
[finetune_replay] ep   2/90 | train loss=0.0196 top1=1.000 | val loss=0.0140 | t=0.2s  *
[finetune_replay] ep   3/90 | train loss=0.0141 top1=1.000 | val loss=0.0268 | t=0.1s
[finetune_replay] ep   4/90 | train loss=0.0071 top1=1.000 | val loss=0.0572 | t=0.1s
[finetune_replay] ep   5/90 | train loss=0.0099 top1=1.000 | val loss=0.0428 | t=0.1s
[finetune_replay] ep   6/90 | train loss=0.0053 top1=1.000 | val loss=0.0133 | t=0.1s  *
[finetune_replay] ep   7/90 | train loss=0.0020 top1=1.000 | val loss=0.0119 | t=0.2s  *
[finetune_replay] ep   8/90 | train loss=0.0052 top1=1.000 | val loss=0.0089 | t=0.1s  *
[finetune_replay] ep   9/90 | train loss=0.0012 top1=1.000 | val loss=0.0108 | t=0.1s
[finetune_replay] ep  10/90 | train loss=0.0016 top1=1.000 | val loss=0.0256 | t=0.1s
[finetune_replay] ep  11/90 | train loss=0.0024 top1=1.000 | val loss=0.0255 | t=0.1s
[finetune_replay] ep  12/90 | train loss=0.0016 top1=1.000 | val loss=0.0176 | t=0.1s
[finetune_replay] ep  13/90 | train loss=0.0013 top1=1.000 | val loss=0.0123 | t=0.1s
[finetune_replay] ep  14/90 | train loss=0.0014 top1=1.000 | val loss=0.0054 | t=0.1s  *
[finetune_replay] ep  15/90 | train loss=0.0022 top1=1.000 | val loss=0.0033 | t=0.1s  *
[finetune_replay] ep  16/90 | train loss=0.0050 top1=1.000 | val loss=0.0042 | t=0.1s
[finetune_replay] ep  17/90 | train loss=0.0057 top1=1.000 | val loss=0.0063 | t=0.1s
[finetune_replay] ep  18/90 | train loss=0.0015 top1=1.000 | val loss=0.0044 | t=0.1s
[finetune_replay] ep  19/90 | train loss=0.0037 top1=1.000 | val loss=0.0044 | t=0.1s
[finetune_replay] ep  20/90 | train loss=0.0017 top1=1.000 | val loss=0.0057 | t=0.1s
[finetune_replay] ep  21/90 | train loss=0.0017 top1=1.000 | val loss=0.0059 | t=0.1s
[finetune_replay] ep  22/90 | train loss=0.0020 top1=1.000 | val loss=0.0053 | t=0.1s
[finetune_replay] ep  23/90 | train loss=0.0018 top1=1.000 | val loss=0.0029 | t=0.1s  *
[finetune_replay] ep  24/90 | train loss=0.0013 top1=1.000 | val loss=0.0056 | t=0.1s
[finetune_replay] ep  25/90 | train loss=0.0081 top1=1.000 | val loss=0.0030 | t=0.1s
[finetune_replay] ep  26/90 | train loss=0.0022 top1=1.000 | val loss=0.0053 | t=0.1s
[finetune_replay] ep  27/90 | train loss=0.0032 top1=1.000 | val loss=0.0129 | t=0.1s
[finetune_replay] ep  28/90 | train loss=0.0017 top1=1.000 | val loss=0.0146 | t=0.1s
[finetune_replay] ep  29/90 | train loss=0.0014 top1=1.000 | val loss=0.0090 | t=0.1s
[finetune_replay] ep  30/90 | train loss=0.0017 top1=1.000 | val loss=0.0034 | t=0.1s
[finetune_replay] ep  31/90 | train loss=0.0005 top1=1.000 | val loss=0.0025 | t=0.1s  *
[finetune_replay] ep  32/90 | train loss=0.0008 top1=1.000 | val loss=0.0031 | t=0.1s
[finetune_replay] ep  33/90 | train loss=0.0006 top1=1.000 | val loss=0.0057 | t=0.1s
[finetune_replay] ep  34/90 | train loss=0.0016 top1=1.000 | val loss=0.0046 | t=0.1s
[finetune_replay] ep  35/90 | train loss=0.0009 top1=1.000 | val loss=0.0035 | t=0.1s
[finetune_replay] ep  36/90 | train loss=0.0011 top1=1.000 | val loss=0.0025 | t=0.1s
[finetune_replay] ep  37/90 | train loss=0.0014 top1=1.000 | val loss=0.0019 | t=0.1s  *
[finetune_replay] ep  38/90 | train loss=0.0016 top1=1.000 | val loss=0.0017 | t=0.1s  *
[finetune_replay] ep  39/90 | train loss=0.0012 top1=1.000 | val loss=0.0019 | t=0.1s
[finetune_replay] ep  40/90 | train loss=0.0010 top1=1.000 | val loss=0.0022 | t=0.1s
[finetune_replay] ep  41/90 | train loss=0.0007 top1=1.000 | val loss=0.0026 | t=0.1s
[finetune_replay] ep  42/90 | train loss=0.0007 top1=1.000 | val loss=0.0031 | t=0.1s
[finetune_replay] ep  43/90 | train loss=0.0009 top1=1.000 | val loss=0.0029 | t=0.1s
[finetune_replay] ep  44/90 | train loss=0.0007 top1=1.000 | val loss=0.0028 | t=0.1s
[finetune_replay] ep  45/90 | train loss=0.0006 top1=1.000 | val loss=0.0023 | t=0.1s
[finetune_replay] ep  46/90 | train loss=0.0011 top1=1.000 | val loss=0.0017 | t=0.1s  *
[finetune_replay] ep  47/90 | train loss=0.0006 top1=1.000 | val loss=0.0015 | t=0.1s  *
[finetune_replay] ep  48/90 | train loss=0.0006 top1=1.000 | val loss=0.0014 | t=0.1s  *
[finetune_replay] ep  49/90 | train loss=0.0006 top1=1.000 | val loss=0.0013 | t=0.1s  *
[finetune_replay] ep  50/90 | train loss=0.0007 top1=1.000 | val loss=0.0013 | t=0.1s  *
[finetune_replay] ep  51/90 | train loss=0.0006 top1=1.000 | val loss=0.0014 | t=0.1s
[finetune_replay] ep  52/90 | train loss=0.0006 top1=1.000 | val loss=0.0014 | t=0.1s
[finetune_replay] ep  53/90 | train loss=0.0007 top1=1.000 | val loss=0.0015 | t=0.1s
[finetune_replay] ep  54/90 | train loss=0.0004 top1=1.000 | val loss=0.0016 | t=0.1s
[finetune_replay] ep  55/90 | train loss=0.0005 top1=1.000 | val loss=0.0016 | t=0.1s
[finetune_replay] ep  56/90 | train loss=0.0005 top1=1.000 | val loss=0.0016 | t=0.1s
[finetune_replay] ep  57/90 | train loss=0.0007 top1=1.000 | val loss=0.0016 | t=0.1s
[finetune_replay] ep  58/90 | train loss=0.0007 top1=1.000 | val loss=0.0017 | t=0.1s
[finetune_replay] ep  59/90 | train loss=0.0005 top1=1.000 | val loss=0.0017 | t=0.1s
[finetune_replay] ep  60/90 | train loss=0.0005 top1=1.000 | val loss=0.0017 | t=0.1s
[finetune_replay] ep  61/90 | train loss=0.0004 top1=1.000 | val loss=0.0017 | t=0.1s
[finetune_replay] ep  62/90 | train loss=0.0006 top1=1.000 | val loss=0.0017 | t=0.1s
[finetune_replay] ep  63/90 | train loss=0.0006 top1=1.000 | val loss=0.0019 | t=0.1s
[finetune_replay] ep  64/90 | train loss=0.0005 top1=1.000 | val loss=0.0021 | t=0.1s
[finetune_replay] ep  65/90 | train loss=0.0008 top1=1.000 | val loss=0.0037 | t=0.1s
[finetune_replay] ep  66/90 | train loss=0.0017 top1=1.000 | val loss=0.0037 | t=0.1s
[finetune_replay] ep  67/90 | train loss=0.0006 top1=1.000 | val loss=0.0033 | t=0.1s
[finetune_replay] ep  68/90 | train loss=0.0004 top1=1.000 | val loss=0.0031 | t=0.1s
[finetune_replay] ep  69/90 | train loss=0.0006 top1=1.000 | val loss=0.0030 | t=0.1s
[finetune_replay] ep  70/90 | train loss=0.0004 top1=1.000 | val loss=0.0029 | t=0.1s
[finetune_replay] ep  71/90 | train loss=0.0009 top1=1.000 | val loss=0.0027 | t=0.1s
[finetune_replay] ep  72/90 | train loss=0.0009 top1=1.000 | val loss=0.0026 | t=0.1s
[finetune_replay] ep  73/90 | train loss=0.0008 top1=1.000 | val loss=0.0026 | t=0.1s
[finetune_replay] ep  74/90 | train loss=0.0005 top1=1.000 | val loss=0.0023 | t=0.1s
[finetune_replay] ep  75/90 | train loss=0.0005 top1=1.000 | val loss=0.0021 | t=0.1s
[finetune_replay] ep  76/90 | train loss=0.0006 top1=1.000 | val loss=0.0019 | t=0.1s
[finetune_replay] ep  77/90 | train loss=0.0003 top1=1.000 | val loss=0.0020 | t=0.1s
[finetune_replay] ep  78/90 | train loss=0.0005 top1=1.000 | val loss=0.0019 | t=0.1s
[finetune_replay] ep  79/90 | train loss=0.0007 top1=1.000 | val loss=0.0018 | t=0.1s
[finetune_replay] ep  80/90 | train loss=0.0004 top1=1.000 | val loss=0.0018 | t=0.1s
[finetune_replay] ep  81/90 | train loss=0.0005 top1=1.000 | val loss=0.0018 | t=0.1s
[finetune_replay] ep  82/90 | train loss=0.0003 top1=1.000 | val loss=0.0018 | t=0.1s
[finetune_replay] ep  83/90 | train loss=0.0007 top1=1.000 | val loss=0.0018 | t=0.1s
[finetune_replay] ep  84/90 | train loss=0.0005 top1=1.000 | val loss=0.0020 | t=0.1s
[finetune_replay] ep  85/90 | train loss=0.0004 top1=1.000 | val loss=0.0018 | t=0.1s
[finetune_replay] ep  86/90 | train loss=0.0006 top1=1.000 | val loss=0.0018 | t=0.1s
[finetune_replay] ep  87/90 | train loss=0.0005 top1=1.000 | val loss=0.0017 | t=0.1s
[finetune_replay] ep  88/90 | train loss=0.0005 top1=1.000 | val loss=0.0017 | t=0.1s
[finetune_replay] ep  89/90 | train loss=0.0006 top1=1.000 | val loss=0.0018 | t=0.1s
[finetune_replay] ep  90/90 | train loss=0.0004 top1=1.000 | val loss=0.0018 | t=0.1s
[finetune_replay] DONE best_val_loss=0.0013 @ epoch 50
[19:42:05] [bo-budget] $ /home/s226137394/.conda/envs/maze/bin/python3 -u -m Equivariant_pathway.equivariant_CNN_hybrid.rollout_test --checkpoint /weka/s226137394/DmNfull/Equivariant_pathway/equivariant_CNN_hybrid/baseline_vs_p4/pool_x_selector/results_hpsweep/e90_lr0.0001_rm0.3_do0/run_6/p4_top3_rotate/checkpoints/best_hybrid_policy.pth --layouts /weka/s226137394/DmNfull/Equivariant_pathway/equivariant_CNN_hybrid/baseline_vs_p4/shared/heldout_layouts.yaml --out_dir /weka/s226137394/DmNfull/Equivariant_pathway/equivariant_CNN_hybrid/baseline_vs_p4/pool_x_selector/results_hpsweep/e90_lr0.0001_rm0.3_do0/run_6/p4_top3_rotate/results/eval_round_007 --seed 13 --max_steps 60
[hybrid-rollout] 200 unique; running 200 eps
[hybrid-rollout] loaded /weka/s226137394/DmNfull/Equivariant_pathway/equivariant_CNN_hybrid/baseline_vs_p4/pool_x_selector/results_hpsweep/e90_lr0.0001_rm0.3_do0/run_6/p4_top3_rotate/checkpoints/best_hybrid_policy.pth
[hybrid-rollout] ep 0 (heldout_001): steps=5 success=True
[hybrid-rollout] ep 1 (heldout_002): steps=4 success=True
[hybrid-rollout] ep 2 (heldout_003): steps=60 success=False
[hybrid-rollout] ep 3 (heldout_004): steps=6 success=True
[hybrid-rollout] ep 4 (heldout_005): steps=5 success=True
[hybrid-rollout] ep 5 (heldout_006): steps=3 success=False
[hybrid-rollout] ep 6 (heldout_007): steps=5 success=True
[hybrid-rollout] ep 7 (heldout_008): steps=4 success=True
[hybrid-rollout] ep 8 (heldout_009): steps=6 success=True
[hybrid-rollout] ep 9 (heldout_010): steps=8 success=True
[hybrid-rollout] ep 10 (heldout_011): steps=4 success=True
[hybrid-rollout] ep 11 (heldout_012): steps=4 success=True
[hybrid-rollout] ep 12 (heldout_013): steps=5 success=True
[hybrid-rollout] ep 13 (heldout_014): steps=5 success=True
[hybrid-rollout] ep 14 (heldout_015): steps=4 success=True
[hybrid-rollout] ep 15 (heldout_016): steps=5 success=True
[hybrid-rollout] ep 16 (heldout_017): steps=4 success=True
[hybrid-rollout] ep 17 (heldout_018): steps=60 success=False
[hybrid-rollout] ep 18 (heldout_019): steps=5 success=True
[hybrid-rollout] ep 19 (heldout_020): steps=5 success=True
[hybrid-rollout] ep 20 (heldout_021): steps=4 success=True
[hybrid-rollout] ep 21 (heldout_022): steps=4 success=True
[hybrid-rollout] ep 22 (heldout_023): steps=7 success=True
[hybrid-rollout] ep 23 (heldout_024): steps=6 success=True
[hybrid-rollout] ep 24 (heldout_025): steps=4 success=True
[hybrid-rollout] ep 25 (heldout_026): steps=4 success=True
[hybrid-rollout] ep 26 (heldout_027): steps=4 success=True
[hybrid-rollout] ep 27 (heldout_028): steps=4 success=True
[hybrid-rollout] ep 28 (heldout_029): steps=5 success=True
[hybrid-rollout] ep 29 (heldout_030): steps=60 success=False
[hybrid-rollout] ep 30 (heldout_031): steps=5 success=True
[hybrid-rollout] ep 31 (heldout_032): steps=7 success=True
[hybrid-rollout] ep 32 (heldout_033): steps=4 success=True
[hybrid-rollout] ep 33 (heldout_034): steps=5 success=True
[hybrid-rollout] ep 34 (heldout_035): steps=6 success=True
[hybrid-rollout] ep 35 (heldout_036): steps=5 success=True
[hybrid-rollout] ep 36 (heldout_037): steps=4 success=True
[hybrid-rollout] ep 37 (heldout_038): steps=5 success=True
[hybrid-rollout] ep 38 (heldout_039): steps=6 success=True
[hybrid-rollout] ep 39 (heldout_040): steps=5 success=True
[hybrid-rollout] ep 40 (heldout_041): steps=6 success=True
[hybrid-rollout] ep 41 (heldout_042): steps=60 success=False
[hybrid-rollout] ep 42 (heldout_043): steps=4 success=True
[hybrid-rollout] ep 43 (heldout_044): steps=5 success=True
[hybrid-rollout] ep 44 (heldout_045): steps=5 success=True
[hybrid-rollout] ep 45 (heldout_046): steps=4 success=True
[hybrid-rollout] ep 46 (heldout_047): steps=60 success=False
[hybrid-rollout] ep 47 (heldout_048): steps=6 success=True
[hybrid-rollout] ep 48 (heldout_049): steps=5 success=True
[hybrid-rollout] ep 49 (heldout_050): steps=4 success=True
[hybrid-rollout] ep 50 (heldout_051): steps=4 success=True
[hybrid-rollout] ep 51 (heldout_052): steps=4 success=True
[hybrid-rollout] ep 52 (heldout_053): steps=6 success=True
[hybrid-rollout] ep 53 (heldout_054): steps=4 success=True
[hybrid-rollout] ep 54 (heldout_055): steps=60 success=False
[hybrid-rollout] ep 55 (heldout_056): steps=4 success=True
[hybrid-rollout] ep 56 (heldout_057): steps=4 success=True
[hybrid-rollout] ep 57 (heldout_058): steps=4 success=True
[hybrid-rollout] ep 58 (heldout_059): steps=5 success=True
[hybrid-rollout] ep 59 (heldout_060): steps=6 success=True
[hybrid-rollout] ep 60 (heldout_061): steps=5 success=True
[hybrid-rollout] ep 61 (heldout_062): steps=6 success=True
[hybrid-rollout] ep 62 (heldout_063): steps=5 success=True
[hybrid-rollout] ep 63 (heldout_064): steps=4 success=True
[hybrid-rollout] ep 64 (heldout_065): steps=7 success=True
[hybrid-rollout] ep 65 (heldout_066): steps=6 success=True
[hybrid-rollout] ep 66 (heldout_067): steps=5 success=True
[hybrid-rollout] ep 67 (heldout_068): steps=4 success=True
[hybrid-rollout] ep 68 (heldout_069): steps=4 success=True
[hybrid-rollout] ep 69 (heldout_070): steps=7 success=True
[hybrid-rollout] ep 70 (heldout_071): steps=5 success=True
[hybrid-rollout] ep 71 (heldout_072): steps=5 success=True
[hybrid-rollout] ep 72 (heldout_073): steps=3 success=False
[hybrid-rollout] ep 73 (heldout_074): steps=4 success=True
[hybrid-rollout] ep 74 (heldout_075): steps=5 success=True
[hybrid-rollout] ep 75 (heldout_076): steps=7 success=True
[hybrid-rollout] ep 76 (heldout_077): steps=4 success=True
[hybrid-rollout] ep 77 (heldout_078): steps=6 success=True
[hybrid-rollout] ep 78 (heldout_079): steps=4 success=True
[hybrid-rollout] ep 79 (heldout_080): steps=4 success=True
[hybrid-rollout] ep 80 (heldout_081): steps=5 success=True
[hybrid-rollout] ep 81 (heldout_082): steps=5 success=True
[hybrid-rollout] ep 82 (heldout_083): steps=4 success=True
[hybrid-rollout] ep 83 (heldout_084): steps=5 success=True
[hybrid-rollout] ep 84 (heldout_085): steps=60 success=False
[hybrid-rollout] ep 85 (heldout_086): steps=6 success=True
[hybrid-rollout] ep 86 (heldout_087): steps=7 success=True
[hybrid-rollout] ep 87 (heldout_088): steps=4 success=True
[hybrid-rollout] ep 88 (heldout_089): steps=3 success=False
[hybrid-rollout] ep 89 (heldout_090): steps=4 success=True
[hybrid-rollout] ep 90 (heldout_091): steps=4 success=False
[hybrid-rollout] ep 91 (heldout_092): steps=5 success=True
[hybrid-rollout] ep 92 (heldout_093): steps=6 success=True
[hybrid-rollout] ep 93 (heldout_094): steps=6 success=True
[hybrid-rollout] ep 94 (heldout_095): steps=7 success=True
[hybrid-rollout] ep 95 (heldout_096): steps=5 success=True
[hybrid-rollout] ep 96 (heldout_097): steps=5 success=True
[hybrid-rollout] ep 97 (heldout_098): steps=60 success=False
[hybrid-rollout] ep 98 (heldout_099): steps=6 success=True
[hybrid-rollout] ep 99 (heldout_100): steps=8 success=True
[hybrid-rollout] ep 100 (heldout_101): steps=4 success=True
[hybrid-rollout] ep 101 (heldout_102): steps=4 success=True
[hybrid-rollout] ep 102 (heldout_103): steps=60 success=False
[hybrid-rollout] ep 103 (heldout_104): steps=6 success=True
[hybrid-rollout] ep 104 (heldout_105): steps=60 success=False
[hybrid-rollout] ep 105 (heldout_106): steps=6 success=True
[hybrid-rollout] ep 106 (heldout_107): steps=3 success=False
[hybrid-rollout] ep 107 (heldout_108): steps=4 success=True
[hybrid-rollout] ep 108 (heldout_109): steps=4 success=True
[hybrid-rollout] ep 109 (heldout_110): steps=4 success=True
[hybrid-rollout] ep 110 (heldout_111): steps=60 success=False
[hybrid-rollout] ep 111 (heldout_112): steps=5 success=True
[hybrid-rollout] ep 112 (heldout_113): steps=5 success=True
[hybrid-rollout] ep 113 (heldout_114): steps=4 success=True
[hybrid-rollout] ep 114 (heldout_115): steps=4 success=True
[hybrid-rollout] ep 115 (heldout_116): steps=5 success=True
[hybrid-rollout] ep 116 (heldout_117): steps=60 success=False
[hybrid-rollout] ep 117 (heldout_118): steps=9 success=True
[hybrid-rollout] ep 118 (heldout_119): steps=4 success=True
[hybrid-rollout] ep 119 (heldout_120): steps=7 success=True
[hybrid-rollout] ep 120 (heldout_121): steps=4 success=True
[hybrid-rollout] ep 121 (heldout_122): steps=4 success=True
[hybrid-rollout] ep 122 (heldout_123): steps=6 success=True
[hybrid-rollout] ep 123 (heldout_124): steps=60 success=False
[hybrid-rollout] ep 124 (heldout_125): steps=4 success=True
[hybrid-rollout] ep 125 (heldout_126): steps=4 success=True
[hybrid-rollout] ep 126 (heldout_127): steps=60 success=False
[hybrid-rollout] ep 127 (heldout_128): steps=7 success=True
[hybrid-rollout] ep 128 (heldout_129): steps=60 success=False
[hybrid-rollout] ep 129 (heldout_130): steps=4 success=True
[hybrid-rollout] ep 130 (heldout_131): steps=60 success=False
[hybrid-rollout] ep 131 (heldout_132): steps=4 success=True
[hybrid-rollout] ep 132 (heldout_133): steps=4 success=True
[hybrid-rollout] ep 133 (heldout_134): steps=60 success=False
[hybrid-rollout] ep 134 (heldout_135): steps=6 success=True
[hybrid-rollout] ep 135 (heldout_136): steps=5 success=True
[hybrid-rollout] ep 136 (heldout_137): steps=60 success=False
[hybrid-rollout] ep 137 (heldout_138): steps=4 success=True
[hybrid-rollout] ep 138 (heldout_139): steps=4 success=True
[hybrid-rollout] ep 139 (heldout_140): steps=5 success=True
[hybrid-rollout] ep 140 (heldout_141): steps=5 success=True
[hybrid-rollout] ep 141 (heldout_142): steps=4 success=True
[hybrid-rollout] ep 142 (heldout_143): steps=8 success=True
[hybrid-rollout] ep 143 (heldout_144): steps=4 success=True
[hybrid-rollout] ep 144 (heldout_145): steps=5 success=True
[hybrid-rollout] ep 145 (heldout_146): steps=7 success=True
[hybrid-rollout] ep 146 (heldout_147): steps=4 success=True
[hybrid-rollout] ep 147 (heldout_148): steps=60 success=False
[hybrid-rollout] ep 148 (heldout_149): steps=5 success=True
[hybrid-rollout] ep 149 (heldout_150): steps=4 success=True
[hybrid-rollout] ep 150 (heldout_151): steps=5 success=True
[hybrid-rollout] ep 151 (heldout_152): steps=6 success=True
[hybrid-rollout] ep 152 (heldout_153): steps=5 success=True
[hybrid-rollout] ep 153 (heldout_154): steps=60 success=False
[hybrid-rollout] ep 154 (heldout_155): steps=60 success=False
[hybrid-rollout] ep 155 (heldout_156): steps=60 success=False
[hybrid-rollout] ep 156 (heldout_157): steps=4 success=True
[hybrid-rollout] ep 157 (heldout_158): steps=3 success=False
[hybrid-rollout] ep 158 (heldout_159): steps=6 success=True
[hybrid-rollout] ep 159 (heldout_160): steps=60 success=False
[hybrid-rollout] ep 160 (heldout_161): steps=60 success=False
[hybrid-rollout] ep 161 (heldout_162): steps=5 success=True
[hybrid-rollout] ep 162 (heldout_163): steps=4 success=True
[hybrid-rollout] ep 163 (heldout_164): steps=4 success=True
[hybrid-rollout] ep 164 (heldout_165): steps=5 success=True
[hybrid-rollout] ep 165 (heldout_166): steps=60 success=False
[hybrid-rollout] ep 166 (heldout_167): steps=4 success=True
[hybrid-rollout] ep 167 (heldout_168): steps=4 success=True
[hybrid-rollout] ep 168 (heldout_169): steps=4 success=False
[hybrid-rollout] ep 169 (heldout_170): steps=5 success=False
[hybrid-rollout] ep 170 (heldout_171): steps=4 success=True
[hybrid-rollout] ep 171 (heldout_172): steps=5 success=True
[hybrid-rollout] ep 172 (heldout_173): steps=4 success=True
[hybrid-rollout] ep 173 (heldout_174): steps=5 success=True
[hybrid-rollout] ep 174 (heldout_175): steps=60 success=False
[hybrid-rollout] ep 175 (heldout_176): steps=6 success=True
[hybrid-rollout] ep 176 (heldout_177): steps=6 success=True
[hybrid-rollout] ep 177 (heldout_178): steps=5 success=True
[hybrid-rollout] ep 178 (heldout_179): steps=5 success=True
[hybrid-rollout] ep 179 (heldout_180): steps=4 success=True
[hybrid-rollout] ep 180 (heldout_181): steps=5 success=True
[hybrid-rollout] ep 181 (heldout_182): steps=4 success=True
[hybrid-rollout] ep 182 (heldout_183): steps=5 success=True
[hybrid-rollout] ep 183 (heldout_184): steps=7 success=True
[hybrid-rollout] ep 184 (heldout_185): steps=5 success=True
[hybrid-rollout] ep 185 (heldout_186): steps=4 success=True
[hybrid-rollout] ep 186 (heldout_187): steps=60 success=False
[hybrid-rollout] ep 187 (heldout_188): steps=5 success=True
[hybrid-rollout] ep 188 (heldout_189): steps=60 success=False
[hybrid-rollout] ep 189 (heldout_190): steps=7 success=True
[hybrid-rollout] ep 190 (heldout_191): steps=4 success=True
[hybrid-rollout] ep 191 (heldout_192): steps=5 success=True
[hybrid-rollout] ep 192 (heldout_193): steps=60 success=False
[hybrid-rollout] ep 193 (heldout_194): steps=6 success=True
[hybrid-rollout] ep 194 (heldout_195): steps=5 success=True
[hybrid-rollout] ep 195 (heldout_196): steps=4 success=True
[hybrid-rollout] ep 196 (heldout_197): steps=5 success=True
[hybrid-rollout] ep 197 (heldout_198): steps=4 success=True
[hybrid-rollout] ep 198 (heldout_199): steps=4 success=True
[hybrid-rollout] ep 199 (heldout_200): steps=4 success=True
[hybrid-rollout] DONE successes=163/200
[19:43:22] [replay_p4] run 6 round 7: extras=7 heldout_sr=0.815
[19:43:22] [replay_p4] $ /home/s226137394/.conda/envs/maze/bin/python3 -u -m Equivariant_pathway.equivariant_CNN_hybrid.baseline_vs_p4.pool_x_selector.trainer.finetune_replay --demo_dir /weka/s226137394/DmNfull/Equivariant_pathway/equivariant_CNN_hybrid/baseline_vs_p4/pool_x_selector/results_hpsweep/e90_lr0.0001_rm0.3_do0/run_6/p4_top3_rotate/demos --checkpoint_dir /weka/s226137394/DmNfull/Equivariant_pathway/equivariant_CNN_hybrid/baseline_vs_p4/pool_x_selector/results_hpsweep/e90_lr0.0001_rm0.3_do0/run_6/p4_top3_rotate/checkpoints --epochs 90 --batch_size 64 --lr 0.0001 --weight_decay 0.0001 --replay_mix 0.3 --replay_mix_floor 0.2 --head_dropout 0.0 --seed 6 --resume --new_demos_dir /weka/s226137394/DmNfull/Equivariant_pathway/equivariant_CNN_hybrid/baseline_vs_p4/pool_x_selector/results_hpsweep/e90_lr0.0001_rm0.3_do0/run_6/p4_top3_rotate/demos/round_008
[finetune_replay] device=cuda demo_dir=/weka/s226137394/DmNfull/Equivariant_pathway/equivariant_CNN_hybrid/baseline_vs_p4/pool_x_selector/results_hpsweep/e90_lr0.0001_rm0.3_do0/run_6/p4_top3_rotate/demos new_demos_dir=/weka/s226137394/DmNfull/Equivariant_pathway/equivariant_CNN_hybrid/baseline_vs_p4/pool_x_selector/results_hpsweep/e90_lr0.0001_rm0.3_do0/run_6/p4_top3_rotate/demos/round_008
[hybrid-dataset] 27 demos -> 143 samples
[hybrid-dataset] 1 demos -> 4 samples
[finetune_replay] sampler audit: {'n_old_samples': 143, 'n_new_samples': 4, 'replay_mix_target': 0.3, 'replay_mix_effective': 0.3, 'replay_mix_floor': 0.2}
[finetune_replay] trainable params: 1,400,028
[finetune_replay] WARM START from last_hybrid_policy.pth
[finetune_replay] ep   1/90 | train loss=0.0813 top1=0.902 | val loss=0.0916 | t=0.8s  *
[finetune_replay] ep   2/90 | train loss=0.0018 top1=1.000 | val loss=0.0935 | t=0.2s
[finetune_replay] ep   3/90 | train loss=0.0173 top1=0.985 | val loss=0.0293 | t=0.1s  *
[finetune_replay] ep   4/90 | train loss=0.0051 top1=1.000 | val loss=0.0495 | t=0.2s
[finetune_replay] ep   5/90 | train loss=0.0019 top1=1.000 | val loss=0.0487 | t=0.1s
[finetune_replay] ep   6/90 | train loss=0.0023 top1=1.000 | val loss=0.0502 | t=0.1s
[finetune_replay] ep   7/90 | train loss=0.0018 top1=1.000 | val loss=0.0539 | t=0.1s
[finetune_replay] ep   8/90 | train loss=0.0035 top1=1.000 | val loss=0.0306 | t=0.1s
[finetune_replay] ep   9/90 | train loss=0.0022 top1=1.000 | val loss=0.0091 | t=0.1s  *
[finetune_replay] ep  10/90 | train loss=0.0007 top1=1.000 | val loss=0.0032 | t=0.1s  *
[finetune_replay] ep  11/90 | train loss=0.0015 top1=1.000 | val loss=0.0047 | t=0.1s
[finetune_replay] ep  12/90 | train loss=0.0009 top1=1.000 | val loss=0.0183 | t=0.1s
[finetune_replay] ep  13/90 | train loss=0.0008 top1=1.000 | val loss=0.0297 | t=0.1s
[finetune_replay] ep  14/90 | train loss=0.0014 top1=1.000 | val loss=0.0235 | t=0.1s
[finetune_replay] ep  15/90 | train loss=0.0008 top1=1.000 | val loss=0.0109 | t=0.1s
[finetune_replay] ep  16/90 | train loss=0.0012 top1=1.000 | val loss=0.0124 | t=0.1s
[finetune_replay] ep  17/90 | train loss=0.0011 top1=1.000 | val loss=0.0219 | t=0.1s
[finetune_replay] ep  18/90 | train loss=0.0004 top1=1.000 | val loss=0.0276 | t=0.1s
[finetune_replay] ep  19/90 | train loss=0.0007 top1=1.000 | val loss=0.0208 | t=0.1s
[finetune_replay] ep  20/90 | train loss=0.0005 top1=1.000 | val loss=0.0160 | t=0.1s
[finetune_replay] ep  21/90 | train loss=0.0007 top1=1.000 | val loss=0.0092 | t=0.1s
[finetune_replay] ep  22/90 | train loss=0.0005 top1=1.000 | val loss=0.0073 | t=0.1s
[finetune_replay] ep  23/90 | train loss=0.0003 top1=1.000 | val loss=0.0073 | t=0.1s
[finetune_replay] ep  24/90 | train loss=0.0004 top1=1.000 | val loss=0.0103 | t=0.1s
[finetune_replay] ep  25/90 | train loss=0.0004 top1=1.000 | val loss=0.0195 | t=0.1s
[finetune_replay] ep  26/90 | train loss=0.0002 top1=1.000 | val loss=0.0301 | t=0.1s
[finetune_replay] ep  27/90 | train loss=0.0005 top1=1.000 | val loss=0.0266 | t=0.1s
[finetune_replay] ep  28/90 | train loss=0.0005 top1=1.000 | val loss=0.0201 | t=0.1s
[finetune_replay] ep  29/90 | train loss=0.0018 top1=1.000 | val loss=0.0051 | t=0.1s
[finetune_replay] ep  30/90 | train loss=0.0008 top1=1.000 | val loss=0.0036 | t=0.1s
[finetune_replay] ep  31/90 | train loss=0.0019 top1=1.000 | val loss=0.0040 | t=0.1s
[finetune_replay] ep  32/90 | train loss=0.0004 top1=1.000 | val loss=0.0120 | t=0.1s
[finetune_replay] ep  33/90 | train loss=0.0003 top1=1.000 | val loss=0.0264 | t=0.1s
[finetune_replay] ep  34/90 | train loss=0.0011 top1=1.000 | val loss=0.0251 | t=0.1s
[finetune_replay] ep  35/90 | train loss=0.0008 top1=1.000 | val loss=0.0178 | t=0.1s
[finetune_replay] ep  36/90 | train loss=0.0003 top1=1.000 | val loss=0.0112 | t=0.1s
[finetune_replay] ep  37/90 | train loss=0.0003 top1=1.000 | val loss=0.0080 | t=0.1s
[finetune_replay] ep  38/90 | train loss=0.0002 top1=1.000 | val loss=0.0060 | t=0.1s
[finetune_replay] ep  39/90 | train loss=0.0004 top1=1.000 | val loss=0.0064 | t=0.1s
[finetune_replay] ep  40/90 | train loss=0.0004 top1=1.000 | val loss=0.0086 | t=0.1s
[finetune_replay] ep  41/90 | train loss=0.0003 top1=1.000 | val loss=0.0153 | t=0.1s
[finetune_replay] ep  42/90 | train loss=0.0002 top1=1.000 | val loss=0.0186 | t=0.1s
[finetune_replay] ep  43/90 | train loss=0.0002 top1=1.000 | val loss=0.0200 | t=0.1s
[finetune_replay] ep  44/90 | train loss=0.0002 top1=1.000 | val loss=0.0209 | t=0.1s
[finetune_replay] ep  45/90 | train loss=0.0002 top1=1.000 | val loss=0.0215 | t=0.1s
[finetune_replay] ep  46/90 | train loss=0.0003 top1=1.000 | val loss=0.0189 | t=0.1s
[finetune_replay] ep  47/90 | train loss=0.0002 top1=1.000 | val loss=0.0165 | t=0.1s
[finetune_replay] ep  48/90 | train loss=0.0002 top1=1.000 | val loss=0.0142 | t=0.1s
[finetune_replay] ep  49/90 | train loss=0.0003 top1=1.000 | val loss=0.0114 | t=0.1s
[finetune_replay] ep  50/90 | train loss=0.0002 top1=1.000 | val loss=0.0106 | t=0.1s
[finetune_replay] ep  51/90 | train loss=0.0002 top1=1.000 | val loss=0.0103 | t=0.1s
[finetune_replay] ep  52/90 | train loss=0.0002 top1=1.000 | val loss=0.0098 | t=0.1s
[finetune_replay] ep  53/90 | train loss=0.0003 top1=1.000 | val loss=0.0090 | t=0.1s
[finetune_replay] ep  54/90 | train loss=0.0002 top1=1.000 | val loss=0.0090 | t=0.1s
[finetune_replay] ep  55/90 | train loss=0.0003 top1=1.000 | val loss=0.0087 | t=0.1s
[finetune_replay] ep  56/90 | train loss=0.0002 top1=1.000 | val loss=0.0085 | t=0.1s
[finetune_replay] ep  57/90 | train loss=0.0002 top1=1.000 | val loss=0.0084 | t=0.1s
[finetune_replay] ep  58/90 | train loss=0.0002 top1=1.000 | val loss=0.0082 | t=0.1s
[finetune_replay] ep  59/90 | train loss=0.0002 top1=1.000 | val loss=0.0086 | t=0.1s
[finetune_replay] ep  60/90 | train loss=0.0002 top1=1.000 | val loss=0.0092 | t=0.1s
[finetune_replay] ep  61/90 | train loss=0.0002 top1=1.000 | val loss=0.0099 | t=0.1s
[finetune_replay] ep  62/90 | train loss=0.0003 top1=1.000 | val loss=0.0096 | t=0.1s
[finetune_replay] ep  63/90 | train loss=0.0004 top1=1.000 | val loss=0.0088 | t=0.1s
[finetune_replay] ep  64/90 | train loss=0.0001 top1=1.000 | val loss=0.0085 | t=0.1s
[finetune_replay] ep  65/90 | train loss=0.0001 top1=1.000 | val loss=0.0088 | t=0.1s
[finetune_replay] ep  66/90 | train loss=0.0002 top1=1.000 | val loss=0.0094 | t=0.1s
[finetune_replay] ep  67/90 | train loss=0.0002 top1=1.000 | val loss=0.0096 | t=0.1s
[finetune_replay] ep  68/90 | train loss=0.0003 top1=1.000 | val loss=0.0095 | t=0.1s
[finetune_replay] ep  69/90 | train loss=0.0003 top1=1.000 | val loss=0.0093 | t=0.1s
[finetune_replay] ep  70/90 | train loss=0.0002 top1=1.000 | val loss=0.0093 | t=0.1s
[finetune_replay] ep  71/90 | train loss=0.0003 top1=1.000 | val loss=0.0097 | t=0.1s
[finetune_replay] ep  72/90 | train loss=0.0002 top1=1.000 | val loss=0.0104 | t=0.1s
[finetune_replay] ep  73/90 | train loss=0.0002 top1=1.000 | val loss=0.0109 | t=0.1s
[finetune_replay] ep  74/90 | train loss=0.0002 top1=1.000 | val loss=0.0116 | t=0.1s
[finetune_replay] ep  75/90 | train loss=0.0002 top1=1.000 | val loss=0.0116 | t=0.1s
[finetune_replay] ep  76/90 | train loss=0.0002 top1=1.000 | val loss=0.0117 | t=0.1s
[finetune_replay] ep  77/90 | train loss=0.0003 top1=1.000 | val loss=0.0116 | t=0.1s
[finetune_replay] ep  78/90 | train loss=0.0002 top1=1.000 | val loss=0.0117 | t=0.1s
[finetune_replay] ep  79/90 | train loss=0.0002 top1=1.000 | val loss=0.0112 | t=0.1s
[finetune_replay] ep  80/90 | train loss=0.0002 top1=1.000 | val loss=0.0113 | t=0.1s
[finetune_replay] ep  81/90 | train loss=0.0002 top1=1.000 | val loss=0.0109 | t=0.1s
[finetune_replay] ep  82/90 | train loss=0.0003 top1=1.000 | val loss=0.0108 | t=0.1s
[finetune_replay] ep  83/90 | train loss=0.0003 top1=1.000 | val loss=0.0106 | t=0.1s
[finetune_replay] ep  84/90 | train loss=0.0002 top1=1.000 | val loss=0.0104 | t=0.1s
[finetune_replay] ep  85/90 | train loss=0.0002 top1=1.000 | val loss=0.0106 | t=0.1s
[finetune_replay] ep  86/90 | train loss=0.0001 top1=1.000 | val loss=0.0105 | t=0.1s
[finetune_replay] ep  87/90 | train loss=0.0002 top1=1.000 | val loss=0.0104 | t=0.1s
[finetune_replay] ep  88/90 | train loss=0.0002 top1=1.000 | val loss=0.0106 | t=0.1s
[finetune_replay] ep  89/90 | train loss=0.0001 top1=1.000 | val loss=0.0105 | t=0.1s
[finetune_replay] ep  90/90 | train loss=0.0003 top1=1.000 | val loss=0.0104 | t=0.1s
[finetune_replay] DONE best_val_loss=0.0032 @ epoch 10
[19:43:46] [bo-budget] $ /home/s226137394/.conda/envs/maze/bin/python3 -u -m Equivariant_pathway.equivariant_CNN_hybrid.rollout_test --checkpoint /weka/s226137394/DmNfull/Equivariant_pathway/equivariant_CNN_hybrid/baseline_vs_p4/pool_x_selector/results_hpsweep/e90_lr0.0001_rm0.3_do0/run_6/p4_top3_rotate/checkpoints/best_hybrid_policy.pth --layouts /weka/s226137394/DmNfull/Equivariant_pathway/equivariant_CNN_hybrid/baseline_vs_p4/shared/heldout_layouts.yaml --out_dir /weka/s226137394/DmNfull/Equivariant_pathway/equivariant_CNN_hybrid/baseline_vs_p4/pool_x_selector/results_hpsweep/e90_lr0.0001_rm0.3_do0/run_6/p4_top3_rotate/results/eval_round_008 --seed 14 --max_steps 60
[hybrid-rollout] 200 unique; running 200 eps
[hybrid-rollout] loaded /weka/s226137394/DmNfull/Equivariant_pathway/equivariant_CNN_hybrid/baseline_vs_p4/pool_x_selector/results_hpsweep/e90_lr0.0001_rm0.3_do0/run_6/p4_top3_rotate/checkpoints/best_hybrid_policy.pth
[hybrid-rollout] ep 0 (heldout_001): steps=5 success=True
[hybrid-rollout] ep 1 (heldout_002): steps=4 success=True
[hybrid-rollout] ep 2 (heldout_003): steps=60 success=False
[hybrid-rollout] ep 3 (heldout_004): steps=6 success=True
[hybrid-rollout] ep 4 (heldout_005): steps=5 success=True
[hybrid-rollout] ep 5 (heldout_006): steps=3 success=False
[hybrid-rollout] ep 6 (heldout_007): steps=5 success=True
[hybrid-rollout] ep 7 (heldout_008): steps=4 success=True
[hybrid-rollout] ep 8 (heldout_009): steps=6 success=True
[hybrid-rollout] ep 9 (heldout_010): steps=8 success=True
[hybrid-rollout] ep 10 (heldout_011): steps=4 success=True
[hybrid-rollout] ep 11 (heldout_012): steps=4 success=True
[hybrid-rollout] ep 12 (heldout_013): steps=5 success=True
[hybrid-rollout] ep 13 (heldout_014): steps=5 success=True
[hybrid-rollout] ep 14 (heldout_015): steps=4 success=True
[hybrid-rollout] ep 15 (heldout_016): steps=5 success=True
[hybrid-rollout] ep 16 (heldout_017): steps=4 success=True
[hybrid-rollout] ep 17 (heldout_018): steps=60 success=False
[hybrid-rollout] ep 18 (heldout_019): steps=60 success=False
[hybrid-rollout] ep 19 (heldout_020): steps=5 success=True
[hybrid-rollout] ep 20 (heldout_021): steps=4 success=True
[hybrid-rollout] ep 21 (heldout_022): steps=60 success=False
[hybrid-rollout] ep 22 (heldout_023): steps=60 success=False
[hybrid-rollout] ep 23 (heldout_024): steps=60 success=False
[hybrid-rollout] ep 24 (heldout_025): steps=4 success=True
[hybrid-rollout] ep 25 (heldout_026): steps=4 success=True
[hybrid-rollout] ep 26 (heldout_027): steps=4 success=True
[hybrid-rollout] ep 27 (heldout_028): steps=4 success=True
[hybrid-rollout] ep 28 (heldout_029): steps=5 success=True
[hybrid-rollout] ep 29 (heldout_030): steps=5 success=True
[hybrid-rollout] ep 30 (heldout_031): steps=5 success=True
[hybrid-rollout] ep 31 (heldout_032): steps=7 success=True
[hybrid-rollout] ep 32 (heldout_033): steps=4 success=True
[hybrid-rollout] ep 33 (heldout_034): steps=5 success=True
[hybrid-rollout] ep 34 (heldout_035): steps=6 success=True
[hybrid-rollout] ep 35 (heldout_036): steps=5 success=True
[hybrid-rollout] ep 36 (heldout_037): steps=4 success=True
[hybrid-rollout] ep 37 (heldout_038): steps=60 success=False
[hybrid-rollout] ep 38 (heldout_039): steps=6 success=True
[hybrid-rollout] ep 39 (heldout_040): steps=5 success=True
[hybrid-rollout] ep 40 (heldout_041): steps=60 success=False
[hybrid-rollout] ep 41 (heldout_042): steps=60 success=False
[hybrid-rollout] ep 42 (heldout_043): steps=4 success=True
[hybrid-rollout] ep 43 (heldout_044): steps=5 success=True
[hybrid-rollout] ep 44 (heldout_045): steps=5 success=True
[hybrid-rollout] ep 45 (heldout_046): steps=4 success=True
[hybrid-rollout] ep 46 (heldout_047): steps=4 success=True
[hybrid-rollout] ep 47 (heldout_048): steps=6 success=True
[hybrid-rollout] ep 48 (heldout_049): steps=60 success=False
[hybrid-rollout] ep 49 (heldout_050): steps=4 success=True
[hybrid-rollout] ep 50 (heldout_051): steps=4 success=True
[hybrid-rollout] ep 51 (heldout_052): steps=4 success=True
[hybrid-rollout] ep 52 (heldout_053): steps=6 success=True
[hybrid-rollout] ep 53 (heldout_054): steps=60 success=False
[hybrid-rollout] ep 54 (heldout_055): steps=60 success=False
[hybrid-rollout] ep 55 (heldout_056): steps=4 success=True
[hybrid-rollout] ep 56 (heldout_057): steps=4 success=True
[hybrid-rollout] ep 57 (heldout_058): steps=4 success=True
[hybrid-rollout] ep 58 (heldout_059): steps=5 success=True
[hybrid-rollout] ep 59 (heldout_060): steps=6 success=True
[hybrid-rollout] ep 60 (heldout_061): steps=5 success=True
[hybrid-rollout] ep 61 (heldout_062): steps=6 success=True
[hybrid-rollout] ep 62 (heldout_063): steps=5 success=True
[hybrid-rollout] ep 63 (heldout_064): steps=4 success=True
[hybrid-rollout] ep 64 (heldout_065): steps=60 success=False
[hybrid-rollout] ep 65 (heldout_066): steps=6 success=True
[hybrid-rollout] ep 66 (heldout_067): steps=5 success=True
[hybrid-rollout] ep 67 (heldout_068): steps=4 success=True
[hybrid-rollout] ep 68 (heldout_069): steps=4 success=True
[hybrid-rollout] ep 69 (heldout_070): steps=7 success=True
[hybrid-rollout] ep 70 (heldout_071): steps=60 success=False
[hybrid-rollout] ep 71 (heldout_072): steps=5 success=True
[hybrid-rollout] ep 72 (heldout_073): steps=3 success=False
[hybrid-rollout] ep 73 (heldout_074): steps=4 success=True
[hybrid-rollout] ep 74 (heldout_075): steps=5 success=True
[hybrid-rollout] ep 75 (heldout_076): steps=7 success=True
[hybrid-rollout] ep 76 (heldout_077): steps=4 success=True
[hybrid-rollout] ep 77 (heldout_078): steps=6 success=True
[hybrid-rollout] ep 78 (heldout_079): steps=4 success=True
[hybrid-rollout] ep 79 (heldout_080): steps=4 success=True
[hybrid-rollout] ep 80 (heldout_081): steps=5 success=True
[hybrid-rollout] ep 81 (heldout_082): steps=5 success=True
[hybrid-rollout] ep 82 (heldout_083): steps=60 success=False
[hybrid-rollout] ep 83 (heldout_084): steps=5 success=True
[hybrid-rollout] ep 84 (heldout_085): steps=60 success=False
[hybrid-rollout] ep 85 (heldout_086): steps=60 success=False
[hybrid-rollout] ep 86 (heldout_087): steps=7 success=True
[hybrid-rollout] ep 87 (heldout_088): steps=4 success=True
[hybrid-rollout] ep 88 (heldout_089): steps=3 success=False
[hybrid-rollout] ep 89 (heldout_090): steps=4 success=True
[hybrid-rollout] ep 90 (heldout_091): steps=4 success=False
[hybrid-rollout] ep 91 (heldout_092): steps=5 success=True
[hybrid-rollout] ep 92 (heldout_093): steps=6 success=True
[hybrid-rollout] ep 93 (heldout_094): steps=6 success=True
[hybrid-rollout] ep 94 (heldout_095): steps=7 success=True
[hybrid-rollout] ep 95 (heldout_096): steps=5 success=True
[hybrid-rollout] ep 96 (heldout_097): steps=5 success=True
[hybrid-rollout] ep 97 (heldout_098): steps=60 success=False
[hybrid-rollout] ep 98 (heldout_099): steps=60 success=False
[hybrid-rollout] ep 99 (heldout_100): steps=60 success=False
[hybrid-rollout] ep 100 (heldout_101): steps=4 success=True
[hybrid-rollout] ep 101 (heldout_102): steps=4 success=True
[hybrid-rollout] ep 102 (heldout_103): steps=60 success=False
[hybrid-rollout] ep 103 (heldout_104): steps=6 success=True
[hybrid-rollout] ep 104 (heldout_105): steps=6 success=True
[hybrid-rollout] ep 105 (heldout_106): steps=6 success=True
[hybrid-rollout] ep 106 (heldout_107): steps=3 success=False
[hybrid-rollout] ep 107 (heldout_108): steps=4 success=True
[hybrid-rollout] ep 108 (heldout_109): steps=4 success=True
[hybrid-rollout] ep 109 (heldout_110): steps=60 success=False
[hybrid-rollout] ep 110 (heldout_111): steps=60 success=False
[hybrid-rollout] ep 111 (heldout_112): steps=5 success=True
[hybrid-rollout] ep 112 (heldout_113): steps=5 success=True
[hybrid-rollout] ep 113 (heldout_114): steps=4 success=True
[hybrid-rollout] ep 114 (heldout_115): steps=4 success=True
[hybrid-rollout] ep 115 (heldout_116): steps=5 success=True
[hybrid-rollout] ep 116 (heldout_117): steps=60 success=False
[hybrid-rollout] ep 117 (heldout_118): steps=9 success=True
[hybrid-rollout] ep 118 (heldout_119): steps=4 success=True
[hybrid-rollout] ep 119 (heldout_120): steps=7 success=True
[hybrid-rollout] ep 120 (heldout_121): steps=4 success=True
[hybrid-rollout] ep 121 (heldout_122): steps=4 success=True
[hybrid-rollout] ep 122 (heldout_123): steps=6 success=True
[hybrid-rollout] ep 123 (heldout_124): steps=60 success=False
[hybrid-rollout] ep 124 (heldout_125): steps=4 success=True
[hybrid-rollout] ep 125 (heldout_126): steps=4 success=True
[hybrid-rollout] ep 126 (heldout_127): steps=60 success=False
[hybrid-rollout] ep 127 (heldout_128): steps=7 success=True
[hybrid-rollout] ep 128 (heldout_129): steps=60 success=False
[hybrid-rollout] ep 129 (heldout_130): steps=4 success=True
[hybrid-rollout] ep 130 (heldout_131): steps=60 success=False
[hybrid-rollout] ep 131 (heldout_132): steps=4 success=True
[hybrid-rollout] ep 132 (heldout_133): steps=4 success=True
[hybrid-rollout] ep 133 (heldout_134): steps=60 success=False
[hybrid-rollout] ep 134 (heldout_135): steps=6 success=True
[hybrid-rollout] ep 135 (heldout_136): steps=5 success=True
[hybrid-rollout] ep 136 (heldout_137): steps=60 success=False
[hybrid-rollout] ep 137 (heldout_138): steps=4 success=True
[hybrid-rollout] ep 138 (heldout_139): steps=4 success=True
[hybrid-rollout] ep 139 (heldout_140): steps=5 success=True
[hybrid-rollout] ep 140 (heldout_141): steps=5 success=True
[hybrid-rollout] ep 141 (heldout_142): steps=4 success=True
[hybrid-rollout] ep 142 (heldout_143): steps=8 success=True
[hybrid-rollout] ep 143 (heldout_144): steps=4 success=True
[hybrid-rollout] ep 144 (heldout_145): steps=5 success=True
[hybrid-rollout] ep 145 (heldout_146): steps=7 success=True
[hybrid-rollout] ep 146 (heldout_147): steps=4 success=True
[hybrid-rollout] ep 147 (heldout_148): steps=60 success=False
[hybrid-rollout] ep 148 (heldout_149): steps=5 success=True
[hybrid-rollout] ep 149 (heldout_150): steps=4 success=True
[hybrid-rollout] ep 150 (heldout_151): steps=5 success=True
[hybrid-rollout] ep 151 (heldout_152): steps=6 success=True
[hybrid-rollout] ep 152 (heldout_153): steps=5 success=True
[hybrid-rollout] ep 153 (heldout_154): steps=60 success=False
[hybrid-rollout] ep 154 (heldout_155): steps=6 success=True
[hybrid-rollout] ep 155 (heldout_156): steps=60 success=False
[hybrid-rollout] ep 156 (heldout_157): steps=4 success=True
[hybrid-rollout] ep 157 (heldout_158): steps=3 success=False
[hybrid-rollout] ep 158 (heldout_159): steps=6 success=True
[hybrid-rollout] ep 159 (heldout_160): steps=4 success=True
[hybrid-rollout] ep 160 (heldout_161): steps=60 success=False
[hybrid-rollout] ep 161 (heldout_162): steps=5 success=True
[hybrid-rollout] ep 162 (heldout_163): steps=4 success=True
[hybrid-rollout] ep 163 (heldout_164): steps=4 success=True
[hybrid-rollout] ep 164 (heldout_165): steps=5 success=True
[hybrid-rollout] ep 165 (heldout_166): steps=60 success=False
[hybrid-rollout] ep 166 (heldout_167): steps=4 success=True
[hybrid-rollout] ep 167 (heldout_168): steps=4 success=True
[hybrid-rollout] ep 168 (heldout_169): steps=6 success=True
[hybrid-rollout] ep 169 (heldout_170): steps=5 success=False
[hybrid-rollout] ep 170 (heldout_171): steps=4 success=True
[hybrid-rollout] ep 171 (heldout_172): steps=5 success=True
[hybrid-rollout] ep 172 (heldout_173): steps=4 success=True
[hybrid-rollout] ep 173 (heldout_174): steps=5 success=True
[hybrid-rollout] ep 174 (heldout_175): steps=60 success=False
[hybrid-rollout] ep 175 (heldout_176): steps=6 success=True
[hybrid-rollout] ep 176 (heldout_177): steps=6 success=True
[hybrid-rollout] ep 177 (heldout_178): steps=5 success=True
[hybrid-rollout] ep 178 (heldout_179): steps=5 success=True
[hybrid-rollout] ep 179 (heldout_180): steps=4 success=True
[hybrid-rollout] ep 180 (heldout_181): steps=5 success=True
[hybrid-rollout] ep 181 (heldout_182): steps=4 success=True
[hybrid-rollout] ep 182 (heldout_183): steps=5 success=True
[hybrid-rollout] ep 183 (heldout_184): steps=7 success=True
[hybrid-rollout] ep 184 (heldout_185): steps=5 success=True
[hybrid-rollout] ep 185 (heldout_186): steps=4 success=True
[hybrid-rollout] ep 186 (heldout_187): steps=5 success=True
[hybrid-rollout] ep 187 (heldout_188): steps=5 success=True
[hybrid-rollout] ep 188 (heldout_189): steps=60 success=False
[hybrid-rollout] ep 189 (heldout_190): steps=7 success=True
[hybrid-rollout] ep 190 (heldout_191): steps=4 success=True
[hybrid-rollout] ep 191 (heldout_192): steps=5 success=True
[hybrid-rollout] ep 192 (heldout_193): steps=60 success=False
[hybrid-rollout] ep 193 (heldout_194): steps=6 success=True
[hybrid-rollout] ep 194 (heldout_195): steps=5 success=True
[hybrid-rollout] ep 195 (heldout_196): steps=4 success=True
[hybrid-rollout] ep 196 (heldout_197): steps=5 success=True
[hybrid-rollout] ep 197 (heldout_198): steps=4 success=True
[hybrid-rollout] ep 198 (heldout_199): steps=4 success=True
[hybrid-rollout] ep 199 (heldout_200): steps=4 success=True
[hybrid-rollout] DONE successes=155/200
[19:45:12] [replay_p4] run 6 round 8: extras=8 heldout_sr=0.775
[19:45:12] [replay_p4] $ /home/s226137394/.conda/envs/maze/bin/python3 -u -m Equivariant_pathway.equivariant_CNN_hybrid.baseline_vs_p4.pool_x_selector.trainer.finetune_replay --demo_dir /weka/s226137394/DmNfull/Equivariant_pathway/equivariant_CNN_hybrid/baseline_vs_p4/pool_x_selector/results_hpsweep/e90_lr0.0001_rm0.3_do0/run_6/p4_top3_rotate/demos --checkpoint_dir /weka/s226137394/DmNfull/Equivariant_pathway/equivariant_CNN_hybrid/baseline_vs_p4/pool_x_selector/results_hpsweep/e90_lr0.0001_rm0.3_do0/run_6/p4_top3_rotate/checkpoints --epochs 90 --batch_size 64 --lr 0.0001 --weight_decay 0.0001 --replay_mix 0.3 --replay_mix_floor 0.2 --head_dropout 0.0 --seed 6 --resume --new_demos_dir /weka/s226137394/DmNfull/Equivariant_pathway/equivariant_CNN_hybrid/baseline_vs_p4/pool_x_selector/results_hpsweep/e90_lr0.0001_rm0.3_do0/run_6/p4_top3_rotate/demos/round_009
[finetune_replay] device=cuda demo_dir=/weka/s226137394/DmNfull/Equivariant_pathway/equivariant_CNN_hybrid/baseline_vs_p4/pool_x_selector/results_hpsweep/e90_lr0.0001_rm0.3_do0/run_6/p4_top3_rotate/demos new_demos_dir=/weka/s226137394/DmNfull/Equivariant_pathway/equivariant_CNN_hybrid/baseline_vs_p4/pool_x_selector/results_hpsweep/e90_lr0.0001_rm0.3_do0/run_6/p4_top3_rotate/demos/round_009
[hybrid-dataset] 28 demos -> 147 samples
[hybrid-dataset] 1 demos -> 6 samples
[finetune_replay] sampler audit: {'n_old_samples': 147, 'n_new_samples': 6, 'replay_mix_target': 0.3, 'replay_mix_effective': 0.3, 'replay_mix_floor': 0.2}
[finetune_replay] trainable params: 1,400,028
[finetune_replay] WARM START from last_hybrid_policy.pth
[finetune_replay] ep   1/90 | train loss=0.0044 top1=1.000 | val loss=0.0543 | t=0.9s  *
[finetune_replay] ep   2/90 | train loss=0.0028 top1=1.000 | val loss=0.0643 | t=0.1s
[finetune_replay] ep   3/90 | train loss=0.0020 top1=1.000 | val loss=0.0549 | t=0.1s
[finetune_replay] ep   4/90 | train loss=0.0023 top1=1.000 | val loss=0.1183 | t=0.1s
[finetune_replay] ep   5/90 | train loss=0.0094 top1=1.000 | val loss=0.0814 | t=0.1s
[finetune_replay] ep   6/90 | train loss=0.0006 top1=1.000 | val loss=0.0397 | t=0.1s  *
[finetune_replay] ep   7/90 | train loss=0.0192 top1=1.000 | val loss=0.0707 | t=0.1s
[finetune_replay] ep   8/90 | train loss=0.0010 top1=1.000 | val loss=0.0985 | t=0.1s
[finetune_replay] ep   9/90 | train loss=0.0034 top1=1.000 | val loss=0.0968 | t=0.1s
[finetune_replay] ep  10/90 | train loss=0.0017 top1=1.000 | val loss=0.0787 | t=0.1s
[finetune_replay] ep  11/90 | train loss=0.0010 top1=1.000 | val loss=0.0682 | t=0.1s
[finetune_replay] ep  12/90 | train loss=0.0008 top1=1.000 | val loss=0.0651 | t=0.1s
[finetune_replay] ep  13/90 | train loss=0.0010 top1=1.000 | val loss=0.0634 | t=0.1s
[finetune_replay] ep  14/90 | train loss=0.0004 top1=1.000 | val loss=0.0677 | t=0.1s
[finetune_replay] ep  15/90 | train loss=0.0002 top1=1.000 | val loss=0.0755 | t=0.2s
[finetune_replay] ep  16/90 | train loss=0.0009 top1=1.000 | val loss=0.0826 | t=0.1s
[finetune_replay] ep  17/90 | train loss=0.0003 top1=1.000 | val loss=0.0856 | t=0.1s
[finetune_replay] ep  18/90 | train loss=0.0003 top1=1.000 | val loss=0.0879 | t=0.1s
[finetune_replay] ep  19/90 | train loss=0.0005 top1=1.000 | val loss=0.0790 | t=0.1s
[finetune_replay] ep  20/90 | train loss=0.0003 top1=1.000 | val loss=0.0501 | t=0.1s
[finetune_replay] ep  21/90 | train loss=0.0029 top1=1.000 | val loss=0.0519 | t=0.1s
[finetune_replay] ep  22/90 | train loss=0.0007 top1=1.000 | val loss=0.0668 | t=0.1s
[finetune_replay] ep  23/90 | train loss=0.0003 top1=1.000 | val loss=0.0839 | t=0.1s
[finetune_replay] ep  24/90 | train loss=0.0004 top1=1.000 | val loss=0.0935 | t=0.1s
[finetune_replay] ep  25/90 | train loss=0.0008 top1=1.000 | val loss=0.0879 | t=0.1s
[finetune_replay] ep  26/90 | train loss=0.0003 top1=1.000 | val loss=0.0804 | t=0.1s
[finetune_replay] ep  27/90 | train loss=0.0003 top1=1.000 | val loss=0.0718 | t=0.1s
[finetune_replay] ep  28/90 | train loss=0.0003 top1=1.000 | val loss=0.0691 | t=0.1s
[finetune_replay] ep  29/90 | train loss=0.0004 top1=1.000 | val loss=0.0755 | t=0.1s
[finetune_replay] ep  30/90 | train loss=0.0003 top1=1.000 | val loss=0.0806 | t=0.1s
[finetune_replay] ep  31/90 | train loss=0.0002 top1=1.000 | val loss=0.0841 | t=0.1s
[finetune_replay] ep  32/90 | train loss=0.0002 top1=1.000 | val loss=0.0845 | t=0.1s
[finetune_replay] ep  33/90 | train loss=0.0002 top1=1.000 | val loss=0.0835 | t=0.1s
[finetune_replay] ep  34/90 | train loss=0.0002 top1=1.000 | val loss=0.0799 | t=0.1s
[finetune_replay] ep  35/90 | train loss=0.0002 top1=1.000 | val loss=0.0767 | t=0.1s
[finetune_replay] ep  36/90 | train loss=0.0002 top1=1.000 | val loss=0.0759 | t=0.1s
[finetune_replay] ep  37/90 | train loss=0.0002 top1=1.000 | val loss=0.0750 | t=0.1s
[finetune_replay] ep  38/90 | train loss=0.0003 top1=1.000 | val loss=0.0764 | t=0.1s
[finetune_replay] ep  39/90 | train loss=0.0002 top1=1.000 | val loss=0.0762 | t=0.1s
[finetune_replay] ep  40/90 | train loss=0.0002 top1=1.000 | val loss=0.0766 | t=0.1s
[finetune_replay] ep  41/90 | train loss=0.0002 top1=1.000 | val loss=0.0761 | t=0.1s
[finetune_replay] ep  42/90 | train loss=0.0002 top1=1.000 | val loss=0.0778 | t=0.1s
[finetune_replay] ep  43/90 | train loss=0.0001 top1=1.000 | val loss=0.0794 | t=0.1s
[finetune_replay] ep  44/90 | train loss=0.0002 top1=1.000 | val loss=0.0799 | t=0.1s
[finetune_replay] ep  45/90 | train loss=0.0001 top1=1.000 | val loss=0.0805 | t=0.1s
[finetune_replay] ep  46/90 | train loss=0.0002 top1=1.000 | val loss=0.0810 | t=0.1s
[finetune_replay] ep  47/90 | train loss=0.0001 top1=1.000 | val loss=0.0795 | t=0.1s
[finetune_replay] ep  48/90 | train loss=0.0002 top1=1.000 | val loss=0.0798 | t=0.1s
[finetune_replay] ep  49/90 | train loss=0.0001 top1=1.000 | val loss=0.0813 | t=0.1s
[finetune_replay] ep  50/90 | train loss=0.0002 top1=1.000 | val loss=0.0822 | t=0.1s
[finetune_replay] ep  51/90 | train loss=0.0002 top1=1.000 | val loss=0.0819 | t=0.1s
[finetune_replay] ep  52/90 | train loss=0.0002 top1=1.000 | val loss=0.0817 | t=0.1s
[finetune_replay] ep  53/90 | train loss=0.0002 top1=1.000 | val loss=0.0813 | t=0.1s
[finetune_replay] ep  54/90 | train loss=0.0001 top1=1.000 | val loss=0.0809 | t=0.1s
[finetune_replay] ep  55/90 | train loss=0.0001 top1=1.000 | val loss=0.0803 | t=0.1s
[finetune_replay] ep  56/90 | train loss=0.0002 top1=1.000 | val loss=0.0799 | t=0.1s
[finetune_replay] ep  57/90 | train loss=0.0001 top1=1.000 | val loss=0.0785 | t=0.1s
[finetune_replay] ep  58/90 | train loss=0.0001 top1=1.000 | val loss=0.0790 | t=0.1s
[finetune_replay] ep  59/90 | train loss=0.0001 top1=1.000 | val loss=0.0794 | t=0.1s
[finetune_replay] ep  60/90 | train loss=0.0002 top1=1.000 | val loss=0.0797 | t=0.1s
[finetune_replay] ep  61/90 | train loss=0.0001 top1=1.000 | val loss=0.0803 | t=0.1s
[finetune_replay] ep  62/90 | train loss=0.0001 top1=1.000 | val loss=0.0811 | t=0.1s
[finetune_replay] ep  63/90 | train loss=0.0001 top1=1.000 | val loss=0.0810 | t=0.1s
[finetune_replay] ep  64/90 | train loss=0.0001 top1=1.000 | val loss=0.0805 | t=0.1s
[finetune_replay] ep  65/90 | train loss=0.0002 top1=1.000 | val loss=0.0803 | t=0.1s
[finetune_replay] ep  66/90 | train loss=0.0002 top1=1.000 | val loss=0.0783 | t=0.1s
[finetune_replay] ep  67/90 | train loss=0.0001 top1=1.000 | val loss=0.0776 | t=0.1s
[finetune_replay] ep  68/90 | train loss=0.0002 top1=1.000 | val loss=0.0764 | t=0.1s
[finetune_replay] ep  69/90 | train loss=0.0002 top1=1.000 | val loss=0.0755 | t=0.1s
[finetune_replay] ep  70/90 | train loss=0.0001 top1=1.000 | val loss=0.0757 | t=0.1s
[finetune_replay] ep  71/90 | train loss=0.0003 top1=1.000 | val loss=0.0762 | t=0.1s
[finetune_replay] ep  72/90 | train loss=0.0002 top1=1.000 | val loss=0.0766 | t=0.1s
[finetune_replay] ep  73/90 | train loss=0.0001 top1=1.000 | val loss=0.0770 | t=0.1s
[finetune_replay] ep  74/90 | train loss=0.0001 top1=1.000 | val loss=0.0767 | t=0.1s
[finetune_replay] ep  75/90 | train loss=0.0002 top1=1.000 | val loss=0.0756 | t=0.1s
[finetune_replay] ep  76/90 | train loss=0.0001 top1=1.000 | val loss=0.0765 | t=0.1s
[finetune_replay] ep  77/90 | train loss=0.0001 top1=1.000 | val loss=0.0769 | t=0.1s
[finetune_replay] ep  78/90 | train loss=0.0001 top1=1.000 | val loss=0.0782 | t=0.1s
[finetune_replay] ep  79/90 | train loss=0.0001 top1=1.000 | val loss=0.0783 | t=0.1s
[finetune_replay] ep  80/90 | train loss=0.0002 top1=1.000 | val loss=0.0781 | t=0.1s
[finetune_replay] ep  81/90 | train loss=0.0002 top1=1.000 | val loss=0.0778 | t=0.2s
[finetune_replay] ep  82/90 | train loss=0.0001 top1=1.000 | val loss=0.0781 | t=0.1s
[finetune_replay] ep  83/90 | train loss=0.0001 top1=1.000 | val loss=0.0784 | t=0.1s
[finetune_replay] ep  84/90 | train loss=0.0001 top1=1.000 | val loss=0.0783 | t=0.1s
[finetune_replay] ep  85/90 | train loss=0.0002 top1=1.000 | val loss=0.0777 | t=0.1s
[finetune_replay] ep  86/90 | train loss=0.0001 top1=1.000 | val loss=0.0781 | t=0.1s
[finetune_replay] ep  87/90 | train loss=0.0002 top1=1.000 | val loss=0.0785 | t=0.1s
[finetune_replay] ep  88/90 | train loss=0.0001 top1=1.000 | val loss=0.0779 | t=0.1s
[finetune_replay] ep  89/90 | train loss=0.0001 top1=1.000 | val loss=0.0780 | t=0.1s
[finetune_replay] ep  90/90 | train loss=0.0001 top1=1.000 | val loss=0.0776 | t=0.1s
[finetune_replay] DONE best_val_loss=0.0397 @ epoch 6
[19:45:36] [bo-budget] $ /home/s226137394/.conda/envs/maze/bin/python3 -u -m Equivariant_pathway.equivariant_CNN_hybrid.rollout_test --checkpoint /weka/s226137394/DmNfull/Equivariant_pathway/equivariant_CNN_hybrid/baseline_vs_p4/pool_x_selector/results_hpsweep/e90_lr0.0001_rm0.3_do0/run_6/p4_top3_rotate/checkpoints/best_hybrid_policy.pth --layouts /weka/s226137394/DmNfull/Equivariant_pathway/equivariant_CNN_hybrid/baseline_vs_p4/shared/heldout_layouts.yaml --out_dir /weka/s226137394/DmNfull/Equivariant_pathway/equivariant_CNN_hybrid/baseline_vs_p4/pool_x_selector/results_hpsweep/e90_lr0.0001_rm0.3_do0/run_6/p4_top3_rotate/results/eval_round_009 --seed 15 --max_steps 60
[hybrid-rollout] 200 unique; running 200 eps
[hybrid-rollout] loaded /weka/s226137394/DmNfull/Equivariant_pathway/equivariant_CNN_hybrid/baseline_vs_p4/pool_x_selector/results_hpsweep/e90_lr0.0001_rm0.3_do0/run_6/p4_top3_rotate/checkpoints/best_hybrid_policy.pth
[hybrid-rollout] ep 0 (heldout_001): steps=60 success=False
[hybrid-rollout] ep 1 (heldout_002): steps=4 success=True
[hybrid-rollout] ep 2 (heldout_003): steps=4 success=True
[hybrid-rollout] ep 3 (heldout_004): steps=60 success=False
[hybrid-rollout] ep 4 (heldout_005): steps=5 success=True
[hybrid-rollout] ep 5 (heldout_006): steps=6 success=True
[hybrid-rollout] ep 6 (heldout_007): steps=5 success=True
[hybrid-rollout] ep 7 (heldout_008): steps=4 success=True
[hybrid-rollout] ep 8 (heldout_009): steps=6 success=True
[hybrid-rollout] ep 9 (heldout_010): steps=8 success=True
[hybrid-rollout] ep 10 (heldout_011): steps=4 success=True
[hybrid-rollout] ep 11 (heldout_012): steps=4 success=True
[hybrid-rollout] ep 12 (heldout_013): steps=60 success=False
[hybrid-rollout] ep 13 (heldout_014): steps=5 success=True
[hybrid-rollout] ep 14 (heldout_015): steps=4 success=True
[hybrid-rollout] ep 15 (heldout_016): steps=5 success=True
[hybrid-rollout] ep 16 (heldout_017): steps=60 success=False
[hybrid-rollout] ep 17 (heldout_018): steps=2 success=False
[hybrid-rollout] ep 18 (heldout_019): steps=60 success=False
[hybrid-rollout] ep 19 (heldout_020): steps=5 success=True
[hybrid-rollout] ep 20 (heldout_021): steps=4 success=True
[hybrid-rollout] ep 21 (heldout_022): steps=4 success=True
[hybrid-rollout] ep 22 (heldout_023): steps=60 success=False
[hybrid-rollout] ep 23 (heldout_024): steps=60 success=False
[hybrid-rollout] ep 24 (heldout_025): steps=4 success=True
[hybrid-rollout] ep 25 (heldout_026): steps=4 success=True
[hybrid-rollout] ep 26 (heldout_027): steps=4 success=True
[hybrid-rollout] ep 27 (heldout_028): steps=4 success=True
[hybrid-rollout] ep 28 (heldout_029): steps=60 success=False
[hybrid-rollout] ep 29 (heldout_030): steps=60 success=False
[hybrid-rollout] ep 30 (heldout_031): steps=60 success=False
[hybrid-rollout] ep 31 (heldout_032): steps=7 success=True
[hybrid-rollout] ep 32 (heldout_033): steps=4 success=True
[hybrid-rollout] ep 33 (heldout_034): steps=5 success=True
[hybrid-rollout] ep 34 (heldout_035): steps=60 success=False
[hybrid-rollout] ep 35 (heldout_036): steps=5 success=True
[hybrid-rollout] ep 36 (heldout_037): steps=4 success=True
[hybrid-rollout] ep 37 (heldout_038): steps=5 success=True
[hybrid-rollout] ep 38 (heldout_039): steps=6 success=True
[hybrid-rollout] ep 39 (heldout_040): steps=5 success=True
[hybrid-rollout] ep 40 (heldout_041): steps=60 success=False
[hybrid-rollout] ep 41 (heldout_042): steps=4 success=True
[hybrid-rollout] ep 42 (heldout_043): steps=4 success=True
[hybrid-rollout] ep 43 (heldout_044): steps=5 success=True
[hybrid-rollout] ep 44 (heldout_045): steps=5 success=True
[hybrid-rollout] ep 45 (heldout_046): steps=4 success=True
[hybrid-rollout] ep 46 (heldout_047): steps=60 success=False
[hybrid-rollout] ep 47 (heldout_048): steps=6 success=True
[hybrid-rollout] ep 48 (heldout_049): steps=5 success=True
[hybrid-rollout] ep 49 (heldout_050): steps=4 success=True
[hybrid-rollout] ep 50 (heldout_051): steps=4 success=True
[hybrid-rollout] ep 51 (heldout_052): steps=4 success=True
[hybrid-rollout] ep 52 (heldout_053): steps=6 success=True
[hybrid-rollout] ep 53 (heldout_054): steps=60 success=False
[hybrid-rollout] ep 54 (heldout_055): steps=60 success=False
[hybrid-rollout] ep 55 (heldout_056): steps=4 success=True
[hybrid-rollout] ep 56 (heldout_057): steps=4 success=True
[hybrid-rollout] ep 57 (heldout_058): steps=4 success=True
[hybrid-rollout] ep 58 (heldout_059): steps=5 success=True
[hybrid-rollout] ep 59 (heldout_060): steps=6 success=True
[hybrid-rollout] ep 60 (heldout_061): steps=5 success=True
[hybrid-rollout] ep 61 (heldout_062): steps=6 success=True
[hybrid-rollout] ep 62 (heldout_063): steps=5 success=True
[hybrid-rollout] ep 63 (heldout_064): steps=4 success=True
[hybrid-rollout] ep 64 (heldout_065): steps=60 success=False
[hybrid-rollout] ep 65 (heldout_066): steps=6 success=True
[hybrid-rollout] ep 66 (heldout_067): steps=5 success=True
[hybrid-rollout] ep 67 (heldout_068): steps=4 success=True
[hybrid-rollout] ep 68 (heldout_069): steps=60 success=False
[hybrid-rollout] ep 69 (heldout_070): steps=60 success=False
[hybrid-rollout] ep 70 (heldout_071): steps=5 success=True
[hybrid-rollout] ep 71 (heldout_072): steps=5 success=True
[hybrid-rollout] ep 72 (heldout_073): steps=3 success=False
[hybrid-rollout] ep 73 (heldout_074): steps=4 success=True
[hybrid-rollout] ep 74 (heldout_075): steps=5 success=True
[hybrid-rollout] ep 75 (heldout_076): steps=60 success=False
[hybrid-rollout] ep 76 (heldout_077): steps=4 success=True
[hybrid-rollout] ep 77 (heldout_078): steps=6 success=True
[hybrid-rollout] ep 78 (heldout_079): steps=4 success=True
[hybrid-rollout] ep 79 (heldout_080): steps=4 success=True
[hybrid-rollout] ep 80 (heldout_081): steps=60 success=False
[hybrid-rollout] ep 81 (heldout_082): steps=5 success=True
[hybrid-rollout] ep 82 (heldout_083): steps=6 success=True
[hybrid-rollout] ep 83 (heldout_084): steps=5 success=True
[hybrid-rollout] ep 84 (heldout_085): steps=60 success=False
[hybrid-rollout] ep 85 (heldout_086): steps=6 success=True
[hybrid-rollout] ep 86 (heldout_087): steps=60 success=False
[hybrid-rollout] ep 87 (heldout_088): steps=4 success=True
[hybrid-rollout] ep 88 (heldout_089): steps=3 success=False
[hybrid-rollout] ep 89 (heldout_090): steps=4 success=True
[hybrid-rollout] ep 90 (heldout_091): steps=4 success=False
[hybrid-rollout] ep 91 (heldout_092): steps=60 success=False
[hybrid-rollout] ep 92 (heldout_093): steps=6 success=True
[hybrid-rollout] ep 93 (heldout_094): steps=6 success=True
[hybrid-rollout] ep 94 (heldout_095): steps=7 success=True
[hybrid-rollout] ep 95 (heldout_096): steps=5 success=True
[hybrid-rollout] ep 96 (heldout_097): steps=5 success=True
[hybrid-rollout] ep 97 (heldout_098): steps=60 success=False
[hybrid-rollout] ep 98 (heldout_099): steps=60 success=False
[hybrid-rollout] ep 99 (heldout_100): steps=60 success=False
[hybrid-rollout] ep 100 (heldout_101): steps=4 success=True
[hybrid-rollout] ep 101 (heldout_102): steps=4 success=True
[hybrid-rollout] ep 102 (heldout_103): steps=60 success=False
[hybrid-rollout] ep 103 (heldout_104): steps=6 success=True
[hybrid-rollout] ep 104 (heldout_105): steps=60 success=False
[hybrid-rollout] ep 105 (heldout_106): steps=6 success=True
[hybrid-rollout] ep 106 (heldout_107): steps=4 success=True
[hybrid-rollout] ep 107 (heldout_108): steps=60 success=False
[hybrid-rollout] ep 108 (heldout_109): steps=4 success=True
[hybrid-rollout] ep 109 (heldout_110): steps=60 success=False
[hybrid-rollout] ep 110 (heldout_111): steps=60 success=False
[hybrid-rollout] ep 111 (heldout_112): steps=60 success=False
[hybrid-rollout] ep 112 (heldout_113): steps=5 success=True
[hybrid-rollout] ep 113 (heldout_114): steps=60 success=False
[hybrid-rollout] ep 114 (heldout_115): steps=4 success=True
[hybrid-rollout] ep 115 (heldout_116): steps=5 success=True
[hybrid-rollout] ep 116 (heldout_117): steps=1 success=False
[hybrid-rollout] ep 117 (heldout_118): steps=9 success=True
[hybrid-rollout] ep 118 (heldout_119): steps=60 success=False
[hybrid-rollout] ep 119 (heldout_120): steps=60 success=False
[hybrid-rollout] ep 120 (heldout_121): steps=4 success=True
[hybrid-rollout] ep 121 (heldout_122): steps=4 success=True
[hybrid-rollout] ep 122 (heldout_123): steps=6 success=True
[hybrid-rollout] ep 123 (heldout_124): steps=60 success=False
[hybrid-rollout] ep 124 (heldout_125): steps=60 success=False
[hybrid-rollout] ep 125 (heldout_126): steps=4 success=True
[hybrid-rollout] ep 126 (heldout_127): steps=4 success=False
[hybrid-rollout] ep 127 (heldout_128): steps=7 success=True
[hybrid-rollout] ep 128 (heldout_129): steps=60 success=False
[hybrid-rollout] ep 129 (heldout_130): steps=4 success=True
[hybrid-rollout] ep 130 (heldout_131): steps=60 success=False
[hybrid-rollout] ep 131 (heldout_132): steps=4 success=True
[hybrid-rollout] ep 132 (heldout_133): steps=4 success=True
[hybrid-rollout] ep 133 (heldout_134): steps=60 success=False
[hybrid-rollout] ep 134 (heldout_135): steps=6 success=True
[hybrid-rollout] ep 135 (heldout_136): steps=5 success=True
[hybrid-rollout] ep 136 (heldout_137): steps=60 success=False
[hybrid-rollout] ep 137 (heldout_138): steps=4 success=True
[hybrid-rollout] ep 138 (heldout_139): steps=4 success=True
[hybrid-rollout] ep 139 (heldout_140): steps=5 success=True
[hybrid-rollout] ep 140 (heldout_141): steps=5 success=True
[hybrid-rollout] ep 141 (heldout_142): steps=4 success=True
[hybrid-rollout] ep 142 (heldout_143): steps=8 success=True
[hybrid-rollout] ep 143 (heldout_144): steps=4 success=True
[hybrid-rollout] ep 144 (heldout_145): steps=5 success=True
[hybrid-rollout] ep 145 (heldout_146): steps=7 success=True
[hybrid-rollout] ep 146 (heldout_147): steps=4 success=True
[hybrid-rollout] ep 147 (heldout_148): steps=60 success=False
[hybrid-rollout] ep 148 (heldout_149): steps=5 success=True
[hybrid-rollout] ep 149 (heldout_150): steps=4 success=True
[hybrid-rollout] ep 150 (heldout_151): steps=5 success=True
[hybrid-rollout] ep 151 (heldout_152): steps=1 success=False
[hybrid-rollout] ep 152 (heldout_153): steps=5 success=True
[hybrid-rollout] ep 153 (heldout_154): steps=60 success=False
[hybrid-rollout] ep 154 (heldout_155): steps=60 success=False
[hybrid-rollout] ep 155 (heldout_156): steps=60 success=False
[hybrid-rollout] ep 156 (heldout_157): steps=4 success=True
[hybrid-rollout] ep 157 (heldout_158): steps=6 success=True
[hybrid-rollout] ep 158 (heldout_159): steps=6 success=True
[hybrid-rollout] ep 159 (heldout_160): steps=60 success=False
[hybrid-rollout] ep 160 (heldout_161): steps=5 success=True
[hybrid-rollout] ep 161 (heldout_162): steps=5 success=True
[hybrid-rollout] ep 162 (heldout_163): steps=4 success=True
[hybrid-rollout] ep 163 (heldout_164): steps=4 success=True
[hybrid-rollout] ep 164 (heldout_165): steps=5 success=True
[hybrid-rollout] ep 165 (heldout_166): steps=60 success=False
[hybrid-rollout] ep 166 (heldout_167): steps=60 success=False
[hybrid-rollout] ep 167 (heldout_168): steps=4 success=True
[hybrid-rollout] ep 168 (heldout_169): steps=60 success=False
[hybrid-rollout] ep 169 (heldout_170): steps=6 success=True
[hybrid-rollout] ep 170 (heldout_171): steps=60 success=False
[hybrid-rollout] ep 171 (heldout_172): steps=5 success=True
[hybrid-rollout] ep 172 (heldout_173): steps=4 success=True
[hybrid-rollout] ep 173 (heldout_174): steps=5 success=True
[hybrid-rollout] ep 174 (heldout_175): steps=60 success=False
[hybrid-rollout] ep 175 (heldout_176): steps=6 success=True
[hybrid-rollout] ep 176 (heldout_177): steps=6 success=True
[hybrid-rollout] ep 177 (heldout_178): steps=5 success=True
[hybrid-rollout] ep 178 (heldout_179): steps=5 success=True
[hybrid-rollout] ep 179 (heldout_180): steps=4 success=True
[hybrid-rollout] ep 180 (heldout_181): steps=5 success=True
[hybrid-rollout] ep 181 (heldout_182): steps=4 success=True
[hybrid-rollout] ep 182 (heldout_183): steps=5 success=True
[hybrid-rollout] ep 183 (heldout_184): steps=7 success=True
[hybrid-rollout] ep 184 (heldout_185): steps=60 success=False
[hybrid-rollout] ep 185 (heldout_186): steps=4 success=True
[hybrid-rollout] ep 186 (heldout_187): steps=60 success=False
[hybrid-rollout] ep 187 (heldout_188): steps=60 success=False
[hybrid-rollout] ep 188 (heldout_189): steps=60 success=False
[hybrid-rollout] ep 189 (heldout_190): steps=7 success=True
[hybrid-rollout] ep 190 (heldout_191): steps=4 success=True
[hybrid-rollout] ep 191 (heldout_192): steps=5 success=True
[hybrid-rollout] ep 192 (heldout_193): steps=60 success=False
[hybrid-rollout] ep 193 (heldout_194): steps=6 success=True
[hybrid-rollout] ep 194 (heldout_195): steps=5 success=True
[hybrid-rollout] ep 195 (heldout_196): steps=4 success=True
[hybrid-rollout] ep 196 (heldout_197): steps=5 success=True
[hybrid-rollout] ep 197 (heldout_198): steps=60 success=False
[hybrid-rollout] ep 198 (heldout_199): steps=4 success=True
[hybrid-rollout] ep 199 (heldout_200): steps=4 success=True
[hybrid-rollout] DONE successes=136/200
[19:47:20] [replay_p4] run 6 round 9: extras=9 heldout_sr=0.680
[19:47:20] [replay_p4] $ /home/s226137394/.conda/envs/maze/bin/python3 -u -m Equivariant_pathway.equivariant_CNN_hybrid.baseline_vs_p4.pool_x_selector.trainer.finetune_replay --demo_dir /weka/s226137394/DmNfull/Equivariant_pathway/equivariant_CNN_hybrid/baseline_vs_p4/pool_x_selector/results_hpsweep/e90_lr0.0001_rm0.3_do0/run_6/p4_top3_rotate/demos --checkpoint_dir /weka/s226137394/DmNfull/Equivariant_pathway/equivariant_CNN_hybrid/baseline_vs_p4/pool_x_selector/results_hpsweep/e90_lr0.0001_rm0.3_do0/run_6/p4_top3_rotate/checkpoints --epochs 90 --batch_size 64 --lr 0.0001 --weight_decay 0.0001 --replay_mix 0.3 --replay_mix_floor 0.2 --head_dropout 0.0 --seed 6 --resume --new_demos_dir /weka/s226137394/DmNfull/Equivariant_pathway/equivariant_CNN_hybrid/baseline_vs_p4/pool_x_selector/results_hpsweep/e90_lr0.0001_rm0.3_do0/run_6/p4_top3_rotate/demos/round_010
[finetune_replay] device=cuda demo_dir=/weka/s226137394/DmNfull/Equivariant_pathway/equivariant_CNN_hybrid/baseline_vs_p4/pool_x_selector/results_hpsweep/e90_lr0.0001_rm0.3_do0/run_6/p4_top3_rotate/demos new_demos_dir=/weka/s226137394/DmNfull/Equivariant_pathway/equivariant_CNN_hybrid/baseline_vs_p4/pool_x_selector/results_hpsweep/e90_lr0.0001_rm0.3_do0/run_6/p4_top3_rotate/demos/round_010
[hybrid-dataset] 29 demos -> 153 samples
[hybrid-dataset] 1 demos -> 6 samples
[finetune_replay] sampler audit: {'n_old_samples': 153, 'n_new_samples': 6, 'replay_mix_target': 0.3, 'replay_mix_effective': 0.3, 'replay_mix_floor': 0.2}
[finetune_replay] trainable params: 1,400,028
[finetune_replay] WARM START from last_hybrid_policy.pth
[finetune_replay] ep   1/90 | train loss=0.6500 top1=1.000 | val loss=0.0170 | t=1.0s  *
[finetune_replay] ep   2/90 | train loss=0.0769 top1=1.000 | val loss=0.0809 | t=0.2s
[finetune_replay] ep   3/90 | train loss=0.0223 top1=1.000 | val loss=0.0781 | t=0.1s
[finetune_replay] ep   4/90 | train loss=0.0137 top1=1.000 | val loss=0.0580 | t=0.1s
[finetune_replay] ep   5/90 | train loss=0.0139 top1=1.000 | val loss=0.0387 | t=0.1s
[finetune_replay] ep   6/90 | train loss=0.0063 top1=1.000 | val loss=0.0258 | t=0.1s
[finetune_replay] ep   7/90 | train loss=0.0034 top1=1.000 | val loss=0.0201 | t=0.1s
[finetune_replay] ep   8/90 | train loss=0.0028 top1=1.000 | val loss=0.0168 | t=0.1s  *
[finetune_replay] ep   9/90 | train loss=0.0026 top1=1.000 | val loss=0.0174 | t=0.1s
[finetune_replay] ep  10/90 | train loss=0.0128 top1=1.000 | val loss=0.0166 | t=0.1s  *
[finetune_replay] ep  11/90 | train loss=0.0020 top1=1.000 | val loss=0.0158 | t=0.1s  *
[finetune_replay] ep  12/90 | train loss=0.0014 top1=1.000 | val loss=0.0183 | t=0.1s
[finetune_replay] ep  13/90 | train loss=0.0017 top1=1.000 | val loss=0.0214 | t=0.1s
[finetune_replay] ep  14/90 | train loss=0.0014 top1=1.000 | val loss=0.0208 | t=0.1s
[finetune_replay] ep  15/90 | train loss=0.0012 top1=1.000 | val loss=0.0209 | t=0.1s
[finetune_replay] ep  16/90 | train loss=0.0009 top1=1.000 | val loss=0.0215 | t=0.2s
[finetune_replay] ep  17/90 | train loss=0.0090 top1=1.000 | val loss=0.0179 | t=0.1s
[finetune_replay] ep  18/90 | train loss=0.0017 top1=1.000 | val loss=0.0198 | t=0.1s
[finetune_replay] ep  19/90 | train loss=0.0093 top1=1.000 | val loss=0.0170 | t=0.1s
[finetune_replay] ep  20/90 | train loss=0.0015 top1=1.000 | val loss=0.0212 | t=0.1s
[finetune_replay] ep  21/90 | train loss=0.0012 top1=1.000 | val loss=0.0215 | t=0.1s
[finetune_replay] ep  22/90 | train loss=0.0010 top1=1.000 | val loss=0.0214 | t=0.1s
[finetune_replay] ep  23/90 | train loss=0.0012 top1=1.000 | val loss=0.0218 | t=0.1s
[finetune_replay] ep  24/90 | train loss=0.0012 top1=1.000 | val loss=0.0213 | t=0.1s
[finetune_replay] ep  25/90 | train loss=0.0011 top1=1.000 | val loss=0.0187 | t=0.1s
[finetune_replay] ep  26/90 | train loss=0.0017 top1=1.000 | val loss=0.0192 | t=0.1s
[finetune_replay] ep  27/90 | train loss=0.0015 top1=1.000 | val loss=0.0183 | t=0.1s
[finetune_replay] ep  28/90 | train loss=0.0009 top1=1.000 | val loss=0.0189 | t=0.1s
[finetune_replay] ep  29/90 | train loss=0.0010 top1=1.000 | val loss=0.0182 | t=0.1s
[finetune_replay] ep  30/90 | train loss=0.0008 top1=1.000 | val loss=0.0175 | t=0.1s
[finetune_replay] ep  31/90 | train loss=0.0006 top1=1.000 | val loss=0.0200 | t=0.1s
[finetune_replay] ep  32/90 | train loss=0.0008 top1=1.000 | val loss=0.0208 | t=0.1s
[finetune_replay] ep  33/90 | train loss=0.0013 top1=1.000 | val loss=0.0190 | t=0.1s
[finetune_replay] ep  34/90 | train loss=0.0007 top1=1.000 | val loss=0.0179 | t=0.1s
[finetune_replay] ep  35/90 | train loss=0.0009 top1=1.000 | val loss=0.0177 | t=0.1s
[finetune_replay] ep  36/90 | train loss=0.0006 top1=1.000 | val loss=0.0172 | t=0.1s
[finetune_replay] ep  37/90 | train loss=0.0006 top1=1.000 | val loss=0.0175 | t=0.1s
[finetune_replay] ep  38/90 | train loss=0.0007 top1=1.000 | val loss=0.0191 | t=0.1s
[finetune_replay] ep  39/90 | train loss=0.0006 top1=1.000 | val loss=0.0211 | t=0.1s
[finetune_replay] ep  40/90 | train loss=0.0006 top1=1.000 | val loss=0.0187 | t=0.1s
[finetune_replay] ep  41/90 | train loss=0.0006 top1=1.000 | val loss=0.0168 | t=0.1s
[finetune_replay] ep  42/90 | train loss=0.0005 top1=1.000 | val loss=0.0169 | t=0.1s
[finetune_replay] ep  43/90 | train loss=0.0005 top1=1.000 | val loss=0.0165 | t=0.1s
[finetune_replay] ep  44/90 | train loss=0.0008 top1=1.000 | val loss=0.0155 | t=0.1s  *
[finetune_replay] ep  45/90 | train loss=0.0006 top1=1.000 | val loss=0.0155 | t=0.1s  *
[finetune_replay] ep  46/90 | train loss=0.0005 top1=1.000 | val loss=0.0150 | t=0.1s  *
[finetune_replay] ep  47/90 | train loss=0.0004 top1=1.000 | val loss=0.0143 | t=0.1s  *
[finetune_replay] ep  48/90 | train loss=0.0005 top1=1.000 | val loss=0.0149 | t=0.1s
[finetune_replay] ep  49/90 | train loss=0.0004 top1=1.000 | val loss=0.0154 | t=0.1s
[finetune_replay] ep  50/90 | train loss=0.0005 top1=1.000 | val loss=0.0148 | t=0.1s
[finetune_replay] ep  51/90 | train loss=0.0004 top1=1.000 | val loss=0.0160 | t=0.1s
[finetune_replay] ep  52/90 | train loss=0.0004 top1=1.000 | val loss=0.0153 | t=0.1s
[finetune_replay] ep  53/90 | train loss=0.0004 top1=1.000 | val loss=0.0152 | t=0.1s
[finetune_replay] ep  54/90 | train loss=0.0004 top1=1.000 | val loss=0.0152 | t=0.1s
[finetune_replay] ep  55/90 | train loss=0.0004 top1=1.000 | val loss=0.0165 | t=0.1s
[finetune_replay] ep  56/90 | train loss=0.0005 top1=1.000 | val loss=0.0163 | t=0.1s
[finetune_replay] ep  57/90 | train loss=0.0005 top1=1.000 | val loss=0.0163 | t=0.1s
[finetune_replay] ep  58/90 | train loss=0.0003 top1=1.000 | val loss=0.0169 | t=0.1s
[finetune_replay] ep  59/90 | train loss=0.0004 top1=1.000 | val loss=0.0152 | t=0.1s
[finetune_replay] ep  60/90 | train loss=0.0004 top1=1.000 | val loss=0.0138 | t=0.1s  *
[finetune_replay] ep  61/90 | train loss=0.0004 top1=1.000 | val loss=0.0138 | t=0.1s  *
[finetune_replay] ep  62/90 | train loss=0.0005 top1=1.000 | val loss=0.0127 | t=0.1s  *
[finetune_replay] ep  63/90 | train loss=0.0004 top1=1.000 | val loss=0.0142 | t=0.1s
[finetune_replay] ep  64/90 | train loss=0.0004 top1=1.000 | val loss=0.0144 | t=0.1s
[finetune_replay] ep  65/90 | train loss=0.0004 top1=1.000 | val loss=0.0148 | t=0.1s
[finetune_replay] ep  66/90 | train loss=0.0004 top1=1.000 | val loss=0.0160 | t=0.1s
[finetune_replay] ep  67/90 | train loss=0.0003 top1=1.000 | val loss=0.0171 | t=0.1s
[finetune_replay] ep  68/90 | train loss=0.0005 top1=1.000 | val loss=0.0158 | t=0.1s
[finetune_replay] ep  69/90 | train loss=0.0003 top1=1.000 | val loss=0.0159 | t=0.1s
[finetune_replay] ep  70/90 | train loss=0.0004 top1=1.000 | val loss=0.0160 | t=0.1s
[finetune_replay] ep  71/90 | train loss=0.0003 top1=1.000 | val loss=0.0148 | t=0.1s
[finetune_replay] ep  72/90 | train loss=0.0003 top1=1.000 | val loss=0.0155 | t=0.1s
[finetune_replay] ep  73/90 | train loss=0.0003 top1=1.000 | val loss=0.0154 | t=0.1s
[finetune_replay] ep  74/90 | train loss=0.0004 top1=1.000 | val loss=0.0154 | t=0.1s
[finetune_replay] ep  75/90 | train loss=0.0003 top1=1.000 | val loss=0.0166 | t=0.1s
[finetune_replay] ep  76/90 | train loss=0.0003 top1=1.000 | val loss=0.0173 | t=0.1s
[finetune_replay] ep  77/90 | train loss=0.0003 top1=1.000 | val loss=0.0183 | t=0.1s
[finetune_replay] ep  78/90 | train loss=0.0003 top1=1.000 | val loss=0.0180 | t=0.1s
[finetune_replay] ep  79/90 | train loss=0.0003 top1=1.000 | val loss=0.0174 | t=0.1s
[finetune_replay] ep  80/90 | train loss=0.0003 top1=1.000 | val loss=0.0178 | t=0.1s
[finetune_replay] ep  81/90 | train loss=0.0004 top1=1.000 | val loss=0.0161 | t=0.1s
[finetune_replay] ep  82/90 | train loss=0.0003 top1=1.000 | val loss=0.0155 | t=0.1s
[finetune_replay] ep  83/90 | train loss=0.0004 top1=1.000 | val loss=0.0160 | t=0.1s
[finetune_replay] ep  84/90 | train loss=0.0003 top1=1.000 | val loss=0.0149 | t=0.1s
[finetune_replay] ep  85/90 | train loss=0.0003 top1=1.000 | val loss=0.0163 | t=0.1s
[finetune_replay] ep  86/90 | train loss=0.0003 top1=1.000 | val loss=0.0161 | t=0.1s
[finetune_replay] ep  87/90 | train loss=0.0004 top1=1.000 | val loss=0.0168 | t=0.1s
[finetune_replay] ep  88/90 | train loss=0.0004 top1=1.000 | val loss=0.0153 | t=0.1s
[finetune_replay] ep  89/90 | train loss=0.0004 top1=1.000 | val loss=0.0174 | t=0.1s
[finetune_replay] ep  90/90 | train loss=0.0003 top1=1.000 | val loss=0.0178 | t=0.1s
[finetune_replay] DONE best_val_loss=0.0127 @ epoch 62
[19:47:45] [bo-budget] $ /home/s226137394/.conda/envs/maze/bin/python3 -u -m Equivariant_pathway.equivariant_CNN_hybrid.rollout_test --checkpoint /weka/s226137394/DmNfull/Equivariant_pathway/equivariant_CNN_hybrid/baseline_vs_p4/pool_x_selector/results_hpsweep/e90_lr0.0001_rm0.3_do0/run_6/p4_top3_rotate/checkpoints/best_hybrid_policy.pth --layouts /weka/s226137394/DmNfull/Equivariant_pathway/equivariant_CNN_hybrid/baseline_vs_p4/shared/heldout_layouts.yaml --out_dir /weka/s226137394/DmNfull/Equivariant_pathway/equivariant_CNN_hybrid/baseline_vs_p4/pool_x_selector/results_hpsweep/e90_lr0.0001_rm0.3_do0/run_6/p4_top3_rotate/results/eval_round_010 --seed 16 --max_steps 60
[hybrid-rollout] 200 unique; running 200 eps
[hybrid-rollout] loaded /weka/s226137394/DmNfull/Equivariant_pathway/equivariant_CNN_hybrid/baseline_vs_p4/pool_x_selector/results_hpsweep/e90_lr0.0001_rm0.3_do0/run_6/p4_top3_rotate/checkpoints/best_hybrid_policy.pth
[hybrid-rollout] ep 0 (heldout_001): steps=5 success=True
[hybrid-rollout] ep 1 (heldout_002): steps=4 success=True
[hybrid-rollout] ep 2 (heldout_003): steps=4 success=True
[hybrid-rollout] ep 3 (heldout_004): steps=6 success=True
[hybrid-rollout] ep 4 (heldout_005): steps=5 success=True
[hybrid-rollout] ep 5 (heldout_006): steps=3 success=False
[hybrid-rollout] ep 6 (heldout_007): steps=5 success=True
[hybrid-rollout] ep 7 (heldout_008): steps=4 success=True
[hybrid-rollout] ep 8 (heldout_009): steps=6 success=True
[hybrid-rollout] ep 9 (heldout_010): steps=8 success=True
[hybrid-rollout] ep 10 (heldout_011): steps=4 success=True
[hybrid-rollout] ep 11 (heldout_012): steps=4 success=True
[hybrid-rollout] ep 12 (heldout_013): steps=5 success=True
[hybrid-rollout] ep 13 (heldout_014): steps=5 success=True
[hybrid-rollout] ep 14 (heldout_015): steps=4 success=True
[hybrid-rollout] ep 15 (heldout_016): steps=5 success=True
[hybrid-rollout] ep 16 (heldout_017): steps=4 success=True
[hybrid-rollout] ep 17 (heldout_018): steps=60 success=False
[hybrid-rollout] ep 18 (heldout_019): steps=5 success=True
[hybrid-rollout] ep 19 (heldout_020): steps=5 success=True
[hybrid-rollout] ep 20 (heldout_021): steps=4 success=True
[hybrid-rollout] ep 21 (heldout_022): steps=4 success=True
[hybrid-rollout] ep 22 (heldout_023): steps=7 success=True
[hybrid-rollout] ep 23 (heldout_024): steps=60 success=False
[hybrid-rollout] ep 24 (heldout_025): steps=4 success=True
[hybrid-rollout] ep 25 (heldout_026): steps=4 success=True
[hybrid-rollout] ep 26 (heldout_027): steps=4 success=True
[hybrid-rollout] ep 27 (heldout_028): steps=4 success=True
[hybrid-rollout] ep 28 (heldout_029): steps=7 success=True
[hybrid-rollout] ep 29 (heldout_030): steps=3 success=False
[hybrid-rollout] ep 30 (heldout_031): steps=5 success=True
[hybrid-rollout] ep 31 (heldout_032): steps=7 success=True
[hybrid-rollout] ep 32 (heldout_033): steps=4 success=True
[hybrid-rollout] ep 33 (heldout_034): steps=5 success=True
[hybrid-rollout] ep 34 (heldout_035): steps=6 success=True
[hybrid-rollout] ep 35 (heldout_036): steps=5 success=True
[hybrid-rollout] ep 36 (heldout_037): steps=4 success=True
[hybrid-rollout] ep 37 (heldout_038): steps=5 success=True
[hybrid-rollout] ep 38 (heldout_039): steps=6 success=True
[hybrid-rollout] ep 39 (heldout_040): steps=5 success=True
[hybrid-rollout] ep 40 (heldout_041): steps=60 success=False
[hybrid-rollout] ep 41 (heldout_042): steps=60 success=False
[hybrid-rollout] ep 42 (heldout_043): steps=4 success=True
[hybrid-rollout] ep 43 (heldout_044): steps=5 success=True
[hybrid-rollout] ep 44 (heldout_045): steps=5 success=True
[hybrid-rollout] ep 45 (heldout_046): steps=4 success=True
[hybrid-rollout] ep 46 (heldout_047): steps=60 success=False
[hybrid-rollout] ep 47 (heldout_048): steps=6 success=True
[hybrid-rollout] ep 48 (heldout_049): steps=5 success=True
[hybrid-rollout] ep 49 (heldout_050): steps=4 success=True
[hybrid-rollout] ep 50 (heldout_051): steps=4 success=True
[hybrid-rollout] ep 51 (heldout_052): steps=4 success=True
[hybrid-rollout] ep 52 (heldout_053): steps=6 success=True
[hybrid-rollout] ep 53 (heldout_054): steps=4 success=True
[hybrid-rollout] ep 54 (heldout_055): steps=60 success=False
[hybrid-rollout] ep 55 (heldout_056): steps=4 success=True
[hybrid-rollout] ep 56 (heldout_057): steps=4 success=True
[hybrid-rollout] ep 57 (heldout_058): steps=4 success=True
[hybrid-rollout] ep 58 (heldout_059): steps=5 success=True
[hybrid-rollout] ep 59 (heldout_060): steps=6 success=True
[hybrid-rollout] ep 60 (heldout_061): steps=5 success=True
[hybrid-rollout] ep 61 (heldout_062): steps=6 success=True
[hybrid-rollout] ep 62 (heldout_063): steps=5 success=True
[hybrid-rollout] ep 63 (heldout_064): steps=4 success=True
[hybrid-rollout] ep 64 (heldout_065): steps=7 success=True
[hybrid-rollout] ep 65 (heldout_066): steps=6 success=True
[hybrid-rollout] ep 66 (heldout_067): steps=5 success=True
[hybrid-rollout] ep 67 (heldout_068): steps=4 success=True
[hybrid-rollout] ep 68 (heldout_069): steps=4 success=True
[hybrid-rollout] ep 69 (heldout_070): steps=7 success=True
[hybrid-rollout] ep 70 (heldout_071): steps=5 success=True
[hybrid-rollout] ep 71 (heldout_072): steps=5 success=True
[hybrid-rollout] ep 72 (heldout_073): steps=3 success=False
[hybrid-rollout] ep 73 (heldout_074): steps=4 success=True
[hybrid-rollout] ep 74 (heldout_075): steps=5 success=True
[hybrid-rollout] ep 75 (heldout_076): steps=7 success=True
[hybrid-rollout] ep 76 (heldout_077): steps=4 success=True
[hybrid-rollout] ep 77 (heldout_078): steps=6 success=True
[hybrid-rollout] ep 78 (heldout_079): steps=4 success=True
[hybrid-rollout] ep 79 (heldout_080): steps=4 success=True
[hybrid-rollout] ep 80 (heldout_081): steps=5 success=True
[hybrid-rollout] ep 81 (heldout_082): steps=5 success=True
[hybrid-rollout] ep 82 (heldout_083): steps=4 success=True
[hybrid-rollout] ep 83 (heldout_084): steps=5 success=True
[hybrid-rollout] ep 84 (heldout_085): steps=60 success=False
[hybrid-rollout] ep 85 (heldout_086): steps=6 success=True
[hybrid-rollout] ep 86 (heldout_087): steps=7 success=True
[hybrid-rollout] ep 87 (heldout_088): steps=4 success=True
[hybrid-rollout] ep 88 (heldout_089): steps=3 success=False
[hybrid-rollout] ep 89 (heldout_090): steps=4 success=True
[hybrid-rollout] ep 90 (heldout_091): steps=4 success=False
[hybrid-rollout] ep 91 (heldout_092): steps=5 success=True
[hybrid-rollout] ep 92 (heldout_093): steps=6 success=True
[hybrid-rollout] ep 93 (heldout_094): steps=6 success=True
[hybrid-rollout] ep 94 (heldout_095): steps=7 success=True
[hybrid-rollout] ep 95 (heldout_096): steps=5 success=True
[hybrid-rollout] ep 96 (heldout_097): steps=5 success=True
[hybrid-rollout] ep 97 (heldout_098): steps=5 success=True
[hybrid-rollout] ep 98 (heldout_099): steps=60 success=False
[hybrid-rollout] ep 99 (heldout_100): steps=60 success=False
[hybrid-rollout] ep 100 (heldout_101): steps=4 success=True
[hybrid-rollout] ep 101 (heldout_102): steps=4 success=True
[hybrid-rollout] ep 102 (heldout_103): steps=60 success=False
[hybrid-rollout] ep 103 (heldout_104): steps=6 success=True
[hybrid-rollout] ep 104 (heldout_105): steps=6 success=True
[hybrid-rollout] ep 105 (heldout_106): steps=6 success=True
[hybrid-rollout] ep 106 (heldout_107): steps=3 success=False
[hybrid-rollout] ep 107 (heldout_108): steps=4 success=True
[hybrid-rollout] ep 108 (heldout_109): steps=4 success=True
[hybrid-rollout] ep 109 (heldout_110): steps=4 success=True
[hybrid-rollout] ep 110 (heldout_111): steps=60 success=False
[hybrid-rollout] ep 111 (heldout_112): steps=5 success=True
[hybrid-rollout] ep 112 (heldout_113): steps=5 success=True
[hybrid-rollout] ep 113 (heldout_114): steps=60 success=False
[hybrid-rollout] ep 114 (heldout_115): steps=4 success=True
[hybrid-rollout] ep 115 (heldout_116): steps=5 success=True
[hybrid-rollout] ep 116 (heldout_117): steps=5 success=True
[hybrid-rollout] ep 117 (heldout_118): steps=9 success=True
[hybrid-rollout] ep 118 (heldout_119): steps=4 success=True
[hybrid-rollout] ep 119 (heldout_120): steps=7 success=True
[hybrid-rollout] ep 120 (heldout_121): steps=4 success=True
[hybrid-rollout] ep 121 (heldout_122): steps=4 success=True
[hybrid-rollout] ep 122 (heldout_123): steps=6 success=True
[hybrid-rollout] ep 123 (heldout_124): steps=60 success=False
[hybrid-rollout] ep 124 (heldout_125): steps=4 success=True
[hybrid-rollout] ep 125 (heldout_126): steps=4 success=True
[hybrid-rollout] ep 126 (heldout_127): steps=60 success=False
[hybrid-rollout] ep 127 (heldout_128): steps=7 success=True
[hybrid-rollout] ep 128 (heldout_129): steps=60 success=False
[hybrid-rollout] ep 129 (heldout_130): steps=4 success=True
[hybrid-rollout] ep 130 (heldout_131): steps=60 success=False
[hybrid-rollout] ep 131 (heldout_132): steps=4 success=True
[hybrid-rollout] ep 132 (heldout_133): steps=4 success=True
[hybrid-rollout] ep 133 (heldout_134): steps=60 success=False
[hybrid-rollout] ep 134 (heldout_135): steps=6 success=True
[hybrid-rollout] ep 135 (heldout_136): steps=5 success=True
[hybrid-rollout] ep 136 (heldout_137): steps=5 success=True
[hybrid-rollout] ep 137 (heldout_138): steps=4 success=True
[hybrid-rollout] ep 138 (heldout_139): steps=4 success=True
[hybrid-rollout] ep 139 (heldout_140): steps=5 success=True
[hybrid-rollout] ep 140 (heldout_141): steps=5 success=True
[hybrid-rollout] ep 141 (heldout_142): steps=4 success=True
[hybrid-rollout] ep 142 (heldout_143): steps=8 success=True
[hybrid-rollout] ep 143 (heldout_144): steps=4 success=True
[hybrid-rollout] ep 144 (heldout_145): steps=5 success=True
[hybrid-rollout] ep 145 (heldout_146): steps=7 success=True
[hybrid-rollout] ep 146 (heldout_147): steps=4 success=True
[hybrid-rollout] ep 147 (heldout_148): steps=60 success=False
[hybrid-rollout] ep 148 (heldout_149): steps=5 success=True
[hybrid-rollout] ep 149 (heldout_150): steps=4 success=True
[hybrid-rollout] ep 150 (heldout_151): steps=5 success=True
[hybrid-rollout] ep 151 (heldout_152): steps=6 success=True
[hybrid-rollout] ep 152 (heldout_153): steps=5 success=True
[hybrid-rollout] ep 153 (heldout_154): steps=60 success=False
[hybrid-rollout] ep 154 (heldout_155): steps=6 success=True
[hybrid-rollout] ep 155 (heldout_156): steps=4 success=False
[hybrid-rollout] ep 156 (heldout_157): steps=4 success=True
[hybrid-rollout] ep 157 (heldout_158): steps=3 success=False
[hybrid-rollout] ep 158 (heldout_159): steps=6 success=True
[hybrid-rollout] ep 159 (heldout_160): steps=60 success=False
[hybrid-rollout] ep 160 (heldout_161): steps=60 success=False
[hybrid-rollout] ep 161 (heldout_162): steps=5 success=True
[hybrid-rollout] ep 162 (heldout_163): steps=4 success=True
[hybrid-rollout] ep 163 (heldout_164): steps=4 success=True
[hybrid-rollout] ep 164 (heldout_165): steps=5 success=True
[hybrid-rollout] ep 165 (heldout_166): steps=60 success=False
[hybrid-rollout] ep 166 (heldout_167): steps=4 success=True
[hybrid-rollout] ep 167 (heldout_168): steps=4 success=True
[hybrid-rollout] ep 168 (heldout_169): steps=6 success=True
[hybrid-rollout] ep 169 (heldout_170): steps=5 success=False
[hybrid-rollout] ep 170 (heldout_171): steps=4 success=True
[hybrid-rollout] ep 171 (heldout_172): steps=5 success=True
[hybrid-rollout] ep 172 (heldout_173): steps=4 success=True
[hybrid-rollout] ep 173 (heldout_174): steps=5 success=True
[hybrid-rollout] ep 174 (heldout_175): steps=5 success=True
[hybrid-rollout] ep 175 (heldout_176): steps=6 success=True
[hybrid-rollout] ep 176 (heldout_177): steps=6 success=True
[hybrid-rollout] ep 177 (heldout_178): steps=5 success=True
[hybrid-rollout] ep 178 (heldout_179): steps=5 success=True
[hybrid-rollout] ep 179 (heldout_180): steps=4 success=True
[hybrid-rollout] ep 180 (heldout_181): steps=5 success=True
[hybrid-rollout] ep 181 (heldout_182): steps=4 success=True
[hybrid-rollout] ep 182 (heldout_183): steps=5 success=True
[hybrid-rollout] ep 183 (heldout_184): steps=7 success=True
[hybrid-rollout] ep 184 (heldout_185): steps=5 success=True
[hybrid-rollout] ep 185 (heldout_186): steps=4 success=True
[hybrid-rollout] ep 186 (heldout_187): steps=5 success=True
[hybrid-rollout] ep 187 (heldout_188): steps=5 success=True
[hybrid-rollout] ep 188 (heldout_189): steps=60 success=False
[hybrid-rollout] ep 189 (heldout_190): steps=7 success=True
[hybrid-rollout] ep 190 (heldout_191): steps=4 success=True
[hybrid-rollout] ep 191 (heldout_192): steps=5 success=True
[hybrid-rollout] ep 192 (heldout_193): steps=60 success=False
[hybrid-rollout] ep 193 (heldout_194): steps=6 success=True
[hybrid-rollout] ep 194 (heldout_195): steps=5 success=True
[hybrid-rollout] ep 195 (heldout_196): steps=4 success=True
[hybrid-rollout] ep 196 (heldout_197): steps=5 success=True
[hybrid-rollout] ep 197 (heldout_198): steps=4 success=True
[hybrid-rollout] ep 198 (heldout_199): steps=4 success=True
[hybrid-rollout] ep 199 (heldout_200): steps=4 success=True
[hybrid-rollout] DONE successes=167/200
[19:48:57] [replay_p4] run 6 round 10: extras=10 heldout_sr=0.835
[19:48:57] [replay_p4] $ /home/s226137394/.conda/envs/maze/bin/python3 -u -m Equivariant_pathway.equivariant_CNN_hybrid.baseline_vs_p4.pool_x_selector.trainer.finetune_replay --demo_dir /weka/s226137394/DmNfull/Equivariant_pathway/equivariant_CNN_hybrid/baseline_vs_p4/pool_x_selector/results_hpsweep/e90_lr0.0001_rm0.3_do0/run_6/p4_top3_rotate/demos --checkpoint_dir /weka/s226137394/DmNfull/Equivariant_pathway/equivariant_CNN_hybrid/baseline_vs_p4/pool_x_selector/results_hpsweep/e90_lr0.0001_rm0.3_do0/run_6/p4_top3_rotate/checkpoints --epochs 90 --batch_size 64 --lr 0.0001 --weight_decay 0.0001 --replay_mix 0.3 --replay_mix_floor 0.2 --head_dropout 0.0 --seed 6 --resume --new_demos_dir /weka/s226137394/DmNfull/Equivariant_pathway/equivariant_CNN_hybrid/baseline_vs_p4/pool_x_selector/results_hpsweep/e90_lr0.0001_rm0.3_do0/run_6/p4_top3_rotate/demos/round_011
[finetune_replay] device=cuda demo_dir=/weka/s226137394/DmNfull/Equivariant_pathway/equivariant_CNN_hybrid/baseline_vs_p4/pool_x_selector/results_hpsweep/e90_lr0.0001_rm0.3_do0/run_6/p4_top3_rotate/demos new_demos_dir=/weka/s226137394/DmNfull/Equivariant_pathway/equivariant_CNN_hybrid/baseline_vs_p4/pool_x_selector/results_hpsweep/e90_lr0.0001_rm0.3_do0/run_6/p4_top3_rotate/demos/round_011
[hybrid-dataset] 30 demos -> 159 samples
[hybrid-dataset] 1 demos -> 6 samples
[finetune_replay] sampler audit: {'n_old_samples': 159, 'n_new_samples': 6, 'replay_mix_target': 0.3, 'replay_mix_effective': 0.3, 'replay_mix_floor': 0.2}
[finetune_replay] trainable params: 1,400,028
[finetune_replay] WARM START from last_hybrid_policy.pth
[finetune_replay] ep   1/90 | train loss=0.3702 top1=0.987 | val loss=0.0087 | t=1.0s  *
[finetune_replay] ep   2/90 | train loss=0.5503 top1=0.698 | val loss=0.0380 | t=0.3s
[finetune_replay] ep   3/90 | train loss=0.0539 top1=1.000 | val loss=0.0657 | t=0.4s
[finetune_replay] ep   4/90 | train loss=0.0171 top1=1.000 | val loss=0.0129 | t=0.4s
[finetune_replay] ep   5/90 | train loss=0.0119 top1=1.000 | val loss=0.0107 | t=0.2s
[finetune_replay] ep   6/90 | train loss=0.0032 top1=1.000 | val loss=0.0104 | t=0.2s
[finetune_replay] ep   7/90 | train loss=0.0025 top1=1.000 | val loss=0.0208 | t=0.3s
[finetune_replay] ep   8/90 | train loss=0.0011 top1=1.000 | val loss=0.0457 | t=0.2s
[finetune_replay] ep   9/90 | train loss=0.0029 top1=1.000 | val loss=0.0432 | t=0.1s
[finetune_replay] ep  10/90 | train loss=0.0010 top1=1.000 | val loss=0.0211 | t=0.2s
[finetune_replay] ep  11/90 | train loss=0.0011 top1=1.000 | val loss=0.0160 | t=0.2s
[finetune_replay] ep  12/90 | train loss=0.0013 top1=1.000 | val loss=0.0110 | t=0.2s
[finetune_replay] ep  13/90 | train loss=0.0007 top1=1.000 | val loss=0.0088 | t=0.2s
[finetune_replay] ep  14/90 | train loss=0.0011 top1=1.000 | val loss=0.0218 | t=0.2s
[finetune_replay] ep  15/90 | train loss=0.0006 top1=1.000 | val loss=0.0282 | t=0.1s
[finetune_replay] ep  16/90 | train loss=0.0005 top1=1.000 | val loss=0.0181 | t=0.2s
[finetune_replay] ep  17/90 | train loss=0.0007 top1=1.000 | val loss=0.0154 | t=0.1s
[finetune_replay] ep  18/90 | train loss=0.0005 top1=1.000 | val loss=0.0130 | t=0.1s
[finetune_replay] ep  19/90 | train loss=0.0004 top1=1.000 | val loss=0.0146 | t=0.1s
[finetune_replay] ep  20/90 | train loss=0.0006 top1=1.000 | val loss=0.0207 | t=0.1s
[finetune_replay] ep  21/90 | train loss=0.0004 top1=1.000 | val loss=0.0159 | t=0.2s
[finetune_replay] ep  22/90 | train loss=0.0003 top1=1.000 | val loss=0.0155 | t=0.1s
[finetune_replay] ep  23/90 | train loss=0.0004 top1=1.000 | val loss=0.0153 | t=0.1s
[finetune_replay] ep  24/90 | train loss=0.0005 top1=1.000 | val loss=0.0222 | t=0.1s
[finetune_replay] ep  25/90 | train loss=0.0004 top1=1.000 | val loss=0.0257 | t=0.1s
[finetune_replay] ep  26/90 | train loss=0.0003 top1=1.000 | val loss=0.0222 | t=0.1s
[finetune_replay] ep  27/90 | train loss=0.0003 top1=1.000 | val loss=0.0178 | t=0.1s
[finetune_replay] ep  28/90 | train loss=0.0003 top1=1.000 | val loss=0.0145 | t=0.2s
[finetune_replay] ep  29/90 | train loss=0.0003 top1=1.000 | val loss=0.0136 | t=0.1s
[finetune_replay] ep  30/90 | train loss=0.0003 top1=1.000 | val loss=0.0149 | t=0.1s
[finetune_replay] ep  31/90 | train loss=0.0002 top1=1.000 | val loss=0.0213 | t=0.1s
[finetune_replay] ep  32/90 | train loss=0.0003 top1=1.000 | val loss=0.0213 | t=0.1s
[finetune_replay] ep  33/90 | train loss=0.0002 top1=1.000 | val loss=0.0197 | t=0.1s
[finetune_replay] ep  34/90 | train loss=0.0002 top1=1.000 | val loss=0.0176 | t=0.2s
[finetune_replay] ep  35/90 | train loss=0.0003 top1=1.000 | val loss=0.0156 | t=0.1s
[finetune_replay] ep  36/90 | train loss=0.0002 top1=1.000 | val loss=0.0182 | t=0.1s
[finetune_replay] ep  37/90 | train loss=0.0002 top1=1.000 | val loss=0.0229 | t=0.1s
[finetune_replay] ep  38/90 | train loss=0.0002 top1=1.000 | val loss=0.0264 | t=0.1s
[finetune_replay] ep  39/90 | train loss=0.0003 top1=1.000 | val loss=0.0233 | t=0.1s
[finetune_replay] ep  40/90 | train loss=0.0002 top1=1.000 | val loss=0.0202 | t=0.2s
[finetune_replay] ep  41/90 | train loss=0.0002 top1=1.000 | val loss=0.0180 | t=0.1s
[finetune_replay] ep  42/90 | train loss=0.0002 top1=1.000 | val loss=0.0156 | t=0.1s
[finetune_replay] ep  43/90 | train loss=0.0003 top1=1.000 | val loss=0.0129 | t=0.1s
[finetune_replay] ep  44/90 | train loss=0.0002 top1=1.000 | val loss=0.0129 | t=0.1s
[finetune_replay] ep  45/90 | train loss=0.0002 top1=1.000 | val loss=0.0136 | t=0.1s
[finetune_replay] ep  46/90 | train loss=0.0002 top1=1.000 | val loss=0.0126 | t=0.1s
[finetune_replay] ep  47/90 | train loss=0.0002 top1=1.000 | val loss=0.0125 | t=0.1s
[finetune_replay] ep  48/90 | train loss=0.0003 top1=1.000 | val loss=0.0151 | t=0.1s
[finetune_replay] ep  49/90 | train loss=0.0002 top1=1.000 | val loss=0.0202 | t=0.1s
[finetune_replay] ep  50/90 | train loss=0.0002 top1=1.000 | val loss=0.0217 | t=0.1s
[finetune_replay] ep  51/90 | train loss=0.0002 top1=1.000 | val loss=0.0219 | t=0.1s
[finetune_replay] ep  52/90 | train loss=0.0002 top1=1.000 | val loss=0.0205 | t=0.1s
[finetune_replay] ep  53/90 | train loss=0.0002 top1=1.000 | val loss=0.0204 | t=0.1s
[finetune_replay] ep  54/90 | train loss=0.0002 top1=1.000 | val loss=0.0195 | t=0.1s
[finetune_replay] ep  55/90 | train loss=0.0002 top1=1.000 | val loss=0.0188 | t=0.1s
[finetune_replay] ep  56/90 | train loss=0.0002 top1=1.000 | val loss=0.0185 | t=0.1s
[finetune_replay] ep  57/90 | train loss=0.0002 top1=1.000 | val loss=0.0183 | t=0.1s
[finetune_replay] ep  58/90 | train loss=0.0002 top1=1.000 | val loss=0.0184 | t=0.2s
[finetune_replay] ep  59/90 | train loss=0.0002 top1=1.000 | val loss=0.0194 | t=0.1s
[finetune_replay] ep  60/90 | train loss=0.0002 top1=1.000 | val loss=0.0190 | t=0.1s
[finetune_replay] ep  61/90 | train loss=0.0002 top1=1.000 | val loss=0.0172 | t=0.1s
[finetune_replay] ep  62/90 | train loss=0.0002 top1=1.000 | val loss=0.0178 | t=0.1s
[finetune_replay] ep  63/90 | train loss=0.0002 top1=1.000 | val loss=0.0217 | t=0.1s
[finetune_replay] ep  64/90 | train loss=0.0002 top1=1.000 | val loss=0.0220 | t=0.1s
[finetune_replay] ep  65/90 | train loss=0.0002 top1=1.000 | val loss=0.0203 | t=0.1s
[finetune_replay] ep  66/90 | train loss=0.0002 top1=1.000 | val loss=0.0190 | t=0.1s
[finetune_replay] ep  67/90 | train loss=0.0002 top1=1.000 | val loss=0.0177 | t=0.1s
[finetune_replay] ep  68/90 | train loss=0.0002 top1=1.000 | val loss=0.0161 | t=0.1s
[finetune_replay] ep  69/90 | train loss=0.0001 top1=1.000 | val loss=0.0149 | t=0.1s
[finetune_replay] ep  70/90 | train loss=0.0002 top1=1.000 | val loss=0.0146 | t=0.1s
[finetune_replay] ep  71/90 | train loss=0.0002 top1=1.000 | val loss=0.0147 | t=0.1s
[finetune_replay] ep  72/90 | train loss=0.0002 top1=1.000 | val loss=0.0151 | t=0.1s
[finetune_replay] ep  73/90 | train loss=0.0002 top1=1.000 | val loss=0.0157 | t=0.1s
[finetune_replay] ep  74/90 | train loss=0.0001 top1=1.000 | val loss=0.0158 | t=0.1s
[finetune_replay] ep  75/90 | train loss=0.0002 top1=1.000 | val loss=0.0159 | t=0.1s
[finetune_replay] ep  76/90 | train loss=0.0001 top1=1.000 | val loss=0.0157 | t=0.1s
[finetune_replay] ep  77/90 | train loss=0.0002 top1=1.000 | val loss=0.0157 | t=0.2s
[finetune_replay] ep  78/90 | train loss=0.0002 top1=1.000 | val loss=0.0159 | t=0.1s
[finetune_replay] ep  79/90 | train loss=0.0001 top1=1.000 | val loss=0.0161 | t=0.1s
[finetune_replay] ep  80/90 | train loss=0.0002 top1=1.000 | val loss=0.0163 | t=0.1s
[finetune_replay] ep  81/90 | train loss=0.0002 top1=1.000 | val loss=0.0164 | t=0.1s
[finetune_replay] ep  82/90 | train loss=0.0002 top1=1.000 | val loss=0.0166 | t=0.1s
[finetune_replay] ep  83/90 | train loss=0.0001 top1=1.000 | val loss=0.0168 | t=0.1s
[finetune_replay] ep  84/90 | train loss=0.0002 top1=1.000 | val loss=0.0169 | t=0.1s
[finetune_replay] ep  85/90 | train loss=0.0001 top1=1.000 | val loss=0.0170 | t=0.1s
[finetune_replay] ep  86/90 | train loss=0.0001 top1=1.000 | val loss=0.0168 | t=0.1s
[finetune_replay] ep  87/90 | train loss=0.0001 top1=1.000 | val loss=0.0171 | t=0.1s
[finetune_replay] ep  88/90 | train loss=0.0002 top1=1.000 | val loss=0.0169 | t=0.1s
[finetune_replay] ep  89/90 | train loss=0.0002 top1=1.000 | val loss=0.0169 | t=0.1s
[finetune_replay] ep  90/90 | train loss=0.0002 top1=1.000 | val loss=0.0170 | t=0.1s
[finetune_replay] DONE best_val_loss=0.0087 @ epoch 1
[19:49:26] [bo-budget] $ /home/s226137394/.conda/envs/maze/bin/python3 -u -m Equivariant_pathway.equivariant_CNN_hybrid.rollout_test --checkpoint /weka/s226137394/DmNfull/Equivariant_pathway/equivariant_CNN_hybrid/baseline_vs_p4/pool_x_selector/results_hpsweep/e90_lr0.0001_rm0.3_do0/run_6/p4_top3_rotate/checkpoints/best_hybrid_policy.pth --layouts /weka/s226137394/DmNfull/Equivariant_pathway/equivariant_CNN_hybrid/baseline_vs_p4/shared/heldout_layouts.yaml --out_dir /weka/s226137394/DmNfull/Equivariant_pathway/equivariant_CNN_hybrid/baseline_vs_p4/pool_x_selector/results_hpsweep/e90_lr0.0001_rm0.3_do0/run_6/p4_top3_rotate/results/eval_round_011 --seed 17 --max_steps 60
[hybrid-rollout] 200 unique; running 200 eps
[hybrid-rollout] loaded /weka/s226137394/DmNfull/Equivariant_pathway/equivariant_CNN_hybrid/baseline_vs_p4/pool_x_selector/results_hpsweep/e90_lr0.0001_rm0.3_do0/run_6/p4_top3_rotate/checkpoints/best_hybrid_policy.pth
[hybrid-rollout] ep 0 (heldout_001): steps=5 success=True
[hybrid-rollout] ep 1 (heldout_002): steps=60 success=False
[hybrid-rollout] ep 2 (heldout_003): steps=4 success=False
[hybrid-rollout] ep 3 (heldout_004): steps=60 success=False
[hybrid-rollout] ep 4 (heldout_005): steps=5 success=True
[hybrid-rollout] ep 5 (heldout_006): steps=6 success=True
[hybrid-rollout] ep 6 (heldout_007): steps=5 success=True
[hybrid-rollout] ep 7 (heldout_008): steps=4 success=True
[hybrid-rollout] ep 8 (heldout_009): steps=60 success=False
[hybrid-rollout] ep 9 (heldout_010): steps=60 success=False
[hybrid-rollout] ep 10 (heldout_011): steps=4 success=True
[hybrid-rollout] ep 11 (heldout_012): steps=4 success=True
[hybrid-rollout] ep 12 (heldout_013): steps=60 success=False
[hybrid-rollout] ep 13 (heldout_014): steps=5 success=True
[hybrid-rollout] ep 14 (heldout_015): steps=4 success=True
[hybrid-rollout] ep 15 (heldout_016): steps=5 success=True
[hybrid-rollout] ep 16 (heldout_017): steps=60 success=False
[hybrid-rollout] ep 17 (heldout_018): steps=60 success=False
[hybrid-rollout] ep 18 (heldout_019): steps=60 success=False
[hybrid-rollout] ep 19 (heldout_020): steps=5 success=True
[hybrid-rollout] ep 20 (heldout_021): steps=4 success=True
[hybrid-rollout] ep 21 (heldout_022): steps=4 success=True
[hybrid-rollout] ep 22 (heldout_023): steps=60 success=False
[hybrid-rollout] ep 23 (heldout_024): steps=60 success=False
[hybrid-rollout] ep 24 (heldout_025): steps=4 success=True
[hybrid-rollout] ep 25 (heldout_026): steps=4 success=True
[hybrid-rollout] ep 26 (heldout_027): steps=4 success=True
[hybrid-rollout] ep 27 (heldout_028): steps=4 success=True
[hybrid-rollout] ep 28 (heldout_029): steps=60 success=False
[hybrid-rollout] ep 29 (heldout_030): steps=60 success=False
[hybrid-rollout] ep 30 (heldout_031): steps=5 success=True
[hybrid-rollout] ep 31 (heldout_032): steps=7 success=True
[hybrid-rollout] ep 32 (heldout_033): steps=4 success=True
[hybrid-rollout] ep 33 (heldout_034): steps=5 success=True
[hybrid-rollout] ep 34 (heldout_035): steps=60 success=False
[hybrid-rollout] ep 35 (heldout_036): steps=5 success=True
[hybrid-rollout] ep 36 (heldout_037): steps=4 success=True
[hybrid-rollout] ep 37 (heldout_038): steps=5 success=True
[hybrid-rollout] ep 38 (heldout_039): steps=6 success=True
[hybrid-rollout] ep 39 (heldout_040): steps=5 success=True
[hybrid-rollout] ep 40 (heldout_041): steps=60 success=False
[hybrid-rollout] ep 41 (heldout_042): steps=4 success=True
[hybrid-rollout] ep 42 (heldout_043): steps=4 success=True
[hybrid-rollout] ep 43 (heldout_044): steps=5 success=True
[hybrid-rollout] ep 44 (heldout_045): steps=5 success=True
[hybrid-rollout] ep 45 (heldout_046): steps=60 success=False
[hybrid-rollout] ep 46 (heldout_047): steps=60 success=False
[hybrid-rollout] ep 47 (heldout_048): steps=6 success=True
[hybrid-rollout] ep 48 (heldout_049): steps=60 success=False
[hybrid-rollout] ep 49 (heldout_050): steps=4 success=True
[hybrid-rollout] ep 50 (heldout_051): steps=4 success=True
[hybrid-rollout] ep 51 (heldout_052): steps=4 success=True
[hybrid-rollout] ep 52 (heldout_053): steps=3 success=False
[hybrid-rollout] ep 53 (heldout_054): steps=60 success=False
[hybrid-rollout] ep 54 (heldout_055): steps=60 success=False
[hybrid-rollout] ep 55 (heldout_056): steps=4 success=True
[hybrid-rollout] ep 56 (heldout_057): steps=2 success=False
[hybrid-rollout] ep 57 (heldout_058): steps=60 success=False
[hybrid-rollout] ep 58 (heldout_059): steps=5 success=True
[hybrid-rollout] ep 59 (heldout_060): steps=6 success=True
[hybrid-rollout] ep 60 (heldout_061): steps=5 success=True
[hybrid-rollout] ep 61 (heldout_062): steps=6 success=True
[hybrid-rollout] ep 62 (heldout_063): steps=5 success=True
[hybrid-rollout] ep 63 (heldout_064): steps=4 success=True
[hybrid-rollout] ep 64 (heldout_065): steps=7 success=True
[hybrid-rollout] ep 65 (heldout_066): steps=6 success=True
[hybrid-rollout] ep 66 (heldout_067): steps=5 success=True
[hybrid-rollout] ep 67 (heldout_068): steps=4 success=True
[hybrid-rollout] ep 68 (heldout_069): steps=4 success=True
[hybrid-rollout] ep 69 (heldout_070): steps=60 success=False
[hybrid-rollout] ep 70 (heldout_071): steps=5 success=True
[hybrid-rollout] ep 71 (heldout_072): steps=5 success=True
[hybrid-rollout] ep 72 (heldout_073): steps=3 success=False
[hybrid-rollout] ep 73 (heldout_074): steps=4 success=True
[hybrid-rollout] ep 74 (heldout_075): steps=5 success=True
[hybrid-rollout] ep 75 (heldout_076): steps=60 success=False
[hybrid-rollout] ep 76 (heldout_077): steps=60 success=False
[hybrid-rollout] ep 77 (heldout_078): steps=6 success=True
[hybrid-rollout] ep 78 (heldout_079): steps=4 success=True
[hybrid-rollout] ep 79 (heldout_080): steps=4 success=True
[hybrid-rollout] ep 80 (heldout_081): steps=60 success=False
[hybrid-rollout] ep 81 (heldout_082): steps=5 success=True
[hybrid-rollout] ep 82 (heldout_083): steps=6 success=True
[hybrid-rollout] ep 83 (heldout_084): steps=5 success=True
[hybrid-rollout] ep 84 (heldout_085): steps=60 success=False
[hybrid-rollout] ep 85 (heldout_086): steps=60 success=False
[hybrid-rollout] ep 86 (heldout_087): steps=5 success=True
[hybrid-rollout] ep 87 (heldout_088): steps=4 success=True
[hybrid-rollout] ep 88 (heldout_089): steps=3 success=False
[hybrid-rollout] ep 89 (heldout_090): steps=3 success=False
[hybrid-rollout] ep 90 (heldout_091): steps=7 success=True
[hybrid-rollout] ep 91 (heldout_092): steps=60 success=False
[hybrid-rollout] ep 92 (heldout_093): steps=6 success=True
[hybrid-rollout] ep 93 (heldout_094): steps=6 success=True
[hybrid-rollout] ep 94 (heldout_095): steps=7 success=True
[hybrid-rollout] ep 95 (heldout_096): steps=60 success=False
[hybrid-rollout] ep 96 (heldout_097): steps=5 success=True
[hybrid-rollout] ep 97 (heldout_098): steps=60 success=False
[hybrid-rollout] ep 98 (heldout_099): steps=60 success=False
[hybrid-rollout] ep 99 (heldout_100): steps=60 success=False
[hybrid-rollout] ep 100 (heldout_101): steps=4 success=True
[hybrid-rollout] ep 101 (heldout_102): steps=4 success=True
[hybrid-rollout] ep 102 (heldout_103): steps=60 success=False
[hybrid-rollout] ep 103 (heldout_104): steps=6 success=True
[hybrid-rollout] ep 104 (heldout_105): steps=60 success=False
[hybrid-rollout] ep 105 (heldout_106): steps=60 success=False
[hybrid-rollout] ep 106 (heldout_107): steps=4 success=True
[hybrid-rollout] ep 107 (heldout_108): steps=60 success=False
[hybrid-rollout] ep 108 (heldout_109): steps=4 success=True
[hybrid-rollout] ep 109 (heldout_110): steps=60 success=False
[hybrid-rollout] ep 110 (heldout_111): steps=60 success=False
[hybrid-rollout] ep 111 (heldout_112): steps=5 success=True
[hybrid-rollout] ep 112 (heldout_113): steps=5 success=True
[hybrid-rollout] ep 113 (heldout_114): steps=60 success=False
[hybrid-rollout] ep 114 (heldout_115): steps=4 success=True
[hybrid-rollout] ep 115 (heldout_116): steps=5 success=True
[hybrid-rollout] ep 116 (heldout_117): steps=5 success=True
[hybrid-rollout] ep 117 (heldout_118): steps=7 success=True
[hybrid-rollout] ep 118 (heldout_119): steps=4 success=True
[hybrid-rollout] ep 119 (heldout_120): steps=60 success=False
[hybrid-rollout] ep 120 (heldout_121): steps=8 success=True
[hybrid-rollout] ep 121 (heldout_122): steps=4 success=True
[hybrid-rollout] ep 122 (heldout_123): steps=6 success=True
[hybrid-rollout] ep 123 (heldout_124): steps=60 success=False
[hybrid-rollout] ep 124 (heldout_125): steps=60 success=False
[hybrid-rollout] ep 125 (heldout_126): steps=4 success=True
[hybrid-rollout] ep 126 (heldout_127): steps=60 success=False
[hybrid-rollout] ep 127 (heldout_128): steps=7 success=True
[hybrid-rollout] ep 128 (heldout_129): steps=60 success=False
[hybrid-rollout] ep 129 (heldout_130): steps=4 success=True
[hybrid-rollout] ep 130 (heldout_131): steps=60 success=False
[hybrid-rollout] ep 131 (heldout_132): steps=4 success=True
[hybrid-rollout] ep 132 (heldout_133): steps=4 success=True
[hybrid-rollout] ep 133 (heldout_134): steps=60 success=False
[hybrid-rollout] ep 134 (heldout_135): steps=6 success=True
[hybrid-rollout] ep 135 (heldout_136): steps=5 success=True
[hybrid-rollout] ep 136 (heldout_137): steps=60 success=False
[hybrid-rollout] ep 137 (heldout_138): steps=4 success=True
[hybrid-rollout] ep 138 (heldout_139): steps=4 success=True
[hybrid-rollout] ep 139 (heldout_140): steps=5 success=True
[hybrid-rollout] ep 140 (heldout_141): steps=5 success=True
[hybrid-rollout] ep 141 (heldout_142): steps=4 success=True
[hybrid-rollout] ep 142 (heldout_143): steps=2 success=False
[hybrid-rollout] ep 143 (heldout_144): steps=60 success=False
[hybrid-rollout] ep 144 (heldout_145): steps=5 success=True
[hybrid-rollout] ep 145 (heldout_146): steps=7 success=True
[hybrid-rollout] ep 146 (heldout_147): steps=4 success=True
[hybrid-rollout] ep 147 (heldout_148): steps=60 success=False
[hybrid-rollout] ep 148 (heldout_149): steps=5 success=True
[hybrid-rollout] ep 149 (heldout_150): steps=4 success=True
[hybrid-rollout] ep 150 (heldout_151): steps=5 success=True
[hybrid-rollout] ep 151 (heldout_152): steps=6 success=True
[hybrid-rollout] ep 152 (heldout_153): steps=5 success=True
[hybrid-rollout] ep 153 (heldout_154): steps=60 success=False
[hybrid-rollout] ep 154 (heldout_155): steps=60 success=False
[hybrid-rollout] ep 155 (heldout_156): steps=8 success=True
[hybrid-rollout] ep 156 (heldout_157): steps=4 success=True
[hybrid-rollout] ep 157 (heldout_158): steps=3 success=False
[hybrid-rollout] ep 158 (heldout_159): steps=6 success=True
[hybrid-rollout] ep 159 (heldout_160): steps=60 success=False
[hybrid-rollout] ep 160 (heldout_161): steps=4 success=False
[hybrid-rollout] ep 161 (heldout_162): steps=5 success=True
[hybrid-rollout] ep 162 (heldout_163): steps=4 success=True
[hybrid-rollout] ep 163 (heldout_164): steps=4 success=True
[hybrid-rollout] ep 164 (heldout_165): steps=5 success=True
[hybrid-rollout] ep 165 (heldout_166): steps=60 success=False
[hybrid-rollout] ep 166 (heldout_167): steps=4 success=True
[hybrid-rollout] ep 167 (heldout_168): steps=4 success=True
[hybrid-rollout] ep 168 (heldout_169): steps=60 success=False
[hybrid-rollout] ep 169 (heldout_170): steps=6 success=True
[hybrid-rollout] ep 170 (heldout_171): steps=60 success=False
[hybrid-rollout] ep 171 (heldout_172): steps=60 success=False
[hybrid-rollout] ep 172 (heldout_173): steps=4 success=True
[hybrid-rollout] ep 173 (heldout_174): steps=5 success=True
[hybrid-rollout] ep 174 (heldout_175): steps=60 success=False
[hybrid-rollout] ep 175 (heldout_176): steps=6 success=True
[hybrid-rollout] ep 176 (heldout_177): steps=6 success=True
[hybrid-rollout] ep 177 (heldout_178): steps=5 success=True
[hybrid-rollout] ep 178 (heldout_179): steps=5 success=True
[hybrid-rollout] ep 179 (heldout_180): steps=4 success=True
[hybrid-rollout] ep 180 (heldout_181): steps=5 success=True
[hybrid-rollout] ep 181 (heldout_182): steps=4 success=True
[hybrid-rollout] ep 182 (heldout_183): steps=60 success=False
[hybrid-rollout] ep 183 (heldout_184): steps=7 success=True
[hybrid-rollout] ep 184 (heldout_185): steps=60 success=False
[hybrid-rollout] ep 185 (heldout_186): steps=4 success=True
[hybrid-rollout] ep 186 (heldout_187): steps=60 success=False
[hybrid-rollout] ep 187 (heldout_188): steps=60 success=False
[hybrid-rollout] ep 188 (heldout_189): steps=60 success=False
[hybrid-rollout] ep 189 (heldout_190): steps=7 success=True
[hybrid-rollout] ep 190 (heldout_191): steps=4 success=True
[hybrid-rollout] ep 191 (heldout_192): steps=5 success=True
[hybrid-rollout] ep 192 (heldout_193): steps=60 success=False
[hybrid-rollout] ep 193 (heldout_194): steps=6 success=True
[hybrid-rollout] ep 194 (heldout_195): steps=5 success=True
[hybrid-rollout] ep 195 (heldout_196): steps=4 success=True
[hybrid-rollout] ep 196 (heldout_197): steps=5 success=True
[hybrid-rollout] ep 197 (heldout_198): steps=4 success=True
[hybrid-rollout] ep 198 (heldout_199): steps=4 success=True
[hybrid-rollout] ep 199 (heldout_200): steps=4 success=True
[hybrid-rollout] DONE successes=129/200
[19:51:18] [replay_p4] run 6 round 11: extras=11 heldout_sr=0.645
[19:51:18] [replay_p4] $ /home/s226137394/.conda/envs/maze/bin/python3 -u -m Equivariant_pathway.equivariant_CNN_hybrid.baseline_vs_p4.pool_x_selector.trainer.finetune_replay --demo_dir /weka/s226137394/DmNfull/Equivariant_pathway/equivariant_CNN_hybrid/baseline_vs_p4/pool_x_selector/results_hpsweep/e90_lr0.0001_rm0.3_do0/run_6/p4_top3_rotate/demos --checkpoint_dir /weka/s226137394/DmNfull/Equivariant_pathway/equivariant_CNN_hybrid/baseline_vs_p4/pool_x_selector/results_hpsweep/e90_lr0.0001_rm0.3_do0/run_6/p4_top3_rotate/checkpoints --epochs 90 --batch_size 64 --lr 0.0001 --weight_decay 0.0001 --replay_mix 0.3 --replay_mix_floor 0.2 --head_dropout 0.0 --seed 6 --resume --new_demos_dir /weka/s226137394/DmNfull/Equivariant_pathway/equivariant_CNN_hybrid/baseline_vs_p4/pool_x_selector/results_hpsweep/e90_lr0.0001_rm0.3_do0/run_6/p4_top3_rotate/demos/round_012
[finetune_replay] device=cuda demo_dir=/weka/s226137394/DmNfull/Equivariant_pathway/equivariant_CNN_hybrid/baseline_vs_p4/pool_x_selector/results_hpsweep/e90_lr0.0001_rm0.3_do0/run_6/p4_top3_rotate/demos new_demos_dir=/weka/s226137394/DmNfull/Equivariant_pathway/equivariant_CNN_hybrid/baseline_vs_p4/pool_x_selector/results_hpsweep/e90_lr0.0001_rm0.3_do0/run_6/p4_top3_rotate/demos/round_012
[hybrid-dataset] 31 demos -> 165 samples
[hybrid-dataset] 1 demos -> 4 samples
[finetune_replay] sampler audit: {'n_old_samples': 165, 'n_new_samples': 4, 'replay_mix_target': 0.3, 'replay_mix_effective': 0.3, 'replay_mix_floor': 0.2}
[finetune_replay] trainable params: 1,400,028
[finetune_replay] WARM START from last_hybrid_policy.pth
[finetune_replay] ep   1/90 | train loss=0.1535 top1=0.928 | val loss=0.0100 | t=0.9s  *
[finetune_replay] ep   2/90 | train loss=0.0309 top1=1.000 | val loss=0.0004 | t=0.2s  *
[finetune_replay] ep   3/90 | train loss=0.0062 top1=1.000 | val loss=0.0023 | t=0.3s
[finetune_replay] ep   4/90 | train loss=0.0054 top1=1.000 | val loss=0.0005 | t=0.2s
[finetune_replay] ep   5/90 | train loss=0.0023 top1=1.000 | val loss=0.0005 | t=0.1s
[finetune_replay] ep   6/90 | train loss=0.0012 top1=1.000 | val loss=0.0008 | t=0.1s
[finetune_replay] ep   7/90 | train loss=0.0009 top1=1.000 | val loss=0.0022 | t=0.1s
[finetune_replay] ep   8/90 | train loss=0.0010 top1=1.000 | val loss=0.0029 | t=0.2s
[finetune_replay] ep   9/90 | train loss=0.0006 top1=1.000 | val loss=0.0021 | t=0.1s
[finetune_replay] ep  10/90 | train loss=0.0013 top1=1.000 | val loss=0.0012 | t=0.1s
[finetune_replay] ep  11/90 | train loss=0.0005 top1=1.000 | val loss=0.0005 | t=0.1s
[finetune_replay] ep  12/90 | train loss=0.0007 top1=1.000 | val loss=0.0005 | t=0.1s
[finetune_replay] ep  13/90 | train loss=0.0006 top1=1.000 | val loss=0.0006 | t=0.1s
[finetune_replay] ep  14/90 | train loss=0.0004 top1=1.000 | val loss=0.0006 | t=0.1s
[finetune_replay] ep  15/90 | train loss=0.0004 top1=1.000 | val loss=0.0007 | t=0.1s
[finetune_replay] ep  16/90 | train loss=0.0004 top1=1.000 | val loss=0.0008 | t=0.1s
[finetune_replay] ep  17/90 | train loss=0.0004 top1=1.000 | val loss=0.0011 | t=0.1s
[finetune_replay] ep  18/90 | train loss=0.0005 top1=1.000 | val loss=0.0013 | t=0.1s
[finetune_replay] ep  19/90 | train loss=0.0004 top1=1.000 | val loss=0.0007 | t=0.1s
[finetune_replay] ep  20/90 | train loss=0.0005 top1=1.000 | val loss=0.0005 | t=0.1s
[finetune_replay] ep  21/90 | train loss=0.0002 top1=1.000 | val loss=0.0005 | t=0.1s
[finetune_replay] ep  22/90 | train loss=0.0004 top1=1.000 | val loss=0.0004 | t=0.1s
[finetune_replay] ep  23/90 | train loss=0.0004 top1=1.000 | val loss=0.0004 | t=0.1s
[finetune_replay] ep  24/90 | train loss=0.0004 top1=1.000 | val loss=0.0005 | t=0.1s
[finetune_replay] ep  25/90 | train loss=0.0002 top1=1.000 | val loss=0.0006 | t=0.1s
[finetune_replay] ep  26/90 | train loss=0.0004 top1=1.000 | val loss=0.0005 | t=0.2s
[finetune_replay] ep  27/90 | train loss=0.0002 top1=1.000 | val loss=0.0004 | t=0.1s
[finetune_replay] ep  28/90 | train loss=0.0003 top1=1.000 | val loss=0.0003 | t=0.1s  *
[finetune_replay] ep  29/90 | train loss=0.0003 top1=1.000 | val loss=0.0003 | t=0.1s  *
[finetune_replay] ep  30/90 | train loss=0.0003 top1=1.000 | val loss=0.0003 | t=0.1s  *
[finetune_replay] ep  31/90 | train loss=0.0003 top1=1.000 | val loss=0.0003 | t=0.1s
[finetune_replay] ep  32/90 | train loss=0.0002 top1=1.000 | val loss=0.0004 | t=0.1s
[finetune_replay] ep  33/90 | train loss=0.0003 top1=1.000 | val loss=0.0005 | t=0.1s
[finetune_replay] ep  34/90 | train loss=0.0003 top1=1.000 | val loss=0.0004 | t=0.1s
[finetune_replay] ep  35/90 | train loss=0.0002 top1=1.000 | val loss=0.0003 | t=0.1s
[finetune_replay] ep  36/90 | train loss=0.0002 top1=1.000 | val loss=0.0004 | t=0.1s
[finetune_replay] ep  37/90 | train loss=0.0004 top1=1.000 | val loss=0.0003 | t=0.2s
[finetune_replay] ep  38/90 | train loss=0.0002 top1=1.000 | val loss=0.0003 | t=0.1s
[finetune_replay] ep  39/90 | train loss=0.0002 top1=1.000 | val loss=0.0004 | t=0.1s
[finetune_replay] ep  40/90 | train loss=0.0002 top1=1.000 | val loss=0.0005 | t=0.1s
[finetune_replay] ep  41/90 | train loss=0.0002 top1=1.000 | val loss=0.0004 | t=0.1s
[finetune_replay] ep  42/90 | train loss=0.0001 top1=1.000 | val loss=0.0004 | t=0.1s
[finetune_replay] ep  43/90 | train loss=0.0001 top1=1.000 | val loss=0.0003 | t=0.1s
[finetune_replay] ep  44/90 | train loss=0.0002 top1=1.000 | val loss=0.0003 | t=0.1s  *
[finetune_replay] ep  45/90 | train loss=0.0002 top1=1.000 | val loss=0.0003 | t=0.1s  *
[finetune_replay] ep  46/90 | train loss=0.0002 top1=1.000 | val loss=0.0003 | t=0.1s  *
[finetune_replay] ep  47/90 | train loss=0.0001 top1=1.000 | val loss=0.0003 | t=0.1s
[finetune_replay] ep  48/90 | train loss=0.0002 top1=1.000 | val loss=0.0003 | t=0.1s
[finetune_replay] ep  49/90 | train loss=0.0002 top1=1.000 | val loss=0.0003 | t=0.1s
[finetune_replay] ep  50/90 | train loss=0.0002 top1=1.000 | val loss=0.0003 | t=0.2s
[finetune_replay] ep  51/90 | train loss=0.0002 top1=1.000 | val loss=0.0003 | t=0.1s
[finetune_replay] ep  52/90 | train loss=0.0002 top1=1.000 | val loss=0.0003 | t=0.1s
[finetune_replay] ep  53/90 | train loss=0.0001 top1=1.000 | val loss=0.0003 | t=0.1s
[finetune_replay] ep  54/90 | train loss=0.0002 top1=1.000 | val loss=0.0003 | t=0.1s
[finetune_replay] ep  55/90 | train loss=0.0001 top1=1.000 | val loss=0.0003 | t=0.1s
[finetune_replay] ep  56/90 | train loss=0.0002 top1=1.000 | val loss=0.0003 | t=0.1s
[finetune_replay] ep  57/90 | train loss=0.0001 top1=1.000 | val loss=0.0003 | t=0.1s
[finetune_replay] ep  58/90 | train loss=0.0002 top1=1.000 | val loss=0.0003 | t=0.1s
[finetune_replay] ep  59/90 | train loss=0.0002 top1=1.000 | val loss=0.0003 | t=0.1s
[finetune_replay] ep  60/90 | train loss=0.0002 top1=1.000 | val loss=0.0003 | t=0.1s
[finetune_replay] ep  61/90 | train loss=0.0002 top1=1.000 | val loss=0.0003 | t=0.1s
[finetune_replay] ep  62/90 | train loss=0.0002 top1=1.000 | val loss=0.0004 | t=0.1s
[finetune_replay] ep  63/90 | train loss=0.0002 top1=1.000 | val loss=0.0003 | t=0.1s
[finetune_replay] ep  64/90 | train loss=0.0001 top1=1.000 | val loss=0.0003 | t=0.1s
[finetune_replay] ep  65/90 | train loss=0.0001 top1=1.000 | val loss=0.0003 | t=0.1s
[finetune_replay] ep  66/90 | train loss=0.0001 top1=1.000 | val loss=0.0003 | t=0.1s
[finetune_replay] ep  67/90 | train loss=0.0002 top1=1.000 | val loss=0.0003 | t=0.1s
[finetune_replay] ep  68/90 | train loss=0.0002 top1=1.000 | val loss=0.0003 | t=0.1s
[finetune_replay] ep  69/90 | train loss=0.0001 top1=1.000 | val loss=0.0003 | t=0.1s
[finetune_replay] ep  70/90 | train loss=0.0001 top1=1.000 | val loss=0.0003 | t=0.1s
[finetune_replay] ep  71/90 | train loss=0.0002 top1=1.000 | val loss=0.0003 | t=0.1s
[finetune_replay] ep  72/90 | train loss=0.0001 top1=1.000 | val loss=0.0003 | t=0.2s
[finetune_replay] ep  73/90 | train loss=0.0002 top1=1.000 | val loss=0.0003 | t=0.1s
[finetune_replay] ep  74/90 | train loss=0.0001 top1=1.000 | val loss=0.0003 | t=0.1s
[finetune_replay] ep  75/90 | train loss=0.0001 top1=1.000 | val loss=0.0003 | t=0.1s
[finetune_replay] ep  76/90 | train loss=0.0002 top1=1.000 | val loss=0.0003 | t=0.1s
[finetune_replay] ep  77/90 | train loss=0.0001 top1=1.000 | val loss=0.0003 | t=0.1s
[finetune_replay] ep  78/90 | train loss=0.0002 top1=1.000 | val loss=0.0003 | t=0.1s
[finetune_replay] ep  79/90 | train loss=0.0002 top1=1.000 | val loss=0.0003 | t=0.1s
[finetune_replay] ep  80/90 | train loss=0.0002 top1=1.000 | val loss=0.0003 | t=0.1s
[finetune_replay] ep  81/90 | train loss=0.0001 top1=1.000 | val loss=0.0003 | t=0.1s
[finetune_replay] ep  82/90 | train loss=0.0001 top1=1.000 | val loss=0.0003 | t=0.1s
[finetune_replay] ep  83/90 | train loss=0.0001 top1=1.000 | val loss=0.0003 | t=0.1s
[finetune_replay] ep  84/90 | train loss=0.0002 top1=1.000 | val loss=0.0003 | t=0.1s
[finetune_replay] ep  85/90 | train loss=0.0002 top1=1.000 | val loss=0.0003 | t=0.1s
[finetune_replay] ep  86/90 | train loss=0.0001 top1=1.000 | val loss=0.0003 | t=0.1s
[finetune_replay] ep  87/90 | train loss=0.0002 top1=1.000 | val loss=0.0003 | t=0.1s
[finetune_replay] ep  88/90 | train loss=0.0001 top1=1.000 | val loss=0.0003 | t=0.1s  *
[finetune_replay] ep  89/90 | train loss=0.0001 top1=1.000 | val loss=0.0003 | t=0.1s
[finetune_replay] ep  90/90 | train loss=0.0001 top1=1.000 | val loss=0.0003 | t=0.1s
[finetune_replay] DONE best_val_loss=0.0003 @ epoch 88
[19:51:45] [bo-budget] $ /home/s226137394/.conda/envs/maze/bin/python3 -u -m Equivariant_pathway.equivariant_CNN_hybrid.rollout_test --checkpoint /weka/s226137394/DmNfull/Equivariant_pathway/equivariant_CNN_hybrid/baseline_vs_p4/pool_x_selector/results_hpsweep/e90_lr0.0001_rm0.3_do0/run_6/p4_top3_rotate/checkpoints/best_hybrid_policy.pth --layouts /weka/s226137394/DmNfull/Equivariant_pathway/equivariant_CNN_hybrid/baseline_vs_p4/shared/heldout_layouts.yaml --out_dir /weka/s226137394/DmNfull/Equivariant_pathway/equivariant_CNN_hybrid/baseline_vs_p4/pool_x_selector/results_hpsweep/e90_lr0.0001_rm0.3_do0/run_6/p4_top3_rotate/results/eval_round_012 --seed 18 --max_steps 60
[hybrid-rollout] 200 unique; running 200 eps
[hybrid-rollout] loaded /weka/s226137394/DmNfull/Equivariant_pathway/equivariant_CNN_hybrid/baseline_vs_p4/pool_x_selector/results_hpsweep/e90_lr0.0001_rm0.3_do0/run_6/p4_top3_rotate/checkpoints/best_hybrid_policy.pth
[hybrid-rollout] ep 0 (heldout_001): steps=5 success=True
[hybrid-rollout] ep 1 (heldout_002): steps=4 success=True
[hybrid-rollout] ep 2 (heldout_003): steps=60 success=False
[hybrid-rollout] ep 3 (heldout_004): steps=6 success=True
[hybrid-rollout] ep 4 (heldout_005): steps=5 success=True
[hybrid-rollout] ep 5 (heldout_006): steps=3 success=False
[hybrid-rollout] ep 6 (heldout_007): steps=5 success=True
[hybrid-rollout] ep 7 (heldout_008): steps=4 success=True
[hybrid-rollout] ep 8 (heldout_009): steps=6 success=True
[hybrid-rollout] ep 9 (heldout_010): steps=8 success=True
[hybrid-rollout] ep 10 (heldout_011): steps=4 success=True
[hybrid-rollout] ep 11 (heldout_012): steps=4 success=True
[hybrid-rollout] ep 12 (heldout_013): steps=5 success=True
[hybrid-rollout] ep 13 (heldout_014): steps=5 success=True
[hybrid-rollout] ep 14 (heldout_015): steps=4 success=True
[hybrid-rollout] ep 15 (heldout_016): steps=5 success=True
[hybrid-rollout] ep 16 (heldout_017): steps=4 success=True
[hybrid-rollout] ep 17 (heldout_018): steps=60 success=False
[hybrid-rollout] ep 18 (heldout_019): steps=60 success=False
[hybrid-rollout] ep 19 (heldout_020): steps=5 success=True
[hybrid-rollout] ep 20 (heldout_021): steps=4 success=True
[hybrid-rollout] ep 21 (heldout_022): steps=4 success=True
[hybrid-rollout] ep 22 (heldout_023): steps=7 success=True
[hybrid-rollout] ep 23 (heldout_024): steps=60 success=False
[hybrid-rollout] ep 24 (heldout_025): steps=4 success=True
[hybrid-rollout] ep 25 (heldout_026): steps=4 success=True
[hybrid-rollout] ep 26 (heldout_027): steps=4 success=True
[hybrid-rollout] ep 27 (heldout_028): steps=4 success=True
[hybrid-rollout] ep 28 (heldout_029): steps=5 success=True
[hybrid-rollout] ep 29 (heldout_030): steps=5 success=True
[hybrid-rollout] ep 30 (heldout_031): steps=5 success=True
[hybrid-rollout] ep 31 (heldout_032): steps=7 success=True
[hybrid-rollout] ep 32 (heldout_033): steps=4 success=True
[hybrid-rollout] ep 33 (heldout_034): steps=5 success=True
[hybrid-rollout] ep 34 (heldout_035): steps=6 success=True
[hybrid-rollout] ep 35 (heldout_036): steps=5 success=True
[hybrid-rollout] ep 36 (heldout_037): steps=4 success=True
[hybrid-rollout] ep 37 (heldout_038): steps=5 success=True
[hybrid-rollout] ep 38 (heldout_039): steps=6 success=True
[hybrid-rollout] ep 39 (heldout_040): steps=5 success=True
[hybrid-rollout] ep 40 (heldout_041): steps=60 success=False
[hybrid-rollout] ep 41 (heldout_042): steps=60 success=False
[hybrid-rollout] ep 42 (heldout_043): steps=4 success=True
[hybrid-rollout] ep 43 (heldout_044): steps=5 success=True
[hybrid-rollout] ep 44 (heldout_045): steps=5 success=True
[hybrid-rollout] ep 45 (heldout_046): steps=4 success=True
[hybrid-rollout] ep 46 (heldout_047): steps=4 success=True
[hybrid-rollout] ep 47 (heldout_048): steps=6 success=True
[hybrid-rollout] ep 48 (heldout_049): steps=5 success=True
[hybrid-rollout] ep 49 (heldout_050): steps=4 success=True
[hybrid-rollout] ep 50 (heldout_051): steps=4 success=True
[hybrid-rollout] ep 51 (heldout_052): steps=4 success=True
[hybrid-rollout] ep 52 (heldout_053): steps=6 success=True
[hybrid-rollout] ep 53 (heldout_054): steps=4 success=True
[hybrid-rollout] ep 54 (heldout_055): steps=60 success=False
[hybrid-rollout] ep 55 (heldout_056): steps=4 success=True
[hybrid-rollout] ep 56 (heldout_057): steps=4 success=True
[hybrid-rollout] ep 57 (heldout_058): steps=4 success=True
[hybrid-rollout] ep 58 (heldout_059): steps=5 success=True
[hybrid-rollout] ep 59 (heldout_060): steps=6 success=True
[hybrid-rollout] ep 60 (heldout_061): steps=5 success=True
[hybrid-rollout] ep 61 (heldout_062): steps=6 success=True
[hybrid-rollout] ep 62 (heldout_063): steps=5 success=True
[hybrid-rollout] ep 63 (heldout_064): steps=4 success=True
[hybrid-rollout] ep 64 (heldout_065): steps=7 success=True
[hybrid-rollout] ep 65 (heldout_066): steps=6 success=True
[hybrid-rollout] ep 66 (heldout_067): steps=5 success=True
[hybrid-rollout] ep 67 (heldout_068): steps=4 success=True
[hybrid-rollout] ep 68 (heldout_069): steps=4 success=True
[hybrid-rollout] ep 69 (heldout_070): steps=7 success=True
[hybrid-rollout] ep 70 (heldout_071): steps=5 success=True
[hybrid-rollout] ep 71 (heldout_072): steps=5 success=True
[hybrid-rollout] ep 72 (heldout_073): steps=3 success=False
[hybrid-rollout] ep 73 (heldout_074): steps=4 success=True
[hybrid-rollout] ep 74 (heldout_075): steps=5 success=True
[hybrid-rollout] ep 75 (heldout_076): steps=7 success=True
[hybrid-rollout] ep 76 (heldout_077): steps=4 success=True
[hybrid-rollout] ep 77 (heldout_078): steps=6 success=True
[hybrid-rollout] ep 78 (heldout_079): steps=4 success=True
[hybrid-rollout] ep 79 (heldout_080): steps=4 success=True
[hybrid-rollout] ep 80 (heldout_081): steps=5 success=True
[hybrid-rollout] ep 81 (heldout_082): steps=5 success=True
[hybrid-rollout] ep 82 (heldout_083): steps=4 success=True
[hybrid-rollout] ep 83 (heldout_084): steps=5 success=True
[hybrid-rollout] ep 84 (heldout_085): steps=60 success=False
[hybrid-rollout] ep 85 (heldout_086): steps=6 success=True
[hybrid-rollout] ep 86 (heldout_087): steps=7 success=True
[hybrid-rollout] ep 87 (heldout_088): steps=4 success=True
[hybrid-rollout] ep 88 (heldout_089): steps=3 success=False
[hybrid-rollout] ep 89 (heldout_090): steps=4 success=True
[hybrid-rollout] ep 90 (heldout_091): steps=4 success=False
[hybrid-rollout] ep 91 (heldout_092): steps=5 success=True
[hybrid-rollout] ep 92 (heldout_093): steps=6 success=True
[hybrid-rollout] ep 93 (heldout_094): steps=6 success=True
[hybrid-rollout] ep 94 (heldout_095): steps=7 success=True
[hybrid-rollout] ep 95 (heldout_096): steps=5 success=True
[hybrid-rollout] ep 96 (heldout_097): steps=5 success=True
[hybrid-rollout] ep 97 (heldout_098): steps=5 success=True
[hybrid-rollout] ep 98 (heldout_099): steps=6 success=True
[hybrid-rollout] ep 99 (heldout_100): steps=60 success=False
[hybrid-rollout] ep 100 (heldout_101): steps=4 success=True
[hybrid-rollout] ep 101 (heldout_102): steps=4 success=True
[hybrid-rollout] ep 102 (heldout_103): steps=60 success=False
[hybrid-rollout] ep 103 (heldout_104): steps=6 success=True
[hybrid-rollout] ep 104 (heldout_105): steps=6 success=True
[hybrid-rollout] ep 105 (heldout_106): steps=6 success=True
[hybrid-rollout] ep 106 (heldout_107): steps=4 success=True
[hybrid-rollout] ep 107 (heldout_108): steps=4 success=True
[hybrid-rollout] ep 108 (heldout_109): steps=4 success=True
[hybrid-rollout] ep 109 (heldout_110): steps=4 success=True
[hybrid-rollout] ep 110 (heldout_111): steps=5 success=False
[hybrid-rollout] ep 111 (heldout_112): steps=5 success=True
[hybrid-rollout] ep 112 (heldout_113): steps=5 success=True
[hybrid-rollout] ep 113 (heldout_114): steps=60 success=False
[hybrid-rollout] ep 114 (heldout_115): steps=4 success=True
[hybrid-rollout] ep 115 (heldout_116): steps=5 success=True
[hybrid-rollout] ep 116 (heldout_117): steps=5 success=True
[hybrid-rollout] ep 117 (heldout_118): steps=6 success=False
[hybrid-rollout] ep 118 (heldout_119): steps=4 success=True
[hybrid-rollout] ep 119 (heldout_120): steps=7 success=True
[hybrid-rollout] ep 120 (heldout_121): steps=4 success=True
[hybrid-rollout] ep 121 (heldout_122): steps=4 success=True
[hybrid-rollout] ep 122 (heldout_123): steps=6 success=True
[hybrid-rollout] ep 123 (heldout_124): steps=8 success=True
[hybrid-rollout] ep 124 (heldout_125): steps=4 success=True
[hybrid-rollout] ep 125 (heldout_126): steps=4 success=True
[hybrid-rollout] ep 126 (heldout_127): steps=60 success=False
[hybrid-rollout] ep 127 (heldout_128): steps=7 success=True
[hybrid-rollout] ep 128 (heldout_129): steps=4 success=True
[hybrid-rollout] ep 129 (heldout_130): steps=4 success=True
[hybrid-rollout] ep 130 (heldout_131): steps=5 success=False
[hybrid-rollout] ep 131 (heldout_132): steps=4 success=True
[hybrid-rollout] ep 132 (heldout_133): steps=4 success=True
[hybrid-rollout] ep 133 (heldout_134): steps=7 success=True
[hybrid-rollout] ep 134 (heldout_135): steps=6 success=True
[hybrid-rollout] ep 135 (heldout_136): steps=5 success=True
[hybrid-rollout] ep 136 (heldout_137): steps=5 success=True
[hybrid-rollout] ep 137 (heldout_138): steps=4 success=True
[hybrid-rollout] ep 138 (heldout_139): steps=4 success=True
[hybrid-rollout] ep 139 (heldout_140): steps=5 success=True
[hybrid-rollout] ep 140 (heldout_141): steps=5 success=True
[hybrid-rollout] ep 141 (heldout_142): steps=4 success=True
[hybrid-rollout] ep 142 (heldout_143): steps=6 success=True
[hybrid-rollout] ep 143 (heldout_144): steps=4 success=True
[hybrid-rollout] ep 144 (heldout_145): steps=5 success=True
[hybrid-rollout] ep 145 (heldout_146): steps=7 success=True
[hybrid-rollout] ep 146 (heldout_147): steps=4 success=True
[hybrid-rollout] ep 147 (heldout_148): steps=60 success=False
[hybrid-rollout] ep 148 (heldout_149): steps=5 success=True
[hybrid-rollout] ep 149 (heldout_150): steps=4 success=True
[hybrid-rollout] ep 150 (heldout_151): steps=5 success=True
[hybrid-rollout] ep 151 (heldout_152): steps=6 success=True
[hybrid-rollout] ep 152 (heldout_153): steps=5 success=True
[hybrid-rollout] ep 153 (heldout_154): steps=60 success=False
[hybrid-rollout] ep 154 (heldout_155): steps=6 success=True
[hybrid-rollout] ep 155 (heldout_156): steps=8 success=True
[hybrid-rollout] ep 156 (heldout_157): steps=4 success=True
[hybrid-rollout] ep 157 (heldout_158): steps=3 success=False
[hybrid-rollout] ep 158 (heldout_159): steps=6 success=True
[hybrid-rollout] ep 159 (heldout_160): steps=4 success=True
[hybrid-rollout] ep 160 (heldout_161): steps=60 success=False
[hybrid-rollout] ep 161 (heldout_162): steps=5 success=True
[hybrid-rollout] ep 162 (heldout_163): steps=4 success=True
[hybrid-rollout] ep 163 (heldout_164): steps=6 success=True
[hybrid-rollout] ep 164 (heldout_165): steps=5 success=True
[hybrid-rollout] ep 165 (heldout_166): steps=4 success=True
[hybrid-rollout] ep 166 (heldout_167): steps=4 success=True
[hybrid-rollout] ep 167 (heldout_168): steps=4 success=True
[hybrid-rollout] ep 168 (heldout_169): steps=6 success=True
[hybrid-rollout] ep 169 (heldout_170): steps=5 success=False
[hybrid-rollout] ep 170 (heldout_171): steps=4 success=True
[hybrid-rollout] ep 171 (heldout_172): steps=5 success=True
[hybrid-rollout] ep 172 (heldout_173): steps=4 success=True
[hybrid-rollout] ep 173 (heldout_174): steps=5 success=True
[hybrid-rollout] ep 174 (heldout_175): steps=5 success=True
[hybrid-rollout] ep 175 (heldout_176): steps=6 success=True
[hybrid-rollout] ep 176 (heldout_177): steps=6 success=True
[hybrid-rollout] ep 177 (heldout_178): steps=5 success=True
[hybrid-rollout] ep 178 (heldout_179): steps=5 success=True
[hybrid-rollout] ep 179 (heldout_180): steps=4 success=True
[hybrid-rollout] ep 180 (heldout_181): steps=5 success=True
[hybrid-rollout] ep 181 (heldout_182): steps=4 success=True
[hybrid-rollout] ep 182 (heldout_183): steps=5 success=True
[hybrid-rollout] ep 183 (heldout_184): steps=7 success=True
[hybrid-rollout] ep 184 (heldout_185): steps=5 success=True
[hybrid-rollout] ep 185 (heldout_186): steps=4 success=True
[hybrid-rollout] ep 186 (heldout_187): steps=5 success=True
[hybrid-rollout] ep 187 (heldout_188): steps=5 success=True
[hybrid-rollout] ep 188 (heldout_189): steps=5 success=True
[hybrid-rollout] ep 189 (heldout_190): steps=7 success=True
[hybrid-rollout] ep 190 (heldout_191): steps=4 success=True
[hybrid-rollout] ep 191 (heldout_192): steps=5 success=True
[hybrid-rollout] ep 192 (heldout_193): steps=7 success=True
[hybrid-rollout] ep 193 (heldout_194): steps=6 success=True
[hybrid-rollout] ep 194 (heldout_195): steps=5 success=True
[hybrid-rollout] ep 195 (heldout_196): steps=4 success=True
[hybrid-rollout] ep 196 (heldout_197): steps=5 success=True
[hybrid-rollout] ep 197 (heldout_198): steps=4 success=True
[hybrid-rollout] ep 198 (heldout_199): steps=4 success=True
[hybrid-rollout] ep 199 (heldout_200): steps=4 success=True
[hybrid-rollout] DONE successes=176/200
[19:52:47] [replay_p4] run 6 round 12: extras=12 heldout_sr=0.880
[19:52:47] [replay_p4] $ /home/s226137394/.conda/envs/maze/bin/python3 -u -m Equivariant_pathway.equivariant_CNN_hybrid.baseline_vs_p4.pool_x_selector.trainer.finetune_replay --demo_dir /weka/s226137394/DmNfull/Equivariant_pathway/equivariant_CNN_hybrid/baseline_vs_p4/pool_x_selector/results_hpsweep/e90_lr0.0001_rm0.3_do0/run_6/p4_top3_rotate/demos --checkpoint_dir /weka/s226137394/DmNfull/Equivariant_pathway/equivariant_CNN_hybrid/baseline_vs_p4/pool_x_selector/results_hpsweep/e90_lr0.0001_rm0.3_do0/run_6/p4_top3_rotate/checkpoints --epochs 90 --batch_size 64 --lr 0.0001 --weight_decay 0.0001 --replay_mix 0.3 --replay_mix_floor 0.2 --head_dropout 0.0 --seed 6 --resume --new_demos_dir /weka/s226137394/DmNfull/Equivariant_pathway/equivariant_CNN_hybrid/baseline_vs_p4/pool_x_selector/results_hpsweep/e90_lr0.0001_rm0.3_do0/run_6/p4_top3_rotate/demos/round_013
[finetune_replay] device=cuda demo_dir=/weka/s226137394/DmNfull/Equivariant_pathway/equivariant_CNN_hybrid/baseline_vs_p4/pool_x_selector/results_hpsweep/e90_lr0.0001_rm0.3_do0/run_6/p4_top3_rotate/demos new_demos_dir=/weka/s226137394/DmNfull/Equivariant_pathway/equivariant_CNN_hybrid/baseline_vs_p4/pool_x_selector/results_hpsweep/e90_lr0.0001_rm0.3_do0/run_6/p4_top3_rotate/demos/round_013
[hybrid-dataset] 32 demos -> 169 samples
[hybrid-dataset] 1 demos -> 6 samples
[finetune_replay] sampler audit: {'n_old_samples': 169, 'n_new_samples': 6, 'replay_mix_target': 0.3, 'replay_mix_effective': 0.3, 'replay_mix_floor': 0.2}
[finetune_replay] trainable params: 1,400,028
[finetune_replay] WARM START from last_hybrid_policy.pth
[finetune_replay] ep   1/90 | train loss=0.1331 top1=1.000 | val loss=0.0482 | t=0.9s  *
[finetune_replay] ep   2/90 | train loss=0.0093 top1=1.000 | val loss=0.0274 | t=0.2s  *
[finetune_replay] ep   3/90 | train loss=0.0048 top1=1.000 | val loss=0.0057 | t=0.2s  *
[finetune_replay] ep   4/90 | train loss=0.0034 top1=1.000 | val loss=0.0023 | t=0.1s  *
[finetune_replay] ep   5/90 | train loss=0.0033 top1=1.000 | val loss=0.0096 | t=0.1s
[finetune_replay] ep   6/90 | train loss=0.0040 top1=1.000 | val loss=0.0016 | t=0.1s  *
[finetune_replay] ep   7/90 | train loss=0.0030 top1=1.000 | val loss=0.0017 | t=0.1s
[finetune_replay] ep   8/90 | train loss=0.0016 top1=1.000 | val loss=0.0013 | t=0.1s  *
[finetune_replay] ep   9/90 | train loss=0.0009 top1=1.000 | val loss=0.0016 | t=0.1s
[finetune_replay] ep  10/90 | train loss=0.0011 top1=1.000 | val loss=0.0014 | t=0.1s
[finetune_replay] ep  11/90 | train loss=0.0007 top1=1.000 | val loss=0.0015 | t=0.1s
[finetune_replay] ep  12/90 | train loss=0.0004 top1=1.000 | val loss=0.0018 | t=0.1s
[finetune_replay] ep  13/90 | train loss=0.0007 top1=1.000 | val loss=0.0016 | t=0.1s
[finetune_replay] ep  14/90 | train loss=0.0005 top1=1.000 | val loss=0.0014 | t=0.1s
[finetune_replay] ep  15/90 | train loss=0.0003 top1=1.000 | val loss=0.0015 | t=0.1s
[finetune_replay] ep  16/90 | train loss=0.0004 top1=1.000 | val loss=0.0017 | t=0.1s
[finetune_replay] ep  17/90 | train loss=0.0003 top1=1.000 | val loss=0.0018 | t=0.1s
[finetune_replay] ep  18/90 | train loss=0.0003 top1=1.000 | val loss=0.0018 | t=0.1s
[finetune_replay] ep  19/90 | train loss=0.0003 top1=1.000 | val loss=0.0017 | t=0.2s
[finetune_replay] ep  20/90 | train loss=0.0002 top1=1.000 | val loss=0.0017 | t=0.2s
[finetune_replay] ep  21/90 | train loss=0.0003 top1=1.000 | val loss=0.0016 | t=0.1s
[finetune_replay] ep  22/90 | train loss=0.0003 top1=1.000 | val loss=0.0016 | t=0.1s
[finetune_replay] ep  23/90 | train loss=0.0003 top1=1.000 | val loss=0.0016 | t=0.1s
[finetune_replay] ep  24/90 | train loss=0.0004 top1=1.000 | val loss=0.0016 | t=0.1s
[finetune_replay] ep  25/90 | train loss=0.0002 top1=1.000 | val loss=0.0014 | t=0.1s
[finetune_replay] ep  26/90 | train loss=0.0002 top1=1.000 | val loss=0.0013 | t=0.1s
[finetune_replay] ep  27/90 | train loss=0.0003 top1=1.000 | val loss=0.0013 | t=0.1s  *
[finetune_replay] ep  28/90 | train loss=0.0003 top1=1.000 | val loss=0.0012 | t=0.1s  *
[finetune_replay] ep  29/90 | train loss=0.0002 top1=1.000 | val loss=0.0012 | t=0.1s  *
[finetune_replay] ep  30/90 | train loss=0.0002 top1=1.000 | val loss=0.0012 | t=0.1s  *
[finetune_replay] ep  31/90 | train loss=0.0002 top1=1.000 | val loss=0.0012 | t=0.1s  *
[finetune_replay] ep  32/90 | train loss=0.0002 top1=1.000 | val loss=0.0012 | t=0.1s
[finetune_replay] ep  33/90 | train loss=0.0002 top1=1.000 | val loss=0.0011 | t=0.1s  *
[finetune_replay] ep  34/90 | train loss=0.0002 top1=1.000 | val loss=0.0011 | t=0.1s  *
[finetune_replay] ep  35/90 | train loss=0.0002 top1=1.000 | val loss=0.0011 | t=0.1s  *
[finetune_replay] ep  36/90 | train loss=0.0002 top1=1.000 | val loss=0.0010 | t=0.1s  *
[finetune_replay] ep  37/90 | train loss=0.0002 top1=1.000 | val loss=0.0010 | t=0.1s  *
[finetune_replay] ep  38/90 | train loss=0.0002 top1=1.000 | val loss=0.0010 | t=0.1s  *
[finetune_replay] ep  39/90 | train loss=0.0002 top1=1.000 | val loss=0.0010 | t=0.1s  *
[finetune_replay] ep  40/90 | train loss=0.0002 top1=1.000 | val loss=0.0010 | t=0.1s  *
[finetune_replay] ep  41/90 | train loss=0.0002 top1=1.000 | val loss=0.0010 | t=0.1s
[finetune_replay] ep  42/90 | train loss=0.0001 top1=1.000 | val loss=0.0010 | t=0.1s
[finetune_replay] ep  43/90 | train loss=0.0002 top1=1.000 | val loss=0.0010 | t=0.1s
[finetune_replay] ep  44/90 | train loss=0.0002 top1=1.000 | val loss=0.0009 | t=0.1s  *
[finetune_replay] ep  45/90 | train loss=0.0002 top1=1.000 | val loss=0.0009 | t=0.2s  *
[finetune_replay] ep  46/90 | train loss=0.0001 top1=1.000 | val loss=0.0009 | t=0.1s  *
[finetune_replay] ep  47/90 | train loss=0.0002 top1=1.000 | val loss=0.0009 | t=0.1s  *
[finetune_replay] ep  48/90 | train loss=0.0002 top1=1.000 | val loss=0.0009 | t=0.1s  *
[finetune_replay] ep  49/90 | train loss=0.0002 top1=1.000 | val loss=0.0009 | t=0.1s  *
[finetune_replay] ep  50/90 | train loss=0.0002 top1=1.000 | val loss=0.0009 | t=0.1s  *
[finetune_replay] ep  51/90 | train loss=0.0002 top1=1.000 | val loss=0.0009 | t=0.1s  *
[finetune_replay] ep  52/90 | train loss=0.0001 top1=1.000 | val loss=0.0009 | t=0.1s
[finetune_replay] ep  53/90 | train loss=0.0001 top1=1.000 | val loss=0.0009 | t=0.1s
[finetune_replay] ep  54/90 | train loss=0.0002 top1=1.000 | val loss=0.0009 | t=0.1s  *
[finetune_replay] ep  55/90 | train loss=0.0002 top1=1.000 | val loss=0.0009 | t=0.1s
[finetune_replay] ep  56/90 | train loss=0.0001 top1=1.000 | val loss=0.0009 | t=0.1s
[finetune_replay] ep  57/90 | train loss=0.0001 top1=1.000 | val loss=0.0009 | t=0.1s
[finetune_replay] ep  58/90 | train loss=0.0001 top1=1.000 | val loss=0.0009 | t=0.1s  *
[finetune_replay] ep  59/90 | train loss=0.0002 top1=1.000 | val loss=0.0009 | t=0.1s  *
[finetune_replay] ep  60/90 | train loss=0.0002 top1=1.000 | val loss=0.0009 | t=0.1s
[finetune_replay] ep  61/90 | train loss=0.0002 top1=1.000 | val loss=0.0008 | t=0.1s  *
[finetune_replay] ep  62/90 | train loss=0.0001 top1=1.000 | val loss=0.0008 | t=0.1s
[finetune_replay] ep  63/90 | train loss=0.0001 top1=1.000 | val loss=0.0008 | t=0.1s
[finetune_replay] ep  64/90 | train loss=0.0001 top1=1.000 | val loss=0.0008 | t=0.1s  *
[finetune_replay] ep  65/90 | train loss=0.0001 top1=1.000 | val loss=0.0008 | t=0.2s
[finetune_replay] ep  66/90 | train loss=0.0001 top1=1.000 | val loss=0.0008 | t=0.1s  *
[finetune_replay] ep  67/90 | train loss=0.0001 top1=1.000 | val loss=0.0008 | t=0.1s
[finetune_replay] ep  68/90 | train loss=0.0002 top1=1.000 | val loss=0.0008 | t=0.1s
[finetune_replay] ep  69/90 | train loss=0.0001 top1=1.000 | val loss=0.0008 | t=0.1s
[finetune_replay] ep  70/90 | train loss=0.0001 top1=1.000 | val loss=0.0008 | t=0.1s
[finetune_replay] ep  71/90 | train loss=0.0002 top1=1.000 | val loss=0.0008 | t=0.1s
[finetune_replay] ep  72/90 | train loss=0.0001 top1=1.000 | val loss=0.0008 | t=0.1s
[finetune_replay] ep  73/90 | train loss=0.0002 top1=1.000 | val loss=0.0008 | t=0.1s
[finetune_replay] ep  74/90 | train loss=0.0001 top1=1.000 | val loss=0.0008 | t=0.1s
[finetune_replay] ep  75/90 | train loss=0.0002 top1=1.000 | val loss=0.0008 | t=0.1s  *
[finetune_replay] ep  76/90 | train loss=0.0001 top1=1.000 | val loss=0.0008 | t=0.1s
[finetune_replay] ep  77/90 | train loss=0.0002 top1=1.000 | val loss=0.0008 | t=0.1s
[finetune_replay] ep  78/90 | train loss=0.0002 top1=1.000 | val loss=0.0008 | t=0.1s
[finetune_replay] ep  79/90 | train loss=0.0001 top1=1.000 | val loss=0.0008 | t=0.1s
[finetune_replay] ep  80/90 | train loss=0.0001 top1=1.000 | val loss=0.0008 | t=0.1s
[finetune_replay] ep  81/90 | train loss=0.0001 top1=1.000 | val loss=0.0008 | t=0.1s
[finetune_replay] ep  82/90 | train loss=0.0001 top1=1.000 | val loss=0.0008 | t=0.1s
[finetune_replay] ep  83/90 | train loss=0.0001 top1=1.000 | val loss=0.0008 | t=0.1s
[finetune_replay] ep  84/90 | train loss=0.0001 top1=1.000 | val loss=0.0008 | t=0.1s
[finetune_replay] ep  85/90 | train loss=0.0002 top1=1.000 | val loss=0.0008 | t=0.1s
[finetune_replay] ep  86/90 | train loss=0.0002 top1=1.000 | val loss=0.0008 | t=0.1s
[finetune_replay] ep  87/90 | train loss=0.0001 top1=1.000 | val loss=0.0008 | t=0.1s
[finetune_replay] ep  88/90 | train loss=0.0001 top1=1.000 | val loss=0.0008 | t=0.1s
[finetune_replay] ep  89/90 | train loss=0.0001 top1=1.000 | val loss=0.0008 | t=0.1s
[finetune_replay] ep  90/90 | train loss=0.0002 top1=1.000 | val loss=0.0008 | t=0.1s
[finetune_replay] DONE best_val_loss=0.0008 @ epoch 75
[19:53:15] [bo-budget] $ /home/s226137394/.conda/envs/maze/bin/python3 -u -m Equivariant_pathway.equivariant_CNN_hybrid.rollout_test --checkpoint /weka/s226137394/DmNfull/Equivariant_pathway/equivariant_CNN_hybrid/baseline_vs_p4/pool_x_selector/results_hpsweep/e90_lr0.0001_rm0.3_do0/run_6/p4_top3_rotate/checkpoints/best_hybrid_policy.pth --layouts /weka/s226137394/DmNfull/Equivariant_pathway/equivariant_CNN_hybrid/baseline_vs_p4/shared/heldout_layouts.yaml --out_dir /weka/s226137394/DmNfull/Equivariant_pathway/equivariant_CNN_hybrid/baseline_vs_p4/pool_x_selector/results_hpsweep/e90_lr0.0001_rm0.3_do0/run_6/p4_top3_rotate/results/eval_round_013 --seed 19 --max_steps 60
[hybrid-rollout] 200 unique; running 200 eps
[hybrid-rollout] loaded /weka/s226137394/DmNfull/Equivariant_pathway/equivariant_CNN_hybrid/baseline_vs_p4/pool_x_selector/results_hpsweep/e90_lr0.0001_rm0.3_do0/run_6/p4_top3_rotate/checkpoints/best_hybrid_policy.pth
[hybrid-rollout] ep 0 (heldout_001): steps=5 success=True
[hybrid-rollout] ep 1 (heldout_002): steps=4 success=True
[hybrid-rollout] ep 2 (heldout_003): steps=4 success=True
[hybrid-rollout] ep 3 (heldout_004): steps=6 success=True
[hybrid-rollout] ep 4 (heldout_005): steps=5 success=True
[hybrid-rollout] ep 5 (heldout_006): steps=3 success=False
[hybrid-rollout] ep 6 (heldout_007): steps=5 success=True
[hybrid-rollout] ep 7 (heldout_008): steps=4 success=True
[hybrid-rollout] ep 8 (heldout_009): steps=6 success=True
[hybrid-rollout] ep 9 (heldout_010): steps=8 success=True
[hybrid-rollout] ep 10 (heldout_011): steps=4 success=True
[hybrid-rollout] ep 11 (heldout_012): steps=4 success=True
[hybrid-rollout] ep 12 (heldout_013): steps=5 success=True
[hybrid-rollout] ep 13 (heldout_014): steps=5 success=True
[hybrid-rollout] ep 14 (heldout_015): steps=4 success=True
[hybrid-rollout] ep 15 (heldout_016): steps=5 success=True
[hybrid-rollout] ep 16 (heldout_017): steps=4 success=True
[hybrid-rollout] ep 17 (heldout_018): steps=60 success=False
[hybrid-rollout] ep 18 (heldout_019): steps=5 success=True
[hybrid-rollout] ep 19 (heldout_020): steps=5 success=True
[hybrid-rollout] ep 20 (heldout_021): steps=4 success=True
[hybrid-rollout] ep 21 (heldout_022): steps=60 success=False
[hybrid-rollout] ep 22 (heldout_023): steps=7 success=True
[hybrid-rollout] ep 23 (heldout_024): steps=60 success=False
[hybrid-rollout] ep 24 (heldout_025): steps=4 success=True
[hybrid-rollout] ep 25 (heldout_026): steps=4 success=True
[hybrid-rollout] ep 26 (heldout_027): steps=4 success=True
[hybrid-rollout] ep 27 (heldout_028): steps=4 success=True
[hybrid-rollout] ep 28 (heldout_029): steps=5 success=True
[hybrid-rollout] ep 29 (heldout_030): steps=60 success=False
[hybrid-rollout] ep 30 (heldout_031): steps=5 success=True
[hybrid-rollout] ep 31 (heldout_032): steps=7 success=True
[hybrid-rollout] ep 32 (heldout_033): steps=4 success=True
[hybrid-rollout] ep 33 (heldout_034): steps=5 success=True
[hybrid-rollout] ep 34 (heldout_035): steps=6 success=True
[hybrid-rollout] ep 35 (heldout_036): steps=5 success=True
[hybrid-rollout] ep 36 (heldout_037): steps=4 success=True
[hybrid-rollout] ep 37 (heldout_038): steps=5 success=True
[hybrid-rollout] ep 38 (heldout_039): steps=6 success=True
[hybrid-rollout] ep 39 (heldout_040): steps=5 success=True
[hybrid-rollout] ep 40 (heldout_041): steps=60 success=False
[hybrid-rollout] ep 41 (heldout_042): steps=60 success=False
[hybrid-rollout] ep 42 (heldout_043): steps=4 success=True
[hybrid-rollout] ep 43 (heldout_044): steps=5 success=True
[hybrid-rollout] ep 44 (heldout_045): steps=5 success=True
[hybrid-rollout] ep 45 (heldout_046): steps=4 success=True
[hybrid-rollout] ep 46 (heldout_047): steps=4 success=True
[hybrid-rollout] ep 47 (heldout_048): steps=6 success=True
[hybrid-rollout] ep 48 (heldout_049): steps=5 success=True
[hybrid-rollout] ep 49 (heldout_050): steps=4 success=True
[hybrid-rollout] ep 50 (heldout_051): steps=4 success=True
[hybrid-rollout] ep 51 (heldout_052): steps=4 success=True
[hybrid-rollout] ep 52 (heldout_053): steps=6 success=True
[hybrid-rollout] ep 53 (heldout_054): steps=4 success=True
[hybrid-rollout] ep 54 (heldout_055): steps=60 success=False
[hybrid-rollout] ep 55 (heldout_056): steps=4 success=True
[hybrid-rollout] ep 56 (heldout_057): steps=4 success=True
[hybrid-rollout] ep 57 (heldout_058): steps=4 success=True
[hybrid-rollout] ep 58 (heldout_059): steps=5 success=True
[hybrid-rollout] ep 59 (heldout_060): steps=6 success=True
[hybrid-rollout] ep 60 (heldout_061): steps=5 success=True
[hybrid-rollout] ep 61 (heldout_062): steps=6 success=True
[hybrid-rollout] ep 62 (heldout_063): steps=5 success=True
[hybrid-rollout] ep 63 (heldout_064): steps=4 success=True
[hybrid-rollout] ep 64 (heldout_065): steps=7 success=True
[hybrid-rollout] ep 65 (heldout_066): steps=6 success=True
[hybrid-rollout] ep 66 (heldout_067): steps=5 success=True
[hybrid-rollout] ep 67 (heldout_068): steps=4 success=True
[hybrid-rollout] ep 68 (heldout_069): steps=4 success=True
[hybrid-rollout] ep 69 (heldout_070): steps=7 success=True
[hybrid-rollout] ep 70 (heldout_071): steps=5 success=True
[hybrid-rollout] ep 71 (heldout_072): steps=5 success=True
[hybrid-rollout] ep 72 (heldout_073): steps=3 success=False
[hybrid-rollout] ep 73 (heldout_074): steps=4 success=True
[hybrid-rollout] ep 74 (heldout_075): steps=5 success=True
[hybrid-rollout] ep 75 (heldout_076): steps=7 success=True
[hybrid-rollout] ep 76 (heldout_077): steps=4 success=True
[hybrid-rollout] ep 77 (heldout_078): steps=6 success=True
[hybrid-rollout] ep 78 (heldout_079): steps=4 success=True
[hybrid-rollout] ep 79 (heldout_080): steps=4 success=True
[hybrid-rollout] ep 80 (heldout_081): steps=5 success=True
[hybrid-rollout] ep 81 (heldout_082): steps=5 success=True
[hybrid-rollout] ep 82 (heldout_083): steps=4 success=True
[hybrid-rollout] ep 83 (heldout_084): steps=5 success=True
[hybrid-rollout] ep 84 (heldout_085): steps=60 success=False
[hybrid-rollout] ep 85 (heldout_086): steps=6 success=True
[hybrid-rollout] ep 86 (heldout_087): steps=7 success=True
[hybrid-rollout] ep 87 (heldout_088): steps=4 success=True
[hybrid-rollout] ep 88 (heldout_089): steps=3 success=False
[hybrid-rollout] ep 89 (heldout_090): steps=4 success=True
[hybrid-rollout] ep 90 (heldout_091): steps=5 success=True
[hybrid-rollout] ep 91 (heldout_092): steps=5 success=True
[hybrid-rollout] ep 92 (heldout_093): steps=6 success=True
[hybrid-rollout] ep 93 (heldout_094): steps=6 success=True
[hybrid-rollout] ep 94 (heldout_095): steps=7 success=True
[hybrid-rollout] ep 95 (heldout_096): steps=5 success=True
[hybrid-rollout] ep 96 (heldout_097): steps=5 success=True
[hybrid-rollout] ep 97 (heldout_098): steps=5 success=True
[hybrid-rollout] ep 98 (heldout_099): steps=6 success=True
[hybrid-rollout] ep 99 (heldout_100): steps=60 success=False
[hybrid-rollout] ep 100 (heldout_101): steps=4 success=True
[hybrid-rollout] ep 101 (heldout_102): steps=4 success=True
[hybrid-rollout] ep 102 (heldout_103): steps=60 success=False
[hybrid-rollout] ep 103 (heldout_104): steps=6 success=True
[hybrid-rollout] ep 104 (heldout_105): steps=6 success=True
[hybrid-rollout] ep 105 (heldout_106): steps=6 success=True
[hybrid-rollout] ep 106 (heldout_107): steps=4 success=True
[hybrid-rollout] ep 107 (heldout_108): steps=4 success=True
[hybrid-rollout] ep 108 (heldout_109): steps=4 success=True
[hybrid-rollout] ep 109 (heldout_110): steps=4 success=True
[hybrid-rollout] ep 110 (heldout_111): steps=5 success=False
[hybrid-rollout] ep 111 (heldout_112): steps=5 success=True
[hybrid-rollout] ep 112 (heldout_113): steps=5 success=True
[hybrid-rollout] ep 113 (heldout_114): steps=60 success=False
[hybrid-rollout] ep 114 (heldout_115): steps=4 success=True
[hybrid-rollout] ep 115 (heldout_116): steps=5 success=True
[hybrid-rollout] ep 116 (heldout_117): steps=5 success=True
[hybrid-rollout] ep 117 (heldout_118): steps=9 success=True
[hybrid-rollout] ep 118 (heldout_119): steps=4 success=True
[hybrid-rollout] ep 119 (heldout_120): steps=7 success=True
[hybrid-rollout] ep 120 (heldout_121): steps=4 success=True
[hybrid-rollout] ep 121 (heldout_122): steps=4 success=True
[hybrid-rollout] ep 122 (heldout_123): steps=6 success=True
[hybrid-rollout] ep 123 (heldout_124): steps=60 success=False
[hybrid-rollout] ep 124 (heldout_125): steps=4 success=True
[hybrid-rollout] ep 125 (heldout_126): steps=4 success=True
[hybrid-rollout] ep 126 (heldout_127): steps=60 success=False
[hybrid-rollout] ep 127 (heldout_128): steps=7 success=True
[hybrid-rollout] ep 128 (heldout_129): steps=60 success=False
[hybrid-rollout] ep 129 (heldout_130): steps=4 success=True
[hybrid-rollout] ep 130 (heldout_131): steps=5 success=False
[hybrid-rollout] ep 131 (heldout_132): steps=4 success=True
[hybrid-rollout] ep 132 (heldout_133): steps=4 success=True
[hybrid-rollout] ep 133 (heldout_134): steps=7 success=True
[hybrid-rollout] ep 134 (heldout_135): steps=6 success=True
[hybrid-rollout] ep 135 (heldout_136): steps=5 success=True
[hybrid-rollout] ep 136 (heldout_137): steps=5 success=True
[hybrid-rollout] ep 137 (heldout_138): steps=4 success=True
[hybrid-rollout] ep 138 (heldout_139): steps=4 success=True
[hybrid-rollout] ep 139 (heldout_140): steps=5 success=True
[hybrid-rollout] ep 140 (heldout_141): steps=5 success=True
[hybrid-rollout] ep 141 (heldout_142): steps=4 success=True
[hybrid-rollout] ep 142 (heldout_143): steps=8 success=True
[hybrid-rollout] ep 143 (heldout_144): steps=4 success=True
[hybrid-rollout] ep 144 (heldout_145): steps=5 success=True
[hybrid-rollout] ep 145 (heldout_146): steps=7 success=True
[hybrid-rollout] ep 146 (heldout_147): steps=4 success=True
[hybrid-rollout] ep 147 (heldout_148): steps=60 success=False
[hybrid-rollout] ep 148 (heldout_149): steps=5 success=True
[hybrid-rollout] ep 149 (heldout_150): steps=4 success=True
[hybrid-rollout] ep 150 (heldout_151): steps=5 success=True
[hybrid-rollout] ep 151 (heldout_152): steps=6 success=True
[hybrid-rollout] ep 152 (heldout_153): steps=5 success=True
[hybrid-rollout] ep 153 (heldout_154): steps=60 success=False
[hybrid-rollout] ep 154 (heldout_155): steps=6 success=True
[hybrid-rollout] ep 155 (heldout_156): steps=4 success=False
[hybrid-rollout] ep 156 (heldout_157): steps=4 success=True
[hybrid-rollout] ep 157 (heldout_158): steps=3 success=False
[hybrid-rollout] ep 158 (heldout_159): steps=6 success=True
[hybrid-rollout] ep 159 (heldout_160): steps=4 success=True
[hybrid-rollout] ep 160 (heldout_161): steps=60 success=False
[hybrid-rollout] ep 161 (heldout_162): steps=5 success=True
[hybrid-rollout] ep 162 (heldout_163): steps=4 success=True
[hybrid-rollout] ep 163 (heldout_164): steps=6 success=True
[hybrid-rollout] ep 164 (heldout_165): steps=5 success=True
[hybrid-rollout] ep 165 (heldout_166): steps=4 success=True
[hybrid-rollout] ep 166 (heldout_167): steps=4 success=True
[hybrid-rollout] ep 167 (heldout_168): steps=4 success=True
[hybrid-rollout] ep 168 (heldout_169): steps=6 success=True
[hybrid-rollout] ep 169 (heldout_170): steps=5 success=False
[hybrid-rollout] ep 170 (heldout_171): steps=4 success=True
[hybrid-rollout] ep 171 (heldout_172): steps=5 success=True
[hybrid-rollout] ep 172 (heldout_173): steps=4 success=True
[hybrid-rollout] ep 173 (heldout_174): steps=5 success=True
[hybrid-rollout] ep 174 (heldout_175): steps=5 success=True
[hybrid-rollout] ep 175 (heldout_176): steps=6 success=True
[hybrid-rollout] ep 176 (heldout_177): steps=6 success=True
[hybrid-rollout] ep 177 (heldout_178): steps=5 success=True
[hybrid-rollout] ep 178 (heldout_179): steps=5 success=True
[hybrid-rollout] ep 179 (heldout_180): steps=4 success=True
[hybrid-rollout] ep 180 (heldout_181): steps=5 success=True
[hybrid-rollout] ep 181 (heldout_182): steps=4 success=True
[hybrid-rollout] ep 182 (heldout_183): steps=5 success=True
[hybrid-rollout] ep 183 (heldout_184): steps=7 success=True
[hybrid-rollout] ep 184 (heldout_185): steps=5 success=True
[hybrid-rollout] ep 185 (heldout_186): steps=4 success=True
[hybrid-rollout] ep 186 (heldout_187): steps=5 success=True
[hybrid-rollout] ep 187 (heldout_188): steps=5 success=True
[hybrid-rollout] ep 188 (heldout_189): steps=60 success=False
[hybrid-rollout] ep 189 (heldout_190): steps=7 success=True
[hybrid-rollout] ep 190 (heldout_191): steps=4 success=True
[hybrid-rollout] ep 191 (heldout_192): steps=5 success=True
[hybrid-rollout] ep 192 (heldout_193): steps=7 success=True
[hybrid-rollout] ep 193 (heldout_194): steps=6 success=True
[hybrid-rollout] ep 194 (heldout_195): steps=5 success=True
[hybrid-rollout] ep 195 (heldout_196): steps=4 success=True
[hybrid-rollout] ep 196 (heldout_197): steps=5 success=True
[hybrid-rollout] ep 197 (heldout_198): steps=4 success=True
[hybrid-rollout] ep 198 (heldout_199): steps=4 success=True
[hybrid-rollout] ep 199 (heldout_200): steps=4 success=True
[hybrid-rollout] DONE successes=174/200
[19:54:23] [replay_p4] run 6 round 13: extras=13 heldout_sr=0.870
[19:54:23] [replay_p4] $ /home/s226137394/.conda/envs/maze/bin/python3 -u -m Equivariant_pathway.equivariant_CNN_hybrid.baseline_vs_p4.pool_x_selector.trainer.finetune_replay --demo_dir /weka/s226137394/DmNfull/Equivariant_pathway/equivariant_CNN_hybrid/baseline_vs_p4/pool_x_selector/results_hpsweep/e90_lr0.0001_rm0.3_do0/run_6/p4_top3_rotate/demos --checkpoint_dir /weka/s226137394/DmNfull/Equivariant_pathway/equivariant_CNN_hybrid/baseline_vs_p4/pool_x_selector/results_hpsweep/e90_lr0.0001_rm0.3_do0/run_6/p4_top3_rotate/checkpoints --epochs 90 --batch_size 64 --lr 0.0001 --weight_decay 0.0001 --replay_mix 0.3 --replay_mix_floor 0.2 --head_dropout 0.0 --seed 6 --resume --new_demos_dir /weka/s226137394/DmNfull/Equivariant_pathway/equivariant_CNN_hybrid/baseline_vs_p4/pool_x_selector/results_hpsweep/e90_lr0.0001_rm0.3_do0/run_6/p4_top3_rotate/demos/round_014
[finetune_replay] device=cuda demo_dir=/weka/s226137394/DmNfull/Equivariant_pathway/equivariant_CNN_hybrid/baseline_vs_p4/pool_x_selector/results_hpsweep/e90_lr0.0001_rm0.3_do0/run_6/p4_top3_rotate/demos new_demos_dir=/weka/s226137394/DmNfull/Equivariant_pathway/equivariant_CNN_hybrid/baseline_vs_p4/pool_x_selector/results_hpsweep/e90_lr0.0001_rm0.3_do0/run_6/p4_top3_rotate/demos/round_014
[hybrid-dataset] 33 demos -> 175 samples
[hybrid-dataset] 1 demos -> 4 samples
[finetune_replay] sampler audit: {'n_old_samples': 175, 'n_new_samples': 4, 'replay_mix_target': 0.3, 'replay_mix_effective': 0.3, 'replay_mix_floor': 0.2}
[finetune_replay] trainable params: 1,400,028
[finetune_replay] WARM START from last_hybrid_policy.pth
[finetune_replay] ep   1/90 | train loss=0.4111 top1=0.846 | val loss=0.0617 | t=0.9s  *
[finetune_replay] ep   2/90 | train loss=0.0161 top1=1.000 | val loss=0.0050 | t=0.2s  *
[finetune_replay] ep   3/90 | train loss=0.0054 top1=1.000 | val loss=0.0047 | t=0.1s  *
[finetune_replay] ep   4/90 | train loss=0.0027 top1=1.000 | val loss=0.0103 | t=0.1s
[finetune_replay] ep   5/90 | train loss=0.0016 top1=1.000 | val loss=0.0241 | t=0.2s
[finetune_replay] ep   6/90 | train loss=0.0031 top1=1.000 | val loss=0.0084 | t=0.1s
[finetune_replay] ep   7/90 | train loss=0.0017 top1=1.000 | val loss=0.0024 | t=0.1s  *
[finetune_replay] ep   8/90 | train loss=0.0023 top1=1.000 | val loss=0.0020 | t=0.1s  *
[finetune_replay] ep   9/90 | train loss=0.0006 top1=1.000 | val loss=0.0010 | t=0.1s  *
[finetune_replay] ep  10/90 | train loss=0.0005 top1=1.000 | val loss=0.0013 | t=0.1s
[finetune_replay] ep  11/90 | train loss=0.0005 top1=1.000 | val loss=0.0015 | t=0.1s
[finetune_replay] ep  12/90 | train loss=0.0008 top1=1.000 | val loss=0.0018 | t=0.1s
[finetune_replay] ep  13/90 | train loss=0.0005 top1=1.000 | val loss=0.0017 | t=0.1s
[finetune_replay] ep  14/90 | train loss=0.0003 top1=1.000 | val loss=0.0020 | t=0.1s
[finetune_replay] ep  15/90 | train loss=0.0005 top1=1.000 | val loss=0.0019 | t=0.1s
[finetune_replay] ep  16/90 | train loss=0.0002 top1=1.000 | val loss=0.0023 | t=0.1s
[finetune_replay] ep  17/90 | train loss=0.0003 top1=1.000 | val loss=0.0024 | t=0.1s
[finetune_replay] ep  18/90 | train loss=0.0003 top1=1.000 | val loss=0.0028 | t=0.1s
[finetune_replay] ep  19/90 | train loss=0.0003 top1=1.000 | val loss=0.0025 | t=0.1s
[finetune_replay] ep  20/90 | train loss=0.0002 top1=1.000 | val loss=0.0020 | t=0.1s
[finetune_replay] ep  21/90 | train loss=0.0003 top1=1.000 | val loss=0.0018 | t=0.1s
[finetune_replay] ep  22/90 | train loss=0.0002 top1=1.000 | val loss=0.0020 | t=0.1s
[finetune_replay] ep  23/90 | train loss=0.0003 top1=1.000 | val loss=0.0021 | t=0.1s
[finetune_replay] ep  24/90 | train loss=0.0003 top1=1.000 | val loss=0.0023 | t=0.1s
[finetune_replay] ep  25/90 | train loss=0.0002 top1=1.000 | val loss=0.0022 | t=0.1s
[finetune_replay] ep  26/90 | train loss=0.0002 top1=1.000 | val loss=0.0020 | t=0.1s
[finetune_replay] ep  27/90 | train loss=0.0002 top1=1.000 | val loss=0.0025 | t=0.1s
[finetune_replay] ep  28/90 | train loss=0.0003 top1=1.000 | val loss=0.0021 | t=0.1s
[finetune_replay] ep  29/90 | train loss=0.0003 top1=1.000 | val loss=0.0021 | t=0.1s
[finetune_replay] ep  30/90 | train loss=0.0002 top1=1.000 | val loss=0.0021 | t=0.1s
[finetune_replay] ep  31/90 | train loss=0.0002 top1=1.000 | val loss=0.0018 | t=0.2s
[finetune_replay] ep  32/90 | train loss=0.0002 top1=1.000 | val loss=0.0017 | t=0.1s
[finetune_replay] ep  33/90 | train loss=0.0003 top1=1.000 | val loss=0.0015 | t=0.1s
[finetune_replay] ep  34/90 | train loss=0.0003 top1=1.000 | val loss=0.0015 | t=0.1s
[finetune_replay] ep  35/90 | train loss=0.0002 top1=1.000 | val loss=0.0015 | t=0.1s
[finetune_replay] ep  36/90 | train loss=0.0002 top1=1.000 | val loss=0.0015 | t=0.1s
[finetune_replay] ep  37/90 | train loss=0.0003 top1=1.000 | val loss=0.0016 | t=0.1s
[finetune_replay] ep  38/90 | train loss=0.0002 top1=1.000 | val loss=0.0016 | t=0.1s
[finetune_replay] ep  39/90 | train loss=0.0003 top1=1.000 | val loss=0.0015 | t=0.1s
[finetune_replay] ep  40/90 | train loss=0.0003 top1=1.000 | val loss=0.0014 | t=0.1s
[finetune_replay] ep  41/90 | train loss=0.0002 top1=1.000 | val loss=0.0014 | t=0.1s
[finetune_replay] ep  42/90 | train loss=0.0003 top1=1.000 | val loss=0.0014 | t=0.1s
[finetune_replay] ep  43/90 | train loss=0.0002 top1=1.000 | val loss=0.0014 | t=0.1s
[finetune_replay] ep  44/90 | train loss=0.0002 top1=1.000 | val loss=0.0014 | t=0.1s
[finetune_replay] ep  45/90 | train loss=0.0002 top1=1.000 | val loss=0.0016 | t=0.1s
[finetune_replay] ep  46/90 | train loss=0.0002 top1=1.000 | val loss=0.0016 | t=0.1s
[finetune_replay] ep  47/90 | train loss=0.0001 top1=1.000 | val loss=0.0017 | t=0.1s
[finetune_replay] ep  48/90 | train loss=0.0002 top1=1.000 | val loss=0.0015 | t=0.1s
[finetune_replay] ep  49/90 | train loss=0.0002 top1=1.000 | val loss=0.0016 | t=0.1s
[finetune_replay] ep  50/90 | train loss=0.0002 top1=1.000 | val loss=0.0019 | t=0.1s
[finetune_replay] ep  51/90 | train loss=0.0002 top1=1.000 | val loss=0.0020 | t=0.1s
[finetune_replay] ep  52/90 | train loss=0.0001 top1=1.000 | val loss=0.0017 | t=0.1s
[finetune_replay] ep  53/90 | train loss=0.0001 top1=1.000 | val loss=0.0013 | t=0.2s
[finetune_replay] ep  54/90 | train loss=0.0002 top1=1.000 | val loss=0.0015 | t=0.1s
[finetune_replay] ep  55/90 | train loss=0.0002 top1=1.000 | val loss=0.0016 | t=0.1s
[finetune_replay] ep  56/90 | train loss=0.0003 top1=1.000 | val loss=0.0016 | t=0.1s
[finetune_replay] ep  57/90 | train loss=0.0002 top1=1.000 | val loss=0.0017 | t=0.1s
[finetune_replay] ep  58/90 | train loss=0.0002 top1=1.000 | val loss=0.0017 | t=0.1s
[finetune_replay] ep  59/90 | train loss=0.0002 top1=1.000 | val loss=0.0016 | t=0.1s
[finetune_replay] ep  60/90 | train loss=0.0002 top1=1.000 | val loss=0.0013 | t=0.1s
[finetune_replay] ep  61/90 | train loss=0.0001 top1=1.000 | val loss=0.0014 | t=0.1s
[finetune_replay] ep  62/90 | train loss=0.0001 top1=1.000 | val loss=0.0016 | t=0.1s
[finetune_replay] ep  63/90 | train loss=0.0002 top1=1.000 | val loss=0.0017 | t=0.1s
[finetune_replay] ep  64/90 | train loss=0.0002 top1=1.000 | val loss=0.0017 | t=0.1s
[finetune_replay] ep  65/90 | train loss=0.0001 top1=1.000 | val loss=0.0017 | t=0.1s
[finetune_replay] ep  66/90 | train loss=0.0001 top1=1.000 | val loss=0.0019 | t=0.1s
[finetune_replay] ep  67/90 | train loss=0.0001 top1=1.000 | val loss=0.0016 | t=0.1s
[finetune_replay] ep  68/90 | train loss=0.0001 top1=1.000 | val loss=0.0015 | t=0.1s
[finetune_replay] ep  69/90 | train loss=0.0002 top1=1.000 | val loss=0.0016 | t=0.1s
[finetune_replay] ep  70/90 | train loss=0.0001 top1=1.000 | val loss=0.0015 | t=0.1s
[finetune_replay] ep  71/90 | train loss=0.0001 top1=1.000 | val loss=0.0017 | t=0.1s
[finetune_replay] ep  72/90 | train loss=0.0002 top1=1.000 | val loss=0.0016 | t=0.1s
[finetune_replay] ep  73/90 | train loss=0.0002 top1=1.000 | val loss=0.0015 | t=0.1s
[finetune_replay] ep  74/90 | train loss=0.0001 top1=1.000 | val loss=0.0017 | t=0.1s
[finetune_replay] ep  75/90 | train loss=0.0002 top1=1.000 | val loss=0.0018 | t=0.1s
[finetune_replay] ep  76/90 | train loss=0.0002 top1=1.000 | val loss=0.0018 | t=0.1s
[finetune_replay] ep  77/90 | train loss=0.0002 top1=1.000 | val loss=0.0018 | t=0.1s
[finetune_replay] ep  78/90 | train loss=0.0001 top1=1.000 | val loss=0.0019 | t=0.1s
[finetune_replay] ep  79/90 | train loss=0.0002 top1=1.000 | val loss=0.0021 | t=0.1s
[finetune_replay] ep  80/90 | train loss=0.0002 top1=1.000 | val loss=0.0023 | t=0.1s
[finetune_replay] ep  81/90 | train loss=0.0001 top1=1.000 | val loss=0.0025 | t=0.1s
[finetune_replay] ep  82/90 | train loss=0.0001 top1=1.000 | val loss=0.0022 | t=0.1s
[finetune_replay] ep  83/90 | train loss=0.0002 top1=1.000 | val loss=0.0024 | t=0.1s
[finetune_replay] ep  84/90 | train loss=0.0001 top1=1.000 | val loss=0.0016 | t=0.1s
[finetune_replay] ep  85/90 | train loss=0.0002 top1=1.000 | val loss=0.0014 | t=0.1s
[finetune_replay] ep  86/90 | train loss=0.0002 top1=1.000 | val loss=0.0015 | t=0.1s
[finetune_replay] ep  87/90 | train loss=0.0002 top1=1.000 | val loss=0.0015 | t=0.1s
[finetune_replay] ep  88/90 | train loss=0.0001 top1=1.000 | val loss=0.0015 | t=0.1s
[finetune_replay] ep  89/90 | train loss=0.0002 top1=1.000 | val loss=0.0017 | t=0.1s
[finetune_replay] ep  90/90 | train loss=0.0002 top1=1.000 | val loss=0.0015 | t=0.1s
[finetune_replay] DONE best_val_loss=0.0010 @ epoch 9
[19:54:49] [bo-budget] $ /home/s226137394/.conda/envs/maze/bin/python3 -u -m Equivariant_pathway.equivariant_CNN_hybrid.rollout_test --checkpoint /weka/s226137394/DmNfull/Equivariant_pathway/equivariant_CNN_hybrid/baseline_vs_p4/pool_x_selector/results_hpsweep/e90_lr0.0001_rm0.3_do0/run_6/p4_top3_rotate/checkpoints/best_hybrid_policy.pth --layouts /weka/s226137394/DmNfull/Equivariant_pathway/equivariant_CNN_hybrid/baseline_vs_p4/shared/heldout_layouts.yaml --out_dir /weka/s226137394/DmNfull/Equivariant_pathway/equivariant_CNN_hybrid/baseline_vs_p4/pool_x_selector/results_hpsweep/e90_lr0.0001_rm0.3_do0/run_6/p4_top3_rotate/results/eval_round_014 --seed 20 --max_steps 60
[hybrid-rollout] 200 unique; running 200 eps
[hybrid-rollout] loaded /weka/s226137394/DmNfull/Equivariant_pathway/equivariant_CNN_hybrid/baseline_vs_p4/pool_x_selector/results_hpsweep/e90_lr0.0001_rm0.3_do0/run_6/p4_top3_rotate/checkpoints/best_hybrid_policy.pth
[hybrid-rollout] ep 0 (heldout_001): steps=5 success=True
[hybrid-rollout] ep 1 (heldout_002): steps=4 success=True
[hybrid-rollout] ep 2 (heldout_003): steps=4 success=True
[hybrid-rollout] ep 3 (heldout_004): steps=6 success=True
[hybrid-rollout] ep 4 (heldout_005): steps=5 success=True
[hybrid-rollout] ep 5 (heldout_006): steps=3 success=False
[hybrid-rollout] ep 6 (heldout_007): steps=5 success=True
[hybrid-rollout] ep 7 (heldout_008): steps=4 success=True
[hybrid-rollout] ep 8 (heldout_009): steps=2 success=False
[hybrid-rollout] ep 9 (heldout_010): steps=10 success=True
[hybrid-rollout] ep 10 (heldout_011): steps=4 success=True
[hybrid-rollout] ep 11 (heldout_012): steps=4 success=True
[hybrid-rollout] ep 12 (heldout_013): steps=5 success=True
[hybrid-rollout] ep 13 (heldout_014): steps=5 success=True
[hybrid-rollout] ep 14 (heldout_015): steps=4 success=True
[hybrid-rollout] ep 15 (heldout_016): steps=5 success=True
[hybrid-rollout] ep 16 (heldout_017): steps=4 success=True
[hybrid-rollout] ep 17 (heldout_018): steps=60 success=False
[hybrid-rollout] ep 18 (heldout_019): steps=5 success=True
[hybrid-rollout] ep 19 (heldout_020): steps=5 success=True
[hybrid-rollout] ep 20 (heldout_021): steps=4 success=True
[hybrid-rollout] ep 21 (heldout_022): steps=4 success=True
[hybrid-rollout] ep 22 (heldout_023): steps=7 success=True
[hybrid-rollout] ep 23 (heldout_024): steps=60 success=False
[hybrid-rollout] ep 24 (heldout_025): steps=4 success=True
[hybrid-rollout] ep 25 (heldout_026): steps=4 success=True
[hybrid-rollout] ep 26 (heldout_027): steps=4 success=True
[hybrid-rollout] ep 27 (heldout_028): steps=4 success=True
[hybrid-rollout] ep 28 (heldout_029): steps=5 success=True
[hybrid-rollout] ep 29 (heldout_030): steps=60 success=False
[hybrid-rollout] ep 30 (heldout_031): steps=5 success=True
[hybrid-rollout] ep 31 (heldout_032): steps=7 success=True
[hybrid-rollout] ep 32 (heldout_033): steps=4 success=True
[hybrid-rollout] ep 33 (heldout_034): steps=5 success=True
[hybrid-rollout] ep 34 (heldout_035): steps=6 success=True
[hybrid-rollout] ep 35 (heldout_036): steps=5 success=True
[hybrid-rollout] ep 36 (heldout_037): steps=4 success=True
[hybrid-rollout] ep 37 (heldout_038): steps=60 success=False
[hybrid-rollout] ep 38 (heldout_039): steps=6 success=True
[hybrid-rollout] ep 39 (heldout_040): steps=5 success=True
[hybrid-rollout] ep 40 (heldout_041): steps=6 success=True
[hybrid-rollout] ep 41 (heldout_042): steps=60 success=False
[hybrid-rollout] ep 42 (heldout_043): steps=4 success=True
[hybrid-rollout] ep 43 (heldout_044): steps=5 success=True
[hybrid-rollout] ep 44 (heldout_045): steps=5 success=True
[hybrid-rollout] ep 45 (heldout_046): steps=4 success=True
[hybrid-rollout] ep 46 (heldout_047): steps=4 success=True
[hybrid-rollout] ep 47 (heldout_048): steps=6 success=True
[hybrid-rollout] ep 48 (heldout_049): steps=5 success=True
[hybrid-rollout] ep 49 (heldout_050): steps=4 success=True
[hybrid-rollout] ep 50 (heldout_051): steps=4 success=True
[hybrid-rollout] ep 51 (heldout_052): steps=4 success=True
[hybrid-rollout] ep 52 (heldout_053): steps=6 success=True
[hybrid-rollout] ep 53 (heldout_054): steps=4 success=True
[hybrid-rollout] ep 54 (heldout_055): steps=60 success=False
[hybrid-rollout] ep 55 (heldout_056): steps=4 success=True
[hybrid-rollout] ep 56 (heldout_057): steps=4 success=True
[hybrid-rollout] ep 57 (heldout_058): steps=4 success=True
[hybrid-rollout] ep 58 (heldout_059): steps=5 success=True
[hybrid-rollout] ep 59 (heldout_060): steps=6 success=True
[hybrid-rollout] ep 60 (heldout_061): steps=5 success=True
[hybrid-rollout] ep 61 (heldout_062): steps=6 success=True
[hybrid-rollout] ep 62 (heldout_063): steps=5 success=True
[hybrid-rollout] ep 63 (heldout_064): steps=4 success=True
[hybrid-rollout] ep 64 (heldout_065): steps=7 success=True
[hybrid-rollout] ep 65 (heldout_066): steps=6 success=True
[hybrid-rollout] ep 66 (heldout_067): steps=5 success=True
[hybrid-rollout] ep 67 (heldout_068): steps=4 success=True
[hybrid-rollout] ep 68 (heldout_069): steps=4 success=True
[hybrid-rollout] ep 69 (heldout_070): steps=7 success=True
[hybrid-rollout] ep 70 (heldout_071): steps=5 success=True
[hybrid-rollout] ep 71 (heldout_072): steps=5 success=True
[hybrid-rollout] ep 72 (heldout_073): steps=60 success=False
[hybrid-rollout] ep 73 (heldout_074): steps=4 success=True
[hybrid-rollout] ep 74 (heldout_075): steps=5 success=True
[hybrid-rollout] ep 75 (heldout_076): steps=7 success=True
[hybrid-rollout] ep 76 (heldout_077): steps=4 success=True
[hybrid-rollout] ep 77 (heldout_078): steps=3 success=False
[hybrid-rollout] ep 78 (heldout_079): steps=4 success=True
[hybrid-rollout] ep 79 (heldout_080): steps=4 success=True
[hybrid-rollout] ep 80 (heldout_081): steps=5 success=True
[hybrid-rollout] ep 81 (heldout_082): steps=5 success=True
[hybrid-rollout] ep 82 (heldout_083): steps=4 success=True
[hybrid-rollout] ep 83 (heldout_084): steps=5 success=True
[hybrid-rollout] ep 84 (heldout_085): steps=60 success=False
[hybrid-rollout] ep 85 (heldout_086): steps=6 success=True
[hybrid-rollout] ep 86 (heldout_087): steps=7 success=True
[hybrid-rollout] ep 87 (heldout_088): steps=4 success=True
[hybrid-rollout] ep 88 (heldout_089): steps=3 success=False
[hybrid-rollout] ep 89 (heldout_090): steps=4 success=True
[hybrid-rollout] ep 90 (heldout_091): steps=5 success=True
[hybrid-rollout] ep 91 (heldout_092): steps=5 success=True
[hybrid-rollout] ep 92 (heldout_093): steps=6 success=True
[hybrid-rollout] ep 93 (heldout_094): steps=6 success=True
[hybrid-rollout] ep 94 (heldout_095): steps=7 success=True
[hybrid-rollout] ep 95 (heldout_096): steps=5 success=True
[hybrid-rollout] ep 96 (heldout_097): steps=5 success=True
[hybrid-rollout] ep 97 (heldout_098): steps=5 success=True
[hybrid-rollout] ep 98 (heldout_099): steps=6 success=True
[hybrid-rollout] ep 99 (heldout_100): steps=60 success=False
[hybrid-rollout] ep 100 (heldout_101): steps=4 success=True
[hybrid-rollout] ep 101 (heldout_102): steps=4 success=True
[hybrid-rollout] ep 102 (heldout_103): steps=60 success=False
[hybrid-rollout] ep 103 (heldout_104): steps=6 success=True
[hybrid-rollout] ep 104 (heldout_105): steps=4 success=True
[hybrid-rollout] ep 105 (heldout_106): steps=6 success=True
[hybrid-rollout] ep 106 (heldout_107): steps=4 success=True
[hybrid-rollout] ep 107 (heldout_108): steps=4 success=True
[hybrid-rollout] ep 108 (heldout_109): steps=4 success=True
[hybrid-rollout] ep 109 (heldout_110): steps=4 success=True
[hybrid-rollout] ep 110 (heldout_111): steps=5 success=False
[hybrid-rollout] ep 111 (heldout_112): steps=5 success=True
[hybrid-rollout] ep 112 (heldout_113): steps=5 success=True
[hybrid-rollout] ep 113 (heldout_114): steps=60 success=False
[hybrid-rollout] ep 114 (heldout_115): steps=4 success=True
[hybrid-rollout] ep 115 (heldout_116): steps=5 success=True
[hybrid-rollout] ep 116 (heldout_117): steps=5 success=True
[hybrid-rollout] ep 117 (heldout_118): steps=6 success=False
[hybrid-rollout] ep 118 (heldout_119): steps=4 success=True
[hybrid-rollout] ep 119 (heldout_120): steps=7 success=True
[hybrid-rollout] ep 120 (heldout_121): steps=4 success=True
[hybrid-rollout] ep 121 (heldout_122): steps=4 success=True
[hybrid-rollout] ep 122 (heldout_123): steps=6 success=True
[hybrid-rollout] ep 123 (heldout_124): steps=8 success=True
[hybrid-rollout] ep 124 (heldout_125): steps=4 success=True
[hybrid-rollout] ep 125 (heldout_126): steps=4 success=True
[hybrid-rollout] ep 126 (heldout_127): steps=4 success=False
[hybrid-rollout] ep 127 (heldout_128): steps=7 success=True
[hybrid-rollout] ep 128 (heldout_129): steps=4 success=True
[hybrid-rollout] ep 129 (heldout_130): steps=4 success=True
[hybrid-rollout] ep 130 (heldout_131): steps=5 success=False
[hybrid-rollout] ep 131 (heldout_132): steps=4 success=True
[hybrid-rollout] ep 132 (heldout_133): steps=4 success=True
[hybrid-rollout] ep 133 (heldout_134): steps=7 success=True
[hybrid-rollout] ep 134 (heldout_135): steps=6 success=True
[hybrid-rollout] ep 135 (heldout_136): steps=5 success=True
[hybrid-rollout] ep 136 (heldout_137): steps=5 success=True
[hybrid-rollout] ep 137 (heldout_138): steps=4 success=True
[hybrid-rollout] ep 138 (heldout_139): steps=4 success=True
[hybrid-rollout] ep 139 (heldout_140): steps=5 success=True
[hybrid-rollout] ep 140 (heldout_141): steps=5 success=True
[hybrid-rollout] ep 141 (heldout_142): steps=4 success=True
[hybrid-rollout] ep 142 (heldout_143): steps=6 success=True
[hybrid-rollout] ep 143 (heldout_144): steps=4 success=True
[hybrid-rollout] ep 144 (heldout_145): steps=5 success=True
[hybrid-rollout] ep 145 (heldout_146): steps=7 success=True
[hybrid-rollout] ep 146 (heldout_147): steps=4 success=True
[hybrid-rollout] ep 147 (heldout_148): steps=60 success=False
[hybrid-rollout] ep 148 (heldout_149): steps=5 success=True
[hybrid-rollout] ep 149 (heldout_150): steps=4 success=True
[hybrid-rollout] ep 150 (heldout_151): steps=5 success=True
[hybrid-rollout] ep 151 (heldout_152): steps=6 success=True
[hybrid-rollout] ep 152 (heldout_153): steps=5 success=True
[hybrid-rollout] ep 153 (heldout_154): steps=60 success=False
[hybrid-rollout] ep 154 (heldout_155): steps=6 success=True
[hybrid-rollout] ep 155 (heldout_156): steps=3 success=False
[hybrid-rollout] ep 156 (heldout_157): steps=4 success=True
[hybrid-rollout] ep 157 (heldout_158): steps=3 success=False
[hybrid-rollout] ep 158 (heldout_159): steps=6 success=True
[hybrid-rollout] ep 159 (heldout_160): steps=4 success=True
[hybrid-rollout] ep 160 (heldout_161): steps=60 success=False
[hybrid-rollout] ep 161 (heldout_162): steps=5 success=True
[hybrid-rollout] ep 162 (heldout_163): steps=4 success=True
[hybrid-rollout] ep 163 (heldout_164): steps=6 success=True
[hybrid-rollout] ep 164 (heldout_165): steps=5 success=True
[hybrid-rollout] ep 165 (heldout_166): steps=4 success=True
[hybrid-rollout] ep 166 (heldout_167): steps=4 success=True
[hybrid-rollout] ep 167 (heldout_168): steps=4 success=True
[hybrid-rollout] ep 168 (heldout_169): steps=6 success=True
[hybrid-rollout] ep 169 (heldout_170): steps=5 success=False
[hybrid-rollout] ep 170 (heldout_171): steps=4 success=True
[hybrid-rollout] ep 171 (heldout_172): steps=5 success=True
[hybrid-rollout] ep 172 (heldout_173): steps=4 success=True
[hybrid-rollout] ep 173 (heldout_174): steps=5 success=True
[hybrid-rollout] ep 174 (heldout_175): steps=5 success=True
[hybrid-rollout] ep 175 (heldout_176): steps=6 success=True
[hybrid-rollout] ep 176 (heldout_177): steps=6 success=True
[hybrid-rollout] ep 177 (heldout_178): steps=5 success=True
[hybrid-rollout] ep 178 (heldout_179): steps=5 success=True
[hybrid-rollout] ep 179 (heldout_180): steps=4 success=True
[hybrid-rollout] ep 180 (heldout_181): steps=5 success=True
[hybrid-rollout] ep 181 (heldout_182): steps=4 success=True
[hybrid-rollout] ep 182 (heldout_183): steps=5 success=True
[hybrid-rollout] ep 183 (heldout_184): steps=7 success=True
[hybrid-rollout] ep 184 (heldout_185): steps=5 success=True
[hybrid-rollout] ep 185 (heldout_186): steps=4 success=True
[hybrid-rollout] ep 186 (heldout_187): steps=5 success=True
[hybrid-rollout] ep 187 (heldout_188): steps=5 success=True
[hybrid-rollout] ep 188 (heldout_189): steps=5 success=True
[hybrid-rollout] ep 189 (heldout_190): steps=7 success=True
[hybrid-rollout] ep 190 (heldout_191): steps=4 success=True
[hybrid-rollout] ep 191 (heldout_192): steps=5 success=True
[hybrid-rollout] ep 192 (heldout_193): steps=7 success=True
[hybrid-rollout] ep 193 (heldout_194): steps=6 success=True
[hybrid-rollout] ep 194 (heldout_195): steps=5 success=True
[hybrid-rollout] ep 195 (heldout_196): steps=4 success=True
[hybrid-rollout] ep 196 (heldout_197): steps=5 success=True
[hybrid-rollout] ep 197 (heldout_198): steps=4 success=True
[hybrid-rollout] ep 198 (heldout_199): steps=4 success=True
[hybrid-rollout] ep 199 (heldout_200): steps=4 success=True
[hybrid-rollout] DONE successes=175/200
[19:55:51] [replay_p4] run 6 round 14: extras=14 heldout_sr=0.875
[19:55:51] [replay_p4] $ /home/s226137394/.conda/envs/maze/bin/python3 -u -m Equivariant_pathway.equivariant_CNN_hybrid.baseline_vs_p4.pool_x_selector.trainer.finetune_replay --demo_dir /weka/s226137394/DmNfull/Equivariant_pathway/equivariant_CNN_hybrid/baseline_vs_p4/pool_x_selector/results_hpsweep/e90_lr0.0001_rm0.3_do0/run_6/p4_top3_rotate/demos --checkpoint_dir /weka/s226137394/DmNfull/Equivariant_pathway/equivariant_CNN_hybrid/baseline_vs_p4/pool_x_selector/results_hpsweep/e90_lr0.0001_rm0.3_do0/run_6/p4_top3_rotate/checkpoints --epochs 90 --batch_size 64 --lr 0.0001 --weight_decay 0.0001 --replay_mix 0.3 --replay_mix_floor 0.2 --head_dropout 0.0 --seed 6 --resume --new_demos_dir /weka/s226137394/DmNfull/Equivariant_pathway/equivariant_CNN_hybrid/baseline_vs_p4/pool_x_selector/results_hpsweep/e90_lr0.0001_rm0.3_do0/run_6/p4_top3_rotate/demos/round_015
[finetune_replay] device=cuda demo_dir=/weka/s226137394/DmNfull/Equivariant_pathway/equivariant_CNN_hybrid/baseline_vs_p4/pool_x_selector/results_hpsweep/e90_lr0.0001_rm0.3_do0/run_6/p4_top3_rotate/demos new_demos_dir=/weka/s226137394/DmNfull/Equivariant_pathway/equivariant_CNN_hybrid/baseline_vs_p4/pool_x_selector/results_hpsweep/e90_lr0.0001_rm0.3_do0/run_6/p4_top3_rotate/demos/round_015
[hybrid-dataset] 34 demos -> 179 samples
[hybrid-dataset] 1 demos -> 8 samples
[finetune_replay] sampler audit: {'n_old_samples': 179, 'n_new_samples': 8, 'replay_mix_target': 0.3, 'replay_mix_effective': 0.3, 'replay_mix_floor': 0.2}
[finetune_replay] trainable params: 1,400,028
[finetune_replay] WARM START from last_hybrid_policy.pth
[finetune_replay] ep   1/90 | train loss=0.2888 top1=0.970 | val loss=0.0548 | t=0.8s  *
[finetune_replay] ep   2/90 | train loss=0.0318 top1=1.000 | val loss=0.0200 | t=0.3s  *
[finetune_replay] ep   3/90 | train loss=0.0082 top1=1.000 | val loss=0.0139 | t=0.1s  *
[finetune_replay] ep   4/90 | train loss=0.0054 top1=1.000 | val loss=0.0144 | t=0.1s
[finetune_replay] ep   5/90 | train loss=0.0057 top1=1.000 | val loss=0.0062 | t=0.2s  *
[finetune_replay] ep   6/90 | train loss=0.0018 top1=1.000 | val loss=0.0032 | t=0.1s  *
[finetune_replay] ep   7/90 | train loss=0.0015 top1=1.000 | val loss=0.0032 | t=0.1s  *
[finetune_replay] ep   8/90 | train loss=0.0011 top1=1.000 | val loss=0.0034 | t=0.1s
[finetune_replay] ep   9/90 | train loss=0.0009 top1=1.000 | val loss=0.0041 | t=0.1s
[finetune_replay] ep  10/90 | train loss=0.0011 top1=1.000 | val loss=0.0038 | t=0.1s
[finetune_replay] ep  11/90 | train loss=0.0010 top1=1.000 | val loss=0.0038 | t=0.1s
[finetune_replay] ep  12/90 | train loss=0.0006 top1=1.000 | val loss=0.0036 | t=0.1s
[finetune_replay] ep  13/90 | train loss=0.0007 top1=1.000 | val loss=0.0038 | t=0.2s
[finetune_replay] ep  14/90 | train loss=0.0007 top1=1.000 | val loss=0.0036 | t=0.1s
[finetune_replay] ep  15/90 | train loss=0.0006 top1=1.000 | val loss=0.0034 | t=0.1s
[finetune_replay] ep  16/90 | train loss=0.0006 top1=1.000 | val loss=0.0036 | t=0.1s
[finetune_replay] ep  17/90 | train loss=0.0004 top1=1.000 | val loss=0.0042 | t=0.1s
[finetune_replay] ep  18/90 | train loss=0.0003 top1=1.000 | val loss=0.0043 | t=0.1s
[finetune_replay] ep  19/90 | train loss=0.0005 top1=1.000 | val loss=0.0041 | t=0.1s
[finetune_replay] ep  20/90 | train loss=0.0004 top1=1.000 | val loss=0.0032 | t=0.1s
[finetune_replay] ep  21/90 | train loss=0.0004 top1=1.000 | val loss=0.0027 | t=0.2s  *
[finetune_replay] ep  22/90 | train loss=0.0004 top1=1.000 | val loss=0.0026 | t=0.1s  *
[finetune_replay] ep  23/90 | train loss=0.0004 top1=1.000 | val loss=0.0026 | t=0.1s  *
[finetune_replay] ep  24/90 | train loss=0.0004 top1=1.000 | val loss=0.0026 | t=0.1s  *
[finetune_replay] ep  25/90 | train loss=0.0003 top1=1.000 | val loss=0.0028 | t=0.1s
[finetune_replay] ep  26/90 | train loss=0.0003 top1=1.000 | val loss=0.0030 | t=0.1s
[finetune_replay] ep  27/90 | train loss=0.0003 top1=1.000 | val loss=0.0029 | t=0.1s
[finetune_replay] ep  28/90 | train loss=0.0004 top1=1.000 | val loss=0.0026 | t=0.1s
[finetune_replay] ep  29/90 | train loss=0.0003 top1=1.000 | val loss=0.0025 | t=0.1s  *
[finetune_replay] ep  30/90 | train loss=0.0004 top1=1.000 | val loss=0.0023 | t=0.1s  *
[finetune_replay] ep  31/90 | train loss=0.0002 top1=1.000 | val loss=0.0026 | t=0.1s
[finetune_replay] ep  32/90 | train loss=0.0003 top1=1.000 | val loss=0.0028 | t=0.1s
[finetune_replay] ep  33/90 | train loss=0.0003 top1=1.000 | val loss=0.0025 | t=0.1s
[finetune_replay] ep  34/90 | train loss=0.0003 top1=1.000 | val loss=0.0025 | t=0.1s
[finetune_replay] ep  35/90 | train loss=0.0004 top1=1.000 | val loss=0.0025 | t=0.1s
[finetune_replay] ep  36/90 | train loss=0.0002 top1=1.000 | val loss=0.0024 | t=0.1s
[finetune_replay] ep  37/90 | train loss=0.0002 top1=1.000 | val loss=0.0025 | t=0.1s
[finetune_replay] ep  38/90 | train loss=0.0002 top1=1.000 | val loss=0.0025 | t=0.1s
[finetune_replay] ep  39/90 | train loss=0.0003 top1=1.000 | val loss=0.0024 | t=0.1s
[finetune_replay] ep  40/90 | train loss=0.0002 top1=1.000 | val loss=0.0025 | t=0.1s
[finetune_replay] ep  41/90 | train loss=0.0003 top1=1.000 | val loss=0.0025 | t=0.1s
[finetune_replay] ep  42/90 | train loss=0.0002 top1=1.000 | val loss=0.0029 | t=0.1s
[finetune_replay] ep  43/90 | train loss=0.0003 top1=1.000 | val loss=0.0027 | t=0.2s
[finetune_replay] ep  44/90 | train loss=0.0003 top1=1.000 | val loss=0.0027 | t=0.1s
[finetune_replay] ep  45/90 | train loss=0.0003 top1=1.000 | val loss=0.0025 | t=0.1s
[finetune_replay] ep  46/90 | train loss=0.0002 top1=1.000 | val loss=0.0025 | t=0.1s
[finetune_replay] ep  47/90 | train loss=0.0002 top1=1.000 | val loss=0.0025 | t=0.1s
[finetune_replay] ep  48/90 | train loss=0.0002 top1=1.000 | val loss=0.0024 | t=0.1s
[finetune_replay] ep  49/90 | train loss=0.0002 top1=1.000 | val loss=0.0023 | t=0.1s  *
[finetune_replay] ep  50/90 | train loss=0.0002 top1=1.000 | val loss=0.0023 | t=0.1s  *
[finetune_replay] ep  51/90 | train loss=0.0003 top1=1.000 | val loss=0.0022 | t=0.1s  *
[finetune_replay] ep  52/90 | train loss=0.0002 top1=1.000 | val loss=0.0021 | t=0.1s  *
[finetune_replay] ep  53/90 | train loss=0.0003 top1=1.000 | val loss=0.0021 | t=0.1s  *
[finetune_replay] ep  54/90 | train loss=0.0002 top1=1.000 | val loss=0.0020 | t=0.1s  *
[finetune_replay] ep  55/90 | train loss=0.0002 top1=1.000 | val loss=0.0019 | t=0.2s  *
[finetune_replay] ep  56/90 | train loss=0.0002 top1=1.000 | val loss=0.0019 | t=0.1s
[finetune_replay] ep  57/90 | train loss=0.0002 top1=1.000 | val loss=0.0021 | t=0.1s
[finetune_replay] ep  58/90 | train loss=0.0002 top1=1.000 | val loss=0.0021 | t=0.1s
[finetune_replay] ep  59/90 | train loss=0.0002 top1=1.000 | val loss=0.0022 | t=0.1s
[finetune_replay] ep  60/90 | train loss=0.0002 top1=1.000 | val loss=0.0021 | t=0.1s
[finetune_replay] ep  61/90 | train loss=0.0002 top1=1.000 | val loss=0.0021 | t=0.1s
[finetune_replay] ep  62/90 | train loss=0.0002 top1=1.000 | val loss=0.0021 | t=0.1s
[finetune_replay] ep  63/90 | train loss=0.0002 top1=1.000 | val loss=0.0021 | t=0.1s
[finetune_replay] ep  64/90 | train loss=0.0002 top1=1.000 | val loss=0.0020 | t=0.1s
[finetune_replay] ep  65/90 | train loss=0.0002 top1=1.000 | val loss=0.0020 | t=0.1s
[finetune_replay] ep  66/90 | train loss=0.0002 top1=1.000 | val loss=0.0021 | t=0.1s
[finetune_replay] ep  67/90 | train loss=0.0002 top1=1.000 | val loss=0.0020 | t=0.1s
[finetune_replay] ep  68/90 | train loss=0.0002 top1=1.000 | val loss=0.0020 | t=0.1s
[finetune_replay] ep  69/90 | train loss=0.0002 top1=1.000 | val loss=0.0021 | t=0.1s
[finetune_replay] ep  70/90 | train loss=0.0002 top1=1.000 | val loss=0.0021 | t=0.1s
[finetune_replay] ep  71/90 | train loss=0.0002 top1=1.000 | val loss=0.0021 | t=0.1s
[finetune_replay] ep  72/90 | train loss=0.0002 top1=1.000 | val loss=0.0020 | t=0.1s
[finetune_replay] ep  73/90 | train loss=0.0003 top1=1.000 | val loss=0.0021 | t=0.1s
[finetune_replay] ep  74/90 | train loss=0.0002 top1=1.000 | val loss=0.0021 | t=0.1s
[finetune_replay] ep  75/90 | train loss=0.0002 top1=1.000 | val loss=0.0020 | t=0.1s
[finetune_replay] ep  76/90 | train loss=0.0002 top1=1.000 | val loss=0.0019 | t=0.1s
[finetune_replay] ep  77/90 | train loss=0.0002 top1=1.000 | val loss=0.0020 | t=0.1s
[finetune_replay] ep  78/90 | train loss=0.0003 top1=1.000 | val loss=0.0020 | t=0.1s
[finetune_replay] ep  79/90 | train loss=0.0002 top1=1.000 | val loss=0.0019 | t=0.1s
[finetune_replay] ep  80/90 | train loss=0.0002 top1=1.000 | val loss=0.0021 | t=0.1s
[finetune_replay] ep  81/90 | train loss=0.0002 top1=1.000 | val loss=0.0021 | t=0.1s
[finetune_replay] ep  82/90 | train loss=0.0002 top1=1.000 | val loss=0.0021 | t=0.1s
[finetune_replay] ep  83/90 | train loss=0.0002 top1=1.000 | val loss=0.0021 | t=0.1s
[finetune_replay] ep  84/90 | train loss=0.0002 top1=1.000 | val loss=0.0020 | t=0.1s
[finetune_replay] ep  85/90 | train loss=0.0002 top1=1.000 | val loss=0.0020 | t=0.2s
[finetune_replay] ep  86/90 | train loss=0.0002 top1=1.000 | val loss=0.0021 | t=0.1s
[finetune_replay] ep  87/90 | train loss=0.0002 top1=1.000 | val loss=0.0021 | t=0.1s
[finetune_replay] ep  88/90 | train loss=0.0002 top1=1.000 | val loss=0.0022 | t=0.1s
[finetune_replay] ep  89/90 | train loss=0.0002 top1=1.000 | val loss=0.0021 | t=0.1s
[finetune_replay] ep  90/90 | train loss=0.0002 top1=1.000 | val loss=0.0020 | t=0.1s
[finetune_replay] DONE best_val_loss=0.0019 @ epoch 55
[19:56:19] [bo-budget] $ /home/s226137394/.conda/envs/maze/bin/python3 -u -m Equivariant_pathway.equivariant_CNN_hybrid.rollout_test --checkpoint /weka/s226137394/DmNfull/Equivariant_pathway/equivariant_CNN_hybrid/baseline_vs_p4/pool_x_selector/results_hpsweep/e90_lr0.0001_rm0.3_do0/run_6/p4_top3_rotate/checkpoints/best_hybrid_policy.pth --layouts /weka/s226137394/DmNfull/Equivariant_pathway/equivariant_CNN_hybrid/baseline_vs_p4/shared/heldout_layouts.yaml --out_dir /weka/s226137394/DmNfull/Equivariant_pathway/equivariant_CNN_hybrid/baseline_vs_p4/pool_x_selector/results_hpsweep/e90_lr0.0001_rm0.3_do0/run_6/p4_top3_rotate/results/eval_round_015 --seed 21 --max_steps 60
[hybrid-rollout] 200 unique; running 200 eps
[hybrid-rollout] loaded /weka/s226137394/DmNfull/Equivariant_pathway/equivariant_CNN_hybrid/baseline_vs_p4/pool_x_selector/results_hpsweep/e90_lr0.0001_rm0.3_do0/run_6/p4_top3_rotate/checkpoints/best_hybrid_policy.pth
[hybrid-rollout] ep 0 (heldout_001): steps=5 success=True
[hybrid-rollout] ep 1 (heldout_002): steps=4 success=True
[hybrid-rollout] ep 2 (heldout_003): steps=4 success=True
[hybrid-rollout] ep 3 (heldout_004): steps=6 success=True
[hybrid-rollout] ep 4 (heldout_005): steps=5 success=True
[hybrid-rollout] ep 5 (heldout_006): steps=3 success=False
[hybrid-rollout] ep 6 (heldout_007): steps=5 success=True
[hybrid-rollout] ep 7 (heldout_008): steps=4 success=True
[hybrid-rollout] ep 8 (heldout_009): steps=6 success=True
[hybrid-rollout] ep 9 (heldout_010): steps=10 success=True
[hybrid-rollout] ep 10 (heldout_011): steps=4 success=True
[hybrid-rollout] ep 11 (heldout_012): steps=4 success=True
[hybrid-rollout] ep 12 (heldout_013): steps=5 success=True
[hybrid-rollout] ep 13 (heldout_014): steps=5 success=True
[hybrid-rollout] ep 14 (heldout_015): steps=4 success=True
[hybrid-rollout] ep 15 (heldout_016): steps=5 success=True
[hybrid-rollout] ep 16 (heldout_017): steps=4 success=True
[hybrid-rollout] ep 17 (heldout_018): steps=60 success=False
[hybrid-rollout] ep 18 (heldout_019): steps=5 success=True
[hybrid-rollout] ep 19 (heldout_020): steps=5 success=True
[hybrid-rollout] ep 20 (heldout_021): steps=4 success=True
[hybrid-rollout] ep 21 (heldout_022): steps=4 success=True
[hybrid-rollout] ep 22 (heldout_023): steps=7 success=True
[hybrid-rollout] ep 23 (heldout_024): steps=60 success=False
[hybrid-rollout] ep 24 (heldout_025): steps=4 success=True
[hybrid-rollout] ep 25 (heldout_026): steps=4 success=True
[hybrid-rollout] ep 26 (heldout_027): steps=4 success=True
[hybrid-rollout] ep 27 (heldout_028): steps=4 success=True
[hybrid-rollout] ep 28 (heldout_029): steps=5 success=True
[hybrid-rollout] ep 29 (heldout_030): steps=5 success=True
[hybrid-rollout] ep 30 (heldout_031): steps=5 success=True
[hybrid-rollout] ep 31 (heldout_032): steps=5 success=True
[hybrid-rollout] ep 32 (heldout_033): steps=4 success=True
[hybrid-rollout] ep 33 (heldout_034): steps=5 success=True
[hybrid-rollout] ep 34 (heldout_035): steps=6 success=True
[hybrid-rollout] ep 35 (heldout_036): steps=5 success=True
[hybrid-rollout] ep 36 (heldout_037): steps=4 success=True
[hybrid-rollout] ep 37 (heldout_038): steps=5 success=True
[hybrid-rollout] ep 38 (heldout_039): steps=6 success=True
[hybrid-rollout] ep 39 (heldout_040): steps=5 success=True
[hybrid-rollout] ep 40 (heldout_041): steps=6 success=True
[hybrid-rollout] ep 41 (heldout_042): steps=60 success=False
[hybrid-rollout] ep 42 (heldout_043): steps=4 success=True
[hybrid-rollout] ep 43 (heldout_044): steps=5 success=True
[hybrid-rollout] ep 44 (heldout_045): steps=5 success=True
[hybrid-rollout] ep 45 (heldout_046): steps=4 success=True
[hybrid-rollout] ep 46 (heldout_047): steps=4 success=True
[hybrid-rollout] ep 47 (heldout_048): steps=6 success=True
[hybrid-rollout] ep 48 (heldout_049): steps=5 success=True
[hybrid-rollout] ep 49 (heldout_050): steps=4 success=True
[hybrid-rollout] ep 50 (heldout_051): steps=4 success=True
[hybrid-rollout] ep 51 (heldout_052): steps=4 success=True
[hybrid-rollout] ep 52 (heldout_053): steps=6 success=True
[hybrid-rollout] ep 53 (heldout_054): steps=4 success=True
[hybrid-rollout] ep 54 (heldout_055): steps=60 success=False
[hybrid-rollout] ep 55 (heldout_056): steps=4 success=True
[hybrid-rollout] ep 56 (heldout_057): steps=4 success=True
[hybrid-rollout] ep 57 (heldout_058): steps=4 success=True
[hybrid-rollout] ep 58 (heldout_059): steps=5 success=True
[hybrid-rollout] ep 59 (heldout_060): steps=6 success=True
[hybrid-rollout] ep 60 (heldout_061): steps=5 success=True
[hybrid-rollout] ep 61 (heldout_062): steps=6 success=True
[hybrid-rollout] ep 62 (heldout_063): steps=5 success=True
[hybrid-rollout] ep 63 (heldout_064): steps=4 success=True
[hybrid-rollout] ep 64 (heldout_065): steps=7 success=True
[hybrid-rollout] ep 65 (heldout_066): steps=6 success=True
[hybrid-rollout] ep 66 (heldout_067): steps=5 success=True
[hybrid-rollout] ep 67 (heldout_068): steps=4 success=True
[hybrid-rollout] ep 68 (heldout_069): steps=4 success=True
[hybrid-rollout] ep 69 (heldout_070): steps=7 success=True
[hybrid-rollout] ep 70 (heldout_071): steps=5 success=True
[hybrid-rollout] ep 71 (heldout_072): steps=5 success=True
[hybrid-rollout] ep 72 (heldout_073): steps=6 success=True
[hybrid-rollout] ep 73 (heldout_074): steps=4 success=True
[hybrid-rollout] ep 74 (heldout_075): steps=5 success=True
[hybrid-rollout] ep 75 (heldout_076): steps=7 success=True
[hybrid-rollout] ep 76 (heldout_077): steps=4 success=True
[hybrid-rollout] ep 77 (heldout_078): steps=3 success=False
[hybrid-rollout] ep 78 (heldout_079): steps=4 success=True
[hybrid-rollout] ep 79 (heldout_080): steps=4 success=True
[hybrid-rollout] ep 80 (heldout_081): steps=5 success=True
[hybrid-rollout] ep 81 (heldout_082): steps=5 success=True
[hybrid-rollout] ep 82 (heldout_083): steps=4 success=True
[hybrid-rollout] ep 83 (heldout_084): steps=5 success=True
[hybrid-rollout] ep 84 (heldout_085): steps=60 success=False
[hybrid-rollout] ep 85 (heldout_086): steps=6 success=True
[hybrid-rollout] ep 86 (heldout_087): steps=7 success=True
[hybrid-rollout] ep 87 (heldout_088): steps=4 success=True
[hybrid-rollout] ep 88 (heldout_089): steps=3 success=False
[hybrid-rollout] ep 89 (heldout_090): steps=4 success=True
[hybrid-rollout] ep 90 (heldout_091): steps=5 success=True
[hybrid-rollout] ep 91 (heldout_092): steps=5 success=True
[hybrid-rollout] ep 92 (heldout_093): steps=6 success=True
[hybrid-rollout] ep 93 (heldout_094): steps=6 success=True
[hybrid-rollout] ep 94 (heldout_095): steps=7 success=True
[hybrid-rollout] ep 95 (heldout_096): steps=5 success=True
[hybrid-rollout] ep 96 (heldout_097): steps=5 success=True
[hybrid-rollout] ep 97 (heldout_098): steps=5 success=True
[hybrid-rollout] ep 98 (heldout_099): steps=6 success=True
[hybrid-rollout] ep 99 (heldout_100): steps=60 success=False
[hybrid-rollout] ep 100 (heldout_101): steps=4 success=True
[hybrid-rollout] ep 101 (heldout_102): steps=4 success=True
[hybrid-rollout] ep 102 (heldout_103): steps=60 success=False
[hybrid-rollout] ep 103 (heldout_104): steps=6 success=True
[hybrid-rollout] ep 104 (heldout_105): steps=4 success=True
[hybrid-rollout] ep 105 (heldout_106): steps=6 success=True
[hybrid-rollout] ep 106 (heldout_107): steps=4 success=True
[hybrid-rollout] ep 107 (heldout_108): steps=4 success=True
[hybrid-rollout] ep 108 (heldout_109): steps=4 success=True
[hybrid-rollout] ep 109 (heldout_110): steps=4 success=True
[hybrid-rollout] ep 110 (heldout_111): steps=5 success=False
[hybrid-rollout] ep 111 (heldout_112): steps=5 success=True
[hybrid-rollout] ep 112 (heldout_113): steps=5 success=True
[hybrid-rollout] ep 113 (heldout_114): steps=4 success=True
[hybrid-rollout] ep 114 (heldout_115): steps=4 success=True
[hybrid-rollout] ep 115 (heldout_116): steps=5 success=True
[hybrid-rollout] ep 116 (heldout_117): steps=5 success=True
[hybrid-rollout] ep 117 (heldout_118): steps=7 success=True
[hybrid-rollout] ep 118 (heldout_119): steps=4 success=True
[hybrid-rollout] ep 119 (heldout_120): steps=7 success=True
[hybrid-rollout] ep 120 (heldout_121): steps=4 success=True
[hybrid-rollout] ep 121 (heldout_122): steps=4 success=True
[hybrid-rollout] ep 122 (heldout_123): steps=6 success=True
[hybrid-rollout] ep 123 (heldout_124): steps=8 success=True
[hybrid-rollout] ep 124 (heldout_125): steps=4 success=True
[hybrid-rollout] ep 125 (heldout_126): steps=4 success=True
[hybrid-rollout] ep 126 (heldout_127): steps=60 success=False
[hybrid-rollout] ep 127 (heldout_128): steps=7 success=True
[hybrid-rollout] ep 128 (heldout_129): steps=4 success=True
[hybrid-rollout] ep 129 (heldout_130): steps=4 success=True
[hybrid-rollout] ep 130 (heldout_131): steps=5 success=False
[hybrid-rollout] ep 131 (heldout_132): steps=4 success=True
[hybrid-rollout] ep 132 (heldout_133): steps=4 success=True
[hybrid-rollout] ep 133 (heldout_134): steps=7 success=True
[hybrid-rollout] ep 134 (heldout_135): steps=6 success=True
[hybrid-rollout] ep 135 (heldout_136): steps=5 success=True
[hybrid-rollout] ep 136 (heldout_137): steps=5 success=True
[hybrid-rollout] ep 137 (heldout_138): steps=4 success=True
[hybrid-rollout] ep 138 (heldout_139): steps=4 success=True
[hybrid-rollout] ep 139 (heldout_140): steps=5 success=True
[hybrid-rollout] ep 140 (heldout_141): steps=5 success=True
[hybrid-rollout] ep 141 (heldout_142): steps=4 success=True
[hybrid-rollout] ep 142 (heldout_143): steps=6 success=True
[hybrid-rollout] ep 143 (heldout_144): steps=4 success=True
[hybrid-rollout] ep 144 (heldout_145): steps=5 success=True
[hybrid-rollout] ep 145 (heldout_146): steps=7 success=True
[hybrid-rollout] ep 146 (heldout_147): steps=4 success=True
[hybrid-rollout] ep 147 (heldout_148): steps=60 success=False
[hybrid-rollout] ep 148 (heldout_149): steps=5 success=True
[hybrid-rollout] ep 149 (heldout_150): steps=4 success=True
[hybrid-rollout] ep 150 (heldout_151): steps=5 success=True
[hybrid-rollout] ep 151 (heldout_152): steps=6 success=True
[hybrid-rollout] ep 152 (heldout_153): steps=5 success=True
[hybrid-rollout] ep 153 (heldout_154): steps=60 success=False
[hybrid-rollout] ep 154 (heldout_155): steps=6 success=True
[hybrid-rollout] ep 155 (heldout_156): steps=3 success=False
[hybrid-rollout] ep 156 (heldout_157): steps=4 success=True
[hybrid-rollout] ep 157 (heldout_158): steps=3 success=False
[hybrid-rollout] ep 158 (heldout_159): steps=6 success=True
[hybrid-rollout] ep 159 (heldout_160): steps=60 success=False
[hybrid-rollout] ep 160 (heldout_161): steps=60 success=False
[hybrid-rollout] ep 161 (heldout_162): steps=5 success=True
[hybrid-rollout] ep 162 (heldout_163): steps=4 success=True
[hybrid-rollout] ep 163 (heldout_164): steps=6 success=True
[hybrid-rollout] ep 164 (heldout_165): steps=5 success=True
[hybrid-rollout] ep 165 (heldout_166): steps=4 success=True
[hybrid-rollout] ep 166 (heldout_167): steps=4 success=True
[hybrid-rollout] ep 167 (heldout_168): steps=4 success=True
[hybrid-rollout] ep 168 (heldout_169): steps=6 success=True
[hybrid-rollout] ep 169 (heldout_170): steps=5 success=False
[hybrid-rollout] ep 170 (heldout_171): steps=4 success=True
[hybrid-rollout] ep 171 (heldout_172): steps=5 success=True
[hybrid-rollout] ep 172 (heldout_173): steps=4 success=True
[hybrid-rollout] ep 173 (heldout_174): steps=5 success=True
[hybrid-rollout] ep 174 (heldout_175): steps=7 success=True
[hybrid-rollout] ep 175 (heldout_176): steps=6 success=True
[hybrid-rollout] ep 176 (heldout_177): steps=6 success=True
[hybrid-rollout] ep 177 (heldout_178): steps=5 success=True
[hybrid-rollout] ep 178 (heldout_179): steps=5 success=True
[hybrid-rollout] ep 179 (heldout_180): steps=4 success=True
[hybrid-rollout] ep 180 (heldout_181): steps=5 success=True
[hybrid-rollout] ep 181 (heldout_182): steps=4 success=True
[hybrid-rollout] ep 182 (heldout_183): steps=5 success=True
[hybrid-rollout] ep 183 (heldout_184): steps=7 success=True
[hybrid-rollout] ep 184 (heldout_185): steps=5 success=True
[hybrid-rollout] ep 185 (heldout_186): steps=4 success=True
[hybrid-rollout] ep 186 (heldout_187): steps=5 success=True
[hybrid-rollout] ep 187 (heldout_188): steps=5 success=True
[hybrid-rollout] ep 188 (heldout_189): steps=60 success=False
[hybrid-rollout] ep 189 (heldout_190): steps=7 success=True
[hybrid-rollout] ep 190 (heldout_191): steps=6 success=True
[hybrid-rollout] ep 191 (heldout_192): steps=5 success=True
[hybrid-rollout] ep 192 (heldout_193): steps=7 success=True
[hybrid-rollout] ep 193 (heldout_194): steps=6 success=True
[hybrid-rollout] ep 194 (heldout_195): steps=5 success=True
[hybrid-rollout] ep 195 (heldout_196): steps=4 success=True
[hybrid-rollout] ep 196 (heldout_197): steps=5 success=True
[hybrid-rollout] ep 197 (heldout_198): steps=4 success=True
[hybrid-rollout] ep 198 (heldout_199): steps=4 success=True
[hybrid-rollout] ep 199 (heldout_200): steps=4 success=True
[hybrid-rollout] DONE successes=179/200
[19:57:18] [replay_p4] run 6 round 15: extras=15 heldout_sr=0.895
[19:57:18] [replay_p4] run 6 DONE: final_sr=0.895 n_demos=15
