[19:26:00] [bo-budget] $ /home/s226137394/.conda/envs/maze/bin/python3 -u -m Equivariant_pathway.equivariant_CNN_hybrid.rollout_test --checkpoint /weka/s226137394/DmNfull/Equivariant_pathway/equivariant_CNN_hybrid/baseline_vs_p4/pool_x_selector/results_hpsweep/e300_lr0.0001_rm0.7_do0/run_6/p4_top3_rotate/checkpoints/best_hybrid_policy.pth --layouts /weka/s226137394/DmNfull/Equivariant_pathway/equivariant_CNN_hybrid/baseline_vs_p4/shared/heldout_layouts.yaml --out_dir /weka/s226137394/DmNfull/Equivariant_pathway/equivariant_CNN_hybrid/baseline_vs_p4/pool_x_selector/results_hpsweep/e300_lr0.0001_rm0.7_do0/run_6/p4_top3_rotate/results/eval_round_000 --seed 6 --max_steps 60
[hybrid-rollout] 200 unique; running 200 eps
[hybrid-rollout] loaded /weka/s226137394/DmNfull/Equivariant_pathway/equivariant_CNN_hybrid/baseline_vs_p4/pool_x_selector/results_hpsweep/e300_lr0.0001_rm0.7_do0/run_6/p4_top3_rotate/checkpoints/best_hybrid_policy.pth
[hybrid-rollout] ep 0 (heldout_001): steps=5 success=True
[hybrid-rollout] ep 1 (heldout_002): steps=60 success=False
[hybrid-rollout] ep 2 (heldout_003): steps=4 success=False
[hybrid-rollout] ep 3 (heldout_004): steps=60 success=False
[hybrid-rollout] ep 4 (heldout_005): steps=5 success=True
[hybrid-rollout] ep 5 (heldout_006): steps=3 success=False
[hybrid-rollout] ep 6 (heldout_007): steps=60 success=False
[hybrid-rollout] ep 7 (heldout_008): steps=60 success=False
[hybrid-rollout] ep 8 (heldout_009): steps=2 success=False
[hybrid-rollout] ep 9 (heldout_010): steps=60 success=False
[hybrid-rollout] ep 10 (heldout_011): steps=4 success=True
[hybrid-rollout] ep 11 (heldout_012): steps=3 success=False
[hybrid-rollout] ep 12 (heldout_013): steps=60 success=False
[hybrid-rollout] ep 13 (heldout_014): steps=5 success=True
[hybrid-rollout] ep 14 (heldout_015): steps=4 success=True
[hybrid-rollout] ep 15 (heldout_016): steps=1 success=False
[hybrid-rollout] ep 16 (heldout_017): steps=4 success=True
[hybrid-rollout] ep 17 (heldout_018): steps=60 success=False
[hybrid-rollout] ep 18 (heldout_019): steps=60 success=False
[hybrid-rollout] ep 19 (heldout_020): steps=5 success=True
[hybrid-rollout] ep 20 (heldout_021): steps=60 success=False
[hybrid-rollout] ep 21 (heldout_022): steps=60 success=False
[hybrid-rollout] ep 22 (heldout_023): steps=60 success=False
[hybrid-rollout] ep 23 (heldout_024): steps=60 success=False
[hybrid-rollout] ep 24 (heldout_025): steps=4 success=True
[hybrid-rollout] ep 25 (heldout_026): steps=4 success=True
[hybrid-rollout] ep 26 (heldout_027): steps=4 success=True
[hybrid-rollout] ep 27 (heldout_028): steps=4 success=True
[hybrid-rollout] ep 28 (heldout_029): steps=60 success=False
[hybrid-rollout] ep 29 (heldout_030): steps=60 success=False
[hybrid-rollout] ep 30 (heldout_031): steps=60 success=False
[hybrid-rollout] ep 31 (heldout_032): steps=60 success=False
[hybrid-rollout] ep 32 (heldout_033): steps=4 success=True
[hybrid-rollout] ep 33 (heldout_034): steps=60 success=False
[hybrid-rollout] ep 34 (heldout_035): steps=60 success=False
[hybrid-rollout] ep 35 (heldout_036): steps=5 success=True
[hybrid-rollout] ep 36 (heldout_037): steps=2 success=False
[hybrid-rollout] ep 37 (heldout_038): steps=5 success=True
[hybrid-rollout] ep 38 (heldout_039): steps=6 success=True
[hybrid-rollout] ep 39 (heldout_040): steps=2 success=False
[hybrid-rollout] ep 40 (heldout_041): steps=60 success=False
[hybrid-rollout] ep 41 (heldout_042): steps=60 success=False
[hybrid-rollout] ep 42 (heldout_043): steps=60 success=False
[hybrid-rollout] ep 43 (heldout_044): steps=5 success=True
[hybrid-rollout] ep 44 (heldout_045): steps=3 success=False
[hybrid-rollout] ep 45 (heldout_046): steps=4 success=True
[hybrid-rollout] ep 46 (heldout_047): steps=6 success=True
[hybrid-rollout] ep 47 (heldout_048): steps=6 success=True
[hybrid-rollout] ep 48 (heldout_049): steps=60 success=False
[hybrid-rollout] ep 49 (heldout_050): steps=60 success=False
[hybrid-rollout] ep 50 (heldout_051): steps=4 success=True
[hybrid-rollout] ep 51 (heldout_052): steps=4 success=True
[hybrid-rollout] ep 52 (heldout_053): steps=60 success=False
[hybrid-rollout] ep 53 (heldout_054): steps=4 success=True
[hybrid-rollout] ep 54 (heldout_055): steps=60 success=False
[hybrid-rollout] ep 55 (heldout_056): steps=4 success=True
[hybrid-rollout] ep 56 (heldout_057): steps=4 success=True
[hybrid-rollout] ep 57 (heldout_058): steps=4 success=True
[hybrid-rollout] ep 58 (heldout_059): steps=60 success=False
[hybrid-rollout] ep 59 (heldout_060): steps=6 success=True
[hybrid-rollout] ep 60 (heldout_061): steps=5 success=True
[hybrid-rollout] ep 61 (heldout_062): steps=6 success=True
[hybrid-rollout] ep 62 (heldout_063): steps=5 success=True
[hybrid-rollout] ep 63 (heldout_064): steps=1 success=False
[hybrid-rollout] ep 64 (heldout_065): steps=3 success=False
[hybrid-rollout] ep 65 (heldout_066): steps=6 success=True
[hybrid-rollout] ep 66 (heldout_067): steps=5 success=True
[hybrid-rollout] ep 67 (heldout_068): steps=4 success=True
[hybrid-rollout] ep 68 (heldout_069): steps=60 success=False
[hybrid-rollout] ep 69 (heldout_070): steps=60 success=False
[hybrid-rollout] ep 70 (heldout_071): steps=5 success=True
[hybrid-rollout] ep 71 (heldout_072): steps=60 success=False
[hybrid-rollout] ep 72 (heldout_073): steps=6 success=True
[hybrid-rollout] ep 73 (heldout_074): steps=60 success=False
[hybrid-rollout] ep 74 (heldout_075): steps=5 success=True
[hybrid-rollout] ep 75 (heldout_076): steps=60 success=False
[hybrid-rollout] ep 76 (heldout_077): steps=4 success=True
[hybrid-rollout] ep 77 (heldout_078): steps=3 success=False
[hybrid-rollout] ep 78 (heldout_079): steps=4 success=True
[hybrid-rollout] ep 79 (heldout_080): steps=4 success=True
[hybrid-rollout] ep 80 (heldout_081): steps=60 success=False
[hybrid-rollout] ep 81 (heldout_082): steps=5 success=True
[hybrid-rollout] ep 82 (heldout_083): steps=60 success=False
[hybrid-rollout] ep 83 (heldout_084): steps=1 success=False
[hybrid-rollout] ep 84 (heldout_085): steps=60 success=False
[hybrid-rollout] ep 85 (heldout_086): steps=6 success=True
[hybrid-rollout] ep 86 (heldout_087): steps=60 success=False
[hybrid-rollout] ep 87 (heldout_088): steps=60 success=False
[hybrid-rollout] ep 88 (heldout_089): steps=3 success=False
[hybrid-rollout] ep 89 (heldout_090): steps=4 success=True
[hybrid-rollout] ep 90 (heldout_091): steps=3 success=False
[hybrid-rollout] ep 91 (heldout_092): steps=5 success=True
[hybrid-rollout] ep 92 (heldout_093): steps=1 success=False
[hybrid-rollout] ep 93 (heldout_094): steps=6 success=True
[hybrid-rollout] ep 94 (heldout_095): steps=7 success=True
[hybrid-rollout] ep 95 (heldout_096): steps=60 success=False
[hybrid-rollout] ep 96 (heldout_097): steps=5 success=True
[hybrid-rollout] ep 97 (heldout_098): steps=1 success=False
[hybrid-rollout] ep 98 (heldout_099): steps=60 success=False
[hybrid-rollout] ep 99 (heldout_100): steps=60 success=False
[hybrid-rollout] ep 100 (heldout_101): steps=4 success=True
[hybrid-rollout] ep 101 (heldout_102): steps=4 success=True
[hybrid-rollout] ep 102 (heldout_103): steps=60 success=False
[hybrid-rollout] ep 103 (heldout_104): steps=6 success=True
[hybrid-rollout] ep 104 (heldout_105): steps=4 success=True
[hybrid-rollout] ep 105 (heldout_106): steps=60 success=False
[hybrid-rollout] ep 106 (heldout_107): steps=4 success=True
[hybrid-rollout] ep 107 (heldout_108): steps=60 success=False
[hybrid-rollout] ep 108 (heldout_109): steps=4 success=True
[hybrid-rollout] ep 109 (heldout_110): steps=6 success=True
[hybrid-rollout] ep 110 (heldout_111): steps=60 success=False
[hybrid-rollout] ep 111 (heldout_112): steps=60 success=False
[hybrid-rollout] ep 112 (heldout_113): steps=5 success=True
[hybrid-rollout] ep 113 (heldout_114): steps=4 success=True
[hybrid-rollout] ep 114 (heldout_115): steps=4 success=True
[hybrid-rollout] ep 115 (heldout_116): steps=60 success=False
[hybrid-rollout] ep 116 (heldout_117): steps=7 success=True
[hybrid-rollout] ep 117 (heldout_118): steps=60 success=False
[hybrid-rollout] ep 118 (heldout_119): steps=60 success=False
[hybrid-rollout] ep 119 (heldout_120): steps=7 success=True
[hybrid-rollout] ep 120 (heldout_121): steps=60 success=False
[hybrid-rollout] ep 121 (heldout_122): steps=60 success=False
[hybrid-rollout] ep 122 (heldout_123): steps=6 success=True
[hybrid-rollout] ep 123 (heldout_124): steps=1 success=False
[hybrid-rollout] ep 124 (heldout_125): steps=4 success=True
[hybrid-rollout] ep 125 (heldout_126): steps=4 success=True
[hybrid-rollout] ep 126 (heldout_127): steps=60 success=False
[hybrid-rollout] ep 127 (heldout_128): steps=60 success=False
[hybrid-rollout] ep 128 (heldout_129): steps=1 success=False
[hybrid-rollout] ep 129 (heldout_130): steps=4 success=True
[hybrid-rollout] ep 130 (heldout_131): steps=60 success=False
[hybrid-rollout] ep 131 (heldout_132): steps=4 success=True
[hybrid-rollout] ep 132 (heldout_133): steps=4 success=True
[hybrid-rollout] ep 133 (heldout_134): steps=60 success=False
[hybrid-rollout] ep 134 (heldout_135): steps=1 success=False
[hybrid-rollout] ep 135 (heldout_136): steps=60 success=False
[hybrid-rollout] ep 136 (heldout_137): steps=5 success=True
[hybrid-rollout] ep 137 (heldout_138): steps=4 success=True
[hybrid-rollout] ep 138 (heldout_139): steps=4 success=True
[hybrid-rollout] ep 139 (heldout_140): steps=60 success=False
[hybrid-rollout] ep 140 (heldout_141): steps=5 success=True
[hybrid-rollout] ep 141 (heldout_142): steps=2 success=False
[hybrid-rollout] ep 142 (heldout_143): steps=6 success=True
[hybrid-rollout] ep 143 (heldout_144): steps=4 success=True
[hybrid-rollout] ep 144 (heldout_145): steps=5 success=True
[hybrid-rollout] ep 145 (heldout_146): steps=60 success=False
[hybrid-rollout] ep 146 (heldout_147): steps=4 success=True
[hybrid-rollout] ep 147 (heldout_148): steps=60 success=False
[hybrid-rollout] ep 148 (heldout_149): steps=60 success=False
[hybrid-rollout] ep 149 (heldout_150): steps=4 success=True
[hybrid-rollout] ep 150 (heldout_151): steps=5 success=True
[hybrid-rollout] ep 151 (heldout_152): steps=5 success=False
[hybrid-rollout] ep 152 (heldout_153): steps=2 success=False
[hybrid-rollout] ep 153 (heldout_154): steps=60 success=False
[hybrid-rollout] ep 154 (heldout_155): steps=60 success=False
[hybrid-rollout] ep 155 (heldout_156): steps=4 success=False
[hybrid-rollout] ep 156 (heldout_157): steps=60 success=False
[hybrid-rollout] ep 157 (heldout_158): steps=3 success=False
[hybrid-rollout] ep 158 (heldout_159): steps=6 success=True
[hybrid-rollout] ep 159 (heldout_160): steps=60 success=False
[hybrid-rollout] ep 160 (heldout_161): steps=60 success=False
[hybrid-rollout] ep 161 (heldout_162): steps=5 success=True
[hybrid-rollout] ep 162 (heldout_163): steps=4 success=True
[hybrid-rollout] ep 163 (heldout_164): steps=60 success=False
[hybrid-rollout] ep 164 (heldout_165): steps=5 success=True
[hybrid-rollout] ep 165 (heldout_166): steps=4 success=True
[hybrid-rollout] ep 166 (heldout_167): steps=60 success=False
[hybrid-rollout] ep 167 (heldout_168): steps=4 success=True
[hybrid-rollout] ep 168 (heldout_169): steps=4 success=False
[hybrid-rollout] ep 169 (heldout_170): steps=60 success=False
[hybrid-rollout] ep 170 (heldout_171): steps=60 success=False
[hybrid-rollout] ep 171 (heldout_172): steps=60 success=False
[hybrid-rollout] ep 172 (heldout_173): steps=4 success=True
[hybrid-rollout] ep 173 (heldout_174): steps=5 success=True
[hybrid-rollout] ep 174 (heldout_175): steps=7 success=True
[hybrid-rollout] ep 175 (heldout_176): steps=6 success=True
[hybrid-rollout] ep 176 (heldout_177): steps=60 success=False
[hybrid-rollout] ep 177 (heldout_178): steps=1 success=False
[hybrid-rollout] ep 178 (heldout_179): steps=60 success=False
[hybrid-rollout] ep 179 (heldout_180): steps=4 success=True
[hybrid-rollout] ep 180 (heldout_181): steps=5 success=True
[hybrid-rollout] ep 181 (heldout_182): steps=4 success=True
[hybrid-rollout] ep 182 (heldout_183): steps=2 success=False
[hybrid-rollout] ep 183 (heldout_184): steps=5 success=False
[hybrid-rollout] ep 184 (heldout_185): steps=60 success=False
[hybrid-rollout] ep 185 (heldout_186): steps=4 success=True
[hybrid-rollout] ep 186 (heldout_187): steps=1 success=False
[hybrid-rollout] ep 187 (heldout_188): steps=5 success=True
[hybrid-rollout] ep 188 (heldout_189): steps=60 success=False
[hybrid-rollout] ep 189 (heldout_190): steps=7 success=True
[hybrid-rollout] ep 190 (heldout_191): steps=1 success=False
[hybrid-rollout] ep 191 (heldout_192): steps=7 success=True
[hybrid-rollout] ep 192 (heldout_193): steps=60 success=False
[hybrid-rollout] ep 193 (heldout_194): steps=5 success=False
[hybrid-rollout] ep 194 (heldout_195): steps=5 success=True
[hybrid-rollout] ep 195 (heldout_196): steps=4 success=True
[hybrid-rollout] ep 196 (heldout_197): steps=5 success=True
[hybrid-rollout] ep 197 (heldout_198): steps=60 success=False
[hybrid-rollout] ep 198 (heldout_199): steps=60 success=False
[hybrid-rollout] ep 199 (heldout_200): steps=4 success=True
[hybrid-rollout] DONE successes=94/200
[19:28:07] [replay_p4] run 6: init heldout_sr=0.470  replaying 15 P4 rounds (15 demos) at 300 epochs
[19:28:07] [replay_p4] $ /home/s226137394/.conda/envs/maze/bin/python3 -u -m Equivariant_pathway.equivariant_CNN_hybrid.baseline_vs_p4.pool_x_selector.trainer.finetune_replay --demo_dir /weka/s226137394/DmNfull/Equivariant_pathway/equivariant_CNN_hybrid/baseline_vs_p4/pool_x_selector/results_hpsweep/e300_lr0.0001_rm0.7_do0/run_6/p4_top3_rotate/demos --checkpoint_dir /weka/s226137394/DmNfull/Equivariant_pathway/equivariant_CNN_hybrid/baseline_vs_p4/pool_x_selector/results_hpsweep/e300_lr0.0001_rm0.7_do0/run_6/p4_top3_rotate/checkpoints --epochs 300 --batch_size 64 --lr 0.0001 --weight_decay 0.0001 --replay_mix 0.7 --replay_mix_floor 0.2 --head_dropout 0.0 --seed 6 --resume --new_demos_dir /weka/s226137394/DmNfull/Equivariant_pathway/equivariant_CNN_hybrid/baseline_vs_p4/pool_x_selector/results_hpsweep/e300_lr0.0001_rm0.7_do0/run_6/p4_top3_rotate/demos/round_001
[finetune_replay] device=cuda demo_dir=/weka/s226137394/DmNfull/Equivariant_pathway/equivariant_CNN_hybrid/baseline_vs_p4/pool_x_selector/results_hpsweep/e300_lr0.0001_rm0.7_do0/run_6/p4_top3_rotate/demos new_demos_dir=/weka/s226137394/DmNfull/Equivariant_pathway/equivariant_CNN_hybrid/baseline_vs_p4/pool_x_selector/results_hpsweep/e300_lr0.0001_rm0.7_do0/run_6/p4_top3_rotate/demos/round_001
[hybrid-dataset] 20 demos -> 103 samples
[hybrid-dataset] 1 demos -> 6 samples
[finetune_replay] sampler audit: {'n_old_samples': 103, 'n_new_samples': 6, 'replay_mix_target': 0.7, 'replay_mix_effective': 0.7, 'replay_mix_floor': 0.2}
[finetune_replay] trainable params: 1,400,028
[finetune_replay] WARM START from last_hybrid_policy.pth
[finetune_replay] ep   1/300 | train loss=0.4064 top1=0.828 | val loss=0.3363 | t=1.8s  *
[finetune_replay] ep   2/300 | train loss=0.3012 top1=0.990 | val loss=0.2110 | t=0.4s  *
[finetune_replay] ep   3/300 | train loss=0.1508 top1=0.960 | val loss=0.2006 | t=0.2s  *
[finetune_replay] ep   4/300 | train loss=0.1312 top1=0.980 | val loss=0.1632 | t=0.1s  *
[finetune_replay] ep   5/300 | train loss=0.0660 top1=1.000 | val loss=0.0754 | t=0.1s  *
[finetune_replay] ep   6/300 | train loss=0.0623 top1=1.000 | val loss=0.0856 | t=0.1s
[finetune_replay] ep   7/300 | train loss=0.0560 top1=1.000 | val loss=0.1614 | t=0.1s
[finetune_replay] ep   8/300 | train loss=0.0437 top1=1.000 | val loss=0.1303 | t=0.1s
[finetune_replay] ep   9/300 | train loss=0.0186 top1=1.000 | val loss=0.1078 | t=0.1s
[finetune_replay] ep  10/300 | train loss=0.0168 top1=1.000 | val loss=0.0964 | t=0.2s
[finetune_replay] ep  11/300 | train loss=0.0229 top1=1.000 | val loss=0.1021 | t=0.2s
[finetune_replay] ep  12/300 | train loss=0.0158 top1=1.000 | val loss=0.1394 | t=0.1s
[finetune_replay] ep  13/300 | train loss=0.0116 top1=1.000 | val loss=0.1295 | t=0.1s
[finetune_replay] ep  14/300 | train loss=0.0084 top1=1.000 | val loss=0.0779 | t=0.1s
[finetune_replay] ep  15/300 | train loss=0.0122 top1=1.000 | val loss=0.1121 | t=0.1s
[finetune_replay] ep  16/300 | train loss=0.0064 top1=1.000 | val loss=0.1654 | t=0.1s
[finetune_replay] ep  17/300 | train loss=0.0090 top1=1.000 | val loss=0.1064 | t=0.1s
[finetune_replay] ep  18/300 | train loss=0.0048 top1=1.000 | val loss=0.0703 | t=0.2s  *
[finetune_replay] ep  19/300 | train loss=0.0045 top1=1.000 | val loss=0.0846 | t=0.1s
[finetune_replay] ep  20/300 | train loss=0.0065 top1=1.000 | val loss=0.1527 | t=0.1s
[finetune_replay] ep  21/300 | train loss=0.0049 top1=1.000 | val loss=0.1629 | t=0.1s
[finetune_replay] ep  22/300 | train loss=0.0053 top1=1.000 | val loss=0.1262 | t=0.1s
[finetune_replay] ep  23/300 | train loss=0.0045 top1=1.000 | val loss=0.1047 | t=0.1s
[finetune_replay] ep  24/300 | train loss=0.0049 top1=1.000 | val loss=0.1162 | t=0.1s
[finetune_replay] ep  25/300 | train loss=0.0030 top1=1.000 | val loss=0.1431 | t=0.1s
[finetune_replay] ep  26/300 | train loss=0.0029 top1=1.000 | val loss=0.1354 | t=0.1s
[finetune_replay] ep  27/300 | train loss=0.0032 top1=1.000 | val loss=0.1219 | t=0.1s
[finetune_replay] ep  28/300 | train loss=0.0025 top1=1.000 | val loss=0.1047 | t=0.1s
[finetune_replay] ep  29/300 | train loss=0.0027 top1=1.000 | val loss=0.1134 | t=0.1s
[finetune_replay] ep  30/300 | train loss=0.0024 top1=1.000 | val loss=0.1262 | t=0.1s
[finetune_replay] ep  31/300 | train loss=0.0022 top1=1.000 | val loss=0.1273 | t=0.1s
[finetune_replay] ep  32/300 | train loss=0.0020 top1=1.000 | val loss=0.1341 | t=0.1s
[finetune_replay] ep  33/300 | train loss=0.0021 top1=1.000 | val loss=0.1363 | t=0.1s
[finetune_replay] ep  34/300 | train loss=0.0022 top1=1.000 | val loss=0.1338 | t=0.1s
[finetune_replay] ep  35/300 | train loss=0.0020 top1=1.000 | val loss=0.1300 | t=0.1s
[finetune_replay] ep  36/300 | train loss=0.0016 top1=1.000 | val loss=0.1312 | t=0.1s
[finetune_replay] ep  37/300 | train loss=0.0018 top1=1.000 | val loss=0.1343 | t=0.1s
[finetune_replay] ep  38/300 | train loss=0.0015 top1=1.000 | val loss=0.1318 | t=0.1s
[finetune_replay] ep  39/300 | train loss=0.0019 top1=1.000 | val loss=0.1260 | t=0.1s
[finetune_replay] ep  40/300 | train loss=0.0014 top1=1.000 | val loss=0.1253 | t=0.1s
[finetune_replay] ep  41/300 | train loss=0.0019 top1=1.000 | val loss=0.1369 | t=0.1s
[finetune_replay] ep  42/300 | train loss=0.0018 top1=1.000 | val loss=0.1384 | t=0.1s
[finetune_replay] ep  43/300 | train loss=0.0012 top1=1.000 | val loss=0.1333 | t=0.1s
[finetune_replay] ep  44/300 | train loss=0.0014 top1=1.000 | val loss=0.1240 | t=0.1s
[finetune_replay] ep  45/300 | train loss=0.0014 top1=1.000 | val loss=0.1208 | t=0.1s
[finetune_replay] ep  46/300 | train loss=0.0013 top1=1.000 | val loss=0.1201 | t=0.1s
[finetune_replay] ep  47/300 | train loss=0.0015 top1=1.000 | val loss=0.1227 | t=0.1s
[finetune_replay] ep  48/300 | train loss=0.0013 top1=1.000 | val loss=0.1371 | t=0.1s
[finetune_replay] ep  49/300 | train loss=0.0015 top1=1.000 | val loss=0.1394 | t=0.2s
[finetune_replay] ep  50/300 | train loss=0.0013 top1=1.000 | val loss=0.1335 | t=0.1s
[finetune_replay] ep  51/300 | train loss=0.0012 top1=1.000 | val loss=0.1253 | t=0.1s
[finetune_replay] ep  52/300 | train loss=0.0011 top1=1.000 | val loss=0.1254 | t=0.1s
[finetune_replay] ep  53/300 | train loss=0.0012 top1=1.000 | val loss=0.1309 | t=0.1s
[finetune_replay] ep  54/300 | train loss=0.0011 top1=1.000 | val loss=0.1351 | t=0.1s
[finetune_replay] ep  55/300 | train loss=0.0011 top1=1.000 | val loss=0.1370 | t=0.1s
[finetune_replay] ep  56/300 | train loss=0.0011 top1=1.000 | val loss=0.1367 | t=0.1s
[finetune_replay] ep  57/300 | train loss=0.0008 top1=1.000 | val loss=0.1356 | t=0.1s
[finetune_replay] ep  58/300 | train loss=0.0009 top1=1.000 | val loss=0.1341 | t=0.1s
[finetune_replay] ep  59/300 | train loss=0.0007 top1=1.000 | val loss=0.1327 | t=0.1s
[finetune_replay] ep  60/300 | train loss=0.0008 top1=1.000 | val loss=0.1286 | t=0.1s
[finetune_replay] ep  61/300 | train loss=0.0012 top1=1.000 | val loss=0.1308 | t=0.1s
[finetune_replay] ep  62/300 | train loss=0.0009 top1=1.000 | val loss=0.1328 | t=0.1s
[finetune_replay] ep  63/300 | train loss=0.0008 top1=1.000 | val loss=0.1330 | t=0.1s
[finetune_replay] ep  64/300 | train loss=0.0012 top1=1.000 | val loss=0.1289 | t=0.1s
[finetune_replay] ep  65/300 | train loss=0.0008 top1=1.000 | val loss=0.1266 | t=0.1s
[finetune_replay] ep  66/300 | train loss=0.0009 top1=1.000 | val loss=0.1236 | t=0.1s
[finetune_replay] ep  67/300 | train loss=0.0011 top1=1.000 | val loss=0.1292 | t=0.1s
[finetune_replay] ep  68/300 | train loss=0.0009 top1=1.000 | val loss=0.1327 | t=0.1s
[finetune_replay] ep  69/300 | train loss=0.0010 top1=1.000 | val loss=0.1267 | t=0.1s
[finetune_replay] ep  70/300 | train loss=0.0009 top1=1.000 | val loss=0.1187 | t=0.1s
[finetune_replay] ep  71/300 | train loss=0.0008 top1=1.000 | val loss=0.1208 | t=0.1s
[finetune_replay] ep  72/300 | train loss=0.0008 top1=1.000 | val loss=0.1239 | t=0.1s
[finetune_replay] ep  73/300 | train loss=0.0009 top1=1.000 | val loss=0.1230 | t=0.1s
[finetune_replay] ep  74/300 | train loss=0.0008 top1=1.000 | val loss=0.1230 | t=0.1s
[finetune_replay] ep  75/300 | train loss=0.0008 top1=1.000 | val loss=0.1246 | t=0.1s
[finetune_replay] ep  76/300 | train loss=0.0007 top1=1.000 | val loss=0.1270 | t=0.1s
[finetune_replay] ep  77/300 | train loss=0.0006 top1=1.000 | val loss=0.1341 | t=0.1s
[finetune_replay] ep  78/300 | train loss=0.0009 top1=1.000 | val loss=0.1419 | t=0.1s
[finetune_replay] ep  79/300 | train loss=0.0008 top1=1.000 | val loss=0.1415 | t=0.1s
[finetune_replay] ep  80/300 | train loss=0.0007 top1=1.000 | val loss=0.1404 | t=0.1s
[finetune_replay] ep  81/300 | train loss=0.0008 top1=1.000 | val loss=0.1330 | t=0.1s
[finetune_replay] ep  82/300 | train loss=0.0007 top1=1.000 | val loss=0.1207 | t=0.1s
[finetune_replay] ep  83/300 | train loss=0.0008 top1=1.000 | val loss=0.1207 | t=0.1s
[finetune_replay] ep  84/300 | train loss=0.0008 top1=1.000 | val loss=0.1191 | t=0.1s
[finetune_replay] ep  85/300 | train loss=0.0007 top1=1.000 | val loss=0.1231 | t=0.1s
[finetune_replay] ep  86/300 | train loss=0.0007 top1=1.000 | val loss=0.1328 | t=0.1s
[finetune_replay] ep  87/300 | train loss=0.0007 top1=1.000 | val loss=0.1352 | t=0.1s
[finetune_replay] ep  88/300 | train loss=0.0007 top1=1.000 | val loss=0.1323 | t=0.1s
[finetune_replay] ep  89/300 | train loss=0.0006 top1=1.000 | val loss=0.1268 | t=0.1s
[finetune_replay] ep  90/300 | train loss=0.0007 top1=1.000 | val loss=0.1228 | t=0.1s
[finetune_replay] ep  91/300 | train loss=0.0008 top1=1.000 | val loss=0.1271 | t=0.1s
[finetune_replay] ep  92/300 | train loss=0.0008 top1=1.000 | val loss=0.1295 | t=0.1s
[finetune_replay] ep  93/300 | train loss=0.0006 top1=1.000 | val loss=0.1281 | t=0.1s
[finetune_replay] ep  94/300 | train loss=0.0006 top1=1.000 | val loss=0.1241 | t=0.1s
[finetune_replay] ep  95/300 | train loss=0.0005 top1=1.000 | val loss=0.1207 | t=0.1s
[finetune_replay] ep  96/300 | train loss=0.0007 top1=1.000 | val loss=0.1158 | t=0.1s
[finetune_replay] ep  97/300 | train loss=0.0005 top1=1.000 | val loss=0.1150 | t=0.1s
[finetune_replay] ep  98/300 | train loss=0.0006 top1=1.000 | val loss=0.1198 | t=0.1s
[finetune_replay] ep  99/300 | train loss=0.0006 top1=1.000 | val loss=0.1298 | t=0.1s
[finetune_replay] ep 100/300 | train loss=0.0005 top1=1.000 | val loss=0.1317 | t=0.1s
[finetune_replay] ep 101/300 | train loss=0.0006 top1=1.000 | val loss=0.1347 | t=0.1s
[finetune_replay] ep 102/300 | train loss=0.0006 top1=1.000 | val loss=0.1335 | t=0.1s
[finetune_replay] ep 103/300 | train loss=0.0005 top1=1.000 | val loss=0.1257 | t=0.1s
[finetune_replay] ep 104/300 | train loss=0.0005 top1=1.000 | val loss=0.1161 | t=0.1s
[finetune_replay] ep 105/300 | train loss=0.0008 top1=1.000 | val loss=0.1230 | t=0.1s
[finetune_replay] ep 106/300 | train loss=0.0006 top1=1.000 | val loss=0.1295 | t=0.1s
[finetune_replay] ep 107/300 | train loss=0.0006 top1=1.000 | val loss=0.1351 | t=0.1s
[finetune_replay] ep 108/300 | train loss=0.0005 top1=1.000 | val loss=0.1316 | t=0.1s
[finetune_replay] ep 109/300 | train loss=0.0005 top1=1.000 | val loss=0.1274 | t=0.1s
[finetune_replay] ep 110/300 | train loss=0.0006 top1=1.000 | val loss=0.1177 | t=0.1s
[finetune_replay] ep 111/300 | train loss=0.0005 top1=1.000 | val loss=0.1204 | t=0.1s
[finetune_replay] ep 112/300 | train loss=0.0006 top1=1.000 | val loss=0.1235 | t=0.1s
[finetune_replay] ep 113/300 | train loss=0.0005 top1=1.000 | val loss=0.1227 | t=0.1s
[finetune_replay] ep 114/300 | train loss=0.0005 top1=1.000 | val loss=0.1234 | t=0.1s
[finetune_replay] ep 115/300 | train loss=0.0005 top1=1.000 | val loss=0.1274 | t=0.1s
[finetune_replay] ep 116/300 | train loss=0.0005 top1=1.000 | val loss=0.1280 | t=0.1s
[finetune_replay] ep 117/300 | train loss=0.0006 top1=1.000 | val loss=0.1263 | t=0.1s
[finetune_replay] ep 118/300 | train loss=0.0006 top1=1.000 | val loss=0.1282 | t=0.1s
[finetune_replay] ep 119/300 | train loss=0.0006 top1=1.000 | val loss=0.1292 | t=0.1s
[finetune_replay] ep 120/300 | train loss=0.0005 top1=1.000 | val loss=0.1318 | t=0.1s
[finetune_replay] ep 121/300 | train loss=0.0005 top1=1.000 | val loss=0.1300 | t=0.1s
[finetune_replay] ep 122/300 | train loss=0.0006 top1=1.000 | val loss=0.1265 | t=0.1s
[finetune_replay] ep 123/300 | train loss=0.0005 top1=1.000 | val loss=0.1246 | t=0.1s
[finetune_replay] ep 124/300 | train loss=0.0004 top1=1.000 | val loss=0.1272 | t=0.1s
[finetune_replay] ep 125/300 | train loss=0.0004 top1=1.000 | val loss=0.1289 | t=0.1s
[finetune_replay] ep 126/300 | train loss=0.0005 top1=1.000 | val loss=0.1239 | t=0.1s
[finetune_replay] ep 127/300 | train loss=0.0004 top1=1.000 | val loss=0.1126 | t=0.1s
[finetune_replay] ep 128/300 | train loss=0.0004 top1=1.000 | val loss=0.1071 | t=0.1s
[finetune_replay] ep 129/300 | train loss=0.0004 top1=1.000 | val loss=0.1133 | t=0.1s
[finetune_replay] ep 130/300 | train loss=0.0004 top1=1.000 | val loss=0.1219 | t=0.1s
[finetune_replay] ep 131/300 | train loss=0.0004 top1=1.000 | val loss=0.1280 | t=0.1s
[finetune_replay] ep 132/300 | train loss=0.0004 top1=1.000 | val loss=0.1272 | t=0.1s
[finetune_replay] ep 133/300 | train loss=0.0004 top1=1.000 | val loss=0.1258 | t=0.1s
[finetune_replay] ep 134/300 | train loss=0.0005 top1=1.000 | val loss=0.1222 | t=0.1s
[finetune_replay] ep 135/300 | train loss=0.0004 top1=1.000 | val loss=0.1165 | t=0.1s
[finetune_replay] ep 136/300 | train loss=0.0005 top1=1.000 | val loss=0.1178 | t=0.1s
[finetune_replay] ep 137/300 | train loss=0.0005 top1=1.000 | val loss=0.1202 | t=0.1s
[finetune_replay] ep 138/300 | train loss=0.0004 top1=1.000 | val loss=0.1173 | t=0.1s
[finetune_replay] ep 139/300 | train loss=0.0004 top1=1.000 | val loss=0.1218 | t=0.1s
[finetune_replay] ep 140/300 | train loss=0.0004 top1=1.000 | val loss=0.1235 | t=0.1s
[finetune_replay] ep 141/300 | train loss=0.0004 top1=1.000 | val loss=0.1304 | t=0.1s
[finetune_replay] ep 142/300 | train loss=0.0005 top1=1.000 | val loss=0.1300 | t=0.1s
[finetune_replay] ep 143/300 | train loss=0.0004 top1=1.000 | val loss=0.1340 | t=0.1s
[finetune_replay] ep 144/300 | train loss=0.0004 top1=1.000 | val loss=0.1333 | t=0.1s
[finetune_replay] ep 145/300 | train loss=0.0004 top1=1.000 | val loss=0.1302 | t=0.1s
[finetune_replay] ep 146/300 | train loss=0.0004 top1=1.000 | val loss=0.1261 | t=0.1s
[finetune_replay] ep 147/300 | train loss=0.0005 top1=1.000 | val loss=0.1254 | t=0.1s
[finetune_replay] ep 148/300 | train loss=0.0004 top1=1.000 | val loss=0.1250 | t=0.1s
[finetune_replay] ep 149/300 | train loss=0.0004 top1=1.000 | val loss=0.1305 | t=0.1s
[finetune_replay] ep 150/300 | train loss=0.0004 top1=1.000 | val loss=0.1336 | t=0.1s
[finetune_replay] ep 151/300 | train loss=0.0004 top1=1.000 | val loss=0.1323 | t=0.1s
[finetune_replay] ep 152/300 | train loss=0.0004 top1=1.000 | val loss=0.1292 | t=0.1s
[finetune_replay] ep 153/300 | train loss=0.0004 top1=1.000 | val loss=0.1284 | t=0.1s
[finetune_replay] ep 154/300 | train loss=0.0004 top1=1.000 | val loss=0.1277 | t=0.1s
[finetune_replay] ep 155/300 | train loss=0.0004 top1=1.000 | val loss=0.1278 | t=0.1s
[finetune_replay] ep 156/300 | train loss=0.0003 top1=1.000 | val loss=0.1285 | t=0.1s
[finetune_replay] ep 157/300 | train loss=0.0004 top1=1.000 | val loss=0.1323 | t=0.1s
[finetune_replay] ep 158/300 | train loss=0.0004 top1=1.000 | val loss=0.1348 | t=0.1s
[finetune_replay] ep 159/300 | train loss=0.0004 top1=1.000 | val loss=0.1366 | t=0.1s
[finetune_replay] ep 160/300 | train loss=0.0004 top1=1.000 | val loss=0.1378 | t=0.1s
[finetune_replay] ep 161/300 | train loss=0.0004 top1=1.000 | val loss=0.1372 | t=0.1s
[finetune_replay] ep 162/300 | train loss=0.0004 top1=1.000 | val loss=0.1330 | t=0.1s
[finetune_replay] ep 163/300 | train loss=0.0004 top1=1.000 | val loss=0.1294 | t=0.1s
[finetune_replay] ep 164/300 | train loss=0.0003 top1=1.000 | val loss=0.1299 | t=0.1s
[finetune_replay] ep 165/300 | train loss=0.0004 top1=1.000 | val loss=0.1258 | t=0.1s
[finetune_replay] ep 166/300 | train loss=0.0004 top1=1.000 | val loss=0.1237 | t=0.1s
[finetune_replay] ep 167/300 | train loss=0.0004 top1=1.000 | val loss=0.1240 | t=0.1s
[finetune_replay] ep 168/300 | train loss=0.0004 top1=1.000 | val loss=0.1226 | t=0.1s
[finetune_replay] ep 169/300 | train loss=0.0004 top1=1.000 | val loss=0.1223 | t=0.1s
[finetune_replay] ep 170/300 | train loss=0.0003 top1=1.000 | val loss=0.1262 | t=0.1s
[finetune_replay] ep 171/300 | train loss=0.0004 top1=1.000 | val loss=0.1251 | t=0.1s
[finetune_replay] ep 172/300 | train loss=0.0003 top1=1.000 | val loss=0.1271 | t=0.1s
[finetune_replay] ep 173/300 | train loss=0.0004 top1=1.000 | val loss=0.1251 | t=0.1s
[finetune_replay] ep 174/300 | train loss=0.0003 top1=1.000 | val loss=0.1208 | t=0.1s
[finetune_replay] ep 175/300 | train loss=0.0004 top1=1.000 | val loss=0.1208 | t=0.1s
[finetune_replay] ep 176/300 | train loss=0.0003 top1=1.000 | val loss=0.1207 | t=0.1s
[finetune_replay] ep 177/300 | train loss=0.0004 top1=1.000 | val loss=0.1224 | t=0.1s
[finetune_replay] ep 178/300 | train loss=0.0004 top1=1.000 | val loss=0.1250 | t=0.1s
[finetune_replay] ep 179/300 | train loss=0.0004 top1=1.000 | val loss=0.1287 | t=0.1s
[finetune_replay] ep 180/300 | train loss=0.0004 top1=1.000 | val loss=0.1274 | t=0.1s
[finetune_replay] ep 181/300 | train loss=0.0003 top1=1.000 | val loss=0.1253 | t=0.1s
[finetune_replay] ep 182/300 | train loss=0.0003 top1=1.000 | val loss=0.1252 | t=0.1s
[finetune_replay] ep 183/300 | train loss=0.0003 top1=1.000 | val loss=0.1218 | t=0.1s
[finetune_replay] ep 184/300 | train loss=0.0003 top1=1.000 | val loss=0.1206 | t=0.1s
[finetune_replay] ep 185/300 | train loss=0.0003 top1=1.000 | val loss=0.1210 | t=0.1s
[finetune_replay] ep 186/300 | train loss=0.0003 top1=1.000 | val loss=0.1211 | t=0.1s
[finetune_replay] ep 187/300 | train loss=0.0003 top1=1.000 | val loss=0.1217 | t=0.1s
[finetune_replay] ep 188/300 | train loss=0.0003 top1=1.000 | val loss=0.1260 | t=0.1s
[finetune_replay] ep 189/300 | train loss=0.0003 top1=1.000 | val loss=0.1248 | t=0.1s
[finetune_replay] ep 190/300 | train loss=0.0003 top1=1.000 | val loss=0.1279 | t=0.1s
[finetune_replay] ep 191/300 | train loss=0.0003 top1=1.000 | val loss=0.1268 | t=0.1s
[finetune_replay] ep 192/300 | train loss=0.0004 top1=1.000 | val loss=0.1252 | t=0.1s
[finetune_replay] ep 193/300 | train loss=0.0003 top1=1.000 | val loss=0.1251 | t=0.1s
[finetune_replay] ep 194/300 | train loss=0.0003 top1=1.000 | val loss=0.1233 | t=0.1s
[finetune_replay] ep 195/300 | train loss=0.0004 top1=1.000 | val loss=0.1250 | t=0.1s
[finetune_replay] ep 196/300 | train loss=0.0003 top1=1.000 | val loss=0.1259 | t=0.1s
[finetune_replay] ep 197/300 | train loss=0.0004 top1=1.000 | val loss=0.1312 | t=0.1s
[finetune_replay] ep 198/300 | train loss=0.0003 top1=1.000 | val loss=0.1320 | t=0.1s
[finetune_replay] ep 199/300 | train loss=0.0004 top1=1.000 | val loss=0.1325 | t=0.1s
[finetune_replay] ep 200/300 | train loss=0.0003 top1=1.000 | val loss=0.1287 | t=0.1s
[finetune_replay] ep 201/300 | train loss=0.0004 top1=1.000 | val loss=0.1232 | t=0.1s
[finetune_replay] ep 202/300 | train loss=0.0004 top1=1.000 | val loss=0.1222 | t=0.1s
[finetune_replay] ep 203/300 | train loss=0.0003 top1=1.000 | val loss=0.1237 | t=0.1s
[finetune_replay] ep 204/300 | train loss=0.0003 top1=1.000 | val loss=0.1224 | t=0.1s
[finetune_replay] ep 205/300 | train loss=0.0003 top1=1.000 | val loss=0.1214 | t=0.1s
[finetune_replay] ep 206/300 | train loss=0.0003 top1=1.000 | val loss=0.1211 | t=0.1s
[finetune_replay] ep 207/300 | train loss=0.0003 top1=1.000 | val loss=0.1220 | t=0.1s
[finetune_replay] ep 208/300 | train loss=0.0003 top1=1.000 | val loss=0.1217 | t=0.1s
[finetune_replay] ep 209/300 | train loss=0.0003 top1=1.000 | val loss=0.1212 | t=0.1s
[finetune_replay] ep 210/300 | train loss=0.0003 top1=1.000 | val loss=0.1212 | t=0.1s
[finetune_replay] ep 211/300 | train loss=0.0003 top1=1.000 | val loss=0.1233 | t=0.1s
[finetune_replay] ep 212/300 | train loss=0.0002 top1=1.000 | val loss=0.1203 | t=0.1s
[finetune_replay] ep 213/300 | train loss=0.0003 top1=1.000 | val loss=0.1211 | t=0.1s
[finetune_replay] ep 214/300 | train loss=0.0003 top1=1.000 | val loss=0.1214 | t=0.1s
[finetune_replay] ep 215/300 | train loss=0.0003 top1=1.000 | val loss=0.1252 | t=0.1s
[finetune_replay] ep 216/300 | train loss=0.0003 top1=1.000 | val loss=0.1277 | t=0.1s
[finetune_replay] ep 217/300 | train loss=0.0003 top1=1.000 | val loss=0.1308 | t=0.1s
[finetune_replay] ep 218/300 | train loss=0.0003 top1=1.000 | val loss=0.1291 | t=0.1s
[finetune_replay] ep 219/300 | train loss=0.0003 top1=1.000 | val loss=0.1294 | t=0.1s
[finetune_replay] ep 220/300 | train loss=0.0003 top1=1.000 | val loss=0.1285 | t=0.1s
[finetune_replay] ep 221/300 | train loss=0.0003 top1=1.000 | val loss=0.1259 | t=0.1s
[finetune_replay] ep 222/300 | train loss=0.0003 top1=1.000 | val loss=0.1250 | t=0.1s
[finetune_replay] ep 223/300 | train loss=0.0003 top1=1.000 | val loss=0.1255 | t=0.1s
[finetune_replay] ep 224/300 | train loss=0.0003 top1=1.000 | val loss=0.1253 | t=0.1s
[finetune_replay] ep 225/300 | train loss=0.0003 top1=1.000 | val loss=0.1309 | t=0.1s
[finetune_replay] ep 226/300 | train loss=0.0003 top1=1.000 | val loss=0.1314 | t=0.1s
[finetune_replay] ep 227/300 | train loss=0.0003 top1=1.000 | val loss=0.1299 | t=0.1s
[finetune_replay] ep 228/300 | train loss=0.0003 top1=1.000 | val loss=0.1315 | t=0.1s
[finetune_replay] ep 229/300 | train loss=0.0003 top1=1.000 | val loss=0.1297 | t=0.1s
[finetune_replay] ep 230/300 | train loss=0.0003 top1=1.000 | val loss=0.1271 | t=0.1s
[finetune_replay] ep 231/300 | train loss=0.0003 top1=1.000 | val loss=0.1260 | t=0.1s
[finetune_replay] ep 232/300 | train loss=0.0003 top1=1.000 | val loss=0.1246 | t=0.1s
[finetune_replay] ep 233/300 | train loss=0.0003 top1=1.000 | val loss=0.1246 | t=0.1s
[finetune_replay] ep 234/300 | train loss=0.0003 top1=1.000 | val loss=0.1272 | t=0.1s
[finetune_replay] ep 235/300 | train loss=0.0003 top1=1.000 | val loss=0.1283 | t=0.1s
[finetune_replay] ep 236/300 | train loss=0.0003 top1=1.000 | val loss=0.1275 | t=0.1s
[finetune_replay] ep 237/300 | train loss=0.0003 top1=1.000 | val loss=0.1256 | t=0.1s
[finetune_replay] ep 238/300 | train loss=0.0003 top1=1.000 | val loss=0.1273 | t=0.1s
[finetune_replay] ep 239/300 | train loss=0.0003 top1=1.000 | val loss=0.1275 | t=0.1s
[finetune_replay] ep 240/300 | train loss=0.0003 top1=1.000 | val loss=0.1264 | t=0.1s
[finetune_replay] ep 241/300 | train loss=0.0003 top1=1.000 | val loss=0.1279 | t=0.1s
[finetune_replay] ep 242/300 | train loss=0.0003 top1=1.000 | val loss=0.1309 | t=0.1s
[finetune_replay] ep 243/300 | train loss=0.0003 top1=1.000 | val loss=0.1296 | t=0.1s
[finetune_replay] ep 244/300 | train loss=0.0003 top1=1.000 | val loss=0.1299 | t=0.1s
[finetune_replay] ep 245/300 | train loss=0.0003 top1=1.000 | val loss=0.1291 | t=0.1s
[finetune_replay] ep 246/300 | train loss=0.0003 top1=1.000 | val loss=0.1302 | t=0.1s
[finetune_replay] ep 247/300 | train loss=0.0003 top1=1.000 | val loss=0.1303 | t=0.1s
[finetune_replay] ep 248/300 | train loss=0.0003 top1=1.000 | val loss=0.1279 | t=0.1s
[finetune_replay] ep 249/300 | train loss=0.0003 top1=1.000 | val loss=0.1277 | t=0.1s
[finetune_replay] ep 250/300 | train loss=0.0003 top1=1.000 | val loss=0.1279 | t=0.1s
[finetune_replay] ep 251/300 | train loss=0.0003 top1=1.000 | val loss=0.1247 | t=0.1s
[finetune_replay] ep 252/300 | train loss=0.0002 top1=1.000 | val loss=0.1247 | t=0.1s
[finetune_replay] ep 253/300 | train loss=0.0003 top1=1.000 | val loss=0.1244 | t=0.1s
[finetune_replay] ep 254/300 | train loss=0.0003 top1=1.000 | val loss=0.1248 | t=0.1s
[finetune_replay] ep 255/300 | train loss=0.0003 top1=1.000 | val loss=0.1260 | t=0.1s
[finetune_replay] ep 256/300 | train loss=0.0003 top1=1.000 | val loss=0.1258 | t=0.1s
[finetune_replay] ep 257/300 | train loss=0.0003 top1=1.000 | val loss=0.1239 | t=0.1s
[finetune_replay] ep 258/300 | train loss=0.0003 top1=1.000 | val loss=0.1264 | t=0.1s
[finetune_replay] ep 259/300 | train loss=0.0003 top1=1.000 | val loss=0.1270 | t=0.1s
[finetune_replay] ep 260/300 | train loss=0.0003 top1=1.000 | val loss=0.1254 | t=0.1s
[finetune_replay] ep 261/300 | train loss=0.0003 top1=1.000 | val loss=0.1255 | t=0.1s
[finetune_replay] ep 262/300 | train loss=0.0003 top1=1.000 | val loss=0.1287 | t=0.1s
[finetune_replay] ep 263/300 | train loss=0.0003 top1=1.000 | val loss=0.1271 | t=0.1s
[finetune_replay] ep 264/300 | train loss=0.0003 top1=1.000 | val loss=0.1281 | t=0.1s
[finetune_replay] ep 265/300 | train loss=0.0003 top1=1.000 | val loss=0.1294 | t=0.1s
[finetune_replay] ep 266/300 | train loss=0.0004 top1=1.000 | val loss=0.1292 | t=0.1s
[finetune_replay] ep 267/300 | train loss=0.0003 top1=1.000 | val loss=0.1297 | t=0.1s
[finetune_replay] ep 268/300 | train loss=0.0003 top1=1.000 | val loss=0.1304 | t=0.1s
[finetune_replay] ep 269/300 | train loss=0.0003 top1=1.000 | val loss=0.1284 | t=0.1s
[finetune_replay] ep 270/300 | train loss=0.0003 top1=1.000 | val loss=0.1268 | t=0.1s
[finetune_replay] ep 271/300 | train loss=0.0003 top1=1.000 | val loss=0.1267 | t=0.1s
[finetune_replay] ep 272/300 | train loss=0.0002 top1=1.000 | val loss=0.1276 | t=0.1s
[finetune_replay] ep 273/300 | train loss=0.0003 top1=1.000 | val loss=0.1262 | t=0.1s
[finetune_replay] ep 274/300 | train loss=0.0003 top1=1.000 | val loss=0.1247 | t=0.1s
[finetune_replay] ep 275/300 | train loss=0.0003 top1=1.000 | val loss=0.1257 | t=0.1s
[finetune_replay] ep 276/300 | train loss=0.0003 top1=1.000 | val loss=0.1230 | t=0.1s
[finetune_replay] ep 277/300 | train loss=0.0003 top1=1.000 | val loss=0.1231 | t=0.1s
[finetune_replay] ep 278/300 | train loss=0.0004 top1=1.000 | val loss=0.1247 | t=0.1s
[finetune_replay] ep 279/300 | train loss=0.0003 top1=1.000 | val loss=0.1245 | t=0.1s
[finetune_replay] ep 280/300 | train loss=0.0003 top1=1.000 | val loss=0.1257 | t=0.1s
[finetune_replay] ep 281/300 | train loss=0.0003 top1=1.000 | val loss=0.1247 | t=0.1s
[finetune_replay] ep 282/300 | train loss=0.0003 top1=1.000 | val loss=0.1280 | t=0.1s
[finetune_replay] ep 283/300 | train loss=0.0003 top1=1.000 | val loss=0.1282 | t=0.1s
[finetune_replay] ep 284/300 | train loss=0.0003 top1=1.000 | val loss=0.1274 | t=0.1s
[finetune_replay] ep 285/300 | train loss=0.0003 top1=1.000 | val loss=0.1290 | t=0.1s
[finetune_replay] ep 286/300 | train loss=0.0003 top1=1.000 | val loss=0.1270 | t=0.1s
[finetune_replay] ep 287/300 | train loss=0.0003 top1=1.000 | val loss=0.1290 | t=0.1s
[finetune_replay] ep 288/300 | train loss=0.0003 top1=1.000 | val loss=0.1271 | t=0.1s
[finetune_replay] ep 289/300 | train loss=0.0003 top1=1.000 | val loss=0.1270 | t=0.1s
[finetune_replay] ep 290/300 | train loss=0.0003 top1=1.000 | val loss=0.1286 | t=0.1s
[finetune_replay] ep 291/300 | train loss=0.0003 top1=1.000 | val loss=0.1270 | t=0.1s
[finetune_replay] ep 292/300 | train loss=0.0003 top1=1.000 | val loss=0.1284 | t=0.1s
[finetune_replay] ep 293/300 | train loss=0.0003 top1=1.000 | val loss=0.1281 | t=0.1s
[finetune_replay] ep 294/300 | train loss=0.0003 top1=1.000 | val loss=0.1282 | t=0.1s
[finetune_replay] ep 295/300 | train loss=0.0003 top1=1.000 | val loss=0.1291 | t=0.1s
[finetune_replay] ep 296/300 | train loss=0.0002 top1=1.000 | val loss=0.1303 | t=0.1s
[finetune_replay] ep 297/300 | train loss=0.0003 top1=1.000 | val loss=0.1270 | t=0.1s
[finetune_replay] ep 298/300 | train loss=0.0003 top1=1.000 | val loss=0.1270 | t=0.1s
[finetune_replay] ep 299/300 | train loss=0.0003 top1=1.000 | val loss=0.1284 | t=0.1s
[finetune_replay] ep 300/300 | train loss=0.0003 top1=1.000 | val loss=0.1265 | t=0.1s
[finetune_replay] DONE best_val_loss=0.0703 @ epoch 18
[19:29:07] [bo-budget] $ /home/s226137394/.conda/envs/maze/bin/python3 -u -m Equivariant_pathway.equivariant_CNN_hybrid.rollout_test --checkpoint /weka/s226137394/DmNfull/Equivariant_pathway/equivariant_CNN_hybrid/baseline_vs_p4/pool_x_selector/results_hpsweep/e300_lr0.0001_rm0.7_do0/run_6/p4_top3_rotate/checkpoints/best_hybrid_policy.pth --layouts /weka/s226137394/DmNfull/Equivariant_pathway/equivariant_CNN_hybrid/baseline_vs_p4/shared/heldout_layouts.yaml --out_dir /weka/s226137394/DmNfull/Equivariant_pathway/equivariant_CNN_hybrid/baseline_vs_p4/pool_x_selector/results_hpsweep/e300_lr0.0001_rm0.7_do0/run_6/p4_top3_rotate/results/eval_round_001 --seed 7 --max_steps 60
[hybrid-rollout] 200 unique; running 200 eps
[hybrid-rollout] loaded /weka/s226137394/DmNfull/Equivariant_pathway/equivariant_CNN_hybrid/baseline_vs_p4/pool_x_selector/results_hpsweep/e300_lr0.0001_rm0.7_do0/run_6/p4_top3_rotate/checkpoints/best_hybrid_policy.pth
[hybrid-rollout] ep 0 (heldout_001): steps=5 success=True
[hybrid-rollout] ep 1 (heldout_002): steps=60 success=False
[hybrid-rollout] ep 2 (heldout_003): steps=60 success=False
[hybrid-rollout] ep 3 (heldout_004): steps=60 success=False
[hybrid-rollout] ep 4 (heldout_005): steps=5 success=True
[hybrid-rollout] ep 5 (heldout_006): steps=6 success=True
[hybrid-rollout] ep 6 (heldout_007): steps=5 success=True
[hybrid-rollout] ep 7 (heldout_008): steps=4 success=True
[hybrid-rollout] ep 8 (heldout_009): steps=60 success=False
[hybrid-rollout] ep 9 (heldout_010): steps=60 success=False
[hybrid-rollout] ep 10 (heldout_011): steps=4 success=True
[hybrid-rollout] ep 11 (heldout_012): steps=4 success=True
[hybrid-rollout] ep 12 (heldout_013): steps=60 success=False
[hybrid-rollout] ep 13 (heldout_014): steps=5 success=True
[hybrid-rollout] ep 14 (heldout_015): steps=4 success=True
[hybrid-rollout] ep 15 (heldout_016): steps=5 success=True
[hybrid-rollout] ep 16 (heldout_017): steps=60 success=False
[hybrid-rollout] ep 17 (heldout_018): steps=60 success=False
[hybrid-rollout] ep 18 (heldout_019): steps=60 success=False
[hybrid-rollout] ep 19 (heldout_020): steps=5 success=True
[hybrid-rollout] ep 20 (heldout_021): steps=60 success=False
[hybrid-rollout] ep 21 (heldout_022): steps=4 success=True
[hybrid-rollout] ep 22 (heldout_023): steps=60 success=False
[hybrid-rollout] ep 23 (heldout_024): steps=60 success=False
[hybrid-rollout] ep 24 (heldout_025): steps=4 success=True
[hybrid-rollout] ep 25 (heldout_026): steps=4 success=True
[hybrid-rollout] ep 26 (heldout_027): steps=4 success=True
[hybrid-rollout] ep 27 (heldout_028): steps=4 success=True
[hybrid-rollout] ep 28 (heldout_029): steps=60 success=False
[hybrid-rollout] ep 29 (heldout_030): steps=60 success=False
[hybrid-rollout] ep 30 (heldout_031): steps=60 success=False
[hybrid-rollout] ep 31 (heldout_032): steps=5 success=True
[hybrid-rollout] ep 32 (heldout_033): steps=4 success=True
[hybrid-rollout] ep 33 (heldout_034): steps=60 success=False
[hybrid-rollout] ep 34 (heldout_035): steps=60 success=False
[hybrid-rollout] ep 35 (heldout_036): steps=5 success=True
[hybrid-rollout] ep 36 (heldout_037): steps=4 success=True
[hybrid-rollout] ep 37 (heldout_038): steps=5 success=True
[hybrid-rollout] ep 38 (heldout_039): steps=6 success=True
[hybrid-rollout] ep 39 (heldout_040): steps=60 success=False
[hybrid-rollout] ep 40 (heldout_041): steps=60 success=False
[hybrid-rollout] ep 41 (heldout_042): steps=4 success=True
[hybrid-rollout] ep 42 (heldout_043): steps=60 success=False
[hybrid-rollout] ep 43 (heldout_044): steps=60 success=False
[hybrid-rollout] ep 44 (heldout_045): steps=3 success=False
[hybrid-rollout] ep 45 (heldout_046): steps=4 success=True
[hybrid-rollout] ep 46 (heldout_047): steps=60 success=False
[hybrid-rollout] ep 47 (heldout_048): steps=6 success=True
[hybrid-rollout] ep 48 (heldout_049): steps=60 success=False
[hybrid-rollout] ep 49 (heldout_050): steps=60 success=False
[hybrid-rollout] ep 50 (heldout_051): steps=4 success=True
[hybrid-rollout] ep 51 (heldout_052): steps=4 success=True
[hybrid-rollout] ep 52 (heldout_053): steps=60 success=False
[hybrid-rollout] ep 53 (heldout_054): steps=4 success=True
[hybrid-rollout] ep 54 (heldout_055): steps=60 success=False
[hybrid-rollout] ep 55 (heldout_056): steps=4 success=True
[hybrid-rollout] ep 56 (heldout_057): steps=4 success=True
[hybrid-rollout] ep 57 (heldout_058): steps=4 success=True
[hybrid-rollout] ep 58 (heldout_059): steps=5 success=True
[hybrid-rollout] ep 59 (heldout_060): steps=6 success=True
[hybrid-rollout] ep 60 (heldout_061): steps=60 success=False
[hybrid-rollout] ep 61 (heldout_062): steps=6 success=True
[hybrid-rollout] ep 62 (heldout_063): steps=5 success=True
[hybrid-rollout] ep 63 (heldout_064): steps=4 success=True
[hybrid-rollout] ep 64 (heldout_065): steps=60 success=False
[hybrid-rollout] ep 65 (heldout_066): steps=6 success=True
[hybrid-rollout] ep 66 (heldout_067): steps=5 success=True
[hybrid-rollout] ep 67 (heldout_068): steps=4 success=True
[hybrid-rollout] ep 68 (heldout_069): steps=60 success=False
[hybrid-rollout] ep 69 (heldout_070): steps=60 success=False
[hybrid-rollout] ep 70 (heldout_071): steps=5 success=True
[hybrid-rollout] ep 71 (heldout_072): steps=5 success=True
[hybrid-rollout] ep 72 (heldout_073): steps=3 success=False
[hybrid-rollout] ep 73 (heldout_074): steps=60 success=False
[hybrid-rollout] ep 74 (heldout_075): steps=5 success=True
[hybrid-rollout] ep 75 (heldout_076): steps=60 success=False
[hybrid-rollout] ep 76 (heldout_077): steps=4 success=True
[hybrid-rollout] ep 77 (heldout_078): steps=6 success=True
[hybrid-rollout] ep 78 (heldout_079): steps=60 success=False
[hybrid-rollout] ep 79 (heldout_080): steps=4 success=True
[hybrid-rollout] ep 80 (heldout_081): steps=60 success=False
[hybrid-rollout] ep 81 (heldout_082): steps=5 success=True
[hybrid-rollout] ep 82 (heldout_083): steps=4 success=True
[hybrid-rollout] ep 83 (heldout_084): steps=60 success=False
[hybrid-rollout] ep 84 (heldout_085): steps=60 success=False
[hybrid-rollout] ep 85 (heldout_086): steps=6 success=True
[hybrid-rollout] ep 86 (heldout_087): steps=60 success=False
[hybrid-rollout] ep 87 (heldout_088): steps=4 success=True
[hybrid-rollout] ep 88 (heldout_089): steps=3 success=False
[hybrid-rollout] ep 89 (heldout_090): steps=4 success=True
[hybrid-rollout] ep 90 (heldout_091): steps=4 success=False
[hybrid-rollout] ep 91 (heldout_092): steps=60 success=False
[hybrid-rollout] ep 92 (heldout_093): steps=1 success=False
[hybrid-rollout] ep 93 (heldout_094): steps=6 success=True
[hybrid-rollout] ep 94 (heldout_095): steps=7 success=True
[hybrid-rollout] ep 95 (heldout_096): steps=60 success=False
[hybrid-rollout] ep 96 (heldout_097): steps=5 success=True
[hybrid-rollout] ep 97 (heldout_098): steps=5 success=True
[hybrid-rollout] ep 98 (heldout_099): steps=60 success=False
[hybrid-rollout] ep 99 (heldout_100): steps=60 success=False
[hybrid-rollout] ep 100 (heldout_101): steps=4 success=True
[hybrid-rollout] ep 101 (heldout_102): steps=4 success=True
[hybrid-rollout] ep 102 (heldout_103): steps=60 success=False
[hybrid-rollout] ep 103 (heldout_104): steps=6 success=True
[hybrid-rollout] ep 104 (heldout_105): steps=60 success=False
[hybrid-rollout] ep 105 (heldout_106): steps=60 success=False
[hybrid-rollout] ep 106 (heldout_107): steps=4 success=True
[hybrid-rollout] ep 107 (heldout_108): steps=60 success=False
[hybrid-rollout] ep 108 (heldout_109): steps=4 success=True
[hybrid-rollout] ep 109 (heldout_110): steps=60 success=False
[hybrid-rollout] ep 110 (heldout_111): steps=60 success=False
[hybrid-rollout] ep 111 (heldout_112): steps=60 success=False
[hybrid-rollout] ep 112 (heldout_113): steps=7 success=True
[hybrid-rollout] ep 113 (heldout_114): steps=60 success=False
[hybrid-rollout] ep 114 (heldout_115): steps=4 success=True
[hybrid-rollout] ep 115 (heldout_116): steps=5 success=True
[hybrid-rollout] ep 116 (heldout_117): steps=7 success=True
[hybrid-rollout] ep 117 (heldout_118): steps=60 success=False
[hybrid-rollout] ep 118 (heldout_119): steps=60 success=False
[hybrid-rollout] ep 119 (heldout_120): steps=7 success=True
[hybrid-rollout] ep 120 (heldout_121): steps=60 success=False
[hybrid-rollout] ep 121 (heldout_122): steps=60 success=False
[hybrid-rollout] ep 122 (heldout_123): steps=60 success=False
[hybrid-rollout] ep 123 (heldout_124): steps=60 success=False
[hybrid-rollout] ep 124 (heldout_125): steps=4 success=True
[hybrid-rollout] ep 125 (heldout_126): steps=4 success=True
[hybrid-rollout] ep 126 (heldout_127): steps=60 success=False
[hybrid-rollout] ep 127 (heldout_128): steps=60 success=False
[hybrid-rollout] ep 128 (heldout_129): steps=60 success=False
[hybrid-rollout] ep 129 (heldout_130): steps=4 success=True
[hybrid-rollout] ep 130 (heldout_131): steps=60 success=False
[hybrid-rollout] ep 131 (heldout_132): steps=4 success=True
[hybrid-rollout] ep 132 (heldout_133): steps=4 success=True
[hybrid-rollout] ep 133 (heldout_134): steps=60 success=False
[hybrid-rollout] ep 134 (heldout_135): steps=6 success=True
[hybrid-rollout] ep 135 (heldout_136): steps=60 success=False
[hybrid-rollout] ep 136 (heldout_137): steps=60 success=False
[hybrid-rollout] ep 137 (heldout_138): steps=4 success=True
[hybrid-rollout] ep 138 (heldout_139): steps=4 success=True
[hybrid-rollout] ep 139 (heldout_140): steps=60 success=False
[hybrid-rollout] ep 140 (heldout_141): steps=60 success=False
[hybrid-rollout] ep 141 (heldout_142): steps=4 success=True
[hybrid-rollout] ep 142 (heldout_143): steps=6 success=True
[hybrid-rollout] ep 143 (heldout_144): steps=4 success=True
[hybrid-rollout] ep 144 (heldout_145): steps=5 success=True
[hybrid-rollout] ep 145 (heldout_146): steps=60 success=False
[hybrid-rollout] ep 146 (heldout_147): steps=4 success=True
[hybrid-rollout] ep 147 (heldout_148): steps=60 success=False
[hybrid-rollout] ep 148 (heldout_149): steps=5 success=True
[hybrid-rollout] ep 149 (heldout_150): steps=4 success=True
[hybrid-rollout] ep 150 (heldout_151): steps=5 success=True
[hybrid-rollout] ep 151 (heldout_152): steps=5 success=False
[hybrid-rollout] ep 152 (heldout_153): steps=5 success=True
[hybrid-rollout] ep 153 (heldout_154): steps=60 success=False
[hybrid-rollout] ep 154 (heldout_155): steps=60 success=False
[hybrid-rollout] ep 155 (heldout_156): steps=60 success=False
[hybrid-rollout] ep 156 (heldout_157): steps=4 success=True
[hybrid-rollout] ep 157 (heldout_158): steps=6 success=True
[hybrid-rollout] ep 158 (heldout_159): steps=6 success=True
[hybrid-rollout] ep 159 (heldout_160): steps=60 success=False
[hybrid-rollout] ep 160 (heldout_161): steps=60 success=False
[hybrid-rollout] ep 161 (heldout_162): steps=5 success=True
[hybrid-rollout] ep 162 (heldout_163): steps=4 success=True
[hybrid-rollout] ep 163 (heldout_164): steps=4 success=True
[hybrid-rollout] ep 164 (heldout_165): steps=5 success=True
[hybrid-rollout] ep 165 (heldout_166): steps=60 success=False
[hybrid-rollout] ep 166 (heldout_167): steps=60 success=False
[hybrid-rollout] ep 167 (heldout_168): steps=4 success=True
[hybrid-rollout] ep 168 (heldout_169): steps=60 success=False
[hybrid-rollout] ep 169 (heldout_170): steps=5 success=False
[hybrid-rollout] ep 170 (heldout_171): steps=60 success=False
[hybrid-rollout] ep 171 (heldout_172): steps=5 success=True
[hybrid-rollout] ep 172 (heldout_173): steps=4 success=True
[hybrid-rollout] ep 173 (heldout_174): steps=60 success=False
[hybrid-rollout] ep 174 (heldout_175): steps=5 success=True
[hybrid-rollout] ep 175 (heldout_176): steps=6 success=True
[hybrid-rollout] ep 176 (heldout_177): steps=60 success=False
[hybrid-rollout] ep 177 (heldout_178): steps=5 success=True
[hybrid-rollout] ep 178 (heldout_179): steps=60 success=False
[hybrid-rollout] ep 179 (heldout_180): steps=4 success=True
[hybrid-rollout] ep 180 (heldout_181): steps=5 success=True
[hybrid-rollout] ep 181 (heldout_182): steps=60 success=False
[hybrid-rollout] ep 182 (heldout_183): steps=60 success=False
[hybrid-rollout] ep 183 (heldout_184): steps=60 success=False
[hybrid-rollout] ep 184 (heldout_185): steps=60 success=False
[hybrid-rollout] ep 185 (heldout_186): steps=4 success=True
[hybrid-rollout] ep 186 (heldout_187): steps=5 success=True
[hybrid-rollout] ep 187 (heldout_188): steps=60 success=False
[hybrid-rollout] ep 188 (heldout_189): steps=60 success=False
[hybrid-rollout] ep 189 (heldout_190): steps=7 success=True
[hybrid-rollout] ep 190 (heldout_191): steps=6 success=True
[hybrid-rollout] ep 191 (heldout_192): steps=7 success=True
[hybrid-rollout] ep 192 (heldout_193): steps=60 success=False
[hybrid-rollout] ep 193 (heldout_194): steps=6 success=True
[hybrid-rollout] ep 194 (heldout_195): steps=5 success=True
[hybrid-rollout] ep 195 (heldout_196): steps=4 success=True
[hybrid-rollout] ep 196 (heldout_197): steps=5 success=True
[hybrid-rollout] ep 197 (heldout_198): steps=60 success=False
[hybrid-rollout] ep 198 (heldout_199): steps=60 success=False
[hybrid-rollout] ep 199 (heldout_200): steps=4 success=True
[hybrid-rollout] DONE successes=106/200
[19:31:25] [replay_p4] run 6 round 1: extras=1 heldout_sr=0.530
[19:31:25] [replay_p4] $ /home/s226137394/.conda/envs/maze/bin/python3 -u -m Equivariant_pathway.equivariant_CNN_hybrid.baseline_vs_p4.pool_x_selector.trainer.finetune_replay --demo_dir /weka/s226137394/DmNfull/Equivariant_pathway/equivariant_CNN_hybrid/baseline_vs_p4/pool_x_selector/results_hpsweep/e300_lr0.0001_rm0.7_do0/run_6/p4_top3_rotate/demos --checkpoint_dir /weka/s226137394/DmNfull/Equivariant_pathway/equivariant_CNN_hybrid/baseline_vs_p4/pool_x_selector/results_hpsweep/e300_lr0.0001_rm0.7_do0/run_6/p4_top3_rotate/checkpoints --epochs 300 --batch_size 64 --lr 0.0001 --weight_decay 0.0001 --replay_mix 0.7 --replay_mix_floor 0.2 --head_dropout 0.0 --seed 6 --resume --new_demos_dir /weka/s226137394/DmNfull/Equivariant_pathway/equivariant_CNN_hybrid/baseline_vs_p4/pool_x_selector/results_hpsweep/e300_lr0.0001_rm0.7_do0/run_6/p4_top3_rotate/demos/round_002
[finetune_replay] device=cuda demo_dir=/weka/s226137394/DmNfull/Equivariant_pathway/equivariant_CNN_hybrid/baseline_vs_p4/pool_x_selector/results_hpsweep/e300_lr0.0001_rm0.7_do0/run_6/p4_top3_rotate/demos new_demos_dir=/weka/s226137394/DmNfull/Equivariant_pathway/equivariant_CNN_hybrid/baseline_vs_p4/pool_x_selector/results_hpsweep/e300_lr0.0001_rm0.7_do0/run_6/p4_top3_rotate/demos/round_002
[hybrid-dataset] 21 demos -> 109 samples
[hybrid-dataset] 1 demos -> 5 samples
[finetune_replay] sampler audit: {'n_old_samples': 109, 'n_new_samples': 5, 'replay_mix_target': 0.7, 'replay_mix_effective': 0.7, 'replay_mix_floor': 0.2}
[finetune_replay] trainable params: 1,400,028
[finetune_replay] WARM START from last_hybrid_policy.pth
[finetune_replay] ep   1/300 | train loss=0.2221 top1=0.913 | val loss=0.0140 | t=0.8s  *
[finetune_replay] ep   2/300 | train loss=0.1172 top1=0.990 | val loss=0.0050 | t=0.2s  *
[finetune_replay] ep   3/300 | train loss=0.0648 top1=1.000 | val loss=0.0041 | t=0.1s  *
[finetune_replay] ep   4/300 | train loss=0.0191 top1=1.000 | val loss=0.0187 | t=0.2s
[finetune_replay] ep   5/300 | train loss=0.0423 top1=0.981 | val loss=0.0077 | t=0.2s
[finetune_replay] ep   6/300 | train loss=0.0080 top1=1.000 | val loss=0.0163 | t=0.1s
[finetune_replay] ep   7/300 | train loss=0.0125 top1=1.000 | val loss=0.0017 | t=0.1s  *
[finetune_replay] ep   8/300 | train loss=0.0052 top1=1.000 | val loss=0.0027 | t=0.1s
[finetune_replay] ep   9/300 | train loss=0.0062 top1=1.000 | val loss=0.0039 | t=0.1s
[finetune_replay] ep  10/300 | train loss=0.0038 top1=1.000 | val loss=0.0185 | t=0.1s
[finetune_replay] ep  11/300 | train loss=0.0033 top1=1.000 | val loss=0.0090 | t=0.1s
[finetune_replay] ep  12/300 | train loss=0.0027 top1=1.000 | val loss=0.0024 | t=0.1s
[finetune_replay] ep  13/300 | train loss=0.0021 top1=1.000 | val loss=0.0016 | t=0.1s  *
[finetune_replay] ep  14/300 | train loss=0.0021 top1=1.000 | val loss=0.0014 | t=0.1s  *
[finetune_replay] ep  15/300 | train loss=0.0017 top1=1.000 | val loss=0.0017 | t=0.1s
[finetune_replay] ep  16/300 | train loss=0.0018 top1=1.000 | val loss=0.0027 | t=0.1s
[finetune_replay] ep  17/300 | train loss=0.0013 top1=1.000 | val loss=0.0043 | t=0.1s
[finetune_replay] ep  18/300 | train loss=0.0011 top1=1.000 | val loss=0.0052 | t=0.1s
[finetune_replay] ep  19/300 | train loss=0.0015 top1=1.000 | val loss=0.0044 | t=0.1s
[finetune_replay] ep  20/300 | train loss=0.0021 top1=1.000 | val loss=0.0017 | t=0.1s
[finetune_replay] ep  21/300 | train loss=0.0012 top1=1.000 | val loss=0.0011 | t=0.1s  *
[finetune_replay] ep  22/300 | train loss=0.0026 top1=1.000 | val loss=0.0010 | t=0.1s  *
[finetune_replay] ep  23/300 | train loss=0.0016 top1=1.000 | val loss=0.0025 | t=0.1s
[finetune_replay] ep  24/300 | train loss=0.0012 top1=1.000 | val loss=0.0065 | t=0.1s
[finetune_replay] ep  25/300 | train loss=0.0027 top1=1.000 | val loss=0.0028 | t=0.1s
[finetune_replay] ep  26/300 | train loss=0.0008 top1=1.000 | val loss=0.0019 | t=0.1s
[finetune_replay] ep  27/300 | train loss=0.0021 top1=1.000 | val loss=0.0014 | t=0.1s
[finetune_replay] ep  28/300 | train loss=0.0012 top1=1.000 | val loss=0.0015 | t=0.1s
[finetune_replay] ep  29/300 | train loss=0.0009 top1=1.000 | val loss=0.0027 | t=0.1s
[finetune_replay] ep  30/300 | train loss=0.0009 top1=1.000 | val loss=0.0042 | t=0.1s
[finetune_replay] ep  31/300 | train loss=0.0013 top1=1.000 | val loss=0.0040 | t=0.1s
[finetune_replay] ep  32/300 | train loss=0.0009 top1=1.000 | val loss=0.0027 | t=0.1s
[finetune_replay] ep  33/300 | train loss=0.0009 top1=1.000 | val loss=0.0015 | t=0.1s
[finetune_replay] ep  34/300 | train loss=0.0007 top1=1.000 | val loss=0.0012 | t=0.1s
[finetune_replay] ep  35/300 | train loss=0.0006 top1=1.000 | val loss=0.0010 | t=0.1s
[finetune_replay] ep  36/300 | train loss=0.0008 top1=1.000 | val loss=0.0011 | t=0.1s
[finetune_replay] ep  37/300 | train loss=0.0006 top1=1.000 | val loss=0.0012 | t=0.1s
[finetune_replay] ep  38/300 | train loss=0.0006 top1=1.000 | val loss=0.0012 | t=0.1s
[finetune_replay] ep  39/300 | train loss=0.0006 top1=1.000 | val loss=0.0012 | t=0.1s
[finetune_replay] ep  40/300 | train loss=0.0006 top1=1.000 | val loss=0.0012 | t=0.1s
[finetune_replay] ep  41/300 | train loss=0.0006 top1=1.000 | val loss=0.0012 | t=0.1s
[finetune_replay] ep  42/300 | train loss=0.0006 top1=1.000 | val loss=0.0013 | t=0.1s
[finetune_replay] ep  43/300 | train loss=0.0005 top1=1.000 | val loss=0.0013 | t=0.1s
[finetune_replay] ep  44/300 | train loss=0.0006 top1=1.000 | val loss=0.0014 | t=0.1s
[finetune_replay] ep  45/300 | train loss=0.0007 top1=1.000 | val loss=0.0015 | t=0.1s
[finetune_replay] ep  46/300 | train loss=0.0005 top1=1.000 | val loss=0.0015 | t=0.1s
[finetune_replay] ep  47/300 | train loss=0.0005 top1=1.000 | val loss=0.0014 | t=0.1s
[finetune_replay] ep  48/300 | train loss=0.0005 top1=1.000 | val loss=0.0013 | t=0.1s
[finetune_replay] ep  49/300 | train loss=0.0006 top1=1.000 | val loss=0.0012 | t=0.1s
[finetune_replay] ep  50/300 | train loss=0.0004 top1=1.000 | val loss=0.0011 | t=0.1s
[finetune_replay] ep  51/300 | train loss=0.0005 top1=1.000 | val loss=0.0012 | t=0.1s
[finetune_replay] ep  52/300 | train loss=0.0005 top1=1.000 | val loss=0.0015 | t=0.1s
[finetune_replay] ep  53/300 | train loss=0.0004 top1=1.000 | val loss=0.0017 | t=0.1s
[finetune_replay] ep  54/300 | train loss=0.0005 top1=1.000 | val loss=0.0018 | t=0.1s
[finetune_replay] ep  55/300 | train loss=0.0004 top1=1.000 | val loss=0.0019 | t=0.1s
[finetune_replay] ep  56/300 | train loss=0.0005 top1=1.000 | val loss=0.0016 | t=0.1s
[finetune_replay] ep  57/300 | train loss=0.0004 top1=1.000 | val loss=0.0013 | t=0.1s
[finetune_replay] ep  58/300 | train loss=0.0004 top1=1.000 | val loss=0.0012 | t=0.1s
[finetune_replay] ep  59/300 | train loss=0.0005 top1=1.000 | val loss=0.0014 | t=0.1s
[finetune_replay] ep  60/300 | train loss=0.0004 top1=1.000 | val loss=0.0014 | t=0.1s
[finetune_replay] ep  61/300 | train loss=0.0003 top1=1.000 | val loss=0.0015 | t=0.1s
[finetune_replay] ep  62/300 | train loss=0.0003 top1=1.000 | val loss=0.0015 | t=0.1s
[finetune_replay] ep  63/300 | train loss=0.0004 top1=1.000 | val loss=0.0013 | t=0.1s
[finetune_replay] ep  64/300 | train loss=0.0004 top1=1.000 | val loss=0.0012 | t=0.1s
[finetune_replay] ep  65/300 | train loss=0.0004 top1=1.000 | val loss=0.0012 | t=0.1s
[finetune_replay] ep  66/300 | train loss=0.0004 top1=1.000 | val loss=0.0014 | t=0.1s
[finetune_replay] ep  67/300 | train loss=0.0004 top1=1.000 | val loss=0.0016 | t=0.1s
[finetune_replay] ep  68/300 | train loss=0.0004 top1=1.000 | val loss=0.0016 | t=0.1s
[finetune_replay] ep  69/300 | train loss=0.0005 top1=1.000 | val loss=0.0012 | t=0.1s
[finetune_replay] ep  70/300 | train loss=0.0004 top1=1.000 | val loss=0.0010 | t=0.1s  *
[finetune_replay] ep  71/300 | train loss=0.0004 top1=1.000 | val loss=0.0009 | t=0.1s  *
[finetune_replay] ep  72/300 | train loss=0.0003 top1=1.000 | val loss=0.0009 | t=0.1s
[finetune_replay] ep  73/300 | train loss=0.0003 top1=1.000 | val loss=0.0009 | t=0.1s
[finetune_replay] ep  74/300 | train loss=0.0003 top1=1.000 | val loss=0.0011 | t=0.1s
[finetune_replay] ep  75/300 | train loss=0.0003 top1=1.000 | val loss=0.0011 | t=0.1s
[finetune_replay] ep  76/300 | train loss=0.0003 top1=1.000 | val loss=0.0013 | t=0.1s
[finetune_replay] ep  77/300 | train loss=0.0003 top1=1.000 | val loss=0.0012 | t=0.1s
[finetune_replay] ep  78/300 | train loss=0.0003 top1=1.000 | val loss=0.0011 | t=0.1s
[finetune_replay] ep  79/300 | train loss=0.0003 top1=1.000 | val loss=0.0010 | t=0.1s
[finetune_replay] ep  80/300 | train loss=0.0003 top1=1.000 | val loss=0.0010 | t=0.1s
[finetune_replay] ep  81/300 | train loss=0.0003 top1=1.000 | val loss=0.0009 | t=0.1s
[finetune_replay] ep  82/300 | train loss=0.0003 top1=1.000 | val loss=0.0009 | t=0.1s  *
[finetune_replay] ep  83/300 | train loss=0.0003 top1=1.000 | val loss=0.0009 | t=0.1s
[finetune_replay] ep  84/300 | train loss=0.0004 top1=1.000 | val loss=0.0010 | t=0.1s
[finetune_replay] ep  85/300 | train loss=0.0004 top1=1.000 | val loss=0.0010 | t=0.1s
[finetune_replay] ep  86/300 | train loss=0.0003 top1=1.000 | val loss=0.0010 | t=0.1s
[finetune_replay] ep  87/300 | train loss=0.0003 top1=1.000 | val loss=0.0009 | t=0.1s
[finetune_replay] ep  88/300 | train loss=0.0004 top1=1.000 | val loss=0.0008 | t=0.1s  *
[finetune_replay] ep  89/300 | train loss=0.0003 top1=1.000 | val loss=0.0010 | t=0.1s
[finetune_replay] ep  90/300 | train loss=0.0003 top1=1.000 | val loss=0.0016 | t=0.1s
[finetune_replay] ep  91/300 | train loss=0.0003 top1=1.000 | val loss=0.0018 | t=0.1s
[finetune_replay] ep  92/300 | train loss=0.0003 top1=1.000 | val loss=0.0018 | t=0.1s
[finetune_replay] ep  93/300 | train loss=0.0003 top1=1.000 | val loss=0.0015 | t=0.1s
[finetune_replay] ep  94/300 | train loss=0.0003 top1=1.000 | val loss=0.0013 | t=0.1s
[finetune_replay] ep  95/300 | train loss=0.0002 top1=1.000 | val loss=0.0011 | t=0.1s
[finetune_replay] ep  96/300 | train loss=0.0003 top1=1.000 | val loss=0.0009 | t=0.1s
[finetune_replay] ep  97/300 | train loss=0.0002 top1=1.000 | val loss=0.0008 | t=0.1s  *
[finetune_replay] ep  98/300 | train loss=0.0003 top1=1.000 | val loss=0.0008 | t=0.1s
[finetune_replay] ep  99/300 | train loss=0.0003 top1=1.000 | val loss=0.0008 | t=0.1s  *
[finetune_replay] ep 100/300 | train loss=0.0003 top1=1.000 | val loss=0.0007 | t=0.1s  *
[finetune_replay] ep 101/300 | train loss=0.0002 top1=1.000 | val loss=0.0007 | t=0.1s  *
[finetune_replay] ep 102/300 | train loss=0.0003 top1=1.000 | val loss=0.0007 | t=0.1s
[finetune_replay] ep 103/300 | train loss=0.0003 top1=1.000 | val loss=0.0008 | t=0.1s
[finetune_replay] ep 104/300 | train loss=0.0002 top1=1.000 | val loss=0.0010 | t=0.1s
[finetune_replay] ep 105/300 | train loss=0.0002 top1=1.000 | val loss=0.0011 | t=0.1s
[finetune_replay] ep 106/300 | train loss=0.0003 top1=1.000 | val loss=0.0011 | t=0.1s
[finetune_replay] ep 107/300 | train loss=0.0002 top1=1.000 | val loss=0.0012 | t=0.1s
[finetune_replay] ep 108/300 | train loss=0.0003 top1=1.000 | val loss=0.0011 | t=0.1s
[finetune_replay] ep 109/300 | train loss=0.0002 top1=1.000 | val loss=0.0010 | t=0.1s
[finetune_replay] ep 110/300 | train loss=0.0003 top1=1.000 | val loss=0.0009 | t=0.1s
[finetune_replay] ep 111/300 | train loss=0.0002 top1=1.000 | val loss=0.0008 | t=0.1s
[finetune_replay] ep 112/300 | train loss=0.0002 top1=1.000 | val loss=0.0008 | t=0.1s
[finetune_replay] ep 113/300 | train loss=0.0003 top1=1.000 | val loss=0.0009 | t=0.1s
[finetune_replay] ep 114/300 | train loss=0.0002 top1=1.000 | val loss=0.0009 | t=0.1s
[finetune_replay] ep 115/300 | train loss=0.0002 top1=1.000 | val loss=0.0010 | t=0.1s
[finetune_replay] ep 116/300 | train loss=0.0003 top1=1.000 | val loss=0.0010 | t=0.1s
[finetune_replay] ep 117/300 | train loss=0.0002 top1=1.000 | val loss=0.0010 | t=0.1s
[finetune_replay] ep 118/300 | train loss=0.0002 top1=1.000 | val loss=0.0010 | t=0.1s
[finetune_replay] ep 119/300 | train loss=0.0002 top1=1.000 | val loss=0.0009 | t=0.1s
[finetune_replay] ep 120/300 | train loss=0.0002 top1=1.000 | val loss=0.0008 | t=0.1s
[finetune_replay] ep 121/300 | train loss=0.0002 top1=1.000 | val loss=0.0007 | t=0.1s
[finetune_replay] ep 122/300 | train loss=0.0003 top1=1.000 | val loss=0.0007 | t=0.1s
[finetune_replay] ep 123/300 | train loss=0.0002 top1=1.000 | val loss=0.0007 | t=0.1s
[finetune_replay] ep 124/300 | train loss=0.0003 top1=1.000 | val loss=0.0007 | t=0.1s  *
[finetune_replay] ep 125/300 | train loss=0.0002 top1=1.000 | val loss=0.0008 | t=0.1s
[finetune_replay] ep 126/300 | train loss=0.0002 top1=1.000 | val loss=0.0011 | t=0.1s
[finetune_replay] ep 127/300 | train loss=0.0003 top1=1.000 | val loss=0.0012 | t=0.1s
[finetune_replay] ep 128/300 | train loss=0.0002 top1=1.000 | val loss=0.0010 | t=0.1s
[finetune_replay] ep 129/300 | train loss=0.0002 top1=1.000 | val loss=0.0008 | t=0.1s
[finetune_replay] ep 130/300 | train loss=0.0002 top1=1.000 | val loss=0.0007 | t=0.1s  *
[finetune_replay] ep 131/300 | train loss=0.0002 top1=1.000 | val loss=0.0006 | t=0.1s  *
[finetune_replay] ep 132/300 | train loss=0.0003 top1=1.000 | val loss=0.0007 | t=0.1s
[finetune_replay] ep 133/300 | train loss=0.0002 top1=1.000 | val loss=0.0008 | t=0.1s
[finetune_replay] ep 134/300 | train loss=0.0002 top1=1.000 | val loss=0.0009 | t=0.1s
[finetune_replay] ep 135/300 | train loss=0.0003 top1=1.000 | val loss=0.0009 | t=0.1s
[finetune_replay] ep 136/300 | train loss=0.0002 top1=1.000 | val loss=0.0010 | t=0.1s
[finetune_replay] ep 137/300 | train loss=0.0002 top1=1.000 | val loss=0.0010 | t=0.1s
[finetune_replay] ep 138/300 | train loss=0.0002 top1=1.000 | val loss=0.0009 | t=0.1s
[finetune_replay] ep 139/300 | train loss=0.0002 top1=1.000 | val loss=0.0007 | t=0.1s
[finetune_replay] ep 140/300 | train loss=0.0002 top1=1.000 | val loss=0.0007 | t=0.1s
[finetune_replay] ep 141/300 | train loss=0.0002 top1=1.000 | val loss=0.0007 | t=0.1s
[finetune_replay] ep 142/300 | train loss=0.0002 top1=1.000 | val loss=0.0008 | t=0.1s
[finetune_replay] ep 143/300 | train loss=0.0002 top1=1.000 | val loss=0.0009 | t=0.1s
[finetune_replay] ep 144/300 | train loss=0.0002 top1=1.000 | val loss=0.0010 | t=0.1s
[finetune_replay] ep 145/300 | train loss=0.0002 top1=1.000 | val loss=0.0011 | t=0.1s
[finetune_replay] ep 146/300 | train loss=0.0002 top1=1.000 | val loss=0.0012 | t=0.1s
[finetune_replay] ep 147/300 | train loss=0.0002 top1=1.000 | val loss=0.0011 | t=0.1s
[finetune_replay] ep 148/300 | train loss=0.0002 top1=1.000 | val loss=0.0010 | t=0.1s
[finetune_replay] ep 149/300 | train loss=0.0002 top1=1.000 | val loss=0.0009 | t=0.1s
[finetune_replay] ep 150/300 | train loss=0.0002 top1=1.000 | val loss=0.0008 | t=0.1s
[finetune_replay] ep 151/300 | train loss=0.0002 top1=1.000 | val loss=0.0008 | t=0.1s
[finetune_replay] ep 152/300 | train loss=0.0002 top1=1.000 | val loss=0.0008 | t=0.1s
[finetune_replay] ep 153/300 | train loss=0.0002 top1=1.000 | val loss=0.0008 | t=0.1s
[finetune_replay] ep 154/300 | train loss=0.0002 top1=1.000 | val loss=0.0008 | t=0.1s
[finetune_replay] ep 155/300 | train loss=0.0002 top1=1.000 | val loss=0.0009 | t=0.1s
[finetune_replay] ep 156/300 | train loss=0.0002 top1=1.000 | val loss=0.0009 | t=0.1s
[finetune_replay] ep 157/300 | train loss=0.0002 top1=1.000 | val loss=0.0009 | t=0.1s
[finetune_replay] ep 158/300 | train loss=0.0002 top1=1.000 | val loss=0.0009 | t=0.1s
[finetune_replay] ep 159/300 | train loss=0.0002 top1=1.000 | val loss=0.0010 | t=0.1s
[finetune_replay] ep 160/300 | train loss=0.0002 top1=1.000 | val loss=0.0009 | t=0.1s
[finetune_replay] ep 161/300 | train loss=0.0002 top1=1.000 | val loss=0.0009 | t=0.1s
[finetune_replay] ep 162/300 | train loss=0.0002 top1=1.000 | val loss=0.0009 | t=0.1s
[finetune_replay] ep 163/300 | train loss=0.0002 top1=1.000 | val loss=0.0009 | t=0.1s
[finetune_replay] ep 164/300 | train loss=0.0002 top1=1.000 | val loss=0.0009 | t=0.1s
[finetune_replay] ep 165/300 | train loss=0.0002 top1=1.000 | val loss=0.0009 | t=0.1s
[finetune_replay] ep 166/300 | train loss=0.0002 top1=1.000 | val loss=0.0010 | t=0.1s
[finetune_replay] ep 167/300 | train loss=0.0002 top1=1.000 | val loss=0.0010 | t=0.1s
[finetune_replay] ep 168/300 | train loss=0.0002 top1=1.000 | val loss=0.0011 | t=0.1s
[finetune_replay] ep 169/300 | train loss=0.0002 top1=1.000 | val loss=0.0011 | t=0.1s
[finetune_replay] ep 170/300 | train loss=0.0002 top1=1.000 | val loss=0.0011 | t=0.1s
[finetune_replay] ep 171/300 | train loss=0.0002 top1=1.000 | val loss=0.0011 | t=0.1s
[finetune_replay] ep 172/300 | train loss=0.0002 top1=1.000 | val loss=0.0010 | t=0.1s
[finetune_replay] ep 173/300 | train loss=0.0002 top1=1.000 | val loss=0.0010 | t=0.1s
[finetune_replay] ep 174/300 | train loss=0.0002 top1=1.000 | val loss=0.0010 | t=0.1s
[finetune_replay] ep 175/300 | train loss=0.0002 top1=1.000 | val loss=0.0010 | t=0.1s
[finetune_replay] ep 176/300 | train loss=0.0002 top1=1.000 | val loss=0.0010 | t=0.1s
[finetune_replay] ep 177/300 | train loss=0.0002 top1=1.000 | val loss=0.0010 | t=0.1s
[finetune_replay] ep 178/300 | train loss=0.0002 top1=1.000 | val loss=0.0009 | t=0.1s
[finetune_replay] ep 179/300 | train loss=0.0002 top1=1.000 | val loss=0.0009 | t=0.1s
[finetune_replay] ep 180/300 | train loss=0.0002 top1=1.000 | val loss=0.0009 | t=0.1s
[finetune_replay] ep 181/300 | train loss=0.0002 top1=1.000 | val loss=0.0009 | t=0.1s
[finetune_replay] ep 182/300 | train loss=0.0002 top1=1.000 | val loss=0.0009 | t=0.1s
[finetune_replay] ep 183/300 | train loss=0.0002 top1=1.000 | val loss=0.0009 | t=0.1s
[finetune_replay] ep 184/300 | train loss=0.0002 top1=1.000 | val loss=0.0010 | t=0.1s
[finetune_replay] ep 185/300 | train loss=0.0002 top1=1.000 | val loss=0.0010 | t=0.1s
[finetune_replay] ep 186/300 | train loss=0.0002 top1=1.000 | val loss=0.0010 | t=0.1s
[finetune_replay] ep 187/300 | train loss=0.0002 top1=1.000 | val loss=0.0010 | t=0.1s
[finetune_replay] ep 188/300 | train loss=0.0002 top1=1.000 | val loss=0.0010 | t=0.1s
[finetune_replay] ep 189/300 | train loss=0.0002 top1=1.000 | val loss=0.0010 | t=0.1s
[finetune_replay] ep 190/300 | train loss=0.0002 top1=1.000 | val loss=0.0010 | t=0.1s
[finetune_replay] ep 191/300 | train loss=0.0002 top1=1.000 | val loss=0.0009 | t=0.1s
[finetune_replay] ep 192/300 | train loss=0.0002 top1=1.000 | val loss=0.0009 | t=0.1s
[finetune_replay] ep 193/300 | train loss=0.0001 top1=1.000 | val loss=0.0009 | t=0.1s
[finetune_replay] ep 194/300 | train loss=0.0002 top1=1.000 | val loss=0.0008 | t=0.1s
[finetune_replay] ep 195/300 | train loss=0.0002 top1=1.000 | val loss=0.0009 | t=0.1s
[finetune_replay] ep 196/300 | train loss=0.0001 top1=1.000 | val loss=0.0009 | t=0.1s
[finetune_replay] ep 197/300 | train loss=0.0002 top1=1.000 | val loss=0.0009 | t=0.1s
[finetune_replay] ep 198/300 | train loss=0.0002 top1=1.000 | val loss=0.0009 | t=0.1s
[finetune_replay] ep 199/300 | train loss=0.0002 top1=1.000 | val loss=0.0009 | t=0.1s
[finetune_replay] ep 200/300 | train loss=0.0002 top1=1.000 | val loss=0.0009 | t=0.1s
[finetune_replay] ep 201/300 | train loss=0.0002 top1=1.000 | val loss=0.0009 | t=0.1s
[finetune_replay] ep 202/300 | train loss=0.0001 top1=1.000 | val loss=0.0010 | t=0.1s
[finetune_replay] ep 203/300 | train loss=0.0002 top1=1.000 | val loss=0.0010 | t=0.1s
[finetune_replay] ep 204/300 | train loss=0.0001 top1=1.000 | val loss=0.0010 | t=0.1s
[finetune_replay] ep 205/300 | train loss=0.0002 top1=1.000 | val loss=0.0010 | t=0.1s
[finetune_replay] ep 206/300 | train loss=0.0002 top1=1.000 | val loss=0.0009 | t=0.1s
[finetune_replay] ep 207/300 | train loss=0.0002 top1=1.000 | val loss=0.0009 | t=0.1s
[finetune_replay] ep 208/300 | train loss=0.0002 top1=1.000 | val loss=0.0009 | t=0.1s
[finetune_replay] ep 209/300 | train loss=0.0002 top1=1.000 | val loss=0.0009 | t=0.1s
[finetune_replay] ep 210/300 | train loss=0.0002 top1=1.000 | val loss=0.0009 | t=0.1s
[finetune_replay] ep 211/300 | train loss=0.0002 top1=1.000 | val loss=0.0009 | t=0.1s
[finetune_replay] ep 212/300 | train loss=0.0002 top1=1.000 | val loss=0.0009 | t=0.1s
[finetune_replay] ep 213/300 | train loss=0.0002 top1=1.000 | val loss=0.0008 | t=0.1s
[finetune_replay] ep 214/300 | train loss=0.0001 top1=1.000 | val loss=0.0008 | t=0.1s
[finetune_replay] ep 215/300 | train loss=0.0002 top1=1.000 | val loss=0.0009 | t=0.1s
[finetune_replay] ep 216/300 | train loss=0.0002 top1=1.000 | val loss=0.0009 | t=0.1s
[finetune_replay] ep 217/300 | train loss=0.0002 top1=1.000 | val loss=0.0010 | t=0.1s
[finetune_replay] ep 218/300 | train loss=0.0001 top1=1.000 | val loss=0.0010 | t=0.1s
[finetune_replay] ep 219/300 | train loss=0.0002 top1=1.000 | val loss=0.0011 | t=0.1s
[finetune_replay] ep 220/300 | train loss=0.0002 top1=1.000 | val loss=0.0011 | t=0.1s
[finetune_replay] ep 221/300 | train loss=0.0001 top1=1.000 | val loss=0.0011 | t=0.1s
[finetune_replay] ep 222/300 | train loss=0.0002 top1=1.000 | val loss=0.0011 | t=0.1s
[finetune_replay] ep 223/300 | train loss=0.0002 top1=1.000 | val loss=0.0011 | t=0.1s
[finetune_replay] ep 224/300 | train loss=0.0002 top1=1.000 | val loss=0.0010 | t=0.1s
[finetune_replay] ep 225/300 | train loss=0.0002 top1=1.000 | val loss=0.0010 | t=0.1s
[finetune_replay] ep 226/300 | train loss=0.0002 top1=1.000 | val loss=0.0010 | t=0.1s
[finetune_replay] ep 227/300 | train loss=0.0002 top1=1.000 | val loss=0.0010 | t=0.1s
[finetune_replay] ep 228/300 | train loss=0.0001 top1=1.000 | val loss=0.0010 | t=0.1s
[finetune_replay] ep 229/300 | train loss=0.0002 top1=1.000 | val loss=0.0010 | t=0.1s
[finetune_replay] ep 230/300 | train loss=0.0001 top1=1.000 | val loss=0.0010 | t=0.1s
[finetune_replay] ep 231/300 | train loss=0.0002 top1=1.000 | val loss=0.0010 | t=0.1s
[finetune_replay] ep 232/300 | train loss=0.0002 top1=1.000 | val loss=0.0010 | t=0.1s
[finetune_replay] ep 233/300 | train loss=0.0002 top1=1.000 | val loss=0.0010 | t=0.1s
[finetune_replay] ep 234/300 | train loss=0.0002 top1=1.000 | val loss=0.0009 | t=0.1s
[finetune_replay] ep 235/300 | train loss=0.0002 top1=1.000 | val loss=0.0010 | t=0.1s
[finetune_replay] ep 236/300 | train loss=0.0001 top1=1.000 | val loss=0.0010 | t=0.1s
[finetune_replay] ep 237/300 | train loss=0.0002 top1=1.000 | val loss=0.0010 | t=0.1s
[finetune_replay] ep 238/300 | train loss=0.0002 top1=1.000 | val loss=0.0010 | t=0.1s
[finetune_replay] ep 239/300 | train loss=0.0002 top1=1.000 | val loss=0.0010 | t=0.1s
[finetune_replay] ep 240/300 | train loss=0.0001 top1=1.000 | val loss=0.0010 | t=0.1s
[finetune_replay] ep 241/300 | train loss=0.0002 top1=1.000 | val loss=0.0011 | t=0.1s
[finetune_replay] ep 242/300 | train loss=0.0001 top1=1.000 | val loss=0.0010 | t=0.1s
[finetune_replay] ep 243/300 | train loss=0.0002 top1=1.000 | val loss=0.0010 | t=0.1s
[finetune_replay] ep 244/300 | train loss=0.0002 top1=1.000 | val loss=0.0010 | t=0.1s
[finetune_replay] ep 245/300 | train loss=0.0002 top1=1.000 | val loss=0.0010 | t=0.1s
[finetune_replay] ep 246/300 | train loss=0.0002 top1=1.000 | val loss=0.0010 | t=0.1s
[finetune_replay] ep 247/300 | train loss=0.0002 top1=1.000 | val loss=0.0010 | t=0.1s
[finetune_replay] ep 248/300 | train loss=0.0001 top1=1.000 | val loss=0.0010 | t=0.1s
[finetune_replay] ep 249/300 | train loss=0.0001 top1=1.000 | val loss=0.0010 | t=0.1s
[finetune_replay] ep 250/300 | train loss=0.0002 top1=1.000 | val loss=0.0010 | t=0.1s
[finetune_replay] ep 251/300 | train loss=0.0002 top1=1.000 | val loss=0.0010 | t=0.1s
[finetune_replay] ep 252/300 | train loss=0.0001 top1=1.000 | val loss=0.0010 | t=0.1s
[finetune_replay] ep 253/300 | train loss=0.0002 top1=1.000 | val loss=0.0010 | t=0.1s
[finetune_replay] ep 254/300 | train loss=0.0002 top1=1.000 | val loss=0.0010 | t=0.1s
[finetune_replay] ep 255/300 | train loss=0.0002 top1=1.000 | val loss=0.0009 | t=0.1s
[finetune_replay] ep 256/300 | train loss=0.0001 top1=1.000 | val loss=0.0009 | t=0.1s
[finetune_replay] ep 257/300 | train loss=0.0002 top1=1.000 | val loss=0.0010 | t=0.1s
[finetune_replay] ep 258/300 | train loss=0.0001 top1=1.000 | val loss=0.0009 | t=0.1s
[finetune_replay] ep 259/300 | train loss=0.0001 top1=1.000 | val loss=0.0009 | t=0.1s
[finetune_replay] ep 260/300 | train loss=0.0002 top1=1.000 | val loss=0.0009 | t=0.1s
[finetune_replay] ep 261/300 | train loss=0.0001 top1=1.000 | val loss=0.0010 | t=0.1s
[finetune_replay] ep 262/300 | train loss=0.0001 top1=1.000 | val loss=0.0009 | t=0.1s
[finetune_replay] ep 263/300 | train loss=0.0002 top1=1.000 | val loss=0.0009 | t=0.1s
[finetune_replay] ep 264/300 | train loss=0.0001 top1=1.000 | val loss=0.0009 | t=0.1s
[finetune_replay] ep 265/300 | train loss=0.0001 top1=1.000 | val loss=0.0009 | t=0.1s
[finetune_replay] ep 266/300 | train loss=0.0001 top1=1.000 | val loss=0.0009 | t=0.1s
[finetune_replay] ep 267/300 | train loss=0.0002 top1=1.000 | val loss=0.0009 | t=0.1s
[finetune_replay] ep 268/300 | train loss=0.0002 top1=1.000 | val loss=0.0009 | t=0.1s
[finetune_replay] ep 269/300 | train loss=0.0002 top1=1.000 | val loss=0.0009 | t=0.1s
[finetune_replay] ep 270/300 | train loss=0.0001 top1=1.000 | val loss=0.0009 | t=0.1s
[finetune_replay] ep 271/300 | train loss=0.0001 top1=1.000 | val loss=0.0009 | t=0.1s
[finetune_replay] ep 272/300 | train loss=0.0001 top1=1.000 | val loss=0.0009 | t=0.1s
[finetune_replay] ep 273/300 | train loss=0.0001 top1=1.000 | val loss=0.0009 | t=0.1s
[finetune_replay] ep 274/300 | train loss=0.0001 top1=1.000 | val loss=0.0009 | t=0.1s
[finetune_replay] ep 275/300 | train loss=0.0002 top1=1.000 | val loss=0.0009 | t=0.1s
[finetune_replay] ep 276/300 | train loss=0.0002 top1=1.000 | val loss=0.0009 | t=0.1s
[finetune_replay] ep 277/300 | train loss=0.0001 top1=1.000 | val loss=0.0009 | t=0.1s
[finetune_replay] ep 278/300 | train loss=0.0002 top1=1.000 | val loss=0.0009 | t=0.1s
[finetune_replay] ep 279/300 | train loss=0.0002 top1=1.000 | val loss=0.0009 | t=0.1s
[finetune_replay] ep 280/300 | train loss=0.0002 top1=1.000 | val loss=0.0009 | t=0.1s
[finetune_replay] ep 281/300 | train loss=0.0002 top1=1.000 | val loss=0.0009 | t=0.1s
[finetune_replay] ep 282/300 | train loss=0.0002 top1=1.000 | val loss=0.0009 | t=0.1s
[finetune_replay] ep 283/300 | train loss=0.0002 top1=1.000 | val loss=0.0009 | t=0.1s
[finetune_replay] ep 284/300 | train loss=0.0001 top1=1.000 | val loss=0.0009 | t=0.1s
[finetune_replay] ep 285/300 | train loss=0.0001 top1=1.000 | val loss=0.0009 | t=0.1s
[finetune_replay] ep 286/300 | train loss=0.0002 top1=1.000 | val loss=0.0009 | t=0.1s
[finetune_replay] ep 287/300 | train loss=0.0001 top1=1.000 | val loss=0.0009 | t=0.1s
[finetune_replay] ep 288/300 | train loss=0.0001 top1=1.000 | val loss=0.0009 | t=0.1s
[finetune_replay] ep 289/300 | train loss=0.0001 top1=1.000 | val loss=0.0009 | t=0.1s
[finetune_replay] ep 290/300 | train loss=0.0001 top1=1.000 | val loss=0.0009 | t=0.1s
[finetune_replay] ep 291/300 | train loss=0.0002 top1=1.000 | val loss=0.0009 | t=0.1s
[finetune_replay] ep 292/300 | train loss=0.0002 top1=1.000 | val loss=0.0009 | t=0.1s
[finetune_replay] ep 293/300 | train loss=0.0002 top1=1.000 | val loss=0.0009 | t=0.1s
[finetune_replay] ep 294/300 | train loss=0.0001 top1=1.000 | val loss=0.0009 | t=0.1s
[finetune_replay] ep 295/300 | train loss=0.0001 top1=1.000 | val loss=0.0009 | t=0.1s
[finetune_replay] ep 296/300 | train loss=0.0001 top1=1.000 | val loss=0.0009 | t=0.1s
[finetune_replay] ep 297/300 | train loss=0.0001 top1=1.000 | val loss=0.0009 | t=0.1s
[finetune_replay] ep 298/300 | train loss=0.0002 top1=1.000 | val loss=0.0009 | t=0.1s
[finetune_replay] ep 299/300 | train loss=0.0002 top1=1.000 | val loss=0.0009 | t=0.1s
[finetune_replay] ep 300/300 | train loss=0.0001 top1=1.000 | val loss=0.0009 | t=0.1s
[finetune_replay] DONE best_val_loss=0.0006 @ epoch 131
[19:32:21] [bo-budget] $ /home/s226137394/.conda/envs/maze/bin/python3 -u -m Equivariant_pathway.equivariant_CNN_hybrid.rollout_test --checkpoint /weka/s226137394/DmNfull/Equivariant_pathway/equivariant_CNN_hybrid/baseline_vs_p4/pool_x_selector/results_hpsweep/e300_lr0.0001_rm0.7_do0/run_6/p4_top3_rotate/checkpoints/best_hybrid_policy.pth --layouts /weka/s226137394/DmNfull/Equivariant_pathway/equivariant_CNN_hybrid/baseline_vs_p4/shared/heldout_layouts.yaml --out_dir /weka/s226137394/DmNfull/Equivariant_pathway/equivariant_CNN_hybrid/baseline_vs_p4/pool_x_selector/results_hpsweep/e300_lr0.0001_rm0.7_do0/run_6/p4_top3_rotate/results/eval_round_002 --seed 8 --max_steps 60
[hybrid-rollout] 200 unique; running 200 eps
[hybrid-rollout] loaded /weka/s226137394/DmNfull/Equivariant_pathway/equivariant_CNN_hybrid/baseline_vs_p4/pool_x_selector/results_hpsweep/e300_lr0.0001_rm0.7_do0/run_6/p4_top3_rotate/checkpoints/best_hybrid_policy.pth
[hybrid-rollout] ep 0 (heldout_001): steps=5 success=True
[hybrid-rollout] ep 1 (heldout_002): steps=4 success=True
[hybrid-rollout] ep 2 (heldout_003): steps=4 success=True
[hybrid-rollout] ep 3 (heldout_004): steps=6 success=True
[hybrid-rollout] ep 4 (heldout_005): steps=5 success=True
[hybrid-rollout] ep 5 (heldout_006): steps=3 success=False
[hybrid-rollout] ep 6 (heldout_007): steps=60 success=False
[hybrid-rollout] ep 7 (heldout_008): steps=60 success=False
[hybrid-rollout] ep 8 (heldout_009): steps=2 success=False
[hybrid-rollout] ep 9 (heldout_010): steps=60 success=False
[hybrid-rollout] ep 10 (heldout_011): steps=4 success=True
[hybrid-rollout] ep 11 (heldout_012): steps=4 success=True
[hybrid-rollout] ep 12 (heldout_013): steps=60 success=False
[hybrid-rollout] ep 13 (heldout_014): steps=5 success=True
[hybrid-rollout] ep 14 (heldout_015): steps=4 success=True
[hybrid-rollout] ep 15 (heldout_016): steps=5 success=True
[hybrid-rollout] ep 16 (heldout_017): steps=4 success=True
[hybrid-rollout] ep 17 (heldout_018): steps=60 success=False
[hybrid-rollout] ep 18 (heldout_019): steps=60 success=False
[hybrid-rollout] ep 19 (heldout_020): steps=5 success=True
[hybrid-rollout] ep 20 (heldout_021): steps=4 success=True
[hybrid-rollout] ep 21 (heldout_022): steps=60 success=False
[hybrid-rollout] ep 22 (heldout_023): steps=60 success=False
[hybrid-rollout] ep 23 (heldout_024): steps=60 success=False
[hybrid-rollout] ep 24 (heldout_025): steps=4 success=True
[hybrid-rollout] ep 25 (heldout_026): steps=4 success=True
[hybrid-rollout] ep 26 (heldout_027): steps=4 success=True
[hybrid-rollout] ep 27 (heldout_028): steps=4 success=True
[hybrid-rollout] ep 28 (heldout_029): steps=60 success=False
[hybrid-rollout] ep 29 (heldout_030): steps=60 success=False
[hybrid-rollout] ep 30 (heldout_031): steps=7 success=True
[hybrid-rollout] ep 31 (heldout_032): steps=5 success=True
[hybrid-rollout] ep 32 (heldout_033): steps=4 success=True
[hybrid-rollout] ep 33 (heldout_034): steps=60 success=False
[hybrid-rollout] ep 34 (heldout_035): steps=60 success=False
[hybrid-rollout] ep 35 (heldout_036): steps=5 success=True
[hybrid-rollout] ep 36 (heldout_037): steps=4 success=True
[hybrid-rollout] ep 37 (heldout_038): steps=60 success=False
[hybrid-rollout] ep 38 (heldout_039): steps=6 success=True
[hybrid-rollout] ep 39 (heldout_040): steps=7 success=True
[hybrid-rollout] ep 40 (heldout_041): steps=6 success=True
[hybrid-rollout] ep 41 (heldout_042): steps=60 success=False
[hybrid-rollout] ep 42 (heldout_043): steps=4 success=True
[hybrid-rollout] ep 43 (heldout_044): steps=5 success=True
[hybrid-rollout] ep 44 (heldout_045): steps=5 success=True
[hybrid-rollout] ep 45 (heldout_046): steps=4 success=True
[hybrid-rollout] ep 46 (heldout_047): steps=60 success=False
[hybrid-rollout] ep 47 (heldout_048): steps=6 success=True
[hybrid-rollout] ep 48 (heldout_049): steps=60 success=False
[hybrid-rollout] ep 49 (heldout_050): steps=60 success=False
[hybrid-rollout] ep 50 (heldout_051): steps=4 success=True
[hybrid-rollout] ep 51 (heldout_052): steps=4 success=True
[hybrid-rollout] ep 52 (heldout_053): steps=6 success=True
[hybrid-rollout] ep 53 (heldout_054): steps=60 success=False
[hybrid-rollout] ep 54 (heldout_055): steps=60 success=False
[hybrid-rollout] ep 55 (heldout_056): steps=4 success=True
[hybrid-rollout] ep 56 (heldout_057): steps=4 success=True
[hybrid-rollout] ep 57 (heldout_058): steps=4 success=True
[hybrid-rollout] ep 58 (heldout_059): steps=5 success=True
[hybrid-rollout] ep 59 (heldout_060): steps=6 success=True
[hybrid-rollout] ep 60 (heldout_061): steps=5 success=True
[hybrid-rollout] ep 61 (heldout_062): steps=6 success=True
[hybrid-rollout] ep 62 (heldout_063): steps=5 success=True
[hybrid-rollout] ep 63 (heldout_064): steps=4 success=True
[hybrid-rollout] ep 64 (heldout_065): steps=7 success=True
[hybrid-rollout] ep 65 (heldout_066): steps=6 success=True
[hybrid-rollout] ep 66 (heldout_067): steps=5 success=True
[hybrid-rollout] ep 67 (heldout_068): steps=4 success=True
[hybrid-rollout] ep 68 (heldout_069): steps=60 success=False
[hybrid-rollout] ep 69 (heldout_070): steps=5 success=False
[hybrid-rollout] ep 70 (heldout_071): steps=60 success=False
[hybrid-rollout] ep 71 (heldout_072): steps=5 success=True
[hybrid-rollout] ep 72 (heldout_073): steps=3 success=False
[hybrid-rollout] ep 73 (heldout_074): steps=4 success=True
[hybrid-rollout] ep 74 (heldout_075): steps=5 success=True
[hybrid-rollout] ep 75 (heldout_076): steps=60 success=False
[hybrid-rollout] ep 76 (heldout_077): steps=4 success=True
[hybrid-rollout] ep 77 (heldout_078): steps=3 success=False
[hybrid-rollout] ep 78 (heldout_079): steps=4 success=True
[hybrid-rollout] ep 79 (heldout_080): steps=4 success=True
[hybrid-rollout] ep 80 (heldout_081): steps=60 success=False
[hybrid-rollout] ep 81 (heldout_082): steps=5 success=True
[hybrid-rollout] ep 82 (heldout_083): steps=4 success=True
[hybrid-rollout] ep 83 (heldout_084): steps=60 success=False
[hybrid-rollout] ep 84 (heldout_085): steps=60 success=False
[hybrid-rollout] ep 85 (heldout_086): steps=6 success=True
[hybrid-rollout] ep 86 (heldout_087): steps=60 success=False
[hybrid-rollout] ep 87 (heldout_088): steps=4 success=True
[hybrid-rollout] ep 88 (heldout_089): steps=3 success=False
[hybrid-rollout] ep 89 (heldout_090): steps=4 success=True
[hybrid-rollout] ep 90 (heldout_091): steps=5 success=True
[hybrid-rollout] ep 91 (heldout_092): steps=5 success=True
[hybrid-rollout] ep 92 (heldout_093): steps=1 success=False
[hybrid-rollout] ep 93 (heldout_094): steps=6 success=True
[hybrid-rollout] ep 94 (heldout_095): steps=7 success=True
[hybrid-rollout] ep 95 (heldout_096): steps=5 success=True
[hybrid-rollout] ep 96 (heldout_097): steps=5 success=True
[hybrid-rollout] ep 97 (heldout_098): steps=5 success=True
[hybrid-rollout] ep 98 (heldout_099): steps=60 success=False
[hybrid-rollout] ep 99 (heldout_100): steps=60 success=False
[hybrid-rollout] ep 100 (heldout_101): steps=4 success=True
[hybrid-rollout] ep 101 (heldout_102): steps=4 success=True
[hybrid-rollout] ep 102 (heldout_103): steps=60 success=False
[hybrid-rollout] ep 103 (heldout_104): steps=6 success=True
[hybrid-rollout] ep 104 (heldout_105): steps=6 success=True
[hybrid-rollout] ep 105 (heldout_106): steps=60 success=False
[hybrid-rollout] ep 106 (heldout_107): steps=4 success=True
[hybrid-rollout] ep 107 (heldout_108): steps=4 success=True
[hybrid-rollout] ep 108 (heldout_109): steps=4 success=True
[hybrid-rollout] ep 109 (heldout_110): steps=4 success=True
[hybrid-rollout] ep 110 (heldout_111): steps=60 success=False
[hybrid-rollout] ep 111 (heldout_112): steps=60 success=False
[hybrid-rollout] ep 112 (heldout_113): steps=5 success=True
[hybrid-rollout] ep 113 (heldout_114): steps=4 success=True
[hybrid-rollout] ep 114 (heldout_115): steps=4 success=True
[hybrid-rollout] ep 115 (heldout_116): steps=5 success=True
[hybrid-rollout] ep 116 (heldout_117): steps=60 success=False
[hybrid-rollout] ep 117 (heldout_118): steps=7 success=True
[hybrid-rollout] ep 118 (heldout_119): steps=4 success=True
[hybrid-rollout] ep 119 (heldout_120): steps=7 success=True
[hybrid-rollout] ep 120 (heldout_121): steps=4 success=True
[hybrid-rollout] ep 121 (heldout_122): steps=4 success=True
[hybrid-rollout] ep 122 (heldout_123): steps=6 success=True
[hybrid-rollout] ep 123 (heldout_124): steps=4 success=False
[hybrid-rollout] ep 124 (heldout_125): steps=4 success=True
[hybrid-rollout] ep 125 (heldout_126): steps=4 success=True
[hybrid-rollout] ep 126 (heldout_127): steps=60 success=False
[hybrid-rollout] ep 127 (heldout_128): steps=60 success=False
[hybrid-rollout] ep 128 (heldout_129): steps=4 success=True
[hybrid-rollout] ep 129 (heldout_130): steps=4 success=True
[hybrid-rollout] ep 130 (heldout_131): steps=60 success=False
[hybrid-rollout] ep 131 (heldout_132): steps=4 success=True
[hybrid-rollout] ep 132 (heldout_133): steps=4 success=True
[hybrid-rollout] ep 133 (heldout_134): steps=7 success=True
[hybrid-rollout] ep 134 (heldout_135): steps=6 success=True
[hybrid-rollout] ep 135 (heldout_136): steps=60 success=False
[hybrid-rollout] ep 136 (heldout_137): steps=5 success=True
[hybrid-rollout] ep 137 (heldout_138): steps=4 success=True
[hybrid-rollout] ep 138 (heldout_139): steps=4 success=True
[hybrid-rollout] ep 139 (heldout_140): steps=60 success=False
[hybrid-rollout] ep 140 (heldout_141): steps=60 success=False
[hybrid-rollout] ep 141 (heldout_142): steps=4 success=True
[hybrid-rollout] ep 142 (heldout_143): steps=6 success=True
[hybrid-rollout] ep 143 (heldout_144): steps=2 success=False
[hybrid-rollout] ep 144 (heldout_145): steps=5 success=True
[hybrid-rollout] ep 145 (heldout_146): steps=60 success=False
[hybrid-rollout] ep 146 (heldout_147): steps=4 success=True
[hybrid-rollout] ep 147 (heldout_148): steps=60 success=False
[hybrid-rollout] ep 148 (heldout_149): steps=5 success=True
[hybrid-rollout] ep 149 (heldout_150): steps=4 success=True
[hybrid-rollout] ep 150 (heldout_151): steps=5 success=True
[hybrid-rollout] ep 151 (heldout_152): steps=6 success=True
[hybrid-rollout] ep 152 (heldout_153): steps=5 success=True
[hybrid-rollout] ep 153 (heldout_154): steps=60 success=False
[hybrid-rollout] ep 154 (heldout_155): steps=60 success=False
[hybrid-rollout] ep 155 (heldout_156): steps=4 success=False
[hybrid-rollout] ep 156 (heldout_157): steps=4 success=True
[hybrid-rollout] ep 157 (heldout_158): steps=3 success=False
[hybrid-rollout] ep 158 (heldout_159): steps=6 success=True
[hybrid-rollout] ep 159 (heldout_160): steps=60 success=False
[hybrid-rollout] ep 160 (heldout_161): steps=60 success=False
[hybrid-rollout] ep 161 (heldout_162): steps=5 success=True
[hybrid-rollout] ep 162 (heldout_163): steps=4 success=True
[hybrid-rollout] ep 163 (heldout_164): steps=60 success=False
[hybrid-rollout] ep 164 (heldout_165): steps=5 success=True
[hybrid-rollout] ep 165 (heldout_166): steps=4 success=True
[hybrid-rollout] ep 166 (heldout_167): steps=60 success=False
[hybrid-rollout] ep 167 (heldout_168): steps=4 success=True
[hybrid-rollout] ep 168 (heldout_169): steps=4 success=False
[hybrid-rollout] ep 169 (heldout_170): steps=60 success=False
[hybrid-rollout] ep 170 (heldout_171): steps=60 success=False
[hybrid-rollout] ep 171 (heldout_172): steps=5 success=True
[hybrid-rollout] ep 172 (heldout_173): steps=4 success=True
[hybrid-rollout] ep 173 (heldout_174): steps=5 success=True
[hybrid-rollout] ep 174 (heldout_175): steps=7 success=True
[hybrid-rollout] ep 175 (heldout_176): steps=6 success=True
[hybrid-rollout] ep 176 (heldout_177): steps=6 success=True
[hybrid-rollout] ep 177 (heldout_178): steps=5 success=True
[hybrid-rollout] ep 178 (heldout_179): steps=5 success=True
[hybrid-rollout] ep 179 (heldout_180): steps=6 success=True
[hybrid-rollout] ep 180 (heldout_181): steps=5 success=True
[hybrid-rollout] ep 181 (heldout_182): steps=4 success=True
[hybrid-rollout] ep 182 (heldout_183): steps=5 success=True
[hybrid-rollout] ep 183 (heldout_184): steps=7 success=True
[hybrid-rollout] ep 184 (heldout_185): steps=60 success=False
[hybrid-rollout] ep 185 (heldout_186): steps=4 success=True
[hybrid-rollout] ep 186 (heldout_187): steps=5 success=True
[hybrid-rollout] ep 187 (heldout_188): steps=5 success=True
[hybrid-rollout] ep 188 (heldout_189): steps=60 success=False
[hybrid-rollout] ep 189 (heldout_190): steps=7 success=True
[hybrid-rollout] ep 190 (heldout_191): steps=4 success=True
[hybrid-rollout] ep 191 (heldout_192): steps=5 success=True
[hybrid-rollout] ep 192 (heldout_193): steps=7 success=True
[hybrid-rollout] ep 193 (heldout_194): steps=6 success=True
[hybrid-rollout] ep 194 (heldout_195): steps=5 success=True
[hybrid-rollout] ep 195 (heldout_196): steps=4 success=True
[hybrid-rollout] ep 196 (heldout_197): steps=5 success=True
[hybrid-rollout] ep 197 (heldout_198): steps=60 success=False
[hybrid-rollout] ep 198 (heldout_199): steps=60 success=False
[hybrid-rollout] ep 199 (heldout_200): steps=4 success=True
[hybrid-rollout] DONE successes=134/200
[19:34:05] [replay_p4] run 6 round 2: extras=2 heldout_sr=0.670
[19:34:05] [replay_p4] $ /home/s226137394/.conda/envs/maze/bin/python3 -u -m Equivariant_pathway.equivariant_CNN_hybrid.baseline_vs_p4.pool_x_selector.trainer.finetune_replay --demo_dir /weka/s226137394/DmNfull/Equivariant_pathway/equivariant_CNN_hybrid/baseline_vs_p4/pool_x_selector/results_hpsweep/e300_lr0.0001_rm0.7_do0/run_6/p4_top3_rotate/demos --checkpoint_dir /weka/s226137394/DmNfull/Equivariant_pathway/equivariant_CNN_hybrid/baseline_vs_p4/pool_x_selector/results_hpsweep/e300_lr0.0001_rm0.7_do0/run_6/p4_top3_rotate/checkpoints --epochs 300 --batch_size 64 --lr 0.0001 --weight_decay 0.0001 --replay_mix 0.7 --replay_mix_floor 0.2 --head_dropout 0.0 --seed 6 --resume --new_demos_dir /weka/s226137394/DmNfull/Equivariant_pathway/equivariant_CNN_hybrid/baseline_vs_p4/pool_x_selector/results_hpsweep/e300_lr0.0001_rm0.7_do0/run_6/p4_top3_rotate/demos/round_003
[finetune_replay] device=cuda demo_dir=/weka/s226137394/DmNfull/Equivariant_pathway/equivariant_CNN_hybrid/baseline_vs_p4/pool_x_selector/results_hpsweep/e300_lr0.0001_rm0.7_do0/run_6/p4_top3_rotate/demos new_demos_dir=/weka/s226137394/DmNfull/Equivariant_pathway/equivariant_CNN_hybrid/baseline_vs_p4/pool_x_selector/results_hpsweep/e300_lr0.0001_rm0.7_do0/run_6/p4_top3_rotate/demos/round_003
[hybrid-dataset] 22 demos -> 114 samples
[hybrid-dataset] 1 demos -> 7 samples
[finetune_replay] sampler audit: {'n_old_samples': 114, 'n_new_samples': 7, 'replay_mix_target': 0.7, 'replay_mix_effective': 0.7, 'replay_mix_floor': 0.2}
[finetune_replay] trainable params: 1,400,028
[finetune_replay] WARM START from last_hybrid_policy.pth
[finetune_replay] ep   1/300 | train loss=0.2170 top1=0.972 | val loss=0.2234 | t=0.7s  *
[finetune_replay] ep   2/300 | train loss=0.1282 top1=1.000 | val loss=0.2132 | t=0.2s  *
[finetune_replay] ep   3/300 | train loss=0.1221 top1=1.000 | val loss=0.1285 | t=0.2s  *
[finetune_replay] ep   4/300 | train loss=0.0408 top1=1.000 | val loss=0.2029 | t=0.2s
[finetune_replay] ep   5/300 | train loss=0.0570 top1=1.000 | val loss=0.1071 | t=0.1s  *
[finetune_replay] ep   6/300 | train loss=0.0095 top1=1.000 | val loss=0.0640 | t=0.1s  *
[finetune_replay] ep   7/300 | train loss=0.0095 top1=1.000 | val loss=0.0594 | t=0.1s  *
[finetune_replay] ep   8/300 | train loss=0.0059 top1=1.000 | val loss=0.0761 | t=0.1s
[finetune_replay] ep   9/300 | train loss=0.0023 top1=1.000 | val loss=0.1330 | t=0.1s
[finetune_replay] ep  10/300 | train loss=0.0032 top1=1.000 | val loss=0.1196 | t=0.1s
[finetune_replay] ep  11/300 | train loss=0.0021 top1=1.000 | val loss=0.0934 | t=0.1s
[finetune_replay] ep  12/300 | train loss=0.0013 top1=1.000 | val loss=0.0843 | t=0.1s
[finetune_replay] ep  13/300 | train loss=0.0021 top1=1.000 | val loss=0.0868 | t=0.1s
[finetune_replay] ep  14/300 | train loss=0.0027 top1=1.000 | val loss=0.1136 | t=0.1s
[finetune_replay] ep  15/300 | train loss=0.0011 top1=1.000 | val loss=0.1354 | t=0.1s
[finetune_replay] ep  16/300 | train loss=0.0019 top1=1.000 | val loss=0.1176 | t=0.1s
[finetune_replay] ep  17/300 | train loss=0.0017 top1=1.000 | val loss=0.0996 | t=0.1s
[finetune_replay] ep  18/300 | train loss=0.0009 top1=1.000 | val loss=0.0938 | t=0.1s
[finetune_replay] ep  19/300 | train loss=0.0007 top1=1.000 | val loss=0.0916 | t=0.1s
[finetune_replay] ep  20/300 | train loss=0.0006 top1=1.000 | val loss=0.0915 | t=0.1s
[finetune_replay] ep  21/300 | train loss=0.0008 top1=1.000 | val loss=0.0943 | t=0.1s
[finetune_replay] ep  22/300 | train loss=0.0007 top1=1.000 | val loss=0.0977 | t=0.1s
[finetune_replay] ep  23/300 | train loss=0.0008 top1=1.000 | val loss=0.1011 | t=0.1s
[finetune_replay] ep  24/300 | train loss=0.0006 top1=1.000 | val loss=0.1061 | t=0.1s
[finetune_replay] ep  25/300 | train loss=0.0005 top1=1.000 | val loss=0.1081 | t=0.1s
[finetune_replay] ep  26/300 | train loss=0.0006 top1=1.000 | val loss=0.1083 | t=0.1s
[finetune_replay] ep  27/300 | train loss=0.0006 top1=1.000 | val loss=0.1097 | t=0.1s
[finetune_replay] ep  28/300 | train loss=0.0004 top1=1.000 | val loss=0.1096 | t=0.1s
[finetune_replay] ep  29/300 | train loss=0.0005 top1=1.000 | val loss=0.1086 | t=0.1s
[finetune_replay] ep  30/300 | train loss=0.0005 top1=1.000 | val loss=0.1073 | t=0.1s
[finetune_replay] ep  31/300 | train loss=0.0005 top1=1.000 | val loss=0.1075 | t=0.1s
[finetune_replay] ep  32/300 | train loss=0.0004 top1=1.000 | val loss=0.1085 | t=0.1s
[finetune_replay] ep  33/300 | train loss=0.0004 top1=1.000 | val loss=0.1093 | t=0.1s
[finetune_replay] ep  34/300 | train loss=0.0004 top1=1.000 | val loss=0.1108 | t=0.1s
[finetune_replay] ep  35/300 | train loss=0.0003 top1=1.000 | val loss=0.1116 | t=0.1s
[finetune_replay] ep  36/300 | train loss=0.0004 top1=1.000 | val loss=0.1114 | t=0.1s
[finetune_replay] ep  37/300 | train loss=0.0004 top1=1.000 | val loss=0.1117 | t=0.1s
[finetune_replay] ep  38/300 | train loss=0.0004 top1=1.000 | val loss=0.1123 | t=0.1s
[finetune_replay] ep  39/300 | train loss=0.0004 top1=1.000 | val loss=0.1125 | t=0.1s
[finetune_replay] ep  40/300 | train loss=0.0005 top1=1.000 | val loss=0.1130 | t=0.1s
[finetune_replay] ep  41/300 | train loss=0.0004 top1=1.000 | val loss=0.1137 | t=0.1s
[finetune_replay] ep  42/300 | train loss=0.0004 top1=1.000 | val loss=0.1141 | t=0.1s
[finetune_replay] ep  43/300 | train loss=0.0004 top1=1.000 | val loss=0.1154 | t=0.2s
[finetune_replay] ep  44/300 | train loss=0.0004 top1=1.000 | val loss=0.1163 | t=0.1s
[finetune_replay] ep  45/300 | train loss=0.0003 top1=1.000 | val loss=0.1165 | t=0.1s
[finetune_replay] ep  46/300 | train loss=0.0004 top1=1.000 | val loss=0.1165 | t=0.1s
[finetune_replay] ep  47/300 | train loss=0.0004 top1=1.000 | val loss=0.1178 | t=0.1s
[finetune_replay] ep  48/300 | train loss=0.0003 top1=1.000 | val loss=0.1175 | t=0.1s
[finetune_replay] ep  49/300 | train loss=0.0003 top1=1.000 | val loss=0.1167 | t=0.1s
[finetune_replay] ep  50/300 | train loss=0.0003 top1=1.000 | val loss=0.1166 | t=0.1s
[finetune_replay] ep  51/300 | train loss=0.0003 top1=1.000 | val loss=0.1162 | t=0.2s
[finetune_replay] ep  52/300 | train loss=0.0003 top1=1.000 | val loss=0.1163 | t=0.1s
[finetune_replay] ep  53/300 | train loss=0.0003 top1=1.000 | val loss=0.1172 | t=0.1s
[finetune_replay] ep  54/300 | train loss=0.0003 top1=1.000 | val loss=0.1182 | t=0.1s
[finetune_replay] ep  55/300 | train loss=0.0003 top1=1.000 | val loss=0.1188 | t=0.1s
[finetune_replay] ep  56/300 | train loss=0.0003 top1=1.000 | val loss=0.1201 | t=0.1s
[finetune_replay] ep  57/300 | train loss=0.0003 top1=1.000 | val loss=0.1202 | t=0.1s
[finetune_replay] ep  58/300 | train loss=0.0002 top1=1.000 | val loss=0.1210 | t=0.1s
[finetune_replay] ep  59/300 | train loss=0.0003 top1=1.000 | val loss=0.1222 | t=0.1s
[finetune_replay] ep  60/300 | train loss=0.0003 top1=1.000 | val loss=0.1226 | t=0.1s
[finetune_replay] ep  61/300 | train loss=0.0003 top1=1.000 | val loss=0.1230 | t=0.1s
[finetune_replay] ep  62/300 | train loss=0.0003 top1=1.000 | val loss=0.1232 | t=0.1s
[finetune_replay] ep  63/300 | train loss=0.0003 top1=1.000 | val loss=0.1228 | t=0.1s
[finetune_replay] ep  64/300 | train loss=0.0003 top1=1.000 | val loss=0.1231 | t=0.1s
[finetune_replay] ep  65/300 | train loss=0.0003 top1=1.000 | val loss=0.1233 | t=0.1s
[finetune_replay] ep  66/300 | train loss=0.0003 top1=1.000 | val loss=0.1247 | t=0.1s
[finetune_replay] ep  67/300 | train loss=0.0002 top1=1.000 | val loss=0.1265 | t=0.1s
[finetune_replay] ep  68/300 | train loss=0.0002 top1=1.000 | val loss=0.1257 | t=0.1s
[finetune_replay] ep  69/300 | train loss=0.0002 top1=1.000 | val loss=0.1258 | t=0.1s
[finetune_replay] ep  70/300 | train loss=0.0003 top1=1.000 | val loss=0.1255 | t=0.1s
[finetune_replay] ep  71/300 | train loss=0.0002 top1=1.000 | val loss=0.1254 | t=0.1s
[finetune_replay] ep  72/300 | train loss=0.0002 top1=1.000 | val loss=0.1254 | t=0.1s
[finetune_replay] ep  73/300 | train loss=0.0003 top1=1.000 | val loss=0.1249 | t=0.1s
[finetune_replay] ep  74/300 | train loss=0.0002 top1=1.000 | val loss=0.1240 | t=0.1s
[finetune_replay] ep  75/300 | train loss=0.0002 top1=1.000 | val loss=0.1245 | t=0.1s
[finetune_replay] ep  76/300 | train loss=0.0002 top1=1.000 | val loss=0.1253 | t=0.1s
[finetune_replay] ep  77/300 | train loss=0.0002 top1=1.000 | val loss=0.1259 | t=0.1s
[finetune_replay] ep  78/300 | train loss=0.0002 top1=1.000 | val loss=0.1263 | t=0.1s
[finetune_replay] ep  79/300 | train loss=0.0002 top1=1.000 | val loss=0.1268 | t=0.1s
[finetune_replay] ep  80/300 | train loss=0.0002 top1=1.000 | val loss=0.1275 | t=0.1s
[finetune_replay] ep  81/300 | train loss=0.0003 top1=1.000 | val loss=0.1288 | t=0.1s
[finetune_replay] ep  82/300 | train loss=0.0002 top1=1.000 | val loss=0.1297 | t=0.1s
[finetune_replay] ep  83/300 | train loss=0.0002 top1=1.000 | val loss=0.1316 | t=0.1s
[finetune_replay] ep  84/300 | train loss=0.0002 top1=1.000 | val loss=0.1327 | t=0.1s
[finetune_replay] ep  85/300 | train loss=0.0002 top1=1.000 | val loss=0.1336 | t=0.1s
[finetune_replay] ep  86/300 | train loss=0.0002 top1=1.000 | val loss=0.1339 | t=0.1s
[finetune_replay] ep  87/300 | train loss=0.0002 top1=1.000 | val loss=0.1335 | t=0.1s
[finetune_replay] ep  88/300 | train loss=0.0002 top1=1.000 | val loss=0.1322 | t=0.1s
[finetune_replay] ep  89/300 | train loss=0.0002 top1=1.000 | val loss=0.1307 | t=0.1s
[finetune_replay] ep  90/300 | train loss=0.0002 top1=1.000 | val loss=0.1300 | t=0.1s
[finetune_replay] ep  91/300 | train loss=0.0002 top1=1.000 | val loss=0.1297 | t=0.1s
[finetune_replay] ep  92/300 | train loss=0.0002 top1=1.000 | val loss=0.1291 | t=0.1s
[finetune_replay] ep  93/300 | train loss=0.0002 top1=1.000 | val loss=0.1286 | t=0.1s
[finetune_replay] ep  94/300 | train loss=0.0002 top1=1.000 | val loss=0.1288 | t=0.1s
[finetune_replay] ep  95/300 | train loss=0.0002 top1=1.000 | val loss=0.1287 | t=0.1s
[finetune_replay] ep  96/300 | train loss=0.0002 top1=1.000 | val loss=0.1288 | t=0.1s
[finetune_replay] ep  97/300 | train loss=0.0002 top1=1.000 | val loss=0.1291 | t=0.1s
[finetune_replay] ep  98/300 | train loss=0.0002 top1=1.000 | val loss=0.1304 | t=0.1s
[finetune_replay] ep  99/300 | train loss=0.0001 top1=1.000 | val loss=0.1312 | t=0.1s
[finetune_replay] ep 100/300 | train loss=0.0002 top1=1.000 | val loss=0.1314 | t=0.1s
[finetune_replay] ep 101/300 | train loss=0.0002 top1=1.000 | val loss=0.1321 | t=0.1s
[finetune_replay] ep 102/300 | train loss=0.0001 top1=1.000 | val loss=0.1313 | t=0.1s
[finetune_replay] ep 103/300 | train loss=0.0002 top1=1.000 | val loss=0.1307 | t=0.1s
[finetune_replay] ep 104/300 | train loss=0.0002 top1=1.000 | val loss=0.1300 | t=0.1s
[finetune_replay] ep 105/300 | train loss=0.0002 top1=1.000 | val loss=0.1304 | t=0.1s
[finetune_replay] ep 106/300 | train loss=0.0002 top1=1.000 | val loss=0.1318 | t=0.1s
[finetune_replay] ep 107/300 | train loss=0.0002 top1=1.000 | val loss=0.1329 | t=0.1s
[finetune_replay] ep 108/300 | train loss=0.0002 top1=1.000 | val loss=0.1337 | t=0.1s
[finetune_replay] ep 109/300 | train loss=0.0002 top1=1.000 | val loss=0.1338 | t=0.1s
[finetune_replay] ep 110/300 | train loss=0.0002 top1=1.000 | val loss=0.1351 | t=0.1s
[finetune_replay] ep 111/300 | train loss=0.0002 top1=1.000 | val loss=0.1346 | t=0.1s
[finetune_replay] ep 112/300 | train loss=0.0002 top1=1.000 | val loss=0.1333 | t=0.1s
[finetune_replay] ep 113/300 | train loss=0.0002 top1=1.000 | val loss=0.1325 | t=0.1s
[finetune_replay] ep 114/300 | train loss=0.0002 top1=1.000 | val loss=0.1322 | t=0.1s
[finetune_replay] ep 115/300 | train loss=0.0002 top1=1.000 | val loss=0.1319 | t=0.1s
[finetune_replay] ep 116/300 | train loss=0.0002 top1=1.000 | val loss=0.1330 | t=0.1s
[finetune_replay] ep 117/300 | train loss=0.0001 top1=1.000 | val loss=0.1338 | t=0.1s
[finetune_replay] ep 118/300 | train loss=0.0002 top1=1.000 | val loss=0.1348 | t=0.1s
[finetune_replay] ep 119/300 | train loss=0.0002 top1=1.000 | val loss=0.1360 | t=0.1s
[finetune_replay] ep 120/300 | train loss=0.0001 top1=1.000 | val loss=0.1374 | t=0.1s
[finetune_replay] ep 121/300 | train loss=0.0001 top1=1.000 | val loss=0.1375 | t=0.1s
[finetune_replay] ep 122/300 | train loss=0.0002 top1=1.000 | val loss=0.1381 | t=0.1s
[finetune_replay] ep 123/300 | train loss=0.0001 top1=1.000 | val loss=0.1376 | t=0.1s
[finetune_replay] ep 124/300 | train loss=0.0001 top1=1.000 | val loss=0.1377 | t=0.1s
[finetune_replay] ep 125/300 | train loss=0.0002 top1=1.000 | val loss=0.1373 | t=0.1s
[finetune_replay] ep 126/300 | train loss=0.0002 top1=1.000 | val loss=0.1364 | t=0.1s
[finetune_replay] ep 127/300 | train loss=0.0001 top1=1.000 | val loss=0.1343 | t=0.1s
[finetune_replay] ep 128/300 | train loss=0.0002 top1=1.000 | val loss=0.1340 | t=0.1s
[finetune_replay] ep 129/300 | train loss=0.0001 top1=1.000 | val loss=0.1340 | t=0.1s
[finetune_replay] ep 130/300 | train loss=0.0002 top1=1.000 | val loss=0.1343 | t=0.1s
[finetune_replay] ep 131/300 | train loss=0.0001 top1=1.000 | val loss=0.1341 | t=0.1s
[finetune_replay] ep 132/300 | train loss=0.0001 top1=1.000 | val loss=0.1336 | t=0.1s
[finetune_replay] ep 133/300 | train loss=0.0001 top1=1.000 | val loss=0.1341 | t=0.1s
[finetune_replay] ep 134/300 | train loss=0.0002 top1=1.000 | val loss=0.1363 | t=0.1s
[finetune_replay] ep 135/300 | train loss=0.0001 top1=1.000 | val loss=0.1376 | t=0.1s
[finetune_replay] ep 136/300 | train loss=0.0002 top1=1.000 | val loss=0.1378 | t=0.1s
[finetune_replay] ep 137/300 | train loss=0.0002 top1=1.000 | val loss=0.1370 | t=0.1s
[finetune_replay] ep 138/300 | train loss=0.0001 top1=1.000 | val loss=0.1375 | t=0.1s
[finetune_replay] ep 139/300 | train loss=0.0001 top1=1.000 | val loss=0.1371 | t=0.1s
[finetune_replay] ep 140/300 | train loss=0.0001 top1=1.000 | val loss=0.1375 | t=0.1s
[finetune_replay] ep 141/300 | train loss=0.0002 top1=1.000 | val loss=0.1381 | t=0.1s
[finetune_replay] ep 142/300 | train loss=0.0001 top1=1.000 | val loss=0.1383 | t=0.1s
[finetune_replay] ep 143/300 | train loss=0.0001 top1=1.000 | val loss=0.1381 | t=0.1s
[finetune_replay] ep 144/300 | train loss=0.0001 top1=1.000 | val loss=0.1375 | t=0.1s
[finetune_replay] ep 145/300 | train loss=0.0001 top1=1.000 | val loss=0.1389 | t=0.1s
[finetune_replay] ep 146/300 | train loss=0.0002 top1=1.000 | val loss=0.1401 | t=0.1s
[finetune_replay] ep 147/300 | train loss=0.0001 top1=1.000 | val loss=0.1406 | t=0.1s
[finetune_replay] ep 148/300 | train loss=0.0002 top1=1.000 | val loss=0.1399 | t=0.1s
[finetune_replay] ep 149/300 | train loss=0.0001 top1=1.000 | val loss=0.1402 | t=0.1s
[finetune_replay] ep 150/300 | train loss=0.0001 top1=1.000 | val loss=0.1397 | t=0.1s
[finetune_replay] ep 151/300 | train loss=0.0001 top1=1.000 | val loss=0.1401 | t=0.1s
[finetune_replay] ep 152/300 | train loss=0.0001 top1=1.000 | val loss=0.1398 | t=0.1s
[finetune_replay] ep 153/300 | train loss=0.0001 top1=1.000 | val loss=0.1397 | t=0.1s
[finetune_replay] ep 154/300 | train loss=0.0001 top1=1.000 | val loss=0.1398 | t=0.1s
[finetune_replay] ep 155/300 | train loss=0.0001 top1=1.000 | val loss=0.1396 | t=0.1s
[finetune_replay] ep 156/300 | train loss=0.0001 top1=1.000 | val loss=0.1400 | t=0.1s
[finetune_replay] ep 157/300 | train loss=0.0001 top1=1.000 | val loss=0.1409 | t=0.1s
[finetune_replay] ep 158/300 | train loss=0.0001 top1=1.000 | val loss=0.1409 | t=0.1s
[finetune_replay] ep 159/300 | train loss=0.0001 top1=1.000 | val loss=0.1406 | t=0.1s
[finetune_replay] ep 160/300 | train loss=0.0001 top1=1.000 | val loss=0.1408 | t=0.1s
[finetune_replay] ep 161/300 | train loss=0.0001 top1=1.000 | val loss=0.1399 | t=0.1s
[finetune_replay] ep 162/300 | train loss=0.0001 top1=1.000 | val loss=0.1389 | t=0.1s
[finetune_replay] ep 163/300 | train loss=0.0002 top1=1.000 | val loss=0.1385 | t=0.1s
[finetune_replay] ep 164/300 | train loss=0.0001 top1=1.000 | val loss=0.1380 | t=0.1s
[finetune_replay] ep 165/300 | train loss=0.0001 top1=1.000 | val loss=0.1372 | t=0.1s
[finetune_replay] ep 166/300 | train loss=0.0001 top1=1.000 | val loss=0.1376 | t=0.1s
[finetune_replay] ep 167/300 | train loss=0.0001 top1=1.000 | val loss=0.1379 | t=0.1s
[finetune_replay] ep 168/300 | train loss=0.0001 top1=1.000 | val loss=0.1382 | t=0.1s
[finetune_replay] ep 169/300 | train loss=0.0001 top1=1.000 | val loss=0.1378 | t=0.1s
[finetune_replay] ep 170/300 | train loss=0.0002 top1=1.000 | val loss=0.1378 | t=0.1s
[finetune_replay] ep 171/300 | train loss=0.0001 top1=1.000 | val loss=0.1389 | t=0.1s
[finetune_replay] ep 172/300 | train loss=0.0001 top1=1.000 | val loss=0.1389 | t=0.1s
[finetune_replay] ep 173/300 | train loss=0.0001 top1=1.000 | val loss=0.1383 | t=0.1s
[finetune_replay] ep 174/300 | train loss=0.0001 top1=1.000 | val loss=0.1387 | t=0.1s
[finetune_replay] ep 175/300 | train loss=0.0001 top1=1.000 | val loss=0.1391 | t=0.1s
[finetune_replay] ep 176/300 | train loss=0.0001 top1=1.000 | val loss=0.1395 | t=0.1s
[finetune_replay] ep 177/300 | train loss=0.0001 top1=1.000 | val loss=0.1404 | t=0.1s
[finetune_replay] ep 178/300 | train loss=0.0001 top1=1.000 | val loss=0.1409 | t=0.1s
[finetune_replay] ep 179/300 | train loss=0.0001 top1=1.000 | val loss=0.1412 | t=0.1s
[finetune_replay] ep 180/300 | train loss=0.0001 top1=1.000 | val loss=0.1414 | t=0.1s
[finetune_replay] ep 181/300 | train loss=0.0001 top1=1.000 | val loss=0.1412 | t=0.1s
[finetune_replay] ep 182/300 | train loss=0.0001 top1=1.000 | val loss=0.1410 | t=0.1s
[finetune_replay] ep 183/300 | train loss=0.0001 top1=1.000 | val loss=0.1416 | t=0.1s
[finetune_replay] ep 184/300 | train loss=0.0001 top1=1.000 | val loss=0.1408 | t=0.1s
[finetune_replay] ep 185/300 | train loss=0.0001 top1=1.000 | val loss=0.1397 | t=0.1s
[finetune_replay] ep 186/300 | train loss=0.0001 top1=1.000 | val loss=0.1395 | t=0.1s
[finetune_replay] ep 187/300 | train loss=0.0001 top1=1.000 | val loss=0.1391 | t=0.1s
[finetune_replay] ep 188/300 | train loss=0.0001 top1=1.000 | val loss=0.1387 | t=0.1s
[finetune_replay] ep 189/300 | train loss=0.0001 top1=1.000 | val loss=0.1388 | t=0.1s
[finetune_replay] ep 190/300 | train loss=0.0001 top1=1.000 | val loss=0.1389 | t=0.1s
[finetune_replay] ep 191/300 | train loss=0.0001 top1=1.000 | val loss=0.1392 | t=0.1s
[finetune_replay] ep 192/300 | train loss=0.0001 top1=1.000 | val loss=0.1390 | t=0.1s
[finetune_replay] ep 193/300 | train loss=0.0001 top1=1.000 | val loss=0.1395 | t=0.1s
[finetune_replay] ep 194/300 | train loss=0.0001 top1=1.000 | val loss=0.1397 | t=0.1s
[finetune_replay] ep 195/300 | train loss=0.0001 top1=1.000 | val loss=0.1402 | t=0.1s
[finetune_replay] ep 196/300 | train loss=0.0001 top1=1.000 | val loss=0.1405 | t=0.1s
[finetune_replay] ep 197/300 | train loss=0.0001 top1=1.000 | val loss=0.1405 | t=0.1s
[finetune_replay] ep 198/300 | train loss=0.0001 top1=1.000 | val loss=0.1408 | t=0.1s
[finetune_replay] ep 199/300 | train loss=0.0001 top1=1.000 | val loss=0.1419 | t=0.1s
[finetune_replay] ep 200/300 | train loss=0.0001 top1=1.000 | val loss=0.1416 | t=0.1s
[finetune_replay] ep 201/300 | train loss=0.0001 top1=1.000 | val loss=0.1412 | t=0.1s
[finetune_replay] ep 202/300 | train loss=0.0001 top1=1.000 | val loss=0.1407 | t=0.1s
[finetune_replay] ep 203/300 | train loss=0.0001 top1=1.000 | val loss=0.1401 | t=0.1s
[finetune_replay] ep 204/300 | train loss=0.0001 top1=1.000 | val loss=0.1397 | t=0.1s
[finetune_replay] ep 205/300 | train loss=0.0001 top1=1.000 | val loss=0.1385 | t=0.1s
[finetune_replay] ep 206/300 | train loss=0.0001 top1=1.000 | val loss=0.1388 | t=0.1s
[finetune_replay] ep 207/300 | train loss=0.0001 top1=1.000 | val loss=0.1388 | t=0.1s
[finetune_replay] ep 208/300 | train loss=0.0001 top1=1.000 | val loss=0.1388 | t=0.1s
[finetune_replay] ep 209/300 | train loss=0.0001 top1=1.000 | val loss=0.1392 | t=0.1s
[finetune_replay] ep 210/300 | train loss=0.0001 top1=1.000 | val loss=0.1390 | t=0.1s
[finetune_replay] ep 211/300 | train loss=0.0001 top1=1.000 | val loss=0.1402 | t=0.1s
[finetune_replay] ep 212/300 | train loss=0.0001 top1=1.000 | val loss=0.1404 | t=0.1s
[finetune_replay] ep 213/300 | train loss=0.0001 top1=1.000 | val loss=0.1409 | t=0.1s
[finetune_replay] ep 214/300 | train loss=0.0001 top1=1.000 | val loss=0.1410 | t=0.1s
[finetune_replay] ep 215/300 | train loss=0.0001 top1=1.000 | val loss=0.1410 | t=0.1s
[finetune_replay] ep 216/300 | train loss=0.0001 top1=1.000 | val loss=0.1410 | t=0.1s
[finetune_replay] ep 217/300 | train loss=0.0001 top1=1.000 | val loss=0.1409 | t=0.1s
[finetune_replay] ep 218/300 | train loss=0.0001 top1=1.000 | val loss=0.1404 | t=0.1s
[finetune_replay] ep 219/300 | train loss=0.0001 top1=1.000 | val loss=0.1404 | t=0.1s
[finetune_replay] ep 220/300 | train loss=0.0001 top1=1.000 | val loss=0.1398 | t=0.1s
[finetune_replay] ep 221/300 | train loss=0.0001 top1=1.000 | val loss=0.1401 | t=0.1s
[finetune_replay] ep 222/300 | train loss=0.0001 top1=1.000 | val loss=0.1404 | t=0.1s
[finetune_replay] ep 223/300 | train loss=0.0001 top1=1.000 | val loss=0.1408 | t=0.1s
[finetune_replay] ep 224/300 | train loss=0.0001 top1=1.000 | val loss=0.1416 | t=0.1s
[finetune_replay] ep 225/300 | train loss=0.0001 top1=1.000 | val loss=0.1418 | t=0.1s
[finetune_replay] ep 226/300 | train loss=0.0001 top1=1.000 | val loss=0.1418 | t=0.1s
[finetune_replay] ep 227/300 | train loss=0.0001 top1=1.000 | val loss=0.1423 | t=0.1s
[finetune_replay] ep 228/300 | train loss=0.0001 top1=1.000 | val loss=0.1418 | t=0.1s
[finetune_replay] ep 229/300 | train loss=0.0001 top1=1.000 | val loss=0.1414 | t=0.1s
[finetune_replay] ep 230/300 | train loss=0.0001 top1=1.000 | val loss=0.1414 | t=0.1s
[finetune_replay] ep 231/300 | train loss=0.0001 top1=1.000 | val loss=0.1409 | t=0.1s
[finetune_replay] ep 232/300 | train loss=0.0001 top1=1.000 | val loss=0.1409 | t=0.1s
[finetune_replay] ep 233/300 | train loss=0.0001 top1=1.000 | val loss=0.1410 | t=0.1s
[finetune_replay] ep 234/300 | train loss=0.0001 top1=1.000 | val loss=0.1413 | t=0.1s
[finetune_replay] ep 235/300 | train loss=0.0001 top1=1.000 | val loss=0.1410 | t=0.1s
[finetune_replay] ep 236/300 | train loss=0.0001 top1=1.000 | val loss=0.1415 | t=0.1s
[finetune_replay] ep 237/300 | train loss=0.0001 top1=1.000 | val loss=0.1417 | t=0.1s
[finetune_replay] ep 238/300 | train loss=0.0001 top1=1.000 | val loss=0.1413 | t=0.1s
[finetune_replay] ep 239/300 | train loss=0.0001 top1=1.000 | val loss=0.1415 | t=0.1s
[finetune_replay] ep 240/300 | train loss=0.0001 top1=1.000 | val loss=0.1410 | t=0.1s
[finetune_replay] ep 241/300 | train loss=0.0001 top1=1.000 | val loss=0.1415 | t=0.1s
[finetune_replay] ep 242/300 | train loss=0.0001 top1=1.000 | val loss=0.1418 | t=0.1s
[finetune_replay] ep 243/300 | train loss=0.0001 top1=1.000 | val loss=0.1426 | t=0.1s
[finetune_replay] ep 244/300 | train loss=0.0001 top1=1.000 | val loss=0.1424 | t=0.1s
[finetune_replay] ep 245/300 | train loss=0.0001 top1=1.000 | val loss=0.1423 | t=0.1s
[finetune_replay] ep 246/300 | train loss=0.0001 top1=1.000 | val loss=0.1433 | t=0.1s
[finetune_replay] ep 247/300 | train loss=0.0001 top1=1.000 | val loss=0.1436 | t=0.1s
[finetune_replay] ep 248/300 | train loss=0.0001 top1=1.000 | val loss=0.1441 | t=0.1s
[finetune_replay] ep 249/300 | train loss=0.0001 top1=1.000 | val loss=0.1433 | t=0.1s
[finetune_replay] ep 250/300 | train loss=0.0001 top1=1.000 | val loss=0.1435 | t=0.1s
[finetune_replay] ep 251/300 | train loss=0.0001 top1=1.000 | val loss=0.1432 | t=0.1s
[finetune_replay] ep 252/300 | train loss=0.0001 top1=1.000 | val loss=0.1430 | t=0.1s
[finetune_replay] ep 253/300 | train loss=0.0001 top1=1.000 | val loss=0.1435 | t=0.1s
[finetune_replay] ep 254/300 | train loss=0.0001 top1=1.000 | val loss=0.1429 | t=0.1s
[finetune_replay] ep 255/300 | train loss=0.0001 top1=1.000 | val loss=0.1422 | t=0.1s
[finetune_replay] ep 256/300 | train loss=0.0001 top1=1.000 | val loss=0.1429 | t=0.1s
[finetune_replay] ep 257/300 | train loss=0.0001 top1=1.000 | val loss=0.1424 | t=0.1s
[finetune_replay] ep 258/300 | train loss=0.0001 top1=1.000 | val loss=0.1430 | t=0.1s
[finetune_replay] ep 259/300 | train loss=0.0001 top1=1.000 | val loss=0.1429 | t=0.1s
[finetune_replay] ep 260/300 | train loss=0.0001 top1=1.000 | val loss=0.1421 | t=0.1s
[finetune_replay] ep 261/300 | train loss=0.0001 top1=1.000 | val loss=0.1421 | t=0.1s
[finetune_replay] ep 262/300 | train loss=0.0001 top1=1.000 | val loss=0.1418 | t=0.1s
[finetune_replay] ep 263/300 | train loss=0.0001 top1=1.000 | val loss=0.1418 | t=0.1s
[finetune_replay] ep 264/300 | train loss=0.0001 top1=1.000 | val loss=0.1423 | t=0.1s
[finetune_replay] ep 265/300 | train loss=0.0001 top1=1.000 | val loss=0.1422 | t=0.1s
[finetune_replay] ep 266/300 | train loss=0.0001 top1=1.000 | val loss=0.1422 | t=0.1s
[finetune_replay] ep 267/300 | train loss=0.0001 top1=1.000 | val loss=0.1421 | t=0.1s
[finetune_replay] ep 268/300 | train loss=0.0001 top1=1.000 | val loss=0.1415 | t=0.1s
[finetune_replay] ep 269/300 | train loss=0.0001 top1=1.000 | val loss=0.1425 | t=0.1s
[finetune_replay] ep 270/300 | train loss=0.0001 top1=1.000 | val loss=0.1429 | t=0.1s
[finetune_replay] ep 271/300 | train loss=0.0001 top1=1.000 | val loss=0.1424 | t=0.1s
[finetune_replay] ep 272/300 | train loss=0.0001 top1=1.000 | val loss=0.1427 | t=0.1s
[finetune_replay] ep 273/300 | train loss=0.0001 top1=1.000 | val loss=0.1420 | t=0.1s
[finetune_replay] ep 274/300 | train loss=0.0001 top1=1.000 | val loss=0.1418 | t=0.1s
[finetune_replay] ep 275/300 | train loss=0.0001 top1=1.000 | val loss=0.1417 | t=0.1s
[finetune_replay] ep 276/300 | train loss=0.0001 top1=1.000 | val loss=0.1420 | t=0.1s
[finetune_replay] ep 277/300 | train loss=0.0001 top1=1.000 | val loss=0.1416 | t=0.1s
[finetune_replay] ep 278/300 | train loss=0.0001 top1=1.000 | val loss=0.1417 | t=0.1s
[finetune_replay] ep 279/300 | train loss=0.0001 top1=1.000 | val loss=0.1416 | t=0.1s
[finetune_replay] ep 280/300 | train loss=0.0001 top1=1.000 | val loss=0.1414 | t=0.1s
[finetune_replay] ep 281/300 | train loss=0.0001 top1=1.000 | val loss=0.1417 | t=0.1s
[finetune_replay] ep 282/300 | train loss=0.0001 top1=1.000 | val loss=0.1413 | t=0.1s
[finetune_replay] ep 283/300 | train loss=0.0001 top1=1.000 | val loss=0.1410 | t=0.1s
[finetune_replay] ep 284/300 | train loss=0.0001 top1=1.000 | val loss=0.1419 | t=0.1s
[finetune_replay] ep 285/300 | train loss=0.0001 top1=1.000 | val loss=0.1421 | t=0.1s
[finetune_replay] ep 286/300 | train loss=0.0001 top1=1.000 | val loss=0.1421 | t=0.1s
[finetune_replay] ep 287/300 | train loss=0.0001 top1=1.000 | val loss=0.1425 | t=0.1s
[finetune_replay] ep 288/300 | train loss=0.0001 top1=1.000 | val loss=0.1429 | t=0.1s
[finetune_replay] ep 289/300 | train loss=0.0001 top1=1.000 | val loss=0.1432 | t=0.1s
[finetune_replay] ep 290/300 | train loss=0.0001 top1=1.000 | val loss=0.1426 | t=0.1s
[finetune_replay] ep 291/300 | train loss=0.0001 top1=1.000 | val loss=0.1431 | t=0.1s
[finetune_replay] ep 292/300 | train loss=0.0001 top1=1.000 | val loss=0.1435 | t=0.1s
[finetune_replay] ep 293/300 | train loss=0.0001 top1=1.000 | val loss=0.1427 | t=0.1s
[finetune_replay] ep 294/300 | train loss=0.0001 top1=1.000 | val loss=0.1427 | t=0.1s
[finetune_replay] ep 295/300 | train loss=0.0001 top1=1.000 | val loss=0.1418 | t=0.1s
[finetune_replay] ep 296/300 | train loss=0.0001 top1=1.000 | val loss=0.1419 | t=0.1s
[finetune_replay] ep 297/300 | train loss=0.0001 top1=1.000 | val loss=0.1418 | t=0.1s
[finetune_replay] ep 298/300 | train loss=0.0001 top1=1.000 | val loss=0.1420 | t=0.1s
[finetune_replay] ep 299/300 | train loss=0.0001 top1=1.000 | val loss=0.1416 | t=0.1s
[finetune_replay] ep 300/300 | train loss=0.0001 top1=1.000 | val loss=0.1421 | t=0.1s
[finetune_replay] DONE best_val_loss=0.0594 @ epoch 7
[19:35:00] [bo-budget] $ /home/s226137394/.conda/envs/maze/bin/python3 -u -m Equivariant_pathway.equivariant_CNN_hybrid.rollout_test --checkpoint /weka/s226137394/DmNfull/Equivariant_pathway/equivariant_CNN_hybrid/baseline_vs_p4/pool_x_selector/results_hpsweep/e300_lr0.0001_rm0.7_do0/run_6/p4_top3_rotate/checkpoints/best_hybrid_policy.pth --layouts /weka/s226137394/DmNfull/Equivariant_pathway/equivariant_CNN_hybrid/baseline_vs_p4/shared/heldout_layouts.yaml --out_dir /weka/s226137394/DmNfull/Equivariant_pathway/equivariant_CNN_hybrid/baseline_vs_p4/pool_x_selector/results_hpsweep/e300_lr0.0001_rm0.7_do0/run_6/p4_top3_rotate/results/eval_round_003 --seed 9 --max_steps 60
[hybrid-rollout] 200 unique; running 200 eps
[hybrid-rollout] loaded /weka/s226137394/DmNfull/Equivariant_pathway/equivariant_CNN_hybrid/baseline_vs_p4/pool_x_selector/results_hpsweep/e300_lr0.0001_rm0.7_do0/run_6/p4_top3_rotate/checkpoints/best_hybrid_policy.pth
[hybrid-rollout] ep 0 (heldout_001): steps=5 success=True
[hybrid-rollout] ep 1 (heldout_002): steps=60 success=False
[hybrid-rollout] ep 2 (heldout_003): steps=60 success=False
[hybrid-rollout] ep 3 (heldout_004): steps=60 success=False
[hybrid-rollout] ep 4 (heldout_005): steps=5 success=True
[hybrid-rollout] ep 5 (heldout_006): steps=3 success=False
[hybrid-rollout] ep 6 (heldout_007): steps=3 success=False
[hybrid-rollout] ep 7 (heldout_008): steps=4 success=True
[hybrid-rollout] ep 8 (heldout_009): steps=60 success=False
[hybrid-rollout] ep 9 (heldout_010): steps=60 success=False
[hybrid-rollout] ep 10 (heldout_011): steps=4 success=True
[hybrid-rollout] ep 11 (heldout_012): steps=60 success=False
[hybrid-rollout] ep 12 (heldout_013): steps=60 success=False
[hybrid-rollout] ep 13 (heldout_014): steps=5 success=True
[hybrid-rollout] ep 14 (heldout_015): steps=4 success=True
[hybrid-rollout] ep 15 (heldout_016): steps=1 success=False
[hybrid-rollout] ep 16 (heldout_017): steps=60 success=False
[hybrid-rollout] ep 17 (heldout_018): steps=2 success=False
[hybrid-rollout] ep 18 (heldout_019): steps=60 success=False
[hybrid-rollout] ep 19 (heldout_020): steps=5 success=True
[hybrid-rollout] ep 20 (heldout_021): steps=4 success=True
[hybrid-rollout] ep 21 (heldout_022): steps=60 success=False
[hybrid-rollout] ep 22 (heldout_023): steps=60 success=False
[hybrid-rollout] ep 23 (heldout_024): steps=60 success=False
[hybrid-rollout] ep 24 (heldout_025): steps=4 success=True
[hybrid-rollout] ep 25 (heldout_026): steps=4 success=True
[hybrid-rollout] ep 26 (heldout_027): steps=4 success=True
[hybrid-rollout] ep 27 (heldout_028): steps=4 success=True
[hybrid-rollout] ep 28 (heldout_029): steps=60 success=False
[hybrid-rollout] ep 29 (heldout_030): steps=60 success=False
[hybrid-rollout] ep 30 (heldout_031): steps=60 success=False
[hybrid-rollout] ep 31 (heldout_032): steps=60 success=False
[hybrid-rollout] ep 32 (heldout_033): steps=60 success=False
[hybrid-rollout] ep 33 (heldout_034): steps=60 success=False
[hybrid-rollout] ep 34 (heldout_035): steps=60 success=False
[hybrid-rollout] ep 35 (heldout_036): steps=5 success=True
[hybrid-rollout] ep 36 (heldout_037): steps=2 success=False
[hybrid-rollout] ep 37 (heldout_038): steps=5 success=True
[hybrid-rollout] ep 38 (heldout_039): steps=6 success=True
[hybrid-rollout] ep 39 (heldout_040): steps=60 success=False
[hybrid-rollout] ep 40 (heldout_041): steps=60 success=False
[hybrid-rollout] ep 41 (heldout_042): steps=4 success=True
[hybrid-rollout] ep 42 (heldout_043): steps=4 success=True
[hybrid-rollout] ep 43 (heldout_044): steps=5 success=True
[hybrid-rollout] ep 44 (heldout_045): steps=5 success=True
[hybrid-rollout] ep 45 (heldout_046): steps=4 success=True
[hybrid-rollout] ep 46 (heldout_047): steps=60 success=False
[hybrid-rollout] ep 47 (heldout_048): steps=6 success=True
[hybrid-rollout] ep 48 (heldout_049): steps=60 success=False
[hybrid-rollout] ep 49 (heldout_050): steps=60 success=False
[hybrid-rollout] ep 50 (heldout_051): steps=4 success=True
[hybrid-rollout] ep 51 (heldout_052): steps=4 success=True
[hybrid-rollout] ep 52 (heldout_053): steps=6 success=True
[hybrid-rollout] ep 53 (heldout_054): steps=4 success=True
[hybrid-rollout] ep 54 (heldout_055): steps=60 success=False
[hybrid-rollout] ep 55 (heldout_056): steps=60 success=False
[hybrid-rollout] ep 56 (heldout_057): steps=4 success=True
[hybrid-rollout] ep 57 (heldout_058): steps=4 success=True
[hybrid-rollout] ep 58 (heldout_059): steps=5 success=True
[hybrid-rollout] ep 59 (heldout_060): steps=6 success=True
[hybrid-rollout] ep 60 (heldout_061): steps=5 success=True
[hybrid-rollout] ep 61 (heldout_062): steps=6 success=True
[hybrid-rollout] ep 62 (heldout_063): steps=5 success=True
[hybrid-rollout] ep 63 (heldout_064): steps=4 success=True
[hybrid-rollout] ep 64 (heldout_065): steps=3 success=False
[hybrid-rollout] ep 65 (heldout_066): steps=6 success=True
[hybrid-rollout] ep 66 (heldout_067): steps=5 success=True
[hybrid-rollout] ep 67 (heldout_068): steps=4 success=True
[hybrid-rollout] ep 68 (heldout_069): steps=60 success=False
[hybrid-rollout] ep 69 (heldout_070): steps=60 success=False
[hybrid-rollout] ep 70 (heldout_071): steps=5 success=True
[hybrid-rollout] ep 71 (heldout_072): steps=60 success=False
[hybrid-rollout] ep 72 (heldout_073): steps=60 success=False
[hybrid-rollout] ep 73 (heldout_074): steps=4 success=True
[hybrid-rollout] ep 74 (heldout_075): steps=5 success=True
[hybrid-rollout] ep 75 (heldout_076): steps=60 success=False
[hybrid-rollout] ep 76 (heldout_077): steps=4 success=True
[hybrid-rollout] ep 77 (heldout_078): steps=3 success=False
[hybrid-rollout] ep 78 (heldout_079): steps=4 success=True
[hybrid-rollout] ep 79 (heldout_080): steps=4 success=True
[hybrid-rollout] ep 80 (heldout_081): steps=60 success=False
[hybrid-rollout] ep 81 (heldout_082): steps=60 success=False
[hybrid-rollout] ep 82 (heldout_083): steps=4 success=True
[hybrid-rollout] ep 83 (heldout_084): steps=60 success=False
[hybrid-rollout] ep 84 (heldout_085): steps=60 success=False
[hybrid-rollout] ep 85 (heldout_086): steps=6 success=True
[hybrid-rollout] ep 86 (heldout_087): steps=60 success=False
[hybrid-rollout] ep 87 (heldout_088): steps=60 success=False
[hybrid-rollout] ep 88 (heldout_089): steps=3 success=False
[hybrid-rollout] ep 89 (heldout_090): steps=4 success=True
[hybrid-rollout] ep 90 (heldout_091): steps=5 success=True
[hybrid-rollout] ep 91 (heldout_092): steps=5 success=True
[hybrid-rollout] ep 92 (heldout_093): steps=1 success=False
[hybrid-rollout] ep 93 (heldout_094): steps=6 success=True
[hybrid-rollout] ep 94 (heldout_095): steps=7 success=True
[hybrid-rollout] ep 95 (heldout_096): steps=5 success=True
[hybrid-rollout] ep 96 (heldout_097): steps=5 success=True
[hybrid-rollout] ep 97 (heldout_098): steps=5 success=True
[hybrid-rollout] ep 98 (heldout_099): steps=60 success=False
[hybrid-rollout] ep 99 (heldout_100): steps=60 success=False
[hybrid-rollout] ep 100 (heldout_101): steps=4 success=True
[hybrid-rollout] ep 101 (heldout_102): steps=4 success=True
[hybrid-rollout] ep 102 (heldout_103): steps=60 success=False
[hybrid-rollout] ep 103 (heldout_104): steps=6 success=True
[hybrid-rollout] ep 104 (heldout_105): steps=60 success=False
[hybrid-rollout] ep 105 (heldout_106): steps=60 success=False
[hybrid-rollout] ep 106 (heldout_107): steps=4 success=True
[hybrid-rollout] ep 107 (heldout_108): steps=4 success=True
[hybrid-rollout] ep 108 (heldout_109): steps=4 success=True
[hybrid-rollout] ep 109 (heldout_110): steps=60 success=False
[hybrid-rollout] ep 110 (heldout_111): steps=6 success=True
[hybrid-rollout] ep 111 (heldout_112): steps=60 success=False
[hybrid-rollout] ep 112 (heldout_113): steps=7 success=True
[hybrid-rollout] ep 113 (heldout_114): steps=6 success=True
[hybrid-rollout] ep 114 (heldout_115): steps=60 success=False
[hybrid-rollout] ep 115 (heldout_116): steps=60 success=False
[hybrid-rollout] ep 116 (heldout_117): steps=7 success=True
[hybrid-rollout] ep 117 (heldout_118): steps=60 success=False
[hybrid-rollout] ep 118 (heldout_119): steps=60 success=False
[hybrid-rollout] ep 119 (heldout_120): steps=7 success=True
[hybrid-rollout] ep 120 (heldout_121): steps=4 success=True
[hybrid-rollout] ep 121 (heldout_122): steps=60 success=False
[hybrid-rollout] ep 122 (heldout_123): steps=6 success=True
[hybrid-rollout] ep 123 (heldout_124): steps=60 success=False
[hybrid-rollout] ep 124 (heldout_125): steps=4 success=True
[hybrid-rollout] ep 125 (heldout_126): steps=4 success=True
[hybrid-rollout] ep 126 (heldout_127): steps=4 success=False
[hybrid-rollout] ep 127 (heldout_128): steps=60 success=False
[hybrid-rollout] ep 128 (heldout_129): steps=60 success=False
[hybrid-rollout] ep 129 (heldout_130): steps=4 success=True
[hybrid-rollout] ep 130 (heldout_131): steps=60 success=False
[hybrid-rollout] ep 131 (heldout_132): steps=4 success=True
[hybrid-rollout] ep 132 (heldout_133): steps=4 success=True
[hybrid-rollout] ep 133 (heldout_134): steps=60 success=False
[hybrid-rollout] ep 134 (heldout_135): steps=6 success=True
[hybrid-rollout] ep 135 (heldout_136): steps=60 success=False
[hybrid-rollout] ep 136 (heldout_137): steps=5 success=True
[hybrid-rollout] ep 137 (heldout_138): steps=4 success=True
[hybrid-rollout] ep 138 (heldout_139): steps=4 success=True
[hybrid-rollout] ep 139 (heldout_140): steps=60 success=False
[hybrid-rollout] ep 140 (heldout_141): steps=60 success=False
[hybrid-rollout] ep 141 (heldout_142): steps=2 success=False
[hybrid-rollout] ep 142 (heldout_143): steps=6 success=True
[hybrid-rollout] ep 143 (heldout_144): steps=4 success=True
[hybrid-rollout] ep 144 (heldout_145): steps=60 success=False
[hybrid-rollout] ep 145 (heldout_146): steps=60 success=False
[hybrid-rollout] ep 146 (heldout_147): steps=60 success=False
[hybrid-rollout] ep 147 (heldout_148): steps=60 success=False
[hybrid-rollout] ep 148 (heldout_149): steps=5 success=True
[hybrid-rollout] ep 149 (heldout_150): steps=4 success=True
[hybrid-rollout] ep 150 (heldout_151): steps=5 success=True
[hybrid-rollout] ep 151 (heldout_152): steps=6 success=True
[hybrid-rollout] ep 152 (heldout_153): steps=2 success=False
[hybrid-rollout] ep 153 (heldout_154): steps=60 success=False
[hybrid-rollout] ep 154 (heldout_155): steps=60 success=False
[hybrid-rollout] ep 155 (heldout_156): steps=60 success=False
[hybrid-rollout] ep 156 (heldout_157): steps=3 success=False
[hybrid-rollout] ep 157 (heldout_158): steps=3 success=False
[hybrid-rollout] ep 158 (heldout_159): steps=60 success=False
[hybrid-rollout] ep 159 (heldout_160): steps=60 success=False
[hybrid-rollout] ep 160 (heldout_161): steps=5 success=True
[hybrid-rollout] ep 161 (heldout_162): steps=5 success=True
[hybrid-rollout] ep 162 (heldout_163): steps=4 success=True
[hybrid-rollout] ep 163 (heldout_164): steps=6 success=True
[hybrid-rollout] ep 164 (heldout_165): steps=5 success=True
[hybrid-rollout] ep 165 (heldout_166): steps=60 success=False
[hybrid-rollout] ep 166 (heldout_167): steps=60 success=False
[hybrid-rollout] ep 167 (heldout_168): steps=4 success=True
[hybrid-rollout] ep 168 (heldout_169): steps=4 success=False
[hybrid-rollout] ep 169 (heldout_170): steps=5 success=False
[hybrid-rollout] ep 170 (heldout_171): steps=60 success=False
[hybrid-rollout] ep 171 (heldout_172): steps=60 success=False
[hybrid-rollout] ep 172 (heldout_173): steps=4 success=True
[hybrid-rollout] ep 173 (heldout_174): steps=5 success=True
[hybrid-rollout] ep 174 (heldout_175): steps=5 success=True
[hybrid-rollout] ep 175 (heldout_176): steps=6 success=True
[hybrid-rollout] ep 176 (heldout_177): steps=60 success=False
[hybrid-rollout] ep 177 (heldout_178): steps=1 success=False
[hybrid-rollout] ep 178 (heldout_179): steps=60 success=False
[hybrid-rollout] ep 179 (heldout_180): steps=60 success=False
[hybrid-rollout] ep 180 (heldout_181): steps=5 success=True
[hybrid-rollout] ep 181 (heldout_182): steps=60 success=False
[hybrid-rollout] ep 182 (heldout_183): steps=5 success=True
[hybrid-rollout] ep 183 (heldout_184): steps=5 success=False
[hybrid-rollout] ep 184 (heldout_185): steps=60 success=False
[hybrid-rollout] ep 185 (heldout_186): steps=4 success=True
[hybrid-rollout] ep 186 (heldout_187): steps=5 success=True
[hybrid-rollout] ep 187 (heldout_188): steps=60 success=False
[hybrid-rollout] ep 188 (heldout_189): steps=60 success=False
[hybrid-rollout] ep 189 (heldout_190): steps=7 success=True
[hybrid-rollout] ep 190 (heldout_191): steps=6 success=True
[hybrid-rollout] ep 191 (heldout_192): steps=7 success=True
[hybrid-rollout] ep 192 (heldout_193): steps=60 success=False
[hybrid-rollout] ep 193 (heldout_194): steps=6 success=True
[hybrid-rollout] ep 194 (heldout_195): steps=5 success=True
[hybrid-rollout] ep 195 (heldout_196): steps=60 success=False
[hybrid-rollout] ep 196 (heldout_197): steps=5 success=True
[hybrid-rollout] ep 197 (heldout_198): steps=60 success=False
[hybrid-rollout] ep 198 (heldout_199): steps=4 success=True
[hybrid-rollout] ep 199 (heldout_200): steps=4 success=True
[hybrid-rollout] DONE successes=102/200
[19:37:09] [replay_p4] run 6 round 3: extras=3 heldout_sr=0.510
[19:37:09] [replay_p4] $ /home/s226137394/.conda/envs/maze/bin/python3 -u -m Equivariant_pathway.equivariant_CNN_hybrid.baseline_vs_p4.pool_x_selector.trainer.finetune_replay --demo_dir /weka/s226137394/DmNfull/Equivariant_pathway/equivariant_CNN_hybrid/baseline_vs_p4/pool_x_selector/results_hpsweep/e300_lr0.0001_rm0.7_do0/run_6/p4_top3_rotate/demos --checkpoint_dir /weka/s226137394/DmNfull/Equivariant_pathway/equivariant_CNN_hybrid/baseline_vs_p4/pool_x_selector/results_hpsweep/e300_lr0.0001_rm0.7_do0/run_6/p4_top3_rotate/checkpoints --epochs 300 --batch_size 64 --lr 0.0001 --weight_decay 0.0001 --replay_mix 0.7 --replay_mix_floor 0.2 --head_dropout 0.0 --seed 6 --resume --new_demos_dir /weka/s226137394/DmNfull/Equivariant_pathway/equivariant_CNN_hybrid/baseline_vs_p4/pool_x_selector/results_hpsweep/e300_lr0.0001_rm0.7_do0/run_6/p4_top3_rotate/demos/round_004
[finetune_replay] device=cuda demo_dir=/weka/s226137394/DmNfull/Equivariant_pathway/equivariant_CNN_hybrid/baseline_vs_p4/pool_x_selector/results_hpsweep/e300_lr0.0001_rm0.7_do0/run_6/p4_top3_rotate/demos new_demos_dir=/weka/s226137394/DmNfull/Equivariant_pathway/equivariant_CNN_hybrid/baseline_vs_p4/pool_x_selector/results_hpsweep/e300_lr0.0001_rm0.7_do0/run_6/p4_top3_rotate/demos/round_004
[hybrid-dataset] 23 demos -> 121 samples
[hybrid-dataset] 1 demos -> 4 samples
[finetune_replay] sampler audit: {'n_old_samples': 121, 'n_new_samples': 4, 'replay_mix_target': 0.7, 'replay_mix_effective': 0.7, 'replay_mix_floor': 0.2}
[finetune_replay] trainable params: 1,400,028
[finetune_replay] WARM START from last_hybrid_policy.pth
[finetune_replay] ep   1/300 | train loss=0.4578 top1=0.920 | val loss=0.7614 | t=0.8s  *
[finetune_replay] ep   2/300 | train loss=0.1236 top1=0.965 | val loss=0.0347 | t=0.2s  *
[finetune_replay] ep   3/300 | train loss=0.0507 top1=0.991 | val loss=0.1103 | t=0.2s
[finetune_replay] ep   4/300 | train loss=0.0423 top1=0.982 | val loss=0.4784 | t=0.1s
[finetune_replay] ep   5/300 | train loss=0.0198 top1=0.991 | val loss=0.4178 | t=0.2s
[finetune_replay] ep   6/300 | train loss=0.0059 top1=1.000 | val loss=0.2464 | t=0.1s
[finetune_replay] ep   7/300 | train loss=0.0118 top1=1.000 | val loss=0.3229 | t=0.1s
[finetune_replay] ep   8/300 | train loss=0.0064 top1=1.000 | val loss=0.4338 | t=0.1s
[finetune_replay] ep   9/300 | train loss=0.0054 top1=1.000 | val loss=0.4293 | t=0.1s
[finetune_replay] ep  10/300 | train loss=0.0025 top1=1.000 | val loss=0.3633 | t=0.1s
[finetune_replay] ep  11/300 | train loss=0.0023 top1=1.000 | val loss=0.2712 | t=0.1s
[finetune_replay] ep  12/300 | train loss=0.0021 top1=1.000 | val loss=0.2383 | t=0.1s
[finetune_replay] ep  13/300 | train loss=0.0025 top1=1.000 | val loss=0.2348 | t=0.2s
[finetune_replay] ep  14/300 | train loss=0.0014 top1=1.000 | val loss=0.2609 | t=0.1s
[finetune_replay] ep  15/300 | train loss=0.0012 top1=1.000 | val loss=0.2927 | t=0.1s
[finetune_replay] ep  16/300 | train loss=0.0009 top1=1.000 | val loss=0.3219 | t=0.2s
[finetune_replay] ep  17/300 | train loss=0.0006 top1=1.000 | val loss=0.3433 | t=0.2s
[finetune_replay] ep  18/300 | train loss=0.0005 top1=1.000 | val loss=0.3613 | t=0.1s
[finetune_replay] ep  19/300 | train loss=0.0008 top1=1.000 | val loss=0.3703 | t=0.1s
[finetune_replay] ep  20/300 | train loss=0.0009 top1=1.000 | val loss=0.3582 | t=0.1s
[finetune_replay] ep  21/300 | train loss=0.0008 top1=1.000 | val loss=0.3436 | t=0.1s
[finetune_replay] ep  22/300 | train loss=0.0004 top1=1.000 | val loss=0.3293 | t=0.1s
[finetune_replay] ep  23/300 | train loss=0.0011 top1=1.000 | val loss=0.3044 | t=0.1s
[finetune_replay] ep  24/300 | train loss=0.0006 top1=1.000 | val loss=0.2821 | t=0.1s
[finetune_replay] ep  25/300 | train loss=0.0008 top1=1.000 | val loss=0.2984 | t=0.1s
[finetune_replay] ep  26/300 | train loss=0.0006 top1=1.000 | val loss=0.3207 | t=0.1s
[finetune_replay] ep  27/300 | train loss=0.0007 top1=1.000 | val loss=0.3276 | t=0.1s
[finetune_replay] ep  28/300 | train loss=0.0005 top1=1.000 | val loss=0.3300 | t=0.1s
[finetune_replay] ep  29/300 | train loss=0.0005 top1=1.000 | val loss=0.3264 | t=0.1s
[finetune_replay] ep  30/300 | train loss=0.0005 top1=1.000 | val loss=0.3253 | t=0.1s
[finetune_replay] ep  31/300 | train loss=0.0004 top1=1.000 | val loss=0.3354 | t=0.1s
[finetune_replay] ep  32/300 | train loss=0.0005 top1=1.000 | val loss=0.3381 | t=0.1s
[finetune_replay] ep  33/300 | train loss=0.0004 top1=1.000 | val loss=0.3372 | t=0.1s
[finetune_replay] ep  34/300 | train loss=0.0004 top1=1.000 | val loss=0.3357 | t=0.1s
[finetune_replay] ep  35/300 | train loss=0.0003 top1=1.000 | val loss=0.3403 | t=0.1s
[finetune_replay] ep  36/300 | train loss=0.0003 top1=1.000 | val loss=0.3482 | t=0.1s
[finetune_replay] ep  37/300 | train loss=0.0004 top1=1.000 | val loss=0.3521 | t=0.1s
[finetune_replay] ep  38/300 | train loss=0.0004 top1=1.000 | val loss=0.3512 | t=0.1s
[finetune_replay] ep  39/300 | train loss=0.0005 top1=1.000 | val loss=0.3502 | t=0.1s
[finetune_replay] ep  40/300 | train loss=0.0002 top1=1.000 | val loss=0.3478 | t=0.1s
[finetune_replay] ep  41/300 | train loss=0.0004 top1=1.000 | val loss=0.3448 | t=0.1s
[finetune_replay] ep  42/300 | train loss=0.0003 top1=1.000 | val loss=0.3534 | t=0.1s
[finetune_replay] ep  43/300 | train loss=0.0003 top1=1.000 | val loss=0.3588 | t=0.1s
[finetune_replay] ep  44/300 | train loss=0.0003 top1=1.000 | val loss=0.3599 | t=0.1s
[finetune_replay] ep  45/300 | train loss=0.0003 top1=1.000 | val loss=0.3580 | t=0.1s
[finetune_replay] ep  46/300 | train loss=0.0003 top1=1.000 | val loss=0.3637 | t=0.1s
[finetune_replay] ep  47/300 | train loss=0.0003 top1=1.000 | val loss=0.3697 | t=0.1s
[finetune_replay] ep  48/300 | train loss=0.0002 top1=1.000 | val loss=0.3794 | t=0.1s
[finetune_replay] ep  49/300 | train loss=0.0003 top1=1.000 | val loss=0.3807 | t=0.1s
[finetune_replay] ep  50/300 | train loss=0.0004 top1=1.000 | val loss=0.3768 | t=0.1s
[finetune_replay] ep  51/300 | train loss=0.0002 top1=1.000 | val loss=0.3693 | t=0.1s
[finetune_replay] ep  52/300 | train loss=0.0003 top1=1.000 | val loss=0.3615 | t=0.1s
[finetune_replay] ep  53/300 | train loss=0.0002 top1=1.000 | val loss=0.3522 | t=0.1s
[finetune_replay] ep  54/300 | train loss=0.0003 top1=1.000 | val loss=0.3510 | t=0.1s
[finetune_replay] ep  55/300 | train loss=0.0002 top1=1.000 | val loss=0.3557 | t=0.1s
[finetune_replay] ep  56/300 | train loss=0.0002 top1=1.000 | val loss=0.3586 | t=0.1s
[finetune_replay] ep  57/300 | train loss=0.0002 top1=1.000 | val loss=0.3593 | t=0.1s
[finetune_replay] ep  58/300 | train loss=0.0003 top1=1.000 | val loss=0.3597 | t=0.1s
[finetune_replay] ep  59/300 | train loss=0.0002 top1=1.000 | val loss=0.3574 | t=0.1s
[finetune_replay] ep  60/300 | train loss=0.0002 top1=1.000 | val loss=0.3551 | t=0.1s
[finetune_replay] ep  61/300 | train loss=0.0002 top1=1.000 | val loss=0.3563 | t=0.1s
[finetune_replay] ep  62/300 | train loss=0.0002 top1=1.000 | val loss=0.3631 | t=0.1s
[finetune_replay] ep  63/300 | train loss=0.0002 top1=1.000 | val loss=0.3681 | t=0.1s
[finetune_replay] ep  64/300 | train loss=0.0002 top1=1.000 | val loss=0.3671 | t=0.1s
[finetune_replay] ep  65/300 | train loss=0.0003 top1=1.000 | val loss=0.3631 | t=0.1s
[finetune_replay] ep  66/300 | train loss=0.0002 top1=1.000 | val loss=0.3622 | t=0.1s
[finetune_replay] ep  67/300 | train loss=0.0002 top1=1.000 | val loss=0.3601 | t=0.1s
[finetune_replay] ep  68/300 | train loss=0.0002 top1=1.000 | val loss=0.3530 | t=0.1s
[finetune_replay] ep  69/300 | train loss=0.0002 top1=1.000 | val loss=0.3477 | t=0.1s
[finetune_replay] ep  70/300 | train loss=0.0002 top1=1.000 | val loss=0.3514 | t=0.1s
[finetune_replay] ep  71/300 | train loss=0.0002 top1=1.000 | val loss=0.3600 | t=0.1s
[finetune_replay] ep  72/300 | train loss=0.0003 top1=1.000 | val loss=0.3743 | t=0.1s
[finetune_replay] ep  73/300 | train loss=0.0003 top1=1.000 | val loss=0.3884 | t=0.1s
[finetune_replay] ep  74/300 | train loss=0.0002 top1=1.000 | val loss=0.3922 | t=0.1s
[finetune_replay] ep  75/300 | train loss=0.0002 top1=1.000 | val loss=0.3968 | t=0.1s
[finetune_replay] ep  76/300 | train loss=0.0002 top1=1.000 | val loss=0.3909 | t=0.1s
[finetune_replay] ep  77/300 | train loss=0.0002 top1=1.000 | val loss=0.3869 | t=0.1s
[finetune_replay] ep  78/300 | train loss=0.0002 top1=1.000 | val loss=0.3823 | t=0.1s
[finetune_replay] ep  79/300 | train loss=0.0002 top1=1.000 | val loss=0.3798 | t=0.1s
[finetune_replay] ep  80/300 | train loss=0.0001 top1=1.000 | val loss=0.3748 | t=0.1s
[finetune_replay] ep  81/300 | train loss=0.0002 top1=1.000 | val loss=0.3738 | t=0.1s
[finetune_replay] ep  82/300 | train loss=0.0002 top1=1.000 | val loss=0.3718 | t=0.1s
[finetune_replay] ep  83/300 | train loss=0.0002 top1=1.000 | val loss=0.3693 | t=0.1s
[finetune_replay] ep  84/300 | train loss=0.0002 top1=1.000 | val loss=0.3691 | t=0.1s
[finetune_replay] ep  85/300 | train loss=0.0001 top1=1.000 | val loss=0.3683 | t=0.1s
[finetune_replay] ep  86/300 | train loss=0.0002 top1=1.000 | val loss=0.3639 | t=0.1s
[finetune_replay] ep  87/300 | train loss=0.0002 top1=1.000 | val loss=0.3660 | t=0.1s
[finetune_replay] ep  88/300 | train loss=0.0002 top1=1.000 | val loss=0.3714 | t=0.1s
[finetune_replay] ep  89/300 | train loss=0.0002 top1=1.000 | val loss=0.3729 | t=0.1s
[finetune_replay] ep  90/300 | train loss=0.0001 top1=1.000 | val loss=0.3792 | t=0.1s
[finetune_replay] ep  91/300 | train loss=0.0002 top1=1.000 | val loss=0.3840 | t=0.1s
[finetune_replay] ep  92/300 | train loss=0.0002 top1=1.000 | val loss=0.3824 | t=0.1s
[finetune_replay] ep  93/300 | train loss=0.0002 top1=1.000 | val loss=0.3792 | t=0.1s
[finetune_replay] ep  94/300 | train loss=0.0002 top1=1.000 | val loss=0.3749 | t=0.1s
[finetune_replay] ep  95/300 | train loss=0.0001 top1=1.000 | val loss=0.3738 | t=0.1s
[finetune_replay] ep  96/300 | train loss=0.0001 top1=1.000 | val loss=0.3714 | t=0.1s
[finetune_replay] ep  97/300 | train loss=0.0002 top1=1.000 | val loss=0.3759 | t=0.1s
[finetune_replay] ep  98/300 | train loss=0.0002 top1=1.000 | val loss=0.3844 | t=0.1s
[finetune_replay] ep  99/300 | train loss=0.0001 top1=1.000 | val loss=0.3893 | t=0.1s
[finetune_replay] ep 100/300 | train loss=0.0001 top1=1.000 | val loss=0.3921 | t=0.1s
[finetune_replay] ep 101/300 | train loss=0.0002 top1=1.000 | val loss=0.3954 | t=0.1s
[finetune_replay] ep 102/300 | train loss=0.0001 top1=1.000 | val loss=0.3954 | t=0.1s
[finetune_replay] ep 103/300 | train loss=0.0002 top1=1.000 | val loss=0.3906 | t=0.1s
[finetune_replay] ep 104/300 | train loss=0.0001 top1=1.000 | val loss=0.3850 | t=0.1s
[finetune_replay] ep 105/300 | train loss=0.0001 top1=1.000 | val loss=0.3810 | t=0.1s
[finetune_replay] ep 106/300 | train loss=0.0002 top1=1.000 | val loss=0.3787 | t=0.1s
[finetune_replay] ep 107/300 | train loss=0.0001 top1=1.000 | val loss=0.3802 | t=0.1s
[finetune_replay] ep 108/300 | train loss=0.0001 top1=1.000 | val loss=0.3825 | t=0.1s
[finetune_replay] ep 109/300 | train loss=0.0001 top1=1.000 | val loss=0.3879 | t=0.1s
[finetune_replay] ep 110/300 | train loss=0.0002 top1=1.000 | val loss=0.3924 | t=0.1s
[finetune_replay] ep 111/300 | train loss=0.0001 top1=1.000 | val loss=0.3915 | t=0.1s
[finetune_replay] ep 112/300 | train loss=0.0001 top1=1.000 | val loss=0.3912 | t=0.1s
[finetune_replay] ep 113/300 | train loss=0.0001 top1=1.000 | val loss=0.3855 | t=0.1s
[finetune_replay] ep 114/300 | train loss=0.0002 top1=1.000 | val loss=0.3804 | t=0.1s
[finetune_replay] ep 115/300 | train loss=0.0002 top1=1.000 | val loss=0.3807 | t=0.1s
[finetune_replay] ep 116/300 | train loss=0.0001 top1=1.000 | val loss=0.3883 | t=0.1s
[finetune_replay] ep 117/300 | train loss=0.0002 top1=1.000 | val loss=0.3918 | t=0.1s
[finetune_replay] ep 118/300 | train loss=0.0001 top1=1.000 | val loss=0.3958 | t=0.1s
[finetune_replay] ep 119/300 | train loss=0.0001 top1=1.000 | val loss=0.3978 | t=0.1s
[finetune_replay] ep 120/300 | train loss=0.0002 top1=1.000 | val loss=0.3988 | t=0.1s
[finetune_replay] ep 121/300 | train loss=0.0001 top1=1.000 | val loss=0.3968 | t=0.1s
[finetune_replay] ep 122/300 | train loss=0.0001 top1=1.000 | val loss=0.3947 | t=0.1s
[finetune_replay] ep 123/300 | train loss=0.0001 top1=1.000 | val loss=0.3918 | t=0.1s
[finetune_replay] ep 124/300 | train loss=0.0002 top1=1.000 | val loss=0.3862 | t=0.1s
[finetune_replay] ep 125/300 | train loss=0.0001 top1=1.000 | val loss=0.3821 | t=0.1s
[finetune_replay] ep 126/300 | train loss=0.0001 top1=1.000 | val loss=0.3877 | t=0.1s
[finetune_replay] ep 127/300 | train loss=0.0001 top1=1.000 | val loss=0.3969 | t=0.1s
[finetune_replay] ep 128/300 | train loss=0.0001 top1=1.000 | val loss=0.3971 | t=0.1s
[finetune_replay] ep 129/300 | train loss=0.0001 top1=1.000 | val loss=0.4000 | t=0.1s
[finetune_replay] ep 130/300 | train loss=0.0001 top1=1.000 | val loss=0.4011 | t=0.1s
[finetune_replay] ep 131/300 | train loss=0.0001 top1=1.000 | val loss=0.3975 | t=0.1s
[finetune_replay] ep 132/300 | train loss=0.0001 top1=1.000 | val loss=0.3976 | t=0.1s
[finetune_replay] ep 133/300 | train loss=0.0001 top1=1.000 | val loss=0.3994 | t=0.1s
[finetune_replay] ep 134/300 | train loss=0.0001 top1=1.000 | val loss=0.4041 | t=0.1s
[finetune_replay] ep 135/300 | train loss=0.0001 top1=1.000 | val loss=0.4121 | t=0.1s
[finetune_replay] ep 136/300 | train loss=0.0001 top1=1.000 | val loss=0.4148 | t=0.1s
[finetune_replay] ep 137/300 | train loss=0.0001 top1=1.000 | val loss=0.4153 | t=0.1s
[finetune_replay] ep 138/300 | train loss=0.0001 top1=1.000 | val loss=0.4167 | t=0.1s
[finetune_replay] ep 139/300 | train loss=0.0001 top1=1.000 | val loss=0.4106 | t=0.1s
[finetune_replay] ep 140/300 | train loss=0.0001 top1=1.000 | val loss=0.4032 | t=0.1s
[finetune_replay] ep 141/300 | train loss=0.0001 top1=1.000 | val loss=0.3991 | t=0.1s
[finetune_replay] ep 142/300 | train loss=0.0002 top1=1.000 | val loss=0.3950 | t=0.1s
[finetune_replay] ep 143/300 | train loss=0.0001 top1=1.000 | val loss=0.3919 | t=0.1s
[finetune_replay] ep 144/300 | train loss=0.0001 top1=1.000 | val loss=0.3881 | t=0.1s
[finetune_replay] ep 145/300 | train loss=0.0001 top1=1.000 | val loss=0.3888 | t=0.1s
[finetune_replay] ep 146/300 | train loss=0.0001 top1=1.000 | val loss=0.3897 | t=0.1s
[finetune_replay] ep 147/300 | train loss=0.0001 top1=1.000 | val loss=0.3901 | t=0.1s
[finetune_replay] ep 148/300 | train loss=0.0001 top1=1.000 | val loss=0.3896 | t=0.1s
[finetune_replay] ep 149/300 | train loss=0.0001 top1=1.000 | val loss=0.3916 | t=0.1s
[finetune_replay] ep 150/300 | train loss=0.0001 top1=1.000 | val loss=0.3921 | t=0.1s
[finetune_replay] ep 151/300 | train loss=0.0001 top1=1.000 | val loss=0.3962 | t=0.1s
[finetune_replay] ep 152/300 | train loss=0.0001 top1=1.000 | val loss=0.4011 | t=0.1s
[finetune_replay] ep 153/300 | train loss=0.0001 top1=1.000 | val loss=0.4065 | t=0.1s
[finetune_replay] ep 154/300 | train loss=0.0001 top1=1.000 | val loss=0.4121 | t=0.1s
[finetune_replay] ep 155/300 | train loss=0.0001 top1=1.000 | val loss=0.4158 | t=0.1s
[finetune_replay] ep 156/300 | train loss=0.0001 top1=1.000 | val loss=0.4159 | t=0.1s
[finetune_replay] ep 157/300 | train loss=0.0001 top1=1.000 | val loss=0.4136 | t=0.1s
[finetune_replay] ep 158/300 | train loss=0.0001 top1=1.000 | val loss=0.4091 | t=0.1s
[finetune_replay] ep 159/300 | train loss=0.0001 top1=1.000 | val loss=0.4027 | t=0.1s
[finetune_replay] ep 160/300 | train loss=0.0001 top1=1.000 | val loss=0.3988 | t=0.1s
[finetune_replay] ep 161/300 | train loss=0.0001 top1=1.000 | val loss=0.3965 | t=0.1s
[finetune_replay] ep 162/300 | train loss=0.0001 top1=1.000 | val loss=0.3954 | t=0.1s
[finetune_replay] ep 163/300 | train loss=0.0001 top1=1.000 | val loss=0.3961 | t=0.1s
[finetune_replay] ep 164/300 | train loss=0.0001 top1=1.000 | val loss=0.4001 | t=0.1s
[finetune_replay] ep 165/300 | train loss=0.0001 top1=1.000 | val loss=0.4091 | t=0.1s
[finetune_replay] ep 166/300 | train loss=0.0001 top1=1.000 | val loss=0.4132 | t=0.1s
[finetune_replay] ep 167/300 | train loss=0.0001 top1=1.000 | val loss=0.4148 | t=0.1s
[finetune_replay] ep 168/300 | train loss=0.0001 top1=1.000 | val loss=0.4102 | t=0.1s
[finetune_replay] ep 169/300 | train loss=0.0001 top1=1.000 | val loss=0.4079 | t=0.1s
[finetune_replay] ep 170/300 | train loss=0.0001 top1=1.000 | val loss=0.4046 | t=0.1s
[finetune_replay] ep 171/300 | train loss=0.0001 top1=1.000 | val loss=0.3974 | t=0.1s
[finetune_replay] ep 172/300 | train loss=0.0001 top1=1.000 | val loss=0.3931 | t=0.1s
[finetune_replay] ep 173/300 | train loss=0.0001 top1=1.000 | val loss=0.3923 | t=0.1s
[finetune_replay] ep 174/300 | train loss=0.0001 top1=1.000 | val loss=0.3937 | t=0.1s
[finetune_replay] ep 175/300 | train loss=0.0001 top1=1.000 | val loss=0.3936 | t=0.1s
[finetune_replay] ep 176/300 | train loss=0.0001 top1=1.000 | val loss=0.3944 | t=0.1s
[finetune_replay] ep 177/300 | train loss=0.0001 top1=1.000 | val loss=0.3965 | t=0.1s
[finetune_replay] ep 178/300 | train loss=0.0001 top1=1.000 | val loss=0.3999 | t=0.1s
[finetune_replay] ep 179/300 | train loss=0.0001 top1=1.000 | val loss=0.3999 | t=0.1s
[finetune_replay] ep 180/300 | train loss=0.0001 top1=1.000 | val loss=0.3979 | t=0.1s
[finetune_replay] ep 181/300 | train loss=0.0001 top1=1.000 | val loss=0.3935 | t=0.1s
[finetune_replay] ep 182/300 | train loss=0.0001 top1=1.000 | val loss=0.3926 | t=0.1s
[finetune_replay] ep 183/300 | train loss=0.0001 top1=1.000 | val loss=0.3914 | t=0.1s
[finetune_replay] ep 184/300 | train loss=0.0001 top1=1.000 | val loss=0.3926 | t=0.1s
[finetune_replay] ep 185/300 | train loss=0.0001 top1=1.000 | val loss=0.3979 | t=0.1s
[finetune_replay] ep 186/300 | train loss=0.0001 top1=1.000 | val loss=0.4001 | t=0.1s
[finetune_replay] ep 187/300 | train loss=0.0001 top1=1.000 | val loss=0.4026 | t=0.1s
[finetune_replay] ep 188/300 | train loss=0.0001 top1=1.000 | val loss=0.4044 | t=0.1s
[finetune_replay] ep 189/300 | train loss=0.0001 top1=1.000 | val loss=0.4058 | t=0.1s
[finetune_replay] ep 190/300 | train loss=0.0001 top1=1.000 | val loss=0.4080 | t=0.1s
[finetune_replay] ep 191/300 | train loss=0.0001 top1=1.000 | val loss=0.4110 | t=0.1s
[finetune_replay] ep 192/300 | train loss=0.0001 top1=1.000 | val loss=0.4105 | t=0.1s
[finetune_replay] ep 193/300 | train loss=0.0001 top1=1.000 | val loss=0.4075 | t=0.1s
[finetune_replay] ep 194/300 | train loss=0.0001 top1=1.000 | val loss=0.4044 | t=0.1s
[finetune_replay] ep 195/300 | train loss=0.0001 top1=1.000 | val loss=0.4033 | t=0.1s
[finetune_replay] ep 196/300 | train loss=0.0001 top1=1.000 | val loss=0.3974 | t=0.1s
[finetune_replay] ep 197/300 | train loss=0.0001 top1=1.000 | val loss=0.3998 | t=0.1s
[finetune_replay] ep 198/300 | train loss=0.0001 top1=1.000 | val loss=0.4022 | t=0.1s
[finetune_replay] ep 199/300 | train loss=0.0001 top1=1.000 | val loss=0.4032 | t=0.1s
[finetune_replay] ep 200/300 | train loss=0.0001 top1=1.000 | val loss=0.4031 | t=0.1s
[finetune_replay] ep 201/300 | train loss=0.0001 top1=1.000 | val loss=0.4050 | t=0.1s
[finetune_replay] ep 202/300 | train loss=0.0001 top1=1.000 | val loss=0.4044 | t=0.1s
[finetune_replay] ep 203/300 | train loss=0.0001 top1=1.000 | val loss=0.4035 | t=0.1s
[finetune_replay] ep 204/300 | train loss=0.0001 top1=1.000 | val loss=0.4043 | t=0.1s
[finetune_replay] ep 205/300 | train loss=0.0001 top1=1.000 | val loss=0.4031 | t=0.1s
[finetune_replay] ep 206/300 | train loss=0.0001 top1=1.000 | val loss=0.4032 | t=0.1s
[finetune_replay] ep 207/300 | train loss=0.0001 top1=1.000 | val loss=0.4056 | t=0.1s
[finetune_replay] ep 208/300 | train loss=0.0001 top1=1.000 | val loss=0.4069 | t=0.1s
[finetune_replay] ep 209/300 | train loss=0.0001 top1=1.000 | val loss=0.4075 | t=0.1s
[finetune_replay] ep 210/300 | train loss=0.0001 top1=1.000 | val loss=0.4071 | t=0.1s
[finetune_replay] ep 211/300 | train loss=0.0001 top1=1.000 | val loss=0.4076 | t=0.1s
[finetune_replay] ep 212/300 | train loss=0.0001 top1=1.000 | val loss=0.4085 | t=0.1s
[finetune_replay] ep 213/300 | train loss=0.0001 top1=1.000 | val loss=0.4084 | t=0.1s
[finetune_replay] ep 214/300 | train loss=0.0001 top1=1.000 | val loss=0.4060 | t=0.1s
[finetune_replay] ep 215/300 | train loss=0.0001 top1=1.000 | val loss=0.4029 | t=0.1s
[finetune_replay] ep 216/300 | train loss=0.0001 top1=1.000 | val loss=0.4020 | t=0.1s
[finetune_replay] ep 217/300 | train loss=0.0001 top1=1.000 | val loss=0.4015 | t=0.1s
[finetune_replay] ep 218/300 | train loss=0.0001 top1=1.000 | val loss=0.4006 | t=0.1s
[finetune_replay] ep 219/300 | train loss=0.0001 top1=1.000 | val loss=0.3987 | t=0.1s
[finetune_replay] ep 220/300 | train loss=0.0001 top1=1.000 | val loss=0.3975 | t=0.1s
[finetune_replay] ep 221/300 | train loss=0.0001 top1=1.000 | val loss=0.3973 | t=0.1s
[finetune_replay] ep 222/300 | train loss=0.0001 top1=1.000 | val loss=0.3983 | t=0.1s
[finetune_replay] ep 223/300 | train loss=0.0001 top1=1.000 | val loss=0.4007 | t=0.1s
[finetune_replay] ep 224/300 | train loss=0.0001 top1=1.000 | val loss=0.4018 | t=0.1s
[finetune_replay] ep 225/300 | train loss=0.0001 top1=1.000 | val loss=0.4038 | t=0.1s
[finetune_replay] ep 226/300 | train loss=0.0001 top1=1.000 | val loss=0.4037 | t=0.1s
[finetune_replay] ep 227/300 | train loss=0.0001 top1=1.000 | val loss=0.4029 | t=0.1s
[finetune_replay] ep 228/300 | train loss=0.0001 top1=1.000 | val loss=0.4029 | t=0.1s
[finetune_replay] ep 229/300 | train loss=0.0001 top1=1.000 | val loss=0.4052 | t=0.1s
[finetune_replay] ep 230/300 | train loss=0.0001 top1=1.000 | val loss=0.4067 | t=0.1s
[finetune_replay] ep 231/300 | train loss=0.0001 top1=1.000 | val loss=0.4072 | t=0.1s
[finetune_replay] ep 232/300 | train loss=0.0001 top1=1.000 | val loss=0.4074 | t=0.1s
[finetune_replay] ep 233/300 | train loss=0.0001 top1=1.000 | val loss=0.4075 | t=0.1s
[finetune_replay] ep 234/300 | train loss=0.0001 top1=1.000 | val loss=0.4079 | t=0.1s
[finetune_replay] ep 235/300 | train loss=0.0001 top1=1.000 | val loss=0.4066 | t=0.1s
[finetune_replay] ep 236/300 | train loss=0.0001 top1=1.000 | val loss=0.4053 | t=0.1s
[finetune_replay] ep 237/300 | train loss=0.0001 top1=1.000 | val loss=0.4061 | t=0.1s
[finetune_replay] ep 238/300 | train loss=0.0001 top1=1.000 | val loss=0.4085 | t=0.1s
[finetune_replay] ep 239/300 | train loss=0.0001 top1=1.000 | val loss=0.4071 | t=0.1s
[finetune_replay] ep 240/300 | train loss=0.0001 top1=1.000 | val loss=0.4068 | t=0.1s
[finetune_replay] ep 241/300 | train loss=0.0001 top1=1.000 | val loss=0.4074 | t=0.1s
[finetune_replay] ep 242/300 | train loss=0.0001 top1=1.000 | val loss=0.4081 | t=0.1s
[finetune_replay] ep 243/300 | train loss=0.0001 top1=1.000 | val loss=0.4068 | t=0.1s
[finetune_replay] ep 244/300 | train loss=0.0001 top1=1.000 | val loss=0.4080 | t=0.1s
[finetune_replay] ep 245/300 | train loss=0.0001 top1=1.000 | val loss=0.4074 | t=0.1s
[finetune_replay] ep 246/300 | train loss=0.0001 top1=1.000 | val loss=0.4072 | t=0.1s
[finetune_replay] ep 247/300 | train loss=0.0001 top1=1.000 | val loss=0.4072 | t=0.1s
[finetune_replay] ep 248/300 | train loss=0.0001 top1=1.000 | val loss=0.4064 | t=0.1s
[finetune_replay] ep 249/300 | train loss=0.0001 top1=1.000 | val loss=0.4062 | t=0.1s
[finetune_replay] ep 250/300 | train loss=0.0001 top1=1.000 | val loss=0.4072 | t=0.1s
[finetune_replay] ep 251/300 | train loss=0.0001 top1=1.000 | val loss=0.4065 | t=0.1s
[finetune_replay] ep 252/300 | train loss=0.0001 top1=1.000 | val loss=0.4063 | t=0.1s
[finetune_replay] ep 253/300 | train loss=0.0001 top1=1.000 | val loss=0.4058 | t=0.1s
[finetune_replay] ep 254/300 | train loss=0.0001 top1=1.000 | val loss=0.4068 | t=0.1s
[finetune_replay] ep 255/300 | train loss=0.0001 top1=1.000 | val loss=0.4059 | t=0.1s
[finetune_replay] ep 256/300 | train loss=0.0001 top1=1.000 | val loss=0.4067 | t=0.1s
[finetune_replay] ep 257/300 | train loss=0.0001 top1=1.000 | val loss=0.4067 | t=0.1s
[finetune_replay] ep 258/300 | train loss=0.0001 top1=1.000 | val loss=0.4077 | t=0.1s
[finetune_replay] ep 259/300 | train loss=0.0001 top1=1.000 | val loss=0.4082 | t=0.1s
[finetune_replay] ep 260/300 | train loss=0.0001 top1=1.000 | val loss=0.4087 | t=0.1s
[finetune_replay] ep 261/300 | train loss=0.0001 top1=1.000 | val loss=0.4087 | t=0.1s
[finetune_replay] ep 262/300 | train loss=0.0001 top1=1.000 | val loss=0.4082 | t=0.1s
[finetune_replay] ep 263/300 | train loss=0.0001 top1=1.000 | val loss=0.4086 | t=0.1s
[finetune_replay] ep 264/300 | train loss=0.0001 top1=1.000 | val loss=0.4085 | t=0.1s
[finetune_replay] ep 265/300 | train loss=0.0001 top1=1.000 | val loss=0.4079 | t=0.1s
[finetune_replay] ep 266/300 | train loss=0.0001 top1=1.000 | val loss=0.4085 | t=0.1s
[finetune_replay] ep 267/300 | train loss=0.0001 top1=1.000 | val loss=0.4098 | t=0.1s
[finetune_replay] ep 268/300 | train loss=0.0001 top1=1.000 | val loss=0.4084 | t=0.1s
[finetune_replay] ep 269/300 | train loss=0.0001 top1=1.000 | val loss=0.4085 | t=0.1s
[finetune_replay] ep 270/300 | train loss=0.0001 top1=1.000 | val loss=0.4089 | t=0.1s
[finetune_replay] ep 271/300 | train loss=0.0001 top1=1.000 | val loss=0.4080 | t=0.1s
[finetune_replay] ep 272/300 | train loss=0.0001 top1=1.000 | val loss=0.4080 | t=0.1s
[finetune_replay] ep 273/300 | train loss=0.0001 top1=1.000 | val loss=0.4088 | t=0.1s
[finetune_replay] ep 274/300 | train loss=0.0001 top1=1.000 | val loss=0.4093 | t=0.1s
[finetune_replay] ep 275/300 | train loss=0.0001 top1=1.000 | val loss=0.4082 | t=0.1s
[finetune_replay] ep 276/300 | train loss=0.0001 top1=1.000 | val loss=0.4077 | t=0.1s
[finetune_replay] ep 277/300 | train loss=0.0001 top1=1.000 | val loss=0.4081 | t=0.1s
[finetune_replay] ep 278/300 | train loss=0.0001 top1=1.000 | val loss=0.4078 | t=0.1s
[finetune_replay] ep 279/300 | train loss=0.0001 top1=1.000 | val loss=0.4073 | t=0.1s
[finetune_replay] ep 280/300 | train loss=0.0001 top1=1.000 | val loss=0.4070 | t=0.1s
[finetune_replay] ep 281/300 | train loss=0.0001 top1=1.000 | val loss=0.4074 | t=0.1s
[finetune_replay] ep 282/300 | train loss=0.0001 top1=1.000 | val loss=0.4085 | t=0.1s
[finetune_replay] ep 283/300 | train loss=0.0001 top1=1.000 | val loss=0.4082 | t=0.1s
[finetune_replay] ep 284/300 | train loss=0.0001 top1=1.000 | val loss=0.4086 | t=0.1s
[finetune_replay] ep 285/300 | train loss=0.0001 top1=1.000 | val loss=0.4070 | t=0.1s
[finetune_replay] ep 286/300 | train loss=0.0001 top1=1.000 | val loss=0.4076 | t=0.1s
[finetune_replay] ep 287/300 | train loss=0.0001 top1=1.000 | val loss=0.4077 | t=0.1s
[finetune_replay] ep 288/300 | train loss=0.0001 top1=1.000 | val loss=0.4077 | t=0.1s
[finetune_replay] ep 289/300 | train loss=0.0001 top1=1.000 | val loss=0.4090 | t=0.1s
[finetune_replay] ep 290/300 | train loss=0.0001 top1=1.000 | val loss=0.4101 | t=0.1s
[finetune_replay] ep 291/300 | train loss=0.0001 top1=1.000 | val loss=0.4083 | t=0.1s
[finetune_replay] ep 292/300 | train loss=0.0001 top1=1.000 | val loss=0.4087 | t=0.1s
[finetune_replay] ep 293/300 | train loss=0.0001 top1=1.000 | val loss=0.4074 | t=0.1s
[finetune_replay] ep 294/300 | train loss=0.0001 top1=1.000 | val loss=0.4070 | t=0.1s
[finetune_replay] ep 295/300 | train loss=0.0001 top1=1.000 | val loss=0.4064 | t=0.1s
[finetune_replay] ep 296/300 | train loss=0.0001 top1=1.000 | val loss=0.4069 | t=0.1s
[finetune_replay] ep 297/300 | train loss=0.0001 top1=1.000 | val loss=0.4072 | t=0.1s
[finetune_replay] ep 298/300 | train loss=0.0001 top1=1.000 | val loss=0.4079 | t=0.1s
[finetune_replay] ep 299/300 | train loss=0.0001 top1=1.000 | val loss=0.4081 | t=0.1s
[finetune_replay] ep 300/300 | train loss=0.0001 top1=1.000 | val loss=0.4073 | t=0.1s
[finetune_replay] DONE best_val_loss=0.0347 @ epoch 2
[19:38:05] [bo-budget] $ /home/s226137394/.conda/envs/maze/bin/python3 -u -m Equivariant_pathway.equivariant_CNN_hybrid.rollout_test --checkpoint /weka/s226137394/DmNfull/Equivariant_pathway/equivariant_CNN_hybrid/baseline_vs_p4/pool_x_selector/results_hpsweep/e300_lr0.0001_rm0.7_do0/run_6/p4_top3_rotate/checkpoints/best_hybrid_policy.pth --layouts /weka/s226137394/DmNfull/Equivariant_pathway/equivariant_CNN_hybrid/baseline_vs_p4/shared/heldout_layouts.yaml --out_dir /weka/s226137394/DmNfull/Equivariant_pathway/equivariant_CNN_hybrid/baseline_vs_p4/pool_x_selector/results_hpsweep/e300_lr0.0001_rm0.7_do0/run_6/p4_top3_rotate/results/eval_round_004 --seed 10 --max_steps 60
[hybrid-rollout] 200 unique; running 200 eps
[hybrid-rollout] loaded /weka/s226137394/DmNfull/Equivariant_pathway/equivariant_CNN_hybrid/baseline_vs_p4/pool_x_selector/results_hpsweep/e300_lr0.0001_rm0.7_do0/run_6/p4_top3_rotate/checkpoints/best_hybrid_policy.pth
[hybrid-rollout] ep 0 (heldout_001): steps=5 success=True
[hybrid-rollout] ep 1 (heldout_002): steps=4 success=True
[hybrid-rollout] ep 2 (heldout_003): steps=60 success=False
[hybrid-rollout] ep 3 (heldout_004): steps=6 success=True
[hybrid-rollout] ep 4 (heldout_005): steps=5 success=True
[hybrid-rollout] ep 5 (heldout_006): steps=3 success=False
[hybrid-rollout] ep 6 (heldout_007): steps=60 success=False
[hybrid-rollout] ep 7 (heldout_008): steps=4 success=True
[hybrid-rollout] ep 8 (heldout_009): steps=2 success=False
[hybrid-rollout] ep 9 (heldout_010): steps=60 success=False
[hybrid-rollout] ep 10 (heldout_011): steps=4 success=True
[hybrid-rollout] ep 11 (heldout_012): steps=4 success=True
[hybrid-rollout] ep 12 (heldout_013): steps=60 success=False
[hybrid-rollout] ep 13 (heldout_014): steps=5 success=True
[hybrid-rollout] ep 14 (heldout_015): steps=4 success=True
[hybrid-rollout] ep 15 (heldout_016): steps=5 success=True
[hybrid-rollout] ep 16 (heldout_017): steps=4 success=True
[hybrid-rollout] ep 17 (heldout_018): steps=60 success=False
[hybrid-rollout] ep 18 (heldout_019): steps=60 success=False
[hybrid-rollout] ep 19 (heldout_020): steps=5 success=True
[hybrid-rollout] ep 20 (heldout_021): steps=4 success=True
[hybrid-rollout] ep 21 (heldout_022): steps=4 success=True
[hybrid-rollout] ep 22 (heldout_023): steps=60 success=False
[hybrid-rollout] ep 23 (heldout_024): steps=60 success=False
[hybrid-rollout] ep 24 (heldout_025): steps=4 success=True
[hybrid-rollout] ep 25 (heldout_026): steps=4 success=True
[hybrid-rollout] ep 26 (heldout_027): steps=4 success=True
[hybrid-rollout] ep 27 (heldout_028): steps=4 success=True
[hybrid-rollout] ep 28 (heldout_029): steps=60 success=False
[hybrid-rollout] ep 29 (heldout_030): steps=3 success=False
[hybrid-rollout] ep 30 (heldout_031): steps=60 success=False
[hybrid-rollout] ep 31 (heldout_032): steps=5 success=True
[hybrid-rollout] ep 32 (heldout_033): steps=4 success=True
[hybrid-rollout] ep 33 (heldout_034): steps=60 success=False
[hybrid-rollout] ep 34 (heldout_035): steps=60 success=False
[hybrid-rollout] ep 35 (heldout_036): steps=5 success=True
[hybrid-rollout] ep 36 (heldout_037): steps=4 success=True
[hybrid-rollout] ep 37 (heldout_038): steps=5 success=True
[hybrid-rollout] ep 38 (heldout_039): steps=6 success=True
[hybrid-rollout] ep 39 (heldout_040): steps=5 success=True
[hybrid-rollout] ep 40 (heldout_041): steps=6 success=True
[hybrid-rollout] ep 41 (heldout_042): steps=60 success=False
[hybrid-rollout] ep 42 (heldout_043): steps=4 success=True
[hybrid-rollout] ep 43 (heldout_044): steps=60 success=False
[hybrid-rollout] ep 44 (heldout_045): steps=5 success=True
[hybrid-rollout] ep 45 (heldout_046): steps=4 success=True
[hybrid-rollout] ep 46 (heldout_047): steps=60 success=False
[hybrid-rollout] ep 47 (heldout_048): steps=6 success=True
[hybrid-rollout] ep 48 (heldout_049): steps=60 success=False
[hybrid-rollout] ep 49 (heldout_050): steps=60 success=False
[hybrid-rollout] ep 50 (heldout_051): steps=4 success=True
[hybrid-rollout] ep 51 (heldout_052): steps=4 success=True
[hybrid-rollout] ep 52 (heldout_053): steps=6 success=True
[hybrid-rollout] ep 53 (heldout_054): steps=60 success=False
[hybrid-rollout] ep 54 (heldout_055): steps=60 success=False
[hybrid-rollout] ep 55 (heldout_056): steps=4 success=True
[hybrid-rollout] ep 56 (heldout_057): steps=2 success=False
[hybrid-rollout] ep 57 (heldout_058): steps=4 success=True
[hybrid-rollout] ep 58 (heldout_059): steps=5 success=True
[hybrid-rollout] ep 59 (heldout_060): steps=6 success=True
[hybrid-rollout] ep 60 (heldout_061): steps=5 success=True
[hybrid-rollout] ep 61 (heldout_062): steps=6 success=True
[hybrid-rollout] ep 62 (heldout_063): steps=5 success=True
[hybrid-rollout] ep 63 (heldout_064): steps=4 success=True
[hybrid-rollout] ep 64 (heldout_065): steps=7 success=True
[hybrid-rollout] ep 65 (heldout_066): steps=6 success=True
[hybrid-rollout] ep 66 (heldout_067): steps=5 success=True
[hybrid-rollout] ep 67 (heldout_068): steps=4 success=True
[hybrid-rollout] ep 68 (heldout_069): steps=60 success=False
[hybrid-rollout] ep 69 (heldout_070): steps=7 success=True
[hybrid-rollout] ep 70 (heldout_071): steps=5 success=True
[hybrid-rollout] ep 71 (heldout_072): steps=5 success=True
[hybrid-rollout] ep 72 (heldout_073): steps=3 success=False
[hybrid-rollout] ep 73 (heldout_074): steps=4 success=True
[hybrid-rollout] ep 74 (heldout_075): steps=5 success=True
[hybrid-rollout] ep 75 (heldout_076): steps=60 success=False
[hybrid-rollout] ep 76 (heldout_077): steps=4 success=True
[hybrid-rollout] ep 77 (heldout_078): steps=3 success=False
[hybrid-rollout] ep 78 (heldout_079): steps=4 success=True
[hybrid-rollout] ep 79 (heldout_080): steps=4 success=True
[hybrid-rollout] ep 80 (heldout_081): steps=60 success=False
[hybrid-rollout] ep 81 (heldout_082): steps=60 success=False
[hybrid-rollout] ep 82 (heldout_083): steps=60 success=False
[hybrid-rollout] ep 83 (heldout_084): steps=5 success=True
[hybrid-rollout] ep 84 (heldout_085): steps=60 success=False
[hybrid-rollout] ep 85 (heldout_086): steps=6 success=True
[hybrid-rollout] ep 86 (heldout_087): steps=60 success=False
[hybrid-rollout] ep 87 (heldout_088): steps=4 success=True
[hybrid-rollout] ep 88 (heldout_089): steps=3 success=False
[hybrid-rollout] ep 89 (heldout_090): steps=4 success=True
[hybrid-rollout] ep 90 (heldout_091): steps=4 success=False
[hybrid-rollout] ep 91 (heldout_092): steps=5 success=True
[hybrid-rollout] ep 92 (heldout_093): steps=6 success=True
[hybrid-rollout] ep 93 (heldout_094): steps=6 success=True
[hybrid-rollout] ep 94 (heldout_095): steps=7 success=True
[hybrid-rollout] ep 95 (heldout_096): steps=5 success=True
[hybrid-rollout] ep 96 (heldout_097): steps=5 success=True
[hybrid-rollout] ep 97 (heldout_098): steps=5 success=True
[hybrid-rollout] ep 98 (heldout_099): steps=60 success=False
[hybrid-rollout] ep 99 (heldout_100): steps=60 success=False
[hybrid-rollout] ep 100 (heldout_101): steps=4 success=True
[hybrid-rollout] ep 101 (heldout_102): steps=4 success=True
[hybrid-rollout] ep 102 (heldout_103): steps=60 success=False
[hybrid-rollout] ep 103 (heldout_104): steps=6 success=True
[hybrid-rollout] ep 104 (heldout_105): steps=60 success=False
[hybrid-rollout] ep 105 (heldout_106): steps=60 success=False
[hybrid-rollout] ep 106 (heldout_107): steps=4 success=True
[hybrid-rollout] ep 107 (heldout_108): steps=4 success=True
[hybrid-rollout] ep 108 (heldout_109): steps=4 success=True
[hybrid-rollout] ep 109 (heldout_110): steps=4 success=True
[hybrid-rollout] ep 110 (heldout_111): steps=60 success=False
[hybrid-rollout] ep 111 (heldout_112): steps=60 success=False
[hybrid-rollout] ep 112 (heldout_113): steps=5 success=True
[hybrid-rollout] ep 113 (heldout_114): steps=4 success=True
[hybrid-rollout] ep 114 (heldout_115): steps=4 success=True
[hybrid-rollout] ep 115 (heldout_116): steps=5 success=True
[hybrid-rollout] ep 116 (heldout_117): steps=60 success=False
[hybrid-rollout] ep 117 (heldout_118): steps=7 success=True
[hybrid-rollout] ep 118 (heldout_119): steps=4 success=True
[hybrid-rollout] ep 119 (heldout_120): steps=60 success=False
[hybrid-rollout] ep 120 (heldout_121): steps=4 success=True
[hybrid-rollout] ep 121 (heldout_122): steps=4 success=True
[hybrid-rollout] ep 122 (heldout_123): steps=60 success=False
[hybrid-rollout] ep 123 (heldout_124): steps=8 success=True
[hybrid-rollout] ep 124 (heldout_125): steps=4 success=True
[hybrid-rollout] ep 125 (heldout_126): steps=60 success=False
[hybrid-rollout] ep 126 (heldout_127): steps=60 success=False
[hybrid-rollout] ep 127 (heldout_128): steps=60 success=False
[hybrid-rollout] ep 128 (heldout_129): steps=60 success=False
[hybrid-rollout] ep 129 (heldout_130): steps=4 success=True
[hybrid-rollout] ep 130 (heldout_131): steps=60 success=False
[hybrid-rollout] ep 131 (heldout_132): steps=4 success=True
[hybrid-rollout] ep 132 (heldout_133): steps=4 success=True
[hybrid-rollout] ep 133 (heldout_134): steps=60 success=False
[hybrid-rollout] ep 134 (heldout_135): steps=6 success=True
[hybrid-rollout] ep 135 (heldout_136): steps=5 success=True
[hybrid-rollout] ep 136 (heldout_137): steps=60 success=False
[hybrid-rollout] ep 137 (heldout_138): steps=4 success=True
[hybrid-rollout] ep 138 (heldout_139): steps=4 success=True
[hybrid-rollout] ep 139 (heldout_140): steps=60 success=False
[hybrid-rollout] ep 140 (heldout_141): steps=60 success=False
[hybrid-rollout] ep 141 (heldout_142): steps=4 success=True
[hybrid-rollout] ep 142 (heldout_143): steps=6 success=True
[hybrid-rollout] ep 143 (heldout_144): steps=4 success=True
[hybrid-rollout] ep 144 (heldout_145): steps=5 success=True
[hybrid-rollout] ep 145 (heldout_146): steps=60 success=False
[hybrid-rollout] ep 146 (heldout_147): steps=4 success=True
[hybrid-rollout] ep 147 (heldout_148): steps=60 success=False
[hybrid-rollout] ep 148 (heldout_149): steps=5 success=True
[hybrid-rollout] ep 149 (heldout_150): steps=4 success=True
[hybrid-rollout] ep 150 (heldout_151): steps=5 success=True
[hybrid-rollout] ep 151 (heldout_152): steps=5 success=False
[hybrid-rollout] ep 152 (heldout_153): steps=5 success=True
[hybrid-rollout] ep 153 (heldout_154): steps=60 success=False
[hybrid-rollout] ep 154 (heldout_155): steps=60 success=False
[hybrid-rollout] ep 155 (heldout_156): steps=60 success=False
[hybrid-rollout] ep 156 (heldout_157): steps=4 success=True
[hybrid-rollout] ep 157 (heldout_158): steps=3 success=False
[hybrid-rollout] ep 158 (heldout_159): steps=6 success=True
[hybrid-rollout] ep 159 (heldout_160): steps=60 success=False
[hybrid-rollout] ep 160 (heldout_161): steps=60 success=False
[hybrid-rollout] ep 161 (heldout_162): steps=5 success=True
[hybrid-rollout] ep 162 (heldout_163): steps=4 success=True
[hybrid-rollout] ep 163 (heldout_164): steps=60 success=False
[hybrid-rollout] ep 164 (heldout_165): steps=5 success=True
[hybrid-rollout] ep 165 (heldout_166): steps=4 success=True
[hybrid-rollout] ep 166 (heldout_167): steps=60 success=False
[hybrid-rollout] ep 167 (heldout_168): steps=4 success=True
[hybrid-rollout] ep 168 (heldout_169): steps=4 success=False
[hybrid-rollout] ep 169 (heldout_170): steps=5 success=False
[hybrid-rollout] ep 170 (heldout_171): steps=60 success=False
[hybrid-rollout] ep 171 (heldout_172): steps=5 success=True
[hybrid-rollout] ep 172 (heldout_173): steps=4 success=True
[hybrid-rollout] ep 173 (heldout_174): steps=5 success=True
[hybrid-rollout] ep 174 (heldout_175): steps=7 success=True
[hybrid-rollout] ep 175 (heldout_176): steps=6 success=True
[hybrid-rollout] ep 176 (heldout_177): steps=6 success=True
[hybrid-rollout] ep 177 (heldout_178): steps=60 success=False
[hybrid-rollout] ep 178 (heldout_179): steps=5 success=True
[hybrid-rollout] ep 179 (heldout_180): steps=4 success=True
[hybrid-rollout] ep 180 (heldout_181): steps=5 success=True
[hybrid-rollout] ep 181 (heldout_182): steps=4 success=True
[hybrid-rollout] ep 182 (heldout_183): steps=5 success=True
[hybrid-rollout] ep 183 (heldout_184): steps=7 success=True
[hybrid-rollout] ep 184 (heldout_185): steps=60 success=False
[hybrid-rollout] ep 185 (heldout_186): steps=4 success=True
[hybrid-rollout] ep 186 (heldout_187): steps=5 success=True
[hybrid-rollout] ep 187 (heldout_188): steps=5 success=True
[hybrid-rollout] ep 188 (heldout_189): steps=60 success=False
[hybrid-rollout] ep 189 (heldout_190): steps=7 success=True
[hybrid-rollout] ep 190 (heldout_191): steps=4 success=True
[hybrid-rollout] ep 191 (heldout_192): steps=5 success=True
[hybrid-rollout] ep 192 (heldout_193): steps=7 success=True
[hybrid-rollout] ep 193 (heldout_194): steps=6 success=True
[hybrid-rollout] ep 194 (heldout_195): steps=5 success=True
[hybrid-rollout] ep 195 (heldout_196): steps=60 success=False
[hybrid-rollout] ep 196 (heldout_197): steps=5 success=True
[hybrid-rollout] ep 197 (heldout_198): steps=60 success=False
[hybrid-rollout] ep 198 (heldout_199): steps=60 success=False
[hybrid-rollout] ep 199 (heldout_200): steps=4 success=True
[hybrid-rollout] DONE successes=127/200
[19:40:00] [replay_p4] run 6 round 4: extras=4 heldout_sr=0.635
[19:40:00] [replay_p4] $ /home/s226137394/.conda/envs/maze/bin/python3 -u -m Equivariant_pathway.equivariant_CNN_hybrid.baseline_vs_p4.pool_x_selector.trainer.finetune_replay --demo_dir /weka/s226137394/DmNfull/Equivariant_pathway/equivariant_CNN_hybrid/baseline_vs_p4/pool_x_selector/results_hpsweep/e300_lr0.0001_rm0.7_do0/run_6/p4_top3_rotate/demos --checkpoint_dir /weka/s226137394/DmNfull/Equivariant_pathway/equivariant_CNN_hybrid/baseline_vs_p4/pool_x_selector/results_hpsweep/e300_lr0.0001_rm0.7_do0/run_6/p4_top3_rotate/checkpoints --epochs 300 --batch_size 64 --lr 0.0001 --weight_decay 0.0001 --replay_mix 0.7 --replay_mix_floor 0.2 --head_dropout 0.0 --seed 6 --resume --new_demos_dir /weka/s226137394/DmNfull/Equivariant_pathway/equivariant_CNN_hybrid/baseline_vs_p4/pool_x_selector/results_hpsweep/e300_lr0.0001_rm0.7_do0/run_6/p4_top3_rotate/demos/round_005
[finetune_replay] device=cuda demo_dir=/weka/s226137394/DmNfull/Equivariant_pathway/equivariant_CNN_hybrid/baseline_vs_p4/pool_x_selector/results_hpsweep/e300_lr0.0001_rm0.7_do0/run_6/p4_top3_rotate/demos new_demos_dir=/weka/s226137394/DmNfull/Equivariant_pathway/equivariant_CNN_hybrid/baseline_vs_p4/pool_x_selector/results_hpsweep/e300_lr0.0001_rm0.7_do0/run_6/p4_top3_rotate/demos/round_005
[hybrid-dataset] 24 demos -> 125 samples
[hybrid-dataset] 1 demos -> 8 samples
[finetune_replay] sampler audit: {'n_old_samples': 125, 'n_new_samples': 8, 'replay_mix_target': 0.7, 'replay_mix_effective': 0.7, 'replay_mix_floor': 0.2}
[finetune_replay] trainable params: 1,400,028
[finetune_replay] WARM START from last_hybrid_policy.pth
[finetune_replay] ep   1/300 | train loss=0.5121 top1=0.908 | val loss=0.5213 | t=0.8s  *
[finetune_replay] ep   2/300 | train loss=0.2910 top1=0.967 | val loss=0.0103 | t=0.1s  *
[finetune_replay] ep   3/300 | train loss=0.0826 top1=0.992 | val loss=0.0463 | t=0.1s
[finetune_replay] ep   4/300 | train loss=0.0417 top1=1.000 | val loss=0.0144 | t=0.1s
[finetune_replay] ep   5/300 | train loss=0.0194 top1=1.000 | val loss=0.0023 | t=0.1s  *
[finetune_replay] ep   6/300 | train loss=0.0131 top1=1.000 | val loss=0.0374 | t=0.1s
[finetune_replay] ep   7/300 | train loss=0.0079 top1=1.000 | val loss=0.1131 | t=0.1s
[finetune_replay] ep   8/300 | train loss=0.0029 top1=1.000 | val loss=0.0681 | t=0.1s
[finetune_replay] ep   9/300 | train loss=0.0039 top1=1.000 | val loss=0.0379 | t=0.2s
[finetune_replay] ep  10/300 | train loss=0.0028 top1=1.000 | val loss=0.0222 | t=0.1s
[finetune_replay] ep  11/300 | train loss=0.0020 top1=1.000 | val loss=0.0216 | t=0.1s
[finetune_replay] ep  12/300 | train loss=0.0023 top1=1.000 | val loss=0.0289 | t=0.2s
[finetune_replay] ep  13/300 | train loss=0.0020 top1=1.000 | val loss=0.0430 | t=0.1s
[finetune_replay] ep  14/300 | train loss=0.0012 top1=1.000 | val loss=0.0525 | t=0.1s
[finetune_replay] ep  15/300 | train loss=0.0009 top1=1.000 | val loss=0.0611 | t=0.1s
[finetune_replay] ep  16/300 | train loss=0.0008 top1=1.000 | val loss=0.0660 | t=0.1s
[finetune_replay] ep  17/300 | train loss=0.0013 top1=1.000 | val loss=0.0529 | t=0.1s
[finetune_replay] ep  18/300 | train loss=0.0009 top1=1.000 | val loss=0.0435 | t=0.2s
[finetune_replay] ep  19/300 | train loss=0.0008 top1=1.000 | val loss=0.0401 | t=0.1s
[finetune_replay] ep  20/300 | train loss=0.0006 top1=1.000 | val loss=0.0390 | t=0.1s
[finetune_replay] ep  21/300 | train loss=0.0008 top1=1.000 | val loss=0.0354 | t=0.1s
[finetune_replay] ep  22/300 | train loss=0.0007 top1=1.000 | val loss=0.0322 | t=0.2s
[finetune_replay] ep  23/300 | train loss=0.0006 top1=1.000 | val loss=0.0324 | t=0.2s
[finetune_replay] ep  24/300 | train loss=0.0005 top1=1.000 | val loss=0.0332 | t=0.1s
[finetune_replay] ep  25/300 | train loss=0.0005 top1=1.000 | val loss=0.0374 | t=0.1s
[finetune_replay] ep  26/300 | train loss=0.0004 top1=1.000 | val loss=0.0435 | t=0.2s
[finetune_replay] ep  27/300 | train loss=0.0005 top1=1.000 | val loss=0.0479 | t=0.1s
[finetune_replay] ep  28/300 | train loss=0.0005 top1=1.000 | val loss=0.0472 | t=0.1s
[finetune_replay] ep  29/300 | train loss=0.0004 top1=1.000 | val loss=0.0458 | t=0.1s
[finetune_replay] ep  30/300 | train loss=0.0004 top1=1.000 | val loss=0.0423 | t=0.1s
[finetune_replay] ep  31/300 | train loss=0.0004 top1=1.000 | val loss=0.0384 | t=0.1s
[finetune_replay] ep  32/300 | train loss=0.0003 top1=1.000 | val loss=0.0363 | t=0.1s
[finetune_replay] ep  33/300 | train loss=0.0004 top1=1.000 | val loss=0.0363 | t=0.1s
[finetune_replay] ep  34/300 | train loss=0.0004 top1=1.000 | val loss=0.0386 | t=0.1s
[finetune_replay] ep  35/300 | train loss=0.0004 top1=1.000 | val loss=0.0414 | t=0.1s
[finetune_replay] ep  36/300 | train loss=0.0003 top1=1.000 | val loss=0.0418 | t=0.1s
[finetune_replay] ep  37/300 | train loss=0.0003 top1=1.000 | val loss=0.0435 | t=0.1s
[finetune_replay] ep  38/300 | train loss=0.0003 top1=1.000 | val loss=0.0434 | t=0.1s
[finetune_replay] ep  39/300 | train loss=0.0004 top1=1.000 | val loss=0.0440 | t=0.1s
[finetune_replay] ep  40/300 | train loss=0.0003 top1=1.000 | val loss=0.0419 | t=0.1s
[finetune_replay] ep  41/300 | train loss=0.0003 top1=1.000 | val loss=0.0404 | t=0.1s
[finetune_replay] ep  42/300 | train loss=0.0003 top1=1.000 | val loss=0.0391 | t=0.1s
[finetune_replay] ep  43/300 | train loss=0.0003 top1=1.000 | val loss=0.0390 | t=0.1s
[finetune_replay] ep  44/300 | train loss=0.0003 top1=1.000 | val loss=0.0388 | t=0.1s
[finetune_replay] ep  45/300 | train loss=0.0003 top1=1.000 | val loss=0.0384 | t=0.1s
[finetune_replay] ep  46/300 | train loss=0.0003 top1=1.000 | val loss=0.0382 | t=0.1s
[finetune_replay] ep  47/300 | train loss=0.0003 top1=1.000 | val loss=0.0375 | t=0.1s
[finetune_replay] ep  48/300 | train loss=0.0003 top1=1.000 | val loss=0.0380 | t=0.1s
[finetune_replay] ep  49/300 | train loss=0.0003 top1=1.000 | val loss=0.0385 | t=0.1s
[finetune_replay] ep  50/300 | train loss=0.0003 top1=1.000 | val loss=0.0384 | t=0.1s
[finetune_replay] ep  51/300 | train loss=0.0003 top1=1.000 | val loss=0.0388 | t=0.1s
[finetune_replay] ep  52/300 | train loss=0.0003 top1=1.000 | val loss=0.0394 | t=0.1s
[finetune_replay] ep  53/300 | train loss=0.0002 top1=1.000 | val loss=0.0397 | t=0.1s
[finetune_replay] ep  54/300 | train loss=0.0002 top1=1.000 | val loss=0.0399 | t=0.1s
[finetune_replay] ep  55/300 | train loss=0.0002 top1=1.000 | val loss=0.0406 | t=0.1s
[finetune_replay] ep  56/300 | train loss=0.0002 top1=1.000 | val loss=0.0408 | t=0.1s
[finetune_replay] ep  57/300 | train loss=0.0002 top1=1.000 | val loss=0.0403 | t=0.1s
[finetune_replay] ep  58/300 | train loss=0.0002 top1=1.000 | val loss=0.0397 | t=0.1s
[finetune_replay] ep  59/300 | train loss=0.0002 top1=1.000 | val loss=0.0413 | t=0.1s
[finetune_replay] ep  60/300 | train loss=0.0002 top1=1.000 | val loss=0.0409 | t=0.1s
[finetune_replay] ep  61/300 | train loss=0.0002 top1=1.000 | val loss=0.0401 | t=0.1s
[finetune_replay] ep  62/300 | train loss=0.0002 top1=1.000 | val loss=0.0410 | t=0.1s
[finetune_replay] ep  63/300 | train loss=0.0002 top1=1.000 | val loss=0.0427 | t=0.1s
[finetune_replay] ep  64/300 | train loss=0.0002 top1=1.000 | val loss=0.0414 | t=0.1s
[finetune_replay] ep  65/300 | train loss=0.0002 top1=1.000 | val loss=0.0409 | t=0.1s
[finetune_replay] ep  66/300 | train loss=0.0002 top1=1.000 | val loss=0.0398 | t=0.1s
[finetune_replay] ep  67/300 | train loss=0.0002 top1=1.000 | val loss=0.0392 | t=0.1s
[finetune_replay] ep  68/300 | train loss=0.0002 top1=1.000 | val loss=0.0401 | t=0.1s
[finetune_replay] ep  69/300 | train loss=0.0002 top1=1.000 | val loss=0.0421 | t=0.1s
[finetune_replay] ep  70/300 | train loss=0.0002 top1=1.000 | val loss=0.0423 | t=0.1s
[finetune_replay] ep  71/300 | train loss=0.0002 top1=1.000 | val loss=0.0420 | t=0.1s
[finetune_replay] ep  72/300 | train loss=0.0002 top1=1.000 | val loss=0.0434 | t=0.1s
[finetune_replay] ep  73/300 | train loss=0.0002 top1=1.000 | val loss=0.0443 | t=0.1s
[finetune_replay] ep  74/300 | train loss=0.0002 top1=1.000 | val loss=0.0432 | t=0.1s
[finetune_replay] ep  75/300 | train loss=0.0002 top1=1.000 | val loss=0.0407 | t=0.1s
[finetune_replay] ep  76/300 | train loss=0.0002 top1=1.000 | val loss=0.0384 | t=0.1s
[finetune_replay] ep  77/300 | train loss=0.0002 top1=1.000 | val loss=0.0366 | t=0.1s
[finetune_replay] ep  78/300 | train loss=0.0001 top1=1.000 | val loss=0.0367 | t=0.1s
[finetune_replay] ep  79/300 | train loss=0.0002 top1=1.000 | val loss=0.0359 | t=0.1s
[finetune_replay] ep  80/300 | train loss=0.0001 top1=1.000 | val loss=0.0381 | t=0.1s
[finetune_replay] ep  81/300 | train loss=0.0002 top1=1.000 | val loss=0.0391 | t=0.1s
[finetune_replay] ep  82/300 | train loss=0.0002 top1=1.000 | val loss=0.0411 | t=0.1s
[finetune_replay] ep  83/300 | train loss=0.0001 top1=1.000 | val loss=0.0425 | t=0.1s
[finetune_replay] ep  84/300 | train loss=0.0001 top1=1.000 | val loss=0.0431 | t=0.1s
[finetune_replay] ep  85/300 | train loss=0.0002 top1=1.000 | val loss=0.0423 | t=0.1s
[finetune_replay] ep  86/300 | train loss=0.0002 top1=1.000 | val loss=0.0426 | t=0.1s
[finetune_replay] ep  87/300 | train loss=0.0002 top1=1.000 | val loss=0.0417 | t=0.1s
[finetune_replay] ep  88/300 | train loss=0.0002 top1=1.000 | val loss=0.0416 | t=0.1s
[finetune_replay] ep  89/300 | train loss=0.0002 top1=1.000 | val loss=0.0401 | t=0.1s
[finetune_replay] ep  90/300 | train loss=0.0001 top1=1.000 | val loss=0.0377 | t=0.1s
[finetune_replay] ep  91/300 | train loss=0.0001 top1=1.000 | val loss=0.0367 | t=0.1s
[finetune_replay] ep  92/300 | train loss=0.0002 top1=1.000 | val loss=0.0365 | t=0.1s
[finetune_replay] ep  93/300 | train loss=0.0002 top1=1.000 | val loss=0.0363 | t=0.1s
[finetune_replay] ep  94/300 | train loss=0.0002 top1=1.000 | val loss=0.0379 | t=0.1s
[finetune_replay] ep  95/300 | train loss=0.0002 top1=1.000 | val loss=0.0403 | t=0.1s
[finetune_replay] ep  96/300 | train loss=0.0001 top1=1.000 | val loss=0.0405 | t=0.1s
[finetune_replay] ep  97/300 | train loss=0.0001 top1=1.000 | val loss=0.0415 | t=0.1s
[finetune_replay] ep  98/300 | train loss=0.0002 top1=1.000 | val loss=0.0416 | t=0.1s
[finetune_replay] ep  99/300 | train loss=0.0002 top1=1.000 | val loss=0.0413 | t=0.1s
[finetune_replay] ep 100/300 | train loss=0.0001 top1=1.000 | val loss=0.0414 | t=0.1s
[finetune_replay] ep 101/300 | train loss=0.0002 top1=1.000 | val loss=0.0407 | t=0.1s
[finetune_replay] ep 102/300 | train loss=0.0001 top1=1.000 | val loss=0.0411 | t=0.1s
[finetune_replay] ep 103/300 | train loss=0.0001 top1=1.000 | val loss=0.0406 | t=0.1s
[finetune_replay] ep 104/300 | train loss=0.0001 top1=1.000 | val loss=0.0399 | t=0.1s
[finetune_replay] ep 105/300 | train loss=0.0001 top1=1.000 | val loss=0.0381 | t=0.1s
[finetune_replay] ep 106/300 | train loss=0.0001 top1=1.000 | val loss=0.0366 | t=0.1s
[finetune_replay] ep 107/300 | train loss=0.0001 top1=1.000 | val loss=0.0372 | t=0.1s
[finetune_replay] ep 108/300 | train loss=0.0001 top1=1.000 | val loss=0.0365 | t=0.1s
[finetune_replay] ep 109/300 | train loss=0.0001 top1=1.000 | val loss=0.0364 | t=0.1s
[finetune_replay] ep 110/300 | train loss=0.0001 top1=1.000 | val loss=0.0369 | t=0.1s
[finetune_replay] ep 111/300 | train loss=0.0001 top1=1.000 | val loss=0.0381 | t=0.1s
[finetune_replay] ep 112/300 | train loss=0.0001 top1=1.000 | val loss=0.0401 | t=0.1s
[finetune_replay] ep 113/300 | train loss=0.0001 top1=1.000 | val loss=0.0425 | t=0.1s
[finetune_replay] ep 114/300 | train loss=0.0001 top1=1.000 | val loss=0.0444 | t=0.1s
[finetune_replay] ep 115/300 | train loss=0.0001 top1=1.000 | val loss=0.0442 | t=0.1s
[finetune_replay] ep 116/300 | train loss=0.0001 top1=1.000 | val loss=0.0430 | t=0.1s
[finetune_replay] ep 117/300 | train loss=0.0001 top1=1.000 | val loss=0.0431 | t=0.1s
[finetune_replay] ep 118/300 | train loss=0.0001 top1=1.000 | val loss=0.0431 | t=0.1s
[finetune_replay] ep 119/300 | train loss=0.0001 top1=1.000 | val loss=0.0426 | t=0.1s
[finetune_replay] ep 120/300 | train loss=0.0001 top1=1.000 | val loss=0.0428 | t=0.1s
[finetune_replay] ep 121/300 | train loss=0.0001 top1=1.000 | val loss=0.0421 | t=0.1s
[finetune_replay] ep 122/300 | train loss=0.0001 top1=1.000 | val loss=0.0406 | t=0.1s
[finetune_replay] ep 123/300 | train loss=0.0001 top1=1.000 | val loss=0.0398 | t=0.1s
[finetune_replay] ep 124/300 | train loss=0.0001 top1=1.000 | val loss=0.0391 | t=0.1s
[finetune_replay] ep 125/300 | train loss=0.0001 top1=1.000 | val loss=0.0384 | t=0.1s
[finetune_replay] ep 126/300 | train loss=0.0001 top1=1.000 | val loss=0.0382 | t=0.1s
[finetune_replay] ep 127/300 | train loss=0.0001 top1=1.000 | val loss=0.0385 | t=0.1s
[finetune_replay] ep 128/300 | train loss=0.0001 top1=1.000 | val loss=0.0387 | t=0.1s
[finetune_replay] ep 129/300 | train loss=0.0001 top1=1.000 | val loss=0.0380 | t=0.1s
[finetune_replay] ep 130/300 | train loss=0.0001 top1=1.000 | val loss=0.0378 | t=0.1s
[finetune_replay] ep 131/300 | train loss=0.0001 top1=1.000 | val loss=0.0374 | t=0.1s
[finetune_replay] ep 132/300 | train loss=0.0001 top1=1.000 | val loss=0.0367 | t=0.1s
[finetune_replay] ep 133/300 | train loss=0.0001 top1=1.000 | val loss=0.0368 | t=0.1s
[finetune_replay] ep 134/300 | train loss=0.0001 top1=1.000 | val loss=0.0357 | t=0.1s
[finetune_replay] ep 135/300 | train loss=0.0001 top1=1.000 | val loss=0.0352 | t=0.1s
[finetune_replay] ep 136/300 | train loss=0.0001 top1=1.000 | val loss=0.0346 | t=0.1s
[finetune_replay] ep 137/300 | train loss=0.0001 top1=1.000 | val loss=0.0361 | t=0.1s
[finetune_replay] ep 138/300 | train loss=0.0001 top1=1.000 | val loss=0.0364 | t=0.1s
[finetune_replay] ep 139/300 | train loss=0.0001 top1=1.000 | val loss=0.0375 | t=0.1s
[finetune_replay] ep 140/300 | train loss=0.0001 top1=1.000 | val loss=0.0381 | t=0.1s
[finetune_replay] ep 141/300 | train loss=0.0001 top1=1.000 | val loss=0.0375 | t=0.1s
[finetune_replay] ep 142/300 | train loss=0.0001 top1=1.000 | val loss=0.0375 | t=0.1s
[finetune_replay] ep 143/300 | train loss=0.0001 top1=1.000 | val loss=0.0374 | t=0.1s
[finetune_replay] ep 144/300 | train loss=0.0001 top1=1.000 | val loss=0.0375 | t=0.1s
[finetune_replay] ep 145/300 | train loss=0.0001 top1=1.000 | val loss=0.0386 | t=0.1s
[finetune_replay] ep 146/300 | train loss=0.0001 top1=1.000 | val loss=0.0399 | t=0.1s
[finetune_replay] ep 147/300 | train loss=0.0001 top1=1.000 | val loss=0.0408 | t=0.1s
[finetune_replay] ep 148/300 | train loss=0.0001 top1=1.000 | val loss=0.0401 | t=0.1s
[finetune_replay] ep 149/300 | train loss=0.0001 top1=1.000 | val loss=0.0386 | t=0.1s
[finetune_replay] ep 150/300 | train loss=0.0001 top1=1.000 | val loss=0.0378 | t=0.1s
[finetune_replay] ep 151/300 | train loss=0.0001 top1=1.000 | val loss=0.0374 | t=0.1s
[finetune_replay] ep 152/300 | train loss=0.0001 top1=1.000 | val loss=0.0373 | t=0.1s
[finetune_replay] ep 153/300 | train loss=0.0001 top1=1.000 | val loss=0.0373 | t=0.1s
[finetune_replay] ep 154/300 | train loss=0.0001 top1=1.000 | val loss=0.0371 | t=0.1s
[finetune_replay] ep 155/300 | train loss=0.0001 top1=1.000 | val loss=0.0371 | t=0.1s
[finetune_replay] ep 156/300 | train loss=0.0001 top1=1.000 | val loss=0.0398 | t=0.1s
[finetune_replay] ep 157/300 | train loss=0.0001 top1=1.000 | val loss=0.0429 | t=0.1s
[finetune_replay] ep 158/300 | train loss=0.0001 top1=1.000 | val loss=0.0431 | t=0.1s
[finetune_replay] ep 159/300 | train loss=0.0001 top1=1.000 | val loss=0.0432 | t=0.1s
[finetune_replay] ep 160/300 | train loss=0.0001 top1=1.000 | val loss=0.0429 | t=0.1s
[finetune_replay] ep 161/300 | train loss=0.0001 top1=1.000 | val loss=0.0420 | t=0.1s
[finetune_replay] ep 162/300 | train loss=0.0001 top1=1.000 | val loss=0.0424 | t=0.1s
[finetune_replay] ep 163/300 | train loss=0.0001 top1=1.000 | val loss=0.0416 | t=0.1s
[finetune_replay] ep 164/300 | train loss=0.0001 top1=1.000 | val loss=0.0417 | t=0.1s
[finetune_replay] ep 165/300 | train loss=0.0001 top1=1.000 | val loss=0.0410 | t=0.1s
[finetune_replay] ep 166/300 | train loss=0.0001 top1=1.000 | val loss=0.0420 | t=0.1s
[finetune_replay] ep 167/300 | train loss=0.0001 top1=1.000 | val loss=0.0414 | t=0.1s
[finetune_replay] ep 168/300 | train loss=0.0001 top1=1.000 | val loss=0.0406 | t=0.1s
[finetune_replay] ep 169/300 | train loss=0.0001 top1=1.000 | val loss=0.0401 | t=0.1s
[finetune_replay] ep 170/300 | train loss=0.0001 top1=1.000 | val loss=0.0388 | t=0.1s
[finetune_replay] ep 171/300 | train loss=0.0001 top1=1.000 | val loss=0.0388 | t=0.1s
[finetune_replay] ep 172/300 | train loss=0.0001 top1=1.000 | val loss=0.0384 | t=0.1s
[finetune_replay] ep 173/300 | train loss=0.0001 top1=1.000 | val loss=0.0371 | t=0.1s
[finetune_replay] ep 174/300 | train loss=0.0001 top1=1.000 | val loss=0.0380 | t=0.1s
[finetune_replay] ep 175/300 | train loss=0.0001 top1=1.000 | val loss=0.0382 | t=0.1s
[finetune_replay] ep 176/300 | train loss=0.0001 top1=1.000 | val loss=0.0390 | t=0.1s
[finetune_replay] ep 177/300 | train loss=0.0001 top1=1.000 | val loss=0.0385 | t=0.1s
[finetune_replay] ep 178/300 | train loss=0.0001 top1=1.000 | val loss=0.0379 | t=0.1s
[finetune_replay] ep 179/300 | train loss=0.0001 top1=1.000 | val loss=0.0387 | t=0.1s
[finetune_replay] ep 180/300 | train loss=0.0001 top1=1.000 | val loss=0.0386 | t=0.1s
[finetune_replay] ep 181/300 | train loss=0.0001 top1=1.000 | val loss=0.0394 | t=0.1s
[finetune_replay] ep 182/300 | train loss=0.0001 top1=1.000 | val loss=0.0401 | t=0.1s
[finetune_replay] ep 183/300 | train loss=0.0001 top1=1.000 | val loss=0.0411 | t=0.1s
[finetune_replay] ep 184/300 | train loss=0.0001 top1=1.000 | val loss=0.0411 | t=0.1s
[finetune_replay] ep 185/300 | train loss=0.0001 top1=1.000 | val loss=0.0401 | t=0.1s
[finetune_replay] ep 186/300 | train loss=0.0001 top1=1.000 | val loss=0.0385 | t=0.1s
[finetune_replay] ep 187/300 | train loss=0.0001 top1=1.000 | val loss=0.0378 | t=0.1s
[finetune_replay] ep 188/300 | train loss=0.0001 top1=1.000 | val loss=0.0368 | t=0.1s
[finetune_replay] ep 189/300 | train loss=0.0001 top1=1.000 | val loss=0.0358 | t=0.1s
[finetune_replay] ep 190/300 | train loss=0.0001 top1=1.000 | val loss=0.0358 | t=0.1s
[finetune_replay] ep 191/300 | train loss=0.0001 top1=1.000 | val loss=0.0374 | t=0.1s
[finetune_replay] ep 192/300 | train loss=0.0001 top1=1.000 | val loss=0.0384 | t=0.1s
[finetune_replay] ep 193/300 | train loss=0.0001 top1=1.000 | val loss=0.0389 | t=0.1s
[finetune_replay] ep 194/300 | train loss=0.0001 top1=1.000 | val loss=0.0399 | t=0.1s
[finetune_replay] ep 195/300 | train loss=0.0001 top1=1.000 | val loss=0.0408 | t=0.1s
[finetune_replay] ep 196/300 | train loss=0.0001 top1=1.000 | val loss=0.0420 | t=0.1s
[finetune_replay] ep 197/300 | train loss=0.0001 top1=1.000 | val loss=0.0421 | t=0.1s
[finetune_replay] ep 198/300 | train loss=0.0001 top1=1.000 | val loss=0.0417 | t=0.1s
[finetune_replay] ep 199/300 | train loss=0.0001 top1=1.000 | val loss=0.0411 | t=0.1s
[finetune_replay] ep 200/300 | train loss=0.0001 top1=1.000 | val loss=0.0402 | t=0.1s
[finetune_replay] ep 201/300 | train loss=0.0001 top1=1.000 | val loss=0.0400 | t=0.1s
[finetune_replay] ep 202/300 | train loss=0.0001 top1=1.000 | val loss=0.0386 | t=0.1s
[finetune_replay] ep 203/300 | train loss=0.0001 top1=1.000 | val loss=0.0375 | t=0.1s
[finetune_replay] ep 204/300 | train loss=0.0001 top1=1.000 | val loss=0.0370 | t=0.1s
[finetune_replay] ep 205/300 | train loss=0.0001 top1=1.000 | val loss=0.0374 | t=0.1s
[finetune_replay] ep 206/300 | train loss=0.0001 top1=1.000 | val loss=0.0369 | t=0.1s
[finetune_replay] ep 207/300 | train loss=0.0001 top1=1.000 | val loss=0.0378 | t=0.1s
[finetune_replay] ep 208/300 | train loss=0.0001 top1=1.000 | val loss=0.0387 | t=0.1s
[finetune_replay] ep 209/300 | train loss=0.0001 top1=1.000 | val loss=0.0398 | t=0.1s
[finetune_replay] ep 210/300 | train loss=0.0001 top1=1.000 | val loss=0.0397 | t=0.1s
[finetune_replay] ep 211/300 | train loss=0.0001 top1=1.000 | val loss=0.0393 | t=0.1s
[finetune_replay] ep 212/300 | train loss=0.0001 top1=1.000 | val loss=0.0394 | t=0.1s
[finetune_replay] ep 213/300 | train loss=0.0001 top1=1.000 | val loss=0.0393 | t=0.1s
[finetune_replay] ep 214/300 | train loss=0.0001 top1=1.000 | val loss=0.0394 | t=0.1s
[finetune_replay] ep 215/300 | train loss=0.0001 top1=1.000 | val loss=0.0387 | t=0.1s
[finetune_replay] ep 216/300 | train loss=0.0001 top1=1.000 | val loss=0.0389 | t=0.1s
[finetune_replay] ep 217/300 | train loss=0.0001 top1=1.000 | val loss=0.0397 | t=0.1s
[finetune_replay] ep 218/300 | train loss=0.0001 top1=1.000 | val loss=0.0399 | t=0.1s
[finetune_replay] ep 219/300 | train loss=0.0001 top1=1.000 | val loss=0.0403 | t=0.1s
[finetune_replay] ep 220/300 | train loss=0.0001 top1=1.000 | val loss=0.0405 | t=0.1s
[finetune_replay] ep 221/300 | train loss=0.0001 top1=1.000 | val loss=0.0407 | t=0.1s
[finetune_replay] ep 222/300 | train loss=0.0001 top1=1.000 | val loss=0.0410 | t=0.1s
[finetune_replay] ep 223/300 | train loss=0.0001 top1=1.000 | val loss=0.0403 | t=0.1s
[finetune_replay] ep 224/300 | train loss=0.0001 top1=1.000 | val loss=0.0407 | t=0.1s
[finetune_replay] ep 225/300 | train loss=0.0001 top1=1.000 | val loss=0.0405 | t=0.1s
[finetune_replay] ep 226/300 | train loss=0.0001 top1=1.000 | val loss=0.0414 | t=0.1s
[finetune_replay] ep 227/300 | train loss=0.0001 top1=1.000 | val loss=0.0413 | t=0.1s
[finetune_replay] ep 228/300 | train loss=0.0001 top1=1.000 | val loss=0.0411 | t=0.1s
[finetune_replay] ep 229/300 | train loss=0.0001 top1=1.000 | val loss=0.0417 | t=0.1s
[finetune_replay] ep 230/300 | train loss=0.0001 top1=1.000 | val loss=0.0419 | t=0.1s
[finetune_replay] ep 231/300 | train loss=0.0001 top1=1.000 | val loss=0.0407 | t=0.1s
[finetune_replay] ep 232/300 | train loss=0.0001 top1=1.000 | val loss=0.0401 | t=0.1s
[finetune_replay] ep 233/300 | train loss=0.0001 top1=1.000 | val loss=0.0404 | t=0.1s
[finetune_replay] ep 234/300 | train loss=0.0001 top1=1.000 | val loss=0.0394 | t=0.1s
[finetune_replay] ep 235/300 | train loss=0.0001 top1=1.000 | val loss=0.0395 | t=0.1s
[finetune_replay] ep 236/300 | train loss=0.0001 top1=1.000 | val loss=0.0404 | t=0.1s
[finetune_replay] ep 237/300 | train loss=0.0001 top1=1.000 | val loss=0.0406 | t=0.1s
[finetune_replay] ep 238/300 | train loss=0.0001 top1=1.000 | val loss=0.0410 | t=0.1s
[finetune_replay] ep 239/300 | train loss=0.0001 top1=1.000 | val loss=0.0407 | t=0.1s
[finetune_replay] ep 240/300 | train loss=0.0001 top1=1.000 | val loss=0.0406 | t=0.1s
[finetune_replay] ep 241/300 | train loss=0.0001 top1=1.000 | val loss=0.0411 | t=0.1s
[finetune_replay] ep 242/300 | train loss=0.0001 top1=1.000 | val loss=0.0415 | t=0.1s
[finetune_replay] ep 243/300 | train loss=0.0001 top1=1.000 | val loss=0.0417 | t=0.1s
[finetune_replay] ep 244/300 | train loss=0.0001 top1=1.000 | val loss=0.0417 | t=0.1s
[finetune_replay] ep 245/300 | train loss=0.0001 top1=1.000 | val loss=0.0414 | t=0.1s
[finetune_replay] ep 246/300 | train loss=0.0001 top1=1.000 | val loss=0.0412 | t=0.1s
[finetune_replay] ep 247/300 | train loss=0.0001 top1=1.000 | val loss=0.0418 | t=0.1s
[finetune_replay] ep 248/300 | train loss=0.0001 top1=1.000 | val loss=0.0415 | t=0.1s
[finetune_replay] ep 249/300 | train loss=0.0001 top1=1.000 | val loss=0.0414 | t=0.1s
[finetune_replay] ep 250/300 | train loss=0.0001 top1=1.000 | val loss=0.0410 | t=0.1s
[finetune_replay] ep 251/300 | train loss=0.0001 top1=1.000 | val loss=0.0410 | t=0.1s
[finetune_replay] ep 252/300 | train loss=0.0001 top1=1.000 | val loss=0.0405 | t=0.1s
[finetune_replay] ep 253/300 | train loss=0.0001 top1=1.000 | val loss=0.0407 | t=0.1s
[finetune_replay] ep 254/300 | train loss=0.0001 top1=1.000 | val loss=0.0406 | t=0.1s
[finetune_replay] ep 255/300 | train loss=0.0001 top1=1.000 | val loss=0.0413 | t=0.1s
[finetune_replay] ep 256/300 | train loss=0.0001 top1=1.000 | val loss=0.0412 | t=0.1s
[finetune_replay] ep 257/300 | train loss=0.0001 top1=1.000 | val loss=0.0407 | t=0.1s
[finetune_replay] ep 258/300 | train loss=0.0001 top1=1.000 | val loss=0.0402 | t=0.1s
[finetune_replay] ep 259/300 | train loss=0.0001 top1=1.000 | val loss=0.0395 | t=0.1s
[finetune_replay] ep 260/300 | train loss=0.0001 top1=1.000 | val loss=0.0403 | t=0.1s
[finetune_replay] ep 261/300 | train loss=0.0001 top1=1.000 | val loss=0.0412 | t=0.1s
[finetune_replay] ep 262/300 | train loss=0.0001 top1=1.000 | val loss=0.0411 | t=0.1s
[finetune_replay] ep 263/300 | train loss=0.0001 top1=1.000 | val loss=0.0407 | t=0.1s
[finetune_replay] ep 264/300 | train loss=0.0001 top1=1.000 | val loss=0.0408 | t=0.1s
[finetune_replay] ep 265/300 | train loss=0.0001 top1=1.000 | val loss=0.0408 | t=0.1s
[finetune_replay] ep 266/300 | train loss=0.0001 top1=1.000 | val loss=0.0410 | t=0.1s
[finetune_replay] ep 267/300 | train loss=0.0001 top1=1.000 | val loss=0.0409 | t=0.1s
[finetune_replay] ep 268/300 | train loss=0.0001 top1=1.000 | val loss=0.0405 | t=0.1s
[finetune_replay] ep 269/300 | train loss=0.0001 top1=1.000 | val loss=0.0409 | t=0.1s
[finetune_replay] ep 270/300 | train loss=0.0001 top1=1.000 | val loss=0.0409 | t=0.1s
[finetune_replay] ep 271/300 | train loss=0.0001 top1=1.000 | val loss=0.0409 | t=0.1s
[finetune_replay] ep 272/300 | train loss=0.0001 top1=1.000 | val loss=0.0409 | t=0.1s
[finetune_replay] ep 273/300 | train loss=0.0001 top1=1.000 | val loss=0.0404 | t=0.1s
[finetune_replay] ep 274/300 | train loss=0.0001 top1=1.000 | val loss=0.0407 | t=0.1s
[finetune_replay] ep 275/300 | train loss=0.0001 top1=1.000 | val loss=0.0410 | t=0.1s
[finetune_replay] ep 276/300 | train loss=0.0001 top1=1.000 | val loss=0.0409 | t=0.1s
[finetune_replay] ep 277/300 | train loss=0.0001 top1=1.000 | val loss=0.0405 | t=0.1s
[finetune_replay] ep 278/300 | train loss=0.0001 top1=1.000 | val loss=0.0411 | t=0.1s
[finetune_replay] ep 279/300 | train loss=0.0001 top1=1.000 | val loss=0.0405 | t=0.1s
[finetune_replay] ep 280/300 | train loss=0.0001 top1=1.000 | val loss=0.0402 | t=0.1s
[finetune_replay] ep 281/300 | train loss=0.0001 top1=1.000 | val loss=0.0402 | t=0.1s
[finetune_replay] ep 282/300 | train loss=0.0001 top1=1.000 | val loss=0.0406 | t=0.1s
[finetune_replay] ep 283/300 | train loss=0.0001 top1=1.000 | val loss=0.0407 | t=0.1s
[finetune_replay] ep 284/300 | train loss=0.0001 top1=1.000 | val loss=0.0409 | t=0.1s
[finetune_replay] ep 285/300 | train loss=0.0001 top1=1.000 | val loss=0.0402 | t=0.1s
[finetune_replay] ep 286/300 | train loss=0.0001 top1=1.000 | val loss=0.0404 | t=0.1s
[finetune_replay] ep 287/300 | train loss=0.0001 top1=1.000 | val loss=0.0411 | t=0.1s
[finetune_replay] ep 288/300 | train loss=0.0001 top1=1.000 | val loss=0.0408 | t=0.1s
[finetune_replay] ep 289/300 | train loss=0.0001 top1=1.000 | val loss=0.0412 | t=0.1s
[finetune_replay] ep 290/300 | train loss=0.0001 top1=1.000 | val loss=0.0411 | t=0.1s
[finetune_replay] ep 291/300 | train loss=0.0001 top1=1.000 | val loss=0.0408 | t=0.1s
[finetune_replay] ep 292/300 | train loss=0.0001 top1=1.000 | val loss=0.0415 | t=0.1s
[finetune_replay] ep 293/300 | train loss=0.0001 top1=1.000 | val loss=0.0417 | t=0.1s
[finetune_replay] ep 294/300 | train loss=0.0001 top1=1.000 | val loss=0.0409 | t=0.1s
[finetune_replay] ep 295/300 | train loss=0.0001 top1=1.000 | val loss=0.0404 | t=0.1s
[finetune_replay] ep 296/300 | train loss=0.0001 top1=1.000 | val loss=0.0402 | t=0.1s
[finetune_replay] ep 297/300 | train loss=0.0001 top1=1.000 | val loss=0.0409 | t=0.1s
[finetune_replay] ep 298/300 | train loss=0.0001 top1=1.000 | val loss=0.0405 | t=0.1s
[finetune_replay] ep 299/300 | train loss=0.0001 top1=1.000 | val loss=0.0410 | t=0.1s
[finetune_replay] ep 300/300 | train loss=0.0001 top1=1.000 | val loss=0.0409 | t=0.1s
[finetune_replay] DONE best_val_loss=0.0023 @ epoch 5
[19:40:59] [bo-budget] $ /home/s226137394/.conda/envs/maze/bin/python3 -u -m Equivariant_pathway.equivariant_CNN_hybrid.rollout_test --checkpoint /weka/s226137394/DmNfull/Equivariant_pathway/equivariant_CNN_hybrid/baseline_vs_p4/pool_x_selector/results_hpsweep/e300_lr0.0001_rm0.7_do0/run_6/p4_top3_rotate/checkpoints/best_hybrid_policy.pth --layouts /weka/s226137394/DmNfull/Equivariant_pathway/equivariant_CNN_hybrid/baseline_vs_p4/shared/heldout_layouts.yaml --out_dir /weka/s226137394/DmNfull/Equivariant_pathway/equivariant_CNN_hybrid/baseline_vs_p4/pool_x_selector/results_hpsweep/e300_lr0.0001_rm0.7_do0/run_6/p4_top3_rotate/results/eval_round_005 --seed 11 --max_steps 60
[hybrid-rollout] 200 unique; running 200 eps
[hybrid-rollout] loaded /weka/s226137394/DmNfull/Equivariant_pathway/equivariant_CNN_hybrid/baseline_vs_p4/pool_x_selector/results_hpsweep/e300_lr0.0001_rm0.7_do0/run_6/p4_top3_rotate/checkpoints/best_hybrid_policy.pth
[hybrid-rollout] ep 0 (heldout_001): steps=5 success=True
[hybrid-rollout] ep 1 (heldout_002): steps=60 success=False
[hybrid-rollout] ep 2 (heldout_003): steps=60 success=False
[hybrid-rollout] ep 3 (heldout_004): steps=60 success=False
[hybrid-rollout] ep 4 (heldout_005): steps=5 success=True
[hybrid-rollout] ep 5 (heldout_006): steps=6 success=True
[hybrid-rollout] ep 6 (heldout_007): steps=5 success=True
[hybrid-rollout] ep 7 (heldout_008): steps=4 success=True
[hybrid-rollout] ep 8 (heldout_009): steps=6 success=True
[hybrid-rollout] ep 9 (heldout_010): steps=60 success=False
[hybrid-rollout] ep 10 (heldout_011): steps=4 success=True
[hybrid-rollout] ep 11 (heldout_012): steps=4 success=True
[hybrid-rollout] ep 12 (heldout_013): steps=60 success=False
[hybrid-rollout] ep 13 (heldout_014): steps=5 success=True
[hybrid-rollout] ep 14 (heldout_015): steps=4 success=True
[hybrid-rollout] ep 15 (heldout_016): steps=5 success=True
[hybrid-rollout] ep 16 (heldout_017): steps=60 success=False
[hybrid-rollout] ep 17 (heldout_018): steps=60 success=False
[hybrid-rollout] ep 18 (heldout_019): steps=60 success=False
[hybrid-rollout] ep 19 (heldout_020): steps=5 success=True
[hybrid-rollout] ep 20 (heldout_021): steps=4 success=True
[hybrid-rollout] ep 21 (heldout_022): steps=4 success=True
[hybrid-rollout] ep 22 (heldout_023): steps=60 success=False
[hybrid-rollout] ep 23 (heldout_024): steps=60 success=False
[hybrid-rollout] ep 24 (heldout_025): steps=4 success=True
[hybrid-rollout] ep 25 (heldout_026): steps=4 success=True
[hybrid-rollout] ep 26 (heldout_027): steps=4 success=True
[hybrid-rollout] ep 27 (heldout_028): steps=4 success=True
[hybrid-rollout] ep 28 (heldout_029): steps=7 success=True
[hybrid-rollout] ep 29 (heldout_030): steps=60 success=False
[hybrid-rollout] ep 30 (heldout_031): steps=5 success=True
[hybrid-rollout] ep 31 (heldout_032): steps=60 success=False
[hybrid-rollout] ep 32 (heldout_033): steps=60 success=False
[hybrid-rollout] ep 33 (heldout_034): steps=5 success=True
[hybrid-rollout] ep 34 (heldout_035): steps=60 success=False
[hybrid-rollout] ep 35 (heldout_036): steps=5 success=True
[hybrid-rollout] ep 36 (heldout_037): steps=4 success=True
[hybrid-rollout] ep 37 (heldout_038): steps=5 success=True
[hybrid-rollout] ep 38 (heldout_039): steps=6 success=True
[hybrid-rollout] ep 39 (heldout_040): steps=5 success=True
[hybrid-rollout] ep 40 (heldout_041): steps=60 success=False
[hybrid-rollout] ep 41 (heldout_042): steps=4 success=True
[hybrid-rollout] ep 42 (heldout_043): steps=4 success=True
[hybrid-rollout] ep 43 (heldout_044): steps=5 success=True
[hybrid-rollout] ep 44 (heldout_045): steps=5 success=True
[hybrid-rollout] ep 45 (heldout_046): steps=4 success=True
[hybrid-rollout] ep 46 (heldout_047): steps=60 success=False
[hybrid-rollout] ep 47 (heldout_048): steps=6 success=True
[hybrid-rollout] ep 48 (heldout_049): steps=5 success=True
[hybrid-rollout] ep 49 (heldout_050): steps=60 success=False
[hybrid-rollout] ep 50 (heldout_051): steps=4 success=True
[hybrid-rollout] ep 51 (heldout_052): steps=4 success=True
[hybrid-rollout] ep 52 (heldout_053): steps=6 success=True
[hybrid-rollout] ep 53 (heldout_054): steps=60 success=False
[hybrid-rollout] ep 54 (heldout_055): steps=60 success=False
[hybrid-rollout] ep 55 (heldout_056): steps=4 success=True
[hybrid-rollout] ep 56 (heldout_057): steps=4 success=True
[hybrid-rollout] ep 57 (heldout_058): steps=4 success=True
[hybrid-rollout] ep 58 (heldout_059): steps=5 success=True
[hybrid-rollout] ep 59 (heldout_060): steps=6 success=True
[hybrid-rollout] ep 60 (heldout_061): steps=5 success=True
[hybrid-rollout] ep 61 (heldout_062): steps=6 success=True
[hybrid-rollout] ep 62 (heldout_063): steps=5 success=True
[hybrid-rollout] ep 63 (heldout_064): steps=4 success=True
[hybrid-rollout] ep 64 (heldout_065): steps=60 success=False
[hybrid-rollout] ep 65 (heldout_066): steps=6 success=True
[hybrid-rollout] ep 66 (heldout_067): steps=5 success=True
[hybrid-rollout] ep 67 (heldout_068): steps=4 success=True
[hybrid-rollout] ep 68 (heldout_069): steps=60 success=False
[hybrid-rollout] ep 69 (heldout_070): steps=60 success=False
[hybrid-rollout] ep 70 (heldout_071): steps=5 success=True
[hybrid-rollout] ep 71 (heldout_072): steps=5 success=True
[hybrid-rollout] ep 72 (heldout_073): steps=3 success=False
[hybrid-rollout] ep 73 (heldout_074): steps=4 success=True
[hybrid-rollout] ep 74 (heldout_075): steps=5 success=True
[hybrid-rollout] ep 75 (heldout_076): steps=60 success=False
[hybrid-rollout] ep 76 (heldout_077): steps=4 success=True
[hybrid-rollout] ep 77 (heldout_078): steps=6 success=True
[hybrid-rollout] ep 78 (heldout_079): steps=4 success=True
[hybrid-rollout] ep 79 (heldout_080): steps=4 success=True
[hybrid-rollout] ep 80 (heldout_081): steps=5 success=True
[hybrid-rollout] ep 81 (heldout_082): steps=5 success=True
[hybrid-rollout] ep 82 (heldout_083): steps=60 success=False
[hybrid-rollout] ep 83 (heldout_084): steps=5 success=True
[hybrid-rollout] ep 84 (heldout_085): steps=60 success=False
[hybrid-rollout] ep 85 (heldout_086): steps=6 success=True
[hybrid-rollout] ep 86 (heldout_087): steps=7 success=True
[hybrid-rollout] ep 87 (heldout_088): steps=4 success=True
[hybrid-rollout] ep 88 (heldout_089): steps=3 success=False
[hybrid-rollout] ep 89 (heldout_090): steps=4 success=True
[hybrid-rollout] ep 90 (heldout_091): steps=4 success=False
[hybrid-rollout] ep 91 (heldout_092): steps=60 success=False
[hybrid-rollout] ep 92 (heldout_093): steps=6 success=True
[hybrid-rollout] ep 93 (heldout_094): steps=6 success=True
[hybrid-rollout] ep 94 (heldout_095): steps=7 success=True
[hybrid-rollout] ep 95 (heldout_096): steps=5 success=True
[hybrid-rollout] ep 96 (heldout_097): steps=5 success=True
[hybrid-rollout] ep 97 (heldout_098): steps=60 success=False
[hybrid-rollout] ep 98 (heldout_099): steps=60 success=False
[hybrid-rollout] ep 99 (heldout_100): steps=60 success=False
[hybrid-rollout] ep 100 (heldout_101): steps=4 success=True
[hybrid-rollout] ep 101 (heldout_102): steps=4 success=True
[hybrid-rollout] ep 102 (heldout_103): steps=60 success=False
[hybrid-rollout] ep 103 (heldout_104): steps=6 success=True
[hybrid-rollout] ep 104 (heldout_105): steps=60 success=False
[hybrid-rollout] ep 105 (heldout_106): steps=60 success=False
[hybrid-rollout] ep 106 (heldout_107): steps=4 success=True
[hybrid-rollout] ep 107 (heldout_108): steps=60 success=False
[hybrid-rollout] ep 108 (heldout_109): steps=4 success=True
[hybrid-rollout] ep 109 (heldout_110): steps=60 success=False
[hybrid-rollout] ep 110 (heldout_111): steps=5 success=False
[hybrid-rollout] ep 111 (heldout_112): steps=60 success=False
[hybrid-rollout] ep 112 (heldout_113): steps=7 success=True
[hybrid-rollout] ep 113 (heldout_114): steps=60 success=False
[hybrid-rollout] ep 114 (heldout_115): steps=4 success=True
[hybrid-rollout] ep 115 (heldout_116): steps=5 success=True
[hybrid-rollout] ep 116 (heldout_117): steps=7 success=True
[hybrid-rollout] ep 117 (heldout_118): steps=9 success=True
[hybrid-rollout] ep 118 (heldout_119): steps=60 success=False
[hybrid-rollout] ep 119 (heldout_120): steps=7 success=True
[hybrid-rollout] ep 120 (heldout_121): steps=8 success=True
[hybrid-rollout] ep 121 (heldout_122): steps=60 success=False
[hybrid-rollout] ep 122 (heldout_123): steps=6 success=True
[hybrid-rollout] ep 123 (heldout_124): steps=60 success=False
[hybrid-rollout] ep 124 (heldout_125): steps=4 success=True
[hybrid-rollout] ep 125 (heldout_126): steps=4 success=True
[hybrid-rollout] ep 126 (heldout_127): steps=60 success=False
[hybrid-rollout] ep 127 (heldout_128): steps=7 success=True
[hybrid-rollout] ep 128 (heldout_129): steps=60 success=False
[hybrid-rollout] ep 129 (heldout_130): steps=4 success=True
[hybrid-rollout] ep 130 (heldout_131): steps=60 success=False
[hybrid-rollout] ep 131 (heldout_132): steps=4 success=True
[hybrid-rollout] ep 132 (heldout_133): steps=4 success=True
[hybrid-rollout] ep 133 (heldout_134): steps=60 success=False
[hybrid-rollout] ep 134 (heldout_135): steps=6 success=True
[hybrid-rollout] ep 135 (heldout_136): steps=60 success=False
[hybrid-rollout] ep 136 (heldout_137): steps=60 success=False
[hybrid-rollout] ep 137 (heldout_138): steps=4 success=True
[hybrid-rollout] ep 138 (heldout_139): steps=4 success=True
[hybrid-rollout] ep 139 (heldout_140): steps=60 success=False
[hybrid-rollout] ep 140 (heldout_141): steps=5 success=True
[hybrid-rollout] ep 141 (heldout_142): steps=4 success=True
[hybrid-rollout] ep 142 (heldout_143): steps=60 success=False
[hybrid-rollout] ep 143 (heldout_144): steps=60 success=False
[hybrid-rollout] ep 144 (heldout_145): steps=5 success=True
[hybrid-rollout] ep 145 (heldout_146): steps=60 success=False
[hybrid-rollout] ep 146 (heldout_147): steps=4 success=True
[hybrid-rollout] ep 147 (heldout_148): steps=60 success=False
[hybrid-rollout] ep 148 (heldout_149): steps=7 success=True
[hybrid-rollout] ep 149 (heldout_150): steps=4 success=True
[hybrid-rollout] ep 150 (heldout_151): steps=5 success=True
[hybrid-rollout] ep 151 (heldout_152): steps=5 success=False
[hybrid-rollout] ep 152 (heldout_153): steps=5 success=True
[hybrid-rollout] ep 153 (heldout_154): steps=60 success=False
[hybrid-rollout] ep 154 (heldout_155): steps=60 success=False
[hybrid-rollout] ep 155 (heldout_156): steps=60 success=False
[hybrid-rollout] ep 156 (heldout_157): steps=4 success=True
[hybrid-rollout] ep 157 (heldout_158): steps=6 success=True
[hybrid-rollout] ep 158 (heldout_159): steps=6 success=True
[hybrid-rollout] ep 159 (heldout_160): steps=60 success=False
[hybrid-rollout] ep 160 (heldout_161): steps=60 success=False
[hybrid-rollout] ep 161 (heldout_162): steps=5 success=True
[hybrid-rollout] ep 162 (heldout_163): steps=4 success=True
[hybrid-rollout] ep 163 (heldout_164): steps=4 success=True
[hybrid-rollout] ep 164 (heldout_165): steps=5 success=True
[hybrid-rollout] ep 165 (heldout_166): steps=60 success=False
[hybrid-rollout] ep 166 (heldout_167): steps=4 success=True
[hybrid-rollout] ep 167 (heldout_168): steps=4 success=True
[hybrid-rollout] ep 168 (heldout_169): steps=60 success=False
[hybrid-rollout] ep 169 (heldout_170): steps=6 success=True
[hybrid-rollout] ep 170 (heldout_171): steps=60 success=False
[hybrid-rollout] ep 171 (heldout_172): steps=60 success=False
[hybrid-rollout] ep 172 (heldout_173): steps=4 success=True
[hybrid-rollout] ep 173 (heldout_174): steps=5 success=True
[hybrid-rollout] ep 174 (heldout_175): steps=5 success=True
[hybrid-rollout] ep 175 (heldout_176): steps=6 success=True
[hybrid-rollout] ep 176 (heldout_177): steps=6 success=True
[hybrid-rollout] ep 177 (heldout_178): steps=5 success=True
[hybrid-rollout] ep 178 (heldout_179): steps=60 success=False
[hybrid-rollout] ep 179 (heldout_180): steps=4 success=True
[hybrid-rollout] ep 180 (heldout_181): steps=5 success=True
[hybrid-rollout] ep 181 (heldout_182): steps=4 success=True
[hybrid-rollout] ep 182 (heldout_183): steps=7 success=True
[hybrid-rollout] ep 183 (heldout_184): steps=60 success=False
[hybrid-rollout] ep 184 (heldout_185): steps=60 success=False
[hybrid-rollout] ep 185 (heldout_186): steps=4 success=True
[hybrid-rollout] ep 186 (heldout_187): steps=5 success=True
[hybrid-rollout] ep 187 (heldout_188): steps=60 success=False
[hybrid-rollout] ep 188 (heldout_189): steps=60 success=False
[hybrid-rollout] ep 189 (heldout_190): steps=7 success=True
[hybrid-rollout] ep 190 (heldout_191): steps=4 success=True
[hybrid-rollout] ep 191 (heldout_192): steps=5 success=True
[hybrid-rollout] ep 192 (heldout_193): steps=60 success=False
[hybrid-rollout] ep 193 (heldout_194): steps=6 success=True
[hybrid-rollout] ep 194 (heldout_195): steps=5 success=True
[hybrid-rollout] ep 195 (heldout_196): steps=4 success=True
[hybrid-rollout] ep 196 (heldout_197): steps=5 success=True
[hybrid-rollout] ep 197 (heldout_198): steps=60 success=False
[hybrid-rollout] ep 198 (heldout_199): steps=4 success=True
[hybrid-rollout] ep 199 (heldout_200): steps=4 success=True
[hybrid-rollout] DONE successes=129/200
[19:42:57] [replay_p4] run 6 round 5: extras=5 heldout_sr=0.645
[19:42:57] [replay_p4] $ /home/s226137394/.conda/envs/maze/bin/python3 -u -m Equivariant_pathway.equivariant_CNN_hybrid.baseline_vs_p4.pool_x_selector.trainer.finetune_replay --demo_dir /weka/s226137394/DmNfull/Equivariant_pathway/equivariant_CNN_hybrid/baseline_vs_p4/pool_x_selector/results_hpsweep/e300_lr0.0001_rm0.7_do0/run_6/p4_top3_rotate/demos --checkpoint_dir /weka/s226137394/DmNfull/Equivariant_pathway/equivariant_CNN_hybrid/baseline_vs_p4/pool_x_selector/results_hpsweep/e300_lr0.0001_rm0.7_do0/run_6/p4_top3_rotate/checkpoints --epochs 300 --batch_size 64 --lr 0.0001 --weight_decay 0.0001 --replay_mix 0.7 --replay_mix_floor 0.2 --head_dropout 0.0 --seed 6 --resume --new_demos_dir /weka/s226137394/DmNfull/Equivariant_pathway/equivariant_CNN_hybrid/baseline_vs_p4/pool_x_selector/results_hpsweep/e300_lr0.0001_rm0.7_do0/run_6/p4_top3_rotate/demos/round_006
[finetune_replay] device=cuda demo_dir=/weka/s226137394/DmNfull/Equivariant_pathway/equivariant_CNN_hybrid/baseline_vs_p4/pool_x_selector/results_hpsweep/e300_lr0.0001_rm0.7_do0/run_6/p4_top3_rotate/demos new_demos_dir=/weka/s226137394/DmNfull/Equivariant_pathway/equivariant_CNN_hybrid/baseline_vs_p4/pool_x_selector/results_hpsweep/e300_lr0.0001_rm0.7_do0/run_6/p4_top3_rotate/demos/round_006
[hybrid-dataset] 25 demos -> 133 samples
[hybrid-dataset] 1 demos -> 6 samples
[finetune_replay] sampler audit: {'n_old_samples': 133, 'n_new_samples': 6, 'replay_mix_target': 0.7, 'replay_mix_effective': 0.7, 'replay_mix_floor': 0.2}
[finetune_replay] trainable params: 1,400,028
[finetune_replay] WARM START from last_hybrid_policy.pth
[finetune_replay] ep   1/300 | train loss=0.2973 top1=0.921 | val loss=0.1494 | t=0.9s  *
[finetune_replay] ep   2/300 | train loss=0.1870 top1=0.984 | val loss=0.1132 | t=0.2s  *
[finetune_replay] ep   3/300 | train loss=0.0799 top1=1.000 | val loss=0.0229 | t=0.2s  *
[finetune_replay] ep   4/300 | train loss=0.0516 top1=1.000 | val loss=0.0109 | t=0.1s  *
[finetune_replay] ep   5/300 | train loss=0.0219 top1=1.000 | val loss=0.0016 | t=0.1s  *
[finetune_replay] ep   6/300 | train loss=0.0094 top1=1.000 | val loss=0.0057 | t=0.1s
[finetune_replay] ep   7/300 | train loss=0.0055 top1=1.000 | val loss=0.0170 | t=0.1s
[finetune_replay] ep   8/300 | train loss=0.0075 top1=1.000 | val loss=0.0129 | t=0.1s
[finetune_replay] ep   9/300 | train loss=0.0028 top1=1.000 | val loss=0.0060 | t=0.1s
[finetune_replay] ep  10/300 | train loss=0.0068 top1=1.000 | val loss=0.0030 | t=0.1s
[finetune_replay] ep  11/300 | train loss=0.0016 top1=1.000 | val loss=0.0033 | t=0.1s
[finetune_replay] ep  12/300 | train loss=0.0026 top1=1.000 | val loss=0.0020 | t=0.1s
[finetune_replay] ep  13/300 | train loss=0.0016 top1=1.000 | val loss=0.0015 | t=0.1s  *
[finetune_replay] ep  14/300 | train loss=0.0009 top1=1.000 | val loss=0.0020 | t=0.1s
[finetune_replay] ep  15/300 | train loss=0.0016 top1=1.000 | val loss=0.0024 | t=0.1s
[finetune_replay] ep  16/300 | train loss=0.0013 top1=1.000 | val loss=0.0023 | t=0.1s
[finetune_replay] ep  17/300 | train loss=0.0008 top1=1.000 | val loss=0.0025 | t=0.1s
[finetune_replay] ep  18/300 | train loss=0.0007 top1=1.000 | val loss=0.0033 | t=0.1s
[finetune_replay] ep  19/300 | train loss=0.0008 top1=1.000 | val loss=0.0040 | t=0.1s
[finetune_replay] ep  20/300 | train loss=0.0006 top1=1.000 | val loss=0.0049 | t=0.1s
[finetune_replay] ep  21/300 | train loss=0.0006 top1=1.000 | val loss=0.0054 | t=0.1s
[finetune_replay] ep  22/300 | train loss=0.0005 top1=1.000 | val loss=0.0048 | t=0.1s
[finetune_replay] ep  23/300 | train loss=0.0004 top1=1.000 | val loss=0.0041 | t=0.1s
[finetune_replay] ep  24/300 | train loss=0.0004 top1=1.000 | val loss=0.0036 | t=0.1s
[finetune_replay] ep  25/300 | train loss=0.0005 top1=1.000 | val loss=0.0033 | t=0.1s
[finetune_replay] ep  26/300 | train loss=0.0005 top1=1.000 | val loss=0.0037 | t=0.1s
[finetune_replay] ep  27/300 | train loss=0.0003 top1=1.000 | val loss=0.0043 | t=0.1s
[finetune_replay] ep  28/300 | train loss=0.0004 top1=1.000 | val loss=0.0043 | t=0.1s
[finetune_replay] ep  29/300 | train loss=0.0004 top1=1.000 | val loss=0.0041 | t=0.1s
[finetune_replay] ep  30/300 | train loss=0.0003 top1=1.000 | val loss=0.0041 | t=0.1s
[finetune_replay] ep  31/300 | train loss=0.0003 top1=1.000 | val loss=0.0042 | t=0.1s
[finetune_replay] ep  32/300 | train loss=0.0004 top1=1.000 | val loss=0.0043 | t=0.1s
[finetune_replay] ep  33/300 | train loss=0.0003 top1=1.000 | val loss=0.0043 | t=0.1s
[finetune_replay] ep  34/300 | train loss=0.0003 top1=1.000 | val loss=0.0044 | t=0.1s
[finetune_replay] ep  35/300 | train loss=0.0004 top1=1.000 | val loss=0.0048 | t=0.1s
[finetune_replay] ep  36/300 | train loss=0.0003 top1=1.000 | val loss=0.0047 | t=0.1s
[finetune_replay] ep  37/300 | train loss=0.0004 top1=1.000 | val loss=0.0041 | t=0.1s
[finetune_replay] ep  38/300 | train loss=0.0003 top1=1.000 | val loss=0.0038 | t=0.1s
[finetune_replay] ep  39/300 | train loss=0.0003 top1=1.000 | val loss=0.0040 | t=0.1s
[finetune_replay] ep  40/300 | train loss=0.0003 top1=1.000 | val loss=0.0041 | t=0.1s
[finetune_replay] ep  41/300 | train loss=0.0002 top1=1.000 | val loss=0.0039 | t=0.1s
[finetune_replay] ep  42/300 | train loss=0.0003 top1=1.000 | val loss=0.0035 | t=0.1s
[finetune_replay] ep  43/300 | train loss=0.0003 top1=1.000 | val loss=0.0037 | t=0.1s
[finetune_replay] ep  44/300 | train loss=0.0003 top1=1.000 | val loss=0.0042 | t=0.1s
[finetune_replay] ep  45/300 | train loss=0.0002 top1=1.000 | val loss=0.0047 | t=0.1s
[finetune_replay] ep  46/300 | train loss=0.0002 top1=1.000 | val loss=0.0047 | t=0.1s
[finetune_replay] ep  47/300 | train loss=0.0002 top1=1.000 | val loss=0.0048 | t=0.1s
[finetune_replay] ep  48/300 | train loss=0.0002 top1=1.000 | val loss=0.0049 | t=0.1s
[finetune_replay] ep  49/300 | train loss=0.0002 top1=1.000 | val loss=0.0049 | t=0.1s
[finetune_replay] ep  50/300 | train loss=0.0003 top1=1.000 | val loss=0.0044 | t=0.1s
[finetune_replay] ep  51/300 | train loss=0.0002 top1=1.000 | val loss=0.0042 | t=0.1s
[finetune_replay] ep  52/300 | train loss=0.0002 top1=1.000 | val loss=0.0046 | t=0.1s
[finetune_replay] ep  53/300 | train loss=0.0002 top1=1.000 | val loss=0.0048 | t=0.1s
[finetune_replay] ep  54/300 | train loss=0.0002 top1=1.000 | val loss=0.0048 | t=0.1s
[finetune_replay] ep  55/300 | train loss=0.0002 top1=1.000 | val loss=0.0051 | t=0.1s
[finetune_replay] ep  56/300 | train loss=0.0002 top1=1.000 | val loss=0.0056 | t=0.1s
[finetune_replay] ep  57/300 | train loss=0.0002 top1=1.000 | val loss=0.0058 | t=0.1s
[finetune_replay] ep  58/300 | train loss=0.0002 top1=1.000 | val loss=0.0056 | t=0.1s
[finetune_replay] ep  59/300 | train loss=0.0002 top1=1.000 | val loss=0.0055 | t=0.1s
[finetune_replay] ep  60/300 | train loss=0.0002 top1=1.000 | val loss=0.0050 | t=0.1s
[finetune_replay] ep  61/300 | train loss=0.0002 top1=1.000 | val loss=0.0049 | t=0.1s
[finetune_replay] ep  62/300 | train loss=0.0002 top1=1.000 | val loss=0.0049 | t=0.1s
[finetune_replay] ep  63/300 | train loss=0.0002 top1=1.000 | val loss=0.0051 | t=0.1s
[finetune_replay] ep  64/300 | train loss=0.0002 top1=1.000 | val loss=0.0052 | t=0.1s
[finetune_replay] ep  65/300 | train loss=0.0002 top1=1.000 | val loss=0.0055 | t=0.1s
[finetune_replay] ep  66/300 | train loss=0.0002 top1=1.000 | val loss=0.0057 | t=0.1s
[finetune_replay] ep  67/300 | train loss=0.0002 top1=1.000 | val loss=0.0057 | t=0.1s
[finetune_replay] ep  68/300 | train loss=0.0002 top1=1.000 | val loss=0.0055 | t=0.1s
[finetune_replay] ep  69/300 | train loss=0.0002 top1=1.000 | val loss=0.0054 | t=0.1s
[finetune_replay] ep  70/300 | train loss=0.0002 top1=1.000 | val loss=0.0053 | t=0.1s
[finetune_replay] ep  71/300 | train loss=0.0002 top1=1.000 | val loss=0.0051 | t=0.1s
[finetune_replay] ep  72/300 | train loss=0.0002 top1=1.000 | val loss=0.0052 | t=0.1s
[finetune_replay] ep  73/300 | train loss=0.0002 top1=1.000 | val loss=0.0053 | t=0.1s
[finetune_replay] ep  74/300 | train loss=0.0002 top1=1.000 | val loss=0.0060 | t=0.1s
[finetune_replay] ep  75/300 | train loss=0.0002 top1=1.000 | val loss=0.0064 | t=0.1s
[finetune_replay] ep  76/300 | train loss=0.0001 top1=1.000 | val loss=0.0065 | t=0.1s
[finetune_replay] ep  77/300 | train loss=0.0002 top1=1.000 | val loss=0.0062 | t=0.1s
[finetune_replay] ep  78/300 | train loss=0.0002 top1=1.000 | val loss=0.0061 | t=0.1s
[finetune_replay] ep  79/300 | train loss=0.0002 top1=1.000 | val loss=0.0061 | t=0.1s
[finetune_replay] ep  80/300 | train loss=0.0001 top1=1.000 | val loss=0.0057 | t=0.1s
[finetune_replay] ep  81/300 | train loss=0.0001 top1=1.000 | val loss=0.0054 | t=0.1s
[finetune_replay] ep  82/300 | train loss=0.0002 top1=1.000 | val loss=0.0051 | t=0.1s
[finetune_replay] ep  83/300 | train loss=0.0001 top1=1.000 | val loss=0.0047 | t=0.1s
[finetune_replay] ep  84/300 | train loss=0.0001 top1=1.000 | val loss=0.0044 | t=0.1s
[finetune_replay] ep  85/300 | train loss=0.0001 top1=1.000 | val loss=0.0043 | t=0.1s
[finetune_replay] ep  86/300 | train loss=0.0001 top1=1.000 | val loss=0.0044 | t=0.1s
[finetune_replay] ep  87/300 | train loss=0.0001 top1=1.000 | val loss=0.0048 | t=0.1s
[finetune_replay] ep  88/300 | train loss=0.0001 top1=1.000 | val loss=0.0052 | t=0.1s
[finetune_replay] ep  89/300 | train loss=0.0001 top1=1.000 | val loss=0.0058 | t=0.1s
[finetune_replay] ep  90/300 | train loss=0.0001 top1=1.000 | val loss=0.0061 | t=0.1s
[finetune_replay] ep  91/300 | train loss=0.0001 top1=1.000 | val loss=0.0065 | t=0.1s
[finetune_replay] ep  92/300 | train loss=0.0001 top1=1.000 | val loss=0.0063 | t=0.1s
[finetune_replay] ep  93/300 | train loss=0.0001 top1=1.000 | val loss=0.0057 | t=0.1s
[finetune_replay] ep  94/300 | train loss=0.0001 top1=1.000 | val loss=0.0044 | t=0.1s
[finetune_replay] ep  95/300 | train loss=0.0002 top1=1.000 | val loss=0.0041 | t=0.1s
[finetune_replay] ep  96/300 | train loss=0.0001 top1=1.000 | val loss=0.0036 | t=0.1s
[finetune_replay] ep  97/300 | train loss=0.0001 top1=1.000 | val loss=0.0036 | t=0.1s
[finetune_replay] ep  98/300 | train loss=0.0001 top1=1.000 | val loss=0.0038 | t=0.1s
[finetune_replay] ep  99/300 | train loss=0.0001 top1=1.000 | val loss=0.0042 | t=0.1s
[finetune_replay] ep 100/300 | train loss=0.0001 top1=1.000 | val loss=0.0044 | t=0.1s
[finetune_replay] ep 101/300 | train loss=0.0001 top1=1.000 | val loss=0.0046 | t=0.1s
[finetune_replay] ep 102/300 | train loss=0.0001 top1=1.000 | val loss=0.0044 | t=0.1s
[finetune_replay] ep 103/300 | train loss=0.0001 top1=1.000 | val loss=0.0048 | t=0.1s
[finetune_replay] ep 104/300 | train loss=0.0001 top1=1.000 | val loss=0.0050 | t=0.1s
[finetune_replay] ep 105/300 | train loss=0.0001 top1=1.000 | val loss=0.0048 | t=0.1s
[finetune_replay] ep 106/300 | train loss=0.0001 top1=1.000 | val loss=0.0045 | t=0.1s
[finetune_replay] ep 107/300 | train loss=0.0001 top1=1.000 | val loss=0.0048 | t=0.1s
[finetune_replay] ep 108/300 | train loss=0.0001 top1=1.000 | val loss=0.0052 | t=0.1s
[finetune_replay] ep 109/300 | train loss=0.0001 top1=1.000 | val loss=0.0055 | t=0.1s
[finetune_replay] ep 110/300 | train loss=0.0001 top1=1.000 | val loss=0.0055 | t=0.1s
[finetune_replay] ep 111/300 | train loss=0.0001 top1=1.000 | val loss=0.0055 | t=0.1s
[finetune_replay] ep 112/300 | train loss=0.0001 top1=1.000 | val loss=0.0052 | t=0.1s
[finetune_replay] ep 113/300 | train loss=0.0001 top1=1.000 | val loss=0.0049 | t=0.1s
[finetune_replay] ep 114/300 | train loss=0.0001 top1=1.000 | val loss=0.0053 | t=0.1s
[finetune_replay] ep 115/300 | train loss=0.0001 top1=1.000 | val loss=0.0056 | t=0.1s
[finetune_replay] ep 116/300 | train loss=0.0001 top1=1.000 | val loss=0.0056 | t=0.1s
[finetune_replay] ep 117/300 | train loss=0.0001 top1=1.000 | val loss=0.0052 | t=0.1s
[finetune_replay] ep 118/300 | train loss=0.0001 top1=1.000 | val loss=0.0047 | t=0.1s
[finetune_replay] ep 119/300 | train loss=0.0001 top1=1.000 | val loss=0.0046 | t=0.1s
[finetune_replay] ep 120/300 | train loss=0.0001 top1=1.000 | val loss=0.0046 | t=0.1s
[finetune_replay] ep 121/300 | train loss=0.0001 top1=1.000 | val loss=0.0046 | t=0.1s
[finetune_replay] ep 122/300 | train loss=0.0001 top1=1.000 | val loss=0.0047 | t=0.1s
[finetune_replay] ep 123/300 | train loss=0.0001 top1=1.000 | val loss=0.0047 | t=0.1s
[finetune_replay] ep 124/300 | train loss=0.0001 top1=1.000 | val loss=0.0052 | t=0.1s
[finetune_replay] ep 125/300 | train loss=0.0001 top1=1.000 | val loss=0.0054 | t=0.1s
[finetune_replay] ep 126/300 | train loss=0.0001 top1=1.000 | val loss=0.0058 | t=0.1s
[finetune_replay] ep 127/300 | train loss=0.0001 top1=1.000 | val loss=0.0063 | t=0.1s
[finetune_replay] ep 128/300 | train loss=0.0001 top1=1.000 | val loss=0.0062 | t=0.1s
[finetune_replay] ep 129/300 | train loss=0.0001 top1=1.000 | val loss=0.0061 | t=0.1s
[finetune_replay] ep 130/300 | train loss=0.0001 top1=1.000 | val loss=0.0059 | t=0.1s
[finetune_replay] ep 131/300 | train loss=0.0001 top1=1.000 | val loss=0.0055 | t=0.1s
[finetune_replay] ep 132/300 | train loss=0.0001 top1=1.000 | val loss=0.0057 | t=0.1s
[finetune_replay] ep 133/300 | train loss=0.0001 top1=1.000 | val loss=0.0059 | t=0.1s
[finetune_replay] ep 134/300 | train loss=0.0001 top1=1.000 | val loss=0.0064 | t=0.1s
[finetune_replay] ep 135/300 | train loss=0.0001 top1=1.000 | val loss=0.0064 | t=0.1s
[finetune_replay] ep 136/300 | train loss=0.0001 top1=1.000 | val loss=0.0063 | t=0.1s
[finetune_replay] ep 137/300 | train loss=0.0001 top1=1.000 | val loss=0.0055 | t=0.1s
[finetune_replay] ep 138/300 | train loss=0.0001 top1=1.000 | val loss=0.0051 | t=0.1s
[finetune_replay] ep 139/300 | train loss=0.0001 top1=1.000 | val loss=0.0052 | t=0.1s
[finetune_replay] ep 140/300 | train loss=0.0001 top1=1.000 | val loss=0.0052 | t=0.1s
[finetune_replay] ep 141/300 | train loss=0.0001 top1=1.000 | val loss=0.0055 | t=0.1s
[finetune_replay] ep 142/300 | train loss=0.0001 top1=1.000 | val loss=0.0056 | t=0.1s
[finetune_replay] ep 143/300 | train loss=0.0001 top1=1.000 | val loss=0.0055 | t=0.1s
[finetune_replay] ep 144/300 | train loss=0.0001 top1=1.000 | val loss=0.0055 | t=0.1s
[finetune_replay] ep 145/300 | train loss=0.0001 top1=1.000 | val loss=0.0052 | t=0.1s
[finetune_replay] ep 146/300 | train loss=0.0001 top1=1.000 | val loss=0.0052 | t=0.1s
[finetune_replay] ep 147/300 | train loss=0.0001 top1=1.000 | val loss=0.0049 | t=0.1s
[finetune_replay] ep 148/300 | train loss=0.0001 top1=1.000 | val loss=0.0052 | t=0.1s
[finetune_replay] ep 149/300 | train loss=0.0001 top1=1.000 | val loss=0.0056 | t=0.1s
[finetune_replay] ep 150/300 | train loss=0.0001 top1=1.000 | val loss=0.0055 | t=0.1s
[finetune_replay] ep 151/300 | train loss=0.0001 top1=1.000 | val loss=0.0057 | t=0.1s
[finetune_replay] ep 152/300 | train loss=0.0001 top1=1.000 | val loss=0.0057 | t=0.1s
[finetune_replay] ep 153/300 | train loss=0.0001 top1=1.000 | val loss=0.0060 | t=0.1s
[finetune_replay] ep 154/300 | train loss=0.0001 top1=1.000 | val loss=0.0057 | t=0.1s
[finetune_replay] ep 155/300 | train loss=0.0001 top1=1.000 | val loss=0.0057 | t=0.1s
[finetune_replay] ep 156/300 | train loss=0.0001 top1=1.000 | val loss=0.0055 | t=0.1s
[finetune_replay] ep 157/300 | train loss=0.0001 top1=1.000 | val loss=0.0054 | t=0.1s
[finetune_replay] ep 158/300 | train loss=0.0001 top1=1.000 | val loss=0.0058 | t=0.1s
[finetune_replay] ep 159/300 | train loss=0.0001 top1=1.000 | val loss=0.0062 | t=0.1s
[finetune_replay] ep 160/300 | train loss=0.0001 top1=1.000 | val loss=0.0063 | t=0.1s
[finetune_replay] ep 161/300 | train loss=0.0001 top1=1.000 | val loss=0.0063 | t=0.1s
[finetune_replay] ep 162/300 | train loss=0.0001 top1=1.000 | val loss=0.0064 | t=0.1s
[finetune_replay] ep 163/300 | train loss=0.0001 top1=1.000 | val loss=0.0061 | t=0.1s
[finetune_replay] ep 164/300 | train loss=0.0001 top1=1.000 | val loss=0.0060 | t=0.1s
[finetune_replay] ep 165/300 | train loss=0.0001 top1=1.000 | val loss=0.0062 | t=0.1s
[finetune_replay] ep 166/300 | train loss=0.0001 top1=1.000 | val loss=0.0063 | t=0.1s
[finetune_replay] ep 167/300 | train loss=0.0001 top1=1.000 | val loss=0.0064 | t=0.1s
[finetune_replay] ep 168/300 | train loss=0.0001 top1=1.000 | val loss=0.0063 | t=0.1s
[finetune_replay] ep 169/300 | train loss=0.0001 top1=1.000 | val loss=0.0064 | t=0.1s
[finetune_replay] ep 170/300 | train loss=0.0001 top1=1.000 | val loss=0.0060 | t=0.1s
[finetune_replay] ep 171/300 | train loss=0.0001 top1=1.000 | val loss=0.0059 | t=0.1s
[finetune_replay] ep 172/300 | train loss=0.0001 top1=1.000 | val loss=0.0060 | t=0.1s
[finetune_replay] ep 173/300 | train loss=0.0001 top1=1.000 | val loss=0.0059 | t=0.1s
[finetune_replay] ep 174/300 | train loss=0.0001 top1=1.000 | val loss=0.0058 | t=0.1s
[finetune_replay] ep 175/300 | train loss=0.0001 top1=1.000 | val loss=0.0059 | t=0.1s
[finetune_replay] ep 176/300 | train loss=0.0001 top1=1.000 | val loss=0.0058 | t=0.1s
[finetune_replay] ep 177/300 | train loss=0.0001 top1=1.000 | val loss=0.0059 | t=0.1s
[finetune_replay] ep 178/300 | train loss=0.0001 top1=1.000 | val loss=0.0062 | t=0.1s
[finetune_replay] ep 179/300 | train loss=0.0001 top1=1.000 | val loss=0.0064 | t=0.1s
[finetune_replay] ep 180/300 | train loss=0.0001 top1=1.000 | val loss=0.0062 | t=0.1s
[finetune_replay] ep 181/300 | train loss=0.0001 top1=1.000 | val loss=0.0057 | t=0.1s
[finetune_replay] ep 182/300 | train loss=0.0001 top1=1.000 | val loss=0.0056 | t=0.1s
[finetune_replay] ep 183/300 | train loss=0.0001 top1=1.000 | val loss=0.0055 | t=0.1s
[finetune_replay] ep 184/300 | train loss=0.0001 top1=1.000 | val loss=0.0052 | t=0.1s
[finetune_replay] ep 185/300 | train loss=0.0001 top1=1.000 | val loss=0.0053 | t=0.1s
[finetune_replay] ep 186/300 | train loss=0.0001 top1=1.000 | val loss=0.0058 | t=0.1s
[finetune_replay] ep 187/300 | train loss=0.0001 top1=1.000 | val loss=0.0064 | t=0.1s
[finetune_replay] ep 188/300 | train loss=0.0001 top1=1.000 | val loss=0.0066 | t=0.1s
[finetune_replay] ep 189/300 | train loss=0.0001 top1=1.000 | val loss=0.0070 | t=0.1s
[finetune_replay] ep 190/300 | train loss=0.0001 top1=1.000 | val loss=0.0071 | t=0.1s
[finetune_replay] ep 191/300 | train loss=0.0001 top1=1.000 | val loss=0.0071 | t=0.1s
[finetune_replay] ep 192/300 | train loss=0.0001 top1=1.000 | val loss=0.0073 | t=0.1s
[finetune_replay] ep 193/300 | train loss=0.0001 top1=1.000 | val loss=0.0074 | t=0.1s
[finetune_replay] ep 194/300 | train loss=0.0001 top1=1.000 | val loss=0.0077 | t=0.1s
[finetune_replay] ep 195/300 | train loss=0.0001 top1=1.000 | val loss=0.0077 | t=0.1s
[finetune_replay] ep 196/300 | train loss=0.0001 top1=1.000 | val loss=0.0074 | t=0.1s
[finetune_replay] ep 197/300 | train loss=0.0001 top1=1.000 | val loss=0.0076 | t=0.1s
[finetune_replay] ep 198/300 | train loss=0.0001 top1=1.000 | val loss=0.0070 | t=0.1s
[finetune_replay] ep 199/300 | train loss=0.0001 top1=1.000 | val loss=0.0067 | t=0.1s
[finetune_replay] ep 200/300 | train loss=0.0001 top1=1.000 | val loss=0.0064 | t=0.1s
[finetune_replay] ep 201/300 | train loss=0.0001 top1=1.000 | val loss=0.0063 | t=0.1s
[finetune_replay] ep 202/300 | train loss=0.0001 top1=1.000 | val loss=0.0064 | t=0.1s
[finetune_replay] ep 203/300 | train loss=0.0001 top1=1.000 | val loss=0.0063 | t=0.1s
[finetune_replay] ep 204/300 | train loss=0.0001 top1=1.000 | val loss=0.0059 | t=0.1s
[finetune_replay] ep 205/300 | train loss=0.0001 top1=1.000 | val loss=0.0060 | t=0.1s
[finetune_replay] ep 206/300 | train loss=0.0001 top1=1.000 | val loss=0.0061 | t=0.1s
[finetune_replay] ep 207/300 | train loss=0.0001 top1=1.000 | val loss=0.0064 | t=0.1s
[finetune_replay] ep 208/300 | train loss=0.0001 top1=1.000 | val loss=0.0064 | t=0.1s
[finetune_replay] ep 209/300 | train loss=0.0001 top1=1.000 | val loss=0.0066 | t=0.1s
[finetune_replay] ep 210/300 | train loss=0.0001 top1=1.000 | val loss=0.0069 | t=0.1s
[finetune_replay] ep 211/300 | train loss=0.0001 top1=1.000 | val loss=0.0068 | t=0.1s
[finetune_replay] ep 212/300 | train loss=0.0001 top1=1.000 | val loss=0.0068 | t=0.1s
[finetune_replay] ep 213/300 | train loss=0.0001 top1=1.000 | val loss=0.0068 | t=0.1s
[finetune_replay] ep 214/300 | train loss=0.0001 top1=1.000 | val loss=0.0069 | t=0.1s
[finetune_replay] ep 215/300 | train loss=0.0001 top1=1.000 | val loss=0.0071 | t=0.1s
[finetune_replay] ep 216/300 | train loss=0.0001 top1=1.000 | val loss=0.0069 | t=0.1s
[finetune_replay] ep 217/300 | train loss=0.0001 top1=1.000 | val loss=0.0068 | t=0.1s
[finetune_replay] ep 218/300 | train loss=0.0001 top1=1.000 | val loss=0.0065 | t=0.1s
[finetune_replay] ep 219/300 | train loss=0.0001 top1=1.000 | val loss=0.0065 | t=0.1s
[finetune_replay] ep 220/300 | train loss=0.0001 top1=1.000 | val loss=0.0064 | t=0.2s
[finetune_replay] ep 221/300 | train loss=0.0001 top1=1.000 | val loss=0.0064 | t=0.1s
[finetune_replay] ep 222/300 | train loss=0.0001 top1=1.000 | val loss=0.0064 | t=0.1s
[finetune_replay] ep 223/300 | train loss=0.0001 top1=1.000 | val loss=0.0066 | t=0.1s
[finetune_replay] ep 224/300 | train loss=0.0001 top1=1.000 | val loss=0.0065 | t=0.1s
[finetune_replay] ep 225/300 | train loss=0.0001 top1=1.000 | val loss=0.0067 | t=0.1s
[finetune_replay] ep 226/300 | train loss=0.0001 top1=1.000 | val loss=0.0064 | t=0.1s
[finetune_replay] ep 227/300 | train loss=0.0001 top1=1.000 | val loss=0.0060 | t=0.1s
[finetune_replay] ep 228/300 | train loss=0.0001 top1=1.000 | val loss=0.0064 | t=0.1s
[finetune_replay] ep 229/300 | train loss=0.0001 top1=1.000 | val loss=0.0064 | t=0.1s
[finetune_replay] ep 230/300 | train loss=0.0001 top1=1.000 | val loss=0.0064 | t=0.1s
[finetune_replay] ep 231/300 | train loss=0.0001 top1=1.000 | val loss=0.0063 | t=0.1s
[finetune_replay] ep 232/300 | train loss=0.0001 top1=1.000 | val loss=0.0064 | t=0.1s
[finetune_replay] ep 233/300 | train loss=0.0001 top1=1.000 | val loss=0.0065 | t=0.1s
[finetune_replay] ep 234/300 | train loss=0.0001 top1=1.000 | val loss=0.0064 | t=0.1s
[finetune_replay] ep 235/300 | train loss=0.0001 top1=1.000 | val loss=0.0062 | t=0.1s
[finetune_replay] ep 236/300 | train loss=0.0001 top1=1.000 | val loss=0.0064 | t=0.1s
[finetune_replay] ep 237/300 | train loss=0.0001 top1=1.000 | val loss=0.0063 | t=0.1s
[finetune_replay] ep 238/300 | train loss=0.0001 top1=1.000 | val loss=0.0061 | t=0.1s
[finetune_replay] ep 239/300 | train loss=0.0001 top1=1.000 | val loss=0.0064 | t=0.1s
[finetune_replay] ep 240/300 | train loss=0.0001 top1=1.000 | val loss=0.0059 | t=0.1s
[finetune_replay] ep 241/300 | train loss=0.0001 top1=1.000 | val loss=0.0057 | t=0.1s
[finetune_replay] ep 242/300 | train loss=0.0001 top1=1.000 | val loss=0.0056 | t=0.1s
[finetune_replay] ep 243/300 | train loss=0.0001 top1=1.000 | val loss=0.0056 | t=0.1s
[finetune_replay] ep 244/300 | train loss=0.0001 top1=1.000 | val loss=0.0054 | t=0.1s
[finetune_replay] ep 245/300 | train loss=0.0001 top1=1.000 | val loss=0.0053 | t=0.1s
[finetune_replay] ep 246/300 | train loss=0.0001 top1=1.000 | val loss=0.0054 | t=0.1s
[finetune_replay] ep 247/300 | train loss=0.0001 top1=1.000 | val loss=0.0054 | t=0.1s
[finetune_replay] ep 248/300 | train loss=0.0001 top1=1.000 | val loss=0.0057 | t=0.1s
[finetune_replay] ep 249/300 | train loss=0.0001 top1=1.000 | val loss=0.0057 | t=0.1s
[finetune_replay] ep 250/300 | train loss=0.0001 top1=1.000 | val loss=0.0057 | t=0.1s
[finetune_replay] ep 251/300 | train loss=0.0001 top1=1.000 | val loss=0.0059 | t=0.1s
[finetune_replay] ep 252/300 | train loss=0.0001 top1=1.000 | val loss=0.0058 | t=0.1s
[finetune_replay] ep 253/300 | train loss=0.0001 top1=1.000 | val loss=0.0056 | t=0.1s
[finetune_replay] ep 254/300 | train loss=0.0001 top1=1.000 | val loss=0.0058 | t=0.1s
[finetune_replay] ep 255/300 | train loss=0.0001 top1=1.000 | val loss=0.0060 | t=0.1s
[finetune_replay] ep 256/300 | train loss=0.0001 top1=1.000 | val loss=0.0061 | t=0.1s
[finetune_replay] ep 257/300 | train loss=0.0001 top1=1.000 | val loss=0.0061 | t=0.1s
[finetune_replay] ep 258/300 | train loss=0.0001 top1=1.000 | val loss=0.0061 | t=0.1s
[finetune_replay] ep 259/300 | train loss=0.0001 top1=1.000 | val loss=0.0064 | t=0.1s
[finetune_replay] ep 260/300 | train loss=0.0001 top1=1.000 | val loss=0.0064 | t=0.1s
[finetune_replay] ep 261/300 | train loss=0.0001 top1=1.000 | val loss=0.0062 | t=0.1s
[finetune_replay] ep 262/300 | train loss=0.0001 top1=1.000 | val loss=0.0061 | t=0.1s
[finetune_replay] ep 263/300 | train loss=0.0001 top1=1.000 | val loss=0.0059 | t=0.1s
[finetune_replay] ep 264/300 | train loss=0.0001 top1=1.000 | val loss=0.0058 | t=0.1s
[finetune_replay] ep 265/300 | train loss=0.0001 top1=1.000 | val loss=0.0058 | t=0.1s
[finetune_replay] ep 266/300 | train loss=0.0001 top1=1.000 | val loss=0.0061 | t=0.1s
[finetune_replay] ep 267/300 | train loss=0.0001 top1=1.000 | val loss=0.0061 | t=0.1s
[finetune_replay] ep 268/300 | train loss=0.0001 top1=1.000 | val loss=0.0063 | t=0.1s
[finetune_replay] ep 269/300 | train loss=0.0001 top1=1.000 | val loss=0.0062 | t=0.1s
[finetune_replay] ep 270/300 | train loss=0.0001 top1=1.000 | val loss=0.0063 | t=0.1s
[finetune_replay] ep 271/300 | train loss=0.0001 top1=1.000 | val loss=0.0065 | t=0.1s
[finetune_replay] ep 272/300 | train loss=0.0001 top1=1.000 | val loss=0.0063 | t=0.1s
[finetune_replay] ep 273/300 | train loss=0.0001 top1=1.000 | val loss=0.0066 | t=0.1s
[finetune_replay] ep 274/300 | train loss=0.0001 top1=1.000 | val loss=0.0065 | t=0.1s
[finetune_replay] ep 275/300 | train loss=0.0001 top1=1.000 | val loss=0.0065 | t=0.1s
[finetune_replay] ep 276/300 | train loss=0.0001 top1=1.000 | val loss=0.0064 | t=0.1s
[finetune_replay] ep 277/300 | train loss=0.0001 top1=1.000 | val loss=0.0062 | t=0.1s
[finetune_replay] ep 278/300 | train loss=0.0001 top1=1.000 | val loss=0.0065 | t=0.1s
[finetune_replay] ep 279/300 | train loss=0.0001 top1=1.000 | val loss=0.0065 | t=0.1s
[finetune_replay] ep 280/300 | train loss=0.0001 top1=1.000 | val loss=0.0064 | t=0.1s
[finetune_replay] ep 281/300 | train loss=0.0001 top1=1.000 | val loss=0.0062 | t=0.1s
[finetune_replay] ep 282/300 | train loss=0.0001 top1=1.000 | val loss=0.0062 | t=0.1s
[finetune_replay] ep 283/300 | train loss=0.0001 top1=1.000 | val loss=0.0062 | t=0.1s
[finetune_replay] ep 284/300 | train loss=0.0001 top1=1.000 | val loss=0.0064 | t=0.1s
[finetune_replay] ep 285/300 | train loss=0.0001 top1=1.000 | val loss=0.0066 | t=0.1s
[finetune_replay] ep 286/300 | train loss=0.0001 top1=1.000 | val loss=0.0067 | t=0.1s
[finetune_replay] ep 287/300 | train loss=0.0001 top1=1.000 | val loss=0.0065 | t=0.1s
[finetune_replay] ep 288/300 | train loss=0.0001 top1=1.000 | val loss=0.0069 | t=0.1s
[finetune_replay] ep 289/300 | train loss=0.0001 top1=1.000 | val loss=0.0067 | t=0.1s
[finetune_replay] ep 290/300 | train loss=0.0001 top1=1.000 | val loss=0.0064 | t=0.1s
[finetune_replay] ep 291/300 | train loss=0.0001 top1=1.000 | val loss=0.0065 | t=0.1s
[finetune_replay] ep 292/300 | train loss=0.0001 top1=1.000 | val loss=0.0062 | t=0.1s
[finetune_replay] ep 293/300 | train loss=0.0001 top1=1.000 | val loss=0.0063 | t=0.1s
[finetune_replay] ep 294/300 | train loss=0.0001 top1=1.000 | val loss=0.0062 | t=0.1s
[finetune_replay] ep 295/300 | train loss=0.0001 top1=1.000 | val loss=0.0061 | t=0.1s
[finetune_replay] ep 296/300 | train loss=0.0001 top1=1.000 | val loss=0.0063 | t=0.1s
[finetune_replay] ep 297/300 | train loss=0.0001 top1=1.000 | val loss=0.0062 | t=0.1s
[finetune_replay] ep 298/300 | train loss=0.0001 top1=1.000 | val loss=0.0061 | t=0.1s
[finetune_replay] ep 299/300 | train loss=0.0001 top1=1.000 | val loss=0.0061 | t=0.1s
[finetune_replay] ep 300/300 | train loss=0.0001 top1=1.000 | val loss=0.0061 | t=0.1s
[finetune_replay] DONE best_val_loss=0.0015 @ epoch 13
[19:43:55] [bo-budget] $ /home/s226137394/.conda/envs/maze/bin/python3 -u -m Equivariant_pathway.equivariant_CNN_hybrid.rollout_test --checkpoint /weka/s226137394/DmNfull/Equivariant_pathway/equivariant_CNN_hybrid/baseline_vs_p4/pool_x_selector/results_hpsweep/e300_lr0.0001_rm0.7_do0/run_6/p4_top3_rotate/checkpoints/best_hybrid_policy.pth --layouts /weka/s226137394/DmNfull/Equivariant_pathway/equivariant_CNN_hybrid/baseline_vs_p4/shared/heldout_layouts.yaml --out_dir /weka/s226137394/DmNfull/Equivariant_pathway/equivariant_CNN_hybrid/baseline_vs_p4/pool_x_selector/results_hpsweep/e300_lr0.0001_rm0.7_do0/run_6/p4_top3_rotate/results/eval_round_006 --seed 12 --max_steps 60
[hybrid-rollout] 200 unique; running 200 eps
[hybrid-rollout] loaded /weka/s226137394/DmNfull/Equivariant_pathway/equivariant_CNN_hybrid/baseline_vs_p4/pool_x_selector/results_hpsweep/e300_lr0.0001_rm0.7_do0/run_6/p4_top3_rotate/checkpoints/best_hybrid_policy.pth
[hybrid-rollout] ep 0 (heldout_001): steps=5 success=True
[hybrid-rollout] ep 1 (heldout_002): steps=4 success=True
[hybrid-rollout] ep 2 (heldout_003): steps=60 success=False
[hybrid-rollout] ep 3 (heldout_004): steps=6 success=True
[hybrid-rollout] ep 4 (heldout_005): steps=5 success=True
[hybrid-rollout] ep 5 (heldout_006): steps=3 success=False
[hybrid-rollout] ep 6 (heldout_007): steps=5 success=True
[hybrid-rollout] ep 7 (heldout_008): steps=4 success=True
[hybrid-rollout] ep 8 (heldout_009): steps=6 success=True
[hybrid-rollout] ep 9 (heldout_010): steps=8 success=True
[hybrid-rollout] ep 10 (heldout_011): steps=4 success=True
[hybrid-rollout] ep 11 (heldout_012): steps=4 success=True
[hybrid-rollout] ep 12 (heldout_013): steps=60 success=False
[hybrid-rollout] ep 13 (heldout_014): steps=5 success=True
[hybrid-rollout] ep 14 (heldout_015): steps=4 success=True
[hybrid-rollout] ep 15 (heldout_016): steps=5 success=True
[hybrid-rollout] ep 16 (heldout_017): steps=4 success=True
[hybrid-rollout] ep 17 (heldout_018): steps=60 success=False
[hybrid-rollout] ep 18 (heldout_019): steps=60 success=False
[hybrid-rollout] ep 19 (heldout_020): steps=5 success=True
[hybrid-rollout] ep 20 (heldout_021): steps=4 success=True
[hybrid-rollout] ep 21 (heldout_022): steps=60 success=False
[hybrid-rollout] ep 22 (heldout_023): steps=7 success=True
[hybrid-rollout] ep 23 (heldout_024): steps=60 success=False
[hybrid-rollout] ep 24 (heldout_025): steps=4 success=True
[hybrid-rollout] ep 25 (heldout_026): steps=4 success=True
[hybrid-rollout] ep 26 (heldout_027): steps=4 success=True
[hybrid-rollout] ep 27 (heldout_028): steps=4 success=True
[hybrid-rollout] ep 28 (heldout_029): steps=5 success=True
[hybrid-rollout] ep 29 (heldout_030): steps=60 success=False
[hybrid-rollout] ep 30 (heldout_031): steps=5 success=True
[hybrid-rollout] ep 31 (heldout_032): steps=7 success=True
[hybrid-rollout] ep 32 (heldout_033): steps=4 success=True
[hybrid-rollout] ep 33 (heldout_034): steps=5 success=True
[hybrid-rollout] ep 34 (heldout_035): steps=6 success=True
[hybrid-rollout] ep 35 (heldout_036): steps=5 success=True
[hybrid-rollout] ep 36 (heldout_037): steps=4 success=True
[hybrid-rollout] ep 37 (heldout_038): steps=60 success=False
[hybrid-rollout] ep 38 (heldout_039): steps=6 success=True
[hybrid-rollout] ep 39 (heldout_040): steps=5 success=True
[hybrid-rollout] ep 40 (heldout_041): steps=6 success=True
[hybrid-rollout] ep 41 (heldout_042): steps=60 success=False
[hybrid-rollout] ep 42 (heldout_043): steps=4 success=True
[hybrid-rollout] ep 43 (heldout_044): steps=5 success=True
[hybrid-rollout] ep 44 (heldout_045): steps=5 success=True
[hybrid-rollout] ep 45 (heldout_046): steps=4 success=True
[hybrid-rollout] ep 46 (heldout_047): steps=60 success=False
[hybrid-rollout] ep 47 (heldout_048): steps=6 success=True
[hybrid-rollout] ep 48 (heldout_049): steps=5 success=True
[hybrid-rollout] ep 49 (heldout_050): steps=4 success=True
[hybrid-rollout] ep 50 (heldout_051): steps=4 success=True
[hybrid-rollout] ep 51 (heldout_052): steps=60 success=False
[hybrid-rollout] ep 52 (heldout_053): steps=6 success=True
[hybrid-rollout] ep 53 (heldout_054): steps=60 success=False
[hybrid-rollout] ep 54 (heldout_055): steps=60 success=False
[hybrid-rollout] ep 55 (heldout_056): steps=4 success=True
[hybrid-rollout] ep 56 (heldout_057): steps=4 success=True
[hybrid-rollout] ep 57 (heldout_058): steps=4 success=True
[hybrid-rollout] ep 58 (heldout_059): steps=5 success=True
[hybrid-rollout] ep 59 (heldout_060): steps=6 success=True
[hybrid-rollout] ep 60 (heldout_061): steps=5 success=True
[hybrid-rollout] ep 61 (heldout_062): steps=6 success=True
[hybrid-rollout] ep 62 (heldout_063): steps=5 success=True
[hybrid-rollout] ep 63 (heldout_064): steps=4 success=True
[hybrid-rollout] ep 64 (heldout_065): steps=60 success=False
[hybrid-rollout] ep 65 (heldout_066): steps=6 success=True
[hybrid-rollout] ep 66 (heldout_067): steps=5 success=True
[hybrid-rollout] ep 67 (heldout_068): steps=4 success=True
[hybrid-rollout] ep 68 (heldout_069): steps=4 success=True
[hybrid-rollout] ep 69 (heldout_070): steps=7 success=True
[hybrid-rollout] ep 70 (heldout_071): steps=5 success=True
[hybrid-rollout] ep 71 (heldout_072): steps=5 success=True
[hybrid-rollout] ep 72 (heldout_073): steps=3 success=False
[hybrid-rollout] ep 73 (heldout_074): steps=4 success=True
[hybrid-rollout] ep 74 (heldout_075): steps=5 success=True
[hybrid-rollout] ep 75 (heldout_076): steps=7 success=True
[hybrid-rollout] ep 76 (heldout_077): steps=4 success=True
[hybrid-rollout] ep 77 (heldout_078): steps=60 success=False
[hybrid-rollout] ep 78 (heldout_079): steps=4 success=True
[hybrid-rollout] ep 79 (heldout_080): steps=4 success=True
[hybrid-rollout] ep 80 (heldout_081): steps=5 success=True
[hybrid-rollout] ep 81 (heldout_082): steps=5 success=True
[hybrid-rollout] ep 82 (heldout_083): steps=60 success=False
[hybrid-rollout] ep 83 (heldout_084): steps=5 success=True
[hybrid-rollout] ep 84 (heldout_085): steps=60 success=False
[hybrid-rollout] ep 85 (heldout_086): steps=6 success=True
[hybrid-rollout] ep 86 (heldout_087): steps=7 success=True
[hybrid-rollout] ep 87 (heldout_088): steps=4 success=True
[hybrid-rollout] ep 88 (heldout_089): steps=3 success=False
[hybrid-rollout] ep 89 (heldout_090): steps=4 success=True
[hybrid-rollout] ep 90 (heldout_091): steps=4 success=False
[hybrid-rollout] ep 91 (heldout_092): steps=5 success=True
[hybrid-rollout] ep 92 (heldout_093): steps=6 success=True
[hybrid-rollout] ep 93 (heldout_094): steps=6 success=True
[hybrid-rollout] ep 94 (heldout_095): steps=7 success=True
[hybrid-rollout] ep 95 (heldout_096): steps=5 success=True
[hybrid-rollout] ep 96 (heldout_097): steps=5 success=True
[hybrid-rollout] ep 97 (heldout_098): steps=5 success=True
[hybrid-rollout] ep 98 (heldout_099): steps=60 success=False
[hybrid-rollout] ep 99 (heldout_100): steps=8 success=True
[hybrid-rollout] ep 100 (heldout_101): steps=4 success=True
[hybrid-rollout] ep 101 (heldout_102): steps=4 success=True
[hybrid-rollout] ep 102 (heldout_103): steps=60 success=False
[hybrid-rollout] ep 103 (heldout_104): steps=6 success=True
[hybrid-rollout] ep 104 (heldout_105): steps=60 success=False
[hybrid-rollout] ep 105 (heldout_106): steps=6 success=True
[hybrid-rollout] ep 106 (heldout_107): steps=4 success=True
[hybrid-rollout] ep 107 (heldout_108): steps=4 success=True
[hybrid-rollout] ep 108 (heldout_109): steps=4 success=True
[hybrid-rollout] ep 109 (heldout_110): steps=4 success=True
[hybrid-rollout] ep 110 (heldout_111): steps=6 success=True
[hybrid-rollout] ep 111 (heldout_112): steps=5 success=True
[hybrid-rollout] ep 112 (heldout_113): steps=7 success=True
[hybrid-rollout] ep 113 (heldout_114): steps=4 success=True
[hybrid-rollout] ep 114 (heldout_115): steps=4 success=True
[hybrid-rollout] ep 115 (heldout_116): steps=5 success=True
[hybrid-rollout] ep 116 (heldout_117): steps=60 success=False
[hybrid-rollout] ep 117 (heldout_118): steps=9 success=True
[hybrid-rollout] ep 118 (heldout_119): steps=60 success=False
[hybrid-rollout] ep 119 (heldout_120): steps=7 success=True
[hybrid-rollout] ep 120 (heldout_121): steps=4 success=True
[hybrid-rollout] ep 121 (heldout_122): steps=4 success=True
[hybrid-rollout] ep 122 (heldout_123): steps=6 success=True
[hybrid-rollout] ep 123 (heldout_124): steps=60 success=False
[hybrid-rollout] ep 124 (heldout_125): steps=4 success=True
[hybrid-rollout] ep 125 (heldout_126): steps=4 success=True
[hybrid-rollout] ep 126 (heldout_127): steps=60 success=False
[hybrid-rollout] ep 127 (heldout_128): steps=7 success=True
[hybrid-rollout] ep 128 (heldout_129): steps=60 success=False
[hybrid-rollout] ep 129 (heldout_130): steps=4 success=True
[hybrid-rollout] ep 130 (heldout_131): steps=5 success=False
[hybrid-rollout] ep 131 (heldout_132): steps=4 success=True
[hybrid-rollout] ep 132 (heldout_133): steps=4 success=True
[hybrid-rollout] ep 133 (heldout_134): steps=60 success=False
[hybrid-rollout] ep 134 (heldout_135): steps=6 success=True
[hybrid-rollout] ep 135 (heldout_136): steps=5 success=True
[hybrid-rollout] ep 136 (heldout_137): steps=60 success=False
[hybrid-rollout] ep 137 (heldout_138): steps=4 success=True
[hybrid-rollout] ep 138 (heldout_139): steps=4 success=True
[hybrid-rollout] ep 139 (heldout_140): steps=5 success=True
[hybrid-rollout] ep 140 (heldout_141): steps=5 success=True
[hybrid-rollout] ep 141 (heldout_142): steps=4 success=True
[hybrid-rollout] ep 142 (heldout_143): steps=8 success=True
[hybrid-rollout] ep 143 (heldout_144): steps=4 success=True
[hybrid-rollout] ep 144 (heldout_145): steps=5 success=True
[hybrid-rollout] ep 145 (heldout_146): steps=7 success=True
[hybrid-rollout] ep 146 (heldout_147): steps=4 success=True
[hybrid-rollout] ep 147 (heldout_148): steps=60 success=False
[hybrid-rollout] ep 148 (heldout_149): steps=7 success=True
[hybrid-rollout] ep 149 (heldout_150): steps=4 success=True
[hybrid-rollout] ep 150 (heldout_151): steps=5 success=True
[hybrid-rollout] ep 151 (heldout_152): steps=1 success=False
[hybrid-rollout] ep 152 (heldout_153): steps=5 success=True
[hybrid-rollout] ep 153 (heldout_154): steps=60 success=False
[hybrid-rollout] ep 154 (heldout_155): steps=60 success=False
[hybrid-rollout] ep 155 (heldout_156): steps=60 success=False
[hybrid-rollout] ep 156 (heldout_157): steps=4 success=True
[hybrid-rollout] ep 157 (heldout_158): steps=3 success=False
[hybrid-rollout] ep 158 (heldout_159): steps=6 success=True
[hybrid-rollout] ep 159 (heldout_160): steps=4 success=True
[hybrid-rollout] ep 160 (heldout_161): steps=60 success=False
[hybrid-rollout] ep 161 (heldout_162): steps=5 success=True
[hybrid-rollout] ep 162 (heldout_163): steps=4 success=True
[hybrid-rollout] ep 163 (heldout_164): steps=4 success=True
[hybrid-rollout] ep 164 (heldout_165): steps=5 success=True
[hybrid-rollout] ep 165 (heldout_166): steps=60 success=False
[hybrid-rollout] ep 166 (heldout_167): steps=4 success=True
[hybrid-rollout] ep 167 (heldout_168): steps=4 success=True
[hybrid-rollout] ep 168 (heldout_169): steps=4 success=False
[hybrid-rollout] ep 169 (heldout_170): steps=5 success=False
[hybrid-rollout] ep 170 (heldout_171): steps=4 success=True
[hybrid-rollout] ep 171 (heldout_172): steps=60 success=False
[hybrid-rollout] ep 172 (heldout_173): steps=4 success=True
[hybrid-rollout] ep 173 (heldout_174): steps=5 success=True
[hybrid-rollout] ep 174 (heldout_175): steps=5 success=True
[hybrid-rollout] ep 175 (heldout_176): steps=6 success=True
[hybrid-rollout] ep 176 (heldout_177): steps=6 success=True
[hybrid-rollout] ep 177 (heldout_178): steps=5 success=True
[hybrid-rollout] ep 178 (heldout_179): steps=5 success=True
[hybrid-rollout] ep 179 (heldout_180): steps=4 success=True
[hybrid-rollout] ep 180 (heldout_181): steps=5 success=True
[hybrid-rollout] ep 181 (heldout_182): steps=4 success=True
[hybrid-rollout] ep 182 (heldout_183): steps=5 success=True
[hybrid-rollout] ep 183 (heldout_184): steps=7 success=True
[hybrid-rollout] ep 184 (heldout_185): steps=5 success=True
[hybrid-rollout] ep 185 (heldout_186): steps=4 success=True
[hybrid-rollout] ep 186 (heldout_187): steps=60 success=False
[hybrid-rollout] ep 187 (heldout_188): steps=5 success=True
[hybrid-rollout] ep 188 (heldout_189): steps=5 success=True
[hybrid-rollout] ep 189 (heldout_190): steps=7 success=True
[hybrid-rollout] ep 190 (heldout_191): steps=4 success=True
[hybrid-rollout] ep 191 (heldout_192): steps=5 success=True
[hybrid-rollout] ep 192 (heldout_193): steps=60 success=False
[hybrid-rollout] ep 193 (heldout_194): steps=6 success=True
[hybrid-rollout] ep 194 (heldout_195): steps=5 success=True
[hybrid-rollout] ep 195 (heldout_196): steps=2 success=False
[hybrid-rollout] ep 196 (heldout_197): steps=5 success=True
[hybrid-rollout] ep 197 (heldout_198): steps=4 success=True
[hybrid-rollout] ep 198 (heldout_199): steps=4 success=True
[hybrid-rollout] ep 199 (heldout_200): steps=4 success=True
[hybrid-rollout] DONE successes=154/200
[19:45:23] [replay_p4] run 6 round 6: extras=6 heldout_sr=0.770
[19:45:23] [replay_p4] $ /home/s226137394/.conda/envs/maze/bin/python3 -u -m Equivariant_pathway.equivariant_CNN_hybrid.baseline_vs_p4.pool_x_selector.trainer.finetune_replay --demo_dir /weka/s226137394/DmNfull/Equivariant_pathway/equivariant_CNN_hybrid/baseline_vs_p4/pool_x_selector/results_hpsweep/e300_lr0.0001_rm0.7_do0/run_6/p4_top3_rotate/demos --checkpoint_dir /weka/s226137394/DmNfull/Equivariant_pathway/equivariant_CNN_hybrid/baseline_vs_p4/pool_x_selector/results_hpsweep/e300_lr0.0001_rm0.7_do0/run_6/p4_top3_rotate/checkpoints --epochs 300 --batch_size 64 --lr 0.0001 --weight_decay 0.0001 --replay_mix 0.7 --replay_mix_floor 0.2 --head_dropout 0.0 --seed 6 --resume --new_demos_dir /weka/s226137394/DmNfull/Equivariant_pathway/equivariant_CNN_hybrid/baseline_vs_p4/pool_x_selector/results_hpsweep/e300_lr0.0001_rm0.7_do0/run_6/p4_top3_rotate/demos/round_007
[finetune_replay] device=cuda demo_dir=/weka/s226137394/DmNfull/Equivariant_pathway/equivariant_CNN_hybrid/baseline_vs_p4/pool_x_selector/results_hpsweep/e300_lr0.0001_rm0.7_do0/run_6/p4_top3_rotate/demos new_demos_dir=/weka/s226137394/DmNfull/Equivariant_pathway/equivariant_CNN_hybrid/baseline_vs_p4/pool_x_selector/results_hpsweep/e300_lr0.0001_rm0.7_do0/run_6/p4_top3_rotate/demos/round_007
[hybrid-dataset] 26 demos -> 139 samples
[hybrid-dataset] 1 demos -> 4 samples
[finetune_replay] sampler audit: {'n_old_samples': 139, 'n_new_samples': 4, 'replay_mix_target': 0.7, 'replay_mix_effective': 0.7, 'replay_mix_floor': 0.2}
[finetune_replay] trainable params: 1,400,028
[finetune_replay] WARM START from last_hybrid_policy.pth
[finetune_replay] ep   1/300 | train loss=0.0574 top1=1.000 | val loss=0.0007 | t=0.8s  *
[finetune_replay] ep   2/300 | train loss=0.0044 top1=1.000 | val loss=0.0220 | t=0.2s
[finetune_replay] ep   3/300 | train loss=0.0224 top1=0.984 | val loss=0.0043 | t=0.2s
[finetune_replay] ep   4/300 | train loss=0.0027 top1=1.000 | val loss=0.0034 | t=0.2s
[finetune_replay] ep   5/300 | train loss=0.0039 top1=1.000 | val loss=0.0016 | t=0.1s
[finetune_replay] ep   6/300 | train loss=0.0010 top1=1.000 | val loss=0.0015 | t=0.1s
[finetune_replay] ep   7/300 | train loss=0.0024 top1=1.000 | val loss=0.0043 | t=0.1s
[finetune_replay] ep   8/300 | train loss=0.0015 top1=1.000 | val loss=0.0014 | t=0.1s
[finetune_replay] ep   9/300 | train loss=0.0005 top1=1.000 | val loss=0.0005 | t=0.1s  *
[finetune_replay] ep  10/300 | train loss=0.0003 top1=1.000 | val loss=0.0003 | t=0.1s  *
[finetune_replay] ep  11/300 | train loss=0.0004 top1=1.000 | val loss=0.0002 | t=0.1s  *
[finetune_replay] ep  12/300 | train loss=0.0003 top1=1.000 | val loss=0.0002 | t=0.1s  *
[finetune_replay] ep  13/300 | train loss=0.0003 top1=1.000 | val loss=0.0002 | t=0.1s
[finetune_replay] ep  14/300 | train loss=0.0003 top1=1.000 | val loss=0.0002 | t=0.1s
[finetune_replay] ep  15/300 | train loss=0.0003 top1=1.000 | val loss=0.0003 | t=0.1s
[finetune_replay] ep  16/300 | train loss=0.0002 top1=1.000 | val loss=0.0003 | t=0.1s
[finetune_replay] ep  17/300 | train loss=0.0003 top1=1.000 | val loss=0.0003 | t=0.1s
[finetune_replay] ep  18/300 | train loss=0.0002 top1=1.000 | val loss=0.0005 | t=0.1s
[finetune_replay] ep  19/300 | train loss=0.0002 top1=1.000 | val loss=0.0004 | t=0.1s
[finetune_replay] ep  20/300 | train loss=0.0004 top1=1.000 | val loss=0.0002 | t=0.1s
[finetune_replay] ep  21/300 | train loss=0.0001 top1=1.000 | val loss=0.0002 | t=0.1s  *
[finetune_replay] ep  22/300 | train loss=0.0002 top1=1.000 | val loss=0.0002 | t=0.1s  *
[finetune_replay] ep  23/300 | train loss=0.0002 top1=1.000 | val loss=0.0001 | t=0.1s  *
[finetune_replay] ep  24/300 | train loss=0.0002 top1=1.000 | val loss=0.0001 | t=0.1s  *
[finetune_replay] ep  25/300 | train loss=0.0002 top1=1.000 | val loss=0.0001 | t=0.1s  *
[finetune_replay] ep  26/300 | train loss=0.0002 top1=1.000 | val loss=0.0001 | t=0.1s  *
[finetune_replay] ep  27/300 | train loss=0.0002 top1=1.000 | val loss=0.0001 | t=0.1s
[finetune_replay] ep  28/300 | train loss=0.0002 top1=1.000 | val loss=0.0002 | t=0.1s
[finetune_replay] ep  29/300 | train loss=0.0002 top1=1.000 | val loss=0.0002 | t=0.1s
[finetune_replay] ep  30/300 | train loss=0.0002 top1=1.000 | val loss=0.0002 | t=0.1s
[finetune_replay] ep  31/300 | train loss=0.0001 top1=1.000 | val loss=0.0002 | t=0.1s
[finetune_replay] ep  32/300 | train loss=0.0001 top1=1.000 | val loss=0.0002 | t=0.1s
[finetune_replay] ep  33/300 | train loss=0.0001 top1=1.000 | val loss=0.0001 | t=0.1s
[finetune_replay] ep  34/300 | train loss=0.0001 top1=1.000 | val loss=0.0001 | t=0.1s  *
[finetune_replay] ep  35/300 | train loss=0.0001 top1=1.000 | val loss=0.0001 | t=0.1s  *
[finetune_replay] ep  36/300 | train loss=0.0001 top1=1.000 | val loss=0.0001 | t=0.1s
[finetune_replay] ep  37/300 | train loss=0.0001 top1=1.000 | val loss=0.0001 | t=0.1s  *
[finetune_replay] ep  38/300 | train loss=0.0001 top1=1.000 | val loss=0.0001 | t=0.1s
[finetune_replay] ep  39/300 | train loss=0.0001 top1=1.000 | val loss=0.0002 | t=0.1s
[finetune_replay] ep  40/300 | train loss=0.0001 top1=1.000 | val loss=0.0001 | t=0.1s
[finetune_replay] ep  41/300 | train loss=0.0001 top1=1.000 | val loss=0.0001 | t=0.1s
[finetune_replay] ep  42/300 | train loss=0.0001 top1=1.000 | val loss=0.0001 | t=0.1s
[finetune_replay] ep  43/300 | train loss=0.0001 top1=1.000 | val loss=0.0001 | t=0.1s
[finetune_replay] ep  44/300 | train loss=0.0001 top1=1.000 | val loss=0.0001 | t=0.1s  *
[finetune_replay] ep  45/300 | train loss=0.0001 top1=1.000 | val loss=0.0001 | t=0.1s  *
[finetune_replay] ep  46/300 | train loss=0.0001 top1=1.000 | val loss=0.0001 | t=0.1s  *
[finetune_replay] ep  47/300 | train loss=0.0001 top1=1.000 | val loss=0.0001 | t=0.1s
[finetune_replay] ep  48/300 | train loss=0.0001 top1=1.000 | val loss=0.0001 | t=0.1s
[finetune_replay] ep  49/300 | train loss=0.0001 top1=1.000 | val loss=0.0001 | t=0.1s
[finetune_replay] ep  50/300 | train loss=0.0001 top1=1.000 | val loss=0.0001 | t=0.1s
[finetune_replay] ep  51/300 | train loss=0.0001 top1=1.000 | val loss=0.0001 | t=0.1s
[finetune_replay] ep  52/300 | train loss=0.0001 top1=1.000 | val loss=0.0001 | t=0.1s
[finetune_replay] ep  53/300 | train loss=0.0001 top1=1.000 | val loss=0.0001 | t=0.1s
[finetune_replay] ep  54/300 | train loss=0.0001 top1=1.000 | val loss=0.0001 | t=0.1s
[finetune_replay] ep  55/300 | train loss=0.0001 top1=1.000 | val loss=0.0001 | t=0.1s  *
[finetune_replay] ep  56/300 | train loss=0.0001 top1=1.000 | val loss=0.0001 | t=0.1s  *
[finetune_replay] ep  57/300 | train loss=0.0001 top1=1.000 | val loss=0.0001 | t=0.1s  *
[finetune_replay] ep  58/300 | train loss=0.0001 top1=1.000 | val loss=0.0001 | t=0.1s
[finetune_replay] ep  59/300 | train loss=0.0001 top1=1.000 | val loss=0.0001 | t=0.1s
[finetune_replay] ep  60/300 | train loss=0.0001 top1=1.000 | val loss=0.0001 | t=0.1s
[finetune_replay] ep  61/300 | train loss=0.0001 top1=1.000 | val loss=0.0001 | t=0.1s
[finetune_replay] ep  62/300 | train loss=0.0001 top1=1.000 | val loss=0.0001 | t=0.1s
[finetune_replay] ep  63/300 | train loss=0.0001 top1=1.000 | val loss=0.0001 | t=0.1s
[finetune_replay] ep  64/300 | train loss=0.0001 top1=1.000 | val loss=0.0001 | t=0.1s
[finetune_replay] ep  65/300 | train loss=0.0001 top1=1.000 | val loss=0.0001 | t=0.1s
[finetune_replay] ep  66/300 | train loss=0.0001 top1=1.000 | val loss=0.0001 | t=0.1s  *
[finetune_replay] ep  67/300 | train loss=0.0001 top1=1.000 | val loss=0.0001 | t=0.1s  *
[finetune_replay] ep  68/300 | train loss=0.0001 top1=1.000 | val loss=0.0001 | t=0.1s  *
[finetune_replay] ep  69/300 | train loss=0.0001 top1=1.000 | val loss=0.0001 | t=0.1s
[finetune_replay] ep  70/300 | train loss=0.0001 top1=1.000 | val loss=0.0001 | t=0.1s
[finetune_replay] ep  71/300 | train loss=0.0001 top1=1.000 | val loss=0.0001 | t=0.1s
[finetune_replay] ep  72/300 | train loss=0.0001 top1=1.000 | val loss=0.0001 | t=0.1s
[finetune_replay] ep  73/300 | train loss=0.0001 top1=1.000 | val loss=0.0001 | t=0.1s
[finetune_replay] ep  74/300 | train loss=0.0001 top1=1.000 | val loss=0.0001 | t=0.1s
[finetune_replay] ep  75/300 | train loss=0.0001 top1=1.000 | val loss=0.0001 | t=0.1s
[finetune_replay] ep  76/300 | train loss=0.0001 top1=1.000 | val loss=0.0001 | t=0.1s
[finetune_replay] ep  77/300 | train loss=0.0001 top1=1.000 | val loss=0.0001 | t=0.1s
[finetune_replay] ep  78/300 | train loss=0.0001 top1=1.000 | val loss=0.0001 | t=0.1s
[finetune_replay] ep  79/300 | train loss=0.0001 top1=1.000 | val loss=0.0001 | t=0.1s
[finetune_replay] ep  80/300 | train loss=0.0001 top1=1.000 | val loss=0.0001 | t=0.1s
[finetune_replay] ep  81/300 | train loss=0.0001 top1=1.000 | val loss=0.0001 | t=0.1s
[finetune_replay] ep  82/300 | train loss=0.0001 top1=1.000 | val loss=0.0001 | t=0.1s
[finetune_replay] ep  83/300 | train loss=0.0001 top1=1.000 | val loss=0.0002 | t=0.1s
[finetune_replay] ep  84/300 | train loss=0.0001 top1=1.000 | val loss=0.0002 | t=0.1s
[finetune_replay] ep  85/300 | train loss=0.0001 top1=1.000 | val loss=0.0002 | t=0.1s
[finetune_replay] ep  86/300 | train loss=0.0001 top1=1.000 | val loss=0.0002 | t=0.1s
[finetune_replay] ep  87/300 | train loss=0.0001 top1=1.000 | val loss=0.0001 | t=0.1s
[finetune_replay] ep  88/300 | train loss=0.0001 top1=1.000 | val loss=0.0001 | t=0.1s
[finetune_replay] ep  89/300 | train loss=0.0001 top1=1.000 | val loss=0.0001 | t=0.1s
[finetune_replay] ep  90/300 | train loss=0.0001 top1=1.000 | val loss=0.0001 | t=0.1s  *
[finetune_replay] ep  91/300 | train loss=0.0001 top1=1.000 | val loss=0.0001 | t=0.1s
[finetune_replay] ep  92/300 | train loss=0.0001 top1=1.000 | val loss=0.0001 | t=0.1s  *
[finetune_replay] ep  93/300 | train loss=0.0001 top1=1.000 | val loss=0.0001 | t=0.1s
[finetune_replay] ep  94/300 | train loss=0.0001 top1=1.000 | val loss=0.0001 | t=0.1s
[finetune_replay] ep  95/300 | train loss=0.0001 top1=1.000 | val loss=0.0001 | t=0.1s
[finetune_replay] ep  96/300 | train loss=0.0001 top1=1.000 | val loss=0.0001 | t=0.1s
[finetune_replay] ep  97/300 | train loss=0.0000 top1=1.000 | val loss=0.0001 | t=0.1s
[finetune_replay] ep  98/300 | train loss=0.0001 top1=1.000 | val loss=0.0002 | t=0.1s
[finetune_replay] ep  99/300 | train loss=0.0003 top1=1.000 | val loss=0.0001 | t=0.1s
[finetune_replay] ep 100/300 | train loss=0.0002 top1=1.000 | val loss=0.0001 | t=0.1s
[finetune_replay] ep 101/300 | train loss=0.0001 top1=1.000 | val loss=0.0002 | t=0.1s
[finetune_replay] ep 102/300 | train loss=0.0003 top1=1.000 | val loss=0.0001 | t=0.1s
[finetune_replay] ep 103/300 | train loss=0.0001 top1=1.000 | val loss=0.0002 | t=0.1s
[finetune_replay] ep 104/300 | train loss=0.0002 top1=1.000 | val loss=0.0001 | t=0.1s
[finetune_replay] ep 105/300 | train loss=0.0001 top1=1.000 | val loss=0.0001 | t=0.1s
[finetune_replay] ep 106/300 | train loss=0.0001 top1=1.000 | val loss=0.0002 | t=0.1s
[finetune_replay] ep 107/300 | train loss=0.0001 top1=1.000 | val loss=0.0001 | t=0.1s
[finetune_replay] ep 108/300 | train loss=0.0001 top1=1.000 | val loss=0.0001 | t=0.1s
[finetune_replay] ep 109/300 | train loss=0.0000 top1=1.000 | val loss=0.0001 | t=0.1s
[finetune_replay] ep 110/300 | train loss=0.0001 top1=1.000 | val loss=0.0001 | t=0.1s
[finetune_replay] ep 111/300 | train loss=0.0001 top1=1.000 | val loss=0.0001 | t=0.1s
[finetune_replay] ep 112/300 | train loss=0.0000 top1=1.000 | val loss=0.0001 | t=0.1s
[finetune_replay] ep 113/300 | train loss=0.0001 top1=1.000 | val loss=0.0001 | t=0.1s
[finetune_replay] ep 114/300 | train loss=0.0000 top1=1.000 | val loss=0.0001 | t=0.1s
[finetune_replay] ep 115/300 | train loss=0.0001 top1=1.000 | val loss=0.0001 | t=0.1s
[finetune_replay] ep 116/300 | train loss=0.0000 top1=1.000 | val loss=0.0001 | t=0.1s
[finetune_replay] ep 117/300 | train loss=0.0000 top1=1.000 | val loss=0.0001 | t=0.1s
[finetune_replay] ep 118/300 | train loss=0.0001 top1=1.000 | val loss=0.0001 | t=0.1s
[finetune_replay] ep 119/300 | train loss=0.0001 top1=1.000 | val loss=0.0001 | t=0.1s
[finetune_replay] ep 120/300 | train loss=0.0001 top1=1.000 | val loss=0.0001 | t=0.1s
[finetune_replay] ep 121/300 | train loss=0.0000 top1=1.000 | val loss=0.0001 | t=0.1s
[finetune_replay] ep 122/300 | train loss=0.0000 top1=1.000 | val loss=0.0001 | t=0.1s
[finetune_replay] ep 123/300 | train loss=0.0000 top1=1.000 | val loss=0.0001 | t=0.1s
[finetune_replay] ep 124/300 | train loss=0.0001 top1=1.000 | val loss=0.0001 | t=0.1s
[finetune_replay] ep 125/300 | train loss=0.0000 top1=1.000 | val loss=0.0001 | t=0.1s
[finetune_replay] ep 126/300 | train loss=0.0000 top1=1.000 | val loss=0.0001 | t=0.1s
[finetune_replay] ep 127/300 | train loss=0.0001 top1=1.000 | val loss=0.0001 | t=0.1s
[finetune_replay] ep 128/300 | train loss=0.0001 top1=1.000 | val loss=0.0004 | t=0.1s
[finetune_replay] ep 129/300 | train loss=0.0002 top1=1.000 | val loss=0.0002 | t=0.1s
[finetune_replay] ep 130/300 | train loss=0.0001 top1=1.000 | val loss=0.0001 | t=0.1s  *
[finetune_replay] ep 131/300 | train loss=0.0001 top1=1.000 | val loss=0.0001 | t=0.1s
[finetune_replay] ep 132/300 | train loss=0.0002 top1=1.000 | val loss=0.0001 | t=0.1s  *
[finetune_replay] ep 133/300 | train loss=0.0001 top1=1.000 | val loss=0.0002 | t=0.1s
[finetune_replay] ep 134/300 | train loss=0.0001 top1=1.000 | val loss=0.0002 | t=0.1s
[finetune_replay] ep 135/300 | train loss=0.0001 top1=1.000 | val loss=0.0001 | t=0.1s
[finetune_replay] ep 136/300 | train loss=0.0003 top1=1.000 | val loss=0.0019 | t=0.1s
[finetune_replay] ep 137/300 | train loss=0.0015 top1=1.000 | val loss=0.0372 | t=0.1s
[finetune_replay] ep 138/300 | train loss=0.0036 top1=1.000 | val loss=0.0017 | t=0.1s
[finetune_replay] ep 139/300 | train loss=0.0038 top1=1.000 | val loss=0.0008 | t=0.1s
[finetune_replay] ep 140/300 | train loss=0.0021 top1=1.000 | val loss=0.0007 | t=0.1s
[finetune_replay] ep 141/300 | train loss=0.0006 top1=1.000 | val loss=0.0015 | t=0.1s
[finetune_replay] ep 142/300 | train loss=0.0009 top1=1.000 | val loss=0.0006 | t=0.1s
[finetune_replay] ep 143/300 | train loss=0.0024 top1=1.000 | val loss=0.0005 | t=0.1s
[finetune_replay] ep 144/300 | train loss=0.0003 top1=1.000 | val loss=0.0024 | t=0.1s
[finetune_replay] ep 145/300 | train loss=0.0011 top1=1.000 | val loss=0.0016 | t=0.1s
[finetune_replay] ep 146/300 | train loss=0.0006 top1=1.000 | val loss=0.0013 | t=0.1s
[finetune_replay] ep 147/300 | train loss=0.0004 top1=1.000 | val loss=0.0033 | t=0.1s
[finetune_replay] ep 148/300 | train loss=0.0005 top1=1.000 | val loss=0.0012 | t=0.1s
[finetune_replay] ep 149/300 | train loss=0.0002 top1=1.000 | val loss=0.0006 | t=0.1s
[finetune_replay] ep 150/300 | train loss=0.0001 top1=1.000 | val loss=0.0004 | t=0.1s
[finetune_replay] ep 151/300 | train loss=0.0001 top1=1.000 | val loss=0.0004 | t=0.1s
[finetune_replay] ep 152/300 | train loss=0.0002 top1=1.000 | val loss=0.0004 | t=0.1s
[finetune_replay] ep 153/300 | train loss=0.0001 top1=1.000 | val loss=0.0003 | t=0.1s
[finetune_replay] ep 154/300 | train loss=0.0001 top1=1.000 | val loss=0.0003 | t=0.1s
[finetune_replay] ep 155/300 | train loss=0.0001 top1=1.000 | val loss=0.0002 | t=0.1s
[finetune_replay] ep 156/300 | train loss=0.0001 top1=1.000 | val loss=0.0002 | t=0.1s
[finetune_replay] ep 157/300 | train loss=0.0001 top1=1.000 | val loss=0.0002 | t=0.1s
[finetune_replay] ep 158/300 | train loss=0.0001 top1=1.000 | val loss=0.0004 | t=0.1s
[finetune_replay] ep 159/300 | train loss=0.0001 top1=1.000 | val loss=0.0009 | t=0.1s
[finetune_replay] ep 160/300 | train loss=0.0002 top1=1.000 | val loss=0.0009 | t=0.1s
[finetune_replay] ep 161/300 | train loss=0.0002 top1=1.000 | val loss=0.0004 | t=0.1s
[finetune_replay] ep 162/300 | train loss=0.0001 top1=1.000 | val loss=0.0003 | t=0.1s
[finetune_replay] ep 163/300 | train loss=0.0001 top1=1.000 | val loss=0.0002 | t=0.1s
[finetune_replay] ep 164/300 | train loss=0.0001 top1=1.000 | val loss=0.0002 | t=0.1s
[finetune_replay] ep 165/300 | train loss=0.0001 top1=1.000 | val loss=0.0002 | t=0.1s
[finetune_replay] ep 166/300 | train loss=0.0001 top1=1.000 | val loss=0.0002 | t=0.1s
[finetune_replay] ep 167/300 | train loss=0.0001 top1=1.000 | val loss=0.0002 | t=0.1s
[finetune_replay] ep 168/300 | train loss=0.0001 top1=1.000 | val loss=0.0002 | t=0.1s
[finetune_replay] ep 169/300 | train loss=0.0001 top1=1.000 | val loss=0.0002 | t=0.1s
[finetune_replay] ep 170/300 | train loss=0.0001 top1=1.000 | val loss=0.0002 | t=0.1s
[finetune_replay] ep 171/300 | train loss=0.0000 top1=1.000 | val loss=0.0002 | t=0.2s
[finetune_replay] ep 172/300 | train loss=0.0001 top1=1.000 | val loss=0.0002 | t=0.1s
[finetune_replay] ep 173/300 | train loss=0.0001 top1=1.000 | val loss=0.0002 | t=0.1s
[finetune_replay] ep 174/300 | train loss=0.0001 top1=1.000 | val loss=0.0002 | t=0.1s
[finetune_replay] ep 175/300 | train loss=0.0001 top1=1.000 | val loss=0.0002 | t=0.1s
[finetune_replay] ep 176/300 | train loss=0.0001 top1=1.000 | val loss=0.0002 | t=0.1s
[finetune_replay] ep 177/300 | train loss=0.0001 top1=1.000 | val loss=0.0002 | t=0.1s
[finetune_replay] ep 178/300 | train loss=0.0001 top1=1.000 | val loss=0.0002 | t=0.1s
[finetune_replay] ep 179/300 | train loss=0.0001 top1=1.000 | val loss=0.0002 | t=0.1s
[finetune_replay] ep 180/300 | train loss=0.0001 top1=1.000 | val loss=0.0002 | t=0.1s
[finetune_replay] ep 181/300 | train loss=0.0000 top1=1.000 | val loss=0.0002 | t=0.1s
[finetune_replay] ep 182/300 | train loss=0.0000 top1=1.000 | val loss=0.0002 | t=0.1s
[finetune_replay] ep 183/300 | train loss=0.0000 top1=1.000 | val loss=0.0001 | t=0.1s
[finetune_replay] ep 184/300 | train loss=0.0001 top1=1.000 | val loss=0.0001 | t=0.1s
[finetune_replay] ep 185/300 | train loss=0.0001 top1=1.000 | val loss=0.0001 | t=0.1s
[finetune_replay] ep 186/300 | train loss=0.0000 top1=1.000 | val loss=0.0001 | t=0.1s
[finetune_replay] ep 187/300 | train loss=0.0001 top1=1.000 | val loss=0.0001 | t=0.1s
[finetune_replay] ep 188/300 | train loss=0.0000 top1=1.000 | val loss=0.0001 | t=0.1s
[finetune_replay] ep 189/300 | train loss=0.0000 top1=1.000 | val loss=0.0001 | t=0.1s
[finetune_replay] ep 190/300 | train loss=0.0000 top1=1.000 | val loss=0.0001 | t=0.1s
[finetune_replay] ep 191/300 | train loss=0.0001 top1=1.000 | val loss=0.0001 | t=0.1s
[finetune_replay] ep 192/300 | train loss=0.0001 top1=1.000 | val loss=0.0001 | t=0.1s
[finetune_replay] ep 193/300 | train loss=0.0000 top1=1.000 | val loss=0.0001 | t=0.1s
[finetune_replay] ep 194/300 | train loss=0.0000 top1=1.000 | val loss=0.0001 | t=0.1s
[finetune_replay] ep 195/300 | train loss=0.0000 top1=1.000 | val loss=0.0001 | t=0.1s
[finetune_replay] ep 196/300 | train loss=0.0001 top1=1.000 | val loss=0.0001 | t=0.1s
[finetune_replay] ep 197/300 | train loss=0.0001 top1=1.000 | val loss=0.0001 | t=0.1s
[finetune_replay] ep 198/300 | train loss=0.0000 top1=1.000 | val loss=0.0001 | t=0.1s
[finetune_replay] ep 199/300 | train loss=0.0000 top1=1.000 | val loss=0.0001 | t=0.1s
[finetune_replay] ep 200/300 | train loss=0.0000 top1=1.000 | val loss=0.0001 | t=0.1s
[finetune_replay] ep 201/300 | train loss=0.0000 top1=1.000 | val loss=0.0001 | t=0.1s
[finetune_replay] ep 202/300 | train loss=0.0000 top1=1.000 | val loss=0.0001 | t=0.1s
[finetune_replay] ep 203/300 | train loss=0.0000 top1=1.000 | val loss=0.0001 | t=0.1s
[finetune_replay] ep 204/300 | train loss=0.0000 top1=1.000 | val loss=0.0001 | t=0.1s
[finetune_replay] ep 205/300 | train loss=0.0000 top1=1.000 | val loss=0.0001 | t=0.1s
[finetune_replay] ep 206/300 | train loss=0.0000 top1=1.000 | val loss=0.0001 | t=0.1s
[finetune_replay] ep 207/300 | train loss=0.0000 top1=1.000 | val loss=0.0001 | t=0.1s
[finetune_replay] ep 208/300 | train loss=0.0001 top1=1.000 | val loss=0.0001 | t=0.1s
[finetune_replay] ep 209/300 | train loss=0.0000 top1=1.000 | val loss=0.0001 | t=0.1s
[finetune_replay] ep 210/300 | train loss=0.0000 top1=1.000 | val loss=0.0001 | t=0.1s
[finetune_replay] ep 211/300 | train loss=0.0000 top1=1.000 | val loss=0.0001 | t=0.1s
[finetune_replay] ep 212/300 | train loss=0.0000 top1=1.000 | val loss=0.0001 | t=0.1s
[finetune_replay] ep 213/300 | train loss=0.0000 top1=1.000 | val loss=0.0001 | t=0.1s
[finetune_replay] ep 214/300 | train loss=0.0000 top1=1.000 | val loss=0.0001 | t=0.1s
[finetune_replay] ep 215/300 | train loss=0.0000 top1=1.000 | val loss=0.0001 | t=0.1s
[finetune_replay] ep 216/300 | train loss=0.0000 top1=1.000 | val loss=0.0001 | t=0.1s
[finetune_replay] ep 217/300 | train loss=0.0001 top1=1.000 | val loss=0.0001 | t=0.1s
[finetune_replay] ep 218/300 | train loss=0.0000 top1=1.000 | val loss=0.0001 | t=0.1s
[finetune_replay] ep 219/300 | train loss=0.0000 top1=1.000 | val loss=0.0002 | t=0.1s
[finetune_replay] ep 220/300 | train loss=0.0001 top1=1.000 | val loss=0.0002 | t=0.1s
[finetune_replay] ep 221/300 | train loss=0.0000 top1=1.000 | val loss=0.0002 | t=0.1s
[finetune_replay] ep 222/300 | train loss=0.0001 top1=1.000 | val loss=0.0002 | t=0.1s
[finetune_replay] ep 223/300 | train loss=0.0001 top1=1.000 | val loss=0.0002 | t=0.1s
[finetune_replay] ep 224/300 | train loss=0.0001 top1=1.000 | val loss=0.0002 | t=0.1s
[finetune_replay] ep 225/300 | train loss=0.0000 top1=1.000 | val loss=0.0001 | t=0.1s
[finetune_replay] ep 226/300 | train loss=0.0000 top1=1.000 | val loss=0.0001 | t=0.1s
[finetune_replay] ep 227/300 | train loss=0.0001 top1=1.000 | val loss=0.0001 | t=0.1s
[finetune_replay] ep 228/300 | train loss=0.0001 top1=1.000 | val loss=0.0001 | t=0.1s
[finetune_replay] ep 229/300 | train loss=0.0001 top1=1.000 | val loss=0.0001 | t=0.1s
[finetune_replay] ep 230/300 | train loss=0.0000 top1=1.000 | val loss=0.0001 | t=0.1s
[finetune_replay] ep 231/300 | train loss=0.0000 top1=1.000 | val loss=0.0001 | t=0.1s
[finetune_replay] ep 232/300 | train loss=0.0001 top1=1.000 | val loss=0.0001 | t=0.1s
[finetune_replay] ep 233/300 | train loss=0.0000 top1=1.000 | val loss=0.0001 | t=0.1s
[finetune_replay] ep 234/300 | train loss=0.0000 top1=1.000 | val loss=0.0001 | t=0.1s
[finetune_replay] ep 235/300 | train loss=0.0000 top1=1.000 | val loss=0.0001 | t=0.1s
[finetune_replay] ep 236/300 | train loss=0.0000 top1=1.000 | val loss=0.0001 | t=0.1s
[finetune_replay] ep 237/300 | train loss=0.0000 top1=1.000 | val loss=0.0001 | t=0.1s
[finetune_replay] ep 238/300 | train loss=0.0000 top1=1.000 | val loss=0.0001 | t=0.1s
[finetune_replay] ep 239/300 | train loss=0.0001 top1=1.000 | val loss=0.0001 | t=0.1s
[finetune_replay] ep 240/300 | train loss=0.0000 top1=1.000 | val loss=0.0001 | t=0.1s
[finetune_replay] ep 241/300 | train loss=0.0000 top1=1.000 | val loss=0.0001 | t=0.1s
[finetune_replay] ep 242/300 | train loss=0.0000 top1=1.000 | val loss=0.0001 | t=0.1s
[finetune_replay] ep 243/300 | train loss=0.0000 top1=1.000 | val loss=0.0001 | t=0.1s
[finetune_replay] ep 244/300 | train loss=0.0000 top1=1.000 | val loss=0.0001 | t=0.1s
[finetune_replay] ep 245/300 | train loss=0.0000 top1=1.000 | val loss=0.0001 | t=0.1s
[finetune_replay] ep 246/300 | train loss=0.0000 top1=1.000 | val loss=0.0001 | t=0.1s
[finetune_replay] ep 247/300 | train loss=0.0000 top1=1.000 | val loss=0.0001 | t=0.1s
[finetune_replay] ep 248/300 | train loss=0.0000 top1=1.000 | val loss=0.0001 | t=0.1s
[finetune_replay] ep 249/300 | train loss=0.0000 top1=1.000 | val loss=0.0001 | t=0.1s
[finetune_replay] ep 250/300 | train loss=0.0000 top1=1.000 | val loss=0.0001 | t=0.1s
[finetune_replay] ep 251/300 | train loss=0.0000 top1=1.000 | val loss=0.0001 | t=0.1s
[finetune_replay] ep 252/300 | train loss=0.0000 top1=1.000 | val loss=0.0001 | t=0.1s
[finetune_replay] ep 253/300 | train loss=0.0000 top1=1.000 | val loss=0.0001 | t=0.1s
[finetune_replay] ep 254/300 | train loss=0.0000 top1=1.000 | val loss=0.0001 | t=0.1s
[finetune_replay] ep 255/300 | train loss=0.0000 top1=1.000 | val loss=0.0001 | t=0.1s
[finetune_replay] ep 256/300 | train loss=0.0000 top1=1.000 | val loss=0.0001 | t=0.1s
[finetune_replay] ep 257/300 | train loss=0.0000 top1=1.000 | val loss=0.0001 | t=0.1s
[finetune_replay] ep 258/300 | train loss=0.0000 top1=1.000 | val loss=0.0001 | t=0.1s
[finetune_replay] ep 259/300 | train loss=0.0000 top1=1.000 | val loss=0.0001 | t=0.1s
[finetune_replay] ep 260/300 | train loss=0.0000 top1=1.000 | val loss=0.0001 | t=0.1s
[finetune_replay] ep 261/300 | train loss=0.0000 top1=1.000 | val loss=0.0001 | t=0.1s
[finetune_replay] ep 262/300 | train loss=0.0000 top1=1.000 | val loss=0.0001 | t=0.1s
[finetune_replay] ep 263/300 | train loss=0.0000 top1=1.000 | val loss=0.0001 | t=0.1s
[finetune_replay] ep 264/300 | train loss=0.0000 top1=1.000 | val loss=0.0001 | t=0.1s
[finetune_replay] ep 265/300 | train loss=0.0000 top1=1.000 | val loss=0.0001 | t=0.1s
[finetune_replay] ep 266/300 | train loss=0.0000 top1=1.000 | val loss=0.0001 | t=0.1s
[finetune_replay] ep 267/300 | train loss=0.0000 top1=1.000 | val loss=0.0001 | t=0.1s
[finetune_replay] ep 268/300 | train loss=0.0000 top1=1.000 | val loss=0.0001 | t=0.1s
[finetune_replay] ep 269/300 | train loss=0.0000 top1=1.000 | val loss=0.0001 | t=0.1s
[finetune_replay] ep 270/300 | train loss=0.0000 top1=1.000 | val loss=0.0001 | t=0.1s
[finetune_replay] ep 271/300 | train loss=0.0000 top1=1.000 | val loss=0.0001 | t=0.1s
[finetune_replay] ep 272/300 | train loss=0.0000 top1=1.000 | val loss=0.0001 | t=0.1s
[finetune_replay] ep 273/300 | train loss=0.0000 top1=1.000 | val loss=0.0001 | t=0.1s
[finetune_replay] ep 274/300 | train loss=0.0000 top1=1.000 | val loss=0.0001 | t=0.1s
[finetune_replay] ep 275/300 | train loss=0.0000 top1=1.000 | val loss=0.0001 | t=0.1s
[finetune_replay] ep 276/300 | train loss=0.0000 top1=1.000 | val loss=0.0001 | t=0.1s
[finetune_replay] ep 277/300 | train loss=0.0000 top1=1.000 | val loss=0.0001 | t=0.1s
[finetune_replay] ep 278/300 | train loss=0.0000 top1=1.000 | val loss=0.0001 | t=0.1s
[finetune_replay] ep 279/300 | train loss=0.0000 top1=1.000 | val loss=0.0001 | t=0.1s
[finetune_replay] ep 280/300 | train loss=0.0000 top1=1.000 | val loss=0.0001 | t=0.1s
[finetune_replay] ep 281/300 | train loss=0.0000 top1=1.000 | val loss=0.0001 | t=0.1s
[finetune_replay] ep 282/300 | train loss=0.0000 top1=1.000 | val loss=0.0001 | t=0.1s
[finetune_replay] ep 283/300 | train loss=0.0000 top1=1.000 | val loss=0.0001 | t=0.1s
[finetune_replay] ep 284/300 | train loss=0.0000 top1=1.000 | val loss=0.0001 | t=0.1s
[finetune_replay] ep 285/300 | train loss=0.0000 top1=1.000 | val loss=0.0001 | t=0.1s
[finetune_replay] ep 286/300 | train loss=0.0000 top1=1.000 | val loss=0.0001 | t=0.1s
[finetune_replay] ep 287/300 | train loss=0.0000 top1=1.000 | val loss=0.0001 | t=0.1s
[finetune_replay] ep 288/300 | train loss=0.0000 top1=1.000 | val loss=0.0001 | t=0.1s
[finetune_replay] ep 289/300 | train loss=0.0000 top1=1.000 | val loss=0.0001 | t=0.1s
[finetune_replay] ep 290/300 | train loss=0.0000 top1=1.000 | val loss=0.0001 | t=0.1s
[finetune_replay] ep 291/300 | train loss=0.0000 top1=1.000 | val loss=0.0001 | t=0.1s
[finetune_replay] ep 292/300 | train loss=0.0000 top1=1.000 | val loss=0.0001 | t=0.1s
[finetune_replay] ep 293/300 | train loss=0.0000 top1=1.000 | val loss=0.0001 | t=0.1s
[finetune_replay] ep 294/300 | train loss=0.0000 top1=1.000 | val loss=0.0001 | t=0.1s
[finetune_replay] ep 295/300 | train loss=0.0000 top1=1.000 | val loss=0.0001 | t=0.1s
[finetune_replay] ep 296/300 | train loss=0.0000 top1=1.000 | val loss=0.0001 | t=0.1s
[finetune_replay] ep 297/300 | train loss=0.0000 top1=1.000 | val loss=0.0001 | t=0.1s
[finetune_replay] ep 298/300 | train loss=0.0000 top1=1.000 | val loss=0.0001 | t=0.1s
[finetune_replay] ep 299/300 | train loss=0.0000 top1=1.000 | val loss=0.0001 | t=0.1s
[finetune_replay] ep 300/300 | train loss=0.0000 top1=1.000 | val loss=0.0001 | t=0.1s
[finetune_replay] DONE best_val_loss=0.0001 @ epoch 132
[19:46:23] [bo-budget] $ /home/s226137394/.conda/envs/maze/bin/python3 -u -m Equivariant_pathway.equivariant_CNN_hybrid.rollout_test --checkpoint /weka/s226137394/DmNfull/Equivariant_pathway/equivariant_CNN_hybrid/baseline_vs_p4/pool_x_selector/results_hpsweep/e300_lr0.0001_rm0.7_do0/run_6/p4_top3_rotate/checkpoints/best_hybrid_policy.pth --layouts /weka/s226137394/DmNfull/Equivariant_pathway/equivariant_CNN_hybrid/baseline_vs_p4/shared/heldout_layouts.yaml --out_dir /weka/s226137394/DmNfull/Equivariant_pathway/equivariant_CNN_hybrid/baseline_vs_p4/pool_x_selector/results_hpsweep/e300_lr0.0001_rm0.7_do0/run_6/p4_top3_rotate/results/eval_round_007 --seed 13 --max_steps 60
[hybrid-rollout] 200 unique; running 200 eps
[hybrid-rollout] loaded /weka/s226137394/DmNfull/Equivariant_pathway/equivariant_CNN_hybrid/baseline_vs_p4/pool_x_selector/results_hpsweep/e300_lr0.0001_rm0.7_do0/run_6/p4_top3_rotate/checkpoints/best_hybrid_policy.pth
[hybrid-rollout] ep 0 (heldout_001): steps=5 success=True
[hybrid-rollout] ep 1 (heldout_002): steps=4 success=True
[hybrid-rollout] ep 2 (heldout_003): steps=60 success=False
[hybrid-rollout] ep 3 (heldout_004): steps=6 success=True
[hybrid-rollout] ep 4 (heldout_005): steps=5 success=True
[hybrid-rollout] ep 5 (heldout_006): steps=3 success=False
[hybrid-rollout] ep 6 (heldout_007): steps=5 success=True
[hybrid-rollout] ep 7 (heldout_008): steps=4 success=True
[hybrid-rollout] ep 8 (heldout_009): steps=6 success=True
[hybrid-rollout] ep 9 (heldout_010): steps=8 success=True
[hybrid-rollout] ep 10 (heldout_011): steps=4 success=True
[hybrid-rollout] ep 11 (heldout_012): steps=4 success=True
[hybrid-rollout] ep 12 (heldout_013): steps=5 success=True
[hybrid-rollout] ep 13 (heldout_014): steps=5 success=True
[hybrid-rollout] ep 14 (heldout_015): steps=4 success=True
[hybrid-rollout] ep 15 (heldout_016): steps=5 success=True
[hybrid-rollout] ep 16 (heldout_017): steps=4 success=True
[hybrid-rollout] ep 17 (heldout_018): steps=60 success=False
[hybrid-rollout] ep 18 (heldout_019): steps=5 success=True
[hybrid-rollout] ep 19 (heldout_020): steps=5 success=True
[hybrid-rollout] ep 20 (heldout_021): steps=4 success=True
[hybrid-rollout] ep 21 (heldout_022): steps=4 success=True
[hybrid-rollout] ep 22 (heldout_023): steps=7 success=True
[hybrid-rollout] ep 23 (heldout_024): steps=60 success=False
[hybrid-rollout] ep 24 (heldout_025): steps=4 success=True
[hybrid-rollout] ep 25 (heldout_026): steps=4 success=True
[hybrid-rollout] ep 26 (heldout_027): steps=4 success=True
[hybrid-rollout] ep 27 (heldout_028): steps=4 success=True
[hybrid-rollout] ep 28 (heldout_029): steps=7 success=True
[hybrid-rollout] ep 29 (heldout_030): steps=60 success=False
[hybrid-rollout] ep 30 (heldout_031): steps=5 success=True
[hybrid-rollout] ep 31 (heldout_032): steps=7 success=True
[hybrid-rollout] ep 32 (heldout_033): steps=4 success=True
[hybrid-rollout] ep 33 (heldout_034): steps=5 success=True
[hybrid-rollout] ep 34 (heldout_035): steps=6 success=True
[hybrid-rollout] ep 35 (heldout_036): steps=5 success=True
[hybrid-rollout] ep 36 (heldout_037): steps=4 success=True
[hybrid-rollout] ep 37 (heldout_038): steps=60 success=False
[hybrid-rollout] ep 38 (heldout_039): steps=6 success=True
[hybrid-rollout] ep 39 (heldout_040): steps=5 success=True
[hybrid-rollout] ep 40 (heldout_041): steps=6 success=True
[hybrid-rollout] ep 41 (heldout_042): steps=60 success=False
[hybrid-rollout] ep 42 (heldout_043): steps=4 success=True
[hybrid-rollout] ep 43 (heldout_044): steps=5 success=True
[hybrid-rollout] ep 44 (heldout_045): steps=5 success=True
[hybrid-rollout] ep 45 (heldout_046): steps=4 success=True
[hybrid-rollout] ep 46 (heldout_047): steps=3 success=False
[hybrid-rollout] ep 47 (heldout_048): steps=6 success=True
[hybrid-rollout] ep 48 (heldout_049): steps=60 success=False
[hybrid-rollout] ep 49 (heldout_050): steps=4 success=True
[hybrid-rollout] ep 50 (heldout_051): steps=4 success=True
[hybrid-rollout] ep 51 (heldout_052): steps=4 success=True
[hybrid-rollout] ep 52 (heldout_053): steps=6 success=True
[hybrid-rollout] ep 53 (heldout_054): steps=4 success=True
[hybrid-rollout] ep 54 (heldout_055): steps=60 success=False
[hybrid-rollout] ep 55 (heldout_056): steps=4 success=True
[hybrid-rollout] ep 56 (heldout_057): steps=4 success=True
[hybrid-rollout] ep 57 (heldout_058): steps=4 success=True
[hybrid-rollout] ep 58 (heldout_059): steps=5 success=True
[hybrid-rollout] ep 59 (heldout_060): steps=6 success=True
[hybrid-rollout] ep 60 (heldout_061): steps=5 success=True
[hybrid-rollout] ep 61 (heldout_062): steps=6 success=True
[hybrid-rollout] ep 62 (heldout_063): steps=5 success=True
[hybrid-rollout] ep 63 (heldout_064): steps=4 success=True
[hybrid-rollout] ep 64 (heldout_065): steps=7 success=True
[hybrid-rollout] ep 65 (heldout_066): steps=6 success=True
[hybrid-rollout] ep 66 (heldout_067): steps=5 success=True
[hybrid-rollout] ep 67 (heldout_068): steps=4 success=True
[hybrid-rollout] ep 68 (heldout_069): steps=4 success=True
[hybrid-rollout] ep 69 (heldout_070): steps=7 success=True
[hybrid-rollout] ep 70 (heldout_071): steps=5 success=True
[hybrid-rollout] ep 71 (heldout_072): steps=5 success=True
[hybrid-rollout] ep 72 (heldout_073): steps=3 success=False
[hybrid-rollout] ep 73 (heldout_074): steps=4 success=True
[hybrid-rollout] ep 74 (heldout_075): steps=5 success=True
[hybrid-rollout] ep 75 (heldout_076): steps=60 success=False
[hybrid-rollout] ep 76 (heldout_077): steps=4 success=True
[hybrid-rollout] ep 77 (heldout_078): steps=3 success=False
[hybrid-rollout] ep 78 (heldout_079): steps=4 success=True
[hybrid-rollout] ep 79 (heldout_080): steps=4 success=True
[hybrid-rollout] ep 80 (heldout_081): steps=5 success=True
[hybrid-rollout] ep 81 (heldout_082): steps=5 success=True
[hybrid-rollout] ep 82 (heldout_083): steps=4 success=True
[hybrid-rollout] ep 83 (heldout_084): steps=5 success=True
[hybrid-rollout] ep 84 (heldout_085): steps=60 success=False
[hybrid-rollout] ep 85 (heldout_086): steps=6 success=True
[hybrid-rollout] ep 86 (heldout_087): steps=7 success=True
[hybrid-rollout] ep 87 (heldout_088): steps=4 success=True
[hybrid-rollout] ep 88 (heldout_089): steps=3 success=False
[hybrid-rollout] ep 89 (heldout_090): steps=4 success=True
[hybrid-rollout] ep 90 (heldout_091): steps=4 success=False
[hybrid-rollout] ep 91 (heldout_092): steps=5 success=True
[hybrid-rollout] ep 92 (heldout_093): steps=6 success=True
[hybrid-rollout] ep 93 (heldout_094): steps=6 success=True
[hybrid-rollout] ep 94 (heldout_095): steps=7 success=True
[hybrid-rollout] ep 95 (heldout_096): steps=60 success=False
[hybrid-rollout] ep 96 (heldout_097): steps=5 success=True
[hybrid-rollout] ep 97 (heldout_098): steps=60 success=False
[hybrid-rollout] ep 98 (heldout_099): steps=60 success=False
[hybrid-rollout] ep 99 (heldout_100): steps=8 success=True
[hybrid-rollout] ep 100 (heldout_101): steps=4 success=True
[hybrid-rollout] ep 101 (heldout_102): steps=4 success=True
[hybrid-rollout] ep 102 (heldout_103): steps=60 success=False
[hybrid-rollout] ep 103 (heldout_104): steps=6 success=True
[hybrid-rollout] ep 104 (heldout_105): steps=60 success=False
[hybrid-rollout] ep 105 (heldout_106): steps=6 success=True
[hybrid-rollout] ep 106 (heldout_107): steps=4 success=True
[hybrid-rollout] ep 107 (heldout_108): steps=4 success=True
[hybrid-rollout] ep 108 (heldout_109): steps=4 success=True
[hybrid-rollout] ep 109 (heldout_110): steps=4 success=True
[hybrid-rollout] ep 110 (heldout_111): steps=5 success=False
[hybrid-rollout] ep 111 (heldout_112): steps=5 success=True
[hybrid-rollout] ep 112 (heldout_113): steps=5 success=True
[hybrid-rollout] ep 113 (heldout_114): steps=60 success=False
[hybrid-rollout] ep 114 (heldout_115): steps=4 success=True
[hybrid-rollout] ep 115 (heldout_116): steps=5 success=True
[hybrid-rollout] ep 116 (heldout_117): steps=60 success=False
[hybrid-rollout] ep 117 (heldout_118): steps=9 success=True
[hybrid-rollout] ep 118 (heldout_119): steps=4 success=True
[hybrid-rollout] ep 119 (heldout_120): steps=7 success=True
[hybrid-rollout] ep 120 (heldout_121): steps=4 success=True
[hybrid-rollout] ep 121 (heldout_122): steps=4 success=True
[hybrid-rollout] ep 122 (heldout_123): steps=6 success=True
[hybrid-rollout] ep 123 (heldout_124): steps=60 success=False
[hybrid-rollout] ep 124 (heldout_125): steps=4 success=True
[hybrid-rollout] ep 125 (heldout_126): steps=4 success=True
[hybrid-rollout] ep 126 (heldout_127): steps=60 success=False
[hybrid-rollout] ep 127 (heldout_128): steps=7 success=True
[hybrid-rollout] ep 128 (heldout_129): steps=60 success=False
[hybrid-rollout] ep 129 (heldout_130): steps=4 success=True
[hybrid-rollout] ep 130 (heldout_131): steps=5 success=False
[hybrid-rollout] ep 131 (heldout_132): steps=4 success=True
[hybrid-rollout] ep 132 (heldout_133): steps=4 success=True
[hybrid-rollout] ep 133 (heldout_134): steps=60 success=False
[hybrid-rollout] ep 134 (heldout_135): steps=6 success=True
[hybrid-rollout] ep 135 (heldout_136): steps=5 success=True
[hybrid-rollout] ep 136 (heldout_137): steps=60 success=False
[hybrid-rollout] ep 137 (heldout_138): steps=4 success=True
[hybrid-rollout] ep 138 (heldout_139): steps=4 success=True
[hybrid-rollout] ep 139 (heldout_140): steps=5 success=True
[hybrid-rollout] ep 140 (heldout_141): steps=5 success=True
[hybrid-rollout] ep 141 (heldout_142): steps=4 success=True
[hybrid-rollout] ep 142 (heldout_143): steps=8 success=True
[hybrid-rollout] ep 143 (heldout_144): steps=4 success=True
[hybrid-rollout] ep 144 (heldout_145): steps=5 success=True
[hybrid-rollout] ep 145 (heldout_146): steps=7 success=True
[hybrid-rollout] ep 146 (heldout_147): steps=4 success=True
[hybrid-rollout] ep 147 (heldout_148): steps=60 success=False
[hybrid-rollout] ep 148 (heldout_149): steps=5 success=True
[hybrid-rollout] ep 149 (heldout_150): steps=4 success=True
[hybrid-rollout] ep 150 (heldout_151): steps=5 success=True
[hybrid-rollout] ep 151 (heldout_152): steps=6 success=True
[hybrid-rollout] ep 152 (heldout_153): steps=5 success=True
[hybrid-rollout] ep 153 (heldout_154): steps=60 success=False
[hybrid-rollout] ep 154 (heldout_155): steps=6 success=True
[hybrid-rollout] ep 155 (heldout_156): steps=60 success=False
[hybrid-rollout] ep 156 (heldout_157): steps=4 success=True
[hybrid-rollout] ep 157 (heldout_158): steps=3 success=False
[hybrid-rollout] ep 158 (heldout_159): steps=6 success=True
[hybrid-rollout] ep 159 (heldout_160): steps=60 success=False
[hybrid-rollout] ep 160 (heldout_161): steps=60 success=False
[hybrid-rollout] ep 161 (heldout_162): steps=5 success=True
[hybrid-rollout] ep 162 (heldout_163): steps=4 success=True
[hybrid-rollout] ep 163 (heldout_164): steps=6 success=True
[hybrid-rollout] ep 164 (heldout_165): steps=5 success=True
[hybrid-rollout] ep 165 (heldout_166): steps=60 success=False
[hybrid-rollout] ep 166 (heldout_167): steps=4 success=True
[hybrid-rollout] ep 167 (heldout_168): steps=4 success=True
[hybrid-rollout] ep 168 (heldout_169): steps=4 success=False
[hybrid-rollout] ep 169 (heldout_170): steps=5 success=False
[hybrid-rollout] ep 170 (heldout_171): steps=4 success=True
[hybrid-rollout] ep 171 (heldout_172): steps=5 success=True
[hybrid-rollout] ep 172 (heldout_173): steps=4 success=True
[hybrid-rollout] ep 173 (heldout_174): steps=5 success=True
[hybrid-rollout] ep 174 (heldout_175): steps=5 success=True
[hybrid-rollout] ep 175 (heldout_176): steps=6 success=True
[hybrid-rollout] ep 176 (heldout_177): steps=6 success=True
[hybrid-rollout] ep 177 (heldout_178): steps=5 success=True
[hybrid-rollout] ep 178 (heldout_179): steps=5 success=True
[hybrid-rollout] ep 179 (heldout_180): steps=4 success=True
[hybrid-rollout] ep 180 (heldout_181): steps=5 success=True
[hybrid-rollout] ep 181 (heldout_182): steps=4 success=True
[hybrid-rollout] ep 182 (heldout_183): steps=5 success=True
[hybrid-rollout] ep 183 (heldout_184): steps=7 success=True
[hybrid-rollout] ep 184 (heldout_185): steps=5 success=True
[hybrid-rollout] ep 185 (heldout_186): steps=4 success=True
[hybrid-rollout] ep 186 (heldout_187): steps=5 success=True
[hybrid-rollout] ep 187 (heldout_188): steps=5 success=True
[hybrid-rollout] ep 188 (heldout_189): steps=5 success=True
[hybrid-rollout] ep 189 (heldout_190): steps=7 success=True
[hybrid-rollout] ep 190 (heldout_191): steps=4 success=True
[hybrid-rollout] ep 191 (heldout_192): steps=5 success=True
[hybrid-rollout] ep 192 (heldout_193): steps=60 success=False
[hybrid-rollout] ep 193 (heldout_194): steps=6 success=True
[hybrid-rollout] ep 194 (heldout_195): steps=5 success=True
[hybrid-rollout] ep 195 (heldout_196): steps=4 success=True
[hybrid-rollout] ep 196 (heldout_197): steps=5 success=True
[hybrid-rollout] ep 197 (heldout_198): steps=4 success=True
[hybrid-rollout] ep 198 (heldout_199): steps=4 success=True
[hybrid-rollout] ep 199 (heldout_200): steps=4 success=True
[hybrid-rollout] DONE successes=160/200
[19:47:42] [replay_p4] run 6 round 7: extras=7 heldout_sr=0.800
[19:47:42] [replay_p4] $ /home/s226137394/.conda/envs/maze/bin/python3 -u -m Equivariant_pathway.equivariant_CNN_hybrid.baseline_vs_p4.pool_x_selector.trainer.finetune_replay --demo_dir /weka/s226137394/DmNfull/Equivariant_pathway/equivariant_CNN_hybrid/baseline_vs_p4/pool_x_selector/results_hpsweep/e300_lr0.0001_rm0.7_do0/run_6/p4_top3_rotate/demos --checkpoint_dir /weka/s226137394/DmNfull/Equivariant_pathway/equivariant_CNN_hybrid/baseline_vs_p4/pool_x_selector/results_hpsweep/e300_lr0.0001_rm0.7_do0/run_6/p4_top3_rotate/checkpoints --epochs 300 --batch_size 64 --lr 0.0001 --weight_decay 0.0001 --replay_mix 0.7 --replay_mix_floor 0.2 --head_dropout 0.0 --seed 6 --resume --new_demos_dir /weka/s226137394/DmNfull/Equivariant_pathway/equivariant_CNN_hybrid/baseline_vs_p4/pool_x_selector/results_hpsweep/e300_lr0.0001_rm0.7_do0/run_6/p4_top3_rotate/demos/round_008
[finetune_replay] device=cuda demo_dir=/weka/s226137394/DmNfull/Equivariant_pathway/equivariant_CNN_hybrid/baseline_vs_p4/pool_x_selector/results_hpsweep/e300_lr0.0001_rm0.7_do0/run_6/p4_top3_rotate/demos new_demos_dir=/weka/s226137394/DmNfull/Equivariant_pathway/equivariant_CNN_hybrid/baseline_vs_p4/pool_x_selector/results_hpsweep/e300_lr0.0001_rm0.7_do0/run_6/p4_top3_rotate/demos/round_008
[hybrid-dataset] 27 demos -> 143 samples
[hybrid-dataset] 1 demos -> 4 samples
[finetune_replay] sampler audit: {'n_old_samples': 143, 'n_new_samples': 4, 'replay_mix_target': 0.7, 'replay_mix_effective': 0.7, 'replay_mix_floor': 0.2}
[finetune_replay] trainable params: 1,400,028
[finetune_replay] WARM START from last_hybrid_policy.pth
[finetune_replay] ep   1/300 | train loss=0.1258 top1=0.947 | val loss=0.0081 | t=1.1s  *
[finetune_replay] ep   2/300 | train loss=0.0017 top1=1.000 | val loss=0.0001 | t=0.2s  *
[finetune_replay] ep   3/300 | train loss=0.0013 top1=1.000 | val loss=0.0003 | t=0.1s
[finetune_replay] ep   4/300 | train loss=0.0012 top1=1.000 | val loss=0.0001 | t=0.1s
[finetune_replay] ep   5/300 | train loss=0.0006 top1=1.000 | val loss=0.0001 | t=0.1s
[finetune_replay] ep   6/300 | train loss=0.0006 top1=1.000 | val loss=0.0002 | t=0.1s
[finetune_replay] ep   7/300 | train loss=0.0005 top1=1.000 | val loss=0.0004 | t=0.1s
[finetune_replay] ep   8/300 | train loss=0.0004 top1=1.000 | val loss=0.0003 | t=0.1s
[finetune_replay] ep   9/300 | train loss=0.0003 top1=1.000 | val loss=0.0002 | t=0.1s
[finetune_replay] ep  10/300 | train loss=0.0002 top1=1.000 | val loss=0.0001 | t=0.1s  *
[finetune_replay] ep  11/300 | train loss=0.0001 top1=1.000 | val loss=0.0001 | t=0.1s
[finetune_replay] ep  12/300 | train loss=0.0001 top1=1.000 | val loss=0.0003 | t=0.1s
[finetune_replay] ep  13/300 | train loss=0.0001 top1=1.000 | val loss=0.0004 | t=0.1s
[finetune_replay] ep  14/300 | train loss=0.0002 top1=1.000 | val loss=0.0003 | t=0.1s
[finetune_replay] ep  15/300 | train loss=0.0001 top1=1.000 | val loss=0.0003 | t=0.1s
[finetune_replay] ep  16/300 | train loss=0.0001 top1=1.000 | val loss=0.0002 | t=0.1s
[finetune_replay] ep  17/300 | train loss=0.0001 top1=1.000 | val loss=0.0002 | t=0.1s
[finetune_replay] ep  18/300 | train loss=0.0001 top1=1.000 | val loss=0.0002 | t=0.1s
[finetune_replay] ep  19/300 | train loss=0.0001 top1=1.000 | val loss=0.0002 | t=0.1s
[finetune_replay] ep  20/300 | train loss=0.0001 top1=1.000 | val loss=0.0002 | t=0.1s
[finetune_replay] ep  21/300 | train loss=0.0001 top1=1.000 | val loss=0.0002 | t=0.1s
[finetune_replay] ep  22/300 | train loss=0.0001 top1=1.000 | val loss=0.0002 | t=0.1s
[finetune_replay] ep  23/300 | train loss=0.0001 top1=1.000 | val loss=0.0001 | t=0.2s
[finetune_replay] ep  24/300 | train loss=0.0001 top1=1.000 | val loss=0.0002 | t=0.1s
[finetune_replay] ep  25/300 | train loss=0.0001 top1=1.000 | val loss=0.0002 | t=0.1s
[finetune_replay] ep  26/300 | train loss=0.0001 top1=1.000 | val loss=0.0002 | t=0.1s
[finetune_replay] ep  27/300 | train loss=0.0001 top1=1.000 | val loss=0.0002 | t=0.1s
[finetune_replay] ep  28/300 | train loss=0.0001 top1=1.000 | val loss=0.0002 | t=0.1s
[finetune_replay] ep  29/300 | train loss=0.0001 top1=1.000 | val loss=0.0002 | t=0.1s
[finetune_replay] ep  30/300 | train loss=0.0001 top1=1.000 | val loss=0.0003 | t=0.1s
[finetune_replay] ep  31/300 | train loss=0.0001 top1=1.000 | val loss=0.0003 | t=0.1s
[finetune_replay] ep  32/300 | train loss=0.0001 top1=1.000 | val loss=0.0003 | t=0.1s
[finetune_replay] ep  33/300 | train loss=0.0001 top1=1.000 | val loss=0.0003 | t=0.1s
[finetune_replay] ep  34/300 | train loss=0.0001 top1=1.000 | val loss=0.0002 | t=0.1s
[finetune_replay] ep  35/300 | train loss=0.0001 top1=1.000 | val loss=0.0002 | t=0.1s
[finetune_replay] ep  36/300 | train loss=0.0001 top1=1.000 | val loss=0.0002 | t=0.1s
[finetune_replay] ep  37/300 | train loss=0.0001 top1=1.000 | val loss=0.0002 | t=0.1s
[finetune_replay] ep  38/300 | train loss=0.0000 top1=1.000 | val loss=0.0002 | t=0.1s
[finetune_replay] ep  39/300 | train loss=0.0001 top1=1.000 | val loss=0.0002 | t=0.1s
[finetune_replay] ep  40/300 | train loss=0.0001 top1=1.000 | val loss=0.0002 | t=0.2s
[finetune_replay] ep  41/300 | train loss=0.0000 top1=1.000 | val loss=0.0002 | t=0.1s
[finetune_replay] ep  42/300 | train loss=0.0001 top1=1.000 | val loss=0.0002 | t=0.1s
[finetune_replay] ep  43/300 | train loss=0.0000 top1=1.000 | val loss=0.0002 | t=0.1s
[finetune_replay] ep  44/300 | train loss=0.0000 top1=1.000 | val loss=0.0002 | t=0.1s
[finetune_replay] ep  45/300 | train loss=0.0000 top1=1.000 | val loss=0.0002 | t=0.1s
[finetune_replay] ep  46/300 | train loss=0.0000 top1=1.000 | val loss=0.0002 | t=0.1s
[finetune_replay] ep  47/300 | train loss=0.0000 top1=1.000 | val loss=0.0002 | t=0.1s
[finetune_replay] ep  48/300 | train loss=0.0000 top1=1.000 | val loss=0.0002 | t=0.1s
[finetune_replay] ep  49/300 | train loss=0.0000 top1=1.000 | val loss=0.0002 | t=0.1s
[finetune_replay] ep  50/300 | train loss=0.0000 top1=1.000 | val loss=0.0002 | t=0.1s
[finetune_replay] ep  51/300 | train loss=0.0000 top1=1.000 | val loss=0.0002 | t=0.1s
[finetune_replay] ep  52/300 | train loss=0.0000 top1=1.000 | val loss=0.0002 | t=0.1s
[finetune_replay] ep  53/300 | train loss=0.0000 top1=1.000 | val loss=0.0002 | t=0.1s
[finetune_replay] ep  54/300 | train loss=0.0001 top1=1.000 | val loss=0.0002 | t=0.1s
[finetune_replay] ep  55/300 | train loss=0.0000 top1=1.000 | val loss=0.0002 | t=0.1s
[finetune_replay] ep  56/300 | train loss=0.0000 top1=1.000 | val loss=0.0002 | t=0.1s
[finetune_replay] ep  57/300 | train loss=0.0000 top1=1.000 | val loss=0.0002 | t=0.1s
[finetune_replay] ep  58/300 | train loss=0.0000 top1=1.000 | val loss=0.0002 | t=0.1s
[finetune_replay] ep  59/300 | train loss=0.0000 top1=1.000 | val loss=0.0002 | t=0.1s
[finetune_replay] ep  60/300 | train loss=0.0000 top1=1.000 | val loss=0.0002 | t=0.1s
[finetune_replay] ep  61/300 | train loss=0.0000 top1=1.000 | val loss=0.0002 | t=0.1s
[finetune_replay] ep  62/300 | train loss=0.0000 top1=1.000 | val loss=0.0002 | t=0.1s
[finetune_replay] ep  63/300 | train loss=0.0000 top1=1.000 | val loss=0.0002 | t=0.1s
[finetune_replay] ep  64/300 | train loss=0.0000 top1=1.000 | val loss=0.0002 | t=0.1s
[finetune_replay] ep  65/300 | train loss=0.0000 top1=1.000 | val loss=0.0002 | t=0.1s
[finetune_replay] ep  66/300 | train loss=0.0000 top1=1.000 | val loss=0.0002 | t=0.1s
[finetune_replay] ep  67/300 | train loss=0.0000 top1=1.000 | val loss=0.0002 | t=0.1s
[finetune_replay] ep  68/300 | train loss=0.0000 top1=1.000 | val loss=0.0002 | t=0.1s
[finetune_replay] ep  69/300 | train loss=0.0000 top1=1.000 | val loss=0.0003 | t=0.1s
[finetune_replay] ep  70/300 | train loss=0.0000 top1=1.000 | val loss=0.0003 | t=0.1s
[finetune_replay] ep  71/300 | train loss=0.0000 top1=1.000 | val loss=0.0003 | t=0.1s
[finetune_replay] ep  72/300 | train loss=0.0000 top1=1.000 | val loss=0.0003 | t=0.1s
[finetune_replay] ep  73/300 | train loss=0.0000 top1=1.000 | val loss=0.0003 | t=0.1s
[finetune_replay] ep  74/300 | train loss=0.0000 top1=1.000 | val loss=0.0003 | t=0.1s
[finetune_replay] ep  75/300 | train loss=0.0000 top1=1.000 | val loss=0.0003 | t=0.1s
[finetune_replay] ep  76/300 | train loss=0.0000 top1=1.000 | val loss=0.0002 | t=0.1s
[finetune_replay] ep  77/300 | train loss=0.0000 top1=1.000 | val loss=0.0002 | t=0.1s
[finetune_replay] ep  78/300 | train loss=0.0000 top1=1.000 | val loss=0.0002 | t=0.1s
[finetune_replay] ep  79/300 | train loss=0.0000 top1=1.000 | val loss=0.0002 | t=0.1s
[finetune_replay] ep  80/300 | train loss=0.0000 top1=1.000 | val loss=0.0003 | t=0.1s
[finetune_replay] ep  81/300 | train loss=0.0000 top1=1.000 | val loss=0.0003 | t=0.1s
[finetune_replay] ep  82/300 | train loss=0.0000 top1=1.000 | val loss=0.0003 | t=0.1s
[finetune_replay] ep  83/300 | train loss=0.0000 top1=1.000 | val loss=0.0003 | t=0.1s
[finetune_replay] ep  84/300 | train loss=0.0000 top1=1.000 | val loss=0.0003 | t=0.1s
[finetune_replay] ep  85/300 | train loss=0.0000 top1=1.000 | val loss=0.0003 | t=0.1s
[finetune_replay] ep  86/300 | train loss=0.0000 top1=1.000 | val loss=0.0003 | t=0.1s
[finetune_replay] ep  87/300 | train loss=0.0000 top1=1.000 | val loss=0.0003 | t=0.1s
[finetune_replay] ep  88/300 | train loss=0.0000 top1=1.000 | val loss=0.0003 | t=0.1s
[finetune_replay] ep  89/300 | train loss=0.0000 top1=1.000 | val loss=0.0003 | t=0.1s
[finetune_replay] ep  90/300 | train loss=0.0000 top1=1.000 | val loss=0.0003 | t=0.1s
[finetune_replay] ep  91/300 | train loss=0.0000 top1=1.000 | val loss=0.0003 | t=0.1s
[finetune_replay] ep  92/300 | train loss=0.0000 top1=1.000 | val loss=0.0003 | t=0.1s
[finetune_replay] ep  93/300 | train loss=0.0000 top1=1.000 | val loss=0.0003 | t=0.1s
[finetune_replay] ep  94/300 | train loss=0.0000 top1=1.000 | val loss=0.0003 | t=0.1s
[finetune_replay] ep  95/300 | train loss=0.0000 top1=1.000 | val loss=0.0003 | t=0.1s
[finetune_replay] ep  96/300 | train loss=0.0000 top1=1.000 | val loss=0.0003 | t=0.1s
[finetune_replay] ep  97/300 | train loss=0.0000 top1=1.000 | val loss=0.0003 | t=0.1s
[finetune_replay] ep  98/300 | train loss=0.0000 top1=1.000 | val loss=0.0003 | t=0.1s
[finetune_replay] ep  99/300 | train loss=0.0000 top1=1.000 | val loss=0.0002 | t=0.1s
[finetune_replay] ep 100/300 | train loss=0.0000 top1=1.000 | val loss=0.0002 | t=0.1s
[finetune_replay] ep 101/300 | train loss=0.0000 top1=1.000 | val loss=0.0002 | t=0.1s
[finetune_replay] ep 102/300 | train loss=0.0000 top1=1.000 | val loss=0.0002 | t=0.1s
[finetune_replay] ep 103/300 | train loss=0.0000 top1=1.000 | val loss=0.0003 | t=0.1s
[finetune_replay] ep 104/300 | train loss=0.0000 top1=1.000 | val loss=0.0003 | t=0.1s
[finetune_replay] ep 105/300 | train loss=0.0000 top1=1.000 | val loss=0.0004 | t=0.1s
[finetune_replay] ep 106/300 | train loss=0.0000 top1=1.000 | val loss=0.0004 | t=0.1s
[finetune_replay] ep 107/300 | train loss=0.0000 top1=1.000 | val loss=0.0004 | t=0.1s
[finetune_replay] ep 108/300 | train loss=0.0000 top1=1.000 | val loss=0.0004 | t=0.1s
[finetune_replay] ep 109/300 | train loss=0.0000 top1=1.000 | val loss=0.0003 | t=0.1s
[finetune_replay] ep 110/300 | train loss=0.0000 top1=1.000 | val loss=0.0003 | t=0.1s
[finetune_replay] ep 111/300 | train loss=0.0000 top1=1.000 | val loss=0.0003 | t=0.1s
[finetune_replay] ep 112/300 | train loss=0.0000 top1=1.000 | val loss=0.0003 | t=0.1s
[finetune_replay] ep 113/300 | train loss=0.0000 top1=1.000 | val loss=0.0003 | t=0.1s
[finetune_replay] ep 114/300 | train loss=0.0000 top1=1.000 | val loss=0.0003 | t=0.1s
[finetune_replay] ep 115/300 | train loss=0.0000 top1=1.000 | val loss=0.0003 | t=0.1s
[finetune_replay] ep 116/300 | train loss=0.0000 top1=1.000 | val loss=0.0003 | t=0.1s
[finetune_replay] ep 117/300 | train loss=0.0000 top1=1.000 | val loss=0.0003 | t=0.1s
[finetune_replay] ep 118/300 | train loss=0.0000 top1=1.000 | val loss=0.0004 | t=0.1s
[finetune_replay] ep 119/300 | train loss=0.0000 top1=1.000 | val loss=0.0004 | t=0.1s
[finetune_replay] ep 120/300 | train loss=0.0000 top1=1.000 | val loss=0.0004 | t=0.1s
[finetune_replay] ep 121/300 | train loss=0.0000 top1=1.000 | val loss=0.0004 | t=0.1s
[finetune_replay] ep 122/300 | train loss=0.0000 top1=1.000 | val loss=0.0004 | t=0.1s
[finetune_replay] ep 123/300 | train loss=0.0000 top1=1.000 | val loss=0.0004 | t=0.1s
[finetune_replay] ep 124/300 | train loss=0.0000 top1=1.000 | val loss=0.0004 | t=0.1s
[finetune_replay] ep 125/300 | train loss=0.0000 top1=1.000 | val loss=0.0004 | t=0.1s
[finetune_replay] ep 126/300 | train loss=0.0000 top1=1.000 | val loss=0.0004 | t=0.1s
[finetune_replay] ep 127/300 | train loss=0.0000 top1=1.000 | val loss=0.0005 | t=0.1s
[finetune_replay] ep 128/300 | train loss=0.0000 top1=1.000 | val loss=0.0004 | t=0.1s
[finetune_replay] ep 129/300 | train loss=0.0000 top1=1.000 | val loss=0.0005 | t=0.1s
[finetune_replay] ep 130/300 | train loss=0.0000 top1=1.000 | val loss=0.0005 | t=0.1s
[finetune_replay] ep 131/300 | train loss=0.0000 top1=1.000 | val loss=0.0005 | t=0.1s
[finetune_replay] ep 132/300 | train loss=0.0000 top1=1.000 | val loss=0.0005 | t=0.1s
[finetune_replay] ep 133/300 | train loss=0.0000 top1=1.000 | val loss=0.0005 | t=0.1s
[finetune_replay] ep 134/300 | train loss=0.0000 top1=1.000 | val loss=0.0005 | t=0.1s
[finetune_replay] ep 135/300 | train loss=0.0000 top1=1.000 | val loss=0.0005 | t=0.1s
[finetune_replay] ep 136/300 | train loss=0.0000 top1=1.000 | val loss=0.0005 | t=0.1s
[finetune_replay] ep 137/300 | train loss=0.0000 top1=1.000 | val loss=0.0005 | t=0.1s
[finetune_replay] ep 138/300 | train loss=0.0000 top1=1.000 | val loss=0.0005 | t=0.1s
[finetune_replay] ep 139/300 | train loss=0.0000 top1=1.000 | val loss=0.0005 | t=0.1s
[finetune_replay] ep 140/300 | train loss=0.0000 top1=1.000 | val loss=0.0005 | t=0.1s
[finetune_replay] ep 141/300 | train loss=0.0000 top1=1.000 | val loss=0.0005 | t=0.1s
[finetune_replay] ep 142/300 | train loss=0.0000 top1=1.000 | val loss=0.0005 | t=0.1s
[finetune_replay] ep 143/300 | train loss=0.0000 top1=1.000 | val loss=0.0005 | t=0.1s
[finetune_replay] ep 144/300 | train loss=0.0000 top1=1.000 | val loss=0.0005 | t=0.1s
[finetune_replay] ep 145/300 | train loss=0.0000 top1=1.000 | val loss=0.0005 | t=0.1s
[finetune_replay] ep 146/300 | train loss=0.0000 top1=1.000 | val loss=0.0004 | t=0.1s
[finetune_replay] ep 147/300 | train loss=0.0000 top1=1.000 | val loss=0.0004 | t=0.1s
[finetune_replay] ep 148/300 | train loss=0.0000 top1=1.000 | val loss=0.0004 | t=0.1s
[finetune_replay] ep 149/300 | train loss=0.0000 top1=1.000 | val loss=0.0005 | t=0.1s
[finetune_replay] ep 150/300 | train loss=0.0000 top1=1.000 | val loss=0.0005 | t=0.1s
[finetune_replay] ep 151/300 | train loss=0.0000 top1=1.000 | val loss=0.0005 | t=0.1s
[finetune_replay] ep 152/300 | train loss=0.0000 top1=1.000 | val loss=0.0005 | t=0.1s
[finetune_replay] ep 153/300 | train loss=0.0000 top1=1.000 | val loss=0.0005 | t=0.1s
[finetune_replay] ep 154/300 | train loss=0.0000 top1=1.000 | val loss=0.0004 | t=0.1s
[finetune_replay] ep 155/300 | train loss=0.0000 top1=1.000 | val loss=0.0004 | t=0.1s
[finetune_replay] ep 156/300 | train loss=0.0000 top1=1.000 | val loss=0.0004 | t=0.1s
[finetune_replay] ep 157/300 | train loss=0.0000 top1=1.000 | val loss=0.0004 | t=0.1s
[finetune_replay] ep 158/300 | train loss=0.0000 top1=1.000 | val loss=0.0004 | t=0.1s
[finetune_replay] ep 159/300 | train loss=0.0000 top1=1.000 | val loss=0.0004 | t=0.1s
[finetune_replay] ep 160/300 | train loss=0.0000 top1=1.000 | val loss=0.0004 | t=0.1s
[finetune_replay] ep 161/300 | train loss=0.0000 top1=1.000 | val loss=0.0004 | t=0.1s
[finetune_replay] ep 162/300 | train loss=0.0000 top1=1.000 | val loss=0.0005 | t=0.1s
[finetune_replay] ep 163/300 | train loss=0.0000 top1=1.000 | val loss=0.0005 | t=0.1s
[finetune_replay] ep 164/300 | train loss=0.0000 top1=1.000 | val loss=0.0005 | t=0.1s
[finetune_replay] ep 165/300 | train loss=0.0000 top1=1.000 | val loss=0.0005 | t=0.1s
[finetune_replay] ep 166/300 | train loss=0.0000 top1=1.000 | val loss=0.0005 | t=0.1s
[finetune_replay] ep 167/300 | train loss=0.0000 top1=1.000 | val loss=0.0005 | t=0.1s
[finetune_replay] ep 168/300 | train loss=0.0000 top1=1.000 | val loss=0.0005 | t=0.1s
[finetune_replay] ep 169/300 | train loss=0.0000 top1=1.000 | val loss=0.0005 | t=0.1s
[finetune_replay] ep 170/300 | train loss=0.0000 top1=1.000 | val loss=0.0005 | t=0.1s
[finetune_replay] ep 171/300 | train loss=0.0000 top1=1.000 | val loss=0.0006 | t=0.1s
[finetune_replay] ep 172/300 | train loss=0.0000 top1=1.000 | val loss=0.0006 | t=0.1s
[finetune_replay] ep 173/300 | train loss=0.0000 top1=1.000 | val loss=0.0006 | t=0.1s
[finetune_replay] ep 174/300 | train loss=0.0000 top1=1.000 | val loss=0.0006 | t=0.1s
[finetune_replay] ep 175/300 | train loss=0.0000 top1=1.000 | val loss=0.0005 | t=0.1s
[finetune_replay] ep 176/300 | train loss=0.0000 top1=1.000 | val loss=0.0005 | t=0.1s
[finetune_replay] ep 177/300 | train loss=0.0000 top1=1.000 | val loss=0.0005 | t=0.1s
[finetune_replay] ep 178/300 | train loss=0.0000 top1=1.000 | val loss=0.0005 | t=0.1s
[finetune_replay] ep 179/300 | train loss=0.0000 top1=1.000 | val loss=0.0005 | t=0.1s
[finetune_replay] ep 180/300 | train loss=0.0000 top1=1.000 | val loss=0.0004 | t=0.1s
[finetune_replay] ep 181/300 | train loss=0.0000 top1=1.000 | val loss=0.0005 | t=0.1s
[finetune_replay] ep 182/300 | train loss=0.0000 top1=1.000 | val loss=0.0005 | t=0.1s
[finetune_replay] ep 183/300 | train loss=0.0000 top1=1.000 | val loss=0.0005 | t=0.1s
[finetune_replay] ep 184/300 | train loss=0.0000 top1=1.000 | val loss=0.0004 | t=0.1s
[finetune_replay] ep 185/300 | train loss=0.0000 top1=1.000 | val loss=0.0004 | t=0.1s
[finetune_replay] ep 186/300 | train loss=0.0000 top1=1.000 | val loss=0.0004 | t=0.1s
[finetune_replay] ep 187/300 | train loss=0.0000 top1=1.000 | val loss=0.0004 | t=0.1s
[finetune_replay] ep 188/300 | train loss=0.0000 top1=1.000 | val loss=0.0005 | t=0.1s
[finetune_replay] ep 189/300 | train loss=0.0000 top1=1.000 | val loss=0.0005 | t=0.1s
[finetune_replay] ep 190/300 | train loss=0.0000 top1=1.000 | val loss=0.0005 | t=0.1s
[finetune_replay] ep 191/300 | train loss=0.0000 top1=1.000 | val loss=0.0005 | t=0.1s
[finetune_replay] ep 192/300 | train loss=0.0000 top1=1.000 | val loss=0.0005 | t=0.1s
[finetune_replay] ep 193/300 | train loss=0.0000 top1=1.000 | val loss=0.0005 | t=0.1s
[finetune_replay] ep 194/300 | train loss=0.0000 top1=1.000 | val loss=0.0005 | t=0.1s
[finetune_replay] ep 195/300 | train loss=0.0000 top1=1.000 | val loss=0.0005 | t=0.1s
[finetune_replay] ep 196/300 | train loss=0.0000 top1=1.000 | val loss=0.0005 | t=0.1s
[finetune_replay] ep 197/300 | train loss=0.0000 top1=1.000 | val loss=0.0005 | t=0.1s
[finetune_replay] ep 198/300 | train loss=0.0000 top1=1.000 | val loss=0.0005 | t=0.1s
[finetune_replay] ep 199/300 | train loss=0.0000 top1=1.000 | val loss=0.0005 | t=0.1s
[finetune_replay] ep 200/300 | train loss=0.0000 top1=1.000 | val loss=0.0005 | t=0.1s
[finetune_replay] ep 201/300 | train loss=0.0000 top1=1.000 | val loss=0.0005 | t=0.1s
[finetune_replay] ep 202/300 | train loss=0.0000 top1=1.000 | val loss=0.0005 | t=0.1s
[finetune_replay] ep 203/300 | train loss=0.0000 top1=1.000 | val loss=0.0006 | t=0.1s
[finetune_replay] ep 204/300 | train loss=0.0000 top1=1.000 | val loss=0.0006 | t=0.1s
[finetune_replay] ep 205/300 | train loss=0.0000 top1=1.000 | val loss=0.0006 | t=0.1s
[finetune_replay] ep 206/300 | train loss=0.0000 top1=1.000 | val loss=0.0005 | t=0.1s
[finetune_replay] ep 207/300 | train loss=0.0000 top1=1.000 | val loss=0.0005 | t=0.1s
[finetune_replay] ep 208/300 | train loss=0.0000 top1=1.000 | val loss=0.0005 | t=0.1s
[finetune_replay] ep 209/300 | train loss=0.0000 top1=1.000 | val loss=0.0006 | t=0.1s
[finetune_replay] ep 210/300 | train loss=0.0000 top1=1.000 | val loss=0.0005 | t=0.1s
[finetune_replay] ep 211/300 | train loss=0.0000 top1=1.000 | val loss=0.0005 | t=0.1s
[finetune_replay] ep 212/300 | train loss=0.0000 top1=1.000 | val loss=0.0005 | t=0.1s
[finetune_replay] ep 213/300 | train loss=0.0000 top1=1.000 | val loss=0.0006 | t=0.1s
[finetune_replay] ep 214/300 | train loss=0.0000 top1=1.000 | val loss=0.0006 | t=0.1s
[finetune_replay] ep 215/300 | train loss=0.0000 top1=1.000 | val loss=0.0006 | t=0.1s
[finetune_replay] ep 216/300 | train loss=0.0000 top1=1.000 | val loss=0.0006 | t=0.1s
[finetune_replay] ep 217/300 | train loss=0.0000 top1=1.000 | val loss=0.0006 | t=0.1s
[finetune_replay] ep 218/300 | train loss=0.0000 top1=1.000 | val loss=0.0006 | t=0.1s
[finetune_replay] ep 219/300 | train loss=0.0000 top1=1.000 | val loss=0.0006 | t=0.1s
[finetune_replay] ep 220/300 | train loss=0.0000 top1=1.000 | val loss=0.0006 | t=0.1s
[finetune_replay] ep 221/300 | train loss=0.0000 top1=1.000 | val loss=0.0006 | t=0.1s
[finetune_replay] ep 222/300 | train loss=0.0000 top1=1.000 | val loss=0.0006 | t=0.1s
[finetune_replay] ep 223/300 | train loss=0.0000 top1=1.000 | val loss=0.0006 | t=0.1s
[finetune_replay] ep 224/300 | train loss=0.0000 top1=1.000 | val loss=0.0006 | t=0.1s
[finetune_replay] ep 225/300 | train loss=0.0000 top1=1.000 | val loss=0.0006 | t=0.1s
[finetune_replay] ep 226/300 | train loss=0.0000 top1=1.000 | val loss=0.0006 | t=0.1s
[finetune_replay] ep 227/300 | train loss=0.0000 top1=1.000 | val loss=0.0006 | t=0.1s
[finetune_replay] ep 228/300 | train loss=0.0000 top1=1.000 | val loss=0.0006 | t=0.1s
[finetune_replay] ep 229/300 | train loss=0.0000 top1=1.000 | val loss=0.0006 | t=0.1s
[finetune_replay] ep 230/300 | train loss=0.0000 top1=1.000 | val loss=0.0006 | t=0.1s
[finetune_replay] ep 231/300 | train loss=0.0000 top1=1.000 | val loss=0.0006 | t=0.1s
[finetune_replay] ep 232/300 | train loss=0.0000 top1=1.000 | val loss=0.0006 | t=0.1s
[finetune_replay] ep 233/300 | train loss=0.0000 top1=1.000 | val loss=0.0006 | t=0.1s
[finetune_replay] ep 234/300 | train loss=0.0000 top1=1.000 | val loss=0.0006 | t=0.1s
[finetune_replay] ep 235/300 | train loss=0.0000 top1=1.000 | val loss=0.0006 | t=0.1s
[finetune_replay] ep 236/300 | train loss=0.0000 top1=1.000 | val loss=0.0006 | t=0.1s
[finetune_replay] ep 237/300 | train loss=0.0000 top1=1.000 | val loss=0.0006 | t=0.1s
[finetune_replay] ep 238/300 | train loss=0.0000 top1=1.000 | val loss=0.0006 | t=0.1s
[finetune_replay] ep 239/300 | train loss=0.0000 top1=1.000 | val loss=0.0006 | t=0.1s
[finetune_replay] ep 240/300 | train loss=0.0000 top1=1.000 | val loss=0.0006 | t=0.1s
[finetune_replay] ep 241/300 | train loss=0.0000 top1=1.000 | val loss=0.0006 | t=0.1s
[finetune_replay] ep 242/300 | train loss=0.0000 top1=1.000 | val loss=0.0006 | t=0.1s
[finetune_replay] ep 243/300 | train loss=0.0000 top1=1.000 | val loss=0.0006 | t=0.1s
[finetune_replay] ep 244/300 | train loss=0.0000 top1=1.000 | val loss=0.0006 | t=0.1s
[finetune_replay] ep 245/300 | train loss=0.0000 top1=1.000 | val loss=0.0006 | t=0.1s
[finetune_replay] ep 246/300 | train loss=0.0000 top1=1.000 | val loss=0.0006 | t=0.1s
[finetune_replay] ep 247/300 | train loss=0.0000 top1=1.000 | val loss=0.0006 | t=0.1s
[finetune_replay] ep 248/300 | train loss=0.0000 top1=1.000 | val loss=0.0006 | t=0.1s
[finetune_replay] ep 249/300 | train loss=0.0000 top1=1.000 | val loss=0.0006 | t=0.1s
[finetune_replay] ep 250/300 | train loss=0.0000 top1=1.000 | val loss=0.0006 | t=0.1s
[finetune_replay] ep 251/300 | train loss=0.0000 top1=1.000 | val loss=0.0006 | t=0.1s
[finetune_replay] ep 252/300 | train loss=0.0000 top1=1.000 | val loss=0.0006 | t=0.1s
[finetune_replay] ep 253/300 | train loss=0.0000 top1=1.000 | val loss=0.0006 | t=0.1s
[finetune_replay] ep 254/300 | train loss=0.0000 top1=1.000 | val loss=0.0006 | t=0.1s
[finetune_replay] ep 255/300 | train loss=0.0000 top1=1.000 | val loss=0.0006 | t=0.1s
[finetune_replay] ep 256/300 | train loss=0.0000 top1=1.000 | val loss=0.0006 | t=0.1s
[finetune_replay] ep 257/300 | train loss=0.0000 top1=1.000 | val loss=0.0006 | t=0.1s
[finetune_replay] ep 258/300 | train loss=0.0000 top1=1.000 | val loss=0.0006 | t=0.1s
[finetune_replay] ep 259/300 | train loss=0.0000 top1=1.000 | val loss=0.0006 | t=0.1s
[finetune_replay] ep 260/300 | train loss=0.0000 top1=1.000 | val loss=0.0006 | t=0.1s
[finetune_replay] ep 261/300 | train loss=0.0000 top1=1.000 | val loss=0.0006 | t=0.1s
[finetune_replay] ep 262/300 | train loss=0.0000 top1=1.000 | val loss=0.0007 | t=0.1s
[finetune_replay] ep 263/300 | train loss=0.0000 top1=1.000 | val loss=0.0006 | t=0.1s
[finetune_replay] ep 264/300 | train loss=0.0000 top1=1.000 | val loss=0.0006 | t=0.1s
[finetune_replay] ep 265/300 | train loss=0.0000 top1=1.000 | val loss=0.0006 | t=0.1s
[finetune_replay] ep 266/300 | train loss=0.0000 top1=1.000 | val loss=0.0007 | t=0.1s
[finetune_replay] ep 267/300 | train loss=0.0000 top1=1.000 | val loss=0.0006 | t=0.1s
[finetune_replay] ep 268/300 | train loss=0.0000 top1=1.000 | val loss=0.0007 | t=0.1s
[finetune_replay] ep 269/300 | train loss=0.0000 top1=1.000 | val loss=0.0006 | t=0.1s
[finetune_replay] ep 270/300 | train loss=0.0000 top1=1.000 | val loss=0.0006 | t=0.1s
[finetune_replay] ep 271/300 | train loss=0.0000 top1=1.000 | val loss=0.0006 | t=0.1s
[finetune_replay] ep 272/300 | train loss=0.0000 top1=1.000 | val loss=0.0006 | t=0.1s
[finetune_replay] ep 273/300 | train loss=0.0000 top1=1.000 | val loss=0.0007 | t=0.1s
[finetune_replay] ep 274/300 | train loss=0.0000 top1=1.000 | val loss=0.0007 | t=0.1s
[finetune_replay] ep 275/300 | train loss=0.0000 top1=1.000 | val loss=0.0007 | t=0.1s
[finetune_replay] ep 276/300 | train loss=0.0000 top1=1.000 | val loss=0.0007 | t=0.1s
[finetune_replay] ep 277/300 | train loss=0.0000 top1=1.000 | val loss=0.0007 | t=0.1s
[finetune_replay] ep 278/300 | train loss=0.0000 top1=1.000 | val loss=0.0007 | t=0.1s
[finetune_replay] ep 279/300 | train loss=0.0000 top1=1.000 | val loss=0.0007 | t=0.1s
[finetune_replay] ep 280/300 | train loss=0.0000 top1=1.000 | val loss=0.0007 | t=0.1s
[finetune_replay] ep 281/300 | train loss=0.0000 top1=1.000 | val loss=0.0007 | t=0.1s
[finetune_replay] ep 282/300 | train loss=0.0000 top1=1.000 | val loss=0.0007 | t=0.1s
[finetune_replay] ep 283/300 | train loss=0.0000 top1=1.000 | val loss=0.0007 | t=0.1s
[finetune_replay] ep 284/300 | train loss=0.0000 top1=1.000 | val loss=0.0007 | t=0.1s
[finetune_replay] ep 285/300 | train loss=0.0000 top1=1.000 | val loss=0.0007 | t=0.1s
[finetune_replay] ep 286/300 | train loss=0.0000 top1=1.000 | val loss=0.0007 | t=0.1s
[finetune_replay] ep 287/300 | train loss=0.0000 top1=1.000 | val loss=0.0007 | t=0.1s
[finetune_replay] ep 288/300 | train loss=0.0000 top1=1.000 | val loss=0.0007 | t=0.1s
[finetune_replay] ep 289/300 | train loss=0.0000 top1=1.000 | val loss=0.0007 | t=0.1s
[finetune_replay] ep 290/300 | train loss=0.0000 top1=1.000 | val loss=0.0007 | t=0.1s
[finetune_replay] ep 291/300 | train loss=0.0000 top1=1.000 | val loss=0.0007 | t=0.1s
[finetune_replay] ep 292/300 | train loss=0.0000 top1=1.000 | val loss=0.0007 | t=0.1s
[finetune_replay] ep 293/300 | train loss=0.0000 top1=1.000 | val loss=0.0007 | t=0.1s
[finetune_replay] ep 294/300 | train loss=0.0000 top1=1.000 | val loss=0.0007 | t=0.1s
[finetune_replay] ep 295/300 | train loss=0.0000 top1=1.000 | val loss=0.0007 | t=0.1s
[finetune_replay] ep 296/300 | train loss=0.0000 top1=1.000 | val loss=0.0007 | t=0.1s
[finetune_replay] ep 297/300 | train loss=0.0000 top1=1.000 | val loss=0.0007 | t=0.1s
[finetune_replay] ep 298/300 | train loss=0.0000 top1=1.000 | val loss=0.0007 | t=0.1s
[finetune_replay] ep 299/300 | train loss=0.0000 top1=1.000 | val loss=0.0007 | t=0.1s
[finetune_replay] ep 300/300 | train loss=0.0000 top1=1.000 | val loss=0.0007 | t=0.1s
[finetune_replay] DONE best_val_loss=0.0001 @ epoch 10
[19:48:44] [bo-budget] $ /home/s226137394/.conda/envs/maze/bin/python3 -u -m Equivariant_pathway.equivariant_CNN_hybrid.rollout_test --checkpoint /weka/s226137394/DmNfull/Equivariant_pathway/equivariant_CNN_hybrid/baseline_vs_p4/pool_x_selector/results_hpsweep/e300_lr0.0001_rm0.7_do0/run_6/p4_top3_rotate/checkpoints/best_hybrid_policy.pth --layouts /weka/s226137394/DmNfull/Equivariant_pathway/equivariant_CNN_hybrid/baseline_vs_p4/shared/heldout_layouts.yaml --out_dir /weka/s226137394/DmNfull/Equivariant_pathway/equivariant_CNN_hybrid/baseline_vs_p4/pool_x_selector/results_hpsweep/e300_lr0.0001_rm0.7_do0/run_6/p4_top3_rotate/results/eval_round_008 --seed 14 --max_steps 60
[hybrid-rollout] 200 unique; running 200 eps
[hybrid-rollout] loaded /weka/s226137394/DmNfull/Equivariant_pathway/equivariant_CNN_hybrid/baseline_vs_p4/pool_x_selector/results_hpsweep/e300_lr0.0001_rm0.7_do0/run_6/p4_top3_rotate/checkpoints/best_hybrid_policy.pth
[hybrid-rollout] ep 0 (heldout_001): steps=5 success=True
[hybrid-rollout] ep 1 (heldout_002): steps=4 success=True
[hybrid-rollout] ep 2 (heldout_003): steps=60 success=False
[hybrid-rollout] ep 3 (heldout_004): steps=6 success=True
[hybrid-rollout] ep 4 (heldout_005): steps=5 success=True
[hybrid-rollout] ep 5 (heldout_006): steps=3 success=False
[hybrid-rollout] ep 6 (heldout_007): steps=5 success=True
[hybrid-rollout] ep 7 (heldout_008): steps=4 success=True
[hybrid-rollout] ep 8 (heldout_009): steps=6 success=True
[hybrid-rollout] ep 9 (heldout_010): steps=8 success=True
[hybrid-rollout] ep 10 (heldout_011): steps=4 success=True
[hybrid-rollout] ep 11 (heldout_012): steps=4 success=True
[hybrid-rollout] ep 12 (heldout_013): steps=5 success=True
[hybrid-rollout] ep 13 (heldout_014): steps=5 success=True
[hybrid-rollout] ep 14 (heldout_015): steps=4 success=True
[hybrid-rollout] ep 15 (heldout_016): steps=5 success=True
[hybrid-rollout] ep 16 (heldout_017): steps=4 success=True
[hybrid-rollout] ep 17 (heldout_018): steps=60 success=False
[hybrid-rollout] ep 18 (heldout_019): steps=5 success=True
[hybrid-rollout] ep 19 (heldout_020): steps=5 success=True
[hybrid-rollout] ep 20 (heldout_021): steps=4 success=True
[hybrid-rollout] ep 21 (heldout_022): steps=60 success=False
[hybrid-rollout] ep 22 (heldout_023): steps=7 success=True
[hybrid-rollout] ep 23 (heldout_024): steps=60 success=False
[hybrid-rollout] ep 24 (heldout_025): steps=4 success=True
[hybrid-rollout] ep 25 (heldout_026): steps=4 success=True
[hybrid-rollout] ep 26 (heldout_027): steps=4 success=True
[hybrid-rollout] ep 27 (heldout_028): steps=4 success=True
[hybrid-rollout] ep 28 (heldout_029): steps=60 success=False
[hybrid-rollout] ep 29 (heldout_030): steps=60 success=False
[hybrid-rollout] ep 30 (heldout_031): steps=5 success=True
[hybrid-rollout] ep 31 (heldout_032): steps=7 success=True
[hybrid-rollout] ep 32 (heldout_033): steps=4 success=True
[hybrid-rollout] ep 33 (heldout_034): steps=5 success=True
[hybrid-rollout] ep 34 (heldout_035): steps=60 success=False
[hybrid-rollout] ep 35 (heldout_036): steps=5 success=True
[hybrid-rollout] ep 36 (heldout_037): steps=4 success=True
[hybrid-rollout] ep 37 (heldout_038): steps=60 success=False
[hybrid-rollout] ep 38 (heldout_039): steps=6 success=True
[hybrid-rollout] ep 39 (heldout_040): steps=5 success=True
[hybrid-rollout] ep 40 (heldout_041): steps=60 success=False
[hybrid-rollout] ep 41 (heldout_042): steps=60 success=False
[hybrid-rollout] ep 42 (heldout_043): steps=4 success=True
[hybrid-rollout] ep 43 (heldout_044): steps=5 success=True
[hybrid-rollout] ep 44 (heldout_045): steps=5 success=True
[hybrid-rollout] ep 45 (heldout_046): steps=4 success=True
[hybrid-rollout] ep 46 (heldout_047): steps=60 success=False
[hybrid-rollout] ep 47 (heldout_048): steps=6 success=True
[hybrid-rollout] ep 48 (heldout_049): steps=5 success=True
[hybrid-rollout] ep 49 (heldout_050): steps=4 success=True
[hybrid-rollout] ep 50 (heldout_051): steps=4 success=True
[hybrid-rollout] ep 51 (heldout_052): steps=4 success=True
[hybrid-rollout] ep 52 (heldout_053): steps=6 success=True
[hybrid-rollout] ep 53 (heldout_054): steps=60 success=False
[hybrid-rollout] ep 54 (heldout_055): steps=60 success=False
[hybrid-rollout] ep 55 (heldout_056): steps=4 success=True
[hybrid-rollout] ep 56 (heldout_057): steps=4 success=True
[hybrid-rollout] ep 57 (heldout_058): steps=4 success=True
[hybrid-rollout] ep 58 (heldout_059): steps=5 success=True
[hybrid-rollout] ep 59 (heldout_060): steps=6 success=True
[hybrid-rollout] ep 60 (heldout_061): steps=5 success=True
[hybrid-rollout] ep 61 (heldout_062): steps=6 success=True
[hybrid-rollout] ep 62 (heldout_063): steps=5 success=True
[hybrid-rollout] ep 63 (heldout_064): steps=4 success=True
[hybrid-rollout] ep 64 (heldout_065): steps=60 success=False
[hybrid-rollout] ep 65 (heldout_066): steps=6 success=True
[hybrid-rollout] ep 66 (heldout_067): steps=5 success=True
[hybrid-rollout] ep 67 (heldout_068): steps=4 success=True
[hybrid-rollout] ep 68 (heldout_069): steps=4 success=True
[hybrid-rollout] ep 69 (heldout_070): steps=7 success=True
[hybrid-rollout] ep 70 (heldout_071): steps=60 success=False
[hybrid-rollout] ep 71 (heldout_072): steps=5 success=True
[hybrid-rollout] ep 72 (heldout_073): steps=3 success=False
[hybrid-rollout] ep 73 (heldout_074): steps=4 success=True
[hybrid-rollout] ep 74 (heldout_075): steps=5 success=True
[hybrid-rollout] ep 75 (heldout_076): steps=7 success=True
[hybrid-rollout] ep 76 (heldout_077): steps=4 success=True
[hybrid-rollout] ep 77 (heldout_078): steps=3 success=False
[hybrid-rollout] ep 78 (heldout_079): steps=4 success=True
[hybrid-rollout] ep 79 (heldout_080): steps=4 success=True
[hybrid-rollout] ep 80 (heldout_081): steps=5 success=True
[hybrid-rollout] ep 81 (heldout_082): steps=5 success=True
[hybrid-rollout] ep 82 (heldout_083): steps=4 success=True
[hybrid-rollout] ep 83 (heldout_084): steps=5 success=True
[hybrid-rollout] ep 84 (heldout_085): steps=60 success=False
[hybrid-rollout] ep 85 (heldout_086): steps=6 success=True
[hybrid-rollout] ep 86 (heldout_087): steps=7 success=True
[hybrid-rollout] ep 87 (heldout_088): steps=4 success=True
[hybrid-rollout] ep 88 (heldout_089): steps=3 success=False
[hybrid-rollout] ep 89 (heldout_090): steps=4 success=True
[hybrid-rollout] ep 90 (heldout_091): steps=4 success=False
[hybrid-rollout] ep 91 (heldout_092): steps=5 success=True
[hybrid-rollout] ep 92 (heldout_093): steps=6 success=True
[hybrid-rollout] ep 93 (heldout_094): steps=6 success=True
[hybrid-rollout] ep 94 (heldout_095): steps=7 success=True
[hybrid-rollout] ep 95 (heldout_096): steps=5 success=True
[hybrid-rollout] ep 96 (heldout_097): steps=5 success=True
[hybrid-rollout] ep 97 (heldout_098): steps=5 success=True
[hybrid-rollout] ep 98 (heldout_099): steps=60 success=False
[hybrid-rollout] ep 99 (heldout_100): steps=60 success=False
[hybrid-rollout] ep 100 (heldout_101): steps=4 success=True
[hybrid-rollout] ep 101 (heldout_102): steps=4 success=True
[hybrid-rollout] ep 102 (heldout_103): steps=60 success=False
[hybrid-rollout] ep 103 (heldout_104): steps=6 success=True
[hybrid-rollout] ep 104 (heldout_105): steps=60 success=False
[hybrid-rollout] ep 105 (heldout_106): steps=6 success=True
[hybrid-rollout] ep 106 (heldout_107): steps=3 success=False
[hybrid-rollout] ep 107 (heldout_108): steps=4 success=True
[hybrid-rollout] ep 108 (heldout_109): steps=4 success=True
[hybrid-rollout] ep 109 (heldout_110): steps=60 success=False
[hybrid-rollout] ep 110 (heldout_111): steps=6 success=True
[hybrid-rollout] ep 111 (heldout_112): steps=5 success=True
[hybrid-rollout] ep 112 (heldout_113): steps=5 success=True
[hybrid-rollout] ep 113 (heldout_114): steps=4 success=True
[hybrid-rollout] ep 114 (heldout_115): steps=4 success=True
[hybrid-rollout] ep 115 (heldout_116): steps=5 success=True
[hybrid-rollout] ep 116 (heldout_117): steps=60 success=False
[hybrid-rollout] ep 117 (heldout_118): steps=9 success=True
[hybrid-rollout] ep 118 (heldout_119): steps=4 success=True
[hybrid-rollout] ep 119 (heldout_120): steps=7 success=True
[hybrid-rollout] ep 120 (heldout_121): steps=4 success=True
[hybrid-rollout] ep 121 (heldout_122): steps=4 success=True
[hybrid-rollout] ep 122 (heldout_123): steps=6 success=True
[hybrid-rollout] ep 123 (heldout_124): steps=60 success=False
[hybrid-rollout] ep 124 (heldout_125): steps=4 success=True
[hybrid-rollout] ep 125 (heldout_126): steps=4 success=True
[hybrid-rollout] ep 126 (heldout_127): steps=60 success=False
[hybrid-rollout] ep 127 (heldout_128): steps=7 success=True
[hybrid-rollout] ep 128 (heldout_129): steps=60 success=False
[hybrid-rollout] ep 129 (heldout_130): steps=4 success=True
[hybrid-rollout] ep 130 (heldout_131): steps=60 success=False
[hybrid-rollout] ep 131 (heldout_132): steps=4 success=True
[hybrid-rollout] ep 132 (heldout_133): steps=4 success=True
[hybrid-rollout] ep 133 (heldout_134): steps=7 success=True
[hybrid-rollout] ep 134 (heldout_135): steps=6 success=True
[hybrid-rollout] ep 135 (heldout_136): steps=5 success=True
[hybrid-rollout] ep 136 (heldout_137): steps=5 success=True
[hybrid-rollout] ep 137 (heldout_138): steps=4 success=True
[hybrid-rollout] ep 138 (heldout_139): steps=4 success=True
[hybrid-rollout] ep 139 (heldout_140): steps=5 success=True
[hybrid-rollout] ep 140 (heldout_141): steps=5 success=True
[hybrid-rollout] ep 141 (heldout_142): steps=4 success=True
[hybrid-rollout] ep 142 (heldout_143): steps=8 success=True
[hybrid-rollout] ep 143 (heldout_144): steps=4 success=True
[hybrid-rollout] ep 144 (heldout_145): steps=5 success=True
[hybrid-rollout] ep 145 (heldout_146): steps=7 success=True
[hybrid-rollout] ep 146 (heldout_147): steps=4 success=True
[hybrid-rollout] ep 147 (heldout_148): steps=60 success=False
[hybrid-rollout] ep 148 (heldout_149): steps=5 success=True
[hybrid-rollout] ep 149 (heldout_150): steps=4 success=True
[hybrid-rollout] ep 150 (heldout_151): steps=5 success=True
[hybrid-rollout] ep 151 (heldout_152): steps=6 success=True
[hybrid-rollout] ep 152 (heldout_153): steps=5 success=True
[hybrid-rollout] ep 153 (heldout_154): steps=60 success=False
[hybrid-rollout] ep 154 (heldout_155): steps=60 success=False
[hybrid-rollout] ep 155 (heldout_156): steps=60 success=False
[hybrid-rollout] ep 156 (heldout_157): steps=4 success=True
[hybrid-rollout] ep 157 (heldout_158): steps=3 success=False
[hybrid-rollout] ep 158 (heldout_159): steps=6 success=True
[hybrid-rollout] ep 159 (heldout_160): steps=60 success=False
[hybrid-rollout] ep 160 (heldout_161): steps=60 success=False
[hybrid-rollout] ep 161 (heldout_162): steps=5 success=True
[hybrid-rollout] ep 162 (heldout_163): steps=4 success=True
[hybrid-rollout] ep 163 (heldout_164): steps=4 success=True
[hybrid-rollout] ep 164 (heldout_165): steps=5 success=True
[hybrid-rollout] ep 165 (heldout_166): steps=60 success=False
[hybrid-rollout] ep 166 (heldout_167): steps=4 success=True
[hybrid-rollout] ep 167 (heldout_168): steps=4 success=True
[hybrid-rollout] ep 168 (heldout_169): steps=60 success=False
[hybrid-rollout] ep 169 (heldout_170): steps=5 success=False
[hybrid-rollout] ep 170 (heldout_171): steps=4 success=True
[hybrid-rollout] ep 171 (heldout_172): steps=5 success=True
[hybrid-rollout] ep 172 (heldout_173): steps=4 success=True
[hybrid-rollout] ep 173 (heldout_174): steps=5 success=True
[hybrid-rollout] ep 174 (heldout_175): steps=5 success=True
[hybrid-rollout] ep 175 (heldout_176): steps=6 success=True
[hybrid-rollout] ep 176 (heldout_177): steps=6 success=True
[hybrid-rollout] ep 177 (heldout_178): steps=5 success=True
[hybrid-rollout] ep 178 (heldout_179): steps=5 success=True
[hybrid-rollout] ep 179 (heldout_180): steps=4 success=True
[hybrid-rollout] ep 180 (heldout_181): steps=5 success=True
[hybrid-rollout] ep 181 (heldout_182): steps=4 success=True
[hybrid-rollout] ep 182 (heldout_183): steps=5 success=True
[hybrid-rollout] ep 183 (heldout_184): steps=7 success=True
[hybrid-rollout] ep 184 (heldout_185): steps=5 success=True
[hybrid-rollout] ep 185 (heldout_186): steps=4 success=True
[hybrid-rollout] ep 186 (heldout_187): steps=5 success=True
[hybrid-rollout] ep 187 (heldout_188): steps=5 success=True
[hybrid-rollout] ep 188 (heldout_189): steps=5 success=True
[hybrid-rollout] ep 189 (heldout_190): steps=7 success=True
[hybrid-rollout] ep 190 (heldout_191): steps=4 success=True
[hybrid-rollout] ep 191 (heldout_192): steps=5 success=True
[hybrid-rollout] ep 192 (heldout_193): steps=60 success=False
[hybrid-rollout] ep 193 (heldout_194): steps=6 success=True
[hybrid-rollout] ep 194 (heldout_195): steps=5 success=True
[hybrid-rollout] ep 195 (heldout_196): steps=4 success=True
[hybrid-rollout] ep 196 (heldout_197): steps=5 success=True
[hybrid-rollout] ep 197 (heldout_198): steps=4 success=True
[hybrid-rollout] ep 198 (heldout_199): steps=4 success=True
[hybrid-rollout] ep 199 (heldout_200): steps=4 success=True
[hybrid-rollout] DONE successes=157/200
[19:50:10] [replay_p4] run 6 round 8: extras=8 heldout_sr=0.785
[19:50:10] [replay_p4] $ /home/s226137394/.conda/envs/maze/bin/python3 -u -m Equivariant_pathway.equivariant_CNN_hybrid.baseline_vs_p4.pool_x_selector.trainer.finetune_replay --demo_dir /weka/s226137394/DmNfull/Equivariant_pathway/equivariant_CNN_hybrid/baseline_vs_p4/pool_x_selector/results_hpsweep/e300_lr0.0001_rm0.7_do0/run_6/p4_top3_rotate/demos --checkpoint_dir /weka/s226137394/DmNfull/Equivariant_pathway/equivariant_CNN_hybrid/baseline_vs_p4/pool_x_selector/results_hpsweep/e300_lr0.0001_rm0.7_do0/run_6/p4_top3_rotate/checkpoints --epochs 300 --batch_size 64 --lr 0.0001 --weight_decay 0.0001 --replay_mix 0.7 --replay_mix_floor 0.2 --head_dropout 0.0 --seed 6 --resume --new_demos_dir /weka/s226137394/DmNfull/Equivariant_pathway/equivariant_CNN_hybrid/baseline_vs_p4/pool_x_selector/results_hpsweep/e300_lr0.0001_rm0.7_do0/run_6/p4_top3_rotate/demos/round_009
[finetune_replay] device=cuda demo_dir=/weka/s226137394/DmNfull/Equivariant_pathway/equivariant_CNN_hybrid/baseline_vs_p4/pool_x_selector/results_hpsweep/e300_lr0.0001_rm0.7_do0/run_6/p4_top3_rotate/demos new_demos_dir=/weka/s226137394/DmNfull/Equivariant_pathway/equivariant_CNN_hybrid/baseline_vs_p4/pool_x_selector/results_hpsweep/e300_lr0.0001_rm0.7_do0/run_6/p4_top3_rotate/demos/round_009
[hybrid-dataset] 28 demos -> 147 samples
[hybrid-dataset] 1 demos -> 6 samples
[finetune_replay] sampler audit: {'n_old_samples': 147, 'n_new_samples': 6, 'replay_mix_target': 0.7, 'replay_mix_effective': 0.7, 'replay_mix_floor': 0.2}
[finetune_replay] trainable params: 1,400,028
[finetune_replay] WARM START from last_hybrid_policy.pth
[finetune_replay] ep   1/300 | train loss=0.0009 top1=1.000 | val loss=0.0285 | t=0.8s  *
[finetune_replay] ep   2/300 | train loss=0.0009 top1=1.000 | val loss=0.0783 | t=0.1s
[finetune_replay] ep   3/300 | train loss=0.0002 top1=1.000 | val loss=0.0501 | t=0.2s
[finetune_replay] ep   4/300 | train loss=0.0003 top1=1.000 | val loss=0.0715 | t=0.1s
[finetune_replay] ep   5/300 | train loss=0.0004 top1=1.000 | val loss=0.0524 | t=0.2s
[finetune_replay] ep   6/300 | train loss=0.0002 top1=1.000 | val loss=0.0325 | t=0.2s
[finetune_replay] ep   7/300 | train loss=0.0001 top1=1.000 | val loss=0.0360 | t=0.3s
[finetune_replay] ep   8/300 | train loss=0.0003 top1=1.000 | val loss=0.0340 | t=0.1s
[finetune_replay] ep   9/300 | train loss=0.0001 top1=1.000 | val loss=0.0066 | t=0.1s  *
[finetune_replay] ep  10/300 | train loss=0.0028 top1=1.000 | val loss=0.1390 | t=0.1s
[finetune_replay] ep  11/300 | train loss=0.0039 top1=1.000 | val loss=0.0581 | t=0.2s
[finetune_replay] ep  12/300 | train loss=0.0004 top1=1.000 | val loss=0.0047 | t=0.1s  *
[finetune_replay] ep  13/300 | train loss=0.0023 top1=1.000 | val loss=0.0258 | t=0.1s
[finetune_replay] ep  14/300 | train loss=0.0009 top1=1.000 | val loss=0.0511 | t=0.1s
[finetune_replay] ep  15/300 | train loss=0.0008 top1=1.000 | val loss=0.0559 | t=0.1s
[finetune_replay] ep  16/300 | train loss=0.0004 top1=1.000 | val loss=0.0443 | t=0.1s
[finetune_replay] ep  17/300 | train loss=0.0001 top1=1.000 | val loss=0.0370 | t=0.1s
[finetune_replay] ep  18/300 | train loss=0.0002 top1=1.000 | val loss=0.0349 | t=0.1s
[finetune_replay] ep  19/300 | train loss=0.0001 top1=1.000 | val loss=0.0401 | t=0.1s
[finetune_replay] ep  20/300 | train loss=0.0000 top1=1.000 | val loss=0.0430 | t=0.1s
[finetune_replay] ep  21/300 | train loss=0.0001 top1=1.000 | val loss=0.0446 | t=0.1s
[finetune_replay] ep  22/300 | train loss=0.0001 top1=1.000 | val loss=0.0455 | t=0.1s
[finetune_replay] ep  23/300 | train loss=0.0001 top1=1.000 | val loss=0.0445 | t=0.1s
[finetune_replay] ep  24/300 | train loss=0.0001 top1=1.000 | val loss=0.0444 | t=0.1s
[finetune_replay] ep  25/300 | train loss=0.0001 top1=1.000 | val loss=0.0441 | t=0.1s
[finetune_replay] ep  26/300 | train loss=0.0000 top1=1.000 | val loss=0.0439 | t=0.1s
[finetune_replay] ep  27/300 | train loss=0.0001 top1=1.000 | val loss=0.0436 | t=0.1s
[finetune_replay] ep  28/300 | train loss=0.0000 top1=1.000 | val loss=0.0437 | t=0.1s
[finetune_replay] ep  29/300 | train loss=0.0001 top1=1.000 | val loss=0.0439 | t=0.1s
[finetune_replay] ep  30/300 | train loss=0.0000 top1=1.000 | val loss=0.0448 | t=0.1s
[finetune_replay] ep  31/300 | train loss=0.0000 top1=1.000 | val loss=0.0456 | t=0.1s
[finetune_replay] ep  32/300 | train loss=0.0000 top1=1.000 | val loss=0.0472 | t=0.1s
[finetune_replay] ep  33/300 | train loss=0.0001 top1=1.000 | val loss=0.0477 | t=0.1s
[finetune_replay] ep  34/300 | train loss=0.0000 top1=1.000 | val loss=0.0464 | t=0.1s
[finetune_replay] ep  35/300 | train loss=0.0000 top1=1.000 | val loss=0.0450 | t=0.1s
[finetune_replay] ep  36/300 | train loss=0.0000 top1=1.000 | val loss=0.0445 | t=0.1s
[finetune_replay] ep  37/300 | train loss=0.0000 top1=1.000 | val loss=0.0451 | t=0.1s
[finetune_replay] ep  38/300 | train loss=0.0000 top1=1.000 | val loss=0.0455 | t=0.1s
[finetune_replay] ep  39/300 | train loss=0.0000 top1=1.000 | val loss=0.0441 | t=0.1s
[finetune_replay] ep  40/300 | train loss=0.0000 top1=1.000 | val loss=0.0440 | t=0.1s
[finetune_replay] ep  41/300 | train loss=0.0000 top1=1.000 | val loss=0.0429 | t=0.1s
[finetune_replay] ep  42/300 | train loss=0.0000 top1=1.000 | val loss=0.0429 | t=0.1s
[finetune_replay] ep  43/300 | train loss=0.0000 top1=1.000 | val loss=0.0436 | t=0.1s
[finetune_replay] ep  44/300 | train loss=0.0000 top1=1.000 | val loss=0.0447 | t=0.1s
[finetune_replay] ep  45/300 | train loss=0.0000 top1=1.000 | val loss=0.0462 | t=0.1s
[finetune_replay] ep  46/300 | train loss=0.0000 top1=1.000 | val loss=0.0458 | t=0.1s
[finetune_replay] ep  47/300 | train loss=0.0000 top1=1.000 | val loss=0.0462 | t=0.1s
[finetune_replay] ep  48/300 | train loss=0.0000 top1=1.000 | val loss=0.0450 | t=0.1s
[finetune_replay] ep  49/300 | train loss=0.0000 top1=1.000 | val loss=0.0462 | t=0.1s
[finetune_replay] ep  50/300 | train loss=0.0000 top1=1.000 | val loss=0.0454 | t=0.1s
[finetune_replay] ep  51/300 | train loss=0.0000 top1=1.000 | val loss=0.0453 | t=0.1s
[finetune_replay] ep  52/300 | train loss=0.0000 top1=1.000 | val loss=0.0452 | t=0.1s
[finetune_replay] ep  53/300 | train loss=0.0000 top1=1.000 | val loss=0.0465 | t=0.1s
[finetune_replay] ep  54/300 | train loss=0.0000 top1=1.000 | val loss=0.0471 | t=0.1s
[finetune_replay] ep  55/300 | train loss=0.0000 top1=1.000 | val loss=0.0467 | t=0.1s
[finetune_replay] ep  56/300 | train loss=0.0000 top1=1.000 | val loss=0.0481 | t=0.1s
[finetune_replay] ep  57/300 | train loss=0.0000 top1=1.000 | val loss=0.0484 | t=0.1s
[finetune_replay] ep  58/300 | train loss=0.0000 top1=1.000 | val loss=0.0490 | t=0.1s
[finetune_replay] ep  59/300 | train loss=0.0000 top1=1.000 | val loss=0.0475 | t=0.1s
[finetune_replay] ep  60/300 | train loss=0.0000 top1=1.000 | val loss=0.0464 | t=0.1s
[finetune_replay] ep  61/300 | train loss=0.0000 top1=1.000 | val loss=0.0469 | t=0.1s
[finetune_replay] ep  62/300 | train loss=0.0000 top1=1.000 | val loss=0.0463 | t=0.1s
[finetune_replay] ep  63/300 | train loss=0.0000 top1=1.000 | val loss=0.0459 | t=0.1s
[finetune_replay] ep  64/300 | train loss=0.0000 top1=1.000 | val loss=0.0469 | t=0.1s
[finetune_replay] ep  65/300 | train loss=0.0000 top1=1.000 | val loss=0.0476 | t=0.1s
[finetune_replay] ep  66/300 | train loss=0.0000 top1=1.000 | val loss=0.0485 | t=0.1s
[finetune_replay] ep  67/300 | train loss=0.0000 top1=1.000 | val loss=0.0493 | t=0.1s
[finetune_replay] ep  68/300 | train loss=0.0000 top1=1.000 | val loss=0.0486 | t=0.1s
[finetune_replay] ep  69/300 | train loss=0.0000 top1=1.000 | val loss=0.0497 | t=0.1s
[finetune_replay] ep  70/300 | train loss=0.0000 top1=1.000 | val loss=0.0510 | t=0.1s
[finetune_replay] ep  71/300 | train loss=0.0000 top1=1.000 | val loss=0.0510 | t=0.1s
[finetune_replay] ep  72/300 | train loss=0.0000 top1=1.000 | val loss=0.0494 | t=0.1s
[finetune_replay] ep  73/300 | train loss=0.0000 top1=1.000 | val loss=0.0504 | t=0.1s
[finetune_replay] ep  74/300 | train loss=0.0000 top1=1.000 | val loss=0.0502 | t=0.1s
[finetune_replay] ep  75/300 | train loss=0.0000 top1=1.000 | val loss=0.0500 | t=0.1s
[finetune_replay] ep  76/300 | train loss=0.0000 top1=1.000 | val loss=0.0505 | t=0.1s
[finetune_replay] ep  77/300 | train loss=0.0000 top1=1.000 | val loss=0.0514 | t=0.1s
[finetune_replay] ep  78/300 | train loss=0.0000 top1=1.000 | val loss=0.0512 | t=0.1s
[finetune_replay] ep  79/300 | train loss=0.0000 top1=1.000 | val loss=0.0499 | t=0.1s
[finetune_replay] ep  80/300 | train loss=0.0000 top1=1.000 | val loss=0.0509 | t=0.1s
[finetune_replay] ep  81/300 | train loss=0.0000 top1=1.000 | val loss=0.0512 | t=0.1s
[finetune_replay] ep  82/300 | train loss=0.0000 top1=1.000 | val loss=0.0492 | t=0.1s
[finetune_replay] ep  83/300 | train loss=0.0000 top1=1.000 | val loss=0.0476 | t=0.1s
[finetune_replay] ep  84/300 | train loss=0.0000 top1=1.000 | val loss=0.0496 | t=0.1s
[finetune_replay] ep  85/300 | train loss=0.0000 top1=1.000 | val loss=0.0486 | t=0.1s
[finetune_replay] ep  86/300 | train loss=0.0000 top1=1.000 | val loss=0.0499 | t=0.1s
[finetune_replay] ep  87/300 | train loss=0.0000 top1=1.000 | val loss=0.0506 | t=0.1s
[finetune_replay] ep  88/300 | train loss=0.0000 top1=1.000 | val loss=0.0506 | t=0.1s
[finetune_replay] ep  89/300 | train loss=0.0000 top1=1.000 | val loss=0.0495 | t=0.1s
[finetune_replay] ep  90/300 | train loss=0.0000 top1=1.000 | val loss=0.0492 | t=0.1s
[finetune_replay] ep  91/300 | train loss=0.0000 top1=1.000 | val loss=0.0499 | t=0.1s
[finetune_replay] ep  92/300 | train loss=0.0000 top1=1.000 | val loss=0.0507 | t=0.1s
[finetune_replay] ep  93/300 | train loss=0.0000 top1=1.000 | val loss=0.0487 | t=0.1s
[finetune_replay] ep  94/300 | train loss=0.0000 top1=1.000 | val loss=0.0498 | t=0.1s
[finetune_replay] ep  95/300 | train loss=0.0000 top1=1.000 | val loss=0.0498 | t=0.1s
[finetune_replay] ep  96/300 | train loss=0.0000 top1=1.000 | val loss=0.0498 | t=0.1s
[finetune_replay] ep  97/300 | train loss=0.0000 top1=1.000 | val loss=0.0506 | t=0.1s
[finetune_replay] ep  98/300 | train loss=0.0000 top1=1.000 | val loss=0.0507 | t=0.1s
[finetune_replay] ep  99/300 | train loss=0.0000 top1=1.000 | val loss=0.0512 | t=0.1s
[finetune_replay] ep 100/300 | train loss=0.0000 top1=1.000 | val loss=0.0521 | t=0.1s
[finetune_replay] ep 101/300 | train loss=0.0000 top1=1.000 | val loss=0.0519 | t=0.1s
[finetune_replay] ep 102/300 | train loss=0.0000 top1=1.000 | val loss=0.0510 | t=0.1s
[finetune_replay] ep 103/300 | train loss=0.0000 top1=1.000 | val loss=0.0515 | t=0.1s
[finetune_replay] ep 104/300 | train loss=0.0000 top1=1.000 | val loss=0.0528 | t=0.1s
[finetune_replay] ep 105/300 | train loss=0.0000 top1=1.000 | val loss=0.0530 | t=0.1s
[finetune_replay] ep 106/300 | train loss=0.0000 top1=1.000 | val loss=0.0517 | t=0.1s
[finetune_replay] ep 107/300 | train loss=0.0000 top1=1.000 | val loss=0.0510 | t=0.1s
[finetune_replay] ep 108/300 | train loss=0.0000 top1=1.000 | val loss=0.0510 | t=0.1s
[finetune_replay] ep 109/300 | train loss=0.0000 top1=1.000 | val loss=0.0515 | t=0.1s
[finetune_replay] ep 110/300 | train loss=0.0000 top1=1.000 | val loss=0.0522 | t=0.1s
[finetune_replay] ep 111/300 | train loss=0.0000 top1=1.000 | val loss=0.0518 | t=0.1s
[finetune_replay] ep 112/300 | train loss=0.0000 top1=1.000 | val loss=0.0525 | t=0.1s
[finetune_replay] ep 113/300 | train loss=0.0000 top1=1.000 | val loss=0.0518 | t=0.1s
[finetune_replay] ep 114/300 | train loss=0.0000 top1=1.000 | val loss=0.0521 | t=0.1s
[finetune_replay] ep 115/300 | train loss=0.0000 top1=1.000 | val loss=0.0514 | t=0.1s
[finetune_replay] ep 116/300 | train loss=0.0000 top1=1.000 | val loss=0.0508 | t=0.1s
[finetune_replay] ep 117/300 | train loss=0.0000 top1=1.000 | val loss=0.0506 | t=0.1s
[finetune_replay] ep 118/300 | train loss=0.0000 top1=1.000 | val loss=0.0499 | t=0.1s
[finetune_replay] ep 119/300 | train loss=0.0000 top1=1.000 | val loss=0.0510 | t=0.1s
[finetune_replay] ep 120/300 | train loss=0.0000 top1=1.000 | val loss=0.0507 | t=0.1s
[finetune_replay] ep 121/300 | train loss=0.0000 top1=1.000 | val loss=0.0506 | t=0.1s
[finetune_replay] ep 122/300 | train loss=0.0000 top1=1.000 | val loss=0.0527 | t=0.1s
[finetune_replay] ep 123/300 | train loss=0.0000 top1=1.000 | val loss=0.0540 | t=0.2s
[finetune_replay] ep 124/300 | train loss=0.0000 top1=1.000 | val loss=0.0516 | t=0.1s
[finetune_replay] ep 125/300 | train loss=0.0000 top1=1.000 | val loss=0.0527 | t=0.1s
[finetune_replay] ep 126/300 | train loss=0.0000 top1=1.000 | val loss=0.0530 | t=0.1s
[finetune_replay] ep 127/300 | train loss=0.0000 top1=1.000 | val loss=0.0525 | t=0.1s
[finetune_replay] ep 128/300 | train loss=0.0000 top1=1.000 | val loss=0.0527 | t=0.1s
[finetune_replay] ep 129/300 | train loss=0.0000 top1=1.000 | val loss=0.0535 | t=0.1s
[finetune_replay] ep 130/300 | train loss=0.0000 top1=1.000 | val loss=0.0542 | t=0.1s
[finetune_replay] ep 131/300 | train loss=0.0000 top1=1.000 | val loss=0.0549 | t=0.1s
[finetune_replay] ep 132/300 | train loss=0.0000 top1=1.000 | val loss=0.0560 | t=0.1s
[finetune_replay] ep 133/300 | train loss=0.0000 top1=1.000 | val loss=0.0559 | t=0.1s
[finetune_replay] ep 134/300 | train loss=0.0000 top1=1.000 | val loss=0.0556 | t=0.1s
[finetune_replay] ep 135/300 | train loss=0.0000 top1=1.000 | val loss=0.0562 | t=0.1s
[finetune_replay] ep 136/300 | train loss=0.0000 top1=1.000 | val loss=0.0563 | t=0.1s
[finetune_replay] ep 137/300 | train loss=0.0000 top1=1.000 | val loss=0.0562 | t=0.1s
[finetune_replay] ep 138/300 | train loss=0.0000 top1=1.000 | val loss=0.0556 | t=0.1s
[finetune_replay] ep 139/300 | train loss=0.0000 top1=1.000 | val loss=0.0533 | t=0.1s
[finetune_replay] ep 140/300 | train loss=0.0000 top1=1.000 | val loss=0.0523 | t=0.1s
[finetune_replay] ep 141/300 | train loss=0.0000 top1=1.000 | val loss=0.0530 | t=0.1s
[finetune_replay] ep 142/300 | train loss=0.0000 top1=1.000 | val loss=0.0547 | t=0.1s
[finetune_replay] ep 143/300 | train loss=0.0000 top1=1.000 | val loss=0.0541 | t=0.1s
[finetune_replay] ep 144/300 | train loss=0.0000 top1=1.000 | val loss=0.0538 | t=0.1s
[finetune_replay] ep 145/300 | train loss=0.0000 top1=1.000 | val loss=0.0542 | t=0.1s
[finetune_replay] ep 146/300 | train loss=0.0000 top1=1.000 | val loss=0.0547 | t=0.1s
[finetune_replay] ep 147/300 | train loss=0.0000 top1=1.000 | val loss=0.0555 | t=0.1s
[finetune_replay] ep 148/300 | train loss=0.0000 top1=1.000 | val loss=0.0564 | t=0.1s
[finetune_replay] ep 149/300 | train loss=0.0000 top1=1.000 | val loss=0.0563 | t=0.1s
[finetune_replay] ep 150/300 | train loss=0.0000 top1=1.000 | val loss=0.0562 | t=0.1s
[finetune_replay] ep 151/300 | train loss=0.0000 top1=1.000 | val loss=0.0560 | t=0.1s
[finetune_replay] ep 152/300 | train loss=0.0000 top1=1.000 | val loss=0.0544 | t=0.1s
[finetune_replay] ep 153/300 | train loss=0.0000 top1=1.000 | val loss=0.0537 | t=0.1s
[finetune_replay] ep 154/300 | train loss=0.0000 top1=1.000 | val loss=0.0544 | t=0.1s
[finetune_replay] ep 155/300 | train loss=0.0000 top1=1.000 | val loss=0.0537 | t=0.1s
[finetune_replay] ep 156/300 | train loss=0.0000 top1=1.000 | val loss=0.0545 | t=0.1s
[finetune_replay] ep 157/300 | train loss=0.0000 top1=1.000 | val loss=0.0548 | t=0.1s
[finetune_replay] ep 158/300 | train loss=0.0000 top1=1.000 | val loss=0.0551 | t=0.1s
[finetune_replay] ep 159/300 | train loss=0.0000 top1=1.000 | val loss=0.0547 | t=0.1s
[finetune_replay] ep 160/300 | train loss=0.0000 top1=1.000 | val loss=0.0561 | t=0.1s
[finetune_replay] ep 161/300 | train loss=0.0000 top1=1.000 | val loss=0.0537 | t=0.1s
[finetune_replay] ep 162/300 | train loss=0.0000 top1=1.000 | val loss=0.0544 | t=0.1s
[finetune_replay] ep 163/300 | train loss=0.0000 top1=1.000 | val loss=0.0545 | t=0.1s
[finetune_replay] ep 164/300 | train loss=0.0000 top1=1.000 | val loss=0.0551 | t=0.1s
[finetune_replay] ep 165/300 | train loss=0.0000 top1=1.000 | val loss=0.0544 | t=0.1s
[finetune_replay] ep 166/300 | train loss=0.0000 top1=1.000 | val loss=0.0549 | t=0.1s
[finetune_replay] ep 167/300 | train loss=0.0000 top1=1.000 | val loss=0.0548 | t=0.1s
[finetune_replay] ep 168/300 | train loss=0.0000 top1=1.000 | val loss=0.0550 | t=0.1s
[finetune_replay] ep 169/300 | train loss=0.0000 top1=1.000 | val loss=0.0540 | t=0.1s
[finetune_replay] ep 170/300 | train loss=0.0000 top1=1.000 | val loss=0.0544 | t=0.1s
[finetune_replay] ep 171/300 | train loss=0.0000 top1=1.000 | val loss=0.0539 | t=0.1s
[finetune_replay] ep 172/300 | train loss=0.0000 top1=1.000 | val loss=0.0540 | t=0.1s
[finetune_replay] ep 173/300 | train loss=0.0000 top1=1.000 | val loss=0.0541 | t=0.1s
[finetune_replay] ep 174/300 | train loss=0.0000 top1=1.000 | val loss=0.0553 | t=0.1s
[finetune_replay] ep 175/300 | train loss=0.0000 top1=1.000 | val loss=0.0552 | t=0.1s
[finetune_replay] ep 176/300 | train loss=0.0000 top1=1.000 | val loss=0.0548 | t=0.1s
[finetune_replay] ep 177/300 | train loss=0.0000 top1=1.000 | val loss=0.0566 | t=0.1s
[finetune_replay] ep 178/300 | train loss=0.0000 top1=1.000 | val loss=0.0575 | t=0.1s
[finetune_replay] ep 179/300 | train loss=0.0000 top1=1.000 | val loss=0.0563 | t=0.1s
[finetune_replay] ep 180/300 | train loss=0.0000 top1=1.000 | val loss=0.0564 | t=0.1s
[finetune_replay] ep 181/300 | train loss=0.0000 top1=1.000 | val loss=0.0560 | t=0.1s
[finetune_replay] ep 182/300 | train loss=0.0000 top1=1.000 | val loss=0.0561 | t=0.1s
[finetune_replay] ep 183/300 | train loss=0.0000 top1=1.000 | val loss=0.0572 | t=0.1s
[finetune_replay] ep 184/300 | train loss=0.0000 top1=1.000 | val loss=0.0579 | t=0.1s
[finetune_replay] ep 185/300 | train loss=0.0000 top1=1.000 | val loss=0.0575 | t=0.1s
[finetune_replay] ep 186/300 | train loss=0.0000 top1=1.000 | val loss=0.0554 | t=0.1s
[finetune_replay] ep 187/300 | train loss=0.0000 top1=1.000 | val loss=0.0564 | t=0.1s
[finetune_replay] ep 188/300 | train loss=0.0000 top1=1.000 | val loss=0.0557 | t=0.1s
[finetune_replay] ep 189/300 | train loss=0.0000 top1=1.000 | val loss=0.0547 | t=0.1s
[finetune_replay] ep 190/300 | train loss=0.0000 top1=1.000 | val loss=0.0565 | t=0.1s
[finetune_replay] ep 191/300 | train loss=0.0000 top1=1.000 | val loss=0.0555 | t=0.1s
[finetune_replay] ep 192/300 | train loss=0.0000 top1=1.000 | val loss=0.0543 | t=0.1s
[finetune_replay] ep 193/300 | train loss=0.0000 top1=1.000 | val loss=0.0557 | t=0.1s
[finetune_replay] ep 194/300 | train loss=0.0000 top1=1.000 | val loss=0.0562 | t=0.1s
[finetune_replay] ep 195/300 | train loss=0.0000 top1=1.000 | val loss=0.0562 | t=0.1s
[finetune_replay] ep 196/300 | train loss=0.0000 top1=1.000 | val loss=0.0573 | t=0.1s
[finetune_replay] ep 197/300 | train loss=0.0000 top1=1.000 | val loss=0.0582 | t=0.1s
[finetune_replay] ep 198/300 | train loss=0.0000 top1=1.000 | val loss=0.0558 | t=0.1s
[finetune_replay] ep 199/300 | train loss=0.0000 top1=1.000 | val loss=0.0566 | t=0.1s
[finetune_replay] ep 200/300 | train loss=0.0000 top1=1.000 | val loss=0.0564 | t=0.1s
[finetune_replay] ep 201/300 | train loss=0.0000 top1=1.000 | val loss=0.0576 | t=0.1s
[finetune_replay] ep 202/300 | train loss=0.0000 top1=1.000 | val loss=0.0583 | t=0.1s
[finetune_replay] ep 203/300 | train loss=0.0000 top1=1.000 | val loss=0.0586 | t=0.1s
[finetune_replay] ep 204/300 | train loss=0.0000 top1=1.000 | val loss=0.0587 | t=0.1s
[finetune_replay] ep 205/300 | train loss=0.0000 top1=1.000 | val loss=0.0562 | t=0.1s
[finetune_replay] ep 206/300 | train loss=0.0000 top1=1.000 | val loss=0.0576 | t=0.1s
[finetune_replay] ep 207/300 | train loss=0.0000 top1=1.000 | val loss=0.0584 | t=0.1s
[finetune_replay] ep 208/300 | train loss=0.0000 top1=1.000 | val loss=0.0577 | t=0.1s
[finetune_replay] ep 209/300 | train loss=0.0000 top1=1.000 | val loss=0.0573 | t=0.1s
[finetune_replay] ep 210/300 | train loss=0.0000 top1=1.000 | val loss=0.0571 | t=0.1s
[finetune_replay] ep 211/300 | train loss=0.0000 top1=1.000 | val loss=0.0563 | t=0.1s
[finetune_replay] ep 212/300 | train loss=0.0000 top1=1.000 | val loss=0.0555 | t=0.1s
[finetune_replay] ep 213/300 | train loss=0.0000 top1=1.000 | val loss=0.0558 | t=0.1s
[finetune_replay] ep 214/300 | train loss=0.0000 top1=1.000 | val loss=0.0569 | t=0.1s
[finetune_replay] ep 215/300 | train loss=0.0000 top1=1.000 | val loss=0.0575 | t=0.1s
[finetune_replay] ep 216/300 | train loss=0.0000 top1=1.000 | val loss=0.0563 | t=0.1s
[finetune_replay] ep 217/300 | train loss=0.0000 top1=1.000 | val loss=0.0560 | t=0.1s
[finetune_replay] ep 218/300 | train loss=0.0000 top1=1.000 | val loss=0.0558 | t=0.1s
[finetune_replay] ep 219/300 | train loss=0.0000 top1=1.000 | val loss=0.0565 | t=0.1s
[finetune_replay] ep 220/300 | train loss=0.0000 top1=1.000 | val loss=0.0572 | t=0.1s
[finetune_replay] ep 221/300 | train loss=0.0000 top1=1.000 | val loss=0.0554 | t=0.1s
[finetune_replay] ep 222/300 | train loss=0.0000 top1=1.000 | val loss=0.0547 | t=0.1s
[finetune_replay] ep 223/300 | train loss=0.0000 top1=1.000 | val loss=0.0547 | t=0.1s
[finetune_replay] ep 224/300 | train loss=0.0000 top1=1.000 | val loss=0.0558 | t=0.1s
[finetune_replay] ep 225/300 | train loss=0.0000 top1=1.000 | val loss=0.0561 | t=0.1s
[finetune_replay] ep 226/300 | train loss=0.0000 top1=1.000 | val loss=0.0570 | t=0.1s
[finetune_replay] ep 227/300 | train loss=0.0000 top1=1.000 | val loss=0.0565 | t=0.1s
[finetune_replay] ep 228/300 | train loss=0.0000 top1=1.000 | val loss=0.0571 | t=0.1s
[finetune_replay] ep 229/300 | train loss=0.0000 top1=1.000 | val loss=0.0560 | t=0.1s
[finetune_replay] ep 230/300 | train loss=0.0000 top1=1.000 | val loss=0.0571 | t=0.1s
[finetune_replay] ep 231/300 | train loss=0.0000 top1=1.000 | val loss=0.0563 | t=0.1s
[finetune_replay] ep 232/300 | train loss=0.0000 top1=1.000 | val loss=0.0572 | t=0.1s
[finetune_replay] ep 233/300 | train loss=0.0000 top1=1.000 | val loss=0.0590 | t=0.1s
[finetune_replay] ep 234/300 | train loss=0.0000 top1=1.000 | val loss=0.0578 | t=0.1s
[finetune_replay] ep 235/300 | train loss=0.0000 top1=1.000 | val loss=0.0571 | t=0.1s
[finetune_replay] ep 236/300 | train loss=0.0000 top1=1.000 | val loss=0.0580 | t=0.1s
[finetune_replay] ep 237/300 | train loss=0.0000 top1=1.000 | val loss=0.0574 | t=0.1s
[finetune_replay] ep 238/300 | train loss=0.0000 top1=1.000 | val loss=0.0584 | t=0.1s
[finetune_replay] ep 239/300 | train loss=0.0000 top1=1.000 | val loss=0.0582 | t=0.1s
[finetune_replay] ep 240/300 | train loss=0.0000 top1=1.000 | val loss=0.0579 | t=0.1s
[finetune_replay] ep 241/300 | train loss=0.0000 top1=1.000 | val loss=0.0577 | t=0.1s
[finetune_replay] ep 242/300 | train loss=0.0000 top1=1.000 | val loss=0.0584 | t=0.1s
[finetune_replay] ep 243/300 | train loss=0.0000 top1=1.000 | val loss=0.0592 | t=0.1s
[finetune_replay] ep 244/300 | train loss=0.0000 top1=1.000 | val loss=0.0580 | t=0.1s
[finetune_replay] ep 245/300 | train loss=0.0000 top1=1.000 | val loss=0.0572 | t=0.1s
[finetune_replay] ep 246/300 | train loss=0.0000 top1=1.000 | val loss=0.0559 | t=0.1s
[finetune_replay] ep 247/300 | train loss=0.0000 top1=1.000 | val loss=0.0579 | t=0.1s
[finetune_replay] ep 248/300 | train loss=0.0000 top1=1.000 | val loss=0.0579 | t=0.1s
[finetune_replay] ep 249/300 | train loss=0.0000 top1=1.000 | val loss=0.0585 | t=0.1s
[finetune_replay] ep 250/300 | train loss=0.0000 top1=1.000 | val loss=0.0591 | t=0.1s
[finetune_replay] ep 251/300 | train loss=0.0000 top1=1.000 | val loss=0.0593 | t=0.1s
[finetune_replay] ep 252/300 | train loss=0.0000 top1=1.000 | val loss=0.0591 | t=0.1s
[finetune_replay] ep 253/300 | train loss=0.0000 top1=1.000 | val loss=0.0587 | t=0.1s
[finetune_replay] ep 254/300 | train loss=0.0000 top1=1.000 | val loss=0.0593 | t=0.1s
[finetune_replay] ep 255/300 | train loss=0.0000 top1=1.000 | val loss=0.0580 | t=0.1s
[finetune_replay] ep 256/300 | train loss=0.0000 top1=1.000 | val loss=0.0582 | t=0.1s
[finetune_replay] ep 257/300 | train loss=0.0000 top1=1.000 | val loss=0.0582 | t=0.1s
[finetune_replay] ep 258/300 | train loss=0.0000 top1=1.000 | val loss=0.0590 | t=0.1s
[finetune_replay] ep 259/300 | train loss=0.0000 top1=1.000 | val loss=0.0579 | t=0.1s
[finetune_replay] ep 260/300 | train loss=0.0000 top1=1.000 | val loss=0.0566 | t=0.1s
[finetune_replay] ep 261/300 | train loss=0.0000 top1=1.000 | val loss=0.0561 | t=0.1s
[finetune_replay] ep 262/300 | train loss=0.0000 top1=1.000 | val loss=0.0571 | t=0.1s
[finetune_replay] ep 263/300 | train loss=0.0000 top1=1.000 | val loss=0.0578 | t=0.1s
[finetune_replay] ep 264/300 | train loss=0.0000 top1=1.000 | val loss=0.0556 | t=0.1s
[finetune_replay] ep 265/300 | train loss=0.0000 top1=1.000 | val loss=0.0568 | t=0.1s
[finetune_replay] ep 266/300 | train loss=0.0000 top1=1.000 | val loss=0.0561 | t=0.1s
[finetune_replay] ep 267/300 | train loss=0.0000 top1=1.000 | val loss=0.0568 | t=0.1s
[finetune_replay] ep 268/300 | train loss=0.0000 top1=1.000 | val loss=0.0575 | t=0.1s
[finetune_replay] ep 269/300 | train loss=0.0000 top1=1.000 | val loss=0.0590 | t=0.1s
[finetune_replay] ep 270/300 | train loss=0.0000 top1=1.000 | val loss=0.0574 | t=0.1s
[finetune_replay] ep 271/300 | train loss=0.0000 top1=1.000 | val loss=0.0577 | t=0.1s
[finetune_replay] ep 272/300 | train loss=0.0000 top1=1.000 | val loss=0.0585 | t=0.1s
[finetune_replay] ep 273/300 | train loss=0.0000 top1=1.000 | val loss=0.0583 | t=0.1s
[finetune_replay] ep 274/300 | train loss=0.0000 top1=1.000 | val loss=0.0577 | t=0.1s
[finetune_replay] ep 275/300 | train loss=0.0000 top1=1.000 | val loss=0.0576 | t=0.1s
[finetune_replay] ep 276/300 | train loss=0.0000 top1=1.000 | val loss=0.0584 | t=0.1s
[finetune_replay] ep 277/300 | train loss=0.0000 top1=1.000 | val loss=0.0585 | t=0.1s
[finetune_replay] ep 278/300 | train loss=0.0000 top1=1.000 | val loss=0.0563 | t=0.1s
[finetune_replay] ep 279/300 | train loss=0.0000 top1=1.000 | val loss=0.0578 | t=0.1s
[finetune_replay] ep 280/300 | train loss=0.0000 top1=1.000 | val loss=0.0587 | t=0.1s
[finetune_replay] ep 281/300 | train loss=0.0000 top1=1.000 | val loss=0.0583 | t=0.1s
[finetune_replay] ep 282/300 | train loss=0.0000 top1=1.000 | val loss=0.0583 | t=0.1s
[finetune_replay] ep 283/300 | train loss=0.0000 top1=1.000 | val loss=0.0582 | t=0.1s
[finetune_replay] ep 284/300 | train loss=0.0000 top1=1.000 | val loss=0.0580 | t=0.1s
[finetune_replay] ep 285/300 | train loss=0.0000 top1=1.000 | val loss=0.0567 | t=0.1s
[finetune_replay] ep 286/300 | train loss=0.0000 top1=1.000 | val loss=0.0582 | t=0.1s
[finetune_replay] ep 287/300 | train loss=0.0000 top1=1.000 | val loss=0.0582 | t=0.1s
[finetune_replay] ep 288/300 | train loss=0.0000 top1=1.000 | val loss=0.0588 | t=0.1s
[finetune_replay] ep 289/300 | train loss=0.0000 top1=1.000 | val loss=0.0596 | t=0.1s
[finetune_replay] ep 290/300 | train loss=0.0000 top1=1.000 | val loss=0.0583 | t=0.1s
[finetune_replay] ep 291/300 | train loss=0.0000 top1=1.000 | val loss=0.0576 | t=0.1s
[finetune_replay] ep 292/300 | train loss=0.0000 top1=1.000 | val loss=0.0584 | t=0.1s
[finetune_replay] ep 293/300 | train loss=0.0000 top1=1.000 | val loss=0.0595 | t=0.1s
[finetune_replay] ep 294/300 | train loss=0.0000 top1=1.000 | val loss=0.0586 | t=0.1s
[finetune_replay] ep 295/300 | train loss=0.0000 top1=1.000 | val loss=0.0581 | t=0.1s
[finetune_replay] ep 296/300 | train loss=0.0000 top1=1.000 | val loss=0.0591 | t=0.1s
[finetune_replay] ep 297/300 | train loss=0.0000 top1=1.000 | val loss=0.0577 | t=0.1s
[finetune_replay] ep 298/300 | train loss=0.0000 top1=1.000 | val loss=0.0583 | t=0.1s
[finetune_replay] ep 299/300 | train loss=0.0000 top1=1.000 | val loss=0.0586 | t=0.1s
[finetune_replay] ep 300/300 | train loss=0.0000 top1=1.000 | val loss=0.0581 | t=0.1s
[finetune_replay] DONE best_val_loss=0.0047 @ epoch 12
[19:51:12] [bo-budget] $ /home/s226137394/.conda/envs/maze/bin/python3 -u -m Equivariant_pathway.equivariant_CNN_hybrid.rollout_test --checkpoint /weka/s226137394/DmNfull/Equivariant_pathway/equivariant_CNN_hybrid/baseline_vs_p4/pool_x_selector/results_hpsweep/e300_lr0.0001_rm0.7_do0/run_6/p4_top3_rotate/checkpoints/best_hybrid_policy.pth --layouts /weka/s226137394/DmNfull/Equivariant_pathway/equivariant_CNN_hybrid/baseline_vs_p4/shared/heldout_layouts.yaml --out_dir /weka/s226137394/DmNfull/Equivariant_pathway/equivariant_CNN_hybrid/baseline_vs_p4/pool_x_selector/results_hpsweep/e300_lr0.0001_rm0.7_do0/run_6/p4_top3_rotate/results/eval_round_009 --seed 15 --max_steps 60
[hybrid-rollout] 200 unique; running 200 eps
[hybrid-rollout] loaded /weka/s226137394/DmNfull/Equivariant_pathway/equivariant_CNN_hybrid/baseline_vs_p4/pool_x_selector/results_hpsweep/e300_lr0.0001_rm0.7_do0/run_6/p4_top3_rotate/checkpoints/best_hybrid_policy.pth
[hybrid-rollout] ep 0 (heldout_001): steps=5 success=True
[hybrid-rollout] ep 1 (heldout_002): steps=60 success=False
[hybrid-rollout] ep 2 (heldout_003): steps=60 success=False
[hybrid-rollout] ep 3 (heldout_004): steps=60 success=False
[hybrid-rollout] ep 4 (heldout_005): steps=5 success=True
[hybrid-rollout] ep 5 (heldout_006): steps=6 success=True
[hybrid-rollout] ep 6 (heldout_007): steps=5 success=True
[hybrid-rollout] ep 7 (heldout_008): steps=4 success=True
[hybrid-rollout] ep 8 (heldout_009): steps=6 success=True
[hybrid-rollout] ep 9 (heldout_010): steps=60 success=False
[hybrid-rollout] ep 10 (heldout_011): steps=4 success=True
[hybrid-rollout] ep 11 (heldout_012): steps=4 success=True
[hybrid-rollout] ep 12 (heldout_013): steps=60 success=False
[hybrid-rollout] ep 13 (heldout_014): steps=5 success=True
[hybrid-rollout] ep 14 (heldout_015): steps=4 success=True
[hybrid-rollout] ep 15 (heldout_016): steps=1 success=False
[hybrid-rollout] ep 16 (heldout_017): steps=60 success=False
[hybrid-rollout] ep 17 (heldout_018): steps=2 success=False
[hybrid-rollout] ep 18 (heldout_019): steps=60 success=False
[hybrid-rollout] ep 19 (heldout_020): steps=5 success=True
[hybrid-rollout] ep 20 (heldout_021): steps=4 success=True
[hybrid-rollout] ep 21 (heldout_022): steps=4 success=True
[hybrid-rollout] ep 22 (heldout_023): steps=60 success=False
[hybrid-rollout] ep 23 (heldout_024): steps=60 success=False
[hybrid-rollout] ep 24 (heldout_025): steps=4 success=True
[hybrid-rollout] ep 25 (heldout_026): steps=4 success=True
[hybrid-rollout] ep 26 (heldout_027): steps=4 success=True
[hybrid-rollout] ep 27 (heldout_028): steps=4 success=True
[hybrid-rollout] ep 28 (heldout_029): steps=7 success=True
[hybrid-rollout] ep 29 (heldout_030): steps=60 success=False
[hybrid-rollout] ep 30 (heldout_031): steps=5 success=True
[hybrid-rollout] ep 31 (heldout_032): steps=7 success=True
[hybrid-rollout] ep 32 (heldout_033): steps=4 success=True
[hybrid-rollout] ep 33 (heldout_034): steps=5 success=True
[hybrid-rollout] ep 34 (heldout_035): steps=60 success=False
[hybrid-rollout] ep 35 (heldout_036): steps=5 success=True
[hybrid-rollout] ep 36 (heldout_037): steps=4 success=True
[hybrid-rollout] ep 37 (heldout_038): steps=5 success=True
[hybrid-rollout] ep 38 (heldout_039): steps=6 success=True
[hybrid-rollout] ep 39 (heldout_040): steps=5 success=True
[hybrid-rollout] ep 40 (heldout_041): steps=60 success=False
[hybrid-rollout] ep 41 (heldout_042): steps=4 success=True
[hybrid-rollout] ep 42 (heldout_043): steps=4 success=True
[hybrid-rollout] ep 43 (heldout_044): steps=5 success=True
[hybrid-rollout] ep 44 (heldout_045): steps=5 success=True
[hybrid-rollout] ep 45 (heldout_046): steps=60 success=False
[hybrid-rollout] ep 46 (heldout_047): steps=60 success=False
[hybrid-rollout] ep 47 (heldout_048): steps=6 success=True
[hybrid-rollout] ep 48 (heldout_049): steps=5 success=True
[hybrid-rollout] ep 49 (heldout_050): steps=4 success=True
[hybrid-rollout] ep 50 (heldout_051): steps=4 success=True
[hybrid-rollout] ep 51 (heldout_052): steps=4 success=True
[hybrid-rollout] ep 52 (heldout_053): steps=6 success=True
[hybrid-rollout] ep 53 (heldout_054): steps=60 success=False
[hybrid-rollout] ep 54 (heldout_055): steps=60 success=False
[hybrid-rollout] ep 55 (heldout_056): steps=4 success=True
[hybrid-rollout] ep 56 (heldout_057): steps=4 success=True
[hybrid-rollout] ep 57 (heldout_058): steps=4 success=True
[hybrid-rollout] ep 58 (heldout_059): steps=5 success=True
[hybrid-rollout] ep 59 (heldout_060): steps=6 success=True
[hybrid-rollout] ep 60 (heldout_061): steps=5 success=True
[hybrid-rollout] ep 61 (heldout_062): steps=6 success=True
[hybrid-rollout] ep 62 (heldout_063): steps=5 success=True
[hybrid-rollout] ep 63 (heldout_064): steps=4 success=True
[hybrid-rollout] ep 64 (heldout_065): steps=7 success=True
[hybrid-rollout] ep 65 (heldout_066): steps=6 success=True
[hybrid-rollout] ep 66 (heldout_067): steps=5 success=True
[hybrid-rollout] ep 67 (heldout_068): steps=4 success=True
[hybrid-rollout] ep 68 (heldout_069): steps=4 success=True
[hybrid-rollout] ep 69 (heldout_070): steps=60 success=False
[hybrid-rollout] ep 70 (heldout_071): steps=5 success=True
[hybrid-rollout] ep 71 (heldout_072): steps=5 success=True
[hybrid-rollout] ep 72 (heldout_073): steps=3 success=False
[hybrid-rollout] ep 73 (heldout_074): steps=4 success=True
[hybrid-rollout] ep 74 (heldout_075): steps=5 success=True
[hybrid-rollout] ep 75 (heldout_076): steps=60 success=False
[hybrid-rollout] ep 76 (heldout_077): steps=60 success=False
[hybrid-rollout] ep 77 (heldout_078): steps=6 success=True
[hybrid-rollout] ep 78 (heldout_079): steps=4 success=True
[hybrid-rollout] ep 79 (heldout_080): steps=4 success=True
[hybrid-rollout] ep 80 (heldout_081): steps=60 success=False
[hybrid-rollout] ep 81 (heldout_082): steps=5 success=True
[hybrid-rollout] ep 82 (heldout_083): steps=6 success=True
[hybrid-rollout] ep 83 (heldout_084): steps=5 success=True
[hybrid-rollout] ep 84 (heldout_085): steps=60 success=False
[hybrid-rollout] ep 85 (heldout_086): steps=6 success=True
[hybrid-rollout] ep 86 (heldout_087): steps=60 success=False
[hybrid-rollout] ep 87 (heldout_088): steps=4 success=True
[hybrid-rollout] ep 88 (heldout_089): steps=3 success=False
[hybrid-rollout] ep 89 (heldout_090): steps=3 success=False
[hybrid-rollout] ep 90 (heldout_091): steps=7 success=True
[hybrid-rollout] ep 91 (heldout_092): steps=60 success=False
[hybrid-rollout] ep 92 (heldout_093): steps=6 success=True
[hybrid-rollout] ep 93 (heldout_094): steps=6 success=True
[hybrid-rollout] ep 94 (heldout_095): steps=7 success=True
[hybrid-rollout] ep 95 (heldout_096): steps=60 success=False
[hybrid-rollout] ep 96 (heldout_097): steps=5 success=True
[hybrid-rollout] ep 97 (heldout_098): steps=60 success=False
[hybrid-rollout] ep 98 (heldout_099): steps=60 success=False
[hybrid-rollout] ep 99 (heldout_100): steps=60 success=False
[hybrid-rollout] ep 100 (heldout_101): steps=4 success=True
[hybrid-rollout] ep 101 (heldout_102): steps=4 success=True
[hybrid-rollout] ep 102 (heldout_103): steps=60 success=False
[hybrid-rollout] ep 103 (heldout_104): steps=6 success=True
[hybrid-rollout] ep 104 (heldout_105): steps=60 success=False
[hybrid-rollout] ep 105 (heldout_106): steps=6 success=True
[hybrid-rollout] ep 106 (heldout_107): steps=4 success=True
[hybrid-rollout] ep 107 (heldout_108): steps=60 success=False
[hybrid-rollout] ep 108 (heldout_109): steps=4 success=True
[hybrid-rollout] ep 109 (heldout_110): steps=60 success=False
[hybrid-rollout] ep 110 (heldout_111): steps=60 success=False
[hybrid-rollout] ep 111 (heldout_112): steps=60 success=False
[hybrid-rollout] ep 112 (heldout_113): steps=5 success=True
[hybrid-rollout] ep 113 (heldout_114): steps=60 success=False
[hybrid-rollout] ep 114 (heldout_115): steps=60 success=False
[hybrid-rollout] ep 115 (heldout_116): steps=5 success=True
[hybrid-rollout] ep 116 (heldout_117): steps=7 success=True
[hybrid-rollout] ep 117 (heldout_118): steps=9 success=True
[hybrid-rollout] ep 118 (heldout_119): steps=60 success=False
[hybrid-rollout] ep 119 (heldout_120): steps=60 success=False
[hybrid-rollout] ep 120 (heldout_121): steps=60 success=False
[hybrid-rollout] ep 121 (heldout_122): steps=4 success=True
[hybrid-rollout] ep 122 (heldout_123): steps=6 success=True
[hybrid-rollout] ep 123 (heldout_124): steps=60 success=False
[hybrid-rollout] ep 124 (heldout_125): steps=60 success=False
[hybrid-rollout] ep 125 (heldout_126): steps=4 success=True
[hybrid-rollout] ep 126 (heldout_127): steps=60 success=False
[hybrid-rollout] ep 127 (heldout_128): steps=7 success=True
[hybrid-rollout] ep 128 (heldout_129): steps=60 success=False
[hybrid-rollout] ep 129 (heldout_130): steps=4 success=True
[hybrid-rollout] ep 130 (heldout_131): steps=5 success=False
[hybrid-rollout] ep 131 (heldout_132): steps=4 success=True
[hybrid-rollout] ep 132 (heldout_133): steps=4 success=True
[hybrid-rollout] ep 133 (heldout_134): steps=60 success=False
[hybrid-rollout] ep 134 (heldout_135): steps=6 success=True
[hybrid-rollout] ep 135 (heldout_136): steps=5 success=True
[hybrid-rollout] ep 136 (heldout_137): steps=60 success=False
[hybrid-rollout] ep 137 (heldout_138): steps=4 success=True
[hybrid-rollout] ep 138 (heldout_139): steps=4 success=True
[hybrid-rollout] ep 139 (heldout_140): steps=5 success=True
[hybrid-rollout] ep 140 (heldout_141): steps=5 success=True
[hybrid-rollout] ep 141 (heldout_142): steps=4 success=True
[hybrid-rollout] ep 142 (heldout_143): steps=60 success=False
[hybrid-rollout] ep 143 (heldout_144): steps=4 success=True
[hybrid-rollout] ep 144 (heldout_145): steps=5 success=True
[hybrid-rollout] ep 145 (heldout_146): steps=7 success=True
[hybrid-rollout] ep 146 (heldout_147): steps=4 success=True
[hybrid-rollout] ep 147 (heldout_148): steps=60 success=False
[hybrid-rollout] ep 148 (heldout_149): steps=5 success=True
[hybrid-rollout] ep 149 (heldout_150): steps=4 success=True
[hybrid-rollout] ep 150 (heldout_151): steps=5 success=True
[hybrid-rollout] ep 151 (heldout_152): steps=1 success=False
[hybrid-rollout] ep 152 (heldout_153): steps=5 success=True
[hybrid-rollout] ep 153 (heldout_154): steps=60 success=False
[hybrid-rollout] ep 154 (heldout_155): steps=60 success=False
[hybrid-rollout] ep 155 (heldout_156): steps=60 success=False
[hybrid-rollout] ep 156 (heldout_157): steps=4 success=True
[hybrid-rollout] ep 157 (heldout_158): steps=6 success=True
[hybrid-rollout] ep 158 (heldout_159): steps=60 success=False
[hybrid-rollout] ep 159 (heldout_160): steps=60 success=False
[hybrid-rollout] ep 160 (heldout_161): steps=4 success=False
[hybrid-rollout] ep 161 (heldout_162): steps=5 success=True
[hybrid-rollout] ep 162 (heldout_163): steps=4 success=True
[hybrid-rollout] ep 163 (heldout_164): steps=4 success=True
[hybrid-rollout] ep 164 (heldout_165): steps=5 success=True
[hybrid-rollout] ep 165 (heldout_166): steps=60 success=False
[hybrid-rollout] ep 166 (heldout_167): steps=4 success=True
[hybrid-rollout] ep 167 (heldout_168): steps=4 success=True
[hybrid-rollout] ep 168 (heldout_169): steps=60 success=False
[hybrid-rollout] ep 169 (heldout_170): steps=6 success=True
[hybrid-rollout] ep 170 (heldout_171): steps=60 success=False
[hybrid-rollout] ep 171 (heldout_172): steps=60 success=False
[hybrid-rollout] ep 172 (heldout_173): steps=4 success=True
[hybrid-rollout] ep 173 (heldout_174): steps=5 success=True
[hybrid-rollout] ep 174 (heldout_175): steps=60 success=False
[hybrid-rollout] ep 175 (heldout_176): steps=6 success=True
[hybrid-rollout] ep 176 (heldout_177): steps=6 success=True
[hybrid-rollout] ep 177 (heldout_178): steps=5 success=True
[hybrid-rollout] ep 178 (heldout_179): steps=5 success=True
[hybrid-rollout] ep 179 (heldout_180): steps=4 success=True
[hybrid-rollout] ep 180 (heldout_181): steps=5 success=True
[hybrid-rollout] ep 181 (heldout_182): steps=4 success=True
[hybrid-rollout] ep 182 (heldout_183): steps=60 success=False
[hybrid-rollout] ep 183 (heldout_184): steps=60 success=False
[hybrid-rollout] ep 184 (heldout_185): steps=60 success=False
[hybrid-rollout] ep 185 (heldout_186): steps=4 success=True
[hybrid-rollout] ep 186 (heldout_187): steps=60 success=False
[hybrid-rollout] ep 187 (heldout_188): steps=60 success=False
[hybrid-rollout] ep 188 (heldout_189): steps=60 success=False
[hybrid-rollout] ep 189 (heldout_190): steps=7 success=True
[hybrid-rollout] ep 190 (heldout_191): steps=4 success=True
[hybrid-rollout] ep 191 (heldout_192): steps=5 success=True
[hybrid-rollout] ep 192 (heldout_193): steps=60 success=False
[hybrid-rollout] ep 193 (heldout_194): steps=6 success=True
[hybrid-rollout] ep 194 (heldout_195): steps=5 success=True
[hybrid-rollout] ep 195 (heldout_196): steps=4 success=True
[hybrid-rollout] ep 196 (heldout_197): steps=5 success=True
[hybrid-rollout] ep 197 (heldout_198): steps=4 success=True
[hybrid-rollout] ep 198 (heldout_199): steps=4 success=True
[hybrid-rollout] ep 199 (heldout_200): steps=4 success=True
[hybrid-rollout] DONE successes=129/200
[19:53:11] [replay_p4] run 6 round 9: extras=9 heldout_sr=0.645
[19:53:11] [replay_p4] $ /home/s226137394/.conda/envs/maze/bin/python3 -u -m Equivariant_pathway.equivariant_CNN_hybrid.baseline_vs_p4.pool_x_selector.trainer.finetune_replay --demo_dir /weka/s226137394/DmNfull/Equivariant_pathway/equivariant_CNN_hybrid/baseline_vs_p4/pool_x_selector/results_hpsweep/e300_lr0.0001_rm0.7_do0/run_6/p4_top3_rotate/demos --checkpoint_dir /weka/s226137394/DmNfull/Equivariant_pathway/equivariant_CNN_hybrid/baseline_vs_p4/pool_x_selector/results_hpsweep/e300_lr0.0001_rm0.7_do0/run_6/p4_top3_rotate/checkpoints --epochs 300 --batch_size 64 --lr 0.0001 --weight_decay 0.0001 --replay_mix 0.7 --replay_mix_floor 0.2 --head_dropout 0.0 --seed 6 --resume --new_demos_dir /weka/s226137394/DmNfull/Equivariant_pathway/equivariant_CNN_hybrid/baseline_vs_p4/pool_x_selector/results_hpsweep/e300_lr0.0001_rm0.7_do0/run_6/p4_top3_rotate/demos/round_010
[finetune_replay] device=cuda demo_dir=/weka/s226137394/DmNfull/Equivariant_pathway/equivariant_CNN_hybrid/baseline_vs_p4/pool_x_selector/results_hpsweep/e300_lr0.0001_rm0.7_do0/run_6/p4_top3_rotate/demos new_demos_dir=/weka/s226137394/DmNfull/Equivariant_pathway/equivariant_CNN_hybrid/baseline_vs_p4/pool_x_selector/results_hpsweep/e300_lr0.0001_rm0.7_do0/run_6/p4_top3_rotate/demos/round_010
[hybrid-dataset] 29 demos -> 153 samples
[hybrid-dataset] 1 demos -> 6 samples
[finetune_replay] sampler audit: {'n_old_samples': 153, 'n_new_samples': 6, 'replay_mix_target': 0.7, 'replay_mix_effective': 0.7, 'replay_mix_floor': 0.2}
[finetune_replay] trainable params: 1,400,028
[finetune_replay] WARM START from last_hybrid_policy.pth
[finetune_replay] ep   1/300 | train loss=0.2266 top1=1.000 | val loss=0.0344 | t=0.9s  *
[finetune_replay] ep   2/300 | train loss=0.0274 top1=1.000 | val loss=0.0518 | t=0.3s
[finetune_replay] ep   3/300 | train loss=0.0181 top1=1.000 | val loss=0.0259 | t=0.1s  *
[finetune_replay] ep   4/300 | train loss=0.0062 top1=1.000 | val loss=0.0155 | t=0.3s  *
[finetune_replay] ep   5/300 | train loss=0.0104 top1=1.000 | val loss=0.0108 | t=0.1s  *
[finetune_replay] ep   6/300 | train loss=0.0028 top1=1.000 | val loss=0.0129 | t=0.1s
[finetune_replay] ep   7/300 | train loss=0.0017 top1=1.000 | val loss=0.0188 | t=0.1s
[finetune_replay] ep   8/300 | train loss=0.0014 top1=1.000 | val loss=0.0192 | t=0.1s
[finetune_replay] ep   9/300 | train loss=0.0009 top1=1.000 | val loss=0.0184 | t=0.1s
[finetune_replay] ep  10/300 | train loss=0.0008 top1=1.000 | val loss=0.0161 | t=0.1s
[finetune_replay] ep  11/300 | train loss=0.0005 top1=1.000 | val loss=0.0132 | t=0.1s
[finetune_replay] ep  12/300 | train loss=0.0008 top1=1.000 | val loss=0.0120 | t=0.1s
[finetune_replay] ep  13/300 | train loss=0.0006 top1=1.000 | val loss=0.0105 | t=0.1s  *
[finetune_replay] ep  14/300 | train loss=0.0005 top1=1.000 | val loss=0.0106 | t=0.1s
[finetune_replay] ep  15/300 | train loss=0.0004 top1=1.000 | val loss=0.0118 | t=0.1s
[finetune_replay] ep  16/300 | train loss=0.0003 top1=1.000 | val loss=0.0116 | t=0.1s
[finetune_replay] ep  17/300 | train loss=0.0003 top1=1.000 | val loss=0.0117 | t=0.1s
[finetune_replay] ep  18/300 | train loss=0.0003 top1=1.000 | val loss=0.0106 | t=0.1s
[finetune_replay] ep  19/300 | train loss=0.0003 top1=1.000 | val loss=0.0132 | t=0.1s
[finetune_replay] ep  20/300 | train loss=0.0003 top1=1.000 | val loss=0.0125 | t=0.1s
[finetune_replay] ep  21/300 | train loss=0.0002 top1=1.000 | val loss=0.0135 | t=0.1s
[finetune_replay] ep  22/300 | train loss=0.0002 top1=1.000 | val loss=0.0141 | t=0.1s
[finetune_replay] ep  23/300 | train loss=0.0002 top1=1.000 | val loss=0.0157 | t=0.1s
[finetune_replay] ep  24/300 | train loss=0.0002 top1=1.000 | val loss=0.0168 | t=0.1s
[finetune_replay] ep  25/300 | train loss=0.0002 top1=1.000 | val loss=0.0143 | t=0.1s
[finetune_replay] ep  26/300 | train loss=0.0002 top1=1.000 | val loss=0.0140 | t=0.1s
[finetune_replay] ep  27/300 | train loss=0.0002 top1=1.000 | val loss=0.0144 | t=0.1s
[finetune_replay] ep  28/300 | train loss=0.0002 top1=1.000 | val loss=0.0149 | t=0.1s
[finetune_replay] ep  29/300 | train loss=0.0002 top1=1.000 | val loss=0.0138 | t=0.1s
[finetune_replay] ep  30/300 | train loss=0.0002 top1=1.000 | val loss=0.0140 | t=0.1s
[finetune_replay] ep  31/300 | train loss=0.0002 top1=1.000 | val loss=0.0161 | t=0.2s
[finetune_replay] ep  32/300 | train loss=0.0001 top1=1.000 | val loss=0.0161 | t=0.1s
[finetune_replay] ep  33/300 | train loss=0.0001 top1=1.000 | val loss=0.0171 | t=0.1s
[finetune_replay] ep  34/300 | train loss=0.0001 top1=1.000 | val loss=0.0190 | t=0.2s
[finetune_replay] ep  35/300 | train loss=0.0002 top1=1.000 | val loss=0.0174 | t=0.1s
[finetune_replay] ep  36/300 | train loss=0.0001 top1=1.000 | val loss=0.0186 | t=0.1s
[finetune_replay] ep  37/300 | train loss=0.0002 top1=1.000 | val loss=0.0174 | t=0.1s
[finetune_replay] ep  38/300 | train loss=0.0001 top1=1.000 | val loss=0.0165 | t=0.1s
[finetune_replay] ep  39/300 | train loss=0.0001 top1=1.000 | val loss=0.0179 | t=0.1s
[finetune_replay] ep  40/300 | train loss=0.0001 top1=1.000 | val loss=0.0184 | t=0.1s
[finetune_replay] ep  41/300 | train loss=0.0001 top1=1.000 | val loss=0.0165 | t=0.1s
[finetune_replay] ep  42/300 | train loss=0.0001 top1=1.000 | val loss=0.0159 | t=0.1s
[finetune_replay] ep  43/300 | train loss=0.0001 top1=1.000 | val loss=0.0156 | t=0.1s
[finetune_replay] ep  44/300 | train loss=0.0001 top1=1.000 | val loss=0.0160 | t=0.1s
[finetune_replay] ep  45/300 | train loss=0.0001 top1=1.000 | val loss=0.0159 | t=0.1s
[finetune_replay] ep  46/300 | train loss=0.0001 top1=1.000 | val loss=0.0156 | t=0.2s
[finetune_replay] ep  47/300 | train loss=0.0001 top1=1.000 | val loss=0.0166 | t=0.1s
[finetune_replay] ep  48/300 | train loss=0.0001 top1=1.000 | val loss=0.0171 | t=0.1s
[finetune_replay] ep  49/300 | train loss=0.0001 top1=1.000 | val loss=0.0191 | t=0.2s
[finetune_replay] ep  50/300 | train loss=0.0001 top1=1.000 | val loss=0.0189 | t=0.1s
[finetune_replay] ep  51/300 | train loss=0.0001 top1=1.000 | val loss=0.0176 | t=0.1s
[finetune_replay] ep  52/300 | train loss=0.0001 top1=1.000 | val loss=0.0192 | t=0.2s
[finetune_replay] ep  53/300 | train loss=0.0001 top1=1.000 | val loss=0.0184 | t=0.1s
[finetune_replay] ep  54/300 | train loss=0.0001 top1=1.000 | val loss=0.0193 | t=0.1s
[finetune_replay] ep  55/300 | train loss=0.0001 top1=1.000 | val loss=0.0178 | t=0.1s
[finetune_replay] ep  56/300 | train loss=0.0001 top1=1.000 | val loss=0.0162 | t=0.1s
[finetune_replay] ep  57/300 | train loss=0.0001 top1=1.000 | val loss=0.0166 | t=0.1s
[finetune_replay] ep  58/300 | train loss=0.0001 top1=1.000 | val loss=0.0166 | t=0.1s
[finetune_replay] ep  59/300 | train loss=0.0001 top1=1.000 | val loss=0.0171 | t=0.1s
[finetune_replay] ep  60/300 | train loss=0.0001 top1=1.000 | val loss=0.0177 | t=0.1s
[finetune_replay] ep  61/300 | train loss=0.0001 top1=1.000 | val loss=0.0178 | t=0.1s
[finetune_replay] ep  62/300 | train loss=0.0001 top1=1.000 | val loss=0.0150 | t=0.1s
[finetune_replay] ep  63/300 | train loss=0.0001 top1=1.000 | val loss=0.0153 | t=0.1s
[finetune_replay] ep  64/300 | train loss=0.0001 top1=1.000 | val loss=0.0156 | t=0.1s
[finetune_replay] ep  65/300 | train loss=0.0001 top1=1.000 | val loss=0.0160 | t=0.1s
[finetune_replay] ep  66/300 | train loss=0.0001 top1=1.000 | val loss=0.0138 | t=0.1s
[finetune_replay] ep  67/300 | train loss=0.0001 top1=1.000 | val loss=0.0153 | t=0.1s
[finetune_replay] ep  68/300 | train loss=0.0001 top1=1.000 | val loss=0.0136 | t=0.1s
[finetune_replay] ep  69/300 | train loss=0.0001 top1=1.000 | val loss=0.0123 | t=0.1s
[finetune_replay] ep  70/300 | train loss=0.0001 top1=1.000 | val loss=0.0131 | t=0.1s
[finetune_replay] ep  71/300 | train loss=0.0001 top1=1.000 | val loss=0.0146 | t=0.1s
[finetune_replay] ep  72/300 | train loss=0.0001 top1=1.000 | val loss=0.0150 | t=0.1s
[finetune_replay] ep  73/300 | train loss=0.0001 top1=1.000 | val loss=0.0165 | t=0.1s
[finetune_replay] ep  74/300 | train loss=0.0001 top1=1.000 | val loss=0.0183 | t=0.1s
[finetune_replay] ep  75/300 | train loss=0.0001 top1=1.000 | val loss=0.0194 | t=0.1s
[finetune_replay] ep  76/300 | train loss=0.0001 top1=1.000 | val loss=0.0197 | t=0.1s
[finetune_replay] ep  77/300 | train loss=0.0001 top1=1.000 | val loss=0.0179 | t=0.1s
[finetune_replay] ep  78/300 | train loss=0.0001 top1=1.000 | val loss=0.0168 | t=0.1s
[finetune_replay] ep  79/300 | train loss=0.0001 top1=1.000 | val loss=0.0170 | t=0.1s
[finetune_replay] ep  80/300 | train loss=0.0001 top1=1.000 | val loss=0.0182 | t=0.1s
[finetune_replay] ep  81/300 | train loss=0.0001 top1=1.000 | val loss=0.0185 | t=0.1s
[finetune_replay] ep  82/300 | train loss=0.0001 top1=1.000 | val loss=0.0174 | t=0.1s
[finetune_replay] ep  83/300 | train loss=0.0001 top1=1.000 | val loss=0.0174 | t=0.1s
[finetune_replay] ep  84/300 | train loss=0.0001 top1=1.000 | val loss=0.0165 | t=0.1s
[finetune_replay] ep  85/300 | train loss=0.0001 top1=1.000 | val loss=0.0164 | t=0.1s
[finetune_replay] ep  86/300 | train loss=0.0001 top1=1.000 | val loss=0.0167 | t=0.2s
[finetune_replay] ep  87/300 | train loss=0.0000 top1=1.000 | val loss=0.0157 | t=0.1s
[finetune_replay] ep  88/300 | train loss=0.0001 top1=1.000 | val loss=0.0175 | t=0.1s
[finetune_replay] ep  89/300 | train loss=0.0000 top1=1.000 | val loss=0.0181 | t=0.1s
[finetune_replay] ep  90/300 | train loss=0.0001 top1=1.000 | val loss=0.0176 | t=0.1s
[finetune_replay] ep  91/300 | train loss=0.0001 top1=1.000 | val loss=0.0167 | t=0.1s
[finetune_replay] ep  92/300 | train loss=0.0001 top1=1.000 | val loss=0.0160 | t=0.1s
[finetune_replay] ep  93/300 | train loss=0.0001 top1=1.000 | val loss=0.0170 | t=0.1s
[finetune_replay] ep  94/300 | train loss=0.0001 top1=1.000 | val loss=0.0160 | t=0.1s
[finetune_replay] ep  95/300 | train loss=0.0001 top1=1.000 | val loss=0.0158 | t=0.1s
[finetune_replay] ep  96/300 | train loss=0.0000 top1=1.000 | val loss=0.0159 | t=0.1s
[finetune_replay] ep  97/300 | train loss=0.0000 top1=1.000 | val loss=0.0169 | t=0.1s
[finetune_replay] ep  98/300 | train loss=0.0000 top1=1.000 | val loss=0.0179 | t=0.1s
[finetune_replay] ep  99/300 | train loss=0.0000 top1=1.000 | val loss=0.0166 | t=0.1s
[finetune_replay] ep 100/300 | train loss=0.0000 top1=1.000 | val loss=0.0162 | t=0.1s
[finetune_replay] ep 101/300 | train loss=0.0000 top1=1.000 | val loss=0.0195 | t=0.1s
[finetune_replay] ep 102/300 | train loss=0.0000 top1=1.000 | val loss=0.0203 | t=0.1s
[finetune_replay] ep 103/300 | train loss=0.0001 top1=1.000 | val loss=0.0184 | t=0.1s
[finetune_replay] ep 104/300 | train loss=0.0000 top1=1.000 | val loss=0.0193 | t=0.1s
[finetune_replay] ep 105/300 | train loss=0.0000 top1=1.000 | val loss=0.0189 | t=0.1s
[finetune_replay] ep 106/300 | train loss=0.0000 top1=1.000 | val loss=0.0171 | t=0.1s
[finetune_replay] ep 107/300 | train loss=0.0000 top1=1.000 | val loss=0.0189 | t=0.1s
[finetune_replay] ep 108/300 | train loss=0.0000 top1=1.000 | val loss=0.0179 | t=0.1s
[finetune_replay] ep 109/300 | train loss=0.0001 top1=1.000 | val loss=0.0171 | t=0.1s
[finetune_replay] ep 110/300 | train loss=0.0000 top1=1.000 | val loss=0.0156 | t=0.1s
[finetune_replay] ep 111/300 | train loss=0.0000 top1=1.000 | val loss=0.0159 | t=0.1s
[finetune_replay] ep 112/300 | train loss=0.0000 top1=1.000 | val loss=0.0164 | t=0.1s
[finetune_replay] ep 113/300 | train loss=0.0000 top1=1.000 | val loss=0.0163 | t=0.1s
[finetune_replay] ep 114/300 | train loss=0.0000 top1=1.000 | val loss=0.0180 | t=0.1s
[finetune_replay] ep 115/300 | train loss=0.0000 top1=1.000 | val loss=0.0211 | t=0.1s
[finetune_replay] ep 116/300 | train loss=0.0000 top1=1.000 | val loss=0.0209 | t=0.1s
[finetune_replay] ep 117/300 | train loss=0.0000 top1=1.000 | val loss=0.0217 | t=0.1s
[finetune_replay] ep 118/300 | train loss=0.0001 top1=1.000 | val loss=0.0223 | t=0.1s
[finetune_replay] ep 119/300 | train loss=0.0000 top1=1.000 | val loss=0.0197 | t=0.1s
[finetune_replay] ep 120/300 | train loss=0.0000 top1=1.000 | val loss=0.0188 | t=0.1s
[finetune_replay] ep 121/300 | train loss=0.0001 top1=1.000 | val loss=0.0177 | t=0.1s
[finetune_replay] ep 122/300 | train loss=0.0000 top1=1.000 | val loss=0.0181 | t=0.1s
[finetune_replay] ep 123/300 | train loss=0.0000 top1=1.000 | val loss=0.0186 | t=0.1s
[finetune_replay] ep 124/300 | train loss=0.0000 top1=1.000 | val loss=0.0181 | t=0.1s
[finetune_replay] ep 125/300 | train loss=0.0000 top1=1.000 | val loss=0.0177 | t=0.1s
[finetune_replay] ep 126/300 | train loss=0.0000 top1=1.000 | val loss=0.0183 | t=0.1s
[finetune_replay] ep 127/300 | train loss=0.0000 top1=1.000 | val loss=0.0191 | t=0.1s
[finetune_replay] ep 128/300 | train loss=0.0000 top1=1.000 | val loss=0.0196 | t=0.1s
[finetune_replay] ep 129/300 | train loss=0.0000 top1=1.000 | val loss=0.0192 | t=0.1s
[finetune_replay] ep 130/300 | train loss=0.0000 top1=1.000 | val loss=0.0182 | t=0.1s
[finetune_replay] ep 131/300 | train loss=0.0000 top1=1.000 | val loss=0.0173 | t=0.1s
[finetune_replay] ep 132/300 | train loss=0.0000 top1=1.000 | val loss=0.0182 | t=0.1s
[finetune_replay] ep 133/300 | train loss=0.0000 top1=1.000 | val loss=0.0173 | t=0.1s
[finetune_replay] ep 134/300 | train loss=0.0000 top1=1.000 | val loss=0.0166 | t=0.1s
[finetune_replay] ep 135/300 | train loss=0.0000 top1=1.000 | val loss=0.0163 | t=0.1s
[finetune_replay] ep 136/300 | train loss=0.0001 top1=1.000 | val loss=0.0151 | t=0.1s
[finetune_replay] ep 137/300 | train loss=0.0000 top1=1.000 | val loss=0.0154 | t=0.1s
[finetune_replay] ep 138/300 | train loss=0.0000 top1=1.000 | val loss=0.0144 | t=0.1s
[finetune_replay] ep 139/300 | train loss=0.0000 top1=1.000 | val loss=0.0146 | t=0.1s
[finetune_replay] ep 140/300 | train loss=0.0000 top1=1.000 | val loss=0.0164 | t=0.1s
[finetune_replay] ep 141/300 | train loss=0.0000 top1=1.000 | val loss=0.0159 | t=0.1s
[finetune_replay] ep 142/300 | train loss=0.0000 top1=1.000 | val loss=0.0169 | t=0.1s
[finetune_replay] ep 143/300 | train loss=0.0000 top1=1.000 | val loss=0.0185 | t=0.1s
[finetune_replay] ep 144/300 | train loss=0.0000 top1=1.000 | val loss=0.0193 | t=0.1s
[finetune_replay] ep 145/300 | train loss=0.0000 top1=1.000 | val loss=0.0188 | t=0.1s
[finetune_replay] ep 146/300 | train loss=0.0000 top1=1.000 | val loss=0.0190 | t=0.1s
[finetune_replay] ep 147/300 | train loss=0.0000 top1=1.000 | val loss=0.0179 | t=0.1s
[finetune_replay] ep 148/300 | train loss=0.0000 top1=1.000 | val loss=0.0206 | t=0.1s
[finetune_replay] ep 149/300 | train loss=0.0000 top1=1.000 | val loss=0.0185 | t=0.1s
[finetune_replay] ep 150/300 | train loss=0.0000 top1=1.000 | val loss=0.0186 | t=0.1s
[finetune_replay] ep 151/300 | train loss=0.0000 top1=1.000 | val loss=0.0178 | t=0.1s
[finetune_replay] ep 152/300 | train loss=0.0000 top1=1.000 | val loss=0.0179 | t=0.1s
[finetune_replay] ep 153/300 | train loss=0.0000 top1=1.000 | val loss=0.0187 | t=0.1s
[finetune_replay] ep 154/300 | train loss=0.0000 top1=1.000 | val loss=0.0184 | t=0.1s
[finetune_replay] ep 155/300 | train loss=0.0000 top1=1.000 | val loss=0.0193 | t=0.1s
[finetune_replay] ep 156/300 | train loss=0.0000 top1=1.000 | val loss=0.0191 | t=0.1s
[finetune_replay] ep 157/300 | train loss=0.0000 top1=1.000 | val loss=0.0171 | t=0.1s
[finetune_replay] ep 158/300 | train loss=0.0000 top1=1.000 | val loss=0.0156 | t=0.1s
[finetune_replay] ep 159/300 | train loss=0.0000 top1=1.000 | val loss=0.0201 | t=0.1s
[finetune_replay] ep 160/300 | train loss=0.0000 top1=1.000 | val loss=0.0203 | t=0.1s
[finetune_replay] ep 161/300 | train loss=0.0000 top1=1.000 | val loss=0.0208 | t=0.1s
[finetune_replay] ep 162/300 | train loss=0.0000 top1=1.000 | val loss=0.0207 | t=0.1s
[finetune_replay] ep 163/300 | train loss=0.0000 top1=1.000 | val loss=0.0206 | t=0.1s
[finetune_replay] ep 164/300 | train loss=0.0000 top1=1.000 | val loss=0.0192 | t=0.1s
[finetune_replay] ep 165/300 | train loss=0.0000 top1=1.000 | val loss=0.0191 | t=0.1s
[finetune_replay] ep 166/300 | train loss=0.0000 top1=1.000 | val loss=0.0196 | t=0.1s
[finetune_replay] ep 167/300 | train loss=0.0000 top1=1.000 | val loss=0.0190 | t=0.1s
[finetune_replay] ep 168/300 | train loss=0.0000 top1=1.000 | val loss=0.0184 | t=0.1s
[finetune_replay] ep 169/300 | train loss=0.0000 top1=1.000 | val loss=0.0182 | t=0.1s
[finetune_replay] ep 170/300 | train loss=0.0000 top1=1.000 | val loss=0.0177 | t=0.1s
[finetune_replay] ep 171/300 | train loss=0.0000 top1=1.000 | val loss=0.0182 | t=0.1s
[finetune_replay] ep 172/300 | train loss=0.0000 top1=1.000 | val loss=0.0219 | t=0.1s
[finetune_replay] ep 173/300 | train loss=0.0000 top1=1.000 | val loss=0.0202 | t=0.1s
[finetune_replay] ep 174/300 | train loss=0.0000 top1=1.000 | val loss=0.0195 | t=0.1s
[finetune_replay] ep 175/300 | train loss=0.0000 top1=1.000 | val loss=0.0204 | t=0.1s
[finetune_replay] ep 176/300 | train loss=0.0000 top1=1.000 | val loss=0.0179 | t=0.1s
[finetune_replay] ep 177/300 | train loss=0.0000 top1=1.000 | val loss=0.0219 | t=0.1s
[finetune_replay] ep 178/300 | train loss=0.0000 top1=1.000 | val loss=0.0211 | t=0.1s
[finetune_replay] ep 179/300 | train loss=0.0000 top1=1.000 | val loss=0.0213 | t=0.1s
[finetune_replay] ep 180/300 | train loss=0.0000 top1=1.000 | val loss=0.0183 | t=0.1s
[finetune_replay] ep 181/300 | train loss=0.0000 top1=1.000 | val loss=0.0164 | t=0.1s
[finetune_replay] ep 182/300 | train loss=0.0000 top1=1.000 | val loss=0.0187 | t=0.1s
[finetune_replay] ep 183/300 | train loss=0.0000 top1=1.000 | val loss=0.0181 | t=0.1s
[finetune_replay] ep 184/300 | train loss=0.0000 top1=1.000 | val loss=0.0188 | t=0.1s
[finetune_replay] ep 185/300 | train loss=0.0000 top1=1.000 | val loss=0.0190 | t=0.1s
[finetune_replay] ep 186/300 | train loss=0.0000 top1=1.000 | val loss=0.0188 | t=0.1s
[finetune_replay] ep 187/300 | train loss=0.0000 top1=1.000 | val loss=0.0187 | t=0.1s
[finetune_replay] ep 188/300 | train loss=0.0000 top1=1.000 | val loss=0.0178 | t=0.1s
[finetune_replay] ep 189/300 | train loss=0.0000 top1=1.000 | val loss=0.0186 | t=0.1s
[finetune_replay] ep 190/300 | train loss=0.0000 top1=1.000 | val loss=0.0191 | t=0.1s
[finetune_replay] ep 191/300 | train loss=0.0000 top1=1.000 | val loss=0.0208 | t=0.1s
[finetune_replay] ep 192/300 | train loss=0.0000 top1=1.000 | val loss=0.0194 | t=0.1s
[finetune_replay] ep 193/300 | train loss=0.0000 top1=1.000 | val loss=0.0213 | t=0.1s
[finetune_replay] ep 194/300 | train loss=0.0000 top1=1.000 | val loss=0.0200 | t=0.1s
[finetune_replay] ep 195/300 | train loss=0.0000 top1=1.000 | val loss=0.0202 | t=0.1s
[finetune_replay] ep 196/300 | train loss=0.0000 top1=1.000 | val loss=0.0201 | t=0.1s
[finetune_replay] ep 197/300 | train loss=0.0000 top1=1.000 | val loss=0.0205 | t=0.1s
[finetune_replay] ep 198/300 | train loss=0.0000 top1=1.000 | val loss=0.0192 | t=0.1s
[finetune_replay] ep 199/300 | train loss=0.0000 top1=1.000 | val loss=0.0182 | t=0.1s
[finetune_replay] ep 200/300 | train loss=0.0000 top1=1.000 | val loss=0.0167 | t=0.1s
[finetune_replay] ep 201/300 | train loss=0.0000 top1=1.000 | val loss=0.0167 | t=0.1s
[finetune_replay] ep 202/300 | train loss=0.0000 top1=1.000 | val loss=0.0179 | t=0.1s
[finetune_replay] ep 203/300 | train loss=0.0000 top1=1.000 | val loss=0.0187 | t=0.1s
[finetune_replay] ep 204/300 | train loss=0.0000 top1=1.000 | val loss=0.0191 | t=0.1s
[finetune_replay] ep 205/300 | train loss=0.0000 top1=1.000 | val loss=0.0184 | t=0.1s
[finetune_replay] ep 206/300 | train loss=0.0000 top1=1.000 | val loss=0.0192 | t=0.1s
[finetune_replay] ep 207/300 | train loss=0.0000 top1=1.000 | val loss=0.0199 | t=0.1s
[finetune_replay] ep 208/300 | train loss=0.0000 top1=1.000 | val loss=0.0190 | t=0.1s
[finetune_replay] ep 209/300 | train loss=0.0000 top1=1.000 | val loss=0.0188 | t=0.1s
[finetune_replay] ep 210/300 | train loss=0.0000 top1=1.000 | val loss=0.0190 | t=0.1s
[finetune_replay] ep 211/300 | train loss=0.0000 top1=1.000 | val loss=0.0203 | t=0.1s
[finetune_replay] ep 212/300 | train loss=0.0000 top1=1.000 | val loss=0.0195 | t=0.1s
[finetune_replay] ep 213/300 | train loss=0.0000 top1=1.000 | val loss=0.0222 | t=0.1s
[finetune_replay] ep 214/300 | train loss=0.0000 top1=1.000 | val loss=0.0201 | t=0.1s
[finetune_replay] ep 215/300 | train loss=0.0000 top1=1.000 | val loss=0.0207 | t=0.1s
[finetune_replay] ep 216/300 | train loss=0.0000 top1=1.000 | val loss=0.0215 | t=0.1s
[finetune_replay] ep 217/300 | train loss=0.0000 top1=1.000 | val loss=0.0207 | t=0.1s
[finetune_replay] ep 218/300 | train loss=0.0000 top1=1.000 | val loss=0.0198 | t=0.1s
[finetune_replay] ep 219/300 | train loss=0.0000 top1=1.000 | val loss=0.0186 | t=0.1s
[finetune_replay] ep 220/300 | train loss=0.0000 top1=1.000 | val loss=0.0214 | t=0.1s
[finetune_replay] ep 221/300 | train loss=0.0000 top1=1.000 | val loss=0.0202 | t=0.1s
[finetune_replay] ep 222/300 | train loss=0.0000 top1=1.000 | val loss=0.0194 | t=0.1s
[finetune_replay] ep 223/300 | train loss=0.0000 top1=1.000 | val loss=0.0204 | t=0.1s
[finetune_replay] ep 224/300 | train loss=0.0000 top1=1.000 | val loss=0.0210 | t=0.1s
[finetune_replay] ep 225/300 | train loss=0.0000 top1=1.000 | val loss=0.0219 | t=0.1s
[finetune_replay] ep 226/300 | train loss=0.0000 top1=1.000 | val loss=0.0199 | t=0.1s
[finetune_replay] ep 227/300 | train loss=0.0000 top1=1.000 | val loss=0.0197 | t=0.1s
[finetune_replay] ep 228/300 | train loss=0.0000 top1=1.000 | val loss=0.0191 | t=0.1s
[finetune_replay] ep 229/300 | train loss=0.0000 top1=1.000 | val loss=0.0199 | t=0.1s
[finetune_replay] ep 230/300 | train loss=0.0000 top1=1.000 | val loss=0.0204 | t=0.1s
[finetune_replay] ep 231/300 | train loss=0.0000 top1=1.000 | val loss=0.0211 | t=0.1s
[finetune_replay] ep 232/300 | train loss=0.0000 top1=1.000 | val loss=0.0214 | t=0.1s
[finetune_replay] ep 233/300 | train loss=0.0000 top1=1.000 | val loss=0.0201 | t=0.1s
[finetune_replay] ep 234/300 | train loss=0.0000 top1=1.000 | val loss=0.0211 | t=0.1s
[finetune_replay] ep 235/300 | train loss=0.0000 top1=1.000 | val loss=0.0194 | t=0.1s
[finetune_replay] ep 236/300 | train loss=0.0000 top1=1.000 | val loss=0.0190 | t=0.1s
[finetune_replay] ep 237/300 | train loss=0.0000 top1=1.000 | val loss=0.0190 | t=0.1s
[finetune_replay] ep 238/300 | train loss=0.0000 top1=1.000 | val loss=0.0219 | t=0.1s
[finetune_replay] ep 239/300 | train loss=0.0000 top1=1.000 | val loss=0.0199 | t=0.1s
[finetune_replay] ep 240/300 | train loss=0.0000 top1=1.000 | val loss=0.0195 | t=0.1s
[finetune_replay] ep 241/300 | train loss=0.0000 top1=1.000 | val loss=0.0196 | t=0.1s
[finetune_replay] ep 242/300 | train loss=0.0000 top1=1.000 | val loss=0.0204 | t=0.1s
[finetune_replay] ep 243/300 | train loss=0.0000 top1=1.000 | val loss=0.0191 | t=0.1s
[finetune_replay] ep 244/300 | train loss=0.0000 top1=1.000 | val loss=0.0210 | t=0.1s
[finetune_replay] ep 245/300 | train loss=0.0000 top1=1.000 | val loss=0.0195 | t=0.1s
[finetune_replay] ep 246/300 | train loss=0.0000 top1=1.000 | val loss=0.0176 | t=0.1s
[finetune_replay] ep 247/300 | train loss=0.0000 top1=1.000 | val loss=0.0188 | t=0.1s
[finetune_replay] ep 248/300 | train loss=0.0000 top1=1.000 | val loss=0.0197 | t=0.1s
[finetune_replay] ep 249/300 | train loss=0.0000 top1=1.000 | val loss=0.0198 | t=0.1s
[finetune_replay] ep 250/300 | train loss=0.0000 top1=1.000 | val loss=0.0197 | t=0.1s
[finetune_replay] ep 251/300 | train loss=0.0000 top1=1.000 | val loss=0.0184 | t=0.1s
[finetune_replay] ep 252/300 | train loss=0.0000 top1=1.000 | val loss=0.0190 | t=0.1s
[finetune_replay] ep 253/300 | train loss=0.0000 top1=1.000 | val loss=0.0191 | t=0.1s
[finetune_replay] ep 254/300 | train loss=0.0000 top1=1.000 | val loss=0.0173 | t=0.1s
[finetune_replay] ep 255/300 | train loss=0.0000 top1=1.000 | val loss=0.0185 | t=0.1s
[finetune_replay] ep 256/300 | train loss=0.0000 top1=1.000 | val loss=0.0188 | t=0.1s
[finetune_replay] ep 257/300 | train loss=0.0000 top1=1.000 | val loss=0.0180 | t=0.1s
[finetune_replay] ep 258/300 | train loss=0.0000 top1=1.000 | val loss=0.0178 | t=0.1s
[finetune_replay] ep 259/300 | train loss=0.0000 top1=1.000 | val loss=0.0190 | t=0.1s
[finetune_replay] ep 260/300 | train loss=0.0000 top1=1.000 | val loss=0.0190 | t=0.1s
[finetune_replay] ep 261/300 | train loss=0.0000 top1=1.000 | val loss=0.0189 | t=0.1s
[finetune_replay] ep 262/300 | train loss=0.0000 top1=1.000 | val loss=0.0183 | t=0.1s
[finetune_replay] ep 263/300 | train loss=0.0000 top1=1.000 | val loss=0.0193 | t=0.1s
[finetune_replay] ep 264/300 | train loss=0.0000 top1=1.000 | val loss=0.0170 | t=0.1s
[finetune_replay] ep 265/300 | train loss=0.0000 top1=1.000 | val loss=0.0180 | t=0.1s
[finetune_replay] ep 266/300 | train loss=0.0000 top1=1.000 | val loss=0.0206 | t=0.1s
[finetune_replay] ep 267/300 | train loss=0.0000 top1=1.000 | val loss=0.0199 | t=0.1s
[finetune_replay] ep 268/300 | train loss=0.0000 top1=1.000 | val loss=0.0197 | t=0.1s
[finetune_replay] ep 269/300 | train loss=0.0000 top1=1.000 | val loss=0.0209 | t=0.1s
[finetune_replay] ep 270/300 | train loss=0.0000 top1=1.000 | val loss=0.0190 | t=0.1s
[finetune_replay] ep 271/300 | train loss=0.0000 top1=1.000 | val loss=0.0160 | t=0.1s
[finetune_replay] ep 272/300 | train loss=0.0000 top1=1.000 | val loss=0.0161 | t=0.1s
[finetune_replay] ep 273/300 | train loss=0.0000 top1=1.000 | val loss=0.0185 | t=0.1s
[finetune_replay] ep 274/300 | train loss=0.0000 top1=1.000 | val loss=0.0190 | t=0.1s
[finetune_replay] ep 275/300 | train loss=0.0000 top1=1.000 | val loss=0.0200 | t=0.1s
[finetune_replay] ep 276/300 | train loss=0.0000 top1=1.000 | val loss=0.0185 | t=0.1s
[finetune_replay] ep 277/300 | train loss=0.0000 top1=1.000 | val loss=0.0221 | t=0.1s
[finetune_replay] ep 278/300 | train loss=0.0000 top1=1.000 | val loss=0.0205 | t=0.1s
[finetune_replay] ep 279/300 | train loss=0.0000 top1=1.000 | val loss=0.0194 | t=0.1s
[finetune_replay] ep 280/300 | train loss=0.0000 top1=1.000 | val loss=0.0182 | t=0.1s
[finetune_replay] ep 281/300 | train loss=0.0000 top1=1.000 | val loss=0.0186 | t=0.1s
[finetune_replay] ep 282/300 | train loss=0.0000 top1=1.000 | val loss=0.0204 | t=0.1s
[finetune_replay] ep 283/300 | train loss=0.0000 top1=1.000 | val loss=0.0220 | t=0.1s
[finetune_replay] ep 284/300 | train loss=0.0000 top1=1.000 | val loss=0.0194 | t=0.1s
[finetune_replay] ep 285/300 | train loss=0.0000 top1=1.000 | val loss=0.0193 | t=0.1s
[finetune_replay] ep 286/300 | train loss=0.0000 top1=1.000 | val loss=0.0211 | t=0.1s
[finetune_replay] ep 287/300 | train loss=0.0000 top1=1.000 | val loss=0.0213 | t=0.1s
[finetune_replay] ep 288/300 | train loss=0.0000 top1=1.000 | val loss=0.0215 | t=0.1s
[finetune_replay] ep 289/300 | train loss=0.0000 top1=1.000 | val loss=0.0214 | t=0.1s
[finetune_replay] ep 290/300 | train loss=0.0000 top1=1.000 | val loss=0.0217 | t=0.1s
[finetune_replay] ep 291/300 | train loss=0.0000 top1=1.000 | val loss=0.0202 | t=0.1s
[finetune_replay] ep 292/300 | train loss=0.0000 top1=1.000 | val loss=0.0203 | t=0.1s
[finetune_replay] ep 293/300 | train loss=0.0000 top1=1.000 | val loss=0.0196 | t=0.1s
[finetune_replay] ep 294/300 | train loss=0.0000 top1=1.000 | val loss=0.0176 | t=0.1s
[finetune_replay] ep 295/300 | train loss=0.0000 top1=1.000 | val loss=0.0205 | t=0.1s
[finetune_replay] ep 296/300 | train loss=0.0000 top1=1.000 | val loss=0.0189 | t=0.1s
[finetune_replay] ep 297/300 | train loss=0.0000 top1=1.000 | val loss=0.0186 | t=0.1s
[finetune_replay] ep 298/300 | train loss=0.0000 top1=1.000 | val loss=0.0181 | t=0.1s
[finetune_replay] ep 299/300 | train loss=0.0000 top1=1.000 | val loss=0.0206 | t=0.1s
[finetune_replay] ep 300/300 | train loss=0.0000 top1=1.000 | val loss=0.0199 | t=0.1s
[finetune_replay] DONE best_val_loss=0.0105 @ epoch 13
[19:54:19] [bo-budget] $ /home/s226137394/.conda/envs/maze/bin/python3 -u -m Equivariant_pathway.equivariant_CNN_hybrid.rollout_test --checkpoint /weka/s226137394/DmNfull/Equivariant_pathway/equivariant_CNN_hybrid/baseline_vs_p4/pool_x_selector/results_hpsweep/e300_lr0.0001_rm0.7_do0/run_6/p4_top3_rotate/checkpoints/best_hybrid_policy.pth --layouts /weka/s226137394/DmNfull/Equivariant_pathway/equivariant_CNN_hybrid/baseline_vs_p4/shared/heldout_layouts.yaml --out_dir /weka/s226137394/DmNfull/Equivariant_pathway/equivariant_CNN_hybrid/baseline_vs_p4/pool_x_selector/results_hpsweep/e300_lr0.0001_rm0.7_do0/run_6/p4_top3_rotate/results/eval_round_010 --seed 16 --max_steps 60
[hybrid-rollout] 200 unique; running 200 eps
[hybrid-rollout] loaded /weka/s226137394/DmNfull/Equivariant_pathway/equivariant_CNN_hybrid/baseline_vs_p4/pool_x_selector/results_hpsweep/e300_lr0.0001_rm0.7_do0/run_6/p4_top3_rotate/checkpoints/best_hybrid_policy.pth
[hybrid-rollout] ep 0 (heldout_001): steps=5 success=True
[hybrid-rollout] ep 1 (heldout_002): steps=4 success=True
[hybrid-rollout] ep 2 (heldout_003): steps=60 success=False
[hybrid-rollout] ep 3 (heldout_004): steps=6 success=True
[hybrid-rollout] ep 4 (heldout_005): steps=5 success=True
[hybrid-rollout] ep 5 (heldout_006): steps=3 success=False
[hybrid-rollout] ep 6 (heldout_007): steps=5 success=True
[hybrid-rollout] ep 7 (heldout_008): steps=4 success=True
[hybrid-rollout] ep 8 (heldout_009): steps=60 success=False
[hybrid-rollout] ep 9 (heldout_010): steps=8 success=True
[hybrid-rollout] ep 10 (heldout_011): steps=4 success=True
[hybrid-rollout] ep 11 (heldout_012): steps=4 success=True
[hybrid-rollout] ep 12 (heldout_013): steps=5 success=True
[hybrid-rollout] ep 13 (heldout_014): steps=5 success=True
[hybrid-rollout] ep 14 (heldout_015): steps=4 success=True
[hybrid-rollout] ep 15 (heldout_016): steps=5 success=True
[hybrid-rollout] ep 16 (heldout_017): steps=4 success=True
[hybrid-rollout] ep 17 (heldout_018): steps=60 success=False
[hybrid-rollout] ep 18 (heldout_019): steps=60 success=False
[hybrid-rollout] ep 19 (heldout_020): steps=5 success=True
[hybrid-rollout] ep 20 (heldout_021): steps=4 success=True
[hybrid-rollout] ep 21 (heldout_022): steps=4 success=True
[hybrid-rollout] ep 22 (heldout_023): steps=7 success=True
[hybrid-rollout] ep 23 (heldout_024): steps=60 success=False
[hybrid-rollout] ep 24 (heldout_025): steps=4 success=True
[hybrid-rollout] ep 25 (heldout_026): steps=4 success=True
[hybrid-rollout] ep 26 (heldout_027): steps=4 success=True
[hybrid-rollout] ep 27 (heldout_028): steps=4 success=True
[hybrid-rollout] ep 28 (heldout_029): steps=60 success=False
[hybrid-rollout] ep 29 (heldout_030): steps=5 success=True
[hybrid-rollout] ep 30 (heldout_031): steps=5 success=True
[hybrid-rollout] ep 31 (heldout_032): steps=7 success=True
[hybrid-rollout] ep 32 (heldout_033): steps=4 success=True
[hybrid-rollout] ep 33 (heldout_034): steps=5 success=True
[hybrid-rollout] ep 34 (heldout_035): steps=6 success=True
[hybrid-rollout] ep 35 (heldout_036): steps=5 success=True
[hybrid-rollout] ep 36 (heldout_037): steps=4 success=True
[hybrid-rollout] ep 37 (heldout_038): steps=5 success=True
[hybrid-rollout] ep 38 (heldout_039): steps=6 success=True
[hybrid-rollout] ep 39 (heldout_040): steps=5 success=True
[hybrid-rollout] ep 40 (heldout_041): steps=60 success=False
[hybrid-rollout] ep 41 (heldout_042): steps=4 success=True
[hybrid-rollout] ep 42 (heldout_043): steps=4 success=True
[hybrid-rollout] ep 43 (heldout_044): steps=5 success=True
[hybrid-rollout] ep 44 (heldout_045): steps=5 success=True
[hybrid-rollout] ep 45 (heldout_046): steps=4 success=True
[hybrid-rollout] ep 46 (heldout_047): steps=60 success=False
[hybrid-rollout] ep 47 (heldout_048): steps=6 success=True
[hybrid-rollout] ep 48 (heldout_049): steps=60 success=False
[hybrid-rollout] ep 49 (heldout_050): steps=4 success=True
[hybrid-rollout] ep 50 (heldout_051): steps=4 success=True
[hybrid-rollout] ep 51 (heldout_052): steps=4 success=True
[hybrid-rollout] ep 52 (heldout_053): steps=6 success=True
[hybrid-rollout] ep 53 (heldout_054): steps=60 success=False
[hybrid-rollout] ep 54 (heldout_055): steps=60 success=False
[hybrid-rollout] ep 55 (heldout_056): steps=4 success=True
[hybrid-rollout] ep 56 (heldout_057): steps=4 success=True
[hybrid-rollout] ep 57 (heldout_058): steps=4 success=True
[hybrid-rollout] ep 58 (heldout_059): steps=5 success=True
[hybrid-rollout] ep 59 (heldout_060): steps=6 success=True
[hybrid-rollout] ep 60 (heldout_061): steps=5 success=True
[hybrid-rollout] ep 61 (heldout_062): steps=6 success=True
[hybrid-rollout] ep 62 (heldout_063): steps=5 success=True
[hybrid-rollout] ep 63 (heldout_064): steps=4 success=True
[hybrid-rollout] ep 64 (heldout_065): steps=7 success=True
[hybrid-rollout] ep 65 (heldout_066): steps=6 success=True
[hybrid-rollout] ep 66 (heldout_067): steps=5 success=True
[hybrid-rollout] ep 67 (heldout_068): steps=4 success=True
[hybrid-rollout] ep 68 (heldout_069): steps=4 success=True
[hybrid-rollout] ep 69 (heldout_070): steps=7 success=True
[hybrid-rollout] ep 70 (heldout_071): steps=5 success=True
[hybrid-rollout] ep 71 (heldout_072): steps=5 success=True
[hybrid-rollout] ep 72 (heldout_073): steps=3 success=False
[hybrid-rollout] ep 73 (heldout_074): steps=4 success=True
[hybrid-rollout] ep 74 (heldout_075): steps=5 success=True
[hybrid-rollout] ep 75 (heldout_076): steps=7 success=True
[hybrid-rollout] ep 76 (heldout_077): steps=4 success=True
[hybrid-rollout] ep 77 (heldout_078): steps=6 success=True
[hybrid-rollout] ep 78 (heldout_079): steps=4 success=True
[hybrid-rollout] ep 79 (heldout_080): steps=4 success=True
[hybrid-rollout] ep 80 (heldout_081): steps=5 success=True
[hybrid-rollout] ep 81 (heldout_082): steps=5 success=True
[hybrid-rollout] ep 82 (heldout_083): steps=6 success=True
[hybrid-rollout] ep 83 (heldout_084): steps=5 success=True
[hybrid-rollout] ep 84 (heldout_085): steps=60 success=False
[hybrid-rollout] ep 85 (heldout_086): steps=6 success=True
[hybrid-rollout] ep 86 (heldout_087): steps=60 success=False
[hybrid-rollout] ep 87 (heldout_088): steps=4 success=True
[hybrid-rollout] ep 88 (heldout_089): steps=3 success=False
[hybrid-rollout] ep 89 (heldout_090): steps=4 success=True
[hybrid-rollout] ep 90 (heldout_091): steps=7 success=True
[hybrid-rollout] ep 91 (heldout_092): steps=5 success=True
[hybrid-rollout] ep 92 (heldout_093): steps=6 success=True
[hybrid-rollout] ep 93 (heldout_094): steps=6 success=True
[hybrid-rollout] ep 94 (heldout_095): steps=7 success=True
[hybrid-rollout] ep 95 (heldout_096): steps=5 success=True
[hybrid-rollout] ep 96 (heldout_097): steps=5 success=True
[hybrid-rollout] ep 97 (heldout_098): steps=60 success=False
[hybrid-rollout] ep 98 (heldout_099): steps=6 success=True
[hybrid-rollout] ep 99 (heldout_100): steps=60 success=False
[hybrid-rollout] ep 100 (heldout_101): steps=4 success=True
[hybrid-rollout] ep 101 (heldout_102): steps=4 success=True
[hybrid-rollout] ep 102 (heldout_103): steps=60 success=False
[hybrid-rollout] ep 103 (heldout_104): steps=6 success=True
[hybrid-rollout] ep 104 (heldout_105): steps=6 success=True
[hybrid-rollout] ep 105 (heldout_106): steps=6 success=True
[hybrid-rollout] ep 106 (heldout_107): steps=3 success=False
[hybrid-rollout] ep 107 (heldout_108): steps=4 success=True
[hybrid-rollout] ep 108 (heldout_109): steps=4 success=True
[hybrid-rollout] ep 109 (heldout_110): steps=4 success=True
[hybrid-rollout] ep 110 (heldout_111): steps=60 success=False
[hybrid-rollout] ep 111 (heldout_112): steps=5 success=True
[hybrid-rollout] ep 112 (heldout_113): steps=5 success=True
[hybrid-rollout] ep 113 (heldout_114): steps=60 success=False
[hybrid-rollout] ep 114 (heldout_115): steps=4 success=True
[hybrid-rollout] ep 115 (heldout_116): steps=5 success=True
[hybrid-rollout] ep 116 (heldout_117): steps=60 success=False
[hybrid-rollout] ep 117 (heldout_118): steps=6 success=False
[hybrid-rollout] ep 118 (heldout_119): steps=4 success=True
[hybrid-rollout] ep 119 (heldout_120): steps=7 success=True
[hybrid-rollout] ep 120 (heldout_121): steps=4 success=True
[hybrid-rollout] ep 121 (heldout_122): steps=4 success=True
[hybrid-rollout] ep 122 (heldout_123): steps=6 success=True
[hybrid-rollout] ep 123 (heldout_124): steps=60 success=False
[hybrid-rollout] ep 124 (heldout_125): steps=4 success=True
[hybrid-rollout] ep 125 (heldout_126): steps=4 success=True
[hybrid-rollout] ep 126 (heldout_127): steps=60 success=False
[hybrid-rollout] ep 127 (heldout_128): steps=7 success=True
[hybrid-rollout] ep 128 (heldout_129): steps=60 success=False
[hybrid-rollout] ep 129 (heldout_130): steps=4 success=True
[hybrid-rollout] ep 130 (heldout_131): steps=60 success=False
[hybrid-rollout] ep 131 (heldout_132): steps=4 success=True
[hybrid-rollout] ep 132 (heldout_133): steps=4 success=True
[hybrid-rollout] ep 133 (heldout_134): steps=60 success=False
[hybrid-rollout] ep 134 (heldout_135): steps=6 success=True
[hybrid-rollout] ep 135 (heldout_136): steps=5 success=True
[hybrid-rollout] ep 136 (heldout_137): steps=5 success=True
[hybrid-rollout] ep 137 (heldout_138): steps=4 success=True
[hybrid-rollout] ep 138 (heldout_139): steps=4 success=True
[hybrid-rollout] ep 139 (heldout_140): steps=5 success=True
[hybrid-rollout] ep 140 (heldout_141): steps=5 success=True
[hybrid-rollout] ep 141 (heldout_142): steps=4 success=True
[hybrid-rollout] ep 142 (heldout_143): steps=8 success=True
[hybrid-rollout] ep 143 (heldout_144): steps=4 success=True
[hybrid-rollout] ep 144 (heldout_145): steps=5 success=True
[hybrid-rollout] ep 145 (heldout_146): steps=7 success=True
[hybrid-rollout] ep 146 (heldout_147): steps=4 success=True
[hybrid-rollout] ep 147 (heldout_148): steps=60 success=False
[hybrid-rollout] ep 148 (heldout_149): steps=5 success=True
[hybrid-rollout] ep 149 (heldout_150): steps=4 success=True
[hybrid-rollout] ep 150 (heldout_151): steps=5 success=True
[hybrid-rollout] ep 151 (heldout_152): steps=6 success=True
[hybrid-rollout] ep 152 (heldout_153): steps=5 success=True
[hybrid-rollout] ep 153 (heldout_154): steps=60 success=False
[hybrid-rollout] ep 154 (heldout_155): steps=6 success=True
[hybrid-rollout] ep 155 (heldout_156): steps=60 success=False
[hybrid-rollout] ep 156 (heldout_157): steps=4 success=True
[hybrid-rollout] ep 157 (heldout_158): steps=3 success=False
[hybrid-rollout] ep 158 (heldout_159): steps=6 success=True
[hybrid-rollout] ep 159 (heldout_160): steps=4 success=True
[hybrid-rollout] ep 160 (heldout_161): steps=60 success=False
[hybrid-rollout] ep 161 (heldout_162): steps=5 success=True
[hybrid-rollout] ep 162 (heldout_163): steps=4 success=True
[hybrid-rollout] ep 163 (heldout_164): steps=4 success=True
[hybrid-rollout] ep 164 (heldout_165): steps=5 success=True
[hybrid-rollout] ep 165 (heldout_166): steps=60 success=False
[hybrid-rollout] ep 166 (heldout_167): steps=4 success=True
[hybrid-rollout] ep 167 (heldout_168): steps=4 success=True
[hybrid-rollout] ep 168 (heldout_169): steps=6 success=True
[hybrid-rollout] ep 169 (heldout_170): steps=5 success=False
[hybrid-rollout] ep 170 (heldout_171): steps=4 success=True
[hybrid-rollout] ep 171 (heldout_172): steps=5 success=True
[hybrid-rollout] ep 172 (heldout_173): steps=4 success=True
[hybrid-rollout] ep 173 (heldout_174): steps=5 success=True
[hybrid-rollout] ep 174 (heldout_175): steps=5 success=True
[hybrid-rollout] ep 175 (heldout_176): steps=6 success=True
[hybrid-rollout] ep 176 (heldout_177): steps=6 success=True
[hybrid-rollout] ep 177 (heldout_178): steps=5 success=True
[hybrid-rollout] ep 178 (heldout_179): steps=5 success=True
[hybrid-rollout] ep 179 (heldout_180): steps=4 success=True
[hybrid-rollout] ep 180 (heldout_181): steps=5 success=True
[hybrid-rollout] ep 181 (heldout_182): steps=4 success=True
[hybrid-rollout] ep 182 (heldout_183): steps=5 success=True
[hybrid-rollout] ep 183 (heldout_184): steps=7 success=True
[hybrid-rollout] ep 184 (heldout_185): steps=5 success=True
[hybrid-rollout] ep 185 (heldout_186): steps=4 success=True
[hybrid-rollout] ep 186 (heldout_187): steps=5 success=True
[hybrid-rollout] ep 187 (heldout_188): steps=5 success=True
[hybrid-rollout] ep 188 (heldout_189): steps=5 success=True
[hybrid-rollout] ep 189 (heldout_190): steps=7 success=True
[hybrid-rollout] ep 190 (heldout_191): steps=4 success=True
[hybrid-rollout] ep 191 (heldout_192): steps=5 success=True
[hybrid-rollout] ep 192 (heldout_193): steps=60 success=False
[hybrid-rollout] ep 193 (heldout_194): steps=6 success=True
[hybrid-rollout] ep 194 (heldout_195): steps=5 success=True
[hybrid-rollout] ep 195 (heldout_196): steps=4 success=True
[hybrid-rollout] ep 196 (heldout_197): steps=5 success=True
[hybrid-rollout] ep 197 (heldout_198): steps=4 success=True
[hybrid-rollout] ep 198 (heldout_199): steps=4 success=True
[hybrid-rollout] ep 199 (heldout_200): steps=4 success=True
[hybrid-rollout] DONE successes=163/200
[19:55:40] [replay_p4] run 6 round 10: extras=10 heldout_sr=0.815
[19:55:40] [replay_p4] $ /home/s226137394/.conda/envs/maze/bin/python3 -u -m Equivariant_pathway.equivariant_CNN_hybrid.baseline_vs_p4.pool_x_selector.trainer.finetune_replay --demo_dir /weka/s226137394/DmNfull/Equivariant_pathway/equivariant_CNN_hybrid/baseline_vs_p4/pool_x_selector/results_hpsweep/e300_lr0.0001_rm0.7_do0/run_6/p4_top3_rotate/demos --checkpoint_dir /weka/s226137394/DmNfull/Equivariant_pathway/equivariant_CNN_hybrid/baseline_vs_p4/pool_x_selector/results_hpsweep/e300_lr0.0001_rm0.7_do0/run_6/p4_top3_rotate/checkpoints --epochs 300 --batch_size 64 --lr 0.0001 --weight_decay 0.0001 --replay_mix 0.7 --replay_mix_floor 0.2 --head_dropout 0.0 --seed 6 --resume --new_demos_dir /weka/s226137394/DmNfull/Equivariant_pathway/equivariant_CNN_hybrid/baseline_vs_p4/pool_x_selector/results_hpsweep/e300_lr0.0001_rm0.7_do0/run_6/p4_top3_rotate/demos/round_011
[finetune_replay] device=cuda demo_dir=/weka/s226137394/DmNfull/Equivariant_pathway/equivariant_CNN_hybrid/baseline_vs_p4/pool_x_selector/results_hpsweep/e300_lr0.0001_rm0.7_do0/run_6/p4_top3_rotate/demos new_demos_dir=/weka/s226137394/DmNfull/Equivariant_pathway/equivariant_CNN_hybrid/baseline_vs_p4/pool_x_selector/results_hpsweep/e300_lr0.0001_rm0.7_do0/run_6/p4_top3_rotate/demos/round_011
[hybrid-dataset] 30 demos -> 159 samples
[hybrid-dataset] 1 demos -> 6 samples
[finetune_replay] sampler audit: {'n_old_samples': 159, 'n_new_samples': 6, 'replay_mix_target': 0.7, 'replay_mix_effective': 0.7, 'replay_mix_floor': 0.2}
[finetune_replay] trainable params: 1,400,028
[finetune_replay] WARM START from last_hybrid_policy.pth
[finetune_replay] ep   1/300 | train loss=0.1519 top1=1.000 | val loss=0.0015 | t=0.9s  *
[finetune_replay] ep   2/300 | train loss=0.0591 top1=0.980 | val loss=0.1141 | t=0.3s
[finetune_replay] ep   3/300 | train loss=0.0096 top1=1.000 | val loss=0.0786 | t=0.4s
[finetune_replay] ep   4/300 | train loss=0.0011 top1=1.000 | val loss=0.0205 | t=0.4s
[finetune_replay] ep   5/300 | train loss=0.0016 top1=1.000 | val loss=0.0051 | t=0.2s
[finetune_replay] ep   6/300 | train loss=0.0008 top1=1.000 | val loss=0.0032 | t=0.4s
[finetune_replay] ep   7/300 | train loss=0.0007 top1=1.000 | val loss=0.0051 | t=0.3s
[finetune_replay] ep   8/300 | train loss=0.0006 top1=1.000 | val loss=0.0050 | t=0.5s
[finetune_replay] ep   9/300 | train loss=0.0003 top1=1.000 | val loss=0.0099 | t=0.3s
[finetune_replay] ep  10/300 | train loss=0.0003 top1=1.000 | val loss=0.0113 | t=0.2s
[finetune_replay] ep  11/300 | train loss=0.0001 top1=1.000 | val loss=0.0086 | t=0.1s
[finetune_replay] ep  12/300 | train loss=0.0003 top1=1.000 | val loss=0.0082 | t=0.1s
[finetune_replay] ep  13/300 | train loss=0.0001 top1=1.000 | val loss=0.0078 | t=0.3s
[finetune_replay] ep  14/300 | train loss=0.0002 top1=1.000 | val loss=0.0069 | t=0.3s
[finetune_replay] ep  15/300 | train loss=0.0002 top1=1.000 | val loss=0.0065 | t=0.2s
[finetune_replay] ep  16/300 | train loss=0.0001 top1=1.000 | val loss=0.0064 | t=0.2s
[finetune_replay] ep  17/300 | train loss=0.0001 top1=1.000 | val loss=0.0066 | t=0.1s
[finetune_replay] ep  18/300 | train loss=0.0001 top1=1.000 | val loss=0.0070 | t=0.1s
[finetune_replay] ep  19/300 | train loss=0.0001 top1=1.000 | val loss=0.0071 | t=0.1s
[finetune_replay] ep  20/300 | train loss=0.0001 top1=1.000 | val loss=0.0074 | t=0.2s
[finetune_replay] ep  21/300 | train loss=0.0001 top1=1.000 | val loss=0.0075 | t=0.1s
[finetune_replay] ep  22/300 | train loss=0.0001 top1=1.000 | val loss=0.0066 | t=0.2s
[finetune_replay] ep  23/300 | train loss=0.0001 top1=1.000 | val loss=0.0057 | t=0.2s
[finetune_replay] ep  24/300 | train loss=0.0001 top1=1.000 | val loss=0.0049 | t=0.1s
[finetune_replay] ep  25/300 | train loss=0.0001 top1=1.000 | val loss=0.0050 | t=0.1s
[finetune_replay] ep  26/300 | train loss=0.0001 top1=1.000 | val loss=0.0051 | t=0.1s
[finetune_replay] ep  27/300 | train loss=0.0001 top1=1.000 | val loss=0.0050 | t=0.1s
[finetune_replay] ep  28/300 | train loss=0.0001 top1=1.000 | val loss=0.0051 | t=0.1s
[finetune_replay] ep  29/300 | train loss=0.0001 top1=1.000 | val loss=0.0053 | t=0.1s
[finetune_replay] ep  30/300 | train loss=0.0001 top1=1.000 | val loss=0.0050 | t=0.2s
[finetune_replay] ep  31/300 | train loss=0.0001 top1=1.000 | val loss=0.0047 | t=0.1s
[finetune_replay] ep  32/300 | train loss=0.0001 top1=1.000 | val loss=0.0049 | t=0.1s
[finetune_replay] ep  33/300 | train loss=0.0001 top1=1.000 | val loss=0.0054 | t=0.2s
[finetune_replay] ep  34/300 | train loss=0.0001 top1=1.000 | val loss=0.0057 | t=0.1s
[finetune_replay] ep  35/300 | train loss=0.0001 top1=1.000 | val loss=0.0057 | t=0.1s
[finetune_replay] ep  36/300 | train loss=0.0001 top1=1.000 | val loss=0.0047 | t=0.1s
[finetune_replay] ep  37/300 | train loss=0.0001 top1=1.000 | val loss=0.0039 | t=0.1s
[finetune_replay] ep  38/300 | train loss=0.0000 top1=1.000 | val loss=0.0037 | t=0.1s
[finetune_replay] ep  39/300 | train loss=0.0001 top1=1.000 | val loss=0.0041 | t=0.1s
[finetune_replay] ep  40/300 | train loss=0.0001 top1=1.000 | val loss=0.0044 | t=0.1s
[finetune_replay] ep  41/300 | train loss=0.0000 top1=1.000 | val loss=0.0044 | t=0.1s
[finetune_replay] ep  42/300 | train loss=0.0001 top1=1.000 | val loss=0.0044 | t=0.1s
[finetune_replay] ep  43/300 | train loss=0.0001 top1=1.000 | val loss=0.0046 | t=0.2s
[finetune_replay] ep  44/300 | train loss=0.0000 top1=1.000 | val loss=0.0049 | t=0.2s
[finetune_replay] ep  45/300 | train loss=0.0001 top1=1.000 | val loss=0.0048 | t=0.2s
[finetune_replay] ep  46/300 | train loss=0.0000 top1=1.000 | val loss=0.0053 | t=0.2s
[finetune_replay] ep  47/300 | train loss=0.0001 top1=1.000 | val loss=0.0057 | t=0.2s
[finetune_replay] ep  48/300 | train loss=0.0001 top1=1.000 | val loss=0.0050 | t=0.1s
[finetune_replay] ep  49/300 | train loss=0.0000 top1=1.000 | val loss=0.0052 | t=0.1s
[finetune_replay] ep  50/300 | train loss=0.0000 top1=1.000 | val loss=0.0048 | t=0.1s
[finetune_replay] ep  51/300 | train loss=0.0000 top1=1.000 | val loss=0.0047 | t=0.2s
[finetune_replay] ep  52/300 | train loss=0.0000 top1=1.000 | val loss=0.0055 | t=0.1s
[finetune_replay] ep  53/300 | train loss=0.0000 top1=1.000 | val loss=0.0058 | t=0.1s
[finetune_replay] ep  54/300 | train loss=0.0000 top1=1.000 | val loss=0.0057 | t=0.1s
[finetune_replay] ep  55/300 | train loss=0.0000 top1=1.000 | val loss=0.0051 | t=0.1s
[finetune_replay] ep  56/300 | train loss=0.0000 top1=1.000 | val loss=0.0051 | t=0.1s
[finetune_replay] ep  57/300 | train loss=0.0000 top1=1.000 | val loss=0.0052 | t=0.1s
[finetune_replay] ep  58/300 | train loss=0.0000 top1=1.000 | val loss=0.0051 | t=0.1s
[finetune_replay] ep  59/300 | train loss=0.0000 top1=1.000 | val loss=0.0051 | t=0.1s
[finetune_replay] ep  60/300 | train loss=0.0000 top1=1.000 | val loss=0.0045 | t=0.1s
[finetune_replay] ep  61/300 | train loss=0.0000 top1=1.000 | val loss=0.0041 | t=0.1s
[finetune_replay] ep  62/300 | train loss=0.0000 top1=1.000 | val loss=0.0040 | t=0.1s
[finetune_replay] ep  63/300 | train loss=0.0000 top1=1.000 | val loss=0.0046 | t=0.1s
[finetune_replay] ep  64/300 | train loss=0.0000 top1=1.000 | val loss=0.0048 | t=0.1s
[finetune_replay] ep  65/300 | train loss=0.0000 top1=1.000 | val loss=0.0049 | t=0.1s
[finetune_replay] ep  66/300 | train loss=0.0000 top1=1.000 | val loss=0.0047 | t=0.1s
[finetune_replay] ep  67/300 | train loss=0.0000 top1=1.000 | val loss=0.0042 | t=0.1s
[finetune_replay] ep  68/300 | train loss=0.0000 top1=1.000 | val loss=0.0039 | t=0.1s
[finetune_replay] ep  69/300 | train loss=0.0000 top1=1.000 | val loss=0.0038 | t=0.1s
[finetune_replay] ep  70/300 | train loss=0.0000 top1=1.000 | val loss=0.0039 | t=0.1s
[finetune_replay] ep  71/300 | train loss=0.0000 top1=1.000 | val loss=0.0042 | t=0.1s
[finetune_replay] ep  72/300 | train loss=0.0000 top1=1.000 | val loss=0.0043 | t=0.1s
[finetune_replay] ep  73/300 | train loss=0.0000 top1=1.000 | val loss=0.0042 | t=0.3s
[finetune_replay] ep  74/300 | train loss=0.0000 top1=1.000 | val loss=0.0046 | t=0.1s
[finetune_replay] ep  75/300 | train loss=0.0000 top1=1.000 | val loss=0.0041 | t=0.1s
[finetune_replay] ep  76/300 | train loss=0.0000 top1=1.000 | val loss=0.0037 | t=0.2s
[finetune_replay] ep  77/300 | train loss=0.0000 top1=1.000 | val loss=0.0035 | t=0.1s
[finetune_replay] ep  78/300 | train loss=0.0000 top1=1.000 | val loss=0.0037 | t=0.1s
[finetune_replay] ep  79/300 | train loss=0.0000 top1=1.000 | val loss=0.0037 | t=0.1s
[finetune_replay] ep  80/300 | train loss=0.0000 top1=1.000 | val loss=0.0038 | t=0.1s
[finetune_replay] ep  81/300 | train loss=0.0000 top1=1.000 | val loss=0.0040 | t=0.2s
[finetune_replay] ep  82/300 | train loss=0.0000 top1=1.000 | val loss=0.0042 | t=0.2s
[finetune_replay] ep  83/300 | train loss=0.0000 top1=1.000 | val loss=0.0041 | t=0.1s
[finetune_replay] ep  84/300 | train loss=0.0000 top1=1.000 | val loss=0.0039 | t=0.1s
[finetune_replay] ep  85/300 | train loss=0.0000 top1=1.000 | val loss=0.0037 | t=0.1s
[finetune_replay] ep  86/300 | train loss=0.0000 top1=1.000 | val loss=0.0036 | t=0.1s
[finetune_replay] ep  87/300 | train loss=0.0000 top1=1.000 | val loss=0.0039 | t=0.2s
[finetune_replay] ep  88/300 | train loss=0.0000 top1=1.000 | val loss=0.0047 | t=0.1s
[finetune_replay] ep  89/300 | train loss=0.0000 top1=1.000 | val loss=0.0050 | t=0.1s
[finetune_replay] ep  90/300 | train loss=0.0000 top1=1.000 | val loss=0.0048 | t=0.1s
[finetune_replay] ep  91/300 | train loss=0.0000 top1=1.000 | val loss=0.0045 | t=0.2s
[finetune_replay] ep  92/300 | train loss=0.0000 top1=1.000 | val loss=0.0044 | t=0.2s
[finetune_replay] ep  93/300 | train loss=0.0000 top1=1.000 | val loss=0.0042 | t=0.2s
[finetune_replay] ep  94/300 | train loss=0.0000 top1=1.000 | val loss=0.0039 | t=0.1s
[finetune_replay] ep  95/300 | train loss=0.0000 top1=1.000 | val loss=0.0038 | t=0.1s
[finetune_replay] ep  96/300 | train loss=0.0000 top1=1.000 | val loss=0.0038 | t=0.2s
[finetune_replay] ep  97/300 | train loss=0.0000 top1=1.000 | val loss=0.0041 | t=0.1s
[finetune_replay] ep  98/300 | train loss=0.0000 top1=1.000 | val loss=0.0044 | t=0.1s
[finetune_replay] ep  99/300 | train loss=0.0000 top1=1.000 | val loss=0.0043 | t=0.1s
[finetune_replay] ep 100/300 | train loss=0.0000 top1=1.000 | val loss=0.0037 | t=0.1s
[finetune_replay] ep 101/300 | train loss=0.0000 top1=1.000 | val loss=0.0037 | t=0.2s
[finetune_replay] ep 102/300 | train loss=0.0000 top1=1.000 | val loss=0.0038 | t=0.1s
[finetune_replay] ep 103/300 | train loss=0.0000 top1=1.000 | val loss=0.0039 | t=0.2s
[finetune_replay] ep 104/300 | train loss=0.0000 top1=1.000 | val loss=0.0040 | t=0.2s
[finetune_replay] ep 105/300 | train loss=0.0000 top1=1.000 | val loss=0.0041 | t=0.1s
[finetune_replay] ep 106/300 | train loss=0.0000 top1=1.000 | val loss=0.0040 | t=0.1s
[finetune_replay] ep 107/300 | train loss=0.0000 top1=1.000 | val loss=0.0039 | t=0.1s
[finetune_replay] ep 108/300 | train loss=0.0000 top1=1.000 | val loss=0.0042 | t=0.1s
[finetune_replay] ep 109/300 | train loss=0.0000 top1=1.000 | val loss=0.0042 | t=0.1s
[finetune_replay] ep 110/300 | train loss=0.0000 top1=1.000 | val loss=0.0042 | t=0.1s
[finetune_replay] ep 111/300 | train loss=0.0000 top1=1.000 | val loss=0.0042 | t=0.1s
[finetune_replay] ep 112/300 | train loss=0.0000 top1=1.000 | val loss=0.0041 | t=0.1s
[finetune_replay] ep 113/300 | train loss=0.0000 top1=1.000 | val loss=0.0038 | t=0.1s
[finetune_replay] ep 114/300 | train loss=0.0000 top1=1.000 | val loss=0.0036 | t=0.1s
[finetune_replay] ep 115/300 | train loss=0.0000 top1=1.000 | val loss=0.0034 | t=0.1s
[finetune_replay] ep 116/300 | train loss=0.0000 top1=1.000 | val loss=0.0031 | t=0.1s
[finetune_replay] ep 117/300 | train loss=0.0000 top1=1.000 | val loss=0.0030 | t=0.1s
[finetune_replay] ep 118/300 | train loss=0.0000 top1=1.000 | val loss=0.0031 | t=0.2s
[finetune_replay] ep 119/300 | train loss=0.0000 top1=1.000 | val loss=0.0034 | t=0.1s
[finetune_replay] ep 120/300 | train loss=0.0000 top1=1.000 | val loss=0.0036 | t=0.2s
[finetune_replay] ep 121/300 | train loss=0.0000 top1=1.000 | val loss=0.0037 | t=0.2s
[finetune_replay] ep 122/300 | train loss=0.0000 top1=1.000 | val loss=0.0037 | t=0.1s
[finetune_replay] ep 123/300 | train loss=0.0000 top1=1.000 | val loss=0.0038 | t=0.1s
[finetune_replay] ep 124/300 | train loss=0.0000 top1=1.000 | val loss=0.0039 | t=0.1s
[finetune_replay] ep 125/300 | train loss=0.0000 top1=1.000 | val loss=0.0039 | t=0.1s
[finetune_replay] ep 126/300 | train loss=0.0000 top1=1.000 | val loss=0.0040 | t=0.1s
[finetune_replay] ep 127/300 | train loss=0.0000 top1=1.000 | val loss=0.0042 | t=0.1s
[finetune_replay] ep 128/300 | train loss=0.0000 top1=1.000 | val loss=0.0041 | t=0.1s
[finetune_replay] ep 129/300 | train loss=0.0000 top1=1.000 | val loss=0.0041 | t=0.1s
[finetune_replay] ep 130/300 | train loss=0.0000 top1=1.000 | val loss=0.0037 | t=0.1s
[finetune_replay] ep 131/300 | train loss=0.0000 top1=1.000 | val loss=0.0038 | t=0.1s
[finetune_replay] ep 132/300 | train loss=0.0000 top1=1.000 | val loss=0.0039 | t=0.2s
[finetune_replay] ep 133/300 | train loss=0.0000 top1=1.000 | val loss=0.0037 | t=0.1s
[finetune_replay] ep 134/300 | train loss=0.0000 top1=1.000 | val loss=0.0035 | t=0.1s
[finetune_replay] ep 135/300 | train loss=0.0000 top1=1.000 | val loss=0.0032 | t=0.1s
[finetune_replay] ep 136/300 | train loss=0.0000 top1=1.000 | val loss=0.0029 | t=0.1s
[finetune_replay] ep 137/300 | train loss=0.0000 top1=1.000 | val loss=0.0028 | t=0.1s
[finetune_replay] ep 138/300 | train loss=0.0000 top1=1.000 | val loss=0.0029 | t=0.1s
[finetune_replay] ep 139/300 | train loss=0.0000 top1=1.000 | val loss=0.0031 | t=0.1s
[finetune_replay] ep 140/300 | train loss=0.0000 top1=1.000 | val loss=0.0032 | t=0.1s
[finetune_replay] ep 141/300 | train loss=0.0000 top1=1.000 | val loss=0.0032 | t=0.1s
[finetune_replay] ep 142/300 | train loss=0.0000 top1=1.000 | val loss=0.0032 | t=0.1s
[finetune_replay] ep 143/300 | train loss=0.0000 top1=1.000 | val loss=0.0033 | t=0.1s
[finetune_replay] ep 144/300 | train loss=0.0000 top1=1.000 | val loss=0.0032 | t=0.1s
[finetune_replay] ep 145/300 | train loss=0.0000 top1=1.000 | val loss=0.0031 | t=0.1s
[finetune_replay] ep 146/300 | train loss=0.0000 top1=1.000 | val loss=0.0032 | t=0.1s
[finetune_replay] ep 147/300 | train loss=0.0000 top1=1.000 | val loss=0.0034 | t=0.1s
[finetune_replay] ep 148/300 | train loss=0.0000 top1=1.000 | val loss=0.0039 | t=0.1s
[finetune_replay] ep 149/300 | train loss=0.0000 top1=1.000 | val loss=0.0042 | t=0.2s
[finetune_replay] ep 150/300 | train loss=0.0000 top1=1.000 | val loss=0.0044 | t=0.1s
[finetune_replay] ep 151/300 | train loss=0.0000 top1=1.000 | val loss=0.0043 | t=0.1s
[finetune_replay] ep 152/300 | train loss=0.0000 top1=1.000 | val loss=0.0044 | t=0.1s
[finetune_replay] ep 153/300 | train loss=0.0000 top1=1.000 | val loss=0.0042 | t=0.1s
[finetune_replay] ep 154/300 | train loss=0.0000 top1=1.000 | val loss=0.0039 | t=0.1s
[finetune_replay] ep 155/300 | train loss=0.0000 top1=1.000 | val loss=0.0035 | t=0.1s
[finetune_replay] ep 156/300 | train loss=0.0000 top1=1.000 | val loss=0.0032 | t=0.1s
[finetune_replay] ep 157/300 | train loss=0.0000 top1=1.000 | val loss=0.0031 | t=0.1s
[finetune_replay] ep 158/300 | train loss=0.0000 top1=1.000 | val loss=0.0032 | t=0.1s
[finetune_replay] ep 159/300 | train loss=0.0000 top1=1.000 | val loss=0.0033 | t=0.1s
[finetune_replay] ep 160/300 | train loss=0.0000 top1=1.000 | val loss=0.0036 | t=0.1s
[finetune_replay] ep 161/300 | train loss=0.0000 top1=1.000 | val loss=0.0036 | t=0.1s
[finetune_replay] ep 162/300 | train loss=0.0000 top1=1.000 | val loss=0.0036 | t=0.1s
[finetune_replay] ep 163/300 | train loss=0.0000 top1=1.000 | val loss=0.0035 | t=0.1s
[finetune_replay] ep 164/300 | train loss=0.0000 top1=1.000 | val loss=0.0035 | t=0.1s
[finetune_replay] ep 165/300 | train loss=0.0000 top1=1.000 | val loss=0.0038 | t=0.1s
[finetune_replay] ep 166/300 | train loss=0.0000 top1=1.000 | val loss=0.0037 | t=0.2s
[finetune_replay] ep 167/300 | train loss=0.0000 top1=1.000 | val loss=0.0034 | t=0.1s
[finetune_replay] ep 168/300 | train loss=0.0000 top1=1.000 | val loss=0.0032 | t=0.1s
[finetune_replay] ep 169/300 | train loss=0.0000 top1=1.000 | val loss=0.0033 | t=0.1s
[finetune_replay] ep 170/300 | train loss=0.0000 top1=1.000 | val loss=0.0032 | t=0.1s
[finetune_replay] ep 171/300 | train loss=0.0000 top1=1.000 | val loss=0.0031 | t=0.1s
[finetune_replay] ep 172/300 | train loss=0.0000 top1=1.000 | val loss=0.0032 | t=0.1s
[finetune_replay] ep 173/300 | train loss=0.0000 top1=1.000 | val loss=0.0034 | t=0.1s
[finetune_replay] ep 174/300 | train loss=0.0000 top1=1.000 | val loss=0.0036 | t=0.1s
[finetune_replay] ep 175/300 | train loss=0.0000 top1=1.000 | val loss=0.0037 | t=0.1s
[finetune_replay] ep 176/300 | train loss=0.0000 top1=1.000 | val loss=0.0037 | t=0.1s
[finetune_replay] ep 177/300 | train loss=0.0000 top1=1.000 | val loss=0.0038 | t=0.1s
[finetune_replay] ep 178/300 | train loss=0.0000 top1=1.000 | val loss=0.0039 | t=0.1s
[finetune_replay] ep 179/300 | train loss=0.0000 top1=1.000 | val loss=0.0039 | t=0.1s
[finetune_replay] ep 180/300 | train loss=0.0000 top1=1.000 | val loss=0.0039 | t=0.1s
[finetune_replay] ep 181/300 | train loss=0.0000 top1=1.000 | val loss=0.0037 | t=0.1s
[finetune_replay] ep 182/300 | train loss=0.0000 top1=1.000 | val loss=0.0034 | t=0.1s
[finetune_replay] ep 183/300 | train loss=0.0000 top1=1.000 | val loss=0.0033 | t=0.1s
[finetune_replay] ep 184/300 | train loss=0.0000 top1=1.000 | val loss=0.0031 | t=0.1s
[finetune_replay] ep 185/300 | train loss=0.0000 top1=1.000 | val loss=0.0030 | t=0.1s
[finetune_replay] ep 186/300 | train loss=0.0000 top1=1.000 | val loss=0.0029 | t=0.1s
[finetune_replay] ep 187/300 | train loss=0.0000 top1=1.000 | val loss=0.0030 | t=0.1s
[finetune_replay] ep 188/300 | train loss=0.0000 top1=1.000 | val loss=0.0031 | t=0.1s
[finetune_replay] ep 189/300 | train loss=0.0000 top1=1.000 | val loss=0.0033 | t=0.1s
[finetune_replay] ep 190/300 | train loss=0.0000 top1=1.000 | val loss=0.0034 | t=0.1s
[finetune_replay] ep 191/300 | train loss=0.0000 top1=1.000 | val loss=0.0035 | t=0.1s
[finetune_replay] ep 192/300 | train loss=0.0000 top1=1.000 | val loss=0.0035 | t=0.1s
[finetune_replay] ep 193/300 | train loss=0.0000 top1=1.000 | val loss=0.0037 | t=0.1s
[finetune_replay] ep 194/300 | train loss=0.0000 top1=1.000 | val loss=0.0037 | t=0.1s
[finetune_replay] ep 195/300 | train loss=0.0000 top1=1.000 | val loss=0.0036 | t=0.1s
[finetune_replay] ep 196/300 | train loss=0.0000 top1=1.000 | val loss=0.0035 | t=0.1s
[finetune_replay] ep 197/300 | train loss=0.0000 top1=1.000 | val loss=0.0034 | t=0.1s
[finetune_replay] ep 198/300 | train loss=0.0000 top1=1.000 | val loss=0.0032 | t=0.1s
[finetune_replay] ep 199/300 | train loss=0.0000 top1=1.000 | val loss=0.0031 | t=0.1s
[finetune_replay] ep 200/300 | train loss=0.0000 top1=1.000 | val loss=0.0030 | t=0.1s
[finetune_replay] ep 201/300 | train loss=0.0000 top1=1.000 | val loss=0.0031 | t=0.1s
[finetune_replay] ep 202/300 | train loss=0.0000 top1=1.000 | val loss=0.0031 | t=0.1s
[finetune_replay] ep 203/300 | train loss=0.0000 top1=1.000 | val loss=0.0034 | t=0.1s
[finetune_replay] ep 204/300 | train loss=0.0000 top1=1.000 | val loss=0.0036 | t=0.1s
[finetune_replay] ep 205/300 | train loss=0.0000 top1=1.000 | val loss=0.0037 | t=0.1s
[finetune_replay] ep 206/300 | train loss=0.0000 top1=1.000 | val loss=0.0038 | t=0.1s
[finetune_replay] ep 207/300 | train loss=0.0000 top1=1.000 | val loss=0.0039 | t=0.1s
[finetune_replay] ep 208/300 | train loss=0.0000 top1=1.000 | val loss=0.0039 | t=0.1s
[finetune_replay] ep 209/300 | train loss=0.0000 top1=1.000 | val loss=0.0038 | t=0.1s
[finetune_replay] ep 210/300 | train loss=0.0000 top1=1.000 | val loss=0.0038 | t=0.1s
[finetune_replay] ep 211/300 | train loss=0.0000 top1=1.000 | val loss=0.0038 | t=0.1s
[finetune_replay] ep 212/300 | train loss=0.0000 top1=1.000 | val loss=0.0037 | t=0.1s
[finetune_replay] ep 213/300 | train loss=0.0000 top1=1.000 | val loss=0.0036 | t=0.1s
[finetune_replay] ep 214/300 | train loss=0.0000 top1=1.000 | val loss=0.0035 | t=0.1s
[finetune_replay] ep 215/300 | train loss=0.0000 top1=1.000 | val loss=0.0033 | t=0.1s
[finetune_replay] ep 216/300 | train loss=0.0000 top1=1.000 | val loss=0.0033 | t=0.1s
[finetune_replay] ep 217/300 | train loss=0.0000 top1=1.000 | val loss=0.0034 | t=0.1s
[finetune_replay] ep 218/300 | train loss=0.0000 top1=1.000 | val loss=0.0033 | t=0.1s
[finetune_replay] ep 219/300 | train loss=0.0000 top1=1.000 | val loss=0.0034 | t=0.1s
[finetune_replay] ep 220/300 | train loss=0.0000 top1=1.000 | val loss=0.0034 | t=0.1s
[finetune_replay] ep 221/300 | train loss=0.0000 top1=1.000 | val loss=0.0035 | t=0.1s
[finetune_replay] ep 222/300 | train loss=0.0000 top1=1.000 | val loss=0.0034 | t=0.1s
[finetune_replay] ep 223/300 | train loss=0.0000 top1=1.000 | val loss=0.0035 | t=0.1s
[finetune_replay] ep 224/300 | train loss=0.0000 top1=1.000 | val loss=0.0034 | t=0.1s
[finetune_replay] ep 225/300 | train loss=0.0000 top1=1.000 | val loss=0.0035 | t=0.1s
[finetune_replay] ep 226/300 | train loss=0.0000 top1=1.000 | val loss=0.0035 | t=0.1s
[finetune_replay] ep 227/300 | train loss=0.0000 top1=1.000 | val loss=0.0034 | t=0.1s
[finetune_replay] ep 228/300 | train loss=0.0000 top1=1.000 | val loss=0.0034 | t=0.1s
[finetune_replay] ep 229/300 | train loss=0.0000 top1=1.000 | val loss=0.0034 | t=0.1s
[finetune_replay] ep 230/300 | train loss=0.0000 top1=1.000 | val loss=0.0034 | t=0.1s
[finetune_replay] ep 231/300 | train loss=0.0000 top1=1.000 | val loss=0.0033 | t=0.1s
[finetune_replay] ep 232/300 | train loss=0.0000 top1=1.000 | val loss=0.0033 | t=0.1s
[finetune_replay] ep 233/300 | train loss=0.0000 top1=1.000 | val loss=0.0033 | t=0.1s
[finetune_replay] ep 234/300 | train loss=0.0000 top1=1.000 | val loss=0.0033 | t=0.1s
[finetune_replay] ep 235/300 | train loss=0.0000 top1=1.000 | val loss=0.0033 | t=0.1s
[finetune_replay] ep 236/300 | train loss=0.0000 top1=1.000 | val loss=0.0034 | t=0.1s
[finetune_replay] ep 237/300 | train loss=0.0000 top1=1.000 | val loss=0.0035 | t=0.1s
[finetune_replay] ep 238/300 | train loss=0.0000 top1=1.000 | val loss=0.0035 | t=0.1s
[finetune_replay] ep 239/300 | train loss=0.0000 top1=1.000 | val loss=0.0035 | t=0.1s
[finetune_replay] ep 240/300 | train loss=0.0000 top1=1.000 | val loss=0.0035 | t=0.1s
[finetune_replay] ep 241/300 | train loss=0.0000 top1=1.000 | val loss=0.0035 | t=0.1s
[finetune_replay] ep 242/300 | train loss=0.0000 top1=1.000 | val loss=0.0035 | t=0.1s
[finetune_replay] ep 243/300 | train loss=0.0000 top1=1.000 | val loss=0.0036 | t=0.1s
[finetune_replay] ep 244/300 | train loss=0.0000 top1=1.000 | val loss=0.0035 | t=0.1s
[finetune_replay] ep 245/300 | train loss=0.0000 top1=1.000 | val loss=0.0035 | t=0.1s
[finetune_replay] ep 246/300 | train loss=0.0000 top1=1.000 | val loss=0.0034 | t=0.1s
[finetune_replay] ep 247/300 | train loss=0.0000 top1=1.000 | val loss=0.0034 | t=0.1s
[finetune_replay] ep 248/300 | train loss=0.0000 top1=1.000 | val loss=0.0034 | t=0.1s
[finetune_replay] ep 249/300 | train loss=0.0000 top1=1.000 | val loss=0.0034 | t=0.1s
[finetune_replay] ep 250/300 | train loss=0.0000 top1=1.000 | val loss=0.0034 | t=0.1s
[finetune_replay] ep 251/300 | train loss=0.0000 top1=1.000 | val loss=0.0033 | t=0.1s
[finetune_replay] ep 252/300 | train loss=0.0000 top1=1.000 | val loss=0.0033 | t=0.1s
[finetune_replay] ep 253/300 | train loss=0.0000 top1=1.000 | val loss=0.0033 | t=0.1s
[finetune_replay] ep 254/300 | train loss=0.0000 top1=1.000 | val loss=0.0033 | t=0.1s
[finetune_replay] ep 255/300 | train loss=0.0000 top1=1.000 | val loss=0.0032 | t=0.1s
[finetune_replay] ep 256/300 | train loss=0.0000 top1=1.000 | val loss=0.0033 | t=0.1s
[finetune_replay] ep 257/300 | train loss=0.0000 top1=1.000 | val loss=0.0033 | t=0.1s
[finetune_replay] ep 258/300 | train loss=0.0000 top1=1.000 | val loss=0.0032 | t=0.1s
[finetune_replay] ep 259/300 | train loss=0.0000 top1=1.000 | val loss=0.0033 | t=0.1s
[finetune_replay] ep 260/300 | train loss=0.0000 top1=1.000 | val loss=0.0033 | t=0.1s
[finetune_replay] ep 261/300 | train loss=0.0000 top1=1.000 | val loss=0.0033 | t=0.1s
[finetune_replay] ep 262/300 | train loss=0.0000 top1=1.000 | val loss=0.0033 | t=0.1s
[finetune_replay] ep 263/300 | train loss=0.0000 top1=1.000 | val loss=0.0033 | t=0.1s
[finetune_replay] ep 264/300 | train loss=0.0000 top1=1.000 | val loss=0.0032 | t=0.1s
[finetune_replay] ep 265/300 | train loss=0.0000 top1=1.000 | val loss=0.0032 | t=0.1s
[finetune_replay] ep 266/300 | train loss=0.0000 top1=1.000 | val loss=0.0032 | t=0.1s
[finetune_replay] ep 267/300 | train loss=0.0000 top1=1.000 | val loss=0.0033 | t=0.1s
[finetune_replay] ep 268/300 | train loss=0.0000 top1=1.000 | val loss=0.0033 | t=0.1s
[finetune_replay] ep 269/300 | train loss=0.0000 top1=1.000 | val loss=0.0032 | t=0.1s
[finetune_replay] ep 270/300 | train loss=0.0000 top1=1.000 | val loss=0.0033 | t=0.1s
[finetune_replay] ep 271/300 | train loss=0.0000 top1=1.000 | val loss=0.0033 | t=0.1s
[finetune_replay] ep 272/300 | train loss=0.0000 top1=1.000 | val loss=0.0033 | t=0.1s
[finetune_replay] ep 273/300 | train loss=0.0000 top1=1.000 | val loss=0.0033 | t=0.1s
[finetune_replay] ep 274/300 | train loss=0.0000 top1=1.000 | val loss=0.0033 | t=0.1s
[finetune_replay] ep 275/300 | train loss=0.0000 top1=1.000 | val loss=0.0033 | t=0.1s
[finetune_replay] ep 276/300 | train loss=0.0000 top1=1.000 | val loss=0.0034 | t=0.1s
[finetune_replay] ep 277/300 | train loss=0.0000 top1=1.000 | val loss=0.0034 | t=0.1s
[finetune_replay] ep 278/300 | train loss=0.0000 top1=1.000 | val loss=0.0034 | t=0.1s
[finetune_replay] ep 279/300 | train loss=0.0000 top1=1.000 | val loss=0.0034 | t=0.1s
[finetune_replay] ep 280/300 | train loss=0.0000 top1=1.000 | val loss=0.0033 | t=0.1s
[finetune_replay] ep 281/300 | train loss=0.0000 top1=1.000 | val loss=0.0034 | t=0.1s
[finetune_replay] ep 282/300 | train loss=0.0000 top1=1.000 | val loss=0.0034 | t=0.1s
[finetune_replay] ep 283/300 | train loss=0.0000 top1=1.000 | val loss=0.0034 | t=0.1s
[finetune_replay] ep 284/300 | train loss=0.0000 top1=1.000 | val loss=0.0034 | t=0.1s
[finetune_replay] ep 285/300 | train loss=0.0000 top1=1.000 | val loss=0.0034 | t=0.1s
[finetune_replay] ep 286/300 | train loss=0.0000 top1=1.000 | val loss=0.0033 | t=0.1s
[finetune_replay] ep 287/300 | train loss=0.0000 top1=1.000 | val loss=0.0033 | t=0.1s
[finetune_replay] ep 288/300 | train loss=0.0000 top1=1.000 | val loss=0.0034 | t=0.1s
[finetune_replay] ep 289/300 | train loss=0.0000 top1=1.000 | val loss=0.0034 | t=0.1s
[finetune_replay] ep 290/300 | train loss=0.0000 top1=1.000 | val loss=0.0034 | t=0.1s
[finetune_replay] ep 291/300 | train loss=0.0000 top1=1.000 | val loss=0.0033 | t=0.1s
[finetune_replay] ep 292/300 | train loss=0.0000 top1=1.000 | val loss=0.0034 | t=0.1s
[finetune_replay] ep 293/300 | train loss=0.0000 top1=1.000 | val loss=0.0033 | t=0.1s
[finetune_replay] ep 294/300 | train loss=0.0000 top1=1.000 | val loss=0.0034 | t=0.1s
[finetune_replay] ep 295/300 | train loss=0.0000 top1=1.000 | val loss=0.0033 | t=0.1s
[finetune_replay] ep 296/300 | train loss=0.0000 top1=1.000 | val loss=0.0034 | t=0.1s
[finetune_replay] ep 297/300 | train loss=0.0000 top1=1.000 | val loss=0.0035 | t=0.1s
[finetune_replay] ep 298/300 | train loss=0.0000 top1=1.000 | val loss=0.0034 | t=0.1s
[finetune_replay] ep 299/300 | train loss=0.0000 top1=1.000 | val loss=0.0034 | t=0.1s
[finetune_replay] ep 300/300 | train loss=0.0000 top1=1.000 | val loss=0.0033 | t=0.1s
[finetune_replay] DONE best_val_loss=0.0015 @ epoch 1
[19:56:52] [bo-budget] $ /home/s226137394/.conda/envs/maze/bin/python3 -u -m Equivariant_pathway.equivariant_CNN_hybrid.rollout_test --checkpoint /weka/s226137394/DmNfull/Equivariant_pathway/equivariant_CNN_hybrid/baseline_vs_p4/pool_x_selector/results_hpsweep/e300_lr0.0001_rm0.7_do0/run_6/p4_top3_rotate/checkpoints/best_hybrid_policy.pth --layouts /weka/s226137394/DmNfull/Equivariant_pathway/equivariant_CNN_hybrid/baseline_vs_p4/shared/heldout_layouts.yaml --out_dir /weka/s226137394/DmNfull/Equivariant_pathway/equivariant_CNN_hybrid/baseline_vs_p4/pool_x_selector/results_hpsweep/e300_lr0.0001_rm0.7_do0/run_6/p4_top3_rotate/results/eval_round_011 --seed 17 --max_steps 60
[hybrid-rollout] 200 unique; running 200 eps
[hybrid-rollout] loaded /weka/s226137394/DmNfull/Equivariant_pathway/equivariant_CNN_hybrid/baseline_vs_p4/pool_x_selector/results_hpsweep/e300_lr0.0001_rm0.7_do0/run_6/p4_top3_rotate/checkpoints/best_hybrid_policy.pth
[hybrid-rollout] ep 0 (heldout_001): steps=5 success=True
[hybrid-rollout] ep 1 (heldout_002): steps=4 success=True
[hybrid-rollout] ep 2 (heldout_003): steps=60 success=False
[hybrid-rollout] ep 3 (heldout_004): steps=60 success=False
[hybrid-rollout] ep 4 (heldout_005): steps=5 success=True
[hybrid-rollout] ep 5 (heldout_006): steps=3 success=False
[hybrid-rollout] ep 6 (heldout_007): steps=5 success=True
[hybrid-rollout] ep 7 (heldout_008): steps=4 success=True
[hybrid-rollout] ep 8 (heldout_009): steps=60 success=False
[hybrid-rollout] ep 9 (heldout_010): steps=8 success=True
[hybrid-rollout] ep 10 (heldout_011): steps=4 success=True
[hybrid-rollout] ep 11 (heldout_012): steps=4 success=True
[hybrid-rollout] ep 12 (heldout_013): steps=60 success=False
[hybrid-rollout] ep 13 (heldout_014): steps=5 success=True
[hybrid-rollout] ep 14 (heldout_015): steps=3 success=False
[hybrid-rollout] ep 15 (heldout_016): steps=5 success=True
[hybrid-rollout] ep 16 (heldout_017): steps=4 success=True
[hybrid-rollout] ep 17 (heldout_018): steps=60 success=False
[hybrid-rollout] ep 18 (heldout_019): steps=60 success=False
[hybrid-rollout] ep 19 (heldout_020): steps=5 success=True
[hybrid-rollout] ep 20 (heldout_021): steps=4 success=True
[hybrid-rollout] ep 21 (heldout_022): steps=4 success=True
[hybrid-rollout] ep 22 (heldout_023): steps=7 success=True
[hybrid-rollout] ep 23 (heldout_024): steps=60 success=False
[hybrid-rollout] ep 24 (heldout_025): steps=4 success=True
[hybrid-rollout] ep 25 (heldout_026): steps=4 success=True
[hybrid-rollout] ep 26 (heldout_027): steps=4 success=True
[hybrid-rollout] ep 27 (heldout_028): steps=4 success=True
[hybrid-rollout] ep 28 (heldout_029): steps=60 success=False
[hybrid-rollout] ep 29 (heldout_030): steps=60 success=False
[hybrid-rollout] ep 30 (heldout_031): steps=5 success=True
[hybrid-rollout] ep 31 (heldout_032): steps=7 success=True
[hybrid-rollout] ep 32 (heldout_033): steps=4 success=True
[hybrid-rollout] ep 33 (heldout_034): steps=5 success=True
[hybrid-rollout] ep 34 (heldout_035): steps=60 success=False
[hybrid-rollout] ep 35 (heldout_036): steps=5 success=True
[hybrid-rollout] ep 36 (heldout_037): steps=4 success=True
[hybrid-rollout] ep 37 (heldout_038): steps=5 success=True
[hybrid-rollout] ep 38 (heldout_039): steps=6 success=True
[hybrid-rollout] ep 39 (heldout_040): steps=5 success=True
[hybrid-rollout] ep 40 (heldout_041): steps=60 success=False
[hybrid-rollout] ep 41 (heldout_042): steps=60 success=False
[hybrid-rollout] ep 42 (heldout_043): steps=4 success=True
[hybrid-rollout] ep 43 (heldout_044): steps=5 success=True
[hybrid-rollout] ep 44 (heldout_045): steps=5 success=True
[hybrid-rollout] ep 45 (heldout_046): steps=60 success=False
[hybrid-rollout] ep 46 (heldout_047): steps=60 success=False
[hybrid-rollout] ep 47 (heldout_048): steps=6 success=True
[hybrid-rollout] ep 48 (heldout_049): steps=60 success=False
[hybrid-rollout] ep 49 (heldout_050): steps=4 success=True
[hybrid-rollout] ep 50 (heldout_051): steps=4 success=True
[hybrid-rollout] ep 51 (heldout_052): steps=4 success=True
[hybrid-rollout] ep 52 (heldout_053): steps=6 success=True
[hybrid-rollout] ep 53 (heldout_054): steps=60 success=False
[hybrid-rollout] ep 54 (heldout_055): steps=60 success=False
[hybrid-rollout] ep 55 (heldout_056): steps=4 success=True
[hybrid-rollout] ep 56 (heldout_057): steps=2 success=False
[hybrid-rollout] ep 57 (heldout_058): steps=4 success=True
[hybrid-rollout] ep 58 (heldout_059): steps=5 success=True
[hybrid-rollout] ep 59 (heldout_060): steps=6 success=True
[hybrid-rollout] ep 60 (heldout_061): steps=5 success=True
[hybrid-rollout] ep 61 (heldout_062): steps=6 success=True
[hybrid-rollout] ep 62 (heldout_063): steps=5 success=True
[hybrid-rollout] ep 63 (heldout_064): steps=4 success=True
[hybrid-rollout] ep 64 (heldout_065): steps=7 success=True
[hybrid-rollout] ep 65 (heldout_066): steps=6 success=True
[hybrid-rollout] ep 66 (heldout_067): steps=5 success=True
[hybrid-rollout] ep 67 (heldout_068): steps=4 success=True
[hybrid-rollout] ep 68 (heldout_069): steps=4 success=True
[hybrid-rollout] ep 69 (heldout_070): steps=9 success=True
[hybrid-rollout] ep 70 (heldout_071): steps=5 success=True
[hybrid-rollout] ep 71 (heldout_072): steps=5 success=True
[hybrid-rollout] ep 72 (heldout_073): steps=3 success=False
[hybrid-rollout] ep 73 (heldout_074): steps=4 success=True
[hybrid-rollout] ep 74 (heldout_075): steps=5 success=True
[hybrid-rollout] ep 75 (heldout_076): steps=60 success=False
[hybrid-rollout] ep 76 (heldout_077): steps=4 success=True
[hybrid-rollout] ep 77 (heldout_078): steps=6 success=True
[hybrid-rollout] ep 78 (heldout_079): steps=4 success=True
[hybrid-rollout] ep 79 (heldout_080): steps=4 success=True
[hybrid-rollout] ep 80 (heldout_081): steps=60 success=False
[hybrid-rollout] ep 81 (heldout_082): steps=5 success=True
[hybrid-rollout] ep 82 (heldout_083): steps=60 success=False
[hybrid-rollout] ep 83 (heldout_084): steps=5 success=True
[hybrid-rollout] ep 84 (heldout_085): steps=60 success=False
[hybrid-rollout] ep 85 (heldout_086): steps=6 success=True
[hybrid-rollout] ep 86 (heldout_087): steps=60 success=False
[hybrid-rollout] ep 87 (heldout_088): steps=4 success=True
[hybrid-rollout] ep 88 (heldout_089): steps=3 success=False
[hybrid-rollout] ep 89 (heldout_090): steps=6 success=True
[hybrid-rollout] ep 90 (heldout_091): steps=7 success=True
[hybrid-rollout] ep 91 (heldout_092): steps=60 success=False
[hybrid-rollout] ep 92 (heldout_093): steps=6 success=True
[hybrid-rollout] ep 93 (heldout_094): steps=6 success=True
[hybrid-rollout] ep 94 (heldout_095): steps=7 success=True
[hybrid-rollout] ep 95 (heldout_096): steps=60 success=False
[hybrid-rollout] ep 96 (heldout_097): steps=5 success=True
[hybrid-rollout] ep 97 (heldout_098): steps=60 success=False
[hybrid-rollout] ep 98 (heldout_099): steps=6 success=True
[hybrid-rollout] ep 99 (heldout_100): steps=60 success=False
[hybrid-rollout] ep 100 (heldout_101): steps=4 success=True
[hybrid-rollout] ep 101 (heldout_102): steps=4 success=True
[hybrid-rollout] ep 102 (heldout_103): steps=60 success=False
[hybrid-rollout] ep 103 (heldout_104): steps=6 success=True
[hybrid-rollout] ep 104 (heldout_105): steps=10 success=True
[hybrid-rollout] ep 105 (heldout_106): steps=6 success=True
[hybrid-rollout] ep 106 (heldout_107): steps=4 success=True
[hybrid-rollout] ep 107 (heldout_108): steps=4 success=True
[hybrid-rollout] ep 108 (heldout_109): steps=4 success=True
[hybrid-rollout] ep 109 (heldout_110): steps=60 success=False
[hybrid-rollout] ep 110 (heldout_111): steps=60 success=False
[hybrid-rollout] ep 111 (heldout_112): steps=5 success=True
[hybrid-rollout] ep 112 (heldout_113): steps=5 success=True
[hybrid-rollout] ep 113 (heldout_114): steps=60 success=False
[hybrid-rollout] ep 114 (heldout_115): steps=4 success=True
[hybrid-rollout] ep 115 (heldout_116): steps=5 success=True
[hybrid-rollout] ep 116 (heldout_117): steps=5 success=True
[hybrid-rollout] ep 117 (heldout_118): steps=7 success=True
[hybrid-rollout] ep 118 (heldout_119): steps=4 success=True
[hybrid-rollout] ep 119 (heldout_120): steps=60 success=False
[hybrid-rollout] ep 120 (heldout_121): steps=4 success=True
[hybrid-rollout] ep 121 (heldout_122): steps=4 success=True
[hybrid-rollout] ep 122 (heldout_123): steps=6 success=True
[hybrid-rollout] ep 123 (heldout_124): steps=60 success=False
[hybrid-rollout] ep 124 (heldout_125): steps=4 success=True
[hybrid-rollout] ep 125 (heldout_126): steps=4 success=True
[hybrid-rollout] ep 126 (heldout_127): steps=60 success=False
[hybrid-rollout] ep 127 (heldout_128): steps=7 success=True
[hybrid-rollout] ep 128 (heldout_129): steps=60 success=False
[hybrid-rollout] ep 129 (heldout_130): steps=4 success=True
[hybrid-rollout] ep 130 (heldout_131): steps=60 success=False
[hybrid-rollout] ep 131 (heldout_132): steps=4 success=True
[hybrid-rollout] ep 132 (heldout_133): steps=4 success=True
[hybrid-rollout] ep 133 (heldout_134): steps=60 success=False
[hybrid-rollout] ep 134 (heldout_135): steps=60 success=False
[hybrid-rollout] ep 135 (heldout_136): steps=5 success=True
[hybrid-rollout] ep 136 (heldout_137): steps=60 success=False
[hybrid-rollout] ep 137 (heldout_138): steps=4 success=True
[hybrid-rollout] ep 138 (heldout_139): steps=4 success=True
[hybrid-rollout] ep 139 (heldout_140): steps=5 success=True
[hybrid-rollout] ep 140 (heldout_141): steps=5 success=True
[hybrid-rollout] ep 141 (heldout_142): steps=4 success=True
[hybrid-rollout] ep 142 (heldout_143): steps=8 success=True
[hybrid-rollout] ep 143 (heldout_144): steps=4 success=True
[hybrid-rollout] ep 144 (heldout_145): steps=5 success=True
[hybrid-rollout] ep 145 (heldout_146): steps=7 success=True
[hybrid-rollout] ep 146 (heldout_147): steps=4 success=True
[hybrid-rollout] ep 147 (heldout_148): steps=60 success=False
[hybrid-rollout] ep 148 (heldout_149): steps=5 success=True
[hybrid-rollout] ep 149 (heldout_150): steps=4 success=True
[hybrid-rollout] ep 150 (heldout_151): steps=5 success=True
[hybrid-rollout] ep 151 (heldout_152): steps=6 success=True
[hybrid-rollout] ep 152 (heldout_153): steps=5 success=True
[hybrid-rollout] ep 153 (heldout_154): steps=60 success=False
[hybrid-rollout] ep 154 (heldout_155): steps=60 success=False
[hybrid-rollout] ep 155 (heldout_156): steps=60 success=False
[hybrid-rollout] ep 156 (heldout_157): steps=4 success=True
[hybrid-rollout] ep 157 (heldout_158): steps=3 success=False
[hybrid-rollout] ep 158 (heldout_159): steps=6 success=True
[hybrid-rollout] ep 159 (heldout_160): steps=60 success=False
[hybrid-rollout] ep 160 (heldout_161): steps=60 success=False
[hybrid-rollout] ep 161 (heldout_162): steps=5 success=True
[hybrid-rollout] ep 162 (heldout_163): steps=4 success=True
[hybrid-rollout] ep 163 (heldout_164): steps=4 success=True
[hybrid-rollout] ep 164 (heldout_165): steps=5 success=True
[hybrid-rollout] ep 165 (heldout_166): steps=60 success=False
[hybrid-rollout] ep 166 (heldout_167): steps=4 success=True
[hybrid-rollout] ep 167 (heldout_168): steps=4 success=True
[hybrid-rollout] ep 168 (heldout_169): steps=4 success=False
[hybrid-rollout] ep 169 (heldout_170): steps=5 success=False
[hybrid-rollout] ep 170 (heldout_171): steps=4 success=True
[hybrid-rollout] ep 171 (heldout_172): steps=5 success=True
[hybrid-rollout] ep 172 (heldout_173): steps=4 success=True
[hybrid-rollout] ep 173 (heldout_174): steps=5 success=True
[hybrid-rollout] ep 174 (heldout_175): steps=5 success=True
[hybrid-rollout] ep 175 (heldout_176): steps=6 success=True
[hybrid-rollout] ep 176 (heldout_177): steps=6 success=True
[hybrid-rollout] ep 177 (heldout_178): steps=5 success=True
[hybrid-rollout] ep 178 (heldout_179): steps=5 success=True
[hybrid-rollout] ep 179 (heldout_180): steps=4 success=True
[hybrid-rollout] ep 180 (heldout_181): steps=5 success=True
[hybrid-rollout] ep 181 (heldout_182): steps=4 success=True
[hybrid-rollout] ep 182 (heldout_183): steps=5 success=True
[hybrid-rollout] ep 183 (heldout_184): steps=7 success=True
[hybrid-rollout] ep 184 (heldout_185): steps=5 success=True
[hybrid-rollout] ep 185 (heldout_186): steps=4 success=True
[hybrid-rollout] ep 186 (heldout_187): steps=5 success=True
[hybrid-rollout] ep 187 (heldout_188): steps=1 success=False
[hybrid-rollout] ep 188 (heldout_189): steps=5 success=True
[hybrid-rollout] ep 189 (heldout_190): steps=7 success=True
[hybrid-rollout] ep 190 (heldout_191): steps=4 success=True
[hybrid-rollout] ep 191 (heldout_192): steps=5 success=True
[hybrid-rollout] ep 192 (heldout_193): steps=60 success=False
[hybrid-rollout] ep 193 (heldout_194): steps=6 success=True
[hybrid-rollout] ep 194 (heldout_195): steps=5 success=True
[hybrid-rollout] ep 195 (heldout_196): steps=4 success=True
[hybrid-rollout] ep 196 (heldout_197): steps=5 success=True
[hybrid-rollout] ep 197 (heldout_198): steps=4 success=True
[hybrid-rollout] ep 198 (heldout_199): steps=4 success=True
[hybrid-rollout] ep 199 (heldout_200): steps=4 success=True
[hybrid-rollout] DONE successes=145/200
[19:58:32] [replay_p4] run 6 round 11: extras=11 heldout_sr=0.725
[19:58:32] [replay_p4] $ /home/s226137394/.conda/envs/maze/bin/python3 -u -m Equivariant_pathway.equivariant_CNN_hybrid.baseline_vs_p4.pool_x_selector.trainer.finetune_replay --demo_dir /weka/s226137394/DmNfull/Equivariant_pathway/equivariant_CNN_hybrid/baseline_vs_p4/pool_x_selector/results_hpsweep/e300_lr0.0001_rm0.7_do0/run_6/p4_top3_rotate/demos --checkpoint_dir /weka/s226137394/DmNfull/Equivariant_pathway/equivariant_CNN_hybrid/baseline_vs_p4/pool_x_selector/results_hpsweep/e300_lr0.0001_rm0.7_do0/run_6/p4_top3_rotate/checkpoints --epochs 300 --batch_size 64 --lr 0.0001 --weight_decay 0.0001 --replay_mix 0.7 --replay_mix_floor 0.2 --head_dropout 0.0 --seed 6 --resume --new_demos_dir /weka/s226137394/DmNfull/Equivariant_pathway/equivariant_CNN_hybrid/baseline_vs_p4/pool_x_selector/results_hpsweep/e300_lr0.0001_rm0.7_do0/run_6/p4_top3_rotate/demos/round_012
[finetune_replay] device=cuda demo_dir=/weka/s226137394/DmNfull/Equivariant_pathway/equivariant_CNN_hybrid/baseline_vs_p4/pool_x_selector/results_hpsweep/e300_lr0.0001_rm0.7_do0/run_6/p4_top3_rotate/demos new_demos_dir=/weka/s226137394/DmNfull/Equivariant_pathway/equivariant_CNN_hybrid/baseline_vs_p4/pool_x_selector/results_hpsweep/e300_lr0.0001_rm0.7_do0/run_6/p4_top3_rotate/demos/round_012
[hybrid-dataset] 31 demos -> 165 samples
[hybrid-dataset] 1 demos -> 4 samples
[finetune_replay] sampler audit: {'n_old_samples': 165, 'n_new_samples': 4, 'replay_mix_target': 0.7, 'replay_mix_effective': 0.7, 'replay_mix_floor': 0.2}
[finetune_replay] trainable params: 1,400,028
[finetune_replay] WARM START from last_hybrid_policy.pth
[finetune_replay] ep   1/300 | train loss=0.0119 top1=1.000 | val loss=0.0043 | t=0.9s  *
[finetune_replay] ep   2/300 | train loss=0.0106 top1=1.000 | val loss=0.0007 | t=0.2s  *
[finetune_replay] ep   3/300 | train loss=0.0060 top1=1.000 | val loss=0.0022 | t=0.3s
[finetune_replay] ep   4/300 | train loss=0.0030 top1=1.000 | val loss=0.0060 | t=0.2s
[finetune_replay] ep   5/300 | train loss=0.0015 top1=1.000 | val loss=0.0017 | t=0.2s
[finetune_replay] ep   6/300 | train loss=0.0007 top1=1.000 | val loss=0.0001 | t=0.1s  *
[finetune_replay] ep   7/300 | train loss=0.0003 top1=1.000 | val loss=0.0000 | t=0.1s  *
[finetune_replay] ep   8/300 | train loss=0.0004 top1=1.000 | val loss=0.0000 | t=0.1s  *
[finetune_replay] ep   9/300 | train loss=0.0003 top1=1.000 | val loss=0.0000 | t=0.2s
[finetune_replay] ep  10/300 | train loss=0.0003 top1=1.000 | val loss=0.0000 | t=0.1s
[finetune_replay] ep  11/300 | train loss=0.0004 top1=1.000 | val loss=0.0000 | t=0.2s
[finetune_replay] ep  12/300 | train loss=0.0002 top1=1.000 | val loss=0.0000 | t=0.1s  *
[finetune_replay] ep  13/300 | train loss=0.0001 top1=1.000 | val loss=0.0000 | t=0.1s  *
[finetune_replay] ep  14/300 | train loss=0.0001 top1=1.000 | val loss=0.0000 | t=0.1s
[finetune_replay] ep  15/300 | train loss=0.0001 top1=1.000 | val loss=0.0000 | t=0.1s
[finetune_replay] ep  16/300 | train loss=0.0002 top1=1.000 | val loss=0.0000 | t=0.1s
[finetune_replay] ep  17/300 | train loss=0.0001 top1=1.000 | val loss=0.0000 | t=0.1s
[finetune_replay] ep  18/300 | train loss=0.0001 top1=1.000 | val loss=0.0000 | t=0.2s
[finetune_replay] ep  19/300 | train loss=0.0001 top1=1.000 | val loss=0.0000 | t=0.1s
[finetune_replay] ep  20/300 | train loss=0.0001 top1=1.000 | val loss=0.0000 | t=0.1s
[finetune_replay] ep  21/300 | train loss=0.0001 top1=1.000 | val loss=0.0000 | t=0.1s
[finetune_replay] ep  22/300 | train loss=0.0001 top1=1.000 | val loss=0.0000 | t=0.1s
[finetune_replay] ep  23/300 | train loss=0.0001 top1=1.000 | val loss=0.0000 | t=0.1s
[finetune_replay] ep  24/300 | train loss=0.0001 top1=1.000 | val loss=0.0000 | t=0.1s
[finetune_replay] ep  25/300 | train loss=0.0001 top1=1.000 | val loss=0.0000 | t=0.2s
[finetune_replay] ep  26/300 | train loss=0.0001 top1=1.000 | val loss=0.0000 | t=0.1s
[finetune_replay] ep  27/300 | train loss=0.0001 top1=1.000 | val loss=0.0000 | t=0.1s
[finetune_replay] ep  28/300 | train loss=0.0001 top1=1.000 | val loss=0.0000 | t=0.1s
[finetune_replay] ep  29/300 | train loss=0.0001 top1=1.000 | val loss=0.0000 | t=0.1s
[finetune_replay] ep  30/300 | train loss=0.0001 top1=1.000 | val loss=0.0000 | t=0.1s
[finetune_replay] ep  31/300 | train loss=0.0001 top1=1.000 | val loss=0.0000 | t=0.1s
[finetune_replay] ep  32/300 | train loss=0.0001 top1=1.000 | val loss=0.0000 | t=0.1s
[finetune_replay] ep  33/300 | train loss=0.0001 top1=1.000 | val loss=0.0000 | t=0.1s
[finetune_replay] ep  34/300 | train loss=0.0001 top1=1.000 | val loss=0.0000 | t=0.1s
[finetune_replay] ep  35/300 | train loss=0.0000 top1=1.000 | val loss=0.0000 | t=0.1s
[finetune_replay] ep  36/300 | train loss=0.0001 top1=1.000 | val loss=0.0000 | t=0.1s
[finetune_replay] ep  37/300 | train loss=0.0001 top1=1.000 | val loss=0.0000 | t=0.1s
[finetune_replay] ep  38/300 | train loss=0.0001 top1=1.000 | val loss=0.0000 | t=0.1s
[finetune_replay] ep  39/300 | train loss=0.0001 top1=1.000 | val loss=0.0000 | t=0.1s
[finetune_replay] ep  40/300 | train loss=0.0000 top1=1.000 | val loss=0.0000 | t=0.1s
[finetune_replay] ep  41/300 | train loss=0.0000 top1=1.000 | val loss=0.0000 | t=0.1s
[finetune_replay] ep  42/300 | train loss=0.0000 top1=1.000 | val loss=0.0000 | t=0.1s
[finetune_replay] ep  43/300 | train loss=0.0000 top1=1.000 | val loss=0.0000 | t=0.1s
[finetune_replay] ep  44/300 | train loss=0.0000 top1=1.000 | val loss=0.0000 | t=0.1s
[finetune_replay] ep  45/300 | train loss=0.0000 top1=1.000 | val loss=0.0000 | t=0.1s
[finetune_replay] ep  46/300 | train loss=0.0000 top1=1.000 | val loss=0.0000 | t=0.1s
[finetune_replay] ep  47/300 | train loss=0.0000 top1=1.000 | val loss=0.0000 | t=0.1s  *
[finetune_replay] ep  48/300 | train loss=0.0000 top1=1.000 | val loss=0.0000 | t=0.1s
[finetune_replay] ep  49/300 | train loss=0.0000 top1=1.000 | val loss=0.0000 | t=0.1s
[finetune_replay] ep  50/300 | train loss=0.0000 top1=1.000 | val loss=0.0000 | t=0.1s
[finetune_replay] ep  51/300 | train loss=0.0000 top1=1.000 | val loss=0.0000 | t=0.1s
[finetune_replay] ep  52/300 | train loss=0.0000 top1=1.000 | val loss=0.0000 | t=0.1s
[finetune_replay] ep  53/300 | train loss=0.0000 top1=1.000 | val loss=0.0000 | t=0.1s
[finetune_replay] ep  54/300 | train loss=0.0000 top1=1.000 | val loss=0.0000 | t=0.1s
[finetune_replay] ep  55/300 | train loss=0.0000 top1=1.000 | val loss=0.0000 | t=0.1s
[finetune_replay] ep  56/300 | train loss=0.0000 top1=1.000 | val loss=0.0000 | t=0.1s
[finetune_replay] ep  57/300 | train loss=0.0000 top1=1.000 | val loss=0.0000 | t=0.1s
[finetune_replay] ep  58/300 | train loss=0.0000 top1=1.000 | val loss=0.0000 | t=0.1s
[finetune_replay] ep  59/300 | train loss=0.0000 top1=1.000 | val loss=0.0000 | t=0.1s  *
[finetune_replay] ep  60/300 | train loss=0.0000 top1=1.000 | val loss=0.0000 | t=0.1s  *
[finetune_replay] ep  61/300 | train loss=0.0000 top1=1.000 | val loss=0.0000 | t=0.1s
[finetune_replay] ep  62/300 | train loss=0.0000 top1=1.000 | val loss=0.0000 | t=0.1s
[finetune_replay] ep  63/300 | train loss=0.0000 top1=1.000 | val loss=0.0000 | t=0.1s
[finetune_replay] ep  64/300 | train loss=0.0000 top1=1.000 | val loss=0.0000 | t=0.1s
[finetune_replay] ep  65/300 | train loss=0.0000 top1=1.000 | val loss=0.0000 | t=0.1s
[finetune_replay] ep  66/300 | train loss=0.0000 top1=1.000 | val loss=0.0000 | t=0.1s
[finetune_replay] ep  67/300 | train loss=0.0000 top1=1.000 | val loss=0.0000 | t=0.1s
[finetune_replay] ep  68/300 | train loss=0.0000 top1=1.000 | val loss=0.0000 | t=0.1s
[finetune_replay] ep  69/300 | train loss=0.0000 top1=1.000 | val loss=0.0000 | t=0.1s
[finetune_replay] ep  70/300 | train loss=0.0000 top1=1.000 | val loss=0.0000 | t=0.1s
[finetune_replay] ep  71/300 | train loss=0.0000 top1=1.000 | val loss=0.0000 | t=0.1s
[finetune_replay] ep  72/300 | train loss=0.0000 top1=1.000 | val loss=0.0000 | t=0.1s
[finetune_replay] ep  73/300 | train loss=0.0000 top1=1.000 | val loss=0.0000 | t=0.1s
[finetune_replay] ep  74/300 | train loss=0.0000 top1=1.000 | val loss=0.0000 | t=0.1s
[finetune_replay] ep  75/300 | train loss=0.0000 top1=1.000 | val loss=0.0000 | t=0.1s
[finetune_replay] ep  76/300 | train loss=0.0000 top1=1.000 | val loss=0.0000 | t=0.1s
[finetune_replay] ep  77/300 | train loss=0.0000 top1=1.000 | val loss=0.0000 | t=0.1s
[finetune_replay] ep  78/300 | train loss=0.0000 top1=1.000 | val loss=0.0000 | t=0.1s
[finetune_replay] ep  79/300 | train loss=0.0000 top1=1.000 | val loss=0.0000 | t=0.1s
[finetune_replay] ep  80/300 | train loss=0.0000 top1=1.000 | val loss=0.0000 | t=0.1s  *
[finetune_replay] ep  81/300 | train loss=0.0000 top1=1.000 | val loss=0.0000 | t=0.1s
[finetune_replay] ep  82/300 | train loss=0.0000 top1=1.000 | val loss=0.0000 | t=0.1s
[finetune_replay] ep  83/300 | train loss=0.0000 top1=1.000 | val loss=0.0000 | t=0.1s
[finetune_replay] ep  84/300 | train loss=0.0000 top1=1.000 | val loss=0.0000 | t=0.1s
[finetune_replay] ep  85/300 | train loss=0.0000 top1=1.000 | val loss=0.0000 | t=0.1s
[finetune_replay] ep  86/300 | train loss=0.0000 top1=1.000 | val loss=0.0000 | t=0.1s
[finetune_replay] ep  87/300 | train loss=0.0000 top1=1.000 | val loss=0.0000 | t=0.1s
[finetune_replay] ep  88/300 | train loss=0.0000 top1=1.000 | val loss=0.0000 | t=0.1s
[finetune_replay] ep  89/300 | train loss=0.0000 top1=1.000 | val loss=0.0000 | t=0.1s  *
[finetune_replay] ep  90/300 | train loss=0.0000 top1=1.000 | val loss=0.0000 | t=0.1s
[finetune_replay] ep  91/300 | train loss=0.0000 top1=1.000 | val loss=0.0000 | t=0.1s
[finetune_replay] ep  92/300 | train loss=0.0000 top1=1.000 | val loss=0.0000 | t=0.1s
[finetune_replay] ep  93/300 | train loss=0.0000 top1=1.000 | val loss=0.0000 | t=0.1s
[finetune_replay] ep  94/300 | train loss=0.0000 top1=1.000 | val loss=0.0000 | t=0.1s
[finetune_replay] ep  95/300 | train loss=0.0000 top1=1.000 | val loss=0.0000 | t=0.1s
[finetune_replay] ep  96/300 | train loss=0.0000 top1=1.000 | val loss=0.0000 | t=0.1s
[finetune_replay] ep  97/300 | train loss=0.0000 top1=1.000 | val loss=0.0000 | t=0.1s
[finetune_replay] ep  98/300 | train loss=0.0000 top1=1.000 | val loss=0.0000 | t=0.1s
[finetune_replay] ep  99/300 | train loss=0.0000 top1=1.000 | val loss=0.0000 | t=0.1s  *
[finetune_replay] ep 100/300 | train loss=0.0000 top1=1.000 | val loss=0.0000 | t=0.1s
[finetune_replay] ep 101/300 | train loss=0.0000 top1=1.000 | val loss=0.0000 | t=0.1s
[finetune_replay] ep 102/300 | train loss=0.0000 top1=1.000 | val loss=0.0000 | t=0.1s
[finetune_replay] ep 103/300 | train loss=0.0000 top1=1.000 | val loss=0.0000 | t=0.1s
[finetune_replay] ep 104/300 | train loss=0.0000 top1=1.000 | val loss=0.0000 | t=0.1s
[finetune_replay] ep 105/300 | train loss=0.0000 top1=1.000 | val loss=0.0000 | t=0.1s
[finetune_replay] ep 106/300 | train loss=0.0000 top1=1.000 | val loss=0.0000 | t=0.1s
[finetune_replay] ep 107/300 | train loss=0.0000 top1=1.000 | val loss=0.0000 | t=0.1s
[finetune_replay] ep 108/300 | train loss=0.0000 top1=1.000 | val loss=0.0000 | t=0.1s  *
[finetune_replay] ep 109/300 | train loss=0.0000 top1=1.000 | val loss=0.0000 | t=0.1s
[finetune_replay] ep 110/300 | train loss=0.0000 top1=1.000 | val loss=0.0000 | t=0.1s
[finetune_replay] ep 111/300 | train loss=0.0000 top1=1.000 | val loss=0.0000 | t=0.1s
[finetune_replay] ep 112/300 | train loss=0.0000 top1=1.000 | val loss=0.0000 | t=0.1s  *
[finetune_replay] ep 113/300 | train loss=0.0000 top1=1.000 | val loss=0.0000 | t=0.1s
[finetune_replay] ep 114/300 | train loss=0.0000 top1=1.000 | val loss=0.0000 | t=0.1s
[finetune_replay] ep 115/300 | train loss=0.0000 top1=1.000 | val loss=0.0000 | t=0.2s
[finetune_replay] ep 116/300 | train loss=0.0000 top1=1.000 | val loss=0.0000 | t=0.1s
[finetune_replay] ep 117/300 | train loss=0.0000 top1=1.000 | val loss=0.0000 | t=0.1s
[finetune_replay] ep 118/300 | train loss=0.0000 top1=1.000 | val loss=0.0000 | t=0.1s
[finetune_replay] ep 119/300 | train loss=0.0000 top1=1.000 | val loss=0.0000 | t=0.1s
[finetune_replay] ep 120/300 | train loss=0.0000 top1=1.000 | val loss=0.0000 | t=0.1s
[finetune_replay] ep 121/300 | train loss=0.0000 top1=1.000 | val loss=0.0000 | t=0.1s
[finetune_replay] ep 122/300 | train loss=0.0000 top1=1.000 | val loss=0.0000 | t=0.1s
[finetune_replay] ep 123/300 | train loss=0.0000 top1=1.000 | val loss=0.0000 | t=0.1s
[finetune_replay] ep 124/300 | train loss=0.0000 top1=1.000 | val loss=0.0000 | t=0.1s
[finetune_replay] ep 125/300 | train loss=0.0000 top1=1.000 | val loss=0.0000 | t=0.1s
[finetune_replay] ep 126/300 | train loss=0.0000 top1=1.000 | val loss=0.0000 | t=0.1s
[finetune_replay] ep 127/300 | train loss=0.0000 top1=1.000 | val loss=0.0000 | t=0.1s
[finetune_replay] ep 128/300 | train loss=0.0000 top1=1.000 | val loss=0.0000 | t=0.1s
[finetune_replay] ep 129/300 | train loss=0.0000 top1=1.000 | val loss=0.0000 | t=0.1s
[finetune_replay] ep 130/300 | train loss=0.0000 top1=1.000 | val loss=0.0000 | t=0.1s
[finetune_replay] ep 131/300 | train loss=0.0000 top1=1.000 | val loss=0.0000 | t=0.1s
[finetune_replay] ep 132/300 | train loss=0.0000 top1=1.000 | val loss=0.0000 | t=0.1s
[finetune_replay] ep 133/300 | train loss=0.0000 top1=1.000 | val loss=0.0000 | t=0.1s
[finetune_replay] ep 134/300 | train loss=0.0000 top1=1.000 | val loss=0.0000 | t=0.1s
[finetune_replay] ep 135/300 | train loss=0.0000 top1=1.000 | val loss=0.0000 | t=0.1s
[finetune_replay] ep 136/300 | train loss=0.0000 top1=1.000 | val loss=0.0000 | t=0.1s
[finetune_replay] ep 137/300 | train loss=0.0000 top1=1.000 | val loss=0.0000 | t=0.1s
[finetune_replay] ep 138/300 | train loss=0.0000 top1=1.000 | val loss=0.0000 | t=0.1s
[finetune_replay] ep 139/300 | train loss=0.0000 top1=1.000 | val loss=0.0000 | t=0.1s
[finetune_replay] ep 140/300 | train loss=0.0000 top1=1.000 | val loss=0.0000 | t=0.1s
[finetune_replay] ep 141/300 | train loss=0.0000 top1=1.000 | val loss=0.0000 | t=0.1s
[finetune_replay] ep 142/300 | train loss=0.0000 top1=1.000 | val loss=0.0000 | t=0.1s
[finetune_replay] ep 143/300 | train loss=0.0000 top1=1.000 | val loss=0.0000 | t=0.1s
[finetune_replay] ep 144/300 | train loss=0.0000 top1=1.000 | val loss=0.0000 | t=0.1s
[finetune_replay] ep 145/300 | train loss=0.0000 top1=1.000 | val loss=0.0000 | t=0.1s
[finetune_replay] ep 146/300 | train loss=0.0000 top1=1.000 | val loss=0.0000 | t=0.1s
[finetune_replay] ep 147/300 | train loss=0.0000 top1=1.000 | val loss=0.0000 | t=0.1s
[finetune_replay] ep 148/300 | train loss=0.0000 top1=1.000 | val loss=0.0000 | t=0.1s
[finetune_replay] ep 149/300 | train loss=0.0000 top1=1.000 | val loss=0.0000 | t=0.1s
[finetune_replay] ep 150/300 | train loss=0.0000 top1=1.000 | val loss=0.0000 | t=0.1s  *
[finetune_replay] ep 151/300 | train loss=0.0000 top1=1.000 | val loss=0.0000 | t=0.1s
[finetune_replay] ep 152/300 | train loss=0.0000 top1=1.000 | val loss=0.0000 | t=0.1s
[finetune_replay] ep 153/300 | train loss=0.0000 top1=1.000 | val loss=0.0000 | t=0.1s
[finetune_replay] ep 154/300 | train loss=0.0000 top1=1.000 | val loss=0.0000 | t=0.1s
[finetune_replay] ep 155/300 | train loss=0.0000 top1=1.000 | val loss=0.0000 | t=0.1s
[finetune_replay] ep 156/300 | train loss=0.0000 top1=1.000 | val loss=0.0000 | t=0.1s
[finetune_replay] ep 157/300 | train loss=0.0000 top1=1.000 | val loss=0.0000 | t=0.1s
[finetune_replay] ep 158/300 | train loss=0.0000 top1=1.000 | val loss=0.0000 | t=0.1s
[finetune_replay] ep 159/300 | train loss=0.0000 top1=1.000 | val loss=0.0000 | t=0.1s
[finetune_replay] ep 160/300 | train loss=0.0000 top1=1.000 | val loss=0.0000 | t=0.1s
[finetune_replay] ep 161/300 | train loss=0.0000 top1=1.000 | val loss=0.0000 | t=0.1s
[finetune_replay] ep 162/300 | train loss=0.0000 top1=1.000 | val loss=0.0000 | t=0.1s
[finetune_replay] ep 163/300 | train loss=0.0000 top1=1.000 | val loss=0.0000 | t=0.1s
[finetune_replay] ep 164/300 | train loss=0.0000 top1=1.000 | val loss=0.0000 | t=0.1s
[finetune_replay] ep 165/300 | train loss=0.0000 top1=1.000 | val loss=0.0000 | t=0.1s
[finetune_replay] ep 166/300 | train loss=0.0000 top1=1.000 | val loss=0.0000 | t=0.1s
[finetune_replay] ep 167/300 | train loss=0.0000 top1=1.000 | val loss=0.0000 | t=0.1s
[finetune_replay] ep 168/300 | train loss=0.0000 top1=1.000 | val loss=0.0000 | t=0.1s
[finetune_replay] ep 169/300 | train loss=0.0000 top1=1.000 | val loss=0.0000 | t=0.1s
[finetune_replay] ep 170/300 | train loss=0.0000 top1=1.000 | val loss=0.0000 | t=0.1s
[finetune_replay] ep 171/300 | train loss=0.0000 top1=1.000 | val loss=0.0000 | t=0.1s
[finetune_replay] ep 172/300 | train loss=0.0000 top1=1.000 | val loss=0.0000 | t=0.1s
[finetune_replay] ep 173/300 | train loss=0.0000 top1=1.000 | val loss=0.0000 | t=0.1s
[finetune_replay] ep 174/300 | train loss=0.0000 top1=1.000 | val loss=0.0000 | t=0.1s
[finetune_replay] ep 175/300 | train loss=0.0000 top1=1.000 | val loss=0.0000 | t=0.1s
[finetune_replay] ep 176/300 | train loss=0.0000 top1=1.000 | val loss=0.0000 | t=0.1s
[finetune_replay] ep 177/300 | train loss=0.0000 top1=1.000 | val loss=0.0000 | t=0.1s
[finetune_replay] ep 178/300 | train loss=0.0000 top1=1.000 | val loss=0.0000 | t=0.1s  *
[finetune_replay] ep 179/300 | train loss=0.0000 top1=1.000 | val loss=0.0000 | t=0.1s  *
[finetune_replay] ep 180/300 | train loss=0.0000 top1=1.000 | val loss=0.0000 | t=0.1s
[finetune_replay] ep 181/300 | train loss=0.0000 top1=1.000 | val loss=0.0000 | t=0.1s
[finetune_replay] ep 182/300 | train loss=0.0000 top1=1.000 | val loss=0.0000 | t=0.1s
[finetune_replay] ep 183/300 | train loss=0.0000 top1=1.000 | val loss=0.0000 | t=0.1s
[finetune_replay] ep 184/300 | train loss=0.0000 top1=1.000 | val loss=0.0000 | t=0.1s
[finetune_replay] ep 185/300 | train loss=0.0000 top1=1.000 | val loss=0.0000 | t=0.1s
[finetune_replay] ep 186/300 | train loss=0.0000 top1=1.000 | val loss=0.0000 | t=0.1s
[finetune_replay] ep 187/300 | train loss=0.0000 top1=1.000 | val loss=0.0000 | t=0.1s
[finetune_replay] ep 188/300 | train loss=0.0000 top1=1.000 | val loss=0.0000 | t=0.1s
[finetune_replay] ep 189/300 | train loss=0.0000 top1=1.000 | val loss=0.0000 | t=0.1s
[finetune_replay] ep 190/300 | train loss=0.0000 top1=1.000 | val loss=0.0000 | t=0.1s
[finetune_replay] ep 191/300 | train loss=0.0000 top1=1.000 | val loss=0.0000 | t=0.1s
[finetune_replay] ep 192/300 | train loss=0.0000 top1=1.000 | val loss=0.0000 | t=0.1s
[finetune_replay] ep 193/300 | train loss=0.0000 top1=1.000 | val loss=0.0000 | t=0.1s
[finetune_replay] ep 194/300 | train loss=0.0000 top1=1.000 | val loss=0.0000 | t=0.1s
[finetune_replay] ep 195/300 | train loss=0.0000 top1=1.000 | val loss=0.0000 | t=0.1s
[finetune_replay] ep 196/300 | train loss=0.0000 top1=1.000 | val loss=0.0000 | t=0.1s
[finetune_replay] ep 197/300 | train loss=0.0000 top1=1.000 | val loss=0.0000 | t=0.1s
[finetune_replay] ep 198/300 | train loss=0.0000 top1=1.000 | val loss=0.0000 | t=0.1s
[finetune_replay] ep 199/300 | train loss=0.0000 top1=1.000 | val loss=0.0000 | t=0.1s
[finetune_replay] ep 200/300 | train loss=0.0000 top1=1.000 | val loss=0.0000 | t=0.1s
[finetune_replay] ep 201/300 | train loss=0.0000 top1=1.000 | val loss=0.0000 | t=0.1s
[finetune_replay] ep 202/300 | train loss=0.0000 top1=1.000 | val loss=0.0000 | t=0.1s
[finetune_replay] ep 203/300 | train loss=0.0000 top1=1.000 | val loss=0.0000 | t=0.1s
[finetune_replay] ep 204/300 | train loss=0.0000 top1=1.000 | val loss=0.0000 | t=0.1s
[finetune_replay] ep 205/300 | train loss=0.0000 top1=1.000 | val loss=0.0000 | t=0.1s
[finetune_replay] ep 206/300 | train loss=0.0000 top1=1.000 | val loss=0.0000 | t=0.1s
[finetune_replay] ep 207/300 | train loss=0.0000 top1=1.000 | val loss=0.0000 | t=0.1s
[finetune_replay] ep 208/300 | train loss=0.0000 top1=1.000 | val loss=0.0000 | t=0.1s
[finetune_replay] ep 209/300 | train loss=0.0000 top1=1.000 | val loss=0.0000 | t=0.1s
[finetune_replay] ep 210/300 | train loss=0.0000 top1=1.000 | val loss=0.0000 | t=0.1s
[finetune_replay] ep 211/300 | train loss=0.0000 top1=1.000 | val loss=0.0000 | t=0.1s
[finetune_replay] ep 212/300 | train loss=0.0000 top1=1.000 | val loss=0.0000 | t=0.1s
[finetune_replay] ep 213/300 | train loss=0.0000 top1=1.000 | val loss=0.0000 | t=0.1s
[finetune_replay] ep 214/300 | train loss=0.0000 top1=1.000 | val loss=0.0000 | t=0.1s
[finetune_replay] ep 215/300 | train loss=0.0000 top1=1.000 | val loss=0.0000 | t=0.1s
[finetune_replay] ep 216/300 | train loss=0.0000 top1=1.000 | val loss=0.0000 | t=0.1s
[finetune_replay] ep 217/300 | train loss=0.0000 top1=1.000 | val loss=0.0000 | t=0.1s
[finetune_replay] ep 218/300 | train loss=0.0000 top1=1.000 | val loss=0.0000 | t=0.1s
[finetune_replay] ep 219/300 | train loss=0.0000 top1=1.000 | val loss=0.0000 | t=0.1s
[finetune_replay] ep 220/300 | train loss=0.0000 top1=1.000 | val loss=0.0000 | t=0.1s
[finetune_replay] ep 221/300 | train loss=0.0000 top1=1.000 | val loss=0.0000 | t=0.1s
[finetune_replay] ep 222/300 | train loss=0.0000 top1=1.000 | val loss=0.0000 | t=0.1s
[finetune_replay] ep 223/300 | train loss=0.0000 top1=1.000 | val loss=0.0000 | t=0.1s
[finetune_replay] ep 224/300 | train loss=0.0000 top1=1.000 | val loss=0.0000 | t=0.1s
[finetune_replay] ep 225/300 | train loss=0.0000 top1=1.000 | val loss=0.0000 | t=0.1s
[finetune_replay] ep 226/300 | train loss=0.0000 top1=1.000 | val loss=0.0000 | t=0.1s
[finetune_replay] ep 227/300 | train loss=0.0000 top1=1.000 | val loss=0.0000 | t=0.1s
[finetune_replay] ep 228/300 | train loss=0.0000 top1=1.000 | val loss=0.0000 | t=0.1s
[finetune_replay] ep 229/300 | train loss=0.0000 top1=1.000 | val loss=0.0000 | t=0.1s
[finetune_replay] ep 230/300 | train loss=0.0000 top1=1.000 | val loss=0.0000 | t=0.1s
[finetune_replay] ep 231/300 | train loss=0.0000 top1=1.000 | val loss=0.0000 | t=0.1s
[finetune_replay] ep 232/300 | train loss=0.0000 top1=1.000 | val loss=0.0000 | t=0.1s
[finetune_replay] ep 233/300 | train loss=0.0000 top1=1.000 | val loss=0.0000 | t=0.1s
[finetune_replay] ep 234/300 | train loss=0.0000 top1=1.000 | val loss=0.0000 | t=0.1s
[finetune_replay] ep 235/300 | train loss=0.0000 top1=1.000 | val loss=0.0000 | t=0.1s
[finetune_replay] ep 236/300 | train loss=0.0000 top1=1.000 | val loss=0.0000 | t=0.1s
[finetune_replay] ep 237/300 | train loss=0.0000 top1=1.000 | val loss=0.0000 | t=0.1s
[finetune_replay] ep 238/300 | train loss=0.0000 top1=1.000 | val loss=0.0000 | t=0.1s
[finetune_replay] ep 239/300 | train loss=0.0000 top1=1.000 | val loss=0.0000 | t=0.2s
[finetune_replay] ep 240/300 | train loss=0.0000 top1=1.000 | val loss=0.0000 | t=0.1s
[finetune_replay] ep 241/300 | train loss=0.0000 top1=1.000 | val loss=0.0000 | t=0.1s
[finetune_replay] ep 242/300 | train loss=0.0000 top1=1.000 | val loss=0.0000 | t=0.1s
[finetune_replay] ep 243/300 | train loss=0.0000 top1=1.000 | val loss=0.0000 | t=0.1s
[finetune_replay] ep 244/300 | train loss=0.0000 top1=1.000 | val loss=0.0000 | t=0.1s
[finetune_replay] ep 245/300 | train loss=0.0000 top1=1.000 | val loss=0.0000 | t=0.1s
[finetune_replay] ep 246/300 | train loss=0.0000 top1=1.000 | val loss=0.0000 | t=0.1s
[finetune_replay] ep 247/300 | train loss=0.0000 top1=1.000 | val loss=0.0000 | t=0.1s
[finetune_replay] ep 248/300 | train loss=0.0000 top1=1.000 | val loss=0.0000 | t=0.1s
[finetune_replay] ep 249/300 | train loss=0.0000 top1=1.000 | val loss=0.0000 | t=0.1s
[finetune_replay] ep 250/300 | train loss=0.0000 top1=1.000 | val loss=0.0000 | t=0.1s
[finetune_replay] ep 251/300 | train loss=0.0000 top1=1.000 | val loss=0.0000 | t=0.1s
[finetune_replay] ep 252/300 | train loss=0.0000 top1=1.000 | val loss=0.0000 | t=0.1s
[finetune_replay] ep 253/300 | train loss=0.0000 top1=1.000 | val loss=0.0000 | t=0.1s
[finetune_replay] ep 254/300 | train loss=0.0000 top1=1.000 | val loss=0.0000 | t=0.1s
[finetune_replay] ep 255/300 | train loss=0.0000 top1=1.000 | val loss=0.0000 | t=0.1s
[finetune_replay] ep 256/300 | train loss=0.0000 top1=1.000 | val loss=0.0000 | t=0.1s
[finetune_replay] ep 257/300 | train loss=0.0000 top1=1.000 | val loss=0.0000 | t=0.1s
[finetune_replay] ep 258/300 | train loss=0.0000 top1=1.000 | val loss=0.0000 | t=0.1s
[finetune_replay] ep 259/300 | train loss=0.0000 top1=1.000 | val loss=0.0000 | t=0.1s
[finetune_replay] ep 260/300 | train loss=0.0000 top1=1.000 | val loss=0.0000 | t=0.1s
[finetune_replay] ep 261/300 | train loss=0.0000 top1=1.000 | val loss=0.0000 | t=0.1s
[finetune_replay] ep 262/300 | train loss=0.0000 top1=1.000 | val loss=0.0000 | t=0.1s
[finetune_replay] ep 263/300 | train loss=0.0000 top1=1.000 | val loss=0.0000 | t=0.1s
[finetune_replay] ep 264/300 | train loss=0.0000 top1=1.000 | val loss=0.0000 | t=0.1s
[finetune_replay] ep 265/300 | train loss=0.0000 top1=1.000 | val loss=0.0000 | t=0.1s
[finetune_replay] ep 266/300 | train loss=0.0000 top1=1.000 | val loss=0.0000 | t=0.1s
[finetune_replay] ep 267/300 | train loss=0.0000 top1=1.000 | val loss=0.0000 | t=0.1s
[finetune_replay] ep 268/300 | train loss=0.0000 top1=1.000 | val loss=0.0000 | t=0.1s
[finetune_replay] ep 269/300 | train loss=0.0000 top1=1.000 | val loss=0.0000 | t=0.1s
[finetune_replay] ep 270/300 | train loss=0.0000 top1=1.000 | val loss=0.0000 | t=0.1s
[finetune_replay] ep 271/300 | train loss=0.0000 top1=1.000 | val loss=0.0000 | t=0.1s
[finetune_replay] ep 272/300 | train loss=0.0000 top1=1.000 | val loss=0.0000 | t=0.1s
[finetune_replay] ep 273/300 | train loss=0.0000 top1=1.000 | val loss=0.0000 | t=0.1s
[finetune_replay] ep 274/300 | train loss=0.0000 top1=1.000 | val loss=0.0000 | t=0.1s
[finetune_replay] ep 275/300 | train loss=0.0000 top1=1.000 | val loss=0.0000 | t=0.1s
[finetune_replay] ep 276/300 | train loss=0.0000 top1=1.000 | val loss=0.0000 | t=0.1s
[finetune_replay] ep 277/300 | train loss=0.0000 top1=1.000 | val loss=0.0000 | t=0.1s
[finetune_replay] ep 278/300 | train loss=0.0000 top1=1.000 | val loss=0.0000 | t=0.1s
[finetune_replay] ep 279/300 | train loss=0.0000 top1=1.000 | val loss=0.0000 | t=0.1s
[finetune_replay] ep 280/300 | train loss=0.0000 top1=1.000 | val loss=0.0000 | t=0.1s
[finetune_replay] ep 281/300 | train loss=0.0000 top1=1.000 | val loss=0.0000 | t=0.1s
[finetune_replay] ep 282/300 | train loss=0.0000 top1=1.000 | val loss=0.0000 | t=0.1s
[finetune_replay] ep 283/300 | train loss=0.0000 top1=1.000 | val loss=0.0000 | t=0.1s
[finetune_replay] ep 284/300 | train loss=0.0000 top1=1.000 | val loss=0.0000 | t=0.1s
[finetune_replay] ep 285/300 | train loss=0.0000 top1=1.000 | val loss=0.0000 | t=0.1s
[finetune_replay] ep 286/300 | train loss=0.0000 top1=1.000 | val loss=0.0000 | t=0.1s
[finetune_replay] ep 287/300 | train loss=0.0000 top1=1.000 | val loss=0.0000 | t=0.1s
[finetune_replay] ep 288/300 | train loss=0.0000 top1=1.000 | val loss=0.0000 | t=0.1s
[finetune_replay] ep 289/300 | train loss=0.0000 top1=1.000 | val loss=0.0000 | t=0.1s
[finetune_replay] ep 290/300 | train loss=0.0000 top1=1.000 | val loss=0.0000 | t=0.1s
[finetune_replay] ep 291/300 | train loss=0.0000 top1=1.000 | val loss=0.0000 | t=0.1s
[finetune_replay] ep 292/300 | train loss=0.0000 top1=1.000 | val loss=0.0000 | t=0.1s
[finetune_replay] ep 293/300 | train loss=0.0000 top1=1.000 | val loss=0.0000 | t=0.1s
[finetune_replay] ep 294/300 | train loss=0.0000 top1=1.000 | val loss=0.0000 | t=0.1s
[finetune_replay] ep 295/300 | train loss=0.0000 top1=1.000 | val loss=0.0000 | t=0.1s
[finetune_replay] ep 296/300 | train loss=0.0000 top1=1.000 | val loss=0.0000 | t=0.1s
[finetune_replay] ep 297/300 | train loss=0.0000 top1=1.000 | val loss=0.0000 | t=0.1s
[finetune_replay] ep 298/300 | train loss=0.0000 top1=1.000 | val loss=0.0000 | t=0.1s
[finetune_replay] ep 299/300 | train loss=0.0000 top1=1.000 | val loss=0.0000 | t=0.1s
[finetune_replay] ep 300/300 | train loss=0.0000 top1=1.000 | val loss=0.0000 | t=0.1s
[finetune_replay] DONE best_val_loss=0.0000 @ epoch 179
[19:59:41] [bo-budget] $ /home/s226137394/.conda/envs/maze/bin/python3 -u -m Equivariant_pathway.equivariant_CNN_hybrid.rollout_test --checkpoint /weka/s226137394/DmNfull/Equivariant_pathway/equivariant_CNN_hybrid/baseline_vs_p4/pool_x_selector/results_hpsweep/e300_lr0.0001_rm0.7_do0/run_6/p4_top3_rotate/checkpoints/best_hybrid_policy.pth --layouts /weka/s226137394/DmNfull/Equivariant_pathway/equivariant_CNN_hybrid/baseline_vs_p4/shared/heldout_layouts.yaml --out_dir /weka/s226137394/DmNfull/Equivariant_pathway/equivariant_CNN_hybrid/baseline_vs_p4/pool_x_selector/results_hpsweep/e300_lr0.0001_rm0.7_do0/run_6/p4_top3_rotate/results/eval_round_012 --seed 18 --max_steps 60
[hybrid-rollout] 200 unique; running 200 eps
[hybrid-rollout] loaded /weka/s226137394/DmNfull/Equivariant_pathway/equivariant_CNN_hybrid/baseline_vs_p4/pool_x_selector/results_hpsweep/e300_lr0.0001_rm0.7_do0/run_6/p4_top3_rotate/checkpoints/best_hybrid_policy.pth
[hybrid-rollout] ep 0 (heldout_001): steps=5 success=True
[hybrid-rollout] ep 1 (heldout_002): steps=4 success=True
[hybrid-rollout] ep 2 (heldout_003): steps=60 success=False
[hybrid-rollout] ep 3 (heldout_004): steps=6 success=True
[hybrid-rollout] ep 4 (heldout_005): steps=5 success=True
[hybrid-rollout] ep 5 (heldout_006): steps=3 success=False
[hybrid-rollout] ep 6 (heldout_007): steps=5 success=True
[hybrid-rollout] ep 7 (heldout_008): steps=4 success=True
[hybrid-rollout] ep 8 (heldout_009): steps=6 success=True
[hybrid-rollout] ep 9 (heldout_010): steps=8 success=True
[hybrid-rollout] ep 10 (heldout_011): steps=4 success=True
[hybrid-rollout] ep 11 (heldout_012): steps=4 success=True
[hybrid-rollout] ep 12 (heldout_013): steps=5 success=True
[hybrid-rollout] ep 13 (heldout_014): steps=5 success=True
[hybrid-rollout] ep 14 (heldout_015): steps=4 success=True
[hybrid-rollout] ep 15 (heldout_016): steps=5 success=True
[hybrid-rollout] ep 16 (heldout_017): steps=4 success=True
[hybrid-rollout] ep 17 (heldout_018): steps=60 success=False
[hybrid-rollout] ep 18 (heldout_019): steps=60 success=False
[hybrid-rollout] ep 19 (heldout_020): steps=5 success=True
[hybrid-rollout] ep 20 (heldout_021): steps=4 success=True
[hybrid-rollout] ep 21 (heldout_022): steps=4 success=True
[hybrid-rollout] ep 22 (heldout_023): steps=7 success=True
[hybrid-rollout] ep 23 (heldout_024): steps=60 success=False
[hybrid-rollout] ep 24 (heldout_025): steps=4 success=True
[hybrid-rollout] ep 25 (heldout_026): steps=4 success=True
[hybrid-rollout] ep 26 (heldout_027): steps=4 success=True
[hybrid-rollout] ep 27 (heldout_028): steps=4 success=True
[hybrid-rollout] ep 28 (heldout_029): steps=7 success=True
[hybrid-rollout] ep 29 (heldout_030): steps=60 success=False
[hybrid-rollout] ep 30 (heldout_031): steps=5 success=True
[hybrid-rollout] ep 31 (heldout_032): steps=7 success=True
[hybrid-rollout] ep 32 (heldout_033): steps=4 success=True
[hybrid-rollout] ep 33 (heldout_034): steps=5 success=True
[hybrid-rollout] ep 34 (heldout_035): steps=6 success=True
[hybrid-rollout] ep 35 (heldout_036): steps=5 success=True
[hybrid-rollout] ep 36 (heldout_037): steps=4 success=True
[hybrid-rollout] ep 37 (heldout_038): steps=5 success=True
[hybrid-rollout] ep 38 (heldout_039): steps=6 success=True
[hybrid-rollout] ep 39 (heldout_040): steps=5 success=True
[hybrid-rollout] ep 40 (heldout_041): steps=60 success=False
[hybrid-rollout] ep 41 (heldout_042): steps=4 success=True
[hybrid-rollout] ep 42 (heldout_043): steps=4 success=True
[hybrid-rollout] ep 43 (heldout_044): steps=5 success=True
[hybrid-rollout] ep 44 (heldout_045): steps=5 success=True
[hybrid-rollout] ep 45 (heldout_046): steps=4 success=True
[hybrid-rollout] ep 46 (heldout_047): steps=4 success=True
[hybrid-rollout] ep 47 (heldout_048): steps=6 success=True
[hybrid-rollout] ep 48 (heldout_049): steps=5 success=True
[hybrid-rollout] ep 49 (heldout_050): steps=4 success=True
[hybrid-rollout] ep 50 (heldout_051): steps=4 success=True
[hybrid-rollout] ep 51 (heldout_052): steps=4 success=True
[hybrid-rollout] ep 52 (heldout_053): steps=6 success=True
[hybrid-rollout] ep 53 (heldout_054): steps=4 success=True
[hybrid-rollout] ep 54 (heldout_055): steps=60 success=False
[hybrid-rollout] ep 55 (heldout_056): steps=4 success=True
[hybrid-rollout] ep 56 (heldout_057): steps=4 success=True
[hybrid-rollout] ep 57 (heldout_058): steps=4 success=True
[hybrid-rollout] ep 58 (heldout_059): steps=5 success=True
[hybrid-rollout] ep 59 (heldout_060): steps=6 success=True
[hybrid-rollout] ep 60 (heldout_061): steps=5 success=True
[hybrid-rollout] ep 61 (heldout_062): steps=6 success=True
[hybrid-rollout] ep 62 (heldout_063): steps=5 success=True
[hybrid-rollout] ep 63 (heldout_064): steps=4 success=True
[hybrid-rollout] ep 64 (heldout_065): steps=7 success=True
[hybrid-rollout] ep 65 (heldout_066): steps=6 success=True
[hybrid-rollout] ep 66 (heldout_067): steps=5 success=True
[hybrid-rollout] ep 67 (heldout_068): steps=4 success=True
[hybrid-rollout] ep 68 (heldout_069): steps=4 success=True
[hybrid-rollout] ep 69 (heldout_070): steps=7 success=True
[hybrid-rollout] ep 70 (heldout_071): steps=5 success=True
[hybrid-rollout] ep 71 (heldout_072): steps=5 success=True
[hybrid-rollout] ep 72 (heldout_073): steps=3 success=False
[hybrid-rollout] ep 73 (heldout_074): steps=4 success=True
[hybrid-rollout] ep 74 (heldout_075): steps=5 success=True
[hybrid-rollout] ep 75 (heldout_076): steps=7 success=True
[hybrid-rollout] ep 76 (heldout_077): steps=4 success=True
[hybrid-rollout] ep 77 (heldout_078): steps=6 success=True
[hybrid-rollout] ep 78 (heldout_079): steps=4 success=True
[hybrid-rollout] ep 79 (heldout_080): steps=4 success=True
[hybrid-rollout] ep 80 (heldout_081): steps=5 success=True
[hybrid-rollout] ep 81 (heldout_082): steps=5 success=True
[hybrid-rollout] ep 82 (heldout_083): steps=4 success=True
[hybrid-rollout] ep 83 (heldout_084): steps=5 success=True
[hybrid-rollout] ep 84 (heldout_085): steps=60 success=False
[hybrid-rollout] ep 85 (heldout_086): steps=6 success=True
[hybrid-rollout] ep 86 (heldout_087): steps=7 success=True
[hybrid-rollout] ep 87 (heldout_088): steps=4 success=True
[hybrid-rollout] ep 88 (heldout_089): steps=3 success=False
[hybrid-rollout] ep 89 (heldout_090): steps=4 success=True
[hybrid-rollout] ep 90 (heldout_091): steps=4 success=False
[hybrid-rollout] ep 91 (heldout_092): steps=60 success=False
[hybrid-rollout] ep 92 (heldout_093): steps=6 success=True
[hybrid-rollout] ep 93 (heldout_094): steps=6 success=True
[hybrid-rollout] ep 94 (heldout_095): steps=7 success=True
[hybrid-rollout] ep 95 (heldout_096): steps=5 success=True
[hybrid-rollout] ep 96 (heldout_097): steps=5 success=True
[hybrid-rollout] ep 97 (heldout_098): steps=5 success=True
[hybrid-rollout] ep 98 (heldout_099): steps=6 success=True
[hybrid-rollout] ep 99 (heldout_100): steps=60 success=False
[hybrid-rollout] ep 100 (heldout_101): steps=4 success=True
[hybrid-rollout] ep 101 (heldout_102): steps=4 success=True
[hybrid-rollout] ep 102 (heldout_103): steps=60 success=False
[hybrid-rollout] ep 103 (heldout_104): steps=6 success=True
[hybrid-rollout] ep 104 (heldout_105): steps=6 success=True
[hybrid-rollout] ep 105 (heldout_106): steps=6 success=True
[hybrid-rollout] ep 106 (heldout_107): steps=4 success=True
[hybrid-rollout] ep 107 (heldout_108): steps=4 success=True
[hybrid-rollout] ep 108 (heldout_109): steps=4 success=True
[hybrid-rollout] ep 109 (heldout_110): steps=4 success=True
[hybrid-rollout] ep 110 (heldout_111): steps=5 success=False
[hybrid-rollout] ep 111 (heldout_112): steps=5 success=True
[hybrid-rollout] ep 112 (heldout_113): steps=5 success=True
[hybrid-rollout] ep 113 (heldout_114): steps=60 success=False
[hybrid-rollout] ep 114 (heldout_115): steps=4 success=True
[hybrid-rollout] ep 115 (heldout_116): steps=5 success=True
[hybrid-rollout] ep 116 (heldout_117): steps=5 success=True
[hybrid-rollout] ep 117 (heldout_118): steps=6 success=False
[hybrid-rollout] ep 118 (heldout_119): steps=4 success=True
[hybrid-rollout] ep 119 (heldout_120): steps=7 success=True
[hybrid-rollout] ep 120 (heldout_121): steps=4 success=True
[hybrid-rollout] ep 121 (heldout_122): steps=4 success=True
[hybrid-rollout] ep 122 (heldout_123): steps=6 success=True
[hybrid-rollout] ep 123 (heldout_124): steps=8 success=True
[hybrid-rollout] ep 124 (heldout_125): steps=4 success=True
[hybrid-rollout] ep 125 (heldout_126): steps=4 success=True
[hybrid-rollout] ep 126 (heldout_127): steps=60 success=False
[hybrid-rollout] ep 127 (heldout_128): steps=7 success=True
[hybrid-rollout] ep 128 (heldout_129): steps=4 success=True
[hybrid-rollout] ep 129 (heldout_130): steps=4 success=True
[hybrid-rollout] ep 130 (heldout_131): steps=5 success=False
[hybrid-rollout] ep 131 (heldout_132): steps=4 success=True
[hybrid-rollout] ep 132 (heldout_133): steps=4 success=True
[hybrid-rollout] ep 133 (heldout_134): steps=7 success=True
[hybrid-rollout] ep 134 (heldout_135): steps=6 success=True
[hybrid-rollout] ep 135 (heldout_136): steps=5 success=True
[hybrid-rollout] ep 136 (heldout_137): steps=5 success=True
[hybrid-rollout] ep 137 (heldout_138): steps=4 success=True
[hybrid-rollout] ep 138 (heldout_139): steps=4 success=True
[hybrid-rollout] ep 139 (heldout_140): steps=5 success=True
[hybrid-rollout] ep 140 (heldout_141): steps=5 success=True
[hybrid-rollout] ep 141 (heldout_142): steps=4 success=True
[hybrid-rollout] ep 142 (heldout_143): steps=6 success=True
[hybrid-rollout] ep 143 (heldout_144): steps=4 success=True
[hybrid-rollout] ep 144 (heldout_145): steps=5 success=True
[hybrid-rollout] ep 145 (heldout_146): steps=7 success=True
[hybrid-rollout] ep 146 (heldout_147): steps=4 success=True
[hybrid-rollout] ep 147 (heldout_148): steps=60 success=False
[hybrid-rollout] ep 148 (heldout_149): steps=5 success=True
[hybrid-rollout] ep 149 (heldout_150): steps=4 success=True
[hybrid-rollout] ep 150 (heldout_151): steps=5 success=True
[hybrid-rollout] ep 151 (heldout_152): steps=6 success=True
[hybrid-rollout] ep 152 (heldout_153): steps=5 success=True
[hybrid-rollout] ep 153 (heldout_154): steps=60 success=False
[hybrid-rollout] ep 154 (heldout_155): steps=6 success=True
[hybrid-rollout] ep 155 (heldout_156): steps=8 success=True
[hybrid-rollout] ep 156 (heldout_157): steps=4 success=True
[hybrid-rollout] ep 157 (heldout_158): steps=3 success=False
[hybrid-rollout] ep 158 (heldout_159): steps=6 success=True
[hybrid-rollout] ep 159 (heldout_160): steps=4 success=True
[hybrid-rollout] ep 160 (heldout_161): steps=60 success=False
[hybrid-rollout] ep 161 (heldout_162): steps=5 success=True
[hybrid-rollout] ep 162 (heldout_163): steps=4 success=True
[hybrid-rollout] ep 163 (heldout_164): steps=6 success=True
[hybrid-rollout] ep 164 (heldout_165): steps=5 success=True
[hybrid-rollout] ep 165 (heldout_166): steps=60 success=False
[hybrid-rollout] ep 166 (heldout_167): steps=4 success=True
[hybrid-rollout] ep 167 (heldout_168): steps=4 success=True
[hybrid-rollout] ep 168 (heldout_169): steps=6 success=True
[hybrid-rollout] ep 169 (heldout_170): steps=5 success=False
[hybrid-rollout] ep 170 (heldout_171): steps=4 success=True
[hybrid-rollout] ep 171 (heldout_172): steps=5 success=True
[hybrid-rollout] ep 172 (heldout_173): steps=4 success=True
[hybrid-rollout] ep 173 (heldout_174): steps=5 success=True
[hybrid-rollout] ep 174 (heldout_175): steps=5 success=True
[hybrid-rollout] ep 175 (heldout_176): steps=6 success=True
[hybrid-rollout] ep 176 (heldout_177): steps=6 success=True
[hybrid-rollout] ep 177 (heldout_178): steps=5 success=True
[hybrid-rollout] ep 178 (heldout_179): steps=5 success=True
[hybrid-rollout] ep 179 (heldout_180): steps=4 success=True
[hybrid-rollout] ep 180 (heldout_181): steps=5 success=True
[hybrid-rollout] ep 181 (heldout_182): steps=4 success=True
[hybrid-rollout] ep 182 (heldout_183): steps=5 success=True
[hybrid-rollout] ep 183 (heldout_184): steps=7 success=True
[hybrid-rollout] ep 184 (heldout_185): steps=5 success=True
[hybrid-rollout] ep 185 (heldout_186): steps=4 success=True
[hybrid-rollout] ep 186 (heldout_187): steps=5 success=True
[hybrid-rollout] ep 187 (heldout_188): steps=5 success=True
[hybrid-rollout] ep 188 (heldout_189): steps=5 success=True
[hybrid-rollout] ep 189 (heldout_190): steps=7 success=True
[hybrid-rollout] ep 190 (heldout_191): steps=4 success=True
[hybrid-rollout] ep 191 (heldout_192): steps=5 success=True
[hybrid-rollout] ep 192 (heldout_193): steps=60 success=False
[hybrid-rollout] ep 193 (heldout_194): steps=6 success=True
[hybrid-rollout] ep 194 (heldout_195): steps=5 success=True
[hybrid-rollout] ep 195 (heldout_196): steps=4 success=True
[hybrid-rollout] ep 196 (heldout_197): steps=5 success=True
[hybrid-rollout] ep 197 (heldout_198): steps=4 success=True
[hybrid-rollout] ep 198 (heldout_199): steps=4 success=True
[hybrid-rollout] ep 199 (heldout_200): steps=4 success=True
[hybrid-rollout] DONE successes=173/200
[20:01:02] [replay_p4] run 6 round 12: extras=12 heldout_sr=0.865
[20:01:02] [replay_p4] $ /home/s226137394/.conda/envs/maze/bin/python3 -u -m Equivariant_pathway.equivariant_CNN_hybrid.baseline_vs_p4.pool_x_selector.trainer.finetune_replay --demo_dir /weka/s226137394/DmNfull/Equivariant_pathway/equivariant_CNN_hybrid/baseline_vs_p4/pool_x_selector/results_hpsweep/e300_lr0.0001_rm0.7_do0/run_6/p4_top3_rotate/demos --checkpoint_dir /weka/s226137394/DmNfull/Equivariant_pathway/equivariant_CNN_hybrid/baseline_vs_p4/pool_x_selector/results_hpsweep/e300_lr0.0001_rm0.7_do0/run_6/p4_top3_rotate/checkpoints --epochs 300 --batch_size 64 --lr 0.0001 --weight_decay 0.0001 --replay_mix 0.7 --replay_mix_floor 0.2 --head_dropout 0.0 --seed 6 --resume --new_demos_dir /weka/s226137394/DmNfull/Equivariant_pathway/equivariant_CNN_hybrid/baseline_vs_p4/pool_x_selector/results_hpsweep/e300_lr0.0001_rm0.7_do0/run_6/p4_top3_rotate/demos/round_013
[finetune_replay] device=cuda demo_dir=/weka/s226137394/DmNfull/Equivariant_pathway/equivariant_CNN_hybrid/baseline_vs_p4/pool_x_selector/results_hpsweep/e300_lr0.0001_rm0.7_do0/run_6/p4_top3_rotate/demos new_demos_dir=/weka/s226137394/DmNfull/Equivariant_pathway/equivariant_CNN_hybrid/baseline_vs_p4/pool_x_selector/results_hpsweep/e300_lr0.0001_rm0.7_do0/run_6/p4_top3_rotate/demos/round_013
[hybrid-dataset] 32 demos -> 169 samples
[hybrid-dataset] 1 demos -> 6 samples
[finetune_replay] sampler audit: {'n_old_samples': 169, 'n_new_samples': 6, 'replay_mix_target': 0.7, 'replay_mix_effective': 0.7, 'replay_mix_floor': 0.2}
[finetune_replay] trainable params: 1,400,028
[finetune_replay] WARM START from last_hybrid_policy.pth
[finetune_replay] ep   1/300 | train loss=0.0775 top1=1.000 | val loss=0.0021 | t=1.0s  *
[finetune_replay] ep   2/300 | train loss=0.0079 top1=1.000 | val loss=0.0472 | t=0.3s
[finetune_replay] ep   3/300 | train loss=0.0082 top1=1.000 | val loss=0.0058 | t=0.2s
[finetune_replay] ep   4/300 | train loss=0.0005 top1=1.000 | val loss=0.0033 | t=0.1s
[finetune_replay] ep   5/300 | train loss=0.0009 top1=1.000 | val loss=0.0020 | t=0.2s  *
[finetune_replay] ep   6/300 | train loss=0.0013 top1=1.000 | val loss=0.0003 | t=0.2s  *
[finetune_replay] ep   7/300 | train loss=0.0004 top1=1.000 | val loss=0.0004 | t=0.1s
[finetune_replay] ep   8/300 | train loss=0.0006 top1=1.000 | val loss=0.0004 | t=0.1s
[finetune_replay] ep   9/300 | train loss=0.0002 top1=1.000 | val loss=0.0002 | t=0.2s  *
[finetune_replay] ep  10/300 | train loss=0.0002 top1=1.000 | val loss=0.0002 | t=0.1s
[finetune_replay] ep  11/300 | train loss=0.0002 top1=1.000 | val loss=0.0002 | t=0.2s  *
[finetune_replay] ep  12/300 | train loss=0.0002 top1=1.000 | val loss=0.0002 | t=0.1s  *
[finetune_replay] ep  13/300 | train loss=0.0001 top1=1.000 | val loss=0.0002 | t=0.1s  *
[finetune_replay] ep  14/300 | train loss=0.0001 top1=1.000 | val loss=0.0002 | t=0.1s  *
[finetune_replay] ep  15/300 | train loss=0.0001 top1=1.000 | val loss=0.0002 | t=0.1s
[finetune_replay] ep  16/300 | train loss=0.0001 top1=1.000 | val loss=0.0002 | t=0.1s
[finetune_replay] ep  17/300 | train loss=0.0001 top1=1.000 | val loss=0.0002 | t=0.1s
[finetune_replay] ep  18/300 | train loss=0.0001 top1=1.000 | val loss=0.0002 | t=0.1s  *
[finetune_replay] ep  19/300 | train loss=0.0001 top1=1.000 | val loss=0.0002 | t=0.1s  *
[finetune_replay] ep  20/300 | train loss=0.0001 top1=1.000 | val loss=0.0002 | t=0.1s  *
[finetune_replay] ep  21/300 | train loss=0.0001 top1=1.000 | val loss=0.0002 | t=0.1s  *
[finetune_replay] ep  22/300 | train loss=0.0001 top1=1.000 | val loss=0.0002 | t=0.1s  *
[finetune_replay] ep  23/300 | train loss=0.0000 top1=1.000 | val loss=0.0002 | t=0.1s  *
[finetune_replay] ep  24/300 | train loss=0.0001 top1=1.000 | val loss=0.0001 | t=0.2s  *
[finetune_replay] ep  25/300 | train loss=0.0001 top1=1.000 | val loss=0.0001 | t=0.1s  *
[finetune_replay] ep  26/300 | train loss=0.0000 top1=1.000 | val loss=0.0001 | t=0.1s  *
[finetune_replay] ep  27/300 | train loss=0.0000 top1=1.000 | val loss=0.0001 | t=0.1s
[finetune_replay] ep  28/300 | train loss=0.0001 top1=1.000 | val loss=0.0001 | t=0.1s  *
[finetune_replay] ep  29/300 | train loss=0.0000 top1=1.000 | val loss=0.0001 | t=0.1s  *
[finetune_replay] ep  30/300 | train loss=0.0001 top1=1.000 | val loss=0.0001 | t=0.1s  *
[finetune_replay] ep  31/300 | train loss=0.0001 top1=1.000 | val loss=0.0001 | t=0.1s  *
[finetune_replay] ep  32/300 | train loss=0.0000 top1=1.000 | val loss=0.0001 | t=0.1s
[finetune_replay] ep  33/300 | train loss=0.0000 top1=1.000 | val loss=0.0001 | t=0.1s
[finetune_replay] ep  34/300 | train loss=0.0001 top1=1.000 | val loss=0.0001 | t=0.1s
[finetune_replay] ep  35/300 | train loss=0.0001 top1=1.000 | val loss=0.0001 | t=0.1s  *
[finetune_replay] ep  36/300 | train loss=0.0001 top1=1.000 | val loss=0.0001 | t=0.1s
[finetune_replay] ep  37/300 | train loss=0.0000 top1=1.000 | val loss=0.0001 | t=0.1s
[finetune_replay] ep  38/300 | train loss=0.0000 top1=1.000 | val loss=0.0001 | t=0.1s
[finetune_replay] ep  39/300 | train loss=0.0000 top1=1.000 | val loss=0.0001 | t=0.1s  *
[finetune_replay] ep  40/300 | train loss=0.0000 top1=1.000 | val loss=0.0001 | t=0.1s  *
[finetune_replay] ep  41/300 | train loss=0.0000 top1=1.000 | val loss=0.0001 | t=0.1s  *
[finetune_replay] ep  42/300 | train loss=0.0000 top1=1.000 | val loss=0.0001 | t=0.1s
[finetune_replay] ep  43/300 | train loss=0.0000 top1=1.000 | val loss=0.0001 | t=0.1s
[finetune_replay] ep  44/300 | train loss=0.0000 top1=1.000 | val loss=0.0001 | t=0.1s
[finetune_replay] ep  45/300 | train loss=0.0000 top1=1.000 | val loss=0.0001 | t=0.1s  *
[finetune_replay] ep  46/300 | train loss=0.0000 top1=1.000 | val loss=0.0001 | t=0.1s
[finetune_replay] ep  47/300 | train loss=0.0000 top1=1.000 | val loss=0.0001 | t=0.1s  *
[finetune_replay] ep  48/300 | train loss=0.0000 top1=1.000 | val loss=0.0001 | t=0.1s  *
[finetune_replay] ep  49/300 | train loss=0.0000 top1=1.000 | val loss=0.0001 | t=0.1s
[finetune_replay] ep  50/300 | train loss=0.0000 top1=1.000 | val loss=0.0001 | t=0.1s
[finetune_replay] ep  51/300 | train loss=0.0000 top1=1.000 | val loss=0.0001 | t=0.1s
[finetune_replay] ep  52/300 | train loss=0.0000 top1=1.000 | val loss=0.0001 | t=0.1s
[finetune_replay] ep  53/300 | train loss=0.0000 top1=1.000 | val loss=0.0001 | t=0.1s  *
[finetune_replay] ep  54/300 | train loss=0.0000 top1=1.000 | val loss=0.0001 | t=0.1s
[finetune_replay] ep  55/300 | train loss=0.0000 top1=1.000 | val loss=0.0001 | t=0.1s
[finetune_replay] ep  56/300 | train loss=0.0000 top1=1.000 | val loss=0.0001 | t=0.2s
[finetune_replay] ep  57/300 | train loss=0.0000 top1=1.000 | val loss=0.0001 | t=0.1s  *
[finetune_replay] ep  58/300 | train loss=0.0000 top1=1.000 | val loss=0.0001 | t=0.1s
[finetune_replay] ep  59/300 | train loss=0.0000 top1=1.000 | val loss=0.0001 | t=0.1s
[finetune_replay] ep  60/300 | train loss=0.0000 top1=1.000 | val loss=0.0001 | t=0.1s
[finetune_replay] ep  61/300 | train loss=0.0000 top1=1.000 | val loss=0.0001 | t=0.1s  *
[finetune_replay] ep  62/300 | train loss=0.0000 top1=1.000 | val loss=0.0001 | t=0.2s
[finetune_replay] ep  63/300 | train loss=0.0000 top1=1.000 | val loss=0.0001 | t=0.1s  *
[finetune_replay] ep  64/300 | train loss=0.0000 top1=1.000 | val loss=0.0001 | t=0.1s
[finetune_replay] ep  65/300 | train loss=0.0000 top1=1.000 | val loss=0.0001 | t=0.1s  *
[finetune_replay] ep  66/300 | train loss=0.0000 top1=1.000 | val loss=0.0001 | t=0.1s
[finetune_replay] ep  67/300 | train loss=0.0000 top1=1.000 | val loss=0.0001 | t=0.1s
[finetune_replay] ep  68/300 | train loss=0.0000 top1=1.000 | val loss=0.0001 | t=0.2s
[finetune_replay] ep  69/300 | train loss=0.0000 top1=1.000 | val loss=0.0001 | t=0.1s  *
[finetune_replay] ep  70/300 | train loss=0.0000 top1=1.000 | val loss=0.0001 | t=0.1s  *
[finetune_replay] ep  71/300 | train loss=0.0000 top1=1.000 | val loss=0.0001 | t=0.1s
[finetune_replay] ep  72/300 | train loss=0.0000 top1=1.000 | val loss=0.0001 | t=0.1s
[finetune_replay] ep  73/300 | train loss=0.0000 top1=1.000 | val loss=0.0001 | t=0.1s
[finetune_replay] ep  74/300 | train loss=0.0000 top1=1.000 | val loss=0.0001 | t=0.1s
[finetune_replay] ep  75/300 | train loss=0.0000 top1=1.000 | val loss=0.0001 | t=0.1s
[finetune_replay] ep  76/300 | train loss=0.0000 top1=1.000 | val loss=0.0001 | t=0.1s  *
[finetune_replay] ep  77/300 | train loss=0.0000 top1=1.000 | val loss=0.0001 | t=0.1s
[finetune_replay] ep  78/300 | train loss=0.0000 top1=1.000 | val loss=0.0001 | t=0.1s
[finetune_replay] ep  79/300 | train loss=0.0000 top1=1.000 | val loss=0.0001 | t=0.1s  *
[finetune_replay] ep  80/300 | train loss=0.0000 top1=1.000 | val loss=0.0001 | t=0.1s
[finetune_replay] ep  81/300 | train loss=0.0000 top1=1.000 | val loss=0.0001 | t=0.1s
[finetune_replay] ep  82/300 | train loss=0.0000 top1=1.000 | val loss=0.0001 | t=0.1s
[finetune_replay] ep  83/300 | train loss=0.0000 top1=1.000 | val loss=0.0001 | t=0.1s
[finetune_replay] ep  84/300 | train loss=0.0000 top1=1.000 | val loss=0.0001 | t=0.1s
[finetune_replay] ep  85/300 | train loss=0.0000 top1=1.000 | val loss=0.0001 | t=0.1s
[finetune_replay] ep  86/300 | train loss=0.0000 top1=1.000 | val loss=0.0001 | t=0.1s
[finetune_replay] ep  87/300 | train loss=0.0000 top1=1.000 | val loss=0.0001 | t=0.1s  *
[finetune_replay] ep  88/300 | train loss=0.0000 top1=1.000 | val loss=0.0001 | t=0.1s  *
[finetune_replay] ep  89/300 | train loss=0.0000 top1=1.000 | val loss=0.0001 | t=0.1s
[finetune_replay] ep  90/300 | train loss=0.0000 top1=1.000 | val loss=0.0001 | t=0.1s  *
[finetune_replay] ep  91/300 | train loss=0.0000 top1=1.000 | val loss=0.0001 | t=0.1s  *
[finetune_replay] ep  92/300 | train loss=0.0000 top1=1.000 | val loss=0.0001 | t=0.1s
[finetune_replay] ep  93/300 | train loss=0.0000 top1=1.000 | val loss=0.0001 | t=0.2s
[finetune_replay] ep  94/300 | train loss=0.0000 top1=1.000 | val loss=0.0001 | t=0.1s
[finetune_replay] ep  95/300 | train loss=0.0000 top1=1.000 | val loss=0.0001 | t=0.1s  *
[finetune_replay] ep  96/300 | train loss=0.0000 top1=1.000 | val loss=0.0001 | t=0.1s
[finetune_replay] ep  97/300 | train loss=0.0000 top1=1.000 | val loss=0.0001 | t=0.1s
[finetune_replay] ep  98/300 | train loss=0.0000 top1=1.000 | val loss=0.0001 | t=0.1s
[finetune_replay] ep  99/300 | train loss=0.0000 top1=1.000 | val loss=0.0001 | t=0.1s
[finetune_replay] ep 100/300 | train loss=0.0000 top1=1.000 | val loss=0.0001 | t=0.1s  *
[finetune_replay] ep 101/300 | train loss=0.0000 top1=1.000 | val loss=0.0001 | t=0.1s
[finetune_replay] ep 102/300 | train loss=0.0000 top1=1.000 | val loss=0.0001 | t=0.1s
[finetune_replay] ep 103/300 | train loss=0.0000 top1=1.000 | val loss=0.0001 | t=0.1s
[finetune_replay] ep 104/300 | train loss=0.0000 top1=1.000 | val loss=0.0001 | t=0.1s
[finetune_replay] ep 105/300 | train loss=0.0000 top1=1.000 | val loss=0.0001 | t=0.1s
[finetune_replay] ep 106/300 | train loss=0.0000 top1=1.000 | val loss=0.0001 | t=0.1s
[finetune_replay] ep 107/300 | train loss=0.0000 top1=1.000 | val loss=0.0001 | t=0.1s
[finetune_replay] ep 108/300 | train loss=0.0000 top1=1.000 | val loss=0.0001 | t=0.1s  *
[finetune_replay] ep 109/300 | train loss=0.0000 top1=1.000 | val loss=0.0001 | t=0.1s
[finetune_replay] ep 110/300 | train loss=0.0000 top1=1.000 | val loss=0.0001 | t=0.1s
[finetune_replay] ep 111/300 | train loss=0.0000 top1=1.000 | val loss=0.0001 | t=0.1s  *
[finetune_replay] ep 112/300 | train loss=0.0000 top1=1.000 | val loss=0.0001 | t=0.1s  *
[finetune_replay] ep 113/300 | train loss=0.0000 top1=1.000 | val loss=0.0001 | t=0.1s
[finetune_replay] ep 114/300 | train loss=0.0000 top1=1.000 | val loss=0.0001 | t=0.1s  *
[finetune_replay] ep 115/300 | train loss=0.0000 top1=1.000 | val loss=0.0001 | t=0.1s
[finetune_replay] ep 116/300 | train loss=0.0000 top1=1.000 | val loss=0.0001 | t=0.1s
[finetune_replay] ep 117/300 | train loss=0.0000 top1=1.000 | val loss=0.0001 | t=0.1s
[finetune_replay] ep 118/300 | train loss=0.0000 top1=1.000 | val loss=0.0001 | t=0.1s
[finetune_replay] ep 119/300 | train loss=0.0000 top1=1.000 | val loss=0.0001 | t=0.1s
[finetune_replay] ep 120/300 | train loss=0.0000 top1=1.000 | val loss=0.0001 | t=0.1s
[finetune_replay] ep 121/300 | train loss=0.0000 top1=1.000 | val loss=0.0001 | t=0.1s
[finetune_replay] ep 122/300 | train loss=0.0000 top1=1.000 | val loss=0.0001 | t=0.1s
[finetune_replay] ep 123/300 | train loss=0.0000 top1=1.000 | val loss=0.0001 | t=0.1s
[finetune_replay] ep 124/300 | train loss=0.0000 top1=1.000 | val loss=0.0001 | t=0.1s
[finetune_replay] ep 125/300 | train loss=0.0000 top1=1.000 | val loss=0.0001 | t=0.1s
[finetune_replay] ep 126/300 | train loss=0.0000 top1=1.000 | val loss=0.0001 | t=0.1s
[finetune_replay] ep 127/300 | train loss=0.0000 top1=1.000 | val loss=0.0001 | t=0.1s
[finetune_replay] ep 128/300 | train loss=0.0000 top1=1.000 | val loss=0.0001 | t=0.1s
[finetune_replay] ep 129/300 | train loss=0.0000 top1=1.000 | val loss=0.0001 | t=0.1s
[finetune_replay] ep 130/300 | train loss=0.0000 top1=1.000 | val loss=0.0001 | t=0.1s
[finetune_replay] ep 131/300 | train loss=0.0000 top1=1.000 | val loss=0.0001 | t=0.1s
[finetune_replay] ep 132/300 | train loss=0.0000 top1=1.000 | val loss=0.0001 | t=0.1s  *
[finetune_replay] ep 133/300 | train loss=0.0000 top1=1.000 | val loss=0.0001 | t=0.1s  *
[finetune_replay] ep 134/300 | train loss=0.0000 top1=1.000 | val loss=0.0001 | t=0.1s  *
[finetune_replay] ep 135/300 | train loss=0.0000 top1=1.000 | val loss=0.0001 | t=0.1s
[finetune_replay] ep 136/300 | train loss=0.0000 top1=1.000 | val loss=0.0001 | t=0.1s
[finetune_replay] ep 137/300 | train loss=0.0000 top1=1.000 | val loss=0.0001 | t=0.1s
[finetune_replay] ep 138/300 | train loss=0.0000 top1=1.000 | val loss=0.0001 | t=0.1s
[finetune_replay] ep 139/300 | train loss=0.0000 top1=1.000 | val loss=0.0001 | t=0.1s
[finetune_replay] ep 140/300 | train loss=0.0000 top1=1.000 | val loss=0.0001 | t=0.1s
[finetune_replay] ep 141/300 | train loss=0.0000 top1=1.000 | val loss=0.0001 | t=0.1s
[finetune_replay] ep 142/300 | train loss=0.0000 top1=1.000 | val loss=0.0001 | t=0.1s
[finetune_replay] ep 143/300 | train loss=0.0000 top1=1.000 | val loss=0.0001 | t=0.1s
[finetune_replay] ep 144/300 | train loss=0.0000 top1=1.000 | val loss=0.0001 | t=0.1s
[finetune_replay] ep 145/300 | train loss=0.0000 top1=1.000 | val loss=0.0001 | t=0.1s
[finetune_replay] ep 146/300 | train loss=0.0000 top1=1.000 | val loss=0.0001 | t=0.1s
[finetune_replay] ep 147/300 | train loss=0.0000 top1=1.000 | val loss=0.0001 | t=0.2s
[finetune_replay] ep 148/300 | train loss=0.0000 top1=1.000 | val loss=0.0001 | t=0.1s
[finetune_replay] ep 149/300 | train loss=0.0000 top1=1.000 | val loss=0.0001 | t=0.1s
[finetune_replay] ep 150/300 | train loss=0.0000 top1=1.000 | val loss=0.0001 | t=0.1s
[finetune_replay] ep 151/300 | train loss=0.0000 top1=1.000 | val loss=0.0001 | t=0.1s
[finetune_replay] ep 152/300 | train loss=0.0000 top1=1.000 | val loss=0.0001 | t=0.1s
[finetune_replay] ep 153/300 | train loss=0.0000 top1=1.000 | val loss=0.0001 | t=0.1s
[finetune_replay] ep 154/300 | train loss=0.0000 top1=1.000 | val loss=0.0001 | t=0.1s
[finetune_replay] ep 155/300 | train loss=0.0000 top1=1.000 | val loss=0.0001 | t=0.1s
[finetune_replay] ep 156/300 | train loss=0.0000 top1=1.000 | val loss=0.0001 | t=0.1s
[finetune_replay] ep 157/300 | train loss=0.0000 top1=1.000 | val loss=0.0001 | t=0.1s
[finetune_replay] ep 158/300 | train loss=0.0000 top1=1.000 | val loss=0.0001 | t=0.1s
[finetune_replay] ep 159/300 | train loss=0.0000 top1=1.000 | val loss=0.0001 | t=0.1s
[finetune_replay] ep 160/300 | train loss=0.0000 top1=1.000 | val loss=0.0001 | t=0.1s
[finetune_replay] ep 161/300 | train loss=0.0000 top1=1.000 | val loss=0.0001 | t=0.1s
[finetune_replay] ep 162/300 | train loss=0.0000 top1=1.000 | val loss=0.0001 | t=0.1s
[finetune_replay] ep 163/300 | train loss=0.0000 top1=1.000 | val loss=0.0001 | t=0.1s
[finetune_replay] ep 164/300 | train loss=0.0000 top1=1.000 | val loss=0.0001 | t=0.1s
[finetune_replay] ep 165/300 | train loss=0.0000 top1=1.000 | val loss=0.0001 | t=0.1s
[finetune_replay] ep 166/300 | train loss=0.0000 top1=1.000 | val loss=0.0001 | t=0.1s
[finetune_replay] ep 167/300 | train loss=0.0000 top1=1.000 | val loss=0.0001 | t=0.1s
[finetune_replay] ep 168/300 | train loss=0.0000 top1=1.000 | val loss=0.0001 | t=0.1s
[finetune_replay] ep 169/300 | train loss=0.0000 top1=1.000 | val loss=0.0001 | t=0.1s
[finetune_replay] ep 170/300 | train loss=0.0000 top1=1.000 | val loss=0.0001 | t=0.1s
[finetune_replay] ep 171/300 | train loss=0.0000 top1=1.000 | val loss=0.0001 | t=0.1s  *
[finetune_replay] ep 172/300 | train loss=0.0000 top1=1.000 | val loss=0.0001 | t=0.1s
[finetune_replay] ep 173/300 | train loss=0.0000 top1=1.000 | val loss=0.0001 | t=0.1s
[finetune_replay] ep 174/300 | train loss=0.0000 top1=1.000 | val loss=0.0001 | t=0.1s
[finetune_replay] ep 175/300 | train loss=0.0000 top1=1.000 | val loss=0.0001 | t=0.1s  *
[finetune_replay] ep 176/300 | train loss=0.0000 top1=1.000 | val loss=0.0001 | t=0.1s
[finetune_replay] ep 177/300 | train loss=0.0000 top1=1.000 | val loss=0.0001 | t=0.1s  *
[finetune_replay] ep 178/300 | train loss=0.0000 top1=1.000 | val loss=0.0001 | t=0.1s
[finetune_replay] ep 179/300 | train loss=0.0000 top1=1.000 | val loss=0.0001 | t=0.1s
[finetune_replay] ep 180/300 | train loss=0.0000 top1=1.000 | val loss=0.0001 | t=0.1s
[finetune_replay] ep 181/300 | train loss=0.0000 top1=1.000 | val loss=0.0001 | t=0.1s
[finetune_replay] ep 182/300 | train loss=0.0000 top1=1.000 | val loss=0.0001 | t=0.1s
[finetune_replay] ep 183/300 | train loss=0.0000 top1=1.000 | val loss=0.0001 | t=0.1s
[finetune_replay] ep 184/300 | train loss=0.0000 top1=1.000 | val loss=0.0001 | t=0.1s
[finetune_replay] ep 185/300 | train loss=0.0000 top1=1.000 | val loss=0.0001 | t=0.1s
[finetune_replay] ep 186/300 | train loss=0.0000 top1=1.000 | val loss=0.0001 | t=0.1s
[finetune_replay] ep 187/300 | train loss=0.0000 top1=1.000 | val loss=0.0001 | t=0.1s
[finetune_replay] ep 188/300 | train loss=0.0000 top1=1.000 | val loss=0.0001 | t=0.1s
[finetune_replay] ep 189/300 | train loss=0.0000 top1=1.000 | val loss=0.0001 | t=0.1s
[finetune_replay] ep 190/300 | train loss=0.0000 top1=1.000 | val loss=0.0001 | t=0.1s
[finetune_replay] ep 191/300 | train loss=0.0000 top1=1.000 | val loss=0.0001 | t=0.1s
[finetune_replay] ep 192/300 | train loss=0.0000 top1=1.000 | val loss=0.0001 | t=0.1s
[finetune_replay] ep 193/300 | train loss=0.0000 top1=1.000 | val loss=0.0001 | t=0.1s
[finetune_replay] ep 194/300 | train loss=0.0000 top1=1.000 | val loss=0.0001 | t=0.1s
[finetune_replay] ep 195/300 | train loss=0.0000 top1=1.000 | val loss=0.0001 | t=0.1s
[finetune_replay] ep 196/300 | train loss=0.0000 top1=1.000 | val loss=0.0001 | t=0.1s
[finetune_replay] ep 197/300 | train loss=0.0000 top1=1.000 | val loss=0.0001 | t=0.1s
[finetune_replay] ep 198/300 | train loss=0.0000 top1=1.000 | val loss=0.0001 | t=0.1s
[finetune_replay] ep 199/300 | train loss=0.0000 top1=1.000 | val loss=0.0001 | t=0.1s
[finetune_replay] ep 200/300 | train loss=0.0000 top1=1.000 | val loss=0.0001 | t=0.1s
[finetune_replay] ep 201/300 | train loss=0.0000 top1=1.000 | val loss=0.0001 | t=0.1s
[finetune_replay] ep 202/300 | train loss=0.0000 top1=1.000 | val loss=0.0001 | t=0.1s
[finetune_replay] ep 203/300 | train loss=0.0000 top1=1.000 | val loss=0.0001 | t=0.1s
[finetune_replay] ep 204/300 | train loss=0.0000 top1=1.000 | val loss=0.0001 | t=0.1s
[finetune_replay] ep 205/300 | train loss=0.0000 top1=1.000 | val loss=0.0001 | t=0.1s
[finetune_replay] ep 206/300 | train loss=0.0000 top1=1.000 | val loss=0.0001 | t=0.1s
[finetune_replay] ep 207/300 | train loss=0.0000 top1=1.000 | val loss=0.0001 | t=0.1s
[finetune_replay] ep 208/300 | train loss=0.0000 top1=1.000 | val loss=0.0001 | t=0.1s
[finetune_replay] ep 209/300 | train loss=0.0000 top1=1.000 | val loss=0.0001 | t=0.1s
[finetune_replay] ep 210/300 | train loss=0.0000 top1=1.000 | val loss=0.0001 | t=0.1s
[finetune_replay] ep 211/300 | train loss=0.0000 top1=1.000 | val loss=0.0001 | t=0.1s
[finetune_replay] ep 212/300 | train loss=0.0000 top1=1.000 | val loss=0.0001 | t=0.1s
[finetune_replay] ep 213/300 | train loss=0.0000 top1=1.000 | val loss=0.0001 | t=0.1s
[finetune_replay] ep 214/300 | train loss=0.0000 top1=1.000 | val loss=0.0001 | t=0.1s
[finetune_replay] ep 215/300 | train loss=0.0000 top1=1.000 | val loss=0.0001 | t=0.1s
[finetune_replay] ep 216/300 | train loss=0.0000 top1=1.000 | val loss=0.0001 | t=0.1s
[finetune_replay] ep 217/300 | train loss=0.0000 top1=1.000 | val loss=0.0001 | t=0.1s
[finetune_replay] ep 218/300 | train loss=0.0000 top1=1.000 | val loss=0.0001 | t=0.1s  *
[finetune_replay] ep 219/300 | train loss=0.0000 top1=1.000 | val loss=0.0001 | t=0.1s  *
[finetune_replay] ep 220/300 | train loss=0.0000 top1=1.000 | val loss=0.0001 | t=0.1s  *
[finetune_replay] ep 221/300 | train loss=0.0000 top1=1.000 | val loss=0.0001 | t=0.1s
[finetune_replay] ep 222/300 | train loss=0.0000 top1=1.000 | val loss=0.0001 | t=0.1s
[finetune_replay] ep 223/300 | train loss=0.0000 top1=1.000 | val loss=0.0001 | t=0.1s
[finetune_replay] ep 224/300 | train loss=0.0000 top1=1.000 | val loss=0.0001 | t=0.1s
[finetune_replay] ep 225/300 | train loss=0.0000 top1=1.000 | val loss=0.0001 | t=0.1s
[finetune_replay] ep 226/300 | train loss=0.0000 top1=1.000 | val loss=0.0001 | t=0.1s
[finetune_replay] ep 227/300 | train loss=0.0000 top1=1.000 | val loss=0.0001 | t=0.1s
[finetune_replay] ep 228/300 | train loss=0.0000 top1=1.000 | val loss=0.0001 | t=0.1s
[finetune_replay] ep 229/300 | train loss=0.0000 top1=1.000 | val loss=0.0001 | t=0.1s
[finetune_replay] ep 230/300 | train loss=0.0000 top1=1.000 | val loss=0.0001 | t=0.1s
[finetune_replay] ep 231/300 | train loss=0.0000 top1=1.000 | val loss=0.0001 | t=0.1s
[finetune_replay] ep 232/300 | train loss=0.0000 top1=1.000 | val loss=0.0001 | t=0.1s
[finetune_replay] ep 233/300 | train loss=0.0000 top1=1.000 | val loss=0.0001 | t=0.1s
[finetune_replay] ep 234/300 | train loss=0.0000 top1=1.000 | val loss=0.0001 | t=0.1s
[finetune_replay] ep 235/300 | train loss=0.0000 top1=1.000 | val loss=0.0001 | t=0.1s
[finetune_replay] ep 236/300 | train loss=0.0000 top1=1.000 | val loss=0.0001 | t=0.1s
[finetune_replay] ep 237/300 | train loss=0.0000 top1=1.000 | val loss=0.0001 | t=0.1s
[finetune_replay] ep 238/300 | train loss=0.0000 top1=1.000 | val loss=0.0001 | t=0.1s
[finetune_replay] ep 239/300 | train loss=0.0000 top1=1.000 | val loss=0.0001 | t=0.1s
[finetune_replay] ep 240/300 | train loss=0.0000 top1=1.000 | val loss=0.0001 | t=0.1s
[finetune_replay] ep 241/300 | train loss=0.0000 top1=1.000 | val loss=0.0001 | t=0.1s
[finetune_replay] ep 242/300 | train loss=0.0000 top1=1.000 | val loss=0.0001 | t=0.1s
[finetune_replay] ep 243/300 | train loss=0.0000 top1=1.000 | val loss=0.0001 | t=0.1s
[finetune_replay] ep 244/300 | train loss=0.0000 top1=1.000 | val loss=0.0001 | t=0.1s
[finetune_replay] ep 245/300 | train loss=0.0000 top1=1.000 | val loss=0.0001 | t=0.1s
[finetune_replay] ep 246/300 | train loss=0.0000 top1=1.000 | val loss=0.0001 | t=0.1s
[finetune_replay] ep 247/300 | train loss=0.0000 top1=1.000 | val loss=0.0001 | t=0.1s
[finetune_replay] ep 248/300 | train loss=0.0000 top1=1.000 | val loss=0.0001 | t=0.1s
[finetune_replay] ep 249/300 | train loss=0.0000 top1=1.000 | val loss=0.0001 | t=0.1s
[finetune_replay] ep 250/300 | train loss=0.0000 top1=1.000 | val loss=0.0001 | t=0.1s
[finetune_replay] ep 251/300 | train loss=0.0000 top1=1.000 | val loss=0.0001 | t=0.1s
[finetune_replay] ep 252/300 | train loss=0.0000 top1=1.000 | val loss=0.0001 | t=0.1s
[finetune_replay] ep 253/300 | train loss=0.0000 top1=1.000 | val loss=0.0001 | t=0.1s
[finetune_replay] ep 254/300 | train loss=0.0000 top1=1.000 | val loss=0.0001 | t=0.1s
[finetune_replay] ep 255/300 | train loss=0.0000 top1=1.000 | val loss=0.0001 | t=0.1s
[finetune_replay] ep 256/300 | train loss=0.0000 top1=1.000 | val loss=0.0001 | t=0.1s
[finetune_replay] ep 257/300 | train loss=0.0000 top1=1.000 | val loss=0.0001 | t=0.1s
[finetune_replay] ep 258/300 | train loss=0.0000 top1=1.000 | val loss=0.0001 | t=0.1s
[finetune_replay] ep 259/300 | train loss=0.0000 top1=1.000 | val loss=0.0001 | t=0.1s
[finetune_replay] ep 260/300 | train loss=0.0000 top1=1.000 | val loss=0.0001 | t=0.1s
[finetune_replay] ep 261/300 | train loss=0.0000 top1=1.000 | val loss=0.0001 | t=0.1s
[finetune_replay] ep 262/300 | train loss=0.0000 top1=1.000 | val loss=0.0001 | t=0.1s
[finetune_replay] ep 263/300 | train loss=0.0000 top1=1.000 | val loss=0.0001 | t=0.1s
[finetune_replay] ep 264/300 | train loss=0.0000 top1=1.000 | val loss=0.0001 | t=0.1s
[finetune_replay] ep 265/300 | train loss=0.0000 top1=1.000 | val loss=0.0001 | t=0.1s
[finetune_replay] ep 266/300 | train loss=0.0000 top1=1.000 | val loss=0.0001 | t=0.1s
[finetune_replay] ep 267/300 | train loss=0.0000 top1=1.000 | val loss=0.0001 | t=0.1s
[finetune_replay] ep 268/300 | train loss=0.0000 top1=1.000 | val loss=0.0001 | t=0.1s
[finetune_replay] ep 269/300 | train loss=0.0000 top1=1.000 | val loss=0.0001 | t=0.1s
[finetune_replay] ep 270/300 | train loss=0.0000 top1=1.000 | val loss=0.0001 | t=0.1s
[finetune_replay] ep 271/300 | train loss=0.0000 top1=1.000 | val loss=0.0001 | t=0.1s
[finetune_replay] ep 272/300 | train loss=0.0000 top1=1.000 | val loss=0.0001 | t=0.1s
[finetune_replay] ep 273/300 | train loss=0.0000 top1=1.000 | val loss=0.0001 | t=0.1s
[finetune_replay] ep 274/300 | train loss=0.0000 top1=1.000 | val loss=0.0001 | t=0.1s
[finetune_replay] ep 275/300 | train loss=0.0000 top1=1.000 | val loss=0.0001 | t=0.1s
[finetune_replay] ep 276/300 | train loss=0.0000 top1=1.000 | val loss=0.0001 | t=0.1s
[finetune_replay] ep 277/300 | train loss=0.0000 top1=1.000 | val loss=0.0001 | t=0.1s
[finetune_replay] ep 278/300 | train loss=0.0000 top1=1.000 | val loss=0.0001 | t=0.1s
[finetune_replay] ep 279/300 | train loss=0.0000 top1=1.000 | val loss=0.0001 | t=0.1s
[finetune_replay] ep 280/300 | train loss=0.0000 top1=1.000 | val loss=0.0001 | t=0.1s
[finetune_replay] ep 281/300 | train loss=0.0000 top1=1.000 | val loss=0.0001 | t=0.1s
[finetune_replay] ep 282/300 | train loss=0.0000 top1=1.000 | val loss=0.0001 | t=0.1s
[finetune_replay] ep 283/300 | train loss=0.0000 top1=1.000 | val loss=0.0001 | t=0.1s
[finetune_replay] ep 284/300 | train loss=0.0000 top1=1.000 | val loss=0.0001 | t=0.1s
[finetune_replay] ep 285/300 | train loss=0.0000 top1=1.000 | val loss=0.0001 | t=0.1s
[finetune_replay] ep 286/300 | train loss=0.0000 top1=1.000 | val loss=0.0001 | t=0.1s
[finetune_replay] ep 287/300 | train loss=0.0000 top1=1.000 | val loss=0.0001 | t=0.1s
[finetune_replay] ep 288/300 | train loss=0.0000 top1=1.000 | val loss=0.0001 | t=0.1s
[finetune_replay] ep 289/300 | train loss=0.0000 top1=1.000 | val loss=0.0001 | t=0.1s
[finetune_replay] ep 290/300 | train loss=0.0000 top1=1.000 | val loss=0.0001 | t=0.1s
[finetune_replay] ep 291/300 | train loss=0.0000 top1=1.000 | val loss=0.0001 | t=0.1s
[finetune_replay] ep 292/300 | train loss=0.0000 top1=1.000 | val loss=0.0001 | t=0.1s
[finetune_replay] ep 293/300 | train loss=0.0000 top1=1.000 | val loss=0.0001 | t=0.1s
[finetune_replay] ep 294/300 | train loss=0.0000 top1=1.000 | val loss=0.0001 | t=0.1s
[finetune_replay] ep 295/300 | train loss=0.0000 top1=1.000 | val loss=0.0001 | t=0.1s
[finetune_replay] ep 296/300 | train loss=0.0000 top1=1.000 | val loss=0.0001 | t=0.1s
[finetune_replay] ep 297/300 | train loss=0.0000 top1=1.000 | val loss=0.0001 | t=0.1s
[finetune_replay] ep 298/300 | train loss=0.0000 top1=1.000 | val loss=0.0001 | t=0.1s
[finetune_replay] ep 299/300 | train loss=0.0000 top1=1.000 | val loss=0.0001 | t=0.1s
[finetune_replay] ep 300/300 | train loss=0.0000 top1=1.000 | val loss=0.0001 | t=0.1s
[finetune_replay] DONE best_val_loss=0.0001 @ epoch 220
[20:02:20] [bo-budget] $ /home/s226137394/.conda/envs/maze/bin/python3 -u -m Equivariant_pathway.equivariant_CNN_hybrid.rollout_test --checkpoint /weka/s226137394/DmNfull/Equivariant_pathway/equivariant_CNN_hybrid/baseline_vs_p4/pool_x_selector/results_hpsweep/e300_lr0.0001_rm0.7_do0/run_6/p4_top3_rotate/checkpoints/best_hybrid_policy.pth --layouts /weka/s226137394/DmNfull/Equivariant_pathway/equivariant_CNN_hybrid/baseline_vs_p4/shared/heldout_layouts.yaml --out_dir /weka/s226137394/DmNfull/Equivariant_pathway/equivariant_CNN_hybrid/baseline_vs_p4/pool_x_selector/results_hpsweep/e300_lr0.0001_rm0.7_do0/run_6/p4_top3_rotate/results/eval_round_013 --seed 19 --max_steps 60
[hybrid-rollout] 200 unique; running 200 eps
[hybrid-rollout] loaded /weka/s226137394/DmNfull/Equivariant_pathway/equivariant_CNN_hybrid/baseline_vs_p4/pool_x_selector/results_hpsweep/e300_lr0.0001_rm0.7_do0/run_6/p4_top3_rotate/checkpoints/best_hybrid_policy.pth
[hybrid-rollout] ep 0 (heldout_001): steps=5 success=True
[hybrid-rollout] ep 1 (heldout_002): steps=4 success=True
[hybrid-rollout] ep 2 (heldout_003): steps=60 success=False
[hybrid-rollout] ep 3 (heldout_004): steps=6 success=True
[hybrid-rollout] ep 4 (heldout_005): steps=5 success=True
[hybrid-rollout] ep 5 (heldout_006): steps=3 success=False
[hybrid-rollout] ep 6 (heldout_007): steps=5 success=True
[hybrid-rollout] ep 7 (heldout_008): steps=4 success=True
[hybrid-rollout] ep 8 (heldout_009): steps=6 success=True
[hybrid-rollout] ep 9 (heldout_010): steps=8 success=True
[hybrid-rollout] ep 10 (heldout_011): steps=4 success=True
[hybrid-rollout] ep 11 (heldout_012): steps=4 success=True
[hybrid-rollout] ep 12 (heldout_013): steps=5 success=True
[hybrid-rollout] ep 13 (heldout_014): steps=5 success=True
[hybrid-rollout] ep 14 (heldout_015): steps=4 success=True
[hybrid-rollout] ep 15 (heldout_016): steps=5 success=True
[hybrid-rollout] ep 16 (heldout_017): steps=4 success=True
[hybrid-rollout] ep 17 (heldout_018): steps=60 success=False
[hybrid-rollout] ep 18 (heldout_019): steps=5 success=True
[hybrid-rollout] ep 19 (heldout_020): steps=5 success=True
[hybrid-rollout] ep 20 (heldout_021): steps=4 success=True
[hybrid-rollout] ep 21 (heldout_022): steps=60 success=False
[hybrid-rollout] ep 22 (heldout_023): steps=7 success=True
[hybrid-rollout] ep 23 (heldout_024): steps=60 success=False
[hybrid-rollout] ep 24 (heldout_025): steps=4 success=True
[hybrid-rollout] ep 25 (heldout_026): steps=4 success=True
[hybrid-rollout] ep 26 (heldout_027): steps=4 success=True
[hybrid-rollout] ep 27 (heldout_028): steps=4 success=True
[hybrid-rollout] ep 28 (heldout_029): steps=5 success=True
[hybrid-rollout] ep 29 (heldout_030): steps=60 success=False
[hybrid-rollout] ep 30 (heldout_031): steps=5 success=True
[hybrid-rollout] ep 31 (heldout_032): steps=7 success=True
[hybrid-rollout] ep 32 (heldout_033): steps=4 success=True
[hybrid-rollout] ep 33 (heldout_034): steps=5 success=True
[hybrid-rollout] ep 34 (heldout_035): steps=6 success=True
[hybrid-rollout] ep 35 (heldout_036): steps=5 success=True
[hybrid-rollout] ep 36 (heldout_037): steps=4 success=True
[hybrid-rollout] ep 37 (heldout_038): steps=5 success=True
[hybrid-rollout] ep 38 (heldout_039): steps=6 success=True
[hybrid-rollout] ep 39 (heldout_040): steps=5 success=True
[hybrid-rollout] ep 40 (heldout_041): steps=60 success=False
[hybrid-rollout] ep 41 (heldout_042): steps=60 success=False
[hybrid-rollout] ep 42 (heldout_043): steps=4 success=True
[hybrid-rollout] ep 43 (heldout_044): steps=5 success=True
[hybrid-rollout] ep 44 (heldout_045): steps=5 success=True
[hybrid-rollout] ep 45 (heldout_046): steps=4 success=True
[hybrid-rollout] ep 46 (heldout_047): steps=4 success=True
[hybrid-rollout] ep 47 (heldout_048): steps=6 success=True
[hybrid-rollout] ep 48 (heldout_049): steps=5 success=True
[hybrid-rollout] ep 49 (heldout_050): steps=4 success=True
[hybrid-rollout] ep 50 (heldout_051): steps=4 success=True
[hybrid-rollout] ep 51 (heldout_052): steps=4 success=True
[hybrid-rollout] ep 52 (heldout_053): steps=6 success=True
[hybrid-rollout] ep 53 (heldout_054): steps=4 success=True
[hybrid-rollout] ep 54 (heldout_055): steps=60 success=False
[hybrid-rollout] ep 55 (heldout_056): steps=4 success=True
[hybrid-rollout] ep 56 (heldout_057): steps=4 success=True
[hybrid-rollout] ep 57 (heldout_058): steps=4 success=True
[hybrid-rollout] ep 58 (heldout_059): steps=5 success=True
[hybrid-rollout] ep 59 (heldout_060): steps=6 success=True
[hybrid-rollout] ep 60 (heldout_061): steps=5 success=True
[hybrid-rollout] ep 61 (heldout_062): steps=6 success=True
[hybrid-rollout] ep 62 (heldout_063): steps=5 success=True
[hybrid-rollout] ep 63 (heldout_064): steps=4 success=True
[hybrid-rollout] ep 64 (heldout_065): steps=7 success=True
[hybrid-rollout] ep 65 (heldout_066): steps=6 success=True
[hybrid-rollout] ep 66 (heldout_067): steps=5 success=True
[hybrid-rollout] ep 67 (heldout_068): steps=4 success=True
[hybrid-rollout] ep 68 (heldout_069): steps=4 success=True
[hybrid-rollout] ep 69 (heldout_070): steps=7 success=True
[hybrid-rollout] ep 70 (heldout_071): steps=5 success=True
[hybrid-rollout] ep 71 (heldout_072): steps=5 success=True
[hybrid-rollout] ep 72 (heldout_073): steps=3 success=False
[hybrid-rollout] ep 73 (heldout_074): steps=4 success=True
[hybrid-rollout] ep 74 (heldout_075): steps=5 success=True
[hybrid-rollout] ep 75 (heldout_076): steps=7 success=True
[hybrid-rollout] ep 76 (heldout_077): steps=4 success=True
[hybrid-rollout] ep 77 (heldout_078): steps=6 success=True
[hybrid-rollout] ep 78 (heldout_079): steps=4 success=True
[hybrid-rollout] ep 79 (heldout_080): steps=4 success=True
[hybrid-rollout] ep 80 (heldout_081): steps=5 success=True
[hybrid-rollout] ep 81 (heldout_082): steps=5 success=True
[hybrid-rollout] ep 82 (heldout_083): steps=4 success=True
[hybrid-rollout] ep 83 (heldout_084): steps=5 success=True
[hybrid-rollout] ep 84 (heldout_085): steps=60 success=False
[hybrid-rollout] ep 85 (heldout_086): steps=6 success=True
[hybrid-rollout] ep 86 (heldout_087): steps=7 success=True
[hybrid-rollout] ep 87 (heldout_088): steps=4 success=True
[hybrid-rollout] ep 88 (heldout_089): steps=3 success=False
[hybrid-rollout] ep 89 (heldout_090): steps=4 success=True
[hybrid-rollout] ep 90 (heldout_091): steps=5 success=True
[hybrid-rollout] ep 91 (heldout_092): steps=5 success=True
[hybrid-rollout] ep 92 (heldout_093): steps=6 success=True
[hybrid-rollout] ep 93 (heldout_094): steps=6 success=True
[hybrid-rollout] ep 94 (heldout_095): steps=7 success=True
[hybrid-rollout] ep 95 (heldout_096): steps=5 success=True
[hybrid-rollout] ep 96 (heldout_097): steps=5 success=True
[hybrid-rollout] ep 97 (heldout_098): steps=5 success=True
[hybrid-rollout] ep 98 (heldout_099): steps=6 success=True
[hybrid-rollout] ep 99 (heldout_100): steps=60 success=False
[hybrid-rollout] ep 100 (heldout_101): steps=4 success=True
[hybrid-rollout] ep 101 (heldout_102): steps=4 success=True
[hybrid-rollout] ep 102 (heldout_103): steps=60 success=False
[hybrid-rollout] ep 103 (heldout_104): steps=6 success=True
[hybrid-rollout] ep 104 (heldout_105): steps=6 success=True
[hybrid-rollout] ep 105 (heldout_106): steps=6 success=True
[hybrid-rollout] ep 106 (heldout_107): steps=4 success=True
[hybrid-rollout] ep 107 (heldout_108): steps=4 success=True
[hybrid-rollout] ep 108 (heldout_109): steps=4 success=True
[hybrid-rollout] ep 109 (heldout_110): steps=4 success=True
[hybrid-rollout] ep 110 (heldout_111): steps=5 success=False
[hybrid-rollout] ep 111 (heldout_112): steps=5 success=True
[hybrid-rollout] ep 112 (heldout_113): steps=5 success=True
[hybrid-rollout] ep 113 (heldout_114): steps=60 success=False
[hybrid-rollout] ep 114 (heldout_115): steps=4 success=True
[hybrid-rollout] ep 115 (heldout_116): steps=5 success=True
[hybrid-rollout] ep 116 (heldout_117): steps=5 success=True
[hybrid-rollout] ep 117 (heldout_118): steps=9 success=True
[hybrid-rollout] ep 118 (heldout_119): steps=4 success=True
[hybrid-rollout] ep 119 (heldout_120): steps=7 success=True
[hybrid-rollout] ep 120 (heldout_121): steps=4 success=True
[hybrid-rollout] ep 121 (heldout_122): steps=4 success=True
[hybrid-rollout] ep 122 (heldout_123): steps=6 success=True
[hybrid-rollout] ep 123 (heldout_124): steps=8 success=True
[hybrid-rollout] ep 124 (heldout_125): steps=4 success=True
[hybrid-rollout] ep 125 (heldout_126): steps=4 success=True
[hybrid-rollout] ep 126 (heldout_127): steps=60 success=False
[hybrid-rollout] ep 127 (heldout_128): steps=7 success=True
[hybrid-rollout] ep 128 (heldout_129): steps=60 success=False
[hybrid-rollout] ep 129 (heldout_130): steps=4 success=True
[hybrid-rollout] ep 130 (heldout_131): steps=5 success=False
[hybrid-rollout] ep 131 (heldout_132): steps=4 success=True
[hybrid-rollout] ep 132 (heldout_133): steps=4 success=True
[hybrid-rollout] ep 133 (heldout_134): steps=7 success=True
[hybrid-rollout] ep 134 (heldout_135): steps=6 success=True
[hybrid-rollout] ep 135 (heldout_136): steps=5 success=True
[hybrid-rollout] ep 136 (heldout_137): steps=5 success=True
[hybrid-rollout] ep 137 (heldout_138): steps=4 success=True
[hybrid-rollout] ep 138 (heldout_139): steps=4 success=True
[hybrid-rollout] ep 139 (heldout_140): steps=5 success=True
[hybrid-rollout] ep 140 (heldout_141): steps=5 success=True
[hybrid-rollout] ep 141 (heldout_142): steps=4 success=True
[hybrid-rollout] ep 142 (heldout_143): steps=6 success=True
[hybrid-rollout] ep 143 (heldout_144): steps=4 success=True
[hybrid-rollout] ep 144 (heldout_145): steps=5 success=True
[hybrid-rollout] ep 145 (heldout_146): steps=7 success=True
[hybrid-rollout] ep 146 (heldout_147): steps=4 success=True
[hybrid-rollout] ep 147 (heldout_148): steps=60 success=False
[hybrid-rollout] ep 148 (heldout_149): steps=5 success=True
[hybrid-rollout] ep 149 (heldout_150): steps=4 success=True
[hybrid-rollout] ep 150 (heldout_151): steps=5 success=True
[hybrid-rollout] ep 151 (heldout_152): steps=6 success=True
[hybrid-rollout] ep 152 (heldout_153): steps=5 success=True
[hybrid-rollout] ep 153 (heldout_154): steps=60 success=False
[hybrid-rollout] ep 154 (heldout_155): steps=6 success=True
[hybrid-rollout] ep 155 (heldout_156): steps=4 success=False
[hybrid-rollout] ep 156 (heldout_157): steps=4 success=True
[hybrid-rollout] ep 157 (heldout_158): steps=3 success=False
[hybrid-rollout] ep 158 (heldout_159): steps=6 success=True
[hybrid-rollout] ep 159 (heldout_160): steps=4 success=True
[hybrid-rollout] ep 160 (heldout_161): steps=60 success=False
[hybrid-rollout] ep 161 (heldout_162): steps=5 success=True
[hybrid-rollout] ep 162 (heldout_163): steps=4 success=True
[hybrid-rollout] ep 163 (heldout_164): steps=6 success=True
[hybrid-rollout] ep 164 (heldout_165): steps=5 success=True
[hybrid-rollout] ep 165 (heldout_166): steps=60 success=False
[hybrid-rollout] ep 166 (heldout_167): steps=4 success=True
[hybrid-rollout] ep 167 (heldout_168): steps=4 success=True
[hybrid-rollout] ep 168 (heldout_169): steps=6 success=True
[hybrid-rollout] ep 169 (heldout_170): steps=6 success=True
[hybrid-rollout] ep 170 (heldout_171): steps=4 success=True
[hybrid-rollout] ep 171 (heldout_172): steps=5 success=True
[hybrid-rollout] ep 172 (heldout_173): steps=4 success=True
[hybrid-rollout] ep 173 (heldout_174): steps=5 success=True
[hybrid-rollout] ep 174 (heldout_175): steps=5 success=True
[hybrid-rollout] ep 175 (heldout_176): steps=6 success=True
[hybrid-rollout] ep 176 (heldout_177): steps=6 success=True
[hybrid-rollout] ep 177 (heldout_178): steps=5 success=True
[hybrid-rollout] ep 178 (heldout_179): steps=5 success=True
[hybrid-rollout] ep 179 (heldout_180): steps=4 success=True
[hybrid-rollout] ep 180 (heldout_181): steps=5 success=True
[hybrid-rollout] ep 181 (heldout_182): steps=4 success=True
[hybrid-rollout] ep 182 (heldout_183): steps=5 success=True
[hybrid-rollout] ep 183 (heldout_184): steps=7 success=True
[hybrid-rollout] ep 184 (heldout_185): steps=5 success=True
[hybrid-rollout] ep 185 (heldout_186): steps=4 success=True
[hybrid-rollout] ep 186 (heldout_187): steps=5 success=True
[hybrid-rollout] ep 187 (heldout_188): steps=5 success=True
[hybrid-rollout] ep 188 (heldout_189): steps=5 success=True
[hybrid-rollout] ep 189 (heldout_190): steps=7 success=True
[hybrid-rollout] ep 190 (heldout_191): steps=4 success=True
[hybrid-rollout] ep 191 (heldout_192): steps=5 success=True
[hybrid-rollout] ep 192 (heldout_193): steps=7 success=True
[hybrid-rollout] ep 193 (heldout_194): steps=6 success=True
[hybrid-rollout] ep 194 (heldout_195): steps=5 success=True
[hybrid-rollout] ep 195 (heldout_196): steps=4 success=True
[hybrid-rollout] ep 196 (heldout_197): steps=5 success=True
[hybrid-rollout] ep 197 (heldout_198): steps=4 success=True
[hybrid-rollout] ep 198 (heldout_199): steps=4 success=True
[hybrid-rollout] ep 199 (heldout_200): steps=4 success=True
[hybrid-rollout] DONE successes=175/200
[20:03:31] [replay_p4] run 6 round 13: extras=13 heldout_sr=0.875
[20:03:31] [replay_p4] $ /home/s226137394/.conda/envs/maze/bin/python3 -u -m Equivariant_pathway.equivariant_CNN_hybrid.baseline_vs_p4.pool_x_selector.trainer.finetune_replay --demo_dir /weka/s226137394/DmNfull/Equivariant_pathway/equivariant_CNN_hybrid/baseline_vs_p4/pool_x_selector/results_hpsweep/e300_lr0.0001_rm0.7_do0/run_6/p4_top3_rotate/demos --checkpoint_dir /weka/s226137394/DmNfull/Equivariant_pathway/equivariant_CNN_hybrid/baseline_vs_p4/pool_x_selector/results_hpsweep/e300_lr0.0001_rm0.7_do0/run_6/p4_top3_rotate/checkpoints --epochs 300 --batch_size 64 --lr 0.0001 --weight_decay 0.0001 --replay_mix 0.7 --replay_mix_floor 0.2 --head_dropout 0.0 --seed 6 --resume --new_demos_dir /weka/s226137394/DmNfull/Equivariant_pathway/equivariant_CNN_hybrid/baseline_vs_p4/pool_x_selector/results_hpsweep/e300_lr0.0001_rm0.7_do0/run_6/p4_top3_rotate/demos/round_014
[finetune_replay] device=cuda demo_dir=/weka/s226137394/DmNfull/Equivariant_pathway/equivariant_CNN_hybrid/baseline_vs_p4/pool_x_selector/results_hpsweep/e300_lr0.0001_rm0.7_do0/run_6/p4_top3_rotate/demos new_demos_dir=/weka/s226137394/DmNfull/Equivariant_pathway/equivariant_CNN_hybrid/baseline_vs_p4/pool_x_selector/results_hpsweep/e300_lr0.0001_rm0.7_do0/run_6/p4_top3_rotate/demos/round_014
[hybrid-dataset] 33 demos -> 175 samples
[hybrid-dataset] 1 demos -> 4 samples
[finetune_replay] sampler audit: {'n_old_samples': 175, 'n_new_samples': 4, 'replay_mix_target': 0.7, 'replay_mix_effective': 0.7, 'replay_mix_floor': 0.2}
[finetune_replay] trainable params: 1,400,028
[finetune_replay] WARM START from last_hybrid_policy.pth
[finetune_replay] ep   1/300 | train loss=0.1256 top1=1.000 | val loss=0.0470 | t=1.0s  *
[finetune_replay] ep   2/300 | train loss=0.0044 top1=1.000 | val loss=0.0057 | t=0.3s  *
[finetune_replay] ep   3/300 | train loss=0.0020 top1=1.000 | val loss=0.0073 | t=0.1s
[finetune_replay] ep   4/300 | train loss=0.0008 top1=1.000 | val loss=0.0097 | t=0.3s
[finetune_replay] ep   5/300 | train loss=0.0005 top1=1.000 | val loss=0.0112 | t=0.1s
[finetune_replay] ep   6/300 | train loss=0.0006 top1=1.000 | val loss=0.0105 | t=0.2s
[finetune_replay] ep   7/300 | train loss=0.0002 top1=1.000 | val loss=0.0074 | t=0.1s
[finetune_replay] ep   8/300 | train loss=0.0003 top1=1.000 | val loss=0.0043 | t=0.1s  *
[finetune_replay] ep   9/300 | train loss=0.0002 top1=1.000 | val loss=0.0020 | t=0.1s  *
[finetune_replay] ep  10/300 | train loss=0.0001 top1=1.000 | val loss=0.0012 | t=0.1s  *
[finetune_replay] ep  11/300 | train loss=0.0001 top1=1.000 | val loss=0.0010 | t=0.2s  *
[finetune_replay] ep  12/300 | train loss=0.0001 top1=1.000 | val loss=0.0010 | t=0.1s  *
[finetune_replay] ep  13/300 | train loss=0.0001 top1=1.000 | val loss=0.0010 | t=0.1s
[finetune_replay] ep  14/300 | train loss=0.0001 top1=1.000 | val loss=0.0012 | t=0.1s
[finetune_replay] ep  15/300 | train loss=0.0001 top1=1.000 | val loss=0.0013 | t=0.1s
[finetune_replay] ep  16/300 | train loss=0.0001 top1=1.000 | val loss=0.0012 | t=0.1s
[finetune_replay] ep  17/300 | train loss=0.0001 top1=1.000 | val loss=0.0010 | t=0.1s
[finetune_replay] ep  18/300 | train loss=0.0001 top1=1.000 | val loss=0.0008 | t=0.1s  *
[finetune_replay] ep  19/300 | train loss=0.0001 top1=1.000 | val loss=0.0008 | t=0.1s  *
[finetune_replay] ep  20/300 | train loss=0.0001 top1=1.000 | val loss=0.0007 | t=0.1s  *
[finetune_replay] ep  21/300 | train loss=0.0000 top1=1.000 | val loss=0.0007 | t=0.1s
[finetune_replay] ep  22/300 | train loss=0.0001 top1=1.000 | val loss=0.0007 | t=0.1s
[finetune_replay] ep  23/300 | train loss=0.0000 top1=1.000 | val loss=0.0007 | t=0.1s
[finetune_replay] ep  24/300 | train loss=0.0000 top1=1.000 | val loss=0.0006 | t=0.1s  *
[finetune_replay] ep  25/300 | train loss=0.0000 top1=1.000 | val loss=0.0007 | t=0.1s
[finetune_replay] ep  26/300 | train loss=0.0000 top1=1.000 | val loss=0.0007 | t=0.1s
[finetune_replay] ep  27/300 | train loss=0.0000 top1=1.000 | val loss=0.0006 | t=0.1s
[finetune_replay] ep  28/300 | train loss=0.0000 top1=1.000 | val loss=0.0006 | t=0.1s  *
[finetune_replay] ep  29/300 | train loss=0.0000 top1=1.000 | val loss=0.0007 | t=0.1s
[finetune_replay] ep  30/300 | train loss=0.0000 top1=1.000 | val loss=0.0008 | t=0.1s
[finetune_replay] ep  31/300 | train loss=0.0000 top1=1.000 | val loss=0.0007 | t=0.1s
[finetune_replay] ep  32/300 | train loss=0.0000 top1=1.000 | val loss=0.0007 | t=0.1s
[finetune_replay] ep  33/300 | train loss=0.0000 top1=1.000 | val loss=0.0005 | t=0.1s  *
[finetune_replay] ep  34/300 | train loss=0.0000 top1=1.000 | val loss=0.0005 | t=0.1s  *
[finetune_replay] ep  35/300 | train loss=0.0000 top1=1.000 | val loss=0.0005 | t=0.2s  *
[finetune_replay] ep  36/300 | train loss=0.0000 top1=1.000 | val loss=0.0005 | t=0.1s
[finetune_replay] ep  37/300 | train loss=0.0000 top1=1.000 | val loss=0.0006 | t=0.1s
[finetune_replay] ep  38/300 | train loss=0.0000 top1=1.000 | val loss=0.0005 | t=0.1s
[finetune_replay] ep  39/300 | train loss=0.0000 top1=1.000 | val loss=0.0005 | t=0.1s
[finetune_replay] ep  40/300 | train loss=0.0000 top1=1.000 | val loss=0.0005 | t=0.1s
[finetune_replay] ep  41/300 | train loss=0.0000 top1=1.000 | val loss=0.0005 | t=0.1s
[finetune_replay] ep  42/300 | train loss=0.0000 top1=1.000 | val loss=0.0005 | t=0.1s
[finetune_replay] ep  43/300 | train loss=0.0000 top1=1.000 | val loss=0.0005 | t=0.1s  *
[finetune_replay] ep  44/300 | train loss=0.0000 top1=1.000 | val loss=0.0005 | t=0.1s
[finetune_replay] ep  45/300 | train loss=0.0000 top1=1.000 | val loss=0.0004 | t=0.1s  *
[finetune_replay] ep  46/300 | train loss=0.0000 top1=1.000 | val loss=0.0005 | t=0.1s
[finetune_replay] ep  47/300 | train loss=0.0000 top1=1.000 | val loss=0.0004 | t=0.1s
[finetune_replay] ep  48/300 | train loss=0.0000 top1=1.000 | val loss=0.0004 | t=0.1s  *
[finetune_replay] ep  49/300 | train loss=0.0000 top1=1.000 | val loss=0.0004 | t=0.1s
[finetune_replay] ep  50/300 | train loss=0.0000 top1=1.000 | val loss=0.0004 | t=0.1s  *
[finetune_replay] ep  51/300 | train loss=0.0000 top1=1.000 | val loss=0.0004 | t=0.1s
[finetune_replay] ep  52/300 | train loss=0.0000 top1=1.000 | val loss=0.0004 | t=0.2s
[finetune_replay] ep  53/300 | train loss=0.0000 top1=1.000 | val loss=0.0004 | t=0.1s
[finetune_replay] ep  54/300 | train loss=0.0000 top1=1.000 | val loss=0.0004 | t=0.1s
[finetune_replay] ep  55/300 | train loss=0.0000 top1=1.000 | val loss=0.0004 | t=0.1s
[finetune_replay] ep  56/300 | train loss=0.0000 top1=1.000 | val loss=0.0004 | t=0.1s
[finetune_replay] ep  57/300 | train loss=0.0000 top1=1.000 | val loss=0.0004 | t=0.1s  *
[finetune_replay] ep  58/300 | train loss=0.0000 top1=1.000 | val loss=0.0004 | t=0.1s  *
[finetune_replay] ep  59/300 | train loss=0.0000 top1=1.000 | val loss=0.0004 | t=0.1s
[finetune_replay] ep  60/300 | train loss=0.0000 top1=1.000 | val loss=0.0004 | t=0.1s  *
[finetune_replay] ep  61/300 | train loss=0.0000 top1=1.000 | val loss=0.0004 | t=0.1s
[finetune_replay] ep  62/300 | train loss=0.0000 top1=1.000 | val loss=0.0003 | t=0.1s  *
[finetune_replay] ep  63/300 | train loss=0.0000 top1=1.000 | val loss=0.0004 | t=0.1s
[finetune_replay] ep  64/300 | train loss=0.0000 top1=1.000 | val loss=0.0004 | t=0.1s
[finetune_replay] ep  65/300 | train loss=0.0000 top1=1.000 | val loss=0.0004 | t=0.1s
[finetune_replay] ep  66/300 | train loss=0.0000 top1=1.000 | val loss=0.0004 | t=0.1s
[finetune_replay] ep  67/300 | train loss=0.0000 top1=1.000 | val loss=0.0004 | t=0.1s
[finetune_replay] ep  68/300 | train loss=0.0000 top1=1.000 | val loss=0.0004 | t=0.1s
[finetune_replay] ep  69/300 | train loss=0.0000 top1=1.000 | val loss=0.0004 | t=0.1s
[finetune_replay] ep  70/300 | train loss=0.0000 top1=1.000 | val loss=0.0004 | t=0.1s
[finetune_replay] ep  71/300 | train loss=0.0000 top1=1.000 | val loss=0.0004 | t=0.1s
[finetune_replay] ep  72/300 | train loss=0.0000 top1=1.000 | val loss=0.0004 | t=0.2s
[finetune_replay] ep  73/300 | train loss=0.0000 top1=1.000 | val loss=0.0004 | t=0.1s
[finetune_replay] ep  74/300 | train loss=0.0000 top1=1.000 | val loss=0.0003 | t=0.1s  *
[finetune_replay] ep  75/300 | train loss=0.0000 top1=1.000 | val loss=0.0004 | t=0.1s
[finetune_replay] ep  76/300 | train loss=0.0000 top1=1.000 | val loss=0.0003 | t=0.1s
[finetune_replay] ep  77/300 | train loss=0.0000 top1=1.000 | val loss=0.0004 | t=0.1s
[finetune_replay] ep  78/300 | train loss=0.0000 top1=1.000 | val loss=0.0004 | t=0.1s
[finetune_replay] ep  79/300 | train loss=0.0000 top1=1.000 | val loss=0.0004 | t=0.1s
[finetune_replay] ep  80/300 | train loss=0.0000 top1=1.000 | val loss=0.0004 | t=0.1s
[finetune_replay] ep  81/300 | train loss=0.0000 top1=1.000 | val loss=0.0004 | t=0.1s
[finetune_replay] ep  82/300 | train loss=0.0000 top1=1.000 | val loss=0.0004 | t=0.1s
[finetune_replay] ep  83/300 | train loss=0.0000 top1=1.000 | val loss=0.0004 | t=0.1s
[finetune_replay] ep  84/300 | train loss=0.0000 top1=1.000 | val loss=0.0004 | t=0.1s
[finetune_replay] ep  85/300 | train loss=0.0000 top1=1.000 | val loss=0.0005 | t=0.1s
[finetune_replay] ep  86/300 | train loss=0.0000 top1=1.000 | val loss=0.0004 | t=0.1s
[finetune_replay] ep  87/300 | train loss=0.0000 top1=1.000 | val loss=0.0004 | t=0.1s
[finetune_replay] ep  88/300 | train loss=0.0000 top1=1.000 | val loss=0.0004 | t=0.1s
[finetune_replay] ep  89/300 | train loss=0.0000 top1=1.000 | val loss=0.0004 | t=0.1s
[finetune_replay] ep  90/300 | train loss=0.0000 top1=1.000 | val loss=0.0004 | t=0.1s
[finetune_replay] ep  91/300 | train loss=0.0000 top1=1.000 | val loss=0.0004 | t=0.1s
[finetune_replay] ep  92/300 | train loss=0.0000 top1=1.000 | val loss=0.0004 | t=0.1s
[finetune_replay] ep  93/300 | train loss=0.0000 top1=1.000 | val loss=0.0004 | t=0.1s
[finetune_replay] ep  94/300 | train loss=0.0000 top1=1.000 | val loss=0.0005 | t=0.1s
[finetune_replay] ep  95/300 | train loss=0.0000 top1=1.000 | val loss=0.0004 | t=0.1s
[finetune_replay] ep  96/300 | train loss=0.0000 top1=1.000 | val loss=0.0004 | t=0.1s
[finetune_replay] ep  97/300 | train loss=0.0000 top1=1.000 | val loss=0.0005 | t=0.1s
[finetune_replay] ep  98/300 | train loss=0.0000 top1=1.000 | val loss=0.0005 | t=0.1s
[finetune_replay] ep  99/300 | train loss=0.0000 top1=1.000 | val loss=0.0005 | t=0.1s
[finetune_replay] ep 100/300 | train loss=0.0000 top1=1.000 | val loss=0.0005 | t=0.1s
[finetune_replay] ep 101/300 | train loss=0.0000 top1=1.000 | val loss=0.0006 | t=0.1s
[finetune_replay] ep 102/300 | train loss=0.0000 top1=1.000 | val loss=0.0004 | t=0.1s
[finetune_replay] ep 103/300 | train loss=0.0000 top1=1.000 | val loss=0.0004 | t=0.1s
[finetune_replay] ep 104/300 | train loss=0.0000 top1=1.000 | val loss=0.0004 | t=0.1s
[finetune_replay] ep 105/300 | train loss=0.0000 top1=1.000 | val loss=0.0005 | t=0.1s
[finetune_replay] ep 106/300 | train loss=0.0000 top1=1.000 | val loss=0.0005 | t=0.1s
[finetune_replay] ep 107/300 | train loss=0.0000 top1=1.000 | val loss=0.0005 | t=0.1s
[finetune_replay] ep 108/300 | train loss=0.0000 top1=1.000 | val loss=0.0005 | t=0.1s
[finetune_replay] ep 109/300 | train loss=0.0000 top1=1.000 | val loss=0.0006 | t=0.1s
[finetune_replay] ep 110/300 | train loss=0.0000 top1=1.000 | val loss=0.0005 | t=0.1s
[finetune_replay] ep 111/300 | train loss=0.0000 top1=1.000 | val loss=0.0005 | t=0.1s
[finetune_replay] ep 112/300 | train loss=0.0000 top1=1.000 | val loss=0.0004 | t=0.1s
[finetune_replay] ep 113/300 | train loss=0.0000 top1=1.000 | val loss=0.0004 | t=0.1s
[finetune_replay] ep 114/300 | train loss=0.0000 top1=1.000 | val loss=0.0004 | t=0.1s
[finetune_replay] ep 115/300 | train loss=0.0000 top1=1.000 | val loss=0.0004 | t=0.1s
[finetune_replay] ep 116/300 | train loss=0.0000 top1=1.000 | val loss=0.0004 | t=0.1s
[finetune_replay] ep 117/300 | train loss=0.0000 top1=1.000 | val loss=0.0004 | t=0.1s
[finetune_replay] ep 118/300 | train loss=0.0000 top1=1.000 | val loss=0.0004 | t=0.1s
[finetune_replay] ep 119/300 | train loss=0.0000 top1=1.000 | val loss=0.0004 | t=0.1s
[finetune_replay] ep 120/300 | train loss=0.0000 top1=1.000 | val loss=0.0004 | t=0.1s
[finetune_replay] ep 121/300 | train loss=0.0000 top1=1.000 | val loss=0.0004 | t=0.1s
[finetune_replay] ep 122/300 | train loss=0.0000 top1=1.000 | val loss=0.0004 | t=0.1s
[finetune_replay] ep 123/300 | train loss=0.0000 top1=1.000 | val loss=0.0005 | t=0.1s
[finetune_replay] ep 124/300 | train loss=0.0000 top1=1.000 | val loss=0.0004 | t=0.1s
[finetune_replay] ep 125/300 | train loss=0.0000 top1=1.000 | val loss=0.0004 | t=0.1s
[finetune_replay] ep 126/300 | train loss=0.0000 top1=1.000 | val loss=0.0004 | t=0.1s
[finetune_replay] ep 127/300 | train loss=0.0000 top1=1.000 | val loss=0.0004 | t=0.1s
[finetune_replay] ep 128/300 | train loss=0.0000 top1=1.000 | val loss=0.0004 | t=0.1s
[finetune_replay] ep 129/300 | train loss=0.0000 top1=1.000 | val loss=0.0004 | t=0.1s
[finetune_replay] ep 130/300 | train loss=0.0000 top1=1.000 | val loss=0.0005 | t=0.1s
[finetune_replay] ep 131/300 | train loss=0.0000 top1=1.000 | val loss=0.0005 | t=0.1s
[finetune_replay] ep 132/300 | train loss=0.0000 top1=1.000 | val loss=0.0004 | t=0.1s
[finetune_replay] ep 133/300 | train loss=0.0000 top1=1.000 | val loss=0.0004 | t=0.1s
[finetune_replay] ep 134/300 | train loss=0.0000 top1=1.000 | val loss=0.0004 | t=0.1s
[finetune_replay] ep 135/300 | train loss=0.0000 top1=1.000 | val loss=0.0004 | t=0.1s
[finetune_replay] ep 136/300 | train loss=0.0000 top1=1.000 | val loss=0.0005 | t=0.1s
[finetune_replay] ep 137/300 | train loss=0.0000 top1=1.000 | val loss=0.0004 | t=0.1s
[finetune_replay] ep 138/300 | train loss=0.0000 top1=1.000 | val loss=0.0004 | t=0.1s
[finetune_replay] ep 139/300 | train loss=0.0000 top1=1.000 | val loss=0.0004 | t=0.1s
[finetune_replay] ep 140/300 | train loss=0.0000 top1=1.000 | val loss=0.0004 | t=0.1s
[finetune_replay] ep 141/300 | train loss=0.0000 top1=1.000 | val loss=0.0005 | t=0.1s
[finetune_replay] ep 142/300 | train loss=0.0000 top1=1.000 | val loss=0.0004 | t=0.1s
[finetune_replay] ep 143/300 | train loss=0.0000 top1=1.000 | val loss=0.0005 | t=0.1s
[finetune_replay] ep 144/300 | train loss=0.0000 top1=1.000 | val loss=0.0005 | t=0.1s
[finetune_replay] ep 145/300 | train loss=0.0000 top1=1.000 | val loss=0.0005 | t=0.1s
[finetune_replay] ep 146/300 | train loss=0.0000 top1=1.000 | val loss=0.0005 | t=0.1s
[finetune_replay] ep 147/300 | train loss=0.0000 top1=1.000 | val loss=0.0005 | t=0.1s
[finetune_replay] ep 148/300 | train loss=0.0000 top1=1.000 | val loss=0.0005 | t=0.1s
[finetune_replay] ep 149/300 | train loss=0.0000 top1=1.000 | val loss=0.0004 | t=0.1s
[finetune_replay] ep 150/300 | train loss=0.0000 top1=1.000 | val loss=0.0005 | t=0.1s
[finetune_replay] ep 151/300 | train loss=0.0000 top1=1.000 | val loss=0.0005 | t=0.1s
[finetune_replay] ep 152/300 | train loss=0.0000 top1=1.000 | val loss=0.0005 | t=0.1s
[finetune_replay] ep 153/300 | train loss=0.0000 top1=1.000 | val loss=0.0005 | t=0.1s
[finetune_replay] ep 154/300 | train loss=0.0000 top1=1.000 | val loss=0.0004 | t=0.1s
[finetune_replay] ep 155/300 | train loss=0.0000 top1=1.000 | val loss=0.0004 | t=0.1s
[finetune_replay] ep 156/300 | train loss=0.0000 top1=1.000 | val loss=0.0004 | t=0.1s
[finetune_replay] ep 157/300 | train loss=0.0000 top1=1.000 | val loss=0.0004 | t=0.1s
[finetune_replay] ep 158/300 | train loss=0.0000 top1=1.000 | val loss=0.0004 | t=0.1s
[finetune_replay] ep 159/300 | train loss=0.0000 top1=1.000 | val loss=0.0004 | t=0.1s
[finetune_replay] ep 160/300 | train loss=0.0000 top1=1.000 | val loss=0.0004 | t=0.1s
[finetune_replay] ep 161/300 | train loss=0.0000 top1=1.000 | val loss=0.0004 | t=0.1s
[finetune_replay] ep 162/300 | train loss=0.0000 top1=1.000 | val loss=0.0004 | t=0.1s
[finetune_replay] ep 163/300 | train loss=0.0000 top1=1.000 | val loss=0.0004 | t=0.1s
[finetune_replay] ep 164/300 | train loss=0.0000 top1=1.000 | val loss=0.0004 | t=0.1s
[finetune_replay] ep 165/300 | train loss=0.0000 top1=1.000 | val loss=0.0004 | t=0.1s
[finetune_replay] ep 166/300 | train loss=0.0000 top1=1.000 | val loss=0.0004 | t=0.1s
[finetune_replay] ep 167/300 | train loss=0.0000 top1=1.000 | val loss=0.0005 | t=0.1s
[finetune_replay] ep 168/300 | train loss=0.0000 top1=1.000 | val loss=0.0004 | t=0.1s
[finetune_replay] ep 169/300 | train loss=0.0000 top1=1.000 | val loss=0.0004 | t=0.1s
[finetune_replay] ep 170/300 | train loss=0.0000 top1=1.000 | val loss=0.0004 | t=0.1s
[finetune_replay] ep 171/300 | train loss=0.0000 top1=1.000 | val loss=0.0005 | t=0.1s
[finetune_replay] ep 172/300 | train loss=0.0000 top1=1.000 | val loss=0.0005 | t=0.1s
[finetune_replay] ep 173/300 | train loss=0.0000 top1=1.000 | val loss=0.0005 | t=0.1s
[finetune_replay] ep 174/300 | train loss=0.0000 top1=1.000 | val loss=0.0005 | t=0.1s
[finetune_replay] ep 175/300 | train loss=0.0000 top1=1.000 | val loss=0.0004 | t=0.1s
[finetune_replay] ep 176/300 | train loss=0.0000 top1=1.000 | val loss=0.0005 | t=0.1s
[finetune_replay] ep 177/300 | train loss=0.0000 top1=1.000 | val loss=0.0004 | t=0.1s
[finetune_replay] ep 178/300 | train loss=0.0000 top1=1.000 | val loss=0.0004 | t=0.1s
[finetune_replay] ep 179/300 | train loss=0.0000 top1=1.000 | val loss=0.0004 | t=0.1s
[finetune_replay] ep 180/300 | train loss=0.0000 top1=1.000 | val loss=0.0005 | t=0.1s
[finetune_replay] ep 181/300 | train loss=0.0000 top1=1.000 | val loss=0.0004 | t=0.1s
[finetune_replay] ep 182/300 | train loss=0.0000 top1=1.000 | val loss=0.0005 | t=0.1s
[finetune_replay] ep 183/300 | train loss=0.0000 top1=1.000 | val loss=0.0005 | t=0.1s
[finetune_replay] ep 184/300 | train loss=0.0000 top1=1.000 | val loss=0.0004 | t=0.1s
[finetune_replay] ep 185/300 | train loss=0.0000 top1=1.000 | val loss=0.0005 | t=0.1s
[finetune_replay] ep 186/300 | train loss=0.0000 top1=1.000 | val loss=0.0005 | t=0.1s
[finetune_replay] ep 187/300 | train loss=0.0000 top1=1.000 | val loss=0.0005 | t=0.1s
[finetune_replay] ep 188/300 | train loss=0.0000 top1=1.000 | val loss=0.0005 | t=0.1s
[finetune_replay] ep 189/300 | train loss=0.0000 top1=1.000 | val loss=0.0004 | t=0.1s
[finetune_replay] ep 190/300 | train loss=0.0000 top1=1.000 | val loss=0.0004 | t=0.1s
[finetune_replay] ep 191/300 | train loss=0.0000 top1=1.000 | val loss=0.0004 | t=0.1s
[finetune_replay] ep 192/300 | train loss=0.0000 top1=1.000 | val loss=0.0004 | t=0.1s
[finetune_replay] ep 193/300 | train loss=0.0000 top1=1.000 | val loss=0.0004 | t=0.1s
[finetune_replay] ep 194/300 | train loss=0.0000 top1=1.000 | val loss=0.0004 | t=0.1s
[finetune_replay] ep 195/300 | train loss=0.0000 top1=1.000 | val loss=0.0005 | t=0.1s
[finetune_replay] ep 196/300 | train loss=0.0000 top1=1.000 | val loss=0.0005 | t=0.1s
[finetune_replay] ep 197/300 | train loss=0.0000 top1=1.000 | val loss=0.0005 | t=0.1s
[finetune_replay] ep 198/300 | train loss=0.0000 top1=1.000 | val loss=0.0005 | t=0.1s
[finetune_replay] ep 199/300 | train loss=0.0000 top1=1.000 | val loss=0.0005 | t=0.1s
[finetune_replay] ep 200/300 | train loss=0.0000 top1=1.000 | val loss=0.0005 | t=0.1s
[finetune_replay] ep 201/300 | train loss=0.0000 top1=1.000 | val loss=0.0005 | t=0.1s
[finetune_replay] ep 202/300 | train loss=0.0000 top1=1.000 | val loss=0.0005 | t=0.1s
[finetune_replay] ep 203/300 | train loss=0.0000 top1=1.000 | val loss=0.0004 | t=0.1s
[finetune_replay] ep 204/300 | train loss=0.0000 top1=1.000 | val loss=0.0004 | t=0.1s
[finetune_replay] ep 205/300 | train loss=0.0000 top1=1.000 | val loss=0.0006 | t=0.1s
[finetune_replay] ep 206/300 | train loss=0.0000 top1=1.000 | val loss=0.0005 | t=0.1s
[finetune_replay] ep 207/300 | train loss=0.0000 top1=1.000 | val loss=0.0005 | t=0.1s
[finetune_replay] ep 208/300 | train loss=0.0000 top1=1.000 | val loss=0.0005 | t=0.1s
[finetune_replay] ep 209/300 | train loss=0.0000 top1=1.000 | val loss=0.0005 | t=0.1s
[finetune_replay] ep 210/300 | train loss=0.0000 top1=1.000 | val loss=0.0005 | t=0.1s
[finetune_replay] ep 211/300 | train loss=0.0000 top1=1.000 | val loss=0.0005 | t=0.1s
[finetune_replay] ep 212/300 | train loss=0.0000 top1=1.000 | val loss=0.0005 | t=0.1s
[finetune_replay] ep 213/300 | train loss=0.0000 top1=1.000 | val loss=0.0005 | t=0.1s
[finetune_replay] ep 214/300 | train loss=0.0000 top1=1.000 | val loss=0.0005 | t=0.1s
[finetune_replay] ep 215/300 | train loss=0.0000 top1=1.000 | val loss=0.0004 | t=0.1s
[finetune_replay] ep 216/300 | train loss=0.0000 top1=1.000 | val loss=0.0005 | t=0.1s
[finetune_replay] ep 217/300 | train loss=0.0000 top1=1.000 | val loss=0.0005 | t=0.1s
[finetune_replay] ep 218/300 | train loss=0.0000 top1=1.000 | val loss=0.0005 | t=0.1s
[finetune_replay] ep 219/300 | train loss=0.0000 top1=1.000 | val loss=0.0005 | t=0.1s
[finetune_replay] ep 220/300 | train loss=0.0000 top1=1.000 | val loss=0.0005 | t=0.1s
[finetune_replay] ep 221/300 | train loss=0.0000 top1=1.000 | val loss=0.0005 | t=0.1s
[finetune_replay] ep 222/300 | train loss=0.0000 top1=1.000 | val loss=0.0005 | t=0.1s
[finetune_replay] ep 223/300 | train loss=0.0000 top1=1.000 | val loss=0.0005 | t=0.1s
[finetune_replay] ep 224/300 | train loss=0.0000 top1=1.000 | val loss=0.0005 | t=0.1s
[finetune_replay] ep 225/300 | train loss=0.0000 top1=1.000 | val loss=0.0005 | t=0.1s
[finetune_replay] ep 226/300 | train loss=0.0000 top1=1.000 | val loss=0.0005 | t=0.1s
[finetune_replay] ep 227/300 | train loss=0.0000 top1=1.000 | val loss=0.0005 | t=0.1s
[finetune_replay] ep 228/300 | train loss=0.0000 top1=1.000 | val loss=0.0004 | t=0.1s
[finetune_replay] ep 229/300 | train loss=0.0000 top1=1.000 | val loss=0.0004 | t=0.1s
[finetune_replay] ep 230/300 | train loss=0.0000 top1=1.000 | val loss=0.0004 | t=0.1s
[finetune_replay] ep 231/300 | train loss=0.0000 top1=1.000 | val loss=0.0005 | t=0.1s
[finetune_replay] ep 232/300 | train loss=0.0000 top1=1.000 | val loss=0.0004 | t=0.1s
[finetune_replay] ep 233/300 | train loss=0.0000 top1=1.000 | val loss=0.0005 | t=0.1s
[finetune_replay] ep 234/300 | train loss=0.0000 top1=1.000 | val loss=0.0005 | t=0.1s
[finetune_replay] ep 235/300 | train loss=0.0000 top1=1.000 | val loss=0.0004 | t=0.1s
[finetune_replay] ep 236/300 | train loss=0.0000 top1=1.000 | val loss=0.0005 | t=0.1s
[finetune_replay] ep 237/300 | train loss=0.0000 top1=1.000 | val loss=0.0005 | t=0.1s
[finetune_replay] ep 238/300 | train loss=0.0000 top1=1.000 | val loss=0.0005 | t=0.1s
[finetune_replay] ep 239/300 | train loss=0.0000 top1=1.000 | val loss=0.0005 | t=0.1s
[finetune_replay] ep 240/300 | train loss=0.0000 top1=1.000 | val loss=0.0005 | t=0.1s
[finetune_replay] ep 241/300 | train loss=0.0000 top1=1.000 | val loss=0.0004 | t=0.1s
[finetune_replay] ep 242/300 | train loss=0.0000 top1=1.000 | val loss=0.0004 | t=0.1s
[finetune_replay] ep 243/300 | train loss=0.0000 top1=1.000 | val loss=0.0005 | t=0.1s
[finetune_replay] ep 244/300 | train loss=0.0000 top1=1.000 | val loss=0.0004 | t=0.1s
[finetune_replay] ep 245/300 | train loss=0.0000 top1=1.000 | val loss=0.0005 | t=0.1s
[finetune_replay] ep 246/300 | train loss=0.0000 top1=1.000 | val loss=0.0005 | t=0.1s
[finetune_replay] ep 247/300 | train loss=0.0000 top1=1.000 | val loss=0.0006 | t=0.1s
[finetune_replay] ep 248/300 | train loss=0.0000 top1=1.000 | val loss=0.0006 | t=0.1s
[finetune_replay] ep 249/300 | train loss=0.0000 top1=1.000 | val loss=0.0007 | t=0.1s
[finetune_replay] ep 250/300 | train loss=0.0000 top1=1.000 | val loss=0.0005 | t=0.1s
[finetune_replay] ep 251/300 | train loss=0.0000 top1=1.000 | val loss=0.0005 | t=0.1s
[finetune_replay] ep 252/300 | train loss=0.0000 top1=1.000 | val loss=0.0005 | t=0.1s
[finetune_replay] ep 253/300 | train loss=0.0000 top1=1.000 | val loss=0.0006 | t=0.1s
[finetune_replay] ep 254/300 | train loss=0.0000 top1=1.000 | val loss=0.0006 | t=0.1s
[finetune_replay] ep 255/300 | train loss=0.0000 top1=1.000 | val loss=0.0006 | t=0.1s
[finetune_replay] ep 256/300 | train loss=0.0000 top1=1.000 | val loss=0.0005 | t=0.1s
[finetune_replay] ep 257/300 | train loss=0.0000 top1=1.000 | val loss=0.0005 | t=0.1s
[finetune_replay] ep 258/300 | train loss=0.0000 top1=1.000 | val loss=0.0005 | t=0.1s
[finetune_replay] ep 259/300 | train loss=0.0000 top1=1.000 | val loss=0.0005 | t=0.1s
[finetune_replay] ep 260/300 | train loss=0.0000 top1=1.000 | val loss=0.0005 | t=0.1s
[finetune_replay] ep 261/300 | train loss=0.0000 top1=1.000 | val loss=0.0004 | t=0.1s
[finetune_replay] ep 262/300 | train loss=0.0000 top1=1.000 | val loss=0.0005 | t=0.1s
[finetune_replay] ep 263/300 | train loss=0.0000 top1=1.000 | val loss=0.0005 | t=0.1s
[finetune_replay] ep 264/300 | train loss=0.0000 top1=1.000 | val loss=0.0006 | t=0.1s
[finetune_replay] ep 265/300 | train loss=0.0000 top1=1.000 | val loss=0.0005 | t=0.1s
[finetune_replay] ep 266/300 | train loss=0.0000 top1=1.000 | val loss=0.0005 | t=0.1s
[finetune_replay] ep 267/300 | train loss=0.0000 top1=1.000 | val loss=0.0005 | t=0.1s
[finetune_replay] ep 268/300 | train loss=0.0000 top1=1.000 | val loss=0.0005 | t=0.1s
[finetune_replay] ep 269/300 | train loss=0.0000 top1=1.000 | val loss=0.0005 | t=0.1s
[finetune_replay] ep 270/300 | train loss=0.0000 top1=1.000 | val loss=0.0005 | t=0.1s
[finetune_replay] ep 271/300 | train loss=0.0000 top1=1.000 | val loss=0.0006 | t=0.1s
[finetune_replay] ep 272/300 | train loss=0.0000 top1=1.000 | val loss=0.0006 | t=0.1s
[finetune_replay] ep 273/300 | train loss=0.0000 top1=1.000 | val loss=0.0005 | t=0.1s
[finetune_replay] ep 274/300 | train loss=0.0000 top1=1.000 | val loss=0.0005 | t=0.1s
[finetune_replay] ep 275/300 | train loss=0.0000 top1=1.000 | val loss=0.0006 | t=0.1s
[finetune_replay] ep 276/300 | train loss=0.0000 top1=1.000 | val loss=0.0006 | t=0.1s
[finetune_replay] ep 277/300 | train loss=0.0000 top1=1.000 | val loss=0.0006 | t=0.1s
[finetune_replay] ep 278/300 | train loss=0.0000 top1=1.000 | val loss=0.0005 | t=0.1s
[finetune_replay] ep 279/300 | train loss=0.0000 top1=1.000 | val loss=0.0005 | t=0.1s
[finetune_replay] ep 280/300 | train loss=0.0000 top1=1.000 | val loss=0.0006 | t=0.1s
[finetune_replay] ep 281/300 | train loss=0.0000 top1=1.000 | val loss=0.0005 | t=0.1s
[finetune_replay] ep 282/300 | train loss=0.0000 top1=1.000 | val loss=0.0005 | t=0.1s
[finetune_replay] ep 283/300 | train loss=0.0000 top1=1.000 | val loss=0.0005 | t=0.1s
[finetune_replay] ep 284/300 | train loss=0.0000 top1=1.000 | val loss=0.0005 | t=0.1s
[finetune_replay] ep 285/300 | train loss=0.0000 top1=1.000 | val loss=0.0005 | t=0.1s
[finetune_replay] ep 286/300 | train loss=0.0000 top1=1.000 | val loss=0.0005 | t=0.1s
[finetune_replay] ep 287/300 | train loss=0.0000 top1=1.000 | val loss=0.0005 | t=0.1s
[finetune_replay] ep 288/300 | train loss=0.0000 top1=1.000 | val loss=0.0006 | t=0.1s
[finetune_replay] ep 289/300 | train loss=0.0000 top1=1.000 | val loss=0.0005 | t=0.1s
[finetune_replay] ep 290/300 | train loss=0.0000 top1=1.000 | val loss=0.0005 | t=0.1s
[finetune_replay] ep 291/300 | train loss=0.0000 top1=1.000 | val loss=0.0005 | t=0.1s
[finetune_replay] ep 292/300 | train loss=0.0000 top1=1.000 | val loss=0.0004 | t=0.1s
[finetune_replay] ep 293/300 | train loss=0.0000 top1=1.000 | val loss=0.0004 | t=0.1s
[finetune_replay] ep 294/300 | train loss=0.0000 top1=1.000 | val loss=0.0005 | t=0.1s
[finetune_replay] ep 295/300 | train loss=0.0000 top1=1.000 | val loss=0.0005 | t=0.1s
[finetune_replay] ep 296/300 | train loss=0.0000 top1=1.000 | val loss=0.0005 | t=0.1s
[finetune_replay] ep 297/300 | train loss=0.0000 top1=1.000 | val loss=0.0004 | t=0.1s
[finetune_replay] ep 298/300 | train loss=0.0000 top1=1.000 | val loss=0.0005 | t=0.1s
[finetune_replay] ep 299/300 | train loss=0.0000 top1=1.000 | val loss=0.0005 | t=0.1s
[finetune_replay] ep 300/300 | train loss=0.0000 top1=1.000 | val loss=0.0005 | t=0.1s
[finetune_replay] DONE best_val_loss=0.0003 @ epoch 74
[20:04:37] [bo-budget] $ /home/s226137394/.conda/envs/maze/bin/python3 -u -m Equivariant_pathway.equivariant_CNN_hybrid.rollout_test --checkpoint /weka/s226137394/DmNfull/Equivariant_pathway/equivariant_CNN_hybrid/baseline_vs_p4/pool_x_selector/results_hpsweep/e300_lr0.0001_rm0.7_do0/run_6/p4_top3_rotate/checkpoints/best_hybrid_policy.pth --layouts /weka/s226137394/DmNfull/Equivariant_pathway/equivariant_CNN_hybrid/baseline_vs_p4/shared/heldout_layouts.yaml --out_dir /weka/s226137394/DmNfull/Equivariant_pathway/equivariant_CNN_hybrid/baseline_vs_p4/pool_x_selector/results_hpsweep/e300_lr0.0001_rm0.7_do0/run_6/p4_top3_rotate/results/eval_round_014 --seed 20 --max_steps 60
[hybrid-rollout] 200 unique; running 200 eps
[hybrid-rollout] loaded /weka/s226137394/DmNfull/Equivariant_pathway/equivariant_CNN_hybrid/baseline_vs_p4/pool_x_selector/results_hpsweep/e300_lr0.0001_rm0.7_do0/run_6/p4_top3_rotate/checkpoints/best_hybrid_policy.pth
[hybrid-rollout] ep 0 (heldout_001): steps=5 success=True
[hybrid-rollout] ep 1 (heldout_002): steps=4 success=True
[hybrid-rollout] ep 2 (heldout_003): steps=60 success=False
[hybrid-rollout] ep 3 (heldout_004): steps=6 success=True
[hybrid-rollout] ep 4 (heldout_005): steps=5 success=True
[hybrid-rollout] ep 5 (heldout_006): steps=3 success=False
[hybrid-rollout] ep 6 (heldout_007): steps=5 success=True
[hybrid-rollout] ep 7 (heldout_008): steps=4 success=True
[hybrid-rollout] ep 8 (heldout_009): steps=2 success=False
[hybrid-rollout] ep 9 (heldout_010): steps=10 success=True
[hybrid-rollout] ep 10 (heldout_011): steps=4 success=True
[hybrid-rollout] ep 11 (heldout_012): steps=4 success=True
[hybrid-rollout] ep 12 (heldout_013): steps=5 success=True
[hybrid-rollout] ep 13 (heldout_014): steps=5 success=True
[hybrid-rollout] ep 14 (heldout_015): steps=4 success=True
[hybrid-rollout] ep 15 (heldout_016): steps=5 success=True
[hybrid-rollout] ep 16 (heldout_017): steps=4 success=True
[hybrid-rollout] ep 17 (heldout_018): steps=60 success=False
[hybrid-rollout] ep 18 (heldout_019): steps=5 success=True
[hybrid-rollout] ep 19 (heldout_020): steps=5 success=True
[hybrid-rollout] ep 20 (heldout_021): steps=4 success=True
[hybrid-rollout] ep 21 (heldout_022): steps=4 success=True
[hybrid-rollout] ep 22 (heldout_023): steps=7 success=True
[hybrid-rollout] ep 23 (heldout_024): steps=60 success=False
[hybrid-rollout] ep 24 (heldout_025): steps=4 success=True
[hybrid-rollout] ep 25 (heldout_026): steps=4 success=True
[hybrid-rollout] ep 26 (heldout_027): steps=4 success=True
[hybrid-rollout] ep 27 (heldout_028): steps=4 success=True
[hybrid-rollout] ep 28 (heldout_029): steps=7 success=True
[hybrid-rollout] ep 29 (heldout_030): steps=60 success=False
[hybrid-rollout] ep 30 (heldout_031): steps=5 success=True
[hybrid-rollout] ep 31 (heldout_032): steps=5 success=True
[hybrid-rollout] ep 32 (heldout_033): steps=4 success=True
[hybrid-rollout] ep 33 (heldout_034): steps=5 success=True
[hybrid-rollout] ep 34 (heldout_035): steps=6 success=True
[hybrid-rollout] ep 35 (heldout_036): steps=5 success=True
[hybrid-rollout] ep 36 (heldout_037): steps=4 success=True
[hybrid-rollout] ep 37 (heldout_038): steps=5 success=True
[hybrid-rollout] ep 38 (heldout_039): steps=6 success=True
[hybrid-rollout] ep 39 (heldout_040): steps=5 success=True
[hybrid-rollout] ep 40 (heldout_041): steps=6 success=True
[hybrid-rollout] ep 41 (heldout_042): steps=60 success=False
[hybrid-rollout] ep 42 (heldout_043): steps=4 success=True
[hybrid-rollout] ep 43 (heldout_044): steps=5 success=True
[hybrid-rollout] ep 44 (heldout_045): steps=5 success=True
[hybrid-rollout] ep 45 (heldout_046): steps=4 success=True
[hybrid-rollout] ep 46 (heldout_047): steps=4 success=True
[hybrid-rollout] ep 47 (heldout_048): steps=6 success=True
[hybrid-rollout] ep 48 (heldout_049): steps=5 success=True
[hybrid-rollout] ep 49 (heldout_050): steps=4 success=True
[hybrid-rollout] ep 50 (heldout_051): steps=4 success=True
[hybrid-rollout] ep 51 (heldout_052): steps=4 success=True
[hybrid-rollout] ep 52 (heldout_053): steps=6 success=True
[hybrid-rollout] ep 53 (heldout_054): steps=4 success=True
[hybrid-rollout] ep 54 (heldout_055): steps=60 success=False
[hybrid-rollout] ep 55 (heldout_056): steps=4 success=True
[hybrid-rollout] ep 56 (heldout_057): steps=4 success=True
[hybrid-rollout] ep 57 (heldout_058): steps=4 success=True
[hybrid-rollout] ep 58 (heldout_059): steps=5 success=True
[hybrid-rollout] ep 59 (heldout_060): steps=6 success=True
[hybrid-rollout] ep 60 (heldout_061): steps=5 success=True
[hybrid-rollout] ep 61 (heldout_062): steps=6 success=True
[hybrid-rollout] ep 62 (heldout_063): steps=5 success=True
[hybrid-rollout] ep 63 (heldout_064): steps=4 success=True
[hybrid-rollout] ep 64 (heldout_065): steps=7 success=True
[hybrid-rollout] ep 65 (heldout_066): steps=6 success=True
[hybrid-rollout] ep 66 (heldout_067): steps=7 success=True
[hybrid-rollout] ep 67 (heldout_068): steps=4 success=True
[hybrid-rollout] ep 68 (heldout_069): steps=4 success=True
[hybrid-rollout] ep 69 (heldout_070): steps=7 success=True
[hybrid-rollout] ep 70 (heldout_071): steps=5 success=True
[hybrid-rollout] ep 71 (heldout_072): steps=5 success=True
[hybrid-rollout] ep 72 (heldout_073): steps=60 success=False
[hybrid-rollout] ep 73 (heldout_074): steps=4 success=True
[hybrid-rollout] ep 74 (heldout_075): steps=5 success=True
[hybrid-rollout] ep 75 (heldout_076): steps=7 success=True
[hybrid-rollout] ep 76 (heldout_077): steps=4 success=True
[hybrid-rollout] ep 77 (heldout_078): steps=3 success=False
[hybrid-rollout] ep 78 (heldout_079): steps=4 success=True
[hybrid-rollout] ep 79 (heldout_080): steps=4 success=True
[hybrid-rollout] ep 80 (heldout_081): steps=5 success=True
[hybrid-rollout] ep 81 (heldout_082): steps=5 success=True
[hybrid-rollout] ep 82 (heldout_083): steps=4 success=True
[hybrid-rollout] ep 83 (heldout_084): steps=5 success=True
[hybrid-rollout] ep 84 (heldout_085): steps=60 success=False
[hybrid-rollout] ep 85 (heldout_086): steps=6 success=True
[hybrid-rollout] ep 86 (heldout_087): steps=7 success=True
[hybrid-rollout] ep 87 (heldout_088): steps=4 success=True
[hybrid-rollout] ep 88 (heldout_089): steps=3 success=False
[hybrid-rollout] ep 89 (heldout_090): steps=4 success=True
[hybrid-rollout] ep 90 (heldout_091): steps=5 success=True
[hybrid-rollout] ep 91 (heldout_092): steps=5 success=True
[hybrid-rollout] ep 92 (heldout_093): steps=6 success=True
[hybrid-rollout] ep 93 (heldout_094): steps=6 success=True
[hybrid-rollout] ep 94 (heldout_095): steps=7 success=True
[hybrid-rollout] ep 95 (heldout_096): steps=5 success=True
[hybrid-rollout] ep 96 (heldout_097): steps=5 success=True
[hybrid-rollout] ep 97 (heldout_098): steps=5 success=True
[hybrid-rollout] ep 98 (heldout_099): steps=6 success=True
[hybrid-rollout] ep 99 (heldout_100): steps=60 success=False
[hybrid-rollout] ep 100 (heldout_101): steps=4 success=True
[hybrid-rollout] ep 101 (heldout_102): steps=4 success=True
[hybrid-rollout] ep 102 (heldout_103): steps=60 success=False
[hybrid-rollout] ep 103 (heldout_104): steps=6 success=True
[hybrid-rollout] ep 104 (heldout_105): steps=4 success=True
[hybrid-rollout] ep 105 (heldout_106): steps=6 success=True
[hybrid-rollout] ep 106 (heldout_107): steps=4 success=True
[hybrid-rollout] ep 107 (heldout_108): steps=4 success=True
[hybrid-rollout] ep 108 (heldout_109): steps=4 success=True
[hybrid-rollout] ep 109 (heldout_110): steps=4 success=True
[hybrid-rollout] ep 110 (heldout_111): steps=5 success=False
[hybrid-rollout] ep 111 (heldout_112): steps=5 success=True
[hybrid-rollout] ep 112 (heldout_113): steps=5 success=True
[hybrid-rollout] ep 113 (heldout_114): steps=4 success=True
[hybrid-rollout] ep 114 (heldout_115): steps=4 success=True
[hybrid-rollout] ep 115 (heldout_116): steps=5 success=True
[hybrid-rollout] ep 116 (heldout_117): steps=5 success=True
[hybrid-rollout] ep 117 (heldout_118): steps=6 success=False
[hybrid-rollout] ep 118 (heldout_119): steps=4 success=True
[hybrid-rollout] ep 119 (heldout_120): steps=7 success=True
[hybrid-rollout] ep 120 (heldout_121): steps=4 success=True
[hybrid-rollout] ep 121 (heldout_122): steps=4 success=True
[hybrid-rollout] ep 122 (heldout_123): steps=6 success=True
[hybrid-rollout] ep 123 (heldout_124): steps=8 success=True
[hybrid-rollout] ep 124 (heldout_125): steps=4 success=True
[hybrid-rollout] ep 125 (heldout_126): steps=4 success=True
[hybrid-rollout] ep 126 (heldout_127): steps=60 success=False
[hybrid-rollout] ep 127 (heldout_128): steps=7 success=True
[hybrid-rollout] ep 128 (heldout_129): steps=4 success=True
[hybrid-rollout] ep 129 (heldout_130): steps=4 success=True
[hybrid-rollout] ep 130 (heldout_131): steps=5 success=False
[hybrid-rollout] ep 131 (heldout_132): steps=4 success=True
[hybrid-rollout] ep 132 (heldout_133): steps=4 success=True
[hybrid-rollout] ep 133 (heldout_134): steps=7 success=True
[hybrid-rollout] ep 134 (heldout_135): steps=6 success=True
[hybrid-rollout] ep 135 (heldout_136): steps=5 success=True
[hybrid-rollout] ep 136 (heldout_137): steps=5 success=True
[hybrid-rollout] ep 137 (heldout_138): steps=4 success=True
[hybrid-rollout] ep 138 (heldout_139): steps=4 success=True
[hybrid-rollout] ep 139 (heldout_140): steps=5 success=True
[hybrid-rollout] ep 140 (heldout_141): steps=5 success=True
[hybrid-rollout] ep 141 (heldout_142): steps=4 success=True
[hybrid-rollout] ep 142 (heldout_143): steps=6 success=True
[hybrid-rollout] ep 143 (heldout_144): steps=4 success=True
[hybrid-rollout] ep 144 (heldout_145): steps=5 success=True
[hybrid-rollout] ep 145 (heldout_146): steps=7 success=True
[hybrid-rollout] ep 146 (heldout_147): steps=4 success=True
[hybrid-rollout] ep 147 (heldout_148): steps=60 success=False
[hybrid-rollout] ep 148 (heldout_149): steps=5 success=True
[hybrid-rollout] ep 149 (heldout_150): steps=4 success=True
[hybrid-rollout] ep 150 (heldout_151): steps=5 success=True
[hybrid-rollout] ep 151 (heldout_152): steps=6 success=True
[hybrid-rollout] ep 152 (heldout_153): steps=5 success=True
[hybrid-rollout] ep 153 (heldout_154): steps=60 success=False
[hybrid-rollout] ep 154 (heldout_155): steps=6 success=True
[hybrid-rollout] ep 155 (heldout_156): steps=4 success=False
[hybrid-rollout] ep 156 (heldout_157): steps=4 success=True
[hybrid-rollout] ep 157 (heldout_158): steps=3 success=False
[hybrid-rollout] ep 158 (heldout_159): steps=6 success=True
[hybrid-rollout] ep 159 (heldout_160): steps=4 success=True
[hybrid-rollout] ep 160 (heldout_161): steps=60 success=False
[hybrid-rollout] ep 161 (heldout_162): steps=5 success=True
[hybrid-rollout] ep 162 (heldout_163): steps=4 success=True
[hybrid-rollout] ep 163 (heldout_164): steps=6 success=True
[hybrid-rollout] ep 164 (heldout_165): steps=5 success=True
[hybrid-rollout] ep 165 (heldout_166): steps=4 success=True
[hybrid-rollout] ep 166 (heldout_167): steps=4 success=True
[hybrid-rollout] ep 167 (heldout_168): steps=4 success=True
[hybrid-rollout] ep 168 (heldout_169): steps=6 success=True
[hybrid-rollout] ep 169 (heldout_170): steps=5 success=False
[hybrid-rollout] ep 170 (heldout_171): steps=4 success=True
[hybrid-rollout] ep 171 (heldout_172): steps=5 success=True
[hybrid-rollout] ep 172 (heldout_173): steps=4 success=True
[hybrid-rollout] ep 173 (heldout_174): steps=5 success=True
[hybrid-rollout] ep 174 (heldout_175): steps=7 success=True
[hybrid-rollout] ep 175 (heldout_176): steps=6 success=True
[hybrid-rollout] ep 176 (heldout_177): steps=6 success=True
[hybrid-rollout] ep 177 (heldout_178): steps=5 success=True
[hybrid-rollout] ep 178 (heldout_179): steps=5 success=True
[hybrid-rollout] ep 179 (heldout_180): steps=4 success=True
[hybrid-rollout] ep 180 (heldout_181): steps=5 success=True
[hybrid-rollout] ep 181 (heldout_182): steps=4 success=True
[hybrid-rollout] ep 182 (heldout_183): steps=5 success=True
[hybrid-rollout] ep 183 (heldout_184): steps=7 success=True
[hybrid-rollout] ep 184 (heldout_185): steps=5 success=True
[hybrid-rollout] ep 185 (heldout_186): steps=4 success=True
[hybrid-rollout] ep 186 (heldout_187): steps=5 success=True
[hybrid-rollout] ep 187 (heldout_188): steps=5 success=True
[hybrid-rollout] ep 188 (heldout_189): steps=5 success=True
[hybrid-rollout] ep 189 (heldout_190): steps=7 success=True
[hybrid-rollout] ep 190 (heldout_191): steps=4 success=True
[hybrid-rollout] ep 191 (heldout_192): steps=5 success=True
[hybrid-rollout] ep 192 (heldout_193): steps=7 success=True
[hybrid-rollout] ep 193 (heldout_194): steps=6 success=True
[hybrid-rollout] ep 194 (heldout_195): steps=5 success=True
[hybrid-rollout] ep 195 (heldout_196): steps=4 success=True
[hybrid-rollout] ep 196 (heldout_197): steps=5 success=True
[hybrid-rollout] ep 197 (heldout_198): steps=4 success=True
[hybrid-rollout] ep 198 (heldout_199): steps=4 success=True
[hybrid-rollout] ep 199 (heldout_200): steps=4 success=True
[hybrid-rollout] DONE successes=176/200
[20:05:42] [replay_p4] run 6 round 14: extras=14 heldout_sr=0.880
[20:05:42] [replay_p4] $ /home/s226137394/.conda/envs/maze/bin/python3 -u -m Equivariant_pathway.equivariant_CNN_hybrid.baseline_vs_p4.pool_x_selector.trainer.finetune_replay --demo_dir /weka/s226137394/DmNfull/Equivariant_pathway/equivariant_CNN_hybrid/baseline_vs_p4/pool_x_selector/results_hpsweep/e300_lr0.0001_rm0.7_do0/run_6/p4_top3_rotate/demos --checkpoint_dir /weka/s226137394/DmNfull/Equivariant_pathway/equivariant_CNN_hybrid/baseline_vs_p4/pool_x_selector/results_hpsweep/e300_lr0.0001_rm0.7_do0/run_6/p4_top3_rotate/checkpoints --epochs 300 --batch_size 64 --lr 0.0001 --weight_decay 0.0001 --replay_mix 0.7 --replay_mix_floor 0.2 --head_dropout 0.0 --seed 6 --resume --new_demos_dir /weka/s226137394/DmNfull/Equivariant_pathway/equivariant_CNN_hybrid/baseline_vs_p4/pool_x_selector/results_hpsweep/e300_lr0.0001_rm0.7_do0/run_6/p4_top3_rotate/demos/round_015
[finetune_replay] device=cuda demo_dir=/weka/s226137394/DmNfull/Equivariant_pathway/equivariant_CNN_hybrid/baseline_vs_p4/pool_x_selector/results_hpsweep/e300_lr0.0001_rm0.7_do0/run_6/p4_top3_rotate/demos new_demos_dir=/weka/s226137394/DmNfull/Equivariant_pathway/equivariant_CNN_hybrid/baseline_vs_p4/pool_x_selector/results_hpsweep/e300_lr0.0001_rm0.7_do0/run_6/p4_top3_rotate/demos/round_015
[hybrid-dataset] 34 demos -> 179 samples
[hybrid-dataset] 1 demos -> 8 samples
[finetune_replay] sampler audit: {'n_old_samples': 179, 'n_new_samples': 8, 'replay_mix_target': 0.7, 'replay_mix_effective': 0.7, 'replay_mix_floor': 0.2}
[finetune_replay] trainable params: 1,400,028
[finetune_replay] WARM START from last_hybrid_policy.pth
[finetune_replay] ep   1/300 | train loss=0.2071 top1=0.959 | val loss=0.2719 | t=0.9s  *
[finetune_replay] ep   2/300 | train loss=0.0760 top1=1.000 | val loss=0.0105 | t=0.3s  *
[finetune_replay] ep   3/300 | train loss=0.0049 top1=1.000 | val loss=0.0012 | t=0.3s  *
[finetune_replay] ep   4/300 | train loss=0.0017 top1=1.000 | val loss=0.0028 | t=0.2s
[finetune_replay] ep   5/300 | train loss=0.0019 top1=1.000 | val loss=0.0027 | t=0.2s
[finetune_replay] ep   6/300 | train loss=0.0013 top1=1.000 | val loss=0.0027 | t=0.2s
[finetune_replay] ep   7/300 | train loss=0.0007 top1=1.000 | val loss=0.0037 | t=0.1s
[finetune_replay] ep   8/300 | train loss=0.0003 top1=1.000 | val loss=0.0050 | t=0.1s
[finetune_replay] ep   9/300 | train loss=0.0003 top1=1.000 | val loss=0.0056 | t=0.1s
[finetune_replay] ep  10/300 | train loss=0.0003 top1=1.000 | val loss=0.0071 | t=0.1s
[finetune_replay] ep  11/300 | train loss=0.0004 top1=1.000 | val loss=0.0055 | t=0.2s
[finetune_replay] ep  12/300 | train loss=0.0002 top1=1.000 | val loss=0.0039 | t=0.1s
[finetune_replay] ep  13/300 | train loss=0.0002 top1=1.000 | val loss=0.0033 | t=0.1s
[finetune_replay] ep  14/300 | train loss=0.0001 top1=1.000 | val loss=0.0027 | t=0.1s
[finetune_replay] ep  15/300 | train loss=0.0001 top1=1.000 | val loss=0.0020 | t=0.1s
[finetune_replay] ep  16/300 | train loss=0.0002 top1=1.000 | val loss=0.0019 | t=0.1s
[finetune_replay] ep  17/300 | train loss=0.0001 top1=1.000 | val loss=0.0016 | t=0.1s
[finetune_replay] ep  18/300 | train loss=0.0001 top1=1.000 | val loss=0.0023 | t=0.1s
[finetune_replay] ep  19/300 | train loss=0.0002 top1=1.000 | val loss=0.0021 | t=0.1s
[finetune_replay] ep  20/300 | train loss=0.0001 top1=1.000 | val loss=0.0023 | t=0.1s
[finetune_replay] ep  21/300 | train loss=0.0001 top1=1.000 | val loss=0.0020 | t=0.1s
[finetune_replay] ep  22/300 | train loss=0.0001 top1=1.000 | val loss=0.0020 | t=0.1s
[finetune_replay] ep  23/300 | train loss=0.0001 top1=1.000 | val loss=0.0021 | t=0.1s
[finetune_replay] ep  24/300 | train loss=0.0001 top1=1.000 | val loss=0.0018 | t=0.2s
[finetune_replay] ep  25/300 | train loss=0.0001 top1=1.000 | val loss=0.0021 | t=0.1s
[finetune_replay] ep  26/300 | train loss=0.0001 top1=1.000 | val loss=0.0022 | t=0.1s
[finetune_replay] ep  27/300 | train loss=0.0001 top1=1.000 | val loss=0.0022 | t=0.1s
[finetune_replay] ep  28/300 | train loss=0.0001 top1=1.000 | val loss=0.0023 | t=0.1s
[finetune_replay] ep  29/300 | train loss=0.0001 top1=1.000 | val loss=0.0023 | t=0.1s
[finetune_replay] ep  30/300 | train loss=0.0001 top1=1.000 | val loss=0.0025 | t=0.1s
[finetune_replay] ep  31/300 | train loss=0.0001 top1=1.000 | val loss=0.0022 | t=0.1s
[finetune_replay] ep  32/300 | train loss=0.0001 top1=1.000 | val loss=0.0020 | t=0.1s
[finetune_replay] ep  33/300 | train loss=0.0001 top1=1.000 | val loss=0.0020 | t=0.1s
[finetune_replay] ep  34/300 | train loss=0.0001 top1=1.000 | val loss=0.0017 | t=0.1s
[finetune_replay] ep  35/300 | train loss=0.0001 top1=1.000 | val loss=0.0016 | t=0.1s
[finetune_replay] ep  36/300 | train loss=0.0001 top1=1.000 | val loss=0.0018 | t=0.1s
[finetune_replay] ep  37/300 | train loss=0.0001 top1=1.000 | val loss=0.0018 | t=0.1s
[finetune_replay] ep  38/300 | train loss=0.0001 top1=1.000 | val loss=0.0018 | t=0.1s
[finetune_replay] ep  39/300 | train loss=0.0001 top1=1.000 | val loss=0.0019 | t=0.1s
[finetune_replay] ep  40/300 | train loss=0.0001 top1=1.000 | val loss=0.0023 | t=0.1s
[finetune_replay] ep  41/300 | train loss=0.0001 top1=1.000 | val loss=0.0021 | t=0.1s
[finetune_replay] ep  42/300 | train loss=0.0001 top1=1.000 | val loss=0.0025 | t=0.1s
[finetune_replay] ep  43/300 | train loss=0.0001 top1=1.000 | val loss=0.0021 | t=0.2s
[finetune_replay] ep  44/300 | train loss=0.0001 top1=1.000 | val loss=0.0020 | t=0.1s
[finetune_replay] ep  45/300 | train loss=0.0001 top1=1.000 | val loss=0.0022 | t=0.1s
[finetune_replay] ep  46/300 | train loss=0.0001 top1=1.000 | val loss=0.0021 | t=0.2s
[finetune_replay] ep  47/300 | train loss=0.0000 top1=1.000 | val loss=0.0019 | t=0.1s
[finetune_replay] ep  48/300 | train loss=0.0001 top1=1.000 | val loss=0.0022 | t=0.1s
[finetune_replay] ep  49/300 | train loss=0.0001 top1=1.000 | val loss=0.0019 | t=0.1s
[finetune_replay] ep  50/300 | train loss=0.0001 top1=1.000 | val loss=0.0017 | t=0.1s
[finetune_replay] ep  51/300 | train loss=0.0001 top1=1.000 | val loss=0.0017 | t=0.2s
[finetune_replay] ep  52/300 | train loss=0.0001 top1=1.000 | val loss=0.0018 | t=0.1s
[finetune_replay] ep  53/300 | train loss=0.0000 top1=1.000 | val loss=0.0016 | t=0.1s
[finetune_replay] ep  54/300 | train loss=0.0000 top1=1.000 | val loss=0.0014 | t=0.1s
[finetune_replay] ep  55/300 | train loss=0.0000 top1=1.000 | val loss=0.0016 | t=0.1s
[finetune_replay] ep  56/300 | train loss=0.0000 top1=1.000 | val loss=0.0014 | t=0.1s
[finetune_replay] ep  57/300 | train loss=0.0000 top1=1.000 | val loss=0.0013 | t=0.1s
[finetune_replay] ep  58/300 | train loss=0.0001 top1=1.000 | val loss=0.0015 | t=0.1s
[finetune_replay] ep  59/300 | train loss=0.0000 top1=1.000 | val loss=0.0013 | t=0.1s
[finetune_replay] ep  60/300 | train loss=0.0000 top1=1.000 | val loss=0.0016 | t=0.1s
[finetune_replay] ep  61/300 | train loss=0.0000 top1=1.000 | val loss=0.0016 | t=0.1s
[finetune_replay] ep  62/300 | train loss=0.0000 top1=1.000 | val loss=0.0015 | t=0.1s
[finetune_replay] ep  63/300 | train loss=0.0000 top1=1.000 | val loss=0.0015 | t=0.2s
[finetune_replay] ep  64/300 | train loss=0.0000 top1=1.000 | val loss=0.0016 | t=0.1s
[finetune_replay] ep  65/300 | train loss=0.0000 top1=1.000 | val loss=0.0016 | t=0.1s
[finetune_replay] ep  66/300 | train loss=0.0000 top1=1.000 | val loss=0.0015 | t=0.1s
[finetune_replay] ep  67/300 | train loss=0.0000 top1=1.000 | val loss=0.0018 | t=0.1s
[finetune_replay] ep  68/300 | train loss=0.0000 top1=1.000 | val loss=0.0017 | t=0.1s
[finetune_replay] ep  69/300 | train loss=0.0000 top1=1.000 | val loss=0.0016 | t=0.1s
[finetune_replay] ep  70/300 | train loss=0.0000 top1=1.000 | val loss=0.0016 | t=0.1s
[finetune_replay] ep  71/300 | train loss=0.0000 top1=1.000 | val loss=0.0014 | t=0.1s
[finetune_replay] ep  72/300 | train loss=0.0000 top1=1.000 | val loss=0.0013 | t=0.1s
[finetune_replay] ep  73/300 | train loss=0.0000 top1=1.000 | val loss=0.0012 | t=0.1s
[finetune_replay] ep  74/300 | train loss=0.0000 top1=1.000 | val loss=0.0018 | t=0.1s
[finetune_replay] ep  75/300 | train loss=0.0000 top1=1.000 | val loss=0.0015 | t=0.1s
[finetune_replay] ep  76/300 | train loss=0.0000 top1=1.000 | val loss=0.0016 | t=0.1s
[finetune_replay] ep  77/300 | train loss=0.0000 top1=1.000 | val loss=0.0017 | t=0.1s
[finetune_replay] ep  78/300 | train loss=0.0000 top1=1.000 | val loss=0.0015 | t=0.1s
[finetune_replay] ep  79/300 | train loss=0.0000 top1=1.000 | val loss=0.0015 | t=0.1s
[finetune_replay] ep  80/300 | train loss=0.0000 top1=1.000 | val loss=0.0015 | t=0.1s
[finetune_replay] ep  81/300 | train loss=0.0000 top1=1.000 | val loss=0.0013 | t=0.1s
[finetune_replay] ep  82/300 | train loss=0.0000 top1=1.000 | val loss=0.0014 | t=0.1s
[finetune_replay] ep  83/300 | train loss=0.0000 top1=1.000 | val loss=0.0013 | t=0.1s
[finetune_replay] ep  84/300 | train loss=0.0000 top1=1.000 | val loss=0.0014 | t=0.1s
[finetune_replay] ep  85/300 | train loss=0.0000 top1=1.000 | val loss=0.0014 | t=0.1s
[finetune_replay] ep  86/300 | train loss=0.0000 top1=1.000 | val loss=0.0015 | t=0.1s
[finetune_replay] ep  87/300 | train loss=0.0000 top1=1.000 | val loss=0.0014 | t=0.1s
[finetune_replay] ep  88/300 | train loss=0.0000 top1=1.000 | val loss=0.0016 | t=0.1s
[finetune_replay] ep  89/300 | train loss=0.0000 top1=1.000 | val loss=0.0015 | t=0.1s
[finetune_replay] ep  90/300 | train loss=0.0000 top1=1.000 | val loss=0.0018 | t=0.1s
[finetune_replay] ep  91/300 | train loss=0.0000 top1=1.000 | val loss=0.0015 | t=0.1s
[finetune_replay] ep  92/300 | train loss=0.0000 top1=1.000 | val loss=0.0014 | t=0.1s
[finetune_replay] ep  93/300 | train loss=0.0000 top1=1.000 | val loss=0.0013 | t=0.1s
[finetune_replay] ep  94/300 | train loss=0.0000 top1=1.000 | val loss=0.0016 | t=0.1s
[finetune_replay] ep  95/300 | train loss=0.0000 top1=1.000 | val loss=0.0015 | t=0.1s
[finetune_replay] ep  96/300 | train loss=0.0000 top1=1.000 | val loss=0.0014 | t=0.1s
[finetune_replay] ep  97/300 | train loss=0.0000 top1=1.000 | val loss=0.0018 | t=0.1s
[finetune_replay] ep  98/300 | train loss=0.0000 top1=1.000 | val loss=0.0015 | t=0.1s
[finetune_replay] ep  99/300 | train loss=0.0000 top1=1.000 | val loss=0.0012 | t=0.1s  *
[finetune_replay] ep 100/300 | train loss=0.0000 top1=1.000 | val loss=0.0014 | t=0.1s
[finetune_replay] ep 101/300 | train loss=0.0000 top1=1.000 | val loss=0.0014 | t=0.1s
[finetune_replay] ep 102/300 | train loss=0.0000 top1=1.000 | val loss=0.0014 | t=0.1s
[finetune_replay] ep 103/300 | train loss=0.0000 top1=1.000 | val loss=0.0014 | t=0.1s
[finetune_replay] ep 104/300 | train loss=0.0000 top1=1.000 | val loss=0.0016 | t=0.1s
[finetune_replay] ep 105/300 | train loss=0.0000 top1=1.000 | val loss=0.0014 | t=0.1s
[finetune_replay] ep 106/300 | train loss=0.0000 top1=1.000 | val loss=0.0013 | t=0.1s
[finetune_replay] ep 107/300 | train loss=0.0000 top1=1.000 | val loss=0.0016 | t=0.1s
[finetune_replay] ep 108/300 | train loss=0.0000 top1=1.000 | val loss=0.0013 | t=0.1s
[finetune_replay] ep 109/300 | train loss=0.0000 top1=1.000 | val loss=0.0014 | t=0.1s
[finetune_replay] ep 110/300 | train loss=0.0000 top1=1.000 | val loss=0.0013 | t=0.1s
[finetune_replay] ep 111/300 | train loss=0.0000 top1=1.000 | val loss=0.0014 | t=0.1s
[finetune_replay] ep 112/300 | train loss=0.0000 top1=1.000 | val loss=0.0014 | t=0.1s
[finetune_replay] ep 113/300 | train loss=0.0000 top1=1.000 | val loss=0.0013 | t=0.1s
[finetune_replay] ep 114/300 | train loss=0.0000 top1=1.000 | val loss=0.0011 | t=0.1s  *
[finetune_replay] ep 115/300 | train loss=0.0000 top1=1.000 | val loss=0.0010 | t=0.1s  *
[finetune_replay] ep 116/300 | train loss=0.0000 top1=1.000 | val loss=0.0010 | t=0.1s  *
[finetune_replay] ep 117/300 | train loss=0.0000 top1=1.000 | val loss=0.0010 | t=0.1s
[finetune_replay] ep 118/300 | train loss=0.0000 top1=1.000 | val loss=0.0011 | t=0.2s
[finetune_replay] ep 119/300 | train loss=0.0000 top1=1.000 | val loss=0.0010 | t=0.1s  *
[finetune_replay] ep 120/300 | train loss=0.0000 top1=1.000 | val loss=0.0008 | t=0.1s  *
[finetune_replay] ep 121/300 | train loss=0.0000 top1=1.000 | val loss=0.0012 | t=0.1s
[finetune_replay] ep 122/300 | train loss=0.0000 top1=1.000 | val loss=0.0010 | t=0.1s
[finetune_replay] ep 123/300 | train loss=0.0000 top1=1.000 | val loss=0.0012 | t=0.1s
[finetune_replay] ep 124/300 | train loss=0.0000 top1=1.000 | val loss=0.0017 | t=0.1s
[finetune_replay] ep 125/300 | train loss=0.0000 top1=1.000 | val loss=0.0015 | t=0.1s
[finetune_replay] ep 126/300 | train loss=0.0000 top1=1.000 | val loss=0.0014 | t=0.1s
[finetune_replay] ep 127/300 | train loss=0.0000 top1=1.000 | val loss=0.0014 | t=0.1s
[finetune_replay] ep 128/300 | train loss=0.0000 top1=1.000 | val loss=0.0012 | t=0.1s
[finetune_replay] ep 129/300 | train loss=0.0000 top1=1.000 | val loss=0.0012 | t=0.1s
[finetune_replay] ep 130/300 | train loss=0.0000 top1=1.000 | val loss=0.0010 | t=0.1s
[finetune_replay] ep 131/300 | train loss=0.0000 top1=1.000 | val loss=0.0012 | t=0.1s
[finetune_replay] ep 132/300 | train loss=0.0000 top1=1.000 | val loss=0.0011 | t=0.1s
[finetune_replay] ep 133/300 | train loss=0.0000 top1=1.000 | val loss=0.0009 | t=0.1s
[finetune_replay] ep 134/300 | train loss=0.0000 top1=1.000 | val loss=0.0008 | t=0.1s  *
[finetune_replay] ep 135/300 | train loss=0.0000 top1=1.000 | val loss=0.0009 | t=0.1s
[finetune_replay] ep 136/300 | train loss=0.0000 top1=1.000 | val loss=0.0010 | t=0.1s
[finetune_replay] ep 137/300 | train loss=0.0000 top1=1.000 | val loss=0.0009 | t=0.1s
[finetune_replay] ep 138/300 | train loss=0.0000 top1=1.000 | val loss=0.0010 | t=0.1s
[finetune_replay] ep 139/300 | train loss=0.0000 top1=1.000 | val loss=0.0008 | t=0.1s  *
[finetune_replay] ep 140/300 | train loss=0.0000 top1=1.000 | val loss=0.0008 | t=0.1s  *
[finetune_replay] ep 141/300 | train loss=0.0000 top1=1.000 | val loss=0.0009 | t=0.1s
[finetune_replay] ep 142/300 | train loss=0.0000 top1=1.000 | val loss=0.0009 | t=0.1s
[finetune_replay] ep 143/300 | train loss=0.0000 top1=1.000 | val loss=0.0010 | t=0.1s
[finetune_replay] ep 144/300 | train loss=0.0000 top1=1.000 | val loss=0.0009 | t=0.1s
[finetune_replay] ep 145/300 | train loss=0.0000 top1=1.000 | val loss=0.0009 | t=0.1s
[finetune_replay] ep 146/300 | train loss=0.0000 top1=1.000 | val loss=0.0008 | t=0.1s
[finetune_replay] ep 147/300 | train loss=0.0000 top1=1.000 | val loss=0.0009 | t=0.1s
[finetune_replay] ep 148/300 | train loss=0.0000 top1=1.000 | val loss=0.0010 | t=0.2s
[finetune_replay] ep 149/300 | train loss=0.0000 top1=1.000 | val loss=0.0010 | t=0.1s
[finetune_replay] ep 150/300 | train loss=0.0000 top1=1.000 | val loss=0.0010 | t=0.1s
[finetune_replay] ep 151/300 | train loss=0.0000 top1=1.000 | val loss=0.0009 | t=0.1s
[finetune_replay] ep 152/300 | train loss=0.0000 top1=1.000 | val loss=0.0009 | t=0.1s
[finetune_replay] ep 153/300 | train loss=0.0000 top1=1.000 | val loss=0.0012 | t=0.1s
[finetune_replay] ep 154/300 | train loss=0.0000 top1=1.000 | val loss=0.0013 | t=0.1s
[finetune_replay] ep 155/300 | train loss=0.0000 top1=1.000 | val loss=0.0010 | t=0.1s
[finetune_replay] ep 156/300 | train loss=0.0000 top1=1.000 | val loss=0.0009 | t=0.1s
[finetune_replay] ep 157/300 | train loss=0.0000 top1=1.000 | val loss=0.0009 | t=0.1s
[finetune_replay] ep 158/300 | train loss=0.0000 top1=1.000 | val loss=0.0008 | t=0.1s
[finetune_replay] ep 159/300 | train loss=0.0000 top1=1.000 | val loss=0.0010 | t=0.1s
[finetune_replay] ep 160/300 | train loss=0.0000 top1=1.000 | val loss=0.0011 | t=0.1s
[finetune_replay] ep 161/300 | train loss=0.0000 top1=1.000 | val loss=0.0009 | t=0.1s
[finetune_replay] ep 162/300 | train loss=0.0000 top1=1.000 | val loss=0.0010 | t=0.1s
[finetune_replay] ep 163/300 | train loss=0.0000 top1=1.000 | val loss=0.0009 | t=0.1s
[finetune_replay] ep 164/300 | train loss=0.0000 top1=1.000 | val loss=0.0009 | t=0.1s
[finetune_replay] ep 165/300 | train loss=0.0000 top1=1.000 | val loss=0.0010 | t=0.1s
[finetune_replay] ep 166/300 | train loss=0.0000 top1=1.000 | val loss=0.0011 | t=0.1s
[finetune_replay] ep 167/300 | train loss=0.0000 top1=1.000 | val loss=0.0011 | t=0.1s
[finetune_replay] ep 168/300 | train loss=0.0000 top1=1.000 | val loss=0.0011 | t=0.1s
[finetune_replay] ep 169/300 | train loss=0.0000 top1=1.000 | val loss=0.0008 | t=0.1s
[finetune_replay] ep 170/300 | train loss=0.0000 top1=1.000 | val loss=0.0010 | t=0.2s
[finetune_replay] ep 171/300 | train loss=0.0000 top1=1.000 | val loss=0.0011 | t=0.1s
[finetune_replay] ep 172/300 | train loss=0.0000 top1=1.000 | val loss=0.0008 | t=0.1s
[finetune_replay] ep 173/300 | train loss=0.0000 top1=1.000 | val loss=0.0010 | t=0.1s
[finetune_replay] ep 174/300 | train loss=0.0000 top1=1.000 | val loss=0.0009 | t=0.1s
[finetune_replay] ep 175/300 | train loss=0.0000 top1=1.000 | val loss=0.0009 | t=0.1s
[finetune_replay] ep 176/300 | train loss=0.0000 top1=1.000 | val loss=0.0009 | t=0.1s
[finetune_replay] ep 177/300 | train loss=0.0000 top1=1.000 | val loss=0.0008 | t=0.1s  *
[finetune_replay] ep 178/300 | train loss=0.0000 top1=1.000 | val loss=0.0008 | t=0.1s
[finetune_replay] ep 179/300 | train loss=0.0000 top1=1.000 | val loss=0.0009 | t=0.1s
[finetune_replay] ep 180/300 | train loss=0.0000 top1=1.000 | val loss=0.0008 | t=0.1s
[finetune_replay] ep 181/300 | train loss=0.0000 top1=1.000 | val loss=0.0009 | t=0.2s
[finetune_replay] ep 182/300 | train loss=0.0000 top1=1.000 | val loss=0.0009 | t=0.1s
[finetune_replay] ep 183/300 | train loss=0.0000 top1=1.000 | val loss=0.0010 | t=0.1s
[finetune_replay] ep 184/300 | train loss=0.0000 top1=1.000 | val loss=0.0009 | t=0.1s
[finetune_replay] ep 185/300 | train loss=0.0000 top1=1.000 | val loss=0.0012 | t=0.1s
[finetune_replay] ep 186/300 | train loss=0.0000 top1=1.000 | val loss=0.0010 | t=0.1s
[finetune_replay] ep 187/300 | train loss=0.0000 top1=1.000 | val loss=0.0008 | t=0.1s
[finetune_replay] ep 188/300 | train loss=0.0000 top1=1.000 | val loss=0.0008 | t=0.1s
[finetune_replay] ep 189/300 | train loss=0.0000 top1=1.000 | val loss=0.0010 | t=0.1s
[finetune_replay] ep 190/300 | train loss=0.0000 top1=1.000 | val loss=0.0009 | t=0.1s
[finetune_replay] ep 191/300 | train loss=0.0000 top1=1.000 | val loss=0.0009 | t=0.1s
[finetune_replay] ep 192/300 | train loss=0.0000 top1=1.000 | val loss=0.0008 | t=0.1s
[finetune_replay] ep 193/300 | train loss=0.0000 top1=1.000 | val loss=0.0008 | t=0.1s
[finetune_replay] ep 194/300 | train loss=0.0000 top1=1.000 | val loss=0.0008 | t=0.1s
[finetune_replay] ep 195/300 | train loss=0.0000 top1=1.000 | val loss=0.0008 | t=0.1s
[finetune_replay] ep 196/300 | train loss=0.0000 top1=1.000 | val loss=0.0008 | t=0.1s  *
[finetune_replay] ep 197/300 | train loss=0.0000 top1=1.000 | val loss=0.0007 | t=0.1s  *
[finetune_replay] ep 198/300 | train loss=0.0000 top1=1.000 | val loss=0.0008 | t=0.1s
[finetune_replay] ep 199/300 | train loss=0.0000 top1=1.000 | val loss=0.0008 | t=0.1s
[finetune_replay] ep 200/300 | train loss=0.0000 top1=1.000 | val loss=0.0008 | t=0.2s
[finetune_replay] ep 201/300 | train loss=0.0000 top1=1.000 | val loss=0.0009 | t=0.1s
[finetune_replay] ep 202/300 | train loss=0.0000 top1=1.000 | val loss=0.0009 | t=0.1s
[finetune_replay] ep 203/300 | train loss=0.0000 top1=1.000 | val loss=0.0008 | t=0.1s
[finetune_replay] ep 204/300 | train loss=0.0000 top1=1.000 | val loss=0.0010 | t=0.1s
[finetune_replay] ep 205/300 | train loss=0.0000 top1=1.000 | val loss=0.0009 | t=0.1s
[finetune_replay] ep 206/300 | train loss=0.0000 top1=1.000 | val loss=0.0008 | t=0.1s
[finetune_replay] ep 207/300 | train loss=0.0000 top1=1.000 | val loss=0.0009 | t=0.1s
[finetune_replay] ep 208/300 | train loss=0.0000 top1=1.000 | val loss=0.0008 | t=0.1s
[finetune_replay] ep 209/300 | train loss=0.0000 top1=1.000 | val loss=0.0008 | t=0.1s
[finetune_replay] ep 210/300 | train loss=0.0000 top1=1.000 | val loss=0.0007 | t=0.1s
[finetune_replay] ep 211/300 | train loss=0.0000 top1=1.000 | val loss=0.0008 | t=0.1s
[finetune_replay] ep 212/300 | train loss=0.0000 top1=1.000 | val loss=0.0008 | t=0.1s
[finetune_replay] ep 213/300 | train loss=0.0000 top1=1.000 | val loss=0.0008 | t=0.1s
[finetune_replay] ep 214/300 | train loss=0.0000 top1=1.000 | val loss=0.0007 | t=0.1s
[finetune_replay] ep 215/300 | train loss=0.0000 top1=1.000 | val loss=0.0010 | t=0.1s
[finetune_replay] ep 216/300 | train loss=0.0000 top1=1.000 | val loss=0.0007 | t=0.1s
[finetune_replay] ep 217/300 | train loss=0.0000 top1=1.000 | val loss=0.0006 | t=0.1s  *
[finetune_replay] ep 218/300 | train loss=0.0000 top1=1.000 | val loss=0.0009 | t=0.1s
[finetune_replay] ep 219/300 | train loss=0.0000 top1=1.000 | val loss=0.0008 | t=0.1s
[finetune_replay] ep 220/300 | train loss=0.0000 top1=1.000 | val loss=0.0008 | t=0.1s
[finetune_replay] ep 221/300 | train loss=0.0000 top1=1.000 | val loss=0.0007 | t=0.1s
[finetune_replay] ep 222/300 | train loss=0.0000 top1=1.000 | val loss=0.0007 | t=0.1s
[finetune_replay] ep 223/300 | train loss=0.0000 top1=1.000 | val loss=0.0007 | t=0.1s
[finetune_replay] ep 224/300 | train loss=0.0000 top1=1.000 | val loss=0.0008 | t=0.1s
[finetune_replay] ep 225/300 | train loss=0.0000 top1=1.000 | val loss=0.0007 | t=0.1s
[finetune_replay] ep 226/300 | train loss=0.0000 top1=1.000 | val loss=0.0007 | t=0.1s
[finetune_replay] ep 227/300 | train loss=0.0000 top1=1.000 | val loss=0.0009 | t=0.1s
[finetune_replay] ep 228/300 | train loss=0.0000 top1=1.000 | val loss=0.0009 | t=0.1s
[finetune_replay] ep 229/300 | train loss=0.0000 top1=1.000 | val loss=0.0008 | t=0.1s
[finetune_replay] ep 230/300 | train loss=0.0000 top1=1.000 | val loss=0.0008 | t=0.1s
[finetune_replay] ep 231/300 | train loss=0.0000 top1=1.000 | val loss=0.0009 | t=0.1s
[finetune_replay] ep 232/300 | train loss=0.0000 top1=1.000 | val loss=0.0009 | t=0.1s
[finetune_replay] ep 233/300 | train loss=0.0000 top1=1.000 | val loss=0.0008 | t=0.1s
[finetune_replay] ep 234/300 | train loss=0.0000 top1=1.000 | val loss=0.0008 | t=0.1s
[finetune_replay] ep 235/300 | train loss=0.0000 top1=1.000 | val loss=0.0008 | t=0.1s
[finetune_replay] ep 236/300 | train loss=0.0000 top1=1.000 | val loss=0.0009 | t=0.1s
[finetune_replay] ep 237/300 | train loss=0.0000 top1=1.000 | val loss=0.0007 | t=0.1s
[finetune_replay] ep 238/300 | train loss=0.0000 top1=1.000 | val loss=0.0008 | t=0.1s
[finetune_replay] ep 239/300 | train loss=0.0000 top1=1.000 | val loss=0.0007 | t=0.1s
[finetune_replay] ep 240/300 | train loss=0.0000 top1=1.000 | val loss=0.0008 | t=0.1s
[finetune_replay] ep 241/300 | train loss=0.0000 top1=1.000 | val loss=0.0007 | t=0.1s
[finetune_replay] ep 242/300 | train loss=0.0000 top1=1.000 | val loss=0.0007 | t=0.1s
[finetune_replay] ep 243/300 | train loss=0.0000 top1=1.000 | val loss=0.0008 | t=0.1s
[finetune_replay] ep 244/300 | train loss=0.0000 top1=1.000 | val loss=0.0007 | t=0.1s
[finetune_replay] ep 245/300 | train loss=0.0000 top1=1.000 | val loss=0.0007 | t=0.1s
[finetune_replay] ep 246/300 | train loss=0.0000 top1=1.000 | val loss=0.0008 | t=0.1s
[finetune_replay] ep 247/300 | train loss=0.0000 top1=1.000 | val loss=0.0008 | t=0.1s
[finetune_replay] ep 248/300 | train loss=0.0000 top1=1.000 | val loss=0.0007 | t=0.1s
[finetune_replay] ep 249/300 | train loss=0.0000 top1=1.000 | val loss=0.0011 | t=0.1s
[finetune_replay] ep 250/300 | train loss=0.0000 top1=1.000 | val loss=0.0009 | t=0.1s
[finetune_replay] ep 251/300 | train loss=0.0000 top1=1.000 | val loss=0.0008 | t=0.1s
[finetune_replay] ep 252/300 | train loss=0.0000 top1=1.000 | val loss=0.0007 | t=0.1s
[finetune_replay] ep 253/300 | train loss=0.0000 top1=1.000 | val loss=0.0009 | t=0.1s
[finetune_replay] ep 254/300 | train loss=0.0000 top1=1.000 | val loss=0.0009 | t=0.1s
[finetune_replay] ep 255/300 | train loss=0.0000 top1=1.000 | val loss=0.0008 | t=0.1s
[finetune_replay] ep 256/300 | train loss=0.0000 top1=1.000 | val loss=0.0008 | t=0.1s
[finetune_replay] ep 257/300 | train loss=0.0000 top1=1.000 | val loss=0.0008 | t=0.1s
[finetune_replay] ep 258/300 | train loss=0.0000 top1=1.000 | val loss=0.0009 | t=0.1s
[finetune_replay] ep 259/300 | train loss=0.0000 top1=1.000 | val loss=0.0010 | t=0.1s
[finetune_replay] ep 260/300 | train loss=0.0000 top1=1.000 | val loss=0.0012 | t=0.1s
[finetune_replay] ep 261/300 | train loss=0.0000 top1=1.000 | val loss=0.0012 | t=0.1s
[finetune_replay] ep 262/300 | train loss=0.0000 top1=1.000 | val loss=0.0010 | t=0.1s
[finetune_replay] ep 263/300 | train loss=0.0000 top1=1.000 | val loss=0.0009 | t=0.1s
[finetune_replay] ep 264/300 | train loss=0.0000 top1=1.000 | val loss=0.0009 | t=0.1s
[finetune_replay] ep 265/300 | train loss=0.0000 top1=1.000 | val loss=0.0009 | t=0.1s
[finetune_replay] ep 266/300 | train loss=0.0000 top1=1.000 | val loss=0.0008 | t=0.1s
[finetune_replay] ep 267/300 | train loss=0.0000 top1=1.000 | val loss=0.0007 | t=0.1s
[finetune_replay] ep 268/300 | train loss=0.0000 top1=1.000 | val loss=0.0007 | t=0.1s
[finetune_replay] ep 269/300 | train loss=0.0000 top1=1.000 | val loss=0.0006 | t=0.1s
[finetune_replay] ep 270/300 | train loss=0.0000 top1=1.000 | val loss=0.0007 | t=0.1s
[finetune_replay] ep 271/300 | train loss=0.0000 top1=1.000 | val loss=0.0008 | t=0.1s
[finetune_replay] ep 272/300 | train loss=0.0000 top1=1.000 | val loss=0.0009 | t=0.1s
[finetune_replay] ep 273/300 | train loss=0.0000 top1=1.000 | val loss=0.0008 | t=0.1s
[finetune_replay] ep 274/300 | train loss=0.0000 top1=1.000 | val loss=0.0007 | t=0.1s
[finetune_replay] ep 275/300 | train loss=0.0000 top1=1.000 | val loss=0.0009 | t=0.1s
[finetune_replay] ep 276/300 | train loss=0.0000 top1=1.000 | val loss=0.0008 | t=0.1s
[finetune_replay] ep 277/300 | train loss=0.0000 top1=1.000 | val loss=0.0008 | t=0.1s
[finetune_replay] ep 278/300 | train loss=0.0000 top1=1.000 | val loss=0.0008 | t=0.1s
[finetune_replay] ep 279/300 | train loss=0.0000 top1=1.000 | val loss=0.0007 | t=0.1s
[finetune_replay] ep 280/300 | train loss=0.0000 top1=1.000 | val loss=0.0006 | t=0.1s
[finetune_replay] ep 281/300 | train loss=0.0000 top1=1.000 | val loss=0.0007 | t=0.1s
[finetune_replay] ep 282/300 | train loss=0.0000 top1=1.000 | val loss=0.0007 | t=0.1s
[finetune_replay] ep 283/300 | train loss=0.0000 top1=1.000 | val loss=0.0007 | t=0.1s
[finetune_replay] ep 284/300 | train loss=0.0000 top1=1.000 | val loss=0.0008 | t=0.1s
[finetune_replay] ep 285/300 | train loss=0.0000 top1=1.000 | val loss=0.0009 | t=0.1s
[finetune_replay] ep 286/300 | train loss=0.0000 top1=1.000 | val loss=0.0009 | t=0.1s
[finetune_replay] ep 287/300 | train loss=0.0000 top1=1.000 | val loss=0.0009 | t=0.1s
[finetune_replay] ep 288/300 | train loss=0.0000 top1=1.000 | val loss=0.0008 | t=0.1s
[finetune_replay] ep 289/300 | train loss=0.0000 top1=1.000 | val loss=0.0007 | t=0.1s
[finetune_replay] ep 290/300 | train loss=0.0000 top1=1.000 | val loss=0.0008 | t=0.1s
[finetune_replay] ep 291/300 | train loss=0.0000 top1=1.000 | val loss=0.0007 | t=0.1s
[finetune_replay] ep 292/300 | train loss=0.0000 top1=1.000 | val loss=0.0009 | t=0.1s
[finetune_replay] ep 293/300 | train loss=0.0000 top1=1.000 | val loss=0.0011 | t=0.1s
[finetune_replay] ep 294/300 | train loss=0.0000 top1=1.000 | val loss=0.0011 | t=0.1s
[finetune_replay] ep 295/300 | train loss=0.0000 top1=1.000 | val loss=0.0009 | t=0.1s
[finetune_replay] ep 296/300 | train loss=0.0000 top1=1.000 | val loss=0.0009 | t=0.1s
[finetune_replay] ep 297/300 | train loss=0.0000 top1=1.000 | val loss=0.0009 | t=0.1s
[finetune_replay] ep 298/300 | train loss=0.0000 top1=1.000 | val loss=0.0008 | t=0.1s
[finetune_replay] ep 299/300 | train loss=0.0000 top1=1.000 | val loss=0.0007 | t=0.1s
[finetune_replay] ep 300/300 | train loss=0.0000 top1=1.000 | val loss=0.0009 | t=0.1s
[finetune_replay] DONE best_val_loss=0.0006 @ epoch 217
[20:06:51] [bo-budget] $ /home/s226137394/.conda/envs/maze/bin/python3 -u -m Equivariant_pathway.equivariant_CNN_hybrid.rollout_test --checkpoint /weka/s226137394/DmNfull/Equivariant_pathway/equivariant_CNN_hybrid/baseline_vs_p4/pool_x_selector/results_hpsweep/e300_lr0.0001_rm0.7_do0/run_6/p4_top3_rotate/checkpoints/best_hybrid_policy.pth --layouts /weka/s226137394/DmNfull/Equivariant_pathway/equivariant_CNN_hybrid/baseline_vs_p4/shared/heldout_layouts.yaml --out_dir /weka/s226137394/DmNfull/Equivariant_pathway/equivariant_CNN_hybrid/baseline_vs_p4/pool_x_selector/results_hpsweep/e300_lr0.0001_rm0.7_do0/run_6/p4_top3_rotate/results/eval_round_015 --seed 21 --max_steps 60
[hybrid-rollout] 200 unique; running 200 eps
[hybrid-rollout] loaded /weka/s226137394/DmNfull/Equivariant_pathway/equivariant_CNN_hybrid/baseline_vs_p4/pool_x_selector/results_hpsweep/e300_lr0.0001_rm0.7_do0/run_6/p4_top3_rotate/checkpoints/best_hybrid_policy.pth
[hybrid-rollout] ep 0 (heldout_001): steps=5 success=True
[hybrid-rollout] ep 1 (heldout_002): steps=60 success=False
[hybrid-rollout] ep 2 (heldout_003): steps=4 success=True
[hybrid-rollout] ep 3 (heldout_004): steps=6 success=True
[hybrid-rollout] ep 4 (heldout_005): steps=5 success=True
[hybrid-rollout] ep 5 (heldout_006): steps=3 success=False
[hybrid-rollout] ep 6 (heldout_007): steps=5 success=True
[hybrid-rollout] ep 7 (heldout_008): steps=4 success=True
[hybrid-rollout] ep 8 (heldout_009): steps=6 success=True
[hybrid-rollout] ep 9 (heldout_010): steps=8 success=True
[hybrid-rollout] ep 10 (heldout_011): steps=4 success=True
[hybrid-rollout] ep 11 (heldout_012): steps=4 success=True
[hybrid-rollout] ep 12 (heldout_013): steps=5 success=True
[hybrid-rollout] ep 13 (heldout_014): steps=5 success=True
[hybrid-rollout] ep 14 (heldout_015): steps=4 success=True
[hybrid-rollout] ep 15 (heldout_016): steps=5 success=True
[hybrid-rollout] ep 16 (heldout_017): steps=4 success=True
[hybrid-rollout] ep 17 (heldout_018): steps=60 success=False
[hybrid-rollout] ep 18 (heldout_019): steps=5 success=True
[hybrid-rollout] ep 19 (heldout_020): steps=5 success=True
[hybrid-rollout] ep 20 (heldout_021): steps=4 success=True
[hybrid-rollout] ep 21 (heldout_022): steps=4 success=True
[hybrid-rollout] ep 22 (heldout_023): steps=7 success=True
[hybrid-rollout] ep 23 (heldout_024): steps=60 success=False
[hybrid-rollout] ep 24 (heldout_025): steps=4 success=True
[hybrid-rollout] ep 25 (heldout_026): steps=4 success=True
[hybrid-rollout] ep 26 (heldout_027): steps=4 success=True
[hybrid-rollout] ep 27 (heldout_028): steps=4 success=True
[hybrid-rollout] ep 28 (heldout_029): steps=5 success=True
[hybrid-rollout] ep 29 (heldout_030): steps=60 success=False
[hybrid-rollout] ep 30 (heldout_031): steps=5 success=True
[hybrid-rollout] ep 31 (heldout_032): steps=5 success=True
[hybrid-rollout] ep 32 (heldout_033): steps=4 success=True
[hybrid-rollout] ep 33 (heldout_034): steps=5 success=True
[hybrid-rollout] ep 34 (heldout_035): steps=6 success=True
[hybrid-rollout] ep 35 (heldout_036): steps=5 success=True
[hybrid-rollout] ep 36 (heldout_037): steps=4 success=True
[hybrid-rollout] ep 37 (heldout_038): steps=5 success=True
[hybrid-rollout] ep 38 (heldout_039): steps=6 success=True
[hybrid-rollout] ep 39 (heldout_040): steps=5 success=True
[hybrid-rollout] ep 40 (heldout_041): steps=6 success=True
[hybrid-rollout] ep 41 (heldout_042): steps=60 success=False
[hybrid-rollout] ep 42 (heldout_043): steps=4 success=True
[hybrid-rollout] ep 43 (heldout_044): steps=5 success=True
[hybrid-rollout] ep 44 (heldout_045): steps=5 success=True
[hybrid-rollout] ep 45 (heldout_046): steps=4 success=True
[hybrid-rollout] ep 46 (heldout_047): steps=4 success=True
[hybrid-rollout] ep 47 (heldout_048): steps=6 success=True
[hybrid-rollout] ep 48 (heldout_049): steps=5 success=True
[hybrid-rollout] ep 49 (heldout_050): steps=4 success=True
[hybrid-rollout] ep 50 (heldout_051): steps=4 success=True
[hybrid-rollout] ep 51 (heldout_052): steps=4 success=True
[hybrid-rollout] ep 52 (heldout_053): steps=6 success=True
[hybrid-rollout] ep 53 (heldout_054): steps=4 success=True
[hybrid-rollout] ep 54 (heldout_055): steps=60 success=False
[hybrid-rollout] ep 55 (heldout_056): steps=4 success=True
[hybrid-rollout] ep 56 (heldout_057): steps=4 success=True
[hybrid-rollout] ep 57 (heldout_058): steps=4 success=True
[hybrid-rollout] ep 58 (heldout_059): steps=5 success=True
[hybrid-rollout] ep 59 (heldout_060): steps=6 success=True
[hybrid-rollout] ep 60 (heldout_061): steps=5 success=True
[hybrid-rollout] ep 61 (heldout_062): steps=6 success=True
[hybrid-rollout] ep 62 (heldout_063): steps=5 success=True
[hybrid-rollout] ep 63 (heldout_064): steps=4 success=True
[hybrid-rollout] ep 64 (heldout_065): steps=7 success=True
[hybrid-rollout] ep 65 (heldout_066): steps=6 success=True
[hybrid-rollout] ep 66 (heldout_067): steps=5 success=True
[hybrid-rollout] ep 67 (heldout_068): steps=4 success=True
[hybrid-rollout] ep 68 (heldout_069): steps=4 success=True
[hybrid-rollout] ep 69 (heldout_070): steps=7 success=True
[hybrid-rollout] ep 70 (heldout_071): steps=5 success=True
[hybrid-rollout] ep 71 (heldout_072): steps=5 success=True
[hybrid-rollout] ep 72 (heldout_073): steps=6 success=True
[hybrid-rollout] ep 73 (heldout_074): steps=4 success=True
[hybrid-rollout] ep 74 (heldout_075): steps=5 success=True
[hybrid-rollout] ep 75 (heldout_076): steps=7 success=True
[hybrid-rollout] ep 76 (heldout_077): steps=4 success=True
[hybrid-rollout] ep 77 (heldout_078): steps=3 success=False
[hybrid-rollout] ep 78 (heldout_079): steps=4 success=True
[hybrid-rollout] ep 79 (heldout_080): steps=4 success=True
[hybrid-rollout] ep 80 (heldout_081): steps=5 success=True
[hybrid-rollout] ep 81 (heldout_082): steps=5 success=True
[hybrid-rollout] ep 82 (heldout_083): steps=4 success=True
[hybrid-rollout] ep 83 (heldout_084): steps=5 success=True
[hybrid-rollout] ep 84 (heldout_085): steps=60 success=False
[hybrid-rollout] ep 85 (heldout_086): steps=6 success=True
[hybrid-rollout] ep 86 (heldout_087): steps=7 success=True
[hybrid-rollout] ep 87 (heldout_088): steps=4 success=True
[hybrid-rollout] ep 88 (heldout_089): steps=3 success=False
[hybrid-rollout] ep 89 (heldout_090): steps=4 success=True
[hybrid-rollout] ep 90 (heldout_091): steps=5 success=True
[hybrid-rollout] ep 91 (heldout_092): steps=5 success=True
[hybrid-rollout] ep 92 (heldout_093): steps=6 success=True
[hybrid-rollout] ep 93 (heldout_094): steps=6 success=True
[hybrid-rollout] ep 94 (heldout_095): steps=7 success=True
[hybrid-rollout] ep 95 (heldout_096): steps=5 success=True
[hybrid-rollout] ep 96 (heldout_097): steps=5 success=True
[hybrid-rollout] ep 97 (heldout_098): steps=5 success=True
[hybrid-rollout] ep 98 (heldout_099): steps=6 success=True
[hybrid-rollout] ep 99 (heldout_100): steps=60 success=False
[hybrid-rollout] ep 100 (heldout_101): steps=4 success=True
[hybrid-rollout] ep 101 (heldout_102): steps=4 success=True
[hybrid-rollout] ep 102 (heldout_103): steps=60 success=False
[hybrid-rollout] ep 103 (heldout_104): steps=6 success=True
[hybrid-rollout] ep 104 (heldout_105): steps=4 success=True
[hybrid-rollout] ep 105 (heldout_106): steps=6 success=True
[hybrid-rollout] ep 106 (heldout_107): steps=4 success=True
[hybrid-rollout] ep 107 (heldout_108): steps=4 success=True
[hybrid-rollout] ep 108 (heldout_109): steps=4 success=True
[hybrid-rollout] ep 109 (heldout_110): steps=4 success=True
[hybrid-rollout] ep 110 (heldout_111): steps=5 success=False
[hybrid-rollout] ep 111 (heldout_112): steps=5 success=True
[hybrid-rollout] ep 112 (heldout_113): steps=5 success=True
[hybrid-rollout] ep 113 (heldout_114): steps=4 success=True
[hybrid-rollout] ep 114 (heldout_115): steps=4 success=True
[hybrid-rollout] ep 115 (heldout_116): steps=5 success=True
[hybrid-rollout] ep 116 (heldout_117): steps=5 success=True
[hybrid-rollout] ep 117 (heldout_118): steps=7 success=True
[hybrid-rollout] ep 118 (heldout_119): steps=4 success=True
[hybrid-rollout] ep 119 (heldout_120): steps=7 success=True
[hybrid-rollout] ep 120 (heldout_121): steps=4 success=True
[hybrid-rollout] ep 121 (heldout_122): steps=4 success=True
[hybrid-rollout] ep 122 (heldout_123): steps=6 success=True
[hybrid-rollout] ep 123 (heldout_124): steps=8 success=True
[hybrid-rollout] ep 124 (heldout_125): steps=4 success=True
[hybrid-rollout] ep 125 (heldout_126): steps=4 success=True
[hybrid-rollout] ep 126 (heldout_127): steps=60 success=False
[hybrid-rollout] ep 127 (heldout_128): steps=7 success=True
[hybrid-rollout] ep 128 (heldout_129): steps=4 success=True
[hybrid-rollout] ep 129 (heldout_130): steps=4 success=True
[hybrid-rollout] ep 130 (heldout_131): steps=5 success=False
[hybrid-rollout] ep 131 (heldout_132): steps=4 success=True
[hybrid-rollout] ep 132 (heldout_133): steps=4 success=True
[hybrid-rollout] ep 133 (heldout_134): steps=7 success=True
[hybrid-rollout] ep 134 (heldout_135): steps=6 success=True
[hybrid-rollout] ep 135 (heldout_136): steps=5 success=True
[hybrid-rollout] ep 136 (heldout_137): steps=5 success=True
[hybrid-rollout] ep 137 (heldout_138): steps=4 success=True
[hybrid-rollout] ep 138 (heldout_139): steps=4 success=True
[hybrid-rollout] ep 139 (heldout_140): steps=5 success=True
[hybrid-rollout] ep 140 (heldout_141): steps=60 success=False
[hybrid-rollout] ep 141 (heldout_142): steps=4 success=True
[hybrid-rollout] ep 142 (heldout_143): steps=6 success=True
[hybrid-rollout] ep 143 (heldout_144): steps=4 success=True
[hybrid-rollout] ep 144 (heldout_145): steps=5 success=True
[hybrid-rollout] ep 145 (heldout_146): steps=7 success=True
[hybrid-rollout] ep 146 (heldout_147): steps=4 success=True
[hybrid-rollout] ep 147 (heldout_148): steps=60 success=False
[hybrid-rollout] ep 148 (heldout_149): steps=5 success=True
[hybrid-rollout] ep 149 (heldout_150): steps=4 success=True
[hybrid-rollout] ep 150 (heldout_151): steps=5 success=True
[hybrid-rollout] ep 151 (heldout_152): steps=6 success=True
[hybrid-rollout] ep 152 (heldout_153): steps=5 success=True
[hybrid-rollout] ep 153 (heldout_154): steps=60 success=False
[hybrid-rollout] ep 154 (heldout_155): steps=6 success=True
[hybrid-rollout] ep 155 (heldout_156): steps=4 success=False
[hybrid-rollout] ep 156 (heldout_157): steps=4 success=True
[hybrid-rollout] ep 157 (heldout_158): steps=3 success=False
[hybrid-rollout] ep 158 (heldout_159): steps=6 success=True
[hybrid-rollout] ep 159 (heldout_160): steps=60 success=False
[hybrid-rollout] ep 160 (heldout_161): steps=60 success=False
[hybrid-rollout] ep 161 (heldout_162): steps=5 success=True
[hybrid-rollout] ep 162 (heldout_163): steps=4 success=True
[hybrid-rollout] ep 163 (heldout_164): steps=6 success=True
[hybrid-rollout] ep 164 (heldout_165): steps=5 success=True
[hybrid-rollout] ep 165 (heldout_166): steps=4 success=True
[hybrid-rollout] ep 166 (heldout_167): steps=4 success=True
[hybrid-rollout] ep 167 (heldout_168): steps=4 success=True
[hybrid-rollout] ep 168 (heldout_169): steps=6 success=True
[hybrid-rollout] ep 169 (heldout_170): steps=6 success=True
[hybrid-rollout] ep 170 (heldout_171): steps=4 success=True
[hybrid-rollout] ep 171 (heldout_172): steps=5 success=True
[hybrid-rollout] ep 172 (heldout_173): steps=4 success=True
[hybrid-rollout] ep 173 (heldout_174): steps=5 success=True
[hybrid-rollout] ep 174 (heldout_175): steps=7 success=True
[hybrid-rollout] ep 175 (heldout_176): steps=6 success=True
[hybrid-rollout] ep 176 (heldout_177): steps=6 success=True
[hybrid-rollout] ep 177 (heldout_178): steps=5 success=True
[hybrid-rollout] ep 178 (heldout_179): steps=5 success=True
[hybrid-rollout] ep 179 (heldout_180): steps=4 success=True
[hybrid-rollout] ep 180 (heldout_181): steps=5 success=True
[hybrid-rollout] ep 181 (heldout_182): steps=4 success=True
[hybrid-rollout] ep 182 (heldout_183): steps=5 success=True
[hybrid-rollout] ep 183 (heldout_184): steps=7 success=True
[hybrid-rollout] ep 184 (heldout_185): steps=5 success=True
[hybrid-rollout] ep 185 (heldout_186): steps=4 success=True
[hybrid-rollout] ep 186 (heldout_187): steps=5 success=True
[hybrid-rollout] ep 187 (heldout_188): steps=5 success=True
[hybrid-rollout] ep 188 (heldout_189): steps=60 success=False
[hybrid-rollout] ep 189 (heldout_190): steps=7 success=True
[hybrid-rollout] ep 190 (heldout_191): steps=6 success=True
[hybrid-rollout] ep 191 (heldout_192): steps=5 success=True
[hybrid-rollout] ep 192 (heldout_193): steps=7 success=True
[hybrid-rollout] ep 193 (heldout_194): steps=6 success=True
[hybrid-rollout] ep 194 (heldout_195): steps=5 success=True
[hybrid-rollout] ep 195 (heldout_196): steps=4 success=True
[hybrid-rollout] ep 196 (heldout_197): steps=5 success=True
[hybrid-rollout] ep 197 (heldout_198): steps=4 success=True
[hybrid-rollout] ep 198 (heldout_199): steps=4 success=True
[hybrid-rollout] ep 199 (heldout_200): steps=4 success=True
[hybrid-rollout] DONE successes=177/200
[20:07:54] [replay_p4] run 6 round 15: extras=15 heldout_sr=0.885
[20:07:54] [replay_p4] run 6 DONE: final_sr=0.885 n_demos=15
