[19:54:12] [bo-budget] $ /home/s226137394/.conda/envs/maze/bin/python3 -u -m Equivariant_pathway.equivariant_CNN_hybrid.rollout_test --checkpoint /weka/s226137394/DmNfull/Equivariant_pathway/equivariant_CNN_hybrid/baseline_vs_p4/pool_x_selector/results_hpsweep/e150_lr5e-05_rm0.7_do0.1/run_1/p4_top3_rotate/checkpoints/best_hybrid_policy.pth --layouts /weka/s226137394/DmNfull/Equivariant_pathway/equivariant_CNN_hybrid/baseline_vs_p4/shared/heldout_layouts.yaml --out_dir /weka/s226137394/DmNfull/Equivariant_pathway/equivariant_CNN_hybrid/baseline_vs_p4/pool_x_selector/results_hpsweep/e150_lr5e-05_rm0.7_do0.1/run_1/p4_top3_rotate/results/eval_round_000 --seed 1 --max_steps 60
[hybrid-rollout] 200 unique; running 200 eps
[hybrid-rollout] loaded /weka/s226137394/DmNfull/Equivariant_pathway/equivariant_CNN_hybrid/baseline_vs_p4/pool_x_selector/results_hpsweep/e150_lr5e-05_rm0.7_do0.1/run_1/p4_top3_rotate/checkpoints/best_hybrid_policy.pth
[hybrid-rollout] ep 0 (heldout_001): steps=5 success=True
[hybrid-rollout] ep 1 (heldout_002): steps=60 success=False
[hybrid-rollout] ep 2 (heldout_003): steps=4 success=False
[hybrid-rollout] ep 3 (heldout_004): steps=60 success=False
[hybrid-rollout] ep 4 (heldout_005): steps=5 success=True
[hybrid-rollout] ep 5 (heldout_006): steps=3 success=False
[hybrid-rollout] ep 6 (heldout_007): steps=60 success=False
[hybrid-rollout] ep 7 (heldout_008): steps=60 success=False
[hybrid-rollout] ep 8 (heldout_009): steps=2 success=False
[hybrid-rollout] ep 9 (heldout_010): steps=60 success=False
[hybrid-rollout] ep 10 (heldout_011): steps=4 success=True
[hybrid-rollout] ep 11 (heldout_012): steps=3 success=False
[hybrid-rollout] ep 12 (heldout_013): steps=60 success=False
[hybrid-rollout] ep 13 (heldout_014): steps=5 success=True
[hybrid-rollout] ep 14 (heldout_015): steps=4 success=True
[hybrid-rollout] ep 15 (heldout_016): steps=1 success=False
[hybrid-rollout] ep 16 (heldout_017): steps=4 success=True
[hybrid-rollout] ep 17 (heldout_018): steps=60 success=False
[hybrid-rollout] ep 18 (heldout_019): steps=60 success=False
[hybrid-rollout] ep 19 (heldout_020): steps=5 success=True
[hybrid-rollout] ep 20 (heldout_021): steps=60 success=False
[hybrid-rollout] ep 21 (heldout_022): steps=60 success=False
[hybrid-rollout] ep 22 (heldout_023): steps=60 success=False
[hybrid-rollout] ep 23 (heldout_024): steps=60 success=False
[hybrid-rollout] ep 24 (heldout_025): steps=4 success=True
[hybrid-rollout] ep 25 (heldout_026): steps=4 success=True
[hybrid-rollout] ep 26 (heldout_027): steps=4 success=True
[hybrid-rollout] ep 27 (heldout_028): steps=4 success=True
[hybrid-rollout] ep 28 (heldout_029): steps=60 success=False
[hybrid-rollout] ep 29 (heldout_030): steps=60 success=False
[hybrid-rollout] ep 30 (heldout_031): steps=60 success=False
[hybrid-rollout] ep 31 (heldout_032): steps=60 success=False
[hybrid-rollout] ep 32 (heldout_033): steps=4 success=True
[hybrid-rollout] ep 33 (heldout_034): steps=60 success=False
[hybrid-rollout] ep 34 (heldout_035): steps=60 success=False
[hybrid-rollout] ep 35 (heldout_036): steps=5 success=True
[hybrid-rollout] ep 36 (heldout_037): steps=2 success=False
[hybrid-rollout] ep 37 (heldout_038): steps=5 success=True
[hybrid-rollout] ep 38 (heldout_039): steps=6 success=True
[hybrid-rollout] ep 39 (heldout_040): steps=2 success=False
[hybrid-rollout] ep 40 (heldout_041): steps=60 success=False
[hybrid-rollout] ep 41 (heldout_042): steps=60 success=False
[hybrid-rollout] ep 42 (heldout_043): steps=60 success=False
[hybrid-rollout] ep 43 (heldout_044): steps=5 success=True
[hybrid-rollout] ep 44 (heldout_045): steps=3 success=False
[hybrid-rollout] ep 45 (heldout_046): steps=4 success=True
[hybrid-rollout] ep 46 (heldout_047): steps=6 success=True
[hybrid-rollout] ep 47 (heldout_048): steps=6 success=True
[hybrid-rollout] ep 48 (heldout_049): steps=60 success=False
[hybrid-rollout] ep 49 (heldout_050): steps=60 success=False
[hybrid-rollout] ep 50 (heldout_051): steps=4 success=True
[hybrid-rollout] ep 51 (heldout_052): steps=4 success=True
[hybrid-rollout] ep 52 (heldout_053): steps=60 success=False
[hybrid-rollout] ep 53 (heldout_054): steps=4 success=True
[hybrid-rollout] ep 54 (heldout_055): steps=60 success=False
[hybrid-rollout] ep 55 (heldout_056): steps=4 success=True
[hybrid-rollout] ep 56 (heldout_057): steps=4 success=True
[hybrid-rollout] ep 57 (heldout_058): steps=4 success=True
[hybrid-rollout] ep 58 (heldout_059): steps=60 success=False
[hybrid-rollout] ep 59 (heldout_060): steps=6 success=True
[hybrid-rollout] ep 60 (heldout_061): steps=5 success=True
[hybrid-rollout] ep 61 (heldout_062): steps=6 success=True
[hybrid-rollout] ep 62 (heldout_063): steps=5 success=True
[hybrid-rollout] ep 63 (heldout_064): steps=1 success=False
[hybrid-rollout] ep 64 (heldout_065): steps=3 success=False
[hybrid-rollout] ep 65 (heldout_066): steps=6 success=True
[hybrid-rollout] ep 66 (heldout_067): steps=5 success=True
[hybrid-rollout] ep 67 (heldout_068): steps=4 success=True
[hybrid-rollout] ep 68 (heldout_069): steps=60 success=False
[hybrid-rollout] ep 69 (heldout_070): steps=60 success=False
[hybrid-rollout] ep 70 (heldout_071): steps=5 success=True
[hybrid-rollout] ep 71 (heldout_072): steps=60 success=False
[hybrid-rollout] ep 72 (heldout_073): steps=6 success=True
[hybrid-rollout] ep 73 (heldout_074): steps=60 success=False
[hybrid-rollout] ep 74 (heldout_075): steps=5 success=True
[hybrid-rollout] ep 75 (heldout_076): steps=60 success=False
[hybrid-rollout] ep 76 (heldout_077): steps=4 success=True
[hybrid-rollout] ep 77 (heldout_078): steps=3 success=False
[hybrid-rollout] ep 78 (heldout_079): steps=4 success=True
[hybrid-rollout] ep 79 (heldout_080): steps=4 success=True
[hybrid-rollout] ep 80 (heldout_081): steps=60 success=False
[hybrid-rollout] ep 81 (heldout_082): steps=5 success=True
[hybrid-rollout] ep 82 (heldout_083): steps=60 success=False
[hybrid-rollout] ep 83 (heldout_084): steps=1 success=False
[hybrid-rollout] ep 84 (heldout_085): steps=60 success=False
[hybrid-rollout] ep 85 (heldout_086): steps=6 success=True
[hybrid-rollout] ep 86 (heldout_087): steps=60 success=False
[hybrid-rollout] ep 87 (heldout_088): steps=60 success=False
[hybrid-rollout] ep 88 (heldout_089): steps=3 success=False
[hybrid-rollout] ep 89 (heldout_090): steps=4 success=True
[hybrid-rollout] ep 90 (heldout_091): steps=3 success=False
[hybrid-rollout] ep 91 (heldout_092): steps=5 success=True
[hybrid-rollout] ep 92 (heldout_093): steps=1 success=False
[hybrid-rollout] ep 93 (heldout_094): steps=6 success=True
[hybrid-rollout] ep 94 (heldout_095): steps=7 success=True
[hybrid-rollout] ep 95 (heldout_096): steps=60 success=False
[hybrid-rollout] ep 96 (heldout_097): steps=5 success=True
[hybrid-rollout] ep 97 (heldout_098): steps=1 success=False
[hybrid-rollout] ep 98 (heldout_099): steps=60 success=False
[hybrid-rollout] ep 99 (heldout_100): steps=60 success=False
[hybrid-rollout] ep 100 (heldout_101): steps=4 success=True
[hybrid-rollout] ep 101 (heldout_102): steps=4 success=True
[hybrid-rollout] ep 102 (heldout_103): steps=60 success=False
[hybrid-rollout] ep 103 (heldout_104): steps=6 success=True
[hybrid-rollout] ep 104 (heldout_105): steps=4 success=True
[hybrid-rollout] ep 105 (heldout_106): steps=60 success=False
[hybrid-rollout] ep 106 (heldout_107): steps=4 success=True
[hybrid-rollout] ep 107 (heldout_108): steps=60 success=False
[hybrid-rollout] ep 108 (heldout_109): steps=4 success=True
[hybrid-rollout] ep 109 (heldout_110): steps=6 success=True
[hybrid-rollout] ep 110 (heldout_111): steps=60 success=False
[hybrid-rollout] ep 111 (heldout_112): steps=60 success=False
[hybrid-rollout] ep 112 (heldout_113): steps=5 success=True
[hybrid-rollout] ep 113 (heldout_114): steps=4 success=True
[hybrid-rollout] ep 114 (heldout_115): steps=4 success=True
[hybrid-rollout] ep 115 (heldout_116): steps=60 success=False
[hybrid-rollout] ep 116 (heldout_117): steps=7 success=True
[hybrid-rollout] ep 117 (heldout_118): steps=60 success=False
[hybrid-rollout] ep 118 (heldout_119): steps=60 success=False
[hybrid-rollout] ep 119 (heldout_120): steps=7 success=True
[hybrid-rollout] ep 120 (heldout_121): steps=60 success=False
[hybrid-rollout] ep 121 (heldout_122): steps=60 success=False
[hybrid-rollout] ep 122 (heldout_123): steps=6 success=True
[hybrid-rollout] ep 123 (heldout_124): steps=1 success=False
[hybrid-rollout] ep 124 (heldout_125): steps=4 success=True
[hybrid-rollout] ep 125 (heldout_126): steps=4 success=True
[hybrid-rollout] ep 126 (heldout_127): steps=60 success=False
[hybrid-rollout] ep 127 (heldout_128): steps=60 success=False
[hybrid-rollout] ep 128 (heldout_129): steps=1 success=False
[hybrid-rollout] ep 129 (heldout_130): steps=4 success=True
[hybrid-rollout] ep 130 (heldout_131): steps=60 success=False
[hybrid-rollout] ep 131 (heldout_132): steps=4 success=True
[hybrid-rollout] ep 132 (heldout_133): steps=4 success=True
[hybrid-rollout] ep 133 (heldout_134): steps=60 success=False
[hybrid-rollout] ep 134 (heldout_135): steps=1 success=False
[hybrid-rollout] ep 135 (heldout_136): steps=60 success=False
[hybrid-rollout] ep 136 (heldout_137): steps=5 success=True
[hybrid-rollout] ep 137 (heldout_138): steps=4 success=True
[hybrid-rollout] ep 138 (heldout_139): steps=4 success=True
[hybrid-rollout] ep 139 (heldout_140): steps=60 success=False
[hybrid-rollout] ep 140 (heldout_141): steps=5 success=True
[hybrid-rollout] ep 141 (heldout_142): steps=2 success=False
[hybrid-rollout] ep 142 (heldout_143): steps=6 success=True
[hybrid-rollout] ep 143 (heldout_144): steps=4 success=True
[hybrid-rollout] ep 144 (heldout_145): steps=5 success=True
[hybrid-rollout] ep 145 (heldout_146): steps=60 success=False
[hybrid-rollout] ep 146 (heldout_147): steps=4 success=True
[hybrid-rollout] ep 147 (heldout_148): steps=60 success=False
[hybrid-rollout] ep 148 (heldout_149): steps=60 success=False
[hybrid-rollout] ep 149 (heldout_150): steps=4 success=True
[hybrid-rollout] ep 150 (heldout_151): steps=5 success=True
[hybrid-rollout] ep 151 (heldout_152): steps=5 success=False
[hybrid-rollout] ep 152 (heldout_153): steps=2 success=False
[hybrid-rollout] ep 153 (heldout_154): steps=60 success=False
[hybrid-rollout] ep 154 (heldout_155): steps=60 success=False
[hybrid-rollout] ep 155 (heldout_156): steps=4 success=False
[hybrid-rollout] ep 156 (heldout_157): steps=60 success=False
[hybrid-rollout] ep 157 (heldout_158): steps=3 success=False
[hybrid-rollout] ep 158 (heldout_159): steps=6 success=True
[hybrid-rollout] ep 159 (heldout_160): steps=60 success=False
[hybrid-rollout] ep 160 (heldout_161): steps=60 success=False
[hybrid-rollout] ep 161 (heldout_162): steps=5 success=True
[hybrid-rollout] ep 162 (heldout_163): steps=4 success=True
[hybrid-rollout] ep 163 (heldout_164): steps=60 success=False
[hybrid-rollout] ep 164 (heldout_165): steps=5 success=True
[hybrid-rollout] ep 165 (heldout_166): steps=4 success=True
[hybrid-rollout] ep 166 (heldout_167): steps=60 success=False
[hybrid-rollout] ep 167 (heldout_168): steps=4 success=True
[hybrid-rollout] ep 168 (heldout_169): steps=4 success=False
[hybrid-rollout] ep 169 (heldout_170): steps=60 success=False
[hybrid-rollout] ep 170 (heldout_171): steps=60 success=False
[hybrid-rollout] ep 171 (heldout_172): steps=60 success=False
[hybrid-rollout] ep 172 (heldout_173): steps=4 success=True
[hybrid-rollout] ep 173 (heldout_174): steps=5 success=True
[hybrid-rollout] ep 174 (heldout_175): steps=7 success=True
[hybrid-rollout] ep 175 (heldout_176): steps=6 success=True
[hybrid-rollout] ep 176 (heldout_177): steps=60 success=False
[hybrid-rollout] ep 177 (heldout_178): steps=1 success=False
[hybrid-rollout] ep 178 (heldout_179): steps=60 success=False
[hybrid-rollout] ep 179 (heldout_180): steps=4 success=True
[hybrid-rollout] ep 180 (heldout_181): steps=5 success=True
[hybrid-rollout] ep 181 (heldout_182): steps=4 success=True
[hybrid-rollout] ep 182 (heldout_183): steps=2 success=False
[hybrid-rollout] ep 183 (heldout_184): steps=5 success=False
[hybrid-rollout] ep 184 (heldout_185): steps=60 success=False
[hybrid-rollout] ep 185 (heldout_186): steps=4 success=True
[hybrid-rollout] ep 186 (heldout_187): steps=1 success=False
[hybrid-rollout] ep 187 (heldout_188): steps=5 success=True
[hybrid-rollout] ep 188 (heldout_189): steps=60 success=False
[hybrid-rollout] ep 189 (heldout_190): steps=7 success=True
[hybrid-rollout] ep 190 (heldout_191): steps=1 success=False
[hybrid-rollout] ep 191 (heldout_192): steps=7 success=True
[hybrid-rollout] ep 192 (heldout_193): steps=60 success=False
[hybrid-rollout] ep 193 (heldout_194): steps=5 success=False
[hybrid-rollout] ep 194 (heldout_195): steps=5 success=True
[hybrid-rollout] ep 195 (heldout_196): steps=4 success=True
[hybrid-rollout] ep 196 (heldout_197): steps=5 success=True
[hybrid-rollout] ep 197 (heldout_198): steps=60 success=False
[hybrid-rollout] ep 198 (heldout_199): steps=60 success=False
[hybrid-rollout] ep 199 (heldout_200): steps=4 success=True
[hybrid-rollout] DONE successes=94/200
[19:56:13] [replay_p4] run 1: init heldout_sr=0.470  replaying 15 P4 rounds (15 demos) at 150 epochs
[19:56:13] [replay_p4] $ /home/s226137394/.conda/envs/maze/bin/python3 -u -m Equivariant_pathway.equivariant_CNN_hybrid.baseline_vs_p4.pool_x_selector.trainer.finetune_replay --demo_dir /weka/s226137394/DmNfull/Equivariant_pathway/equivariant_CNN_hybrid/baseline_vs_p4/pool_x_selector/results_hpsweep/e150_lr5e-05_rm0.7_do0.1/run_1/p4_top3_rotate/demos --checkpoint_dir /weka/s226137394/DmNfull/Equivariant_pathway/equivariant_CNN_hybrid/baseline_vs_p4/pool_x_selector/results_hpsweep/e150_lr5e-05_rm0.7_do0.1/run_1/p4_top3_rotate/checkpoints --epochs 150 --batch_size 64 --lr 5e-05 --weight_decay 0.0001 --replay_mix 0.7 --replay_mix_floor 0.2 --head_dropout 0.1 --seed 1 --resume --new_demos_dir /weka/s226137394/DmNfull/Equivariant_pathway/equivariant_CNN_hybrid/baseline_vs_p4/pool_x_selector/results_hpsweep/e150_lr5e-05_rm0.7_do0.1/run_1/p4_top3_rotate/demos/round_001
[finetune_replay] device=cuda demo_dir=/weka/s226137394/DmNfull/Equivariant_pathway/equivariant_CNN_hybrid/baseline_vs_p4/pool_x_selector/results_hpsweep/e150_lr5e-05_rm0.7_do0.1/run_1/p4_top3_rotate/demos new_demos_dir=/weka/s226137394/DmNfull/Equivariant_pathway/equivariant_CNN_hybrid/baseline_vs_p4/pool_x_selector/results_hpsweep/e150_lr5e-05_rm0.7_do0.1/run_1/p4_top3_rotate/demos/round_001
[hybrid-dataset] 20 demos -> 103 samples
[hybrid-dataset] 1 demos -> 5 samples
[finetune_replay] sampler audit: {'n_old_samples': 103, 'n_new_samples': 5, 'replay_mix_target': 0.7, 'replay_mix_effective': 0.7, 'replay_mix_floor': 0.2}
[finetune_replay] trainable params: 1,400,028
[finetune_replay] WARM START from last_hybrid_policy.pth
[finetune_replay] ep   1/150 | train loss=0.4588 top1=0.898 | val loss=0.0892 | t=0.8s  *
[finetune_replay] ep   2/150 | train loss=0.2980 top1=0.827 | val loss=0.0964 | t=0.2s
[finetune_replay] ep   3/150 | train loss=0.1179 top1=0.990 | val loss=0.0645 | t=0.1s  *
[finetune_replay] ep   4/150 | train loss=0.1119 top1=1.000 | val loss=0.0745 | t=0.1s
[finetune_replay] ep   5/150 | train loss=0.0512 top1=1.000 | val loss=0.0449 | t=0.1s  *
[finetune_replay] ep   6/150 | train loss=0.0297 top1=1.000 | val loss=0.0377 | t=0.1s  *
[finetune_replay] ep   7/150 | train loss=0.0223 top1=1.000 | val loss=0.0450 | t=0.1s
[finetune_replay] ep   8/150 | train loss=0.0189 top1=1.000 | val loss=0.0769 | t=0.1s
[finetune_replay] ep   9/150 | train loss=0.0086 top1=1.000 | val loss=0.0884 | t=0.1s
[finetune_replay] ep  10/150 | train loss=0.0152 top1=1.000 | val loss=0.0371 | t=0.1s  *
[finetune_replay] ep  11/150 | train loss=0.0084 top1=1.000 | val loss=0.0243 | t=0.1s  *
[finetune_replay] ep  12/150 | train loss=0.0067 top1=1.000 | val loss=0.0225 | t=0.1s  *
[finetune_replay] ep  13/150 | train loss=0.0058 top1=1.000 | val loss=0.0282 | t=0.1s
[finetune_replay] ep  14/150 | train loss=0.0055 top1=1.000 | val loss=0.0399 | t=0.1s
[finetune_replay] ep  15/150 | train loss=0.0062 top1=1.000 | val loss=0.0410 | t=0.1s
[finetune_replay] ep  16/150 | train loss=0.0039 top1=1.000 | val loss=0.0348 | t=0.1s
[finetune_replay] ep  17/150 | train loss=0.0039 top1=1.000 | val loss=0.0255 | t=0.1s
[finetune_replay] ep  18/150 | train loss=0.0052 top1=1.000 | val loss=0.0210 | t=0.1s  *
[finetune_replay] ep  19/150 | train loss=0.0038 top1=1.000 | val loss=0.0183 | t=0.1s  *
[finetune_replay] ep  20/150 | train loss=0.0039 top1=1.000 | val loss=0.0171 | t=0.1s  *
[finetune_replay] ep  21/150 | train loss=0.0056 top1=1.000 | val loss=0.0332 | t=0.1s
[finetune_replay] ep  22/150 | train loss=0.0030 top1=1.000 | val loss=0.0358 | t=0.1s
[finetune_replay] ep  23/150 | train loss=0.0033 top1=1.000 | val loss=0.0252 | t=0.1s
[finetune_replay] ep  24/150 | train loss=0.0048 top1=1.000 | val loss=0.0136 | t=0.1s  *
[finetune_replay] ep  25/150 | train loss=0.0029 top1=1.000 | val loss=0.0118 | t=0.1s  *
[finetune_replay] ep  26/150 | train loss=0.0022 top1=1.000 | val loss=0.0107 | t=0.1s  *
[finetune_replay] ep  27/150 | train loss=0.0030 top1=1.000 | val loss=0.0141 | t=0.1s
[finetune_replay] ep  28/150 | train loss=0.0021 top1=1.000 | val loss=0.0180 | t=0.1s
[finetune_replay] ep  29/150 | train loss=0.0028 top1=1.000 | val loss=0.0161 | t=0.1s
[finetune_replay] ep  30/150 | train loss=0.0034 top1=1.000 | val loss=0.0114 | t=0.1s
[finetune_replay] ep  31/150 | train loss=0.0027 top1=1.000 | val loss=0.0078 | t=0.1s  *
[finetune_replay] ep  32/150 | train loss=0.0030 top1=1.000 | val loss=0.0101 | t=0.1s
[finetune_replay] ep  33/150 | train loss=0.0019 top1=1.000 | val loss=0.0158 | t=0.1s
[finetune_replay] ep  34/150 | train loss=0.0025 top1=1.000 | val loss=0.0151 | t=0.1s
[finetune_replay] ep  35/150 | train loss=0.0022 top1=1.000 | val loss=0.0100 | t=0.1s
[finetune_replay] ep  36/150 | train loss=0.0021 top1=1.000 | val loss=0.0070 | t=0.1s  *
[finetune_replay] ep  37/150 | train loss=0.0026 top1=1.000 | val loss=0.0065 | t=0.1s  *
[finetune_replay] ep  38/150 | train loss=0.0022 top1=1.000 | val loss=0.0067 | t=0.1s
[finetune_replay] ep  39/150 | train loss=0.0018 top1=1.000 | val loss=0.0089 | t=0.1s
[finetune_replay] ep  40/150 | train loss=0.0022 top1=1.000 | val loss=0.0121 | t=0.1s
[finetune_replay] ep  41/150 | train loss=0.0019 top1=1.000 | val loss=0.0136 | t=0.1s
[finetune_replay] ep  42/150 | train loss=0.0021 top1=1.000 | val loss=0.0133 | t=0.1s
[finetune_replay] ep  43/150 | train loss=0.0018 top1=1.000 | val loss=0.0115 | t=0.1s
[finetune_replay] ep  44/150 | train loss=0.0018 top1=1.000 | val loss=0.0104 | t=0.1s
[finetune_replay] ep  45/150 | train loss=0.0021 top1=1.000 | val loss=0.0080 | t=0.1s
[finetune_replay] ep  46/150 | train loss=0.0015 top1=1.000 | val loss=0.0074 | t=0.1s
[finetune_replay] ep  47/150 | train loss=0.0019 top1=1.000 | val loss=0.0075 | t=0.1s
[finetune_replay] ep  48/150 | train loss=0.0018 top1=1.000 | val loss=0.0077 | t=0.1s
[finetune_replay] ep  49/150 | train loss=0.0013 top1=1.000 | val loss=0.0074 | t=0.1s
[finetune_replay] ep  50/150 | train loss=0.0019 top1=1.000 | val loss=0.0080 | t=0.1s
[finetune_replay] ep  51/150 | train loss=0.0014 top1=1.000 | val loss=0.0079 | t=0.1s
[finetune_replay] ep  52/150 | train loss=0.0013 top1=1.000 | val loss=0.0079 | t=0.1s
[finetune_replay] ep  53/150 | train loss=0.0016 top1=1.000 | val loss=0.0082 | t=0.1s
[finetune_replay] ep  54/150 | train loss=0.0022 top1=1.000 | val loss=0.0084 | t=0.1s
[finetune_replay] ep  55/150 | train loss=0.0015 top1=1.000 | val loss=0.0094 | t=0.1s
[finetune_replay] ep  56/150 | train loss=0.0022 top1=1.000 | val loss=0.0113 | t=0.1s
[finetune_replay] ep  57/150 | train loss=0.0020 top1=1.000 | val loss=0.0101 | t=0.1s
[finetune_replay] ep  58/150 | train loss=0.0010 top1=1.000 | val loss=0.0076 | t=0.1s
[finetune_replay] ep  59/150 | train loss=0.0017 top1=1.000 | val loss=0.0067 | t=0.1s
[finetune_replay] ep  60/150 | train loss=0.0015 top1=1.000 | val loss=0.0069 | t=0.1s
[finetune_replay] ep  61/150 | train loss=0.0011 top1=1.000 | val loss=0.0080 | t=0.1s
[finetune_replay] ep  62/150 | train loss=0.0014 top1=1.000 | val loss=0.0092 | t=0.1s
[finetune_replay] ep  63/150 | train loss=0.0012 top1=1.000 | val loss=0.0084 | t=0.1s
[finetune_replay] ep  64/150 | train loss=0.0013 top1=1.000 | val loss=0.0075 | t=0.1s
[finetune_replay] ep  65/150 | train loss=0.0011 top1=1.000 | val loss=0.0059 | t=0.1s  *
[finetune_replay] ep  66/150 | train loss=0.0014 top1=1.000 | val loss=0.0052 | t=0.1s  *
[finetune_replay] ep  67/150 | train loss=0.0012 top1=1.000 | val loss=0.0051 | t=0.1s  *
[finetune_replay] ep  68/150 | train loss=0.0017 top1=1.000 | val loss=0.0060 | t=0.1s
[finetune_replay] ep  69/150 | train loss=0.0010 top1=1.000 | val loss=0.0068 | t=0.1s
[finetune_replay] ep  70/150 | train loss=0.0012 top1=1.000 | val loss=0.0076 | t=0.1s
[finetune_replay] ep  71/150 | train loss=0.0012 top1=1.000 | val loss=0.0077 | t=0.1s
[finetune_replay] ep  72/150 | train loss=0.0015 top1=1.000 | val loss=0.0067 | t=0.1s
[finetune_replay] ep  73/150 | train loss=0.0012 top1=1.000 | val loss=0.0057 | t=0.1s
[finetune_replay] ep  74/150 | train loss=0.0009 top1=1.000 | val loss=0.0054 | t=0.1s
[finetune_replay] ep  75/150 | train loss=0.0012 top1=1.000 | val loss=0.0052 | t=0.1s
[finetune_replay] ep  76/150 | train loss=0.0012 top1=1.000 | val loss=0.0057 | t=0.1s
[finetune_replay] ep  77/150 | train loss=0.0012 top1=1.000 | val loss=0.0067 | t=0.1s
[finetune_replay] ep  78/150 | train loss=0.0012 top1=1.000 | val loss=0.0073 | t=0.1s
[finetune_replay] ep  79/150 | train loss=0.0013 top1=1.000 | val loss=0.0071 | t=0.1s
[finetune_replay] ep  80/150 | train loss=0.0010 top1=1.000 | val loss=0.0064 | t=0.1s
[finetune_replay] ep  81/150 | train loss=0.0012 top1=1.000 | val loss=0.0062 | t=0.1s
[finetune_replay] ep  82/150 | train loss=0.0013 top1=1.000 | val loss=0.0063 | t=0.1s
[finetune_replay] ep  83/150 | train loss=0.0016 top1=1.000 | val loss=0.0078 | t=0.1s
[finetune_replay] ep  84/150 | train loss=0.0012 top1=1.000 | val loss=0.0082 | t=0.1s
[finetune_replay] ep  85/150 | train loss=0.0013 top1=1.000 | val loss=0.0081 | t=0.1s
[finetune_replay] ep  86/150 | train loss=0.0009 top1=1.000 | val loss=0.0073 | t=0.1s
[finetune_replay] ep  87/150 | train loss=0.0012 top1=1.000 | val loss=0.0068 | t=0.1s
[finetune_replay] ep  88/150 | train loss=0.0007 top1=1.000 | val loss=0.0063 | t=0.1s
[finetune_replay] ep  89/150 | train loss=0.0008 top1=1.000 | val loss=0.0058 | t=0.1s
[finetune_replay] ep  90/150 | train loss=0.0012 top1=1.000 | val loss=0.0060 | t=0.1s
[finetune_replay] ep  91/150 | train loss=0.0011 top1=1.000 | val loss=0.0059 | t=0.1s
[finetune_replay] ep  92/150 | train loss=0.0012 top1=1.000 | val loss=0.0058 | t=0.1s
[finetune_replay] ep  93/150 | train loss=0.0012 top1=1.000 | val loss=0.0057 | t=0.1s
[finetune_replay] ep  94/150 | train loss=0.0015 top1=1.000 | val loss=0.0062 | t=0.1s
[finetune_replay] ep  95/150 | train loss=0.0008 top1=1.000 | val loss=0.0057 | t=0.1s
[finetune_replay] ep  96/150 | train loss=0.0010 top1=1.000 | val loss=0.0054 | t=0.1s
[finetune_replay] ep  97/150 | train loss=0.0009 top1=1.000 | val loss=0.0049 | t=0.1s  *
[finetune_replay] ep  98/150 | train loss=0.0012 top1=1.000 | val loss=0.0047 | t=0.1s  *
[finetune_replay] ep  99/150 | train loss=0.0011 top1=1.000 | val loss=0.0046 | t=0.1s  *
[finetune_replay] ep 100/150 | train loss=0.0009 top1=1.000 | val loss=0.0045 | t=0.1s  *
[finetune_replay] ep 101/150 | train loss=0.0009 top1=1.000 | val loss=0.0045 | t=0.1s
[finetune_replay] ep 102/150 | train loss=0.0014 top1=1.000 | val loss=0.0050 | t=0.1s
[finetune_replay] ep 103/150 | train loss=0.0015 top1=1.000 | val loss=0.0064 | t=0.1s
[finetune_replay] ep 104/150 | train loss=0.0010 top1=1.000 | val loss=0.0073 | t=0.1s
[finetune_replay] ep 105/150 | train loss=0.0010 top1=1.000 | val loss=0.0073 | t=0.1s
[finetune_replay] ep 106/150 | train loss=0.0010 top1=1.000 | val loss=0.0072 | t=0.1s
[finetune_replay] ep 107/150 | train loss=0.0012 top1=1.000 | val loss=0.0069 | t=0.1s
[finetune_replay] ep 108/150 | train loss=0.0008 top1=1.000 | val loss=0.0063 | t=0.1s
[finetune_replay] ep 109/150 | train loss=0.0010 top1=1.000 | val loss=0.0059 | t=0.1s
[finetune_replay] ep 110/150 | train loss=0.0009 top1=1.000 | val loss=0.0055 | t=0.1s
[finetune_replay] ep 111/150 | train loss=0.0008 top1=1.000 | val loss=0.0054 | t=0.1s
[finetune_replay] ep 112/150 | train loss=0.0009 top1=1.000 | val loss=0.0050 | t=0.1s
[finetune_replay] ep 113/150 | train loss=0.0009 top1=1.000 | val loss=0.0047 | t=0.1s
[finetune_replay] ep 114/150 | train loss=0.0011 top1=1.000 | val loss=0.0046 | t=0.1s
[finetune_replay] ep 115/150 | train loss=0.0009 top1=1.000 | val loss=0.0045 | t=0.1s  *
[finetune_replay] ep 116/150 | train loss=0.0010 top1=1.000 | val loss=0.0045 | t=0.1s
[finetune_replay] ep 117/150 | train loss=0.0011 top1=1.000 | val loss=0.0045 | t=0.1s
[finetune_replay] ep 118/150 | train loss=0.0009 top1=1.000 | val loss=0.0045 | t=0.1s
[finetune_replay] ep 119/150 | train loss=0.0009 top1=1.000 | val loss=0.0049 | t=0.1s
[finetune_replay] ep 120/150 | train loss=0.0012 top1=1.000 | val loss=0.0048 | t=0.1s
[finetune_replay] ep 121/150 | train loss=0.0014 top1=1.000 | val loss=0.0050 | t=0.1s
[finetune_replay] ep 122/150 | train loss=0.0008 top1=1.000 | val loss=0.0052 | t=0.1s
[finetune_replay] ep 123/150 | train loss=0.0013 top1=1.000 | val loss=0.0053 | t=0.1s
[finetune_replay] ep 124/150 | train loss=0.0009 top1=1.000 | val loss=0.0054 | t=0.1s
[finetune_replay] ep 125/150 | train loss=0.0010 top1=1.000 | val loss=0.0053 | t=0.1s
[finetune_replay] ep 126/150 | train loss=0.0008 top1=1.000 | val loss=0.0050 | t=0.1s
[finetune_replay] ep 127/150 | train loss=0.0009 top1=1.000 | val loss=0.0048 | t=0.1s
[finetune_replay] ep 128/150 | train loss=0.0009 top1=1.000 | val loss=0.0047 | t=0.1s
[finetune_replay] ep 129/150 | train loss=0.0010 top1=1.000 | val loss=0.0046 | t=0.1s
[finetune_replay] ep 130/150 | train loss=0.0012 top1=1.000 | val loss=0.0043 | t=0.1s  *
[finetune_replay] ep 131/150 | train loss=0.0008 top1=1.000 | val loss=0.0045 | t=0.1s
[finetune_replay] ep 132/150 | train loss=0.0011 top1=1.000 | val loss=0.0045 | t=0.1s
[finetune_replay] ep 133/150 | train loss=0.0008 top1=1.000 | val loss=0.0045 | t=0.1s
[finetune_replay] ep 134/150 | train loss=0.0007 top1=1.000 | val loss=0.0046 | t=0.1s
[finetune_replay] ep 135/150 | train loss=0.0011 top1=1.000 | val loss=0.0046 | t=0.1s
[finetune_replay] ep 136/150 | train loss=0.0010 top1=1.000 | val loss=0.0046 | t=0.1s
[finetune_replay] ep 137/150 | train loss=0.0012 top1=1.000 | val loss=0.0045 | t=0.1s
[finetune_replay] ep 138/150 | train loss=0.0012 top1=1.000 | val loss=0.0044 | t=0.1s
[finetune_replay] ep 139/150 | train loss=0.0009 top1=1.000 | val loss=0.0045 | t=0.1s
[finetune_replay] ep 140/150 | train loss=0.0011 top1=1.000 | val loss=0.0046 | t=0.1s
[finetune_replay] ep 141/150 | train loss=0.0010 top1=1.000 | val loss=0.0046 | t=0.1s
[finetune_replay] ep 142/150 | train loss=0.0011 top1=1.000 | val loss=0.0045 | t=0.1s
[finetune_replay] ep 143/150 | train loss=0.0009 top1=1.000 | val loss=0.0046 | t=0.1s
[finetune_replay] ep 144/150 | train loss=0.0010 top1=1.000 | val loss=0.0045 | t=0.1s
[finetune_replay] ep 145/150 | train loss=0.0007 top1=1.000 | val loss=0.0046 | t=0.1s
[finetune_replay] ep 146/150 | train loss=0.0008 top1=1.000 | val loss=0.0045 | t=0.1s
[finetune_replay] ep 147/150 | train loss=0.0011 top1=1.000 | val loss=0.0045 | t=0.1s
[finetune_replay] ep 148/150 | train loss=0.0010 top1=1.000 | val loss=0.0045 | t=0.1s
[finetune_replay] ep 149/150 | train loss=0.0009 top1=1.000 | val loss=0.0045 | t=0.1s
[finetune_replay] ep 150/150 | train loss=0.0008 top1=1.000 | val loss=0.0044 | t=0.1s
[finetune_replay] DONE best_val_loss=0.0043 @ epoch 130
[19:56:43] [bo-budget] $ /home/s226137394/.conda/envs/maze/bin/python3 -u -m Equivariant_pathway.equivariant_CNN_hybrid.rollout_test --checkpoint /weka/s226137394/DmNfull/Equivariant_pathway/equivariant_CNN_hybrid/baseline_vs_p4/pool_x_selector/results_hpsweep/e150_lr5e-05_rm0.7_do0.1/run_1/p4_top3_rotate/checkpoints/best_hybrid_policy.pth --layouts /weka/s226137394/DmNfull/Equivariant_pathway/equivariant_CNN_hybrid/baseline_vs_p4/shared/heldout_layouts.yaml --out_dir /weka/s226137394/DmNfull/Equivariant_pathway/equivariant_CNN_hybrid/baseline_vs_p4/pool_x_selector/results_hpsweep/e150_lr5e-05_rm0.7_do0.1/run_1/p4_top3_rotate/results/eval_round_001 --seed 2 --max_steps 60
[hybrid-rollout] 200 unique; running 200 eps
[hybrid-rollout] loaded /weka/s226137394/DmNfull/Equivariant_pathway/equivariant_CNN_hybrid/baseline_vs_p4/pool_x_selector/results_hpsweep/e150_lr5e-05_rm0.7_do0.1/run_1/p4_top3_rotate/checkpoints/best_hybrid_policy.pth
[hybrid-rollout] ep 0 (heldout_001): steps=5 success=True
[hybrid-rollout] ep 1 (heldout_002): steps=60 success=False
[hybrid-rollout] ep 2 (heldout_003): steps=60 success=False
[hybrid-rollout] ep 3 (heldout_004): steps=60 success=False
[hybrid-rollout] ep 4 (heldout_005): steps=5 success=True
[hybrid-rollout] ep 5 (heldout_006): steps=3 success=False
[hybrid-rollout] ep 6 (heldout_007): steps=5 success=True
[hybrid-rollout] ep 7 (heldout_008): steps=1 success=False
[hybrid-rollout] ep 8 (heldout_009): steps=2 success=False
[hybrid-rollout] ep 9 (heldout_010): steps=60 success=False
[hybrid-rollout] ep 10 (heldout_011): steps=4 success=True
[hybrid-rollout] ep 11 (heldout_012): steps=3 success=False
[hybrid-rollout] ep 12 (heldout_013): steps=5 success=True
[hybrid-rollout] ep 13 (heldout_014): steps=5 success=True
[hybrid-rollout] ep 14 (heldout_015): steps=4 success=True
[hybrid-rollout] ep 15 (heldout_016): steps=1 success=False
[hybrid-rollout] ep 16 (heldout_017): steps=4 success=True
[hybrid-rollout] ep 17 (heldout_018): steps=60 success=False
[hybrid-rollout] ep 18 (heldout_019): steps=5 success=True
[hybrid-rollout] ep 19 (heldout_020): steps=5 success=True
[hybrid-rollout] ep 20 (heldout_021): steps=60 success=False
[hybrid-rollout] ep 21 (heldout_022): steps=60 success=False
[hybrid-rollout] ep 22 (heldout_023): steps=60 success=False
[hybrid-rollout] ep 23 (heldout_024): steps=60 success=False
[hybrid-rollout] ep 24 (heldout_025): steps=4 success=True
[hybrid-rollout] ep 25 (heldout_026): steps=4 success=True
[hybrid-rollout] ep 26 (heldout_027): steps=4 success=True
[hybrid-rollout] ep 27 (heldout_028): steps=4 success=True
[hybrid-rollout] ep 28 (heldout_029): steps=7 success=True
[hybrid-rollout] ep 29 (heldout_030): steps=60 success=False
[hybrid-rollout] ep 30 (heldout_031): steps=5 success=True
[hybrid-rollout] ep 31 (heldout_032): steps=60 success=False
[hybrid-rollout] ep 32 (heldout_033): steps=4 success=True
[hybrid-rollout] ep 33 (heldout_034): steps=60 success=False
[hybrid-rollout] ep 34 (heldout_035): steps=60 success=False
[hybrid-rollout] ep 35 (heldout_036): steps=5 success=True
[hybrid-rollout] ep 36 (heldout_037): steps=2 success=False
[hybrid-rollout] ep 37 (heldout_038): steps=60 success=False
[hybrid-rollout] ep 38 (heldout_039): steps=60 success=False
[hybrid-rollout] ep 39 (heldout_040): steps=5 success=True
[hybrid-rollout] ep 40 (heldout_041): steps=6 success=True
[hybrid-rollout] ep 41 (heldout_042): steps=60 success=False
[hybrid-rollout] ep 42 (heldout_043): steps=60 success=False
[hybrid-rollout] ep 43 (heldout_044): steps=5 success=True
[hybrid-rollout] ep 44 (heldout_045): steps=60 success=False
[hybrid-rollout] ep 45 (heldout_046): steps=4 success=True
[hybrid-rollout] ep 46 (heldout_047): steps=6 success=True
[hybrid-rollout] ep 47 (heldout_048): steps=6 success=True
[hybrid-rollout] ep 48 (heldout_049): steps=60 success=False
[hybrid-rollout] ep 49 (heldout_050): steps=4 success=True
[hybrid-rollout] ep 50 (heldout_051): steps=4 success=True
[hybrid-rollout] ep 51 (heldout_052): steps=4 success=True
[hybrid-rollout] ep 52 (heldout_053): steps=60 success=False
[hybrid-rollout] ep 53 (heldout_054): steps=4 success=True
[hybrid-rollout] ep 54 (heldout_055): steps=60 success=False
[hybrid-rollout] ep 55 (heldout_056): steps=4 success=True
[hybrid-rollout] ep 56 (heldout_057): steps=4 success=True
[hybrid-rollout] ep 57 (heldout_058): steps=4 success=True
[hybrid-rollout] ep 58 (heldout_059): steps=5 success=True
[hybrid-rollout] ep 59 (heldout_060): steps=6 success=True
[hybrid-rollout] ep 60 (heldout_061): steps=5 success=True
[hybrid-rollout] ep 61 (heldout_062): steps=6 success=True
[hybrid-rollout] ep 62 (heldout_063): steps=5 success=True
[hybrid-rollout] ep 63 (heldout_064): steps=4 success=True
[hybrid-rollout] ep 64 (heldout_065): steps=3 success=False
[hybrid-rollout] ep 65 (heldout_066): steps=6 success=True
[hybrid-rollout] ep 66 (heldout_067): steps=5 success=True
[hybrid-rollout] ep 67 (heldout_068): steps=4 success=True
[hybrid-rollout] ep 68 (heldout_069): steps=4 success=True
[hybrid-rollout] ep 69 (heldout_070): steps=60 success=False
[hybrid-rollout] ep 70 (heldout_071): steps=5 success=True
[hybrid-rollout] ep 71 (heldout_072): steps=5 success=True
[hybrid-rollout] ep 72 (heldout_073): steps=60 success=False
[hybrid-rollout] ep 73 (heldout_074): steps=4 success=True
[hybrid-rollout] ep 74 (heldout_075): steps=5 success=True
[hybrid-rollout] ep 75 (heldout_076): steps=60 success=False
[hybrid-rollout] ep 76 (heldout_077): steps=4 success=True
[hybrid-rollout] ep 77 (heldout_078): steps=3 success=False
[hybrid-rollout] ep 78 (heldout_079): steps=4 success=True
[hybrid-rollout] ep 79 (heldout_080): steps=4 success=True
[hybrid-rollout] ep 80 (heldout_081): steps=5 success=True
[hybrid-rollout] ep 81 (heldout_082): steps=5 success=True
[hybrid-rollout] ep 82 (heldout_083): steps=60 success=False
[hybrid-rollout] ep 83 (heldout_084): steps=1 success=False
[hybrid-rollout] ep 84 (heldout_085): steps=60 success=False
[hybrid-rollout] ep 85 (heldout_086): steps=6 success=True
[hybrid-rollout] ep 86 (heldout_087): steps=7 success=True
[hybrid-rollout] ep 87 (heldout_088): steps=4 success=True
[hybrid-rollout] ep 88 (heldout_089): steps=3 success=False
[hybrid-rollout] ep 89 (heldout_090): steps=4 success=True
[hybrid-rollout] ep 90 (heldout_091): steps=5 success=True
[hybrid-rollout] ep 91 (heldout_092): steps=2 success=False
[hybrid-rollout] ep 92 (heldout_093): steps=1 success=False
[hybrid-rollout] ep 93 (heldout_094): steps=6 success=True
[hybrid-rollout] ep 94 (heldout_095): steps=7 success=True
[hybrid-rollout] ep 95 (heldout_096): steps=60 success=False
[hybrid-rollout] ep 96 (heldout_097): steps=5 success=True
[hybrid-rollout] ep 97 (heldout_098): steps=1 success=False
[hybrid-rollout] ep 98 (heldout_099): steps=60 success=False
[hybrid-rollout] ep 99 (heldout_100): steps=8 success=True
[hybrid-rollout] ep 100 (heldout_101): steps=4 success=True
[hybrid-rollout] ep 101 (heldout_102): steps=4 success=True
[hybrid-rollout] ep 102 (heldout_103): steps=4 success=True
[hybrid-rollout] ep 103 (heldout_104): steps=6 success=True
[hybrid-rollout] ep 104 (heldout_105): steps=4 success=True
[hybrid-rollout] ep 105 (heldout_106): steps=60 success=False
[hybrid-rollout] ep 106 (heldout_107): steps=4 success=True
[hybrid-rollout] ep 107 (heldout_108): steps=4 success=True
[hybrid-rollout] ep 108 (heldout_109): steps=4 success=True
[hybrid-rollout] ep 109 (heldout_110): steps=6 success=True
[hybrid-rollout] ep 110 (heldout_111): steps=60 success=False
[hybrid-rollout] ep 111 (heldout_112): steps=5 success=True
[hybrid-rollout] ep 112 (heldout_113): steps=5 success=True
[hybrid-rollout] ep 113 (heldout_114): steps=4 success=True
[hybrid-rollout] ep 114 (heldout_115): steps=4 success=True
[hybrid-rollout] ep 115 (heldout_116): steps=60 success=False
[hybrid-rollout] ep 116 (heldout_117): steps=1 success=False
[hybrid-rollout] ep 117 (heldout_118): steps=60 success=False
[hybrid-rollout] ep 118 (heldout_119): steps=60 success=False
[hybrid-rollout] ep 119 (heldout_120): steps=7 success=True
[hybrid-rollout] ep 120 (heldout_121): steps=4 success=True
[hybrid-rollout] ep 121 (heldout_122): steps=4 success=True
[hybrid-rollout] ep 122 (heldout_123): steps=6 success=True
[hybrid-rollout] ep 123 (heldout_124): steps=60 success=False
[hybrid-rollout] ep 124 (heldout_125): steps=4 success=True
[hybrid-rollout] ep 125 (heldout_126): steps=4 success=True
[hybrid-rollout] ep 126 (heldout_127): steps=60 success=False
[hybrid-rollout] ep 127 (heldout_128): steps=60 success=False
[hybrid-rollout] ep 128 (heldout_129): steps=1 success=False
[hybrid-rollout] ep 129 (heldout_130): steps=6 success=True
[hybrid-rollout] ep 130 (heldout_131): steps=60 success=False
[hybrid-rollout] ep 131 (heldout_132): steps=4 success=True
[hybrid-rollout] ep 132 (heldout_133): steps=4 success=True
[hybrid-rollout] ep 133 (heldout_134): steps=7 success=True
[hybrid-rollout] ep 134 (heldout_135): steps=6 success=True
[hybrid-rollout] ep 135 (heldout_136): steps=5 success=True
[hybrid-rollout] ep 136 (heldout_137): steps=5 success=True
[hybrid-rollout] ep 137 (heldout_138): steps=4 success=True
[hybrid-rollout] ep 138 (heldout_139): steps=4 success=True
[hybrid-rollout] ep 139 (heldout_140): steps=5 success=True
[hybrid-rollout] ep 140 (heldout_141): steps=5 success=True
[hybrid-rollout] ep 141 (heldout_142): steps=4 success=True
[hybrid-rollout] ep 142 (heldout_143): steps=60 success=False
[hybrid-rollout] ep 143 (heldout_144): steps=4 success=True
[hybrid-rollout] ep 144 (heldout_145): steps=5 success=True
[hybrid-rollout] ep 145 (heldout_146): steps=7 success=True
[hybrid-rollout] ep 146 (heldout_147): steps=60 success=False
[hybrid-rollout] ep 147 (heldout_148): steps=60 success=False
[hybrid-rollout] ep 148 (heldout_149): steps=60 success=False
[hybrid-rollout] ep 149 (heldout_150): steps=4 success=True
[hybrid-rollout] ep 150 (heldout_151): steps=5 success=True
[hybrid-rollout] ep 151 (heldout_152): steps=1 success=False
[hybrid-rollout] ep 152 (heldout_153): steps=2 success=False
[hybrid-rollout] ep 153 (heldout_154): steps=60 success=False
[hybrid-rollout] ep 154 (heldout_155): steps=60 success=False
[hybrid-rollout] ep 155 (heldout_156): steps=4 success=False
[hybrid-rollout] ep 156 (heldout_157): steps=3 success=False
[hybrid-rollout] ep 157 (heldout_158): steps=3 success=False
[hybrid-rollout] ep 158 (heldout_159): steps=60 success=False
[hybrid-rollout] ep 159 (heldout_160): steps=60 success=False
[hybrid-rollout] ep 160 (heldout_161): steps=60 success=False
[hybrid-rollout] ep 161 (heldout_162): steps=5 success=True
[hybrid-rollout] ep 162 (heldout_163): steps=4 success=True
[hybrid-rollout] ep 163 (heldout_164): steps=6 success=True
[hybrid-rollout] ep 164 (heldout_165): steps=5 success=True
[hybrid-rollout] ep 165 (heldout_166): steps=4 success=True
[hybrid-rollout] ep 166 (heldout_167): steps=60 success=False
[hybrid-rollout] ep 167 (heldout_168): steps=4 success=True
[hybrid-rollout] ep 168 (heldout_169): steps=4 success=False
[hybrid-rollout] ep 169 (heldout_170): steps=60 success=False
[hybrid-rollout] ep 170 (heldout_171): steps=4 success=True
[hybrid-rollout] ep 171 (heldout_172): steps=60 success=False
[hybrid-rollout] ep 172 (heldout_173): steps=60 success=False
[hybrid-rollout] ep 173 (heldout_174): steps=60 success=False
[hybrid-rollout] ep 174 (heldout_175): steps=7 success=True
[hybrid-rollout] ep 175 (heldout_176): steps=60 success=False
[hybrid-rollout] ep 176 (heldout_177): steps=5 success=False
[hybrid-rollout] ep 177 (heldout_178): steps=1 success=False
[hybrid-rollout] ep 178 (heldout_179): steps=5 success=True
[hybrid-rollout] ep 179 (heldout_180): steps=4 success=True
[hybrid-rollout] ep 180 (heldout_181): steps=5 success=True
[hybrid-rollout] ep 181 (heldout_182): steps=4 success=True
[hybrid-rollout] ep 182 (heldout_183): steps=2 success=False
[hybrid-rollout] ep 183 (heldout_184): steps=5 success=False
[hybrid-rollout] ep 184 (heldout_185): steps=5 success=True
[hybrid-rollout] ep 185 (heldout_186): steps=4 success=True
[hybrid-rollout] ep 186 (heldout_187): steps=1 success=False
[hybrid-rollout] ep 187 (heldout_188): steps=5 success=True
[hybrid-rollout] ep 188 (heldout_189): steps=5 success=True
[hybrid-rollout] ep 189 (heldout_190): steps=7 success=True
[hybrid-rollout] ep 190 (heldout_191): steps=60 success=False
[hybrid-rollout] ep 191 (heldout_192): steps=7 success=True
[hybrid-rollout] ep 192 (heldout_193): steps=7 success=True
[hybrid-rollout] ep 193 (heldout_194): steps=60 success=False
[hybrid-rollout] ep 194 (heldout_195): steps=5 success=True
[hybrid-rollout] ep 195 (heldout_196): steps=4 success=True
[hybrid-rollout] ep 196 (heldout_197): steps=5 success=True
[hybrid-rollout] ep 197 (heldout_198): steps=60 success=False
[hybrid-rollout] ep 198 (heldout_199): steps=4 success=True
[hybrid-rollout] ep 199 (heldout_200): steps=4 success=True
[hybrid-rollout] DONE successes=119/200
[19:58:24] [replay_p4] run 1 round 1: extras=1 heldout_sr=0.595
[19:58:24] [replay_p4] $ /home/s226137394/.conda/envs/maze/bin/python3 -u -m Equivariant_pathway.equivariant_CNN_hybrid.baseline_vs_p4.pool_x_selector.trainer.finetune_replay --demo_dir /weka/s226137394/DmNfull/Equivariant_pathway/equivariant_CNN_hybrid/baseline_vs_p4/pool_x_selector/results_hpsweep/e150_lr5e-05_rm0.7_do0.1/run_1/p4_top3_rotate/demos --checkpoint_dir /weka/s226137394/DmNfull/Equivariant_pathway/equivariant_CNN_hybrid/baseline_vs_p4/pool_x_selector/results_hpsweep/e150_lr5e-05_rm0.7_do0.1/run_1/p4_top3_rotate/checkpoints --epochs 150 --batch_size 64 --lr 5e-05 --weight_decay 0.0001 --replay_mix 0.7 --replay_mix_floor 0.2 --head_dropout 0.1 --seed 1 --resume --new_demos_dir /weka/s226137394/DmNfull/Equivariant_pathway/equivariant_CNN_hybrid/baseline_vs_p4/pool_x_selector/results_hpsweep/e150_lr5e-05_rm0.7_do0.1/run_1/p4_top3_rotate/demos/round_002
[finetune_replay] device=cuda demo_dir=/weka/s226137394/DmNfull/Equivariant_pathway/equivariant_CNN_hybrid/baseline_vs_p4/pool_x_selector/results_hpsweep/e150_lr5e-05_rm0.7_do0.1/run_1/p4_top3_rotate/demos new_demos_dir=/weka/s226137394/DmNfull/Equivariant_pathway/equivariant_CNN_hybrid/baseline_vs_p4/pool_x_selector/results_hpsweep/e150_lr5e-05_rm0.7_do0.1/run_1/p4_top3_rotate/demos/round_002
[hybrid-dataset] 21 demos -> 108 samples
[hybrid-dataset] 1 demos -> 7 samples
[finetune_replay] sampler audit: {'n_old_samples': 108, 'n_new_samples': 7, 'replay_mix_target': 0.7, 'replay_mix_effective': 0.7, 'replay_mix_floor': 0.2}
[finetune_replay] trainable params: 1,400,028
[finetune_replay] WARM START from last_hybrid_policy.pth
[finetune_replay] ep   1/150 | train loss=0.1982 top1=0.952 | val loss=0.0267 | t=0.8s  *
[finetune_replay] ep   2/150 | train loss=0.0917 top1=0.990 | val loss=0.0014 | t=0.2s  *
[finetune_replay] ep   3/150 | train loss=0.0455 top1=0.990 | val loss=0.0011 | t=0.1s  *
[finetune_replay] ep   4/150 | train loss=0.0273 top1=1.000 | val loss=0.0031 | t=0.1s
[finetune_replay] ep   5/150 | train loss=0.0122 top1=1.000 | val loss=0.0017 | t=0.1s
[finetune_replay] ep   6/150 | train loss=0.0120 top1=1.000 | val loss=0.0025 | t=0.1s
[finetune_replay] ep   7/150 | train loss=0.0083 top1=1.000 | val loss=0.0032 | t=0.1s
[finetune_replay] ep   8/150 | train loss=0.0070 top1=1.000 | val loss=0.0053 | t=0.1s
[finetune_replay] ep   9/150 | train loss=0.0058 top1=1.000 | val loss=0.0036 | t=0.1s
[finetune_replay] ep  10/150 | train loss=0.0062 top1=1.000 | val loss=0.0016 | t=0.1s
[finetune_replay] ep  11/150 | train loss=0.0054 top1=1.000 | val loss=0.0015 | t=0.1s
[finetune_replay] ep  12/150 | train loss=0.0036 top1=1.000 | val loss=0.0016 | t=0.1s
[finetune_replay] ep  13/150 | train loss=0.0040 top1=1.000 | val loss=0.0030 | t=0.1s
[finetune_replay] ep  14/150 | train loss=0.0030 top1=1.000 | val loss=0.0021 | t=0.1s
[finetune_replay] ep  15/150 | train loss=0.0041 top1=1.000 | val loss=0.0011 | t=0.1s
[finetune_replay] ep  16/150 | train loss=0.0026 top1=1.000 | val loss=0.0011 | t=0.1s
[finetune_replay] ep  17/150 | train loss=0.0024 top1=1.000 | val loss=0.0013 | t=0.1s
[finetune_replay] ep  18/150 | train loss=0.0026 top1=1.000 | val loss=0.0013 | t=0.1s
[finetune_replay] ep  19/150 | train loss=0.0024 top1=1.000 | val loss=0.0014 | t=0.1s
[finetune_replay] ep  20/150 | train loss=0.0027 top1=1.000 | val loss=0.0012 | t=0.1s
[finetune_replay] ep  21/150 | train loss=0.0020 top1=1.000 | val loss=0.0010 | t=0.1s  *
[finetune_replay] ep  22/150 | train loss=0.0024 top1=1.000 | val loss=0.0010 | t=0.1s  *
[finetune_replay] ep  23/150 | train loss=0.0023 top1=1.000 | val loss=0.0010 | t=0.1s
[finetune_replay] ep  24/150 | train loss=0.0015 top1=1.000 | val loss=0.0013 | t=0.1s
[finetune_replay] ep  25/150 | train loss=0.0017 top1=1.000 | val loss=0.0016 | t=0.1s
[finetune_replay] ep  26/150 | train loss=0.0026 top1=1.000 | val loss=0.0013 | t=0.1s
[finetune_replay] ep  27/150 | train loss=0.0019 top1=1.000 | val loss=0.0011 | t=0.1s
[finetune_replay] ep  28/150 | train loss=0.0019 top1=1.000 | val loss=0.0011 | t=0.1s
[finetune_replay] ep  29/150 | train loss=0.0014 top1=1.000 | val loss=0.0013 | t=0.1s
[finetune_replay] ep  30/150 | train loss=0.0017 top1=1.000 | val loss=0.0012 | t=0.1s
[finetune_replay] ep  31/150 | train loss=0.0022 top1=1.000 | val loss=0.0012 | t=0.1s
[finetune_replay] ep  32/150 | train loss=0.0015 top1=1.000 | val loss=0.0013 | t=0.1s
[finetune_replay] ep  33/150 | train loss=0.0017 top1=1.000 | val loss=0.0014 | t=0.1s
[finetune_replay] ep  34/150 | train loss=0.0021 top1=1.000 | val loss=0.0013 | t=0.1s
[finetune_replay] ep  35/150 | train loss=0.0014 top1=1.000 | val loss=0.0014 | t=0.1s
[finetune_replay] ep  36/150 | train loss=0.0018 top1=1.000 | val loss=0.0014 | t=0.1s
[finetune_replay] ep  37/150 | train loss=0.0016 top1=1.000 | val loss=0.0012 | t=0.1s
[finetune_replay] ep  38/150 | train loss=0.0019 top1=1.000 | val loss=0.0009 | t=0.1s  *
[finetune_replay] ep  39/150 | train loss=0.0013 top1=1.000 | val loss=0.0008 | t=0.1s  *
[finetune_replay] ep  40/150 | train loss=0.0017 top1=1.000 | val loss=0.0010 | t=0.1s
[finetune_replay] ep  41/150 | train loss=0.0014 top1=1.000 | val loss=0.0013 | t=0.1s
[finetune_replay] ep  42/150 | train loss=0.0015 top1=1.000 | val loss=0.0014 | t=0.1s
[finetune_replay] ep  43/150 | train loss=0.0015 top1=1.000 | val loss=0.0014 | t=0.1s
[finetune_replay] ep  44/150 | train loss=0.0016 top1=1.000 | val loss=0.0012 | t=0.1s
[finetune_replay] ep  45/150 | train loss=0.0012 top1=1.000 | val loss=0.0012 | t=0.1s
[finetune_replay] ep  46/150 | train loss=0.0009 top1=1.000 | val loss=0.0011 | t=0.1s
[finetune_replay] ep  47/150 | train loss=0.0015 top1=1.000 | val loss=0.0009 | t=0.1s
[finetune_replay] ep  48/150 | train loss=0.0012 top1=1.000 | val loss=0.0009 | t=0.1s
[finetune_replay] ep  49/150 | train loss=0.0016 top1=1.000 | val loss=0.0012 | t=0.1s
[finetune_replay] ep  50/150 | train loss=0.0008 top1=1.000 | val loss=0.0020 | t=0.1s
[finetune_replay] ep  51/150 | train loss=0.0013 top1=1.000 | val loss=0.0025 | t=0.1s
[finetune_replay] ep  52/150 | train loss=0.0014 top1=1.000 | val loss=0.0020 | t=0.1s
[finetune_replay] ep  53/150 | train loss=0.0010 top1=1.000 | val loss=0.0015 | t=0.1s
[finetune_replay] ep  54/150 | train loss=0.0012 top1=1.000 | val loss=0.0017 | t=0.1s
[finetune_replay] ep  55/150 | train loss=0.0011 top1=1.000 | val loss=0.0017 | t=0.1s
[finetune_replay] ep  56/150 | train loss=0.0011 top1=1.000 | val loss=0.0018 | t=0.1s
[finetune_replay] ep  57/150 | train loss=0.0011 top1=1.000 | val loss=0.0020 | t=0.1s
[finetune_replay] ep  58/150 | train loss=0.0012 top1=1.000 | val loss=0.0028 | t=0.1s
[finetune_replay] ep  59/150 | train loss=0.0016 top1=1.000 | val loss=0.0024 | t=0.1s
[finetune_replay] ep  60/150 | train loss=0.0007 top1=1.000 | val loss=0.0019 | t=0.1s
[finetune_replay] ep  61/150 | train loss=0.0011 top1=1.000 | val loss=0.0019 | t=0.1s
[finetune_replay] ep  62/150 | train loss=0.0010 top1=1.000 | val loss=0.0016 | t=0.1s
[finetune_replay] ep  63/150 | train loss=0.0012 top1=1.000 | val loss=0.0013 | t=0.1s
[finetune_replay] ep  64/150 | train loss=0.0011 top1=1.000 | val loss=0.0013 | t=0.1s
[finetune_replay] ep  65/150 | train loss=0.0010 top1=1.000 | val loss=0.0015 | t=0.1s
[finetune_replay] ep  66/150 | train loss=0.0010 top1=1.000 | val loss=0.0015 | t=0.1s
[finetune_replay] ep  67/150 | train loss=0.0011 top1=1.000 | val loss=0.0014 | t=0.1s
[finetune_replay] ep  68/150 | train loss=0.0008 top1=1.000 | val loss=0.0014 | t=0.1s
[finetune_replay] ep  69/150 | train loss=0.0011 top1=1.000 | val loss=0.0017 | t=0.1s
[finetune_replay] ep  70/150 | train loss=0.0010 top1=1.000 | val loss=0.0023 | t=0.1s
[finetune_replay] ep  71/150 | train loss=0.0011 top1=1.000 | val loss=0.0026 | t=0.1s
[finetune_replay] ep  72/150 | train loss=0.0010 top1=1.000 | val loss=0.0026 | t=0.1s
[finetune_replay] ep  73/150 | train loss=0.0012 top1=1.000 | val loss=0.0022 | t=0.1s
[finetune_replay] ep  74/150 | train loss=0.0010 top1=1.000 | val loss=0.0016 | t=0.1s
[finetune_replay] ep  75/150 | train loss=0.0011 top1=1.000 | val loss=0.0012 | t=0.1s
[finetune_replay] ep  76/150 | train loss=0.0010 top1=1.000 | val loss=0.0011 | t=0.1s
[finetune_replay] ep  77/150 | train loss=0.0010 top1=1.000 | val loss=0.0013 | t=0.1s
[finetune_replay] ep  78/150 | train loss=0.0012 top1=1.000 | val loss=0.0014 | t=0.1s
[finetune_replay] ep  79/150 | train loss=0.0009 top1=1.000 | val loss=0.0015 | t=0.1s
[finetune_replay] ep  80/150 | train loss=0.0010 top1=1.000 | val loss=0.0017 | t=0.1s
[finetune_replay] ep  81/150 | train loss=0.0008 top1=1.000 | val loss=0.0017 | t=0.1s
[finetune_replay] ep  82/150 | train loss=0.0007 top1=1.000 | val loss=0.0019 | t=0.1s
[finetune_replay] ep  83/150 | train loss=0.0009 top1=1.000 | val loss=0.0019 | t=0.1s
[finetune_replay] ep  84/150 | train loss=0.0008 top1=1.000 | val loss=0.0020 | t=0.1s
[finetune_replay] ep  85/150 | train loss=0.0009 top1=1.000 | val loss=0.0018 | t=0.1s
[finetune_replay] ep  86/150 | train loss=0.0009 top1=1.000 | val loss=0.0015 | t=0.1s
[finetune_replay] ep  87/150 | train loss=0.0010 top1=1.000 | val loss=0.0013 | t=0.1s
[finetune_replay] ep  88/150 | train loss=0.0008 top1=1.000 | val loss=0.0014 | t=0.1s
[finetune_replay] ep  89/150 | train loss=0.0009 top1=1.000 | val loss=0.0015 | t=0.1s
[finetune_replay] ep  90/150 | train loss=0.0009 top1=1.000 | val loss=0.0016 | t=0.1s
[finetune_replay] ep  91/150 | train loss=0.0011 top1=1.000 | val loss=0.0018 | t=0.1s
[finetune_replay] ep  92/150 | train loss=0.0009 top1=1.000 | val loss=0.0020 | t=0.1s
[finetune_replay] ep  93/150 | train loss=0.0007 top1=1.000 | val loss=0.0019 | t=0.1s
[finetune_replay] ep  94/150 | train loss=0.0009 top1=1.000 | val loss=0.0018 | t=0.1s
[finetune_replay] ep  95/150 | train loss=0.0009 top1=1.000 | val loss=0.0017 | t=0.1s
[finetune_replay] ep  96/150 | train loss=0.0009 top1=1.000 | val loss=0.0017 | t=0.1s
[finetune_replay] ep  97/150 | train loss=0.0009 top1=1.000 | val loss=0.0022 | t=0.1s
[finetune_replay] ep  98/150 | train loss=0.0009 top1=1.000 | val loss=0.0028 | t=0.1s
[finetune_replay] ep  99/150 | train loss=0.0009 top1=1.000 | val loss=0.0029 | t=0.1s
[finetune_replay] ep 100/150 | train loss=0.0008 top1=1.000 | val loss=0.0031 | t=0.1s
[finetune_replay] ep 101/150 | train loss=0.0008 top1=1.000 | val loss=0.0032 | t=0.1s
[finetune_replay] ep 102/150 | train loss=0.0008 top1=1.000 | val loss=0.0031 | t=0.1s
[finetune_replay] ep 103/150 | train loss=0.0008 top1=1.000 | val loss=0.0024 | t=0.1s
[finetune_replay] ep 104/150 | train loss=0.0009 top1=1.000 | val loss=0.0018 | t=0.1s
[finetune_replay] ep 105/150 | train loss=0.0007 top1=1.000 | val loss=0.0016 | t=0.1s
[finetune_replay] ep 106/150 | train loss=0.0009 top1=1.000 | val loss=0.0015 | t=0.1s
[finetune_replay] ep 107/150 | train loss=0.0015 top1=1.000 | val loss=0.0014 | t=0.1s
[finetune_replay] ep 108/150 | train loss=0.0009 top1=1.000 | val loss=0.0014 | t=0.1s
[finetune_replay] ep 109/150 | train loss=0.0010 top1=1.000 | val loss=0.0016 | t=0.1s
[finetune_replay] ep 110/150 | train loss=0.0007 top1=1.000 | val loss=0.0018 | t=0.1s
[finetune_replay] ep 111/150 | train loss=0.0008 top1=1.000 | val loss=0.0018 | t=0.1s
[finetune_replay] ep 112/150 | train loss=0.0007 top1=1.000 | val loss=0.0019 | t=0.1s
[finetune_replay] ep 113/150 | train loss=0.0009 top1=1.000 | val loss=0.0018 | t=0.1s
[finetune_replay] ep 114/150 | train loss=0.0007 top1=1.000 | val loss=0.0019 | t=0.1s
[finetune_replay] ep 115/150 | train loss=0.0007 top1=1.000 | val loss=0.0019 | t=0.1s
[finetune_replay] ep 116/150 | train loss=0.0010 top1=1.000 | val loss=0.0019 | t=0.1s
[finetune_replay] ep 117/150 | train loss=0.0011 top1=1.000 | val loss=0.0020 | t=0.1s
[finetune_replay] ep 118/150 | train loss=0.0007 top1=1.000 | val loss=0.0019 | t=0.1s
[finetune_replay] ep 119/150 | train loss=0.0012 top1=1.000 | val loss=0.0019 | t=0.1s
[finetune_replay] ep 120/150 | train loss=0.0009 top1=1.000 | val loss=0.0019 | t=0.1s
[finetune_replay] ep 121/150 | train loss=0.0008 top1=1.000 | val loss=0.0019 | t=0.1s
[finetune_replay] ep 122/150 | train loss=0.0009 top1=1.000 | val loss=0.0019 | t=0.1s
[finetune_replay] ep 123/150 | train loss=0.0010 top1=1.000 | val loss=0.0018 | t=0.1s
[finetune_replay] ep 124/150 | train loss=0.0009 top1=1.000 | val loss=0.0017 | t=0.1s
[finetune_replay] ep 125/150 | train loss=0.0007 top1=1.000 | val loss=0.0017 | t=0.1s
[finetune_replay] ep 126/150 | train loss=0.0008 top1=1.000 | val loss=0.0017 | t=0.1s
[finetune_replay] ep 127/150 | train loss=0.0007 top1=1.000 | val loss=0.0016 | t=0.1s
[finetune_replay] ep 128/150 | train loss=0.0009 top1=1.000 | val loss=0.0017 | t=0.1s
[finetune_replay] ep 129/150 | train loss=0.0009 top1=1.000 | val loss=0.0020 | t=0.1s
[finetune_replay] ep 130/150 | train loss=0.0008 top1=1.000 | val loss=0.0020 | t=0.1s
[finetune_replay] ep 131/150 | train loss=0.0009 top1=1.000 | val loss=0.0020 | t=0.1s
[finetune_replay] ep 132/150 | train loss=0.0008 top1=1.000 | val loss=0.0021 | t=0.1s
[finetune_replay] ep 133/150 | train loss=0.0008 top1=1.000 | val loss=0.0021 | t=0.1s
[finetune_replay] ep 134/150 | train loss=0.0007 top1=1.000 | val loss=0.0021 | t=0.1s
[finetune_replay] ep 135/150 | train loss=0.0008 top1=1.000 | val loss=0.0020 | t=0.1s
[finetune_replay] ep 136/150 | train loss=0.0009 top1=1.000 | val loss=0.0019 | t=0.1s
[finetune_replay] ep 137/150 | train loss=0.0009 top1=1.000 | val loss=0.0020 | t=0.1s
[finetune_replay] ep 138/150 | train loss=0.0006 top1=1.000 | val loss=0.0020 | t=0.1s
[finetune_replay] ep 139/150 | train loss=0.0009 top1=1.000 | val loss=0.0021 | t=0.1s
[finetune_replay] ep 140/150 | train loss=0.0006 top1=1.000 | val loss=0.0020 | t=0.1s
[finetune_replay] ep 141/150 | train loss=0.0008 top1=1.000 | val loss=0.0019 | t=0.1s
[finetune_replay] ep 142/150 | train loss=0.0008 top1=1.000 | val loss=0.0020 | t=0.1s
[finetune_replay] ep 143/150 | train loss=0.0007 top1=1.000 | val loss=0.0020 | t=0.1s
[finetune_replay] ep 144/150 | train loss=0.0009 top1=1.000 | val loss=0.0020 | t=0.1s
[finetune_replay] ep 145/150 | train loss=0.0007 top1=1.000 | val loss=0.0021 | t=0.1s
[finetune_replay] ep 146/150 | train loss=0.0007 top1=1.000 | val loss=0.0021 | t=0.1s
[finetune_replay] ep 147/150 | train loss=0.0008 top1=1.000 | val loss=0.0020 | t=0.1s
[finetune_replay] ep 148/150 | train loss=0.0008 top1=1.000 | val loss=0.0020 | t=0.1s
[finetune_replay] ep 149/150 | train loss=0.0007 top1=1.000 | val loss=0.0020 | t=0.1s
[finetune_replay] ep 150/150 | train loss=0.0009 top1=1.000 | val loss=0.0020 | t=0.1s
[finetune_replay] DONE best_val_loss=0.0008 @ epoch 39
[19:58:52] [bo-budget] $ /home/s226137394/.conda/envs/maze/bin/python3 -u -m Equivariant_pathway.equivariant_CNN_hybrid.rollout_test --checkpoint /weka/s226137394/DmNfull/Equivariant_pathway/equivariant_CNN_hybrid/baseline_vs_p4/pool_x_selector/results_hpsweep/e150_lr5e-05_rm0.7_do0.1/run_1/p4_top3_rotate/checkpoints/best_hybrid_policy.pth --layouts /weka/s226137394/DmNfull/Equivariant_pathway/equivariant_CNN_hybrid/baseline_vs_p4/shared/heldout_layouts.yaml --out_dir /weka/s226137394/DmNfull/Equivariant_pathway/equivariant_CNN_hybrid/baseline_vs_p4/pool_x_selector/results_hpsweep/e150_lr5e-05_rm0.7_do0.1/run_1/p4_top3_rotate/results/eval_round_002 --seed 3 --max_steps 60
[hybrid-rollout] 200 unique; running 200 eps
[hybrid-rollout] loaded /weka/s226137394/DmNfull/Equivariant_pathway/equivariant_CNN_hybrid/baseline_vs_p4/pool_x_selector/results_hpsweep/e150_lr5e-05_rm0.7_do0.1/run_1/p4_top3_rotate/checkpoints/best_hybrid_policy.pth
[hybrid-rollout] ep 0 (heldout_001): steps=5 success=True
[hybrid-rollout] ep 1 (heldout_002): steps=4 success=True
[hybrid-rollout] ep 2 (heldout_003): steps=60 success=False
[hybrid-rollout] ep 3 (heldout_004): steps=6 success=True
[hybrid-rollout] ep 4 (heldout_005): steps=5 success=True
[hybrid-rollout] ep 5 (heldout_006): steps=60 success=False
[hybrid-rollout] ep 6 (heldout_007): steps=5 success=True
[hybrid-rollout] ep 7 (heldout_008): steps=4 success=True
[hybrid-rollout] ep 8 (heldout_009): steps=60 success=False
[hybrid-rollout] ep 9 (heldout_010): steps=60 success=False
[hybrid-rollout] ep 10 (heldout_011): steps=4 success=True
[hybrid-rollout] ep 11 (heldout_012): steps=4 success=True
[hybrid-rollout] ep 12 (heldout_013): steps=60 success=False
[hybrid-rollout] ep 13 (heldout_014): steps=5 success=True
[hybrid-rollout] ep 14 (heldout_015): steps=4 success=True
[hybrid-rollout] ep 15 (heldout_016): steps=5 success=True
[hybrid-rollout] ep 16 (heldout_017): steps=4 success=True
[hybrid-rollout] ep 17 (heldout_018): steps=2 success=False
[hybrid-rollout] ep 18 (heldout_019): steps=60 success=False
[hybrid-rollout] ep 19 (heldout_020): steps=5 success=True
[hybrid-rollout] ep 20 (heldout_021): steps=60 success=False
[hybrid-rollout] ep 21 (heldout_022): steps=60 success=False
[hybrid-rollout] ep 22 (heldout_023): steps=60 success=False
[hybrid-rollout] ep 23 (heldout_024): steps=60 success=False
[hybrid-rollout] ep 24 (heldout_025): steps=4 success=True
[hybrid-rollout] ep 25 (heldout_026): steps=4 success=True
[hybrid-rollout] ep 26 (heldout_027): steps=4 success=True
[hybrid-rollout] ep 27 (heldout_028): steps=4 success=True
[hybrid-rollout] ep 28 (heldout_029): steps=7 success=True
[hybrid-rollout] ep 29 (heldout_030): steps=60 success=False
[hybrid-rollout] ep 30 (heldout_031): steps=5 success=True
[hybrid-rollout] ep 31 (heldout_032): steps=5 success=True
[hybrid-rollout] ep 32 (heldout_033): steps=4 success=True
[hybrid-rollout] ep 33 (heldout_034): steps=60 success=False
[hybrid-rollout] ep 34 (heldout_035): steps=60 success=False
[hybrid-rollout] ep 35 (heldout_036): steps=5 success=True
[hybrid-rollout] ep 36 (heldout_037): steps=2 success=False
[hybrid-rollout] ep 37 (heldout_038): steps=5 success=True
[hybrid-rollout] ep 38 (heldout_039): steps=6 success=True
[hybrid-rollout] ep 39 (heldout_040): steps=5 success=True
[hybrid-rollout] ep 40 (heldout_041): steps=60 success=False
[hybrid-rollout] ep 41 (heldout_042): steps=4 success=True
[hybrid-rollout] ep 42 (heldout_043): steps=4 success=True
[hybrid-rollout] ep 43 (heldout_044): steps=5 success=True
[hybrid-rollout] ep 44 (heldout_045): steps=60 success=False
[hybrid-rollout] ep 45 (heldout_046): steps=4 success=True
[hybrid-rollout] ep 46 (heldout_047): steps=6 success=True
[hybrid-rollout] ep 47 (heldout_048): steps=6 success=True
[hybrid-rollout] ep 48 (heldout_049): steps=5 success=True
[hybrid-rollout] ep 49 (heldout_050): steps=4 success=True
[hybrid-rollout] ep 50 (heldout_051): steps=4 success=True
[hybrid-rollout] ep 51 (heldout_052): steps=4 success=True
[hybrid-rollout] ep 52 (heldout_053): steps=60 success=False
[hybrid-rollout] ep 53 (heldout_054): steps=4 success=True
[hybrid-rollout] ep 54 (heldout_055): steps=60 success=False
[hybrid-rollout] ep 55 (heldout_056): steps=4 success=True
[hybrid-rollout] ep 56 (heldout_057): steps=4 success=True
[hybrid-rollout] ep 57 (heldout_058): steps=4 success=True
[hybrid-rollout] ep 58 (heldout_059): steps=5 success=True
[hybrid-rollout] ep 59 (heldout_060): steps=6 success=True
[hybrid-rollout] ep 60 (heldout_061): steps=5 success=True
[hybrid-rollout] ep 61 (heldout_062): steps=6 success=True
[hybrid-rollout] ep 62 (heldout_063): steps=5 success=True
[hybrid-rollout] ep 63 (heldout_064): steps=4 success=True
[hybrid-rollout] ep 64 (heldout_065): steps=3 success=False
[hybrid-rollout] ep 65 (heldout_066): steps=6 success=True
[hybrid-rollout] ep 66 (heldout_067): steps=5 success=True
[hybrid-rollout] ep 67 (heldout_068): steps=4 success=True
[hybrid-rollout] ep 68 (heldout_069): steps=4 success=True
[hybrid-rollout] ep 69 (heldout_070): steps=60 success=False
[hybrid-rollout] ep 70 (heldout_071): steps=5 success=True
[hybrid-rollout] ep 71 (heldout_072): steps=5 success=True
[hybrid-rollout] ep 72 (heldout_073): steps=3 success=False
[hybrid-rollout] ep 73 (heldout_074): steps=4 success=True
[hybrid-rollout] ep 74 (heldout_075): steps=5 success=True
[hybrid-rollout] ep 75 (heldout_076): steps=60 success=False
[hybrid-rollout] ep 76 (heldout_077): steps=4 success=True
[hybrid-rollout] ep 77 (heldout_078): steps=3 success=False
[hybrid-rollout] ep 78 (heldout_079): steps=4 success=True
[hybrid-rollout] ep 79 (heldout_080): steps=4 success=True
[hybrid-rollout] ep 80 (heldout_081): steps=5 success=True
[hybrid-rollout] ep 81 (heldout_082): steps=5 success=True
[hybrid-rollout] ep 82 (heldout_083): steps=60 success=False
[hybrid-rollout] ep 83 (heldout_084): steps=1 success=False
[hybrid-rollout] ep 84 (heldout_085): steps=60 success=False
[hybrid-rollout] ep 85 (heldout_086): steps=6 success=True
[hybrid-rollout] ep 86 (heldout_087): steps=7 success=True
[hybrid-rollout] ep 87 (heldout_088): steps=4 success=True
[hybrid-rollout] ep 88 (heldout_089): steps=3 success=False
[hybrid-rollout] ep 89 (heldout_090): steps=4 success=True
[hybrid-rollout] ep 90 (heldout_091): steps=5 success=True
[hybrid-rollout] ep 91 (heldout_092): steps=5 success=True
[hybrid-rollout] ep 92 (heldout_093): steps=1 success=False
[hybrid-rollout] ep 93 (heldout_094): steps=6 success=True
[hybrid-rollout] ep 94 (heldout_095): steps=7 success=True
[hybrid-rollout] ep 95 (heldout_096): steps=60 success=False
[hybrid-rollout] ep 96 (heldout_097): steps=5 success=True
[hybrid-rollout] ep 97 (heldout_098): steps=5 success=True
[hybrid-rollout] ep 98 (heldout_099): steps=60 success=False
[hybrid-rollout] ep 99 (heldout_100): steps=10 success=True
[hybrid-rollout] ep 100 (heldout_101): steps=4 success=True
[hybrid-rollout] ep 101 (heldout_102): steps=4 success=True
[hybrid-rollout] ep 102 (heldout_103): steps=4 success=True
[hybrid-rollout] ep 103 (heldout_104): steps=6 success=True
[hybrid-rollout] ep 104 (heldout_105): steps=4 success=True
[hybrid-rollout] ep 105 (heldout_106): steps=60 success=False
[hybrid-rollout] ep 106 (heldout_107): steps=4 success=True
[hybrid-rollout] ep 107 (heldout_108): steps=4 success=True
[hybrid-rollout] ep 108 (heldout_109): steps=4 success=True
[hybrid-rollout] ep 109 (heldout_110): steps=60 success=False
[hybrid-rollout] ep 110 (heldout_111): steps=60 success=False
[hybrid-rollout] ep 111 (heldout_112): steps=5 success=True
[hybrid-rollout] ep 112 (heldout_113): steps=5 success=True
[hybrid-rollout] ep 113 (heldout_114): steps=60 success=False
[hybrid-rollout] ep 114 (heldout_115): steps=4 success=True
[hybrid-rollout] ep 115 (heldout_116): steps=5 success=True
[hybrid-rollout] ep 116 (heldout_117): steps=7 success=True
[hybrid-rollout] ep 117 (heldout_118): steps=60 success=False
[hybrid-rollout] ep 118 (heldout_119): steps=60 success=False
[hybrid-rollout] ep 119 (heldout_120): steps=7 success=True
[hybrid-rollout] ep 120 (heldout_121): steps=4 success=False
[hybrid-rollout] ep 121 (heldout_122): steps=4 success=True
[hybrid-rollout] ep 122 (heldout_123): steps=6 success=True
[hybrid-rollout] ep 123 (heldout_124): steps=60 success=False
[hybrid-rollout] ep 124 (heldout_125): steps=4 success=True
[hybrid-rollout] ep 125 (heldout_126): steps=4 success=True
[hybrid-rollout] ep 126 (heldout_127): steps=60 success=False
[hybrid-rollout] ep 127 (heldout_128): steps=60 success=False
[hybrid-rollout] ep 128 (heldout_129): steps=60 success=False
[hybrid-rollout] ep 129 (heldout_130): steps=6 success=True
[hybrid-rollout] ep 130 (heldout_131): steps=60 success=False
[hybrid-rollout] ep 131 (heldout_132): steps=4 success=True
[hybrid-rollout] ep 132 (heldout_133): steps=4 success=True
[hybrid-rollout] ep 133 (heldout_134): steps=60 success=False
[hybrid-rollout] ep 134 (heldout_135): steps=6 success=True
[hybrid-rollout] ep 135 (heldout_136): steps=5 success=True
[hybrid-rollout] ep 136 (heldout_137): steps=5 success=True
[hybrid-rollout] ep 137 (heldout_138): steps=4 success=True
[hybrid-rollout] ep 138 (heldout_139): steps=4 success=True
[hybrid-rollout] ep 139 (heldout_140): steps=5 success=True
[hybrid-rollout] ep 140 (heldout_141): steps=5 success=True
[hybrid-rollout] ep 141 (heldout_142): steps=4 success=True
[hybrid-rollout] ep 142 (heldout_143): steps=60 success=False
[hybrid-rollout] ep 143 (heldout_144): steps=4 success=True
[hybrid-rollout] ep 144 (heldout_145): steps=5 success=True
[hybrid-rollout] ep 145 (heldout_146): steps=7 success=True
[hybrid-rollout] ep 146 (heldout_147): steps=4 success=True
[hybrid-rollout] ep 147 (heldout_148): steps=60 success=False
[hybrid-rollout] ep 148 (heldout_149): steps=60 success=False
[hybrid-rollout] ep 149 (heldout_150): steps=4 success=True
[hybrid-rollout] ep 150 (heldout_151): steps=5 success=True
[hybrid-rollout] ep 151 (heldout_152): steps=6 success=True
[hybrid-rollout] ep 152 (heldout_153): steps=5 success=True
[hybrid-rollout] ep 153 (heldout_154): steps=60 success=False
[hybrid-rollout] ep 154 (heldout_155): steps=60 success=False
[hybrid-rollout] ep 155 (heldout_156): steps=4 success=False
[hybrid-rollout] ep 156 (heldout_157): steps=3 success=False
[hybrid-rollout] ep 157 (heldout_158): steps=3 success=False
[hybrid-rollout] ep 158 (heldout_159): steps=6 success=True
[hybrid-rollout] ep 159 (heldout_160): steps=60 success=False
[hybrid-rollout] ep 160 (heldout_161): steps=60 success=False
[hybrid-rollout] ep 161 (heldout_162): steps=5 success=True
[hybrid-rollout] ep 162 (heldout_163): steps=4 success=True
[hybrid-rollout] ep 163 (heldout_164): steps=4 success=True
[hybrid-rollout] ep 164 (heldout_165): steps=5 success=True
[hybrid-rollout] ep 165 (heldout_166): steps=60 success=False
[hybrid-rollout] ep 166 (heldout_167): steps=60 success=False
[hybrid-rollout] ep 167 (heldout_168): steps=4 success=True
[hybrid-rollout] ep 168 (heldout_169): steps=4 success=False
[hybrid-rollout] ep 169 (heldout_170): steps=5 success=False
[hybrid-rollout] ep 170 (heldout_171): steps=4 success=True
[hybrid-rollout] ep 171 (heldout_172): steps=5 success=True
[hybrid-rollout] ep 172 (heldout_173): steps=4 success=True
[hybrid-rollout] ep 173 (heldout_174): steps=60 success=False
[hybrid-rollout] ep 174 (heldout_175): steps=60 success=False
[hybrid-rollout] ep 175 (heldout_176): steps=60 success=False
[hybrid-rollout] ep 176 (heldout_177): steps=5 success=False
[hybrid-rollout] ep 177 (heldout_178): steps=5 success=True
[hybrid-rollout] ep 178 (heldout_179): steps=5 success=True
[hybrid-rollout] ep 179 (heldout_180): steps=4 success=True
[hybrid-rollout] ep 180 (heldout_181): steps=5 success=True
[hybrid-rollout] ep 181 (heldout_182): steps=4 success=True
[hybrid-rollout] ep 182 (heldout_183): steps=5 success=True
[hybrid-rollout] ep 183 (heldout_184): steps=5 success=False
[hybrid-rollout] ep 184 (heldout_185): steps=5 success=True
[hybrid-rollout] ep 185 (heldout_186): steps=4 success=True
[hybrid-rollout] ep 186 (heldout_187): steps=5 success=True
[hybrid-rollout] ep 187 (heldout_188): steps=5 success=True
[hybrid-rollout] ep 188 (heldout_189): steps=5 success=True
[hybrid-rollout] ep 189 (heldout_190): steps=7 success=True
[hybrid-rollout] ep 190 (heldout_191): steps=60 success=False
[hybrid-rollout] ep 191 (heldout_192): steps=7 success=True
[hybrid-rollout] ep 192 (heldout_193): steps=60 success=False
[hybrid-rollout] ep 193 (heldout_194): steps=6 success=True
[hybrid-rollout] ep 194 (heldout_195): steps=5 success=True
[hybrid-rollout] ep 195 (heldout_196): steps=4 success=True
[hybrid-rollout] ep 196 (heldout_197): steps=5 success=True
[hybrid-rollout] ep 197 (heldout_198): steps=60 success=False
[hybrid-rollout] ep 198 (heldout_199): steps=4 success=True
[hybrid-rollout] ep 199 (heldout_200): steps=4 success=True
[hybrid-rollout] DONE successes=134/200
[20:00:33] [replay_p4] run 1 round 2: extras=2 heldout_sr=0.670
[20:00:34] [replay_p4] $ /home/s226137394/.conda/envs/maze/bin/python3 -u -m Equivariant_pathway.equivariant_CNN_hybrid.baseline_vs_p4.pool_x_selector.trainer.finetune_replay --demo_dir /weka/s226137394/DmNfull/Equivariant_pathway/equivariant_CNN_hybrid/baseline_vs_p4/pool_x_selector/results_hpsweep/e150_lr5e-05_rm0.7_do0.1/run_1/p4_top3_rotate/demos --checkpoint_dir /weka/s226137394/DmNfull/Equivariant_pathway/equivariant_CNN_hybrid/baseline_vs_p4/pool_x_selector/results_hpsweep/e150_lr5e-05_rm0.7_do0.1/run_1/p4_top3_rotate/checkpoints --epochs 150 --batch_size 64 --lr 5e-05 --weight_decay 0.0001 --replay_mix 0.7 --replay_mix_floor 0.2 --head_dropout 0.1 --seed 1 --resume --new_demos_dir /weka/s226137394/DmNfull/Equivariant_pathway/equivariant_CNN_hybrid/baseline_vs_p4/pool_x_selector/results_hpsweep/e150_lr5e-05_rm0.7_do0.1/run_1/p4_top3_rotate/demos/round_003
[finetune_replay] device=cuda demo_dir=/weka/s226137394/DmNfull/Equivariant_pathway/equivariant_CNN_hybrid/baseline_vs_p4/pool_x_selector/results_hpsweep/e150_lr5e-05_rm0.7_do0.1/run_1/p4_top3_rotate/demos new_demos_dir=/weka/s226137394/DmNfull/Equivariant_pathway/equivariant_CNN_hybrid/baseline_vs_p4/pool_x_selector/results_hpsweep/e150_lr5e-05_rm0.7_do0.1/run_1/p4_top3_rotate/demos/round_003
[hybrid-dataset] 22 demos -> 115 samples
[hybrid-dataset] 1 demos -> 5 samples
[finetune_replay] sampler audit: {'n_old_samples': 115, 'n_new_samples': 5, 'replay_mix_target': 0.7, 'replay_mix_effective': 0.7, 'replay_mix_floor': 0.2}
[finetune_replay] trainable params: 1,400,028
[finetune_replay] WARM START from last_hybrid_policy.pth
[finetune_replay] ep   1/150 | train loss=0.1854 top1=0.926 | val loss=0.0252 | t=0.8s  *
[finetune_replay] ep   2/150 | train loss=0.1037 top1=0.981 | val loss=0.0010 | t=0.1s  *
[finetune_replay] ep   3/150 | train loss=0.0510 top1=1.000 | val loss=0.0011 | t=0.2s
[finetune_replay] ep   4/150 | train loss=0.0473 top1=1.000 | val loss=0.0036 | t=0.1s
[finetune_replay] ep   5/150 | train loss=0.0386 top1=1.000 | val loss=0.0148 | t=0.1s
[finetune_replay] ep   6/150 | train loss=0.0369 top1=1.000 | val loss=0.0032 | t=0.1s
[finetune_replay] ep   7/150 | train loss=0.0169 top1=1.000 | val loss=0.0027 | t=0.1s
[finetune_replay] ep   8/150 | train loss=0.0140 top1=1.000 | val loss=0.0034 | t=0.1s
[finetune_replay] ep   9/150 | train loss=0.0103 top1=1.000 | val loss=0.0037 | t=0.1s
[finetune_replay] ep  10/150 | train loss=0.0080 top1=1.000 | val loss=0.0033 | t=0.1s
[finetune_replay] ep  11/150 | train loss=0.0087 top1=1.000 | val loss=0.0026 | t=0.1s
[finetune_replay] ep  12/150 | train loss=0.0067 top1=1.000 | val loss=0.0025 | t=0.1s
[finetune_replay] ep  13/150 | train loss=0.0064 top1=1.000 | val loss=0.0024 | t=0.1s
[finetune_replay] ep  14/150 | train loss=0.0042 top1=1.000 | val loss=0.0024 | t=0.1s
[finetune_replay] ep  15/150 | train loss=0.0054 top1=1.000 | val loss=0.0022 | t=0.1s
[finetune_replay] ep  16/150 | train loss=0.0035 top1=1.000 | val loss=0.0021 | t=0.1s
[finetune_replay] ep  17/150 | train loss=0.0029 top1=1.000 | val loss=0.0020 | t=0.1s
[finetune_replay] ep  18/150 | train loss=0.0035 top1=1.000 | val loss=0.0023 | t=0.1s
[finetune_replay] ep  19/150 | train loss=0.0041 top1=1.000 | val loss=0.0026 | t=0.1s
[finetune_replay] ep  20/150 | train loss=0.0028 top1=1.000 | val loss=0.0023 | t=0.1s
[finetune_replay] ep  21/150 | train loss=0.0023 top1=1.000 | val loss=0.0020 | t=0.1s
[finetune_replay] ep  22/150 | train loss=0.0026 top1=1.000 | val loss=0.0023 | t=0.1s
[finetune_replay] ep  23/150 | train loss=0.0028 top1=1.000 | val loss=0.0026 | t=0.1s
[finetune_replay] ep  24/150 | train loss=0.0038 top1=1.000 | val loss=0.0025 | t=0.1s
[finetune_replay] ep  25/150 | train loss=0.0018 top1=1.000 | val loss=0.0029 | t=0.1s
[finetune_replay] ep  26/150 | train loss=0.0027 top1=1.000 | val loss=0.0025 | t=0.1s
[finetune_replay] ep  27/150 | train loss=0.0023 top1=1.000 | val loss=0.0032 | t=0.1s
[finetune_replay] ep  28/150 | train loss=0.0026 top1=1.000 | val loss=0.0032 | t=0.1s
[finetune_replay] ep  29/150 | train loss=0.0018 top1=1.000 | val loss=0.0029 | t=0.1s
[finetune_replay] ep  30/150 | train loss=0.0022 top1=1.000 | val loss=0.0028 | t=0.1s
[finetune_replay] ep  31/150 | train loss=0.0021 top1=1.000 | val loss=0.0030 | t=0.1s
[finetune_replay] ep  32/150 | train loss=0.0020 top1=1.000 | val loss=0.0035 | t=0.1s
[finetune_replay] ep  33/150 | train loss=0.0024 top1=1.000 | val loss=0.0031 | t=0.1s
[finetune_replay] ep  34/150 | train loss=0.0017 top1=1.000 | val loss=0.0025 | t=0.1s
[finetune_replay] ep  35/150 | train loss=0.0021 top1=1.000 | val loss=0.0024 | t=0.1s
[finetune_replay] ep  36/150 | train loss=0.0019 top1=1.000 | val loss=0.0024 | t=0.1s
[finetune_replay] ep  37/150 | train loss=0.0015 top1=1.000 | val loss=0.0024 | t=0.1s
[finetune_replay] ep  38/150 | train loss=0.0013 top1=1.000 | val loss=0.0023 | t=0.1s
[finetune_replay] ep  39/150 | train loss=0.0016 top1=1.000 | val loss=0.0023 | t=0.1s
[finetune_replay] ep  40/150 | train loss=0.0014 top1=1.000 | val loss=0.0022 | t=0.1s
[finetune_replay] ep  41/150 | train loss=0.0015 top1=1.000 | val loss=0.0024 | t=0.1s
[finetune_replay] ep  42/150 | train loss=0.0011 top1=1.000 | val loss=0.0025 | t=0.1s
[finetune_replay] ep  43/150 | train loss=0.0013 top1=1.000 | val loss=0.0027 | t=0.1s
[finetune_replay] ep  44/150 | train loss=0.0019 top1=1.000 | val loss=0.0031 | t=0.1s
[finetune_replay] ep  45/150 | train loss=0.0011 top1=1.000 | val loss=0.0031 | t=0.1s
[finetune_replay] ep  46/150 | train loss=0.0010 top1=1.000 | val loss=0.0031 | t=0.1s
[finetune_replay] ep  47/150 | train loss=0.0010 top1=1.000 | val loss=0.0029 | t=0.1s
[finetune_replay] ep  48/150 | train loss=0.0014 top1=1.000 | val loss=0.0030 | t=0.1s
[finetune_replay] ep  49/150 | train loss=0.0011 top1=1.000 | val loss=0.0032 | t=0.1s
[finetune_replay] ep  50/150 | train loss=0.0011 top1=1.000 | val loss=0.0032 | t=0.1s
[finetune_replay] ep  51/150 | train loss=0.0012 top1=1.000 | val loss=0.0028 | t=0.1s
[finetune_replay] ep  52/150 | train loss=0.0016 top1=1.000 | val loss=0.0027 | t=0.1s
[finetune_replay] ep  53/150 | train loss=0.0012 top1=1.000 | val loss=0.0027 | t=0.1s
[finetune_replay] ep  54/150 | train loss=0.0013 top1=1.000 | val loss=0.0024 | t=0.1s
[finetune_replay] ep  55/150 | train loss=0.0010 top1=1.000 | val loss=0.0024 | t=0.1s
[finetune_replay] ep  56/150 | train loss=0.0012 top1=1.000 | val loss=0.0027 | t=0.1s
[finetune_replay] ep  57/150 | train loss=0.0011 top1=1.000 | val loss=0.0032 | t=0.1s
[finetune_replay] ep  58/150 | train loss=0.0010 top1=1.000 | val loss=0.0031 | t=0.1s
[finetune_replay] ep  59/150 | train loss=0.0011 top1=1.000 | val loss=0.0027 | t=0.1s
[finetune_replay] ep  60/150 | train loss=0.0010 top1=1.000 | val loss=0.0024 | t=0.1s
[finetune_replay] ep  61/150 | train loss=0.0012 top1=1.000 | val loss=0.0026 | t=0.1s
[finetune_replay] ep  62/150 | train loss=0.0012 top1=1.000 | val loss=0.0031 | t=0.1s
[finetune_replay] ep  63/150 | train loss=0.0011 top1=1.000 | val loss=0.0034 | t=0.1s
[finetune_replay] ep  64/150 | train loss=0.0013 top1=1.000 | val loss=0.0032 | t=0.1s
[finetune_replay] ep  65/150 | train loss=0.0009 top1=1.000 | val loss=0.0030 | t=0.1s
[finetune_replay] ep  66/150 | train loss=0.0009 top1=1.000 | val loss=0.0027 | t=0.1s
[finetune_replay] ep  67/150 | train loss=0.0009 top1=1.000 | val loss=0.0024 | t=0.1s
[finetune_replay] ep  68/150 | train loss=0.0009 top1=1.000 | val loss=0.0025 | t=0.1s
[finetune_replay] ep  69/150 | train loss=0.0010 top1=1.000 | val loss=0.0031 | t=0.1s
[finetune_replay] ep  70/150 | train loss=0.0010 top1=1.000 | val loss=0.0033 | t=0.1s
[finetune_replay] ep  71/150 | train loss=0.0009 top1=1.000 | val loss=0.0032 | t=0.1s
[finetune_replay] ep  72/150 | train loss=0.0011 top1=1.000 | val loss=0.0029 | t=0.1s
[finetune_replay] ep  73/150 | train loss=0.0009 top1=1.000 | val loss=0.0026 | t=0.1s
[finetune_replay] ep  74/150 | train loss=0.0011 top1=1.000 | val loss=0.0025 | t=0.1s
[finetune_replay] ep  75/150 | train loss=0.0011 top1=1.000 | val loss=0.0027 | t=0.1s
[finetune_replay] ep  76/150 | train loss=0.0008 top1=1.000 | val loss=0.0027 | t=0.1s
[finetune_replay] ep  77/150 | train loss=0.0007 top1=1.000 | val loss=0.0028 | t=0.1s
[finetune_replay] ep  78/150 | train loss=0.0010 top1=1.000 | val loss=0.0027 | t=0.1s
[finetune_replay] ep  79/150 | train loss=0.0007 top1=1.000 | val loss=0.0028 | t=0.1s
[finetune_replay] ep  80/150 | train loss=0.0011 top1=1.000 | val loss=0.0026 | t=0.1s
[finetune_replay] ep  81/150 | train loss=0.0008 top1=1.000 | val loss=0.0027 | t=0.1s
[finetune_replay] ep  82/150 | train loss=0.0007 top1=1.000 | val loss=0.0028 | t=0.1s
[finetune_replay] ep  83/150 | train loss=0.0009 top1=1.000 | val loss=0.0029 | t=0.1s
[finetune_replay] ep  84/150 | train loss=0.0007 top1=1.000 | val loss=0.0030 | t=0.1s
[finetune_replay] ep  85/150 | train loss=0.0010 top1=1.000 | val loss=0.0030 | t=0.1s
[finetune_replay] ep  86/150 | train loss=0.0009 top1=1.000 | val loss=0.0027 | t=0.1s
[finetune_replay] ep  87/150 | train loss=0.0008 top1=1.000 | val loss=0.0027 | t=0.1s
[finetune_replay] ep  88/150 | train loss=0.0010 top1=1.000 | val loss=0.0026 | t=0.1s
[finetune_replay] ep  89/150 | train loss=0.0009 top1=1.000 | val loss=0.0025 | t=0.1s
[finetune_replay] ep  90/150 | train loss=0.0007 top1=1.000 | val loss=0.0026 | t=0.1s
[finetune_replay] ep  91/150 | train loss=0.0007 top1=1.000 | val loss=0.0028 | t=0.1s
[finetune_replay] ep  92/150 | train loss=0.0010 top1=1.000 | val loss=0.0029 | t=0.1s
[finetune_replay] ep  93/150 | train loss=0.0007 top1=1.000 | val loss=0.0033 | t=0.1s
[finetune_replay] ep  94/150 | train loss=0.0006 top1=1.000 | val loss=0.0034 | t=0.1s
[finetune_replay] ep  95/150 | train loss=0.0006 top1=1.000 | val loss=0.0034 | t=0.1s
[finetune_replay] ep  96/150 | train loss=0.0009 top1=1.000 | val loss=0.0032 | t=0.1s
[finetune_replay] ep  97/150 | train loss=0.0010 top1=1.000 | val loss=0.0030 | t=0.1s
[finetune_replay] ep  98/150 | train loss=0.0007 top1=1.000 | val loss=0.0028 | t=0.1s
[finetune_replay] ep  99/150 | train loss=0.0007 top1=1.000 | val loss=0.0028 | t=0.1s
[finetune_replay] ep 100/150 | train loss=0.0009 top1=1.000 | val loss=0.0029 | t=0.1s
[finetune_replay] ep 101/150 | train loss=0.0006 top1=1.000 | val loss=0.0031 | t=0.1s
[finetune_replay] ep 102/150 | train loss=0.0009 top1=1.000 | val loss=0.0030 | t=0.1s
[finetune_replay] ep 103/150 | train loss=0.0007 top1=1.000 | val loss=0.0032 | t=0.1s
[finetune_replay] ep 104/150 | train loss=0.0009 top1=1.000 | val loss=0.0032 | t=0.1s
[finetune_replay] ep 105/150 | train loss=0.0008 top1=1.000 | val loss=0.0031 | t=0.1s
[finetune_replay] ep 106/150 | train loss=0.0007 top1=1.000 | val loss=0.0031 | t=0.1s
[finetune_replay] ep 107/150 | train loss=0.0008 top1=1.000 | val loss=0.0031 | t=0.1s
[finetune_replay] ep 108/150 | train loss=0.0007 top1=1.000 | val loss=0.0030 | t=0.1s
[finetune_replay] ep 109/150 | train loss=0.0007 top1=1.000 | val loss=0.0030 | t=0.1s
[finetune_replay] ep 110/150 | train loss=0.0006 top1=1.000 | val loss=0.0029 | t=0.1s
[finetune_replay] ep 111/150 | train loss=0.0007 top1=1.000 | val loss=0.0029 | t=0.1s
[finetune_replay] ep 112/150 | train loss=0.0008 top1=1.000 | val loss=0.0028 | t=0.1s
[finetune_replay] ep 113/150 | train loss=0.0007 top1=1.000 | val loss=0.0027 | t=0.1s
[finetune_replay] ep 114/150 | train loss=0.0008 top1=1.000 | val loss=0.0026 | t=0.1s
[finetune_replay] ep 115/150 | train loss=0.0010 top1=1.000 | val loss=0.0026 | t=0.1s
[finetune_replay] ep 116/150 | train loss=0.0007 top1=1.000 | val loss=0.0025 | t=0.1s
[finetune_replay] ep 117/150 | train loss=0.0008 top1=1.000 | val loss=0.0026 | t=0.1s
[finetune_replay] ep 118/150 | train loss=0.0007 top1=1.000 | val loss=0.0027 | t=0.1s
[finetune_replay] ep 119/150 | train loss=0.0009 top1=1.000 | val loss=0.0026 | t=0.1s
[finetune_replay] ep 120/150 | train loss=0.0007 top1=1.000 | val loss=0.0026 | t=0.1s
[finetune_replay] ep 121/150 | train loss=0.0005 top1=1.000 | val loss=0.0026 | t=0.1s
[finetune_replay] ep 122/150 | train loss=0.0008 top1=1.000 | val loss=0.0026 | t=0.1s
[finetune_replay] ep 123/150 | train loss=0.0008 top1=1.000 | val loss=0.0026 | t=0.1s
[finetune_replay] ep 124/150 | train loss=0.0007 top1=1.000 | val loss=0.0026 | t=0.1s
[finetune_replay] ep 125/150 | train loss=0.0008 top1=1.000 | val loss=0.0025 | t=0.1s
[finetune_replay] ep 126/150 | train loss=0.0009 top1=1.000 | val loss=0.0025 | t=0.1s
[finetune_replay] ep 127/150 | train loss=0.0007 top1=1.000 | val loss=0.0025 | t=0.1s
[finetune_replay] ep 128/150 | train loss=0.0008 top1=1.000 | val loss=0.0025 | t=0.1s
[finetune_replay] ep 129/150 | train loss=0.0007 top1=1.000 | val loss=0.0025 | t=0.1s
[finetune_replay] ep 130/150 | train loss=0.0008 top1=1.000 | val loss=0.0026 | t=0.1s
[finetune_replay] ep 131/150 | train loss=0.0005 top1=1.000 | val loss=0.0026 | t=0.1s
[finetune_replay] ep 132/150 | train loss=0.0007 top1=1.000 | val loss=0.0026 | t=0.1s
[finetune_replay] ep 133/150 | train loss=0.0007 top1=1.000 | val loss=0.0025 | t=0.1s
[finetune_replay] ep 134/150 | train loss=0.0005 top1=1.000 | val loss=0.0026 | t=0.1s
[finetune_replay] ep 135/150 | train loss=0.0008 top1=1.000 | val loss=0.0025 | t=0.1s
[finetune_replay] ep 136/150 | train loss=0.0007 top1=1.000 | val loss=0.0026 | t=0.1s
[finetune_replay] ep 137/150 | train loss=0.0006 top1=1.000 | val loss=0.0026 | t=0.1s
[finetune_replay] ep 138/150 | train loss=0.0008 top1=1.000 | val loss=0.0026 | t=0.1s
[finetune_replay] ep 139/150 | train loss=0.0009 top1=1.000 | val loss=0.0026 | t=0.1s
[finetune_replay] ep 140/150 | train loss=0.0007 top1=1.000 | val loss=0.0026 | t=0.1s
[finetune_replay] ep 141/150 | train loss=0.0009 top1=1.000 | val loss=0.0026 | t=0.1s
[finetune_replay] ep 142/150 | train loss=0.0010 top1=1.000 | val loss=0.0027 | t=0.1s
[finetune_replay] ep 143/150 | train loss=0.0010 top1=1.000 | val loss=0.0027 | t=0.1s
[finetune_replay] ep 144/150 | train loss=0.0008 top1=1.000 | val loss=0.0027 | t=0.1s
[finetune_replay] ep 145/150 | train loss=0.0006 top1=1.000 | val loss=0.0027 | t=0.1s
[finetune_replay] ep 146/150 | train loss=0.0008 top1=1.000 | val loss=0.0027 | t=0.1s
[finetune_replay] ep 147/150 | train loss=0.0006 top1=1.000 | val loss=0.0026 | t=0.1s
[finetune_replay] ep 148/150 | train loss=0.0005 top1=1.000 | val loss=0.0026 | t=0.1s
[finetune_replay] ep 149/150 | train loss=0.0009 top1=1.000 | val loss=0.0026 | t=0.1s
[finetune_replay] ep 150/150 | train loss=0.0009 top1=1.000 | val loss=0.0026 | t=0.1s
[finetune_replay] DONE best_val_loss=0.0010 @ epoch 2
[20:01:09] [bo-budget] $ /home/s226137394/.conda/envs/maze/bin/python3 -u -m Equivariant_pathway.equivariant_CNN_hybrid.rollout_test --checkpoint /weka/s226137394/DmNfull/Equivariant_pathway/equivariant_CNN_hybrid/baseline_vs_p4/pool_x_selector/results_hpsweep/e150_lr5e-05_rm0.7_do0.1/run_1/p4_top3_rotate/checkpoints/best_hybrid_policy.pth --layouts /weka/s226137394/DmNfull/Equivariant_pathway/equivariant_CNN_hybrid/baseline_vs_p4/shared/heldout_layouts.yaml --out_dir /weka/s226137394/DmNfull/Equivariant_pathway/equivariant_CNN_hybrid/baseline_vs_p4/pool_x_selector/results_hpsweep/e150_lr5e-05_rm0.7_do0.1/run_1/p4_top3_rotate/results/eval_round_003 --seed 4 --max_steps 60
[hybrid-rollout] 200 unique; running 200 eps
[hybrid-rollout] loaded /weka/s226137394/DmNfull/Equivariant_pathway/equivariant_CNN_hybrid/baseline_vs_p4/pool_x_selector/results_hpsweep/e150_lr5e-05_rm0.7_do0.1/run_1/p4_top3_rotate/checkpoints/best_hybrid_policy.pth
[hybrid-rollout] ep 0 (heldout_001): steps=5 success=True
[hybrid-rollout] ep 1 (heldout_002): steps=60 success=False
[hybrid-rollout] ep 2 (heldout_003): steps=60 success=False
[hybrid-rollout] ep 3 (heldout_004): steps=6 success=True
[hybrid-rollout] ep 4 (heldout_005): steps=5 success=True
[hybrid-rollout] ep 5 (heldout_006): steps=60 success=False
[hybrid-rollout] ep 6 (heldout_007): steps=5 success=True
[hybrid-rollout] ep 7 (heldout_008): steps=4 success=True
[hybrid-rollout] ep 8 (heldout_009): steps=60 success=False
[hybrid-rollout] ep 9 (heldout_010): steps=60 success=False
[hybrid-rollout] ep 10 (heldout_011): steps=4 success=True
[hybrid-rollout] ep 11 (heldout_012): steps=4 success=True
[hybrid-rollout] ep 12 (heldout_013): steps=5 success=True
[hybrid-rollout] ep 13 (heldout_014): steps=5 success=True
[hybrid-rollout] ep 14 (heldout_015): steps=4 success=True
[hybrid-rollout] ep 15 (heldout_016): steps=5 success=True
[hybrid-rollout] ep 16 (heldout_017): steps=4 success=True
[hybrid-rollout] ep 17 (heldout_018): steps=2 success=False
[hybrid-rollout] ep 18 (heldout_019): steps=60 success=False
[hybrid-rollout] ep 19 (heldout_020): steps=5 success=True
[hybrid-rollout] ep 20 (heldout_021): steps=60 success=False
[hybrid-rollout] ep 21 (heldout_022): steps=60 success=False
[hybrid-rollout] ep 22 (heldout_023): steps=60 success=False
[hybrid-rollout] ep 23 (heldout_024): steps=60 success=False
[hybrid-rollout] ep 24 (heldout_025): steps=4 success=True
[hybrid-rollout] ep 25 (heldout_026): steps=4 success=True
[hybrid-rollout] ep 26 (heldout_027): steps=4 success=True
[hybrid-rollout] ep 27 (heldout_028): steps=4 success=True
[hybrid-rollout] ep 28 (heldout_029): steps=60 success=False
[hybrid-rollout] ep 29 (heldout_030): steps=60 success=False
[hybrid-rollout] ep 30 (heldout_031): steps=5 success=True
[hybrid-rollout] ep 31 (heldout_032): steps=60 success=False
[hybrid-rollout] ep 32 (heldout_033): steps=4 success=True
[hybrid-rollout] ep 33 (heldout_034): steps=60 success=False
[hybrid-rollout] ep 34 (heldout_035): steps=60 success=False
[hybrid-rollout] ep 35 (heldout_036): steps=5 success=True
[hybrid-rollout] ep 36 (heldout_037): steps=2 success=False
[hybrid-rollout] ep 37 (heldout_038): steps=5 success=True
[hybrid-rollout] ep 38 (heldout_039): steps=6 success=True
[hybrid-rollout] ep 39 (heldout_040): steps=5 success=True
[hybrid-rollout] ep 40 (heldout_041): steps=6 success=True
[hybrid-rollout] ep 41 (heldout_042): steps=4 success=True
[hybrid-rollout] ep 42 (heldout_043): steps=4 success=True
[hybrid-rollout] ep 43 (heldout_044): steps=5 success=True
[hybrid-rollout] ep 44 (heldout_045): steps=60 success=False
[hybrid-rollout] ep 45 (heldout_046): steps=4 success=True
[hybrid-rollout] ep 46 (heldout_047): steps=6 success=True
[hybrid-rollout] ep 47 (heldout_048): steps=6 success=True
[hybrid-rollout] ep 48 (heldout_049): steps=60 success=False
[hybrid-rollout] ep 49 (heldout_050): steps=4 success=True
[hybrid-rollout] ep 50 (heldout_051): steps=4 success=True
[hybrid-rollout] ep 51 (heldout_052): steps=4 success=True
[hybrid-rollout] ep 52 (heldout_053): steps=60 success=False
[hybrid-rollout] ep 53 (heldout_054): steps=4 success=True
[hybrid-rollout] ep 54 (heldout_055): steps=60 success=False
[hybrid-rollout] ep 55 (heldout_056): steps=4 success=True
[hybrid-rollout] ep 56 (heldout_057): steps=4 success=True
[hybrid-rollout] ep 57 (heldout_058): steps=4 success=True
[hybrid-rollout] ep 58 (heldout_059): steps=5 success=True
[hybrid-rollout] ep 59 (heldout_060): steps=6 success=True
[hybrid-rollout] ep 60 (heldout_061): steps=5 success=True
[hybrid-rollout] ep 61 (heldout_062): steps=6 success=True
[hybrid-rollout] ep 62 (heldout_063): steps=5 success=True
[hybrid-rollout] ep 63 (heldout_064): steps=4 success=True
[hybrid-rollout] ep 64 (heldout_065): steps=3 success=False
[hybrid-rollout] ep 65 (heldout_066): steps=6 success=True
[hybrid-rollout] ep 66 (heldout_067): steps=5 success=True
[hybrid-rollout] ep 67 (heldout_068): steps=4 success=True
[hybrid-rollout] ep 68 (heldout_069): steps=4 success=True
[hybrid-rollout] ep 69 (heldout_070): steps=60 success=False
[hybrid-rollout] ep 70 (heldout_071): steps=5 success=True
[hybrid-rollout] ep 71 (heldout_072): steps=5 success=True
[hybrid-rollout] ep 72 (heldout_073): steps=3 success=False
[hybrid-rollout] ep 73 (heldout_074): steps=4 success=True
[hybrid-rollout] ep 74 (heldout_075): steps=5 success=True
[hybrid-rollout] ep 75 (heldout_076): steps=60 success=False
[hybrid-rollout] ep 76 (heldout_077): steps=4 success=True
[hybrid-rollout] ep 77 (heldout_078): steps=3 success=False
[hybrid-rollout] ep 78 (heldout_079): steps=4 success=True
[hybrid-rollout] ep 79 (heldout_080): steps=4 success=True
[hybrid-rollout] ep 80 (heldout_081): steps=5 success=True
[hybrid-rollout] ep 81 (heldout_082): steps=5 success=True
[hybrid-rollout] ep 82 (heldout_083): steps=60 success=False
[hybrid-rollout] ep 83 (heldout_084): steps=60 success=False
[hybrid-rollout] ep 84 (heldout_085): steps=60 success=False
[hybrid-rollout] ep 85 (heldout_086): steps=6 success=True
[hybrid-rollout] ep 86 (heldout_087): steps=60 success=False
[hybrid-rollout] ep 87 (heldout_088): steps=4 success=True
[hybrid-rollout] ep 88 (heldout_089): steps=60 success=False
[hybrid-rollout] ep 89 (heldout_090): steps=4 success=True
[hybrid-rollout] ep 90 (heldout_091): steps=5 success=True
[hybrid-rollout] ep 91 (heldout_092): steps=5 success=True
[hybrid-rollout] ep 92 (heldout_093): steps=1 success=False
[hybrid-rollout] ep 93 (heldout_094): steps=6 success=True
[hybrid-rollout] ep 94 (heldout_095): steps=7 success=True
[hybrid-rollout] ep 95 (heldout_096): steps=60 success=False
[hybrid-rollout] ep 96 (heldout_097): steps=5 success=True
[hybrid-rollout] ep 97 (heldout_098): steps=5 success=True
[hybrid-rollout] ep 98 (heldout_099): steps=60 success=False
[hybrid-rollout] ep 99 (heldout_100): steps=10 success=True
[hybrid-rollout] ep 100 (heldout_101): steps=4 success=True
[hybrid-rollout] ep 101 (heldout_102): steps=4 success=True
[hybrid-rollout] ep 102 (heldout_103): steps=60 success=False
[hybrid-rollout] ep 103 (heldout_104): steps=6 success=True
[hybrid-rollout] ep 104 (heldout_105): steps=4 success=True
[hybrid-rollout] ep 105 (heldout_106): steps=60 success=False
[hybrid-rollout] ep 106 (heldout_107): steps=4 success=True
[hybrid-rollout] ep 107 (heldout_108): steps=4 success=True
[hybrid-rollout] ep 108 (heldout_109): steps=4 success=True
[hybrid-rollout] ep 109 (heldout_110): steps=4 success=True
[hybrid-rollout] ep 110 (heldout_111): steps=60 success=False
[hybrid-rollout] ep 111 (heldout_112): steps=5 success=True
[hybrid-rollout] ep 112 (heldout_113): steps=5 success=True
[hybrid-rollout] ep 113 (heldout_114): steps=60 success=False
[hybrid-rollout] ep 114 (heldout_115): steps=4 success=True
[hybrid-rollout] ep 115 (heldout_116): steps=5 success=True
[hybrid-rollout] ep 116 (heldout_117): steps=7 success=True
[hybrid-rollout] ep 117 (heldout_118): steps=60 success=False
[hybrid-rollout] ep 118 (heldout_119): steps=60 success=False
[hybrid-rollout] ep 119 (heldout_120): steps=7 success=True
[hybrid-rollout] ep 120 (heldout_121): steps=60 success=False
[hybrid-rollout] ep 121 (heldout_122): steps=4 success=True
[hybrid-rollout] ep 122 (heldout_123): steps=6 success=True
[hybrid-rollout] ep 123 (heldout_124): steps=60 success=False
[hybrid-rollout] ep 124 (heldout_125): steps=4 success=True
[hybrid-rollout] ep 125 (heldout_126): steps=4 success=True
[hybrid-rollout] ep 126 (heldout_127): steps=60 success=False
[hybrid-rollout] ep 127 (heldout_128): steps=60 success=False
[hybrid-rollout] ep 128 (heldout_129): steps=60 success=False
[hybrid-rollout] ep 129 (heldout_130): steps=4 success=True
[hybrid-rollout] ep 130 (heldout_131): steps=60 success=False
[hybrid-rollout] ep 131 (heldout_132): steps=4 success=True
[hybrid-rollout] ep 132 (heldout_133): steps=4 success=True
[hybrid-rollout] ep 133 (heldout_134): steps=7 success=True
[hybrid-rollout] ep 134 (heldout_135): steps=6 success=True
[hybrid-rollout] ep 135 (heldout_136): steps=5 success=True
[hybrid-rollout] ep 136 (heldout_137): steps=5 success=True
[hybrid-rollout] ep 137 (heldout_138): steps=4 success=True
[hybrid-rollout] ep 138 (heldout_139): steps=4 success=True
[hybrid-rollout] ep 139 (heldout_140): steps=5 success=True
[hybrid-rollout] ep 140 (heldout_141): steps=5 success=True
[hybrid-rollout] ep 141 (heldout_142): steps=4 success=True
[hybrid-rollout] ep 142 (heldout_143): steps=60 success=False
[hybrid-rollout] ep 143 (heldout_144): steps=4 success=True
[hybrid-rollout] ep 144 (heldout_145): steps=5 success=True
[hybrid-rollout] ep 145 (heldout_146): steps=60 success=False
[hybrid-rollout] ep 146 (heldout_147): steps=4 success=True
[hybrid-rollout] ep 147 (heldout_148): steps=60 success=False
[hybrid-rollout] ep 148 (heldout_149): steps=5 success=True
[hybrid-rollout] ep 149 (heldout_150): steps=4 success=True
[hybrid-rollout] ep 150 (heldout_151): steps=5 success=True
[hybrid-rollout] ep 151 (heldout_152): steps=6 success=True
[hybrid-rollout] ep 152 (heldout_153): steps=5 success=True
[hybrid-rollout] ep 153 (heldout_154): steps=60 success=False
[hybrid-rollout] ep 154 (heldout_155): steps=60 success=False
[hybrid-rollout] ep 155 (heldout_156): steps=4 success=False
[hybrid-rollout] ep 156 (heldout_157): steps=3 success=False
[hybrid-rollout] ep 157 (heldout_158): steps=3 success=False
[hybrid-rollout] ep 158 (heldout_159): steps=6 success=True
[hybrid-rollout] ep 159 (heldout_160): steps=60 success=False
[hybrid-rollout] ep 160 (heldout_161): steps=5 success=True
[hybrid-rollout] ep 161 (heldout_162): steps=5 success=True
[hybrid-rollout] ep 162 (heldout_163): steps=4 success=True
[hybrid-rollout] ep 163 (heldout_164): steps=4 success=True
[hybrid-rollout] ep 164 (heldout_165): steps=5 success=True
[hybrid-rollout] ep 165 (heldout_166): steps=60 success=False
[hybrid-rollout] ep 166 (heldout_167): steps=60 success=False
[hybrid-rollout] ep 167 (heldout_168): steps=4 success=True
[hybrid-rollout] ep 168 (heldout_169): steps=4 success=False
[hybrid-rollout] ep 169 (heldout_170): steps=5 success=False
[hybrid-rollout] ep 170 (heldout_171): steps=4 success=True
[hybrid-rollout] ep 171 (heldout_172): steps=60 success=False
[hybrid-rollout] ep 172 (heldout_173): steps=4 success=True
[hybrid-rollout] ep 173 (heldout_174): steps=60 success=False
[hybrid-rollout] ep 174 (heldout_175): steps=5 success=True
[hybrid-rollout] ep 175 (heldout_176): steps=60 success=False
[hybrid-rollout] ep 176 (heldout_177): steps=5 success=False
[hybrid-rollout] ep 177 (heldout_178): steps=1 success=False
[hybrid-rollout] ep 178 (heldout_179): steps=5 success=True
[hybrid-rollout] ep 179 (heldout_180): steps=4 success=True
[hybrid-rollout] ep 180 (heldout_181): steps=5 success=True
[hybrid-rollout] ep 181 (heldout_182): steps=60 success=False
[hybrid-rollout] ep 182 (heldout_183): steps=5 success=True
[hybrid-rollout] ep 183 (heldout_184): steps=5 success=False
[hybrid-rollout] ep 184 (heldout_185): steps=60 success=False
[hybrid-rollout] ep 185 (heldout_186): steps=4 success=True
[hybrid-rollout] ep 186 (heldout_187): steps=5 success=True
[hybrid-rollout] ep 187 (heldout_188): steps=5 success=True
[hybrid-rollout] ep 188 (heldout_189): steps=5 success=True
[hybrid-rollout] ep 189 (heldout_190): steps=7 success=True
[hybrid-rollout] ep 190 (heldout_191): steps=60 success=False
[hybrid-rollout] ep 191 (heldout_192): steps=7 success=True
[hybrid-rollout] ep 192 (heldout_193): steps=7 success=True
[hybrid-rollout] ep 193 (heldout_194): steps=6 success=True
[hybrid-rollout] ep 194 (heldout_195): steps=5 success=True
[hybrid-rollout] ep 195 (heldout_196): steps=4 success=True
[hybrid-rollout] ep 196 (heldout_197): steps=5 success=True
[hybrid-rollout] ep 197 (heldout_198): steps=60 success=False
[hybrid-rollout] ep 198 (heldout_199): steps=4 success=True
[hybrid-rollout] ep 199 (heldout_200): steps=4 success=True
[hybrid-rollout] DONE successes=131/200
[20:03:00] [replay_p4] run 1 round 3: extras=3 heldout_sr=0.655
[20:03:00] [replay_p4] $ /home/s226137394/.conda/envs/maze/bin/python3 -u -m Equivariant_pathway.equivariant_CNN_hybrid.baseline_vs_p4.pool_x_selector.trainer.finetune_replay --demo_dir /weka/s226137394/DmNfull/Equivariant_pathway/equivariant_CNN_hybrid/baseline_vs_p4/pool_x_selector/results_hpsweep/e150_lr5e-05_rm0.7_do0.1/run_1/p4_top3_rotate/demos --checkpoint_dir /weka/s226137394/DmNfull/Equivariant_pathway/equivariant_CNN_hybrid/baseline_vs_p4/pool_x_selector/results_hpsweep/e150_lr5e-05_rm0.7_do0.1/run_1/p4_top3_rotate/checkpoints --epochs 150 --batch_size 64 --lr 5e-05 --weight_decay 0.0001 --replay_mix 0.7 --replay_mix_floor 0.2 --head_dropout 0.1 --seed 1 --resume --new_demos_dir /weka/s226137394/DmNfull/Equivariant_pathway/equivariant_CNN_hybrid/baseline_vs_p4/pool_x_selector/results_hpsweep/e150_lr5e-05_rm0.7_do0.1/run_1/p4_top3_rotate/demos/round_004
[finetune_replay] device=cuda demo_dir=/weka/s226137394/DmNfull/Equivariant_pathway/equivariant_CNN_hybrid/baseline_vs_p4/pool_x_selector/results_hpsweep/e150_lr5e-05_rm0.7_do0.1/run_1/p4_top3_rotate/demos new_demos_dir=/weka/s226137394/DmNfull/Equivariant_pathway/equivariant_CNN_hybrid/baseline_vs_p4/pool_x_selector/results_hpsweep/e150_lr5e-05_rm0.7_do0.1/run_1/p4_top3_rotate/demos/round_004
[hybrid-dataset] 23 demos -> 120 samples
[hybrid-dataset] 1 demos -> 4 samples
[finetune_replay] sampler audit: {'n_old_samples': 120, 'n_new_samples': 4, 'replay_mix_target': 0.7, 'replay_mix_effective': 0.7, 'replay_mix_floor': 0.2}
[finetune_replay] trainable params: 1,400,028
[finetune_replay] WARM START from last_hybrid_policy.pth
[finetune_replay] ep   1/150 | train loss=0.2968 top1=0.964 | val loss=0.0142 | t=0.8s  *
[finetune_replay] ep   2/150 | train loss=0.1297 top1=0.982 | val loss=0.0121 | t=0.1s  *
[finetune_replay] ep   3/150 | train loss=0.0537 top1=1.000 | val loss=0.0353 | t=0.2s
[finetune_replay] ep   4/150 | train loss=0.0439 top1=1.000 | val loss=0.0422 | t=0.2s
[finetune_replay] ep   5/150 | train loss=0.0194 top1=1.000 | val loss=0.0450 | t=0.1s
[finetune_replay] ep   6/150 | train loss=0.0146 top1=1.000 | val loss=0.0239 | t=0.1s
[finetune_replay] ep   7/150 | train loss=0.0120 top1=1.000 | val loss=0.0131 | t=0.1s
[finetune_replay] ep   8/150 | train loss=0.0116 top1=1.000 | val loss=0.0093 | t=0.1s  *
[finetune_replay] ep   9/150 | train loss=0.0070 top1=1.000 | val loss=0.0095 | t=0.1s
[finetune_replay] ep  10/150 | train loss=0.0067 top1=1.000 | val loss=0.0098 | t=0.1s
[finetune_replay] ep  11/150 | train loss=0.0052 top1=1.000 | val loss=0.0077 | t=0.1s  *
[finetune_replay] ep  12/150 | train loss=0.0056 top1=1.000 | val loss=0.0077 | t=0.1s
[finetune_replay] ep  13/150 | train loss=0.0035 top1=1.000 | val loss=0.0070 | t=0.1s  *
[finetune_replay] ep  14/150 | train loss=0.0043 top1=1.000 | val loss=0.0060 | t=0.1s  *
[finetune_replay] ep  15/150 | train loss=0.0033 top1=1.000 | val loss=0.0051 | t=0.1s  *
[finetune_replay] ep  16/150 | train loss=0.0038 top1=1.000 | val loss=0.0047 | t=0.1s  *
[finetune_replay] ep  17/150 | train loss=0.0026 top1=1.000 | val loss=0.0045 | t=0.1s  *
[finetune_replay] ep  18/150 | train loss=0.0028 top1=1.000 | val loss=0.0044 | t=0.1s  *
[finetune_replay] ep  19/150 | train loss=0.0025 top1=1.000 | val loss=0.0062 | t=0.1s
[finetune_replay] ep  20/150 | train loss=0.0026 top1=1.000 | val loss=0.0057 | t=0.1s
[finetune_replay] ep  21/150 | train loss=0.0018 top1=1.000 | val loss=0.0050 | t=0.1s
[finetune_replay] ep  22/150 | train loss=0.0023 top1=1.000 | val loss=0.0042 | t=0.1s  *
[finetune_replay] ep  23/150 | train loss=0.0020 top1=1.000 | val loss=0.0037 | t=0.1s  *
[finetune_replay] ep  24/150 | train loss=0.0024 top1=1.000 | val loss=0.0038 | t=0.1s
[finetune_replay] ep  25/150 | train loss=0.0017 top1=1.000 | val loss=0.0040 | t=0.1s
[finetune_replay] ep  26/150 | train loss=0.0018 top1=1.000 | val loss=0.0039 | t=0.1s
[finetune_replay] ep  27/150 | train loss=0.0016 top1=1.000 | val loss=0.0037 | t=0.1s  *
[finetune_replay] ep  28/150 | train loss=0.0014 top1=1.000 | val loss=0.0036 | t=0.1s  *
[finetune_replay] ep  29/150 | train loss=0.0017 top1=1.000 | val loss=0.0034 | t=0.1s  *
[finetune_replay] ep  30/150 | train loss=0.0020 top1=1.000 | val loss=0.0035 | t=0.1s
[finetune_replay] ep  31/150 | train loss=0.0018 top1=1.000 | val loss=0.0037 | t=0.1s
[finetune_replay] ep  32/150 | train loss=0.0018 top1=1.000 | val loss=0.0034 | t=0.1s
[finetune_replay] ep  33/150 | train loss=0.0013 top1=1.000 | val loss=0.0032 | t=0.1s  *
[finetune_replay] ep  34/150 | train loss=0.0012 top1=1.000 | val loss=0.0029 | t=0.1s  *
[finetune_replay] ep  35/150 | train loss=0.0016 top1=1.000 | val loss=0.0026 | t=0.1s  *
[finetune_replay] ep  36/150 | train loss=0.0015 top1=1.000 | val loss=0.0025 | t=0.1s  *
[finetune_replay] ep  37/150 | train loss=0.0015 top1=1.000 | val loss=0.0026 | t=0.1s
[finetune_replay] ep  38/150 | train loss=0.0013 top1=1.000 | val loss=0.0032 | t=0.1s
[finetune_replay] ep  39/150 | train loss=0.0017 top1=1.000 | val loss=0.0030 | t=0.1s
[finetune_replay] ep  40/150 | train loss=0.0014 top1=1.000 | val loss=0.0030 | t=0.1s
[finetune_replay] ep  41/150 | train loss=0.0010 top1=1.000 | val loss=0.0028 | t=0.1s
[finetune_replay] ep  42/150 | train loss=0.0014 top1=1.000 | val loss=0.0028 | t=0.1s
[finetune_replay] ep  43/150 | train loss=0.0013 top1=1.000 | val loss=0.0033 | t=0.1s
[finetune_replay] ep  44/150 | train loss=0.0011 top1=1.000 | val loss=0.0035 | t=0.1s
[finetune_replay] ep  45/150 | train loss=0.0012 top1=1.000 | val loss=0.0030 | t=0.1s
[finetune_replay] ep  46/150 | train loss=0.0014 top1=1.000 | val loss=0.0025 | t=0.1s  *
[finetune_replay] ep  47/150 | train loss=0.0012 top1=1.000 | val loss=0.0024 | t=0.1s  *
[finetune_replay] ep  48/150 | train loss=0.0009 top1=1.000 | val loss=0.0023 | t=0.1s  *
[finetune_replay] ep  49/150 | train loss=0.0011 top1=1.000 | val loss=0.0022 | t=0.1s  *
[finetune_replay] ep  50/150 | train loss=0.0009 top1=1.000 | val loss=0.0023 | t=0.1s
[finetune_replay] ep  51/150 | train loss=0.0008 top1=1.000 | val loss=0.0024 | t=0.1s
[finetune_replay] ep  52/150 | train loss=0.0010 top1=1.000 | val loss=0.0025 | t=0.1s
[finetune_replay] ep  53/150 | train loss=0.0011 top1=1.000 | val loss=0.0023 | t=0.1s
[finetune_replay] ep  54/150 | train loss=0.0007 top1=1.000 | val loss=0.0024 | t=0.1s
[finetune_replay] ep  55/150 | train loss=0.0008 top1=1.000 | val loss=0.0023 | t=0.1s
[finetune_replay] ep  56/150 | train loss=0.0008 top1=1.000 | val loss=0.0023 | t=0.1s
[finetune_replay] ep  57/150 | train loss=0.0010 top1=1.000 | val loss=0.0024 | t=0.1s
[finetune_replay] ep  58/150 | train loss=0.0010 top1=1.000 | val loss=0.0025 | t=0.1s
[finetune_replay] ep  59/150 | train loss=0.0010 top1=1.000 | val loss=0.0022 | t=0.1s
[finetune_replay] ep  60/150 | train loss=0.0008 top1=1.000 | val loss=0.0020 | t=0.1s  *
[finetune_replay] ep  61/150 | train loss=0.0009 top1=1.000 | val loss=0.0020 | t=0.1s
[finetune_replay] ep  62/150 | train loss=0.0007 top1=1.000 | val loss=0.0022 | t=0.1s
[finetune_replay] ep  63/150 | train loss=0.0009 top1=1.000 | val loss=0.0021 | t=0.1s
[finetune_replay] ep  64/150 | train loss=0.0008 top1=1.000 | val loss=0.0023 | t=0.1s
[finetune_replay] ep  65/150 | train loss=0.0007 top1=1.000 | val loss=0.0023 | t=0.1s
[finetune_replay] ep  66/150 | train loss=0.0009 top1=1.000 | val loss=0.0023 | t=0.1s
[finetune_replay] ep  67/150 | train loss=0.0009 top1=1.000 | val loss=0.0024 | t=0.1s
[finetune_replay] ep  68/150 | train loss=0.0008 top1=1.000 | val loss=0.0023 | t=0.1s
[finetune_replay] ep  69/150 | train loss=0.0010 top1=1.000 | val loss=0.0021 | t=0.1s
[finetune_replay] ep  70/150 | train loss=0.0009 top1=1.000 | val loss=0.0019 | t=0.1s  *
[finetune_replay] ep  71/150 | train loss=0.0007 top1=1.000 | val loss=0.0020 | t=0.1s
[finetune_replay] ep  72/150 | train loss=0.0007 top1=1.000 | val loss=0.0023 | t=0.1s
[finetune_replay] ep  73/150 | train loss=0.0008 top1=1.000 | val loss=0.0024 | t=0.1s
[finetune_replay] ep  74/150 | train loss=0.0008 top1=1.000 | val loss=0.0023 | t=0.1s
[finetune_replay] ep  75/150 | train loss=0.0008 top1=1.000 | val loss=0.0024 | t=0.1s
[finetune_replay] ep  76/150 | train loss=0.0008 top1=1.000 | val loss=0.0022 | t=0.1s
[finetune_replay] ep  77/150 | train loss=0.0005 top1=1.000 | val loss=0.0022 | t=0.1s
[finetune_replay] ep  78/150 | train loss=0.0007 top1=1.000 | val loss=0.0020 | t=0.1s
[finetune_replay] ep  79/150 | train loss=0.0007 top1=1.000 | val loss=0.0021 | t=0.1s
[finetune_replay] ep  80/150 | train loss=0.0008 top1=1.000 | val loss=0.0022 | t=0.1s
[finetune_replay] ep  81/150 | train loss=0.0008 top1=1.000 | val loss=0.0021 | t=0.1s
[finetune_replay] ep  82/150 | train loss=0.0008 top1=1.000 | val loss=0.0020 | t=0.1s
[finetune_replay] ep  83/150 | train loss=0.0008 top1=1.000 | val loss=0.0019 | t=0.1s  *
[finetune_replay] ep  84/150 | train loss=0.0006 top1=1.000 | val loss=0.0019 | t=0.1s  *
[finetune_replay] ep  85/150 | train loss=0.0005 top1=1.000 | val loss=0.0019 | t=0.1s
[finetune_replay] ep  86/150 | train loss=0.0007 top1=1.000 | val loss=0.0018 | t=0.1s  *
[finetune_replay] ep  87/150 | train loss=0.0007 top1=1.000 | val loss=0.0018 | t=0.1s  *
[finetune_replay] ep  88/150 | train loss=0.0006 top1=1.000 | val loss=0.0019 | t=0.1s
[finetune_replay] ep  89/150 | train loss=0.0008 top1=1.000 | val loss=0.0020 | t=0.1s
[finetune_replay] ep  90/150 | train loss=0.0008 top1=1.000 | val loss=0.0021 | t=0.1s
[finetune_replay] ep  91/150 | train loss=0.0007 top1=1.000 | val loss=0.0020 | t=0.1s
[finetune_replay] ep  92/150 | train loss=0.0008 top1=1.000 | val loss=0.0020 | t=0.1s
[finetune_replay] ep  93/150 | train loss=0.0006 top1=1.000 | val loss=0.0020 | t=0.1s
[finetune_replay] ep  94/150 | train loss=0.0007 top1=1.000 | val loss=0.0021 | t=0.1s
[finetune_replay] ep  95/150 | train loss=0.0007 top1=1.000 | val loss=0.0021 | t=0.1s
[finetune_replay] ep  96/150 | train loss=0.0005 top1=1.000 | val loss=0.0021 | t=0.1s
[finetune_replay] ep  97/150 | train loss=0.0007 top1=1.000 | val loss=0.0019 | t=0.1s
[finetune_replay] ep  98/150 | train loss=0.0006 top1=1.000 | val loss=0.0019 | t=0.1s
[finetune_replay] ep  99/150 | train loss=0.0007 top1=1.000 | val loss=0.0018 | t=0.1s
[finetune_replay] ep 100/150 | train loss=0.0006 top1=1.000 | val loss=0.0017 | t=0.1s  *
[finetune_replay] ep 101/150 | train loss=0.0008 top1=1.000 | val loss=0.0019 | t=0.1s
[finetune_replay] ep 102/150 | train loss=0.0007 top1=1.000 | val loss=0.0018 | t=0.1s
[finetune_replay] ep 103/150 | train loss=0.0007 top1=1.000 | val loss=0.0019 | t=0.1s
[finetune_replay] ep 104/150 | train loss=0.0005 top1=1.000 | val loss=0.0019 | t=0.1s
[finetune_replay] ep 105/150 | train loss=0.0008 top1=1.000 | val loss=0.0020 | t=0.1s
[finetune_replay] ep 106/150 | train loss=0.0006 top1=1.000 | val loss=0.0021 | t=0.1s
[finetune_replay] ep 107/150 | train loss=0.0006 top1=1.000 | val loss=0.0020 | t=0.1s
[finetune_replay] ep 108/150 | train loss=0.0008 top1=1.000 | val loss=0.0020 | t=0.1s
[finetune_replay] ep 109/150 | train loss=0.0008 top1=1.000 | val loss=0.0019 | t=0.1s
[finetune_replay] ep 110/150 | train loss=0.0007 top1=1.000 | val loss=0.0019 | t=0.1s
[finetune_replay] ep 111/150 | train loss=0.0006 top1=1.000 | val loss=0.0019 | t=0.1s
[finetune_replay] ep 112/150 | train loss=0.0006 top1=1.000 | val loss=0.0019 | t=0.1s
[finetune_replay] ep 113/150 | train loss=0.0006 top1=1.000 | val loss=0.0018 | t=0.1s
[finetune_replay] ep 114/150 | train loss=0.0006 top1=1.000 | val loss=0.0018 | t=0.1s
[finetune_replay] ep 115/150 | train loss=0.0006 top1=1.000 | val loss=0.0017 | t=0.1s
[finetune_replay] ep 116/150 | train loss=0.0005 top1=1.000 | val loss=0.0018 | t=0.1s
[finetune_replay] ep 117/150 | train loss=0.0005 top1=1.000 | val loss=0.0018 | t=0.1s
[finetune_replay] ep 118/150 | train loss=0.0007 top1=1.000 | val loss=0.0019 | t=0.1s
[finetune_replay] ep 119/150 | train loss=0.0006 top1=1.000 | val loss=0.0018 | t=0.1s
[finetune_replay] ep 120/150 | train loss=0.0007 top1=1.000 | val loss=0.0018 | t=0.1s
[finetune_replay] ep 121/150 | train loss=0.0006 top1=1.000 | val loss=0.0018 | t=0.1s
[finetune_replay] ep 122/150 | train loss=0.0007 top1=1.000 | val loss=0.0018 | t=0.1s
[finetune_replay] ep 123/150 | train loss=0.0007 top1=1.000 | val loss=0.0019 | t=0.1s
[finetune_replay] ep 124/150 | train loss=0.0007 top1=1.000 | val loss=0.0019 | t=0.1s
[finetune_replay] ep 125/150 | train loss=0.0007 top1=1.000 | val loss=0.0018 | t=0.1s
[finetune_replay] ep 126/150 | train loss=0.0006 top1=1.000 | val loss=0.0017 | t=0.1s
[finetune_replay] ep 127/150 | train loss=0.0007 top1=1.000 | val loss=0.0018 | t=0.1s
[finetune_replay] ep 128/150 | train loss=0.0006 top1=1.000 | val loss=0.0017 | t=0.1s
[finetune_replay] ep 129/150 | train loss=0.0006 top1=1.000 | val loss=0.0018 | t=0.1s
[finetune_replay] ep 130/150 | train loss=0.0006 top1=1.000 | val loss=0.0018 | t=0.1s
[finetune_replay] ep 131/150 | train loss=0.0006 top1=1.000 | val loss=0.0017 | t=0.1s
[finetune_replay] ep 132/150 | train loss=0.0006 top1=1.000 | val loss=0.0017 | t=0.1s
[finetune_replay] ep 133/150 | train loss=0.0006 top1=1.000 | val loss=0.0017 | t=0.1s  *
[finetune_replay] ep 134/150 | train loss=0.0008 top1=1.000 | val loss=0.0017 | t=0.1s
[finetune_replay] ep 135/150 | train loss=0.0007 top1=1.000 | val loss=0.0017 | t=0.1s
[finetune_replay] ep 136/150 | train loss=0.0007 top1=1.000 | val loss=0.0017 | t=0.1s
[finetune_replay] ep 137/150 | train loss=0.0005 top1=1.000 | val loss=0.0017 | t=0.1s  *
[finetune_replay] ep 138/150 | train loss=0.0006 top1=1.000 | val loss=0.0018 | t=0.1s
[finetune_replay] ep 139/150 | train loss=0.0006 top1=1.000 | val loss=0.0017 | t=0.1s
[finetune_replay] ep 140/150 | train loss=0.0006 top1=1.000 | val loss=0.0018 | t=0.1s
[finetune_replay] ep 141/150 | train loss=0.0007 top1=1.000 | val loss=0.0018 | t=0.1s
[finetune_replay] ep 142/150 | train loss=0.0006 top1=1.000 | val loss=0.0019 | t=0.1s
[finetune_replay] ep 143/150 | train loss=0.0006 top1=1.000 | val loss=0.0018 | t=0.1s
[finetune_replay] ep 144/150 | train loss=0.0006 top1=1.000 | val loss=0.0019 | t=0.1s
[finetune_replay] ep 145/150 | train loss=0.0006 top1=1.000 | val loss=0.0018 | t=0.1s
[finetune_replay] ep 146/150 | train loss=0.0005 top1=1.000 | val loss=0.0018 | t=0.1s
[finetune_replay] ep 147/150 | train loss=0.0005 top1=1.000 | val loss=0.0019 | t=0.1s
[finetune_replay] ep 148/150 | train loss=0.0007 top1=1.000 | val loss=0.0019 | t=0.1s
[finetune_replay] ep 149/150 | train loss=0.0007 top1=1.000 | val loss=0.0019 | t=0.1s
[finetune_replay] ep 150/150 | train loss=0.0009 top1=1.000 | val loss=0.0019 | t=0.1s
[finetune_replay] DONE best_val_loss=0.0017 @ epoch 137
[20:03:29] [bo-budget] $ /home/s226137394/.conda/envs/maze/bin/python3 -u -m Equivariant_pathway.equivariant_CNN_hybrid.rollout_test --checkpoint /weka/s226137394/DmNfull/Equivariant_pathway/equivariant_CNN_hybrid/baseline_vs_p4/pool_x_selector/results_hpsweep/e150_lr5e-05_rm0.7_do0.1/run_1/p4_top3_rotate/checkpoints/best_hybrid_policy.pth --layouts /weka/s226137394/DmNfull/Equivariant_pathway/equivariant_CNN_hybrid/baseline_vs_p4/shared/heldout_layouts.yaml --out_dir /weka/s226137394/DmNfull/Equivariant_pathway/equivariant_CNN_hybrid/baseline_vs_p4/pool_x_selector/results_hpsweep/e150_lr5e-05_rm0.7_do0.1/run_1/p4_top3_rotate/results/eval_round_004 --seed 5 --max_steps 60
[hybrid-rollout] 200 unique; running 200 eps
[hybrid-rollout] loaded /weka/s226137394/DmNfull/Equivariant_pathway/equivariant_CNN_hybrid/baseline_vs_p4/pool_x_selector/results_hpsweep/e150_lr5e-05_rm0.7_do0.1/run_1/p4_top3_rotate/checkpoints/best_hybrid_policy.pth
[hybrid-rollout] ep 0 (heldout_001): steps=5 success=True
[hybrid-rollout] ep 1 (heldout_002): steps=4 success=True
[hybrid-rollout] ep 2 (heldout_003): steps=8 success=True
[hybrid-rollout] ep 3 (heldout_004): steps=6 success=True
[hybrid-rollout] ep 4 (heldout_005): steps=5 success=True
[hybrid-rollout] ep 5 (heldout_006): steps=3 success=False
[hybrid-rollout] ep 6 (heldout_007): steps=5 success=True
[hybrid-rollout] ep 7 (heldout_008): steps=4 success=True
[hybrid-rollout] ep 8 (heldout_009): steps=2 success=False
[hybrid-rollout] ep 9 (heldout_010): steps=60 success=False
[hybrid-rollout] ep 10 (heldout_011): steps=4 success=True
[hybrid-rollout] ep 11 (heldout_012): steps=4 success=True
[hybrid-rollout] ep 12 (heldout_013): steps=5 success=True
[hybrid-rollout] ep 13 (heldout_014): steps=5 success=True
[hybrid-rollout] ep 14 (heldout_015): steps=4 success=True
[hybrid-rollout] ep 15 (heldout_016): steps=5 success=True
[hybrid-rollout] ep 16 (heldout_017): steps=4 success=True
[hybrid-rollout] ep 17 (heldout_018): steps=60 success=False
[hybrid-rollout] ep 18 (heldout_019): steps=5 success=True
[hybrid-rollout] ep 19 (heldout_020): steps=5 success=True
[hybrid-rollout] ep 20 (heldout_021): steps=4 success=True
[hybrid-rollout] ep 21 (heldout_022): steps=4 success=True
[hybrid-rollout] ep 22 (heldout_023): steps=7 success=True
[hybrid-rollout] ep 23 (heldout_024): steps=60 success=False
[hybrid-rollout] ep 24 (heldout_025): steps=4 success=True
[hybrid-rollout] ep 25 (heldout_026): steps=4 success=True
[hybrid-rollout] ep 26 (heldout_027): steps=4 success=True
[hybrid-rollout] ep 27 (heldout_028): steps=4 success=True
[hybrid-rollout] ep 28 (heldout_029): steps=7 success=True
[hybrid-rollout] ep 29 (heldout_030): steps=60 success=False
[hybrid-rollout] ep 30 (heldout_031): steps=5 success=True
[hybrid-rollout] ep 31 (heldout_032): steps=5 success=True
[hybrid-rollout] ep 32 (heldout_033): steps=4 success=True
[hybrid-rollout] ep 33 (heldout_034): steps=60 success=False
[hybrid-rollout] ep 34 (heldout_035): steps=60 success=False
[hybrid-rollout] ep 35 (heldout_036): steps=5 success=True
[hybrid-rollout] ep 36 (heldout_037): steps=4 success=True
[hybrid-rollout] ep 37 (heldout_038): steps=5 success=True
[hybrid-rollout] ep 38 (heldout_039): steps=6 success=True
[hybrid-rollout] ep 39 (heldout_040): steps=5 success=True
[hybrid-rollout] ep 40 (heldout_041): steps=6 success=True
[hybrid-rollout] ep 41 (heldout_042): steps=4 success=True
[hybrid-rollout] ep 42 (heldout_043): steps=4 success=True
[hybrid-rollout] ep 43 (heldout_044): steps=5 success=True
[hybrid-rollout] ep 44 (heldout_045): steps=5 success=True
[hybrid-rollout] ep 45 (heldout_046): steps=4 success=True
[hybrid-rollout] ep 46 (heldout_047): steps=6 success=True
[hybrid-rollout] ep 47 (heldout_048): steps=6 success=True
[hybrid-rollout] ep 48 (heldout_049): steps=60 success=False
[hybrid-rollout] ep 49 (heldout_050): steps=4 success=True
[hybrid-rollout] ep 50 (heldout_051): steps=4 success=True
[hybrid-rollout] ep 51 (heldout_052): steps=4 success=True
[hybrid-rollout] ep 52 (heldout_053): steps=6 success=True
[hybrid-rollout] ep 53 (heldout_054): steps=4 success=True
[hybrid-rollout] ep 54 (heldout_055): steps=60 success=False
[hybrid-rollout] ep 55 (heldout_056): steps=4 success=True
[hybrid-rollout] ep 56 (heldout_057): steps=4 success=True
[hybrid-rollout] ep 57 (heldout_058): steps=4 success=True
[hybrid-rollout] ep 58 (heldout_059): steps=5 success=True
[hybrid-rollout] ep 59 (heldout_060): steps=6 success=True
[hybrid-rollout] ep 60 (heldout_061): steps=5 success=True
[hybrid-rollout] ep 61 (heldout_062): steps=6 success=True
[hybrid-rollout] ep 62 (heldout_063): steps=5 success=True
[hybrid-rollout] ep 63 (heldout_064): steps=4 success=True
[hybrid-rollout] ep 64 (heldout_065): steps=3 success=False
[hybrid-rollout] ep 65 (heldout_066): steps=6 success=True
[hybrid-rollout] ep 66 (heldout_067): steps=5 success=True
[hybrid-rollout] ep 67 (heldout_068): steps=4 success=True
[hybrid-rollout] ep 68 (heldout_069): steps=4 success=True
[hybrid-rollout] ep 69 (heldout_070): steps=60 success=False
[hybrid-rollout] ep 70 (heldout_071): steps=5 success=True
[hybrid-rollout] ep 71 (heldout_072): steps=5 success=True
[hybrid-rollout] ep 72 (heldout_073): steps=60 success=False
[hybrid-rollout] ep 73 (heldout_074): steps=4 success=True
[hybrid-rollout] ep 74 (heldout_075): steps=5 success=True
[hybrid-rollout] ep 75 (heldout_076): steps=60 success=False
[hybrid-rollout] ep 76 (heldout_077): steps=4 success=True
[hybrid-rollout] ep 77 (heldout_078): steps=3 success=False
[hybrid-rollout] ep 78 (heldout_079): steps=4 success=True
[hybrid-rollout] ep 79 (heldout_080): steps=4 success=True
[hybrid-rollout] ep 80 (heldout_081): steps=5 success=True
[hybrid-rollout] ep 81 (heldout_082): steps=5 success=True
[hybrid-rollout] ep 82 (heldout_083): steps=4 success=True
[hybrid-rollout] ep 83 (heldout_084): steps=1 success=False
[hybrid-rollout] ep 84 (heldout_085): steps=60 success=False
[hybrid-rollout] ep 85 (heldout_086): steps=6 success=True
[hybrid-rollout] ep 86 (heldout_087): steps=5 success=True
[hybrid-rollout] ep 87 (heldout_088): steps=4 success=True
[hybrid-rollout] ep 88 (heldout_089): steps=3 success=False
[hybrid-rollout] ep 89 (heldout_090): steps=1 success=False
[hybrid-rollout] ep 90 (heldout_091): steps=5 success=True
[hybrid-rollout] ep 91 (heldout_092): steps=2 success=False
[hybrid-rollout] ep 92 (heldout_093): steps=1 success=False
[hybrid-rollout] ep 93 (heldout_094): steps=6 success=True
[hybrid-rollout] ep 94 (heldout_095): steps=7 success=True
[hybrid-rollout] ep 95 (heldout_096): steps=5 success=True
[hybrid-rollout] ep 96 (heldout_097): steps=5 success=True
[hybrid-rollout] ep 97 (heldout_098): steps=1 success=False
[hybrid-rollout] ep 98 (heldout_099): steps=60 success=False
[hybrid-rollout] ep 99 (heldout_100): steps=8 success=True
[hybrid-rollout] ep 100 (heldout_101): steps=4 success=True
[hybrid-rollout] ep 101 (heldout_102): steps=4 success=True
[hybrid-rollout] ep 102 (heldout_103): steps=4 success=True
[hybrid-rollout] ep 103 (heldout_104): steps=6 success=True
[hybrid-rollout] ep 104 (heldout_105): steps=4 success=True
[hybrid-rollout] ep 105 (heldout_106): steps=60 success=False
[hybrid-rollout] ep 106 (heldout_107): steps=4 success=True
[hybrid-rollout] ep 107 (heldout_108): steps=4 success=True
[hybrid-rollout] ep 108 (heldout_109): steps=4 success=True
[hybrid-rollout] ep 109 (heldout_110): steps=6 success=True
[hybrid-rollout] ep 110 (heldout_111): steps=60 success=False
[hybrid-rollout] ep 111 (heldout_112): steps=5 success=True
[hybrid-rollout] ep 112 (heldout_113): steps=5 success=True
[hybrid-rollout] ep 113 (heldout_114): steps=4 success=True
[hybrid-rollout] ep 114 (heldout_115): steps=4 success=True
[hybrid-rollout] ep 115 (heldout_116): steps=5 success=True
[hybrid-rollout] ep 116 (heldout_117): steps=7 success=True
[hybrid-rollout] ep 117 (heldout_118): steps=60 success=False
[hybrid-rollout] ep 118 (heldout_119): steps=4 success=True
[hybrid-rollout] ep 119 (heldout_120): steps=7 success=True
[hybrid-rollout] ep 120 (heldout_121): steps=4 success=True
[hybrid-rollout] ep 121 (heldout_122): steps=4 success=True
[hybrid-rollout] ep 122 (heldout_123): steps=6 success=True
[hybrid-rollout] ep 123 (heldout_124): steps=60 success=False
[hybrid-rollout] ep 124 (heldout_125): steps=4 success=True
[hybrid-rollout] ep 125 (heldout_126): steps=4 success=True
[hybrid-rollout] ep 126 (heldout_127): steps=60 success=False
[hybrid-rollout] ep 127 (heldout_128): steps=7 success=True
[hybrid-rollout] ep 128 (heldout_129): steps=4 success=True
[hybrid-rollout] ep 129 (heldout_130): steps=4 success=True
[hybrid-rollout] ep 130 (heldout_131): steps=1 success=False
[hybrid-rollout] ep 131 (heldout_132): steps=4 success=True
[hybrid-rollout] ep 132 (heldout_133): steps=4 success=True
[hybrid-rollout] ep 133 (heldout_134): steps=7 success=True
[hybrid-rollout] ep 134 (heldout_135): steps=6 success=True
[hybrid-rollout] ep 135 (heldout_136): steps=5 success=True
[hybrid-rollout] ep 136 (heldout_137): steps=5 success=True
[hybrid-rollout] ep 137 (heldout_138): steps=4 success=True
[hybrid-rollout] ep 138 (heldout_139): steps=4 success=True
[hybrid-rollout] ep 139 (heldout_140): steps=5 success=True
[hybrid-rollout] ep 140 (heldout_141): steps=5 success=True
[hybrid-rollout] ep 141 (heldout_142): steps=2 success=False
[hybrid-rollout] ep 142 (heldout_143): steps=6 success=True
[hybrid-rollout] ep 143 (heldout_144): steps=4 success=True
[hybrid-rollout] ep 144 (heldout_145): steps=5 success=True
[hybrid-rollout] ep 145 (heldout_146): steps=7 success=True
[hybrid-rollout] ep 146 (heldout_147): steps=4 success=True
[hybrid-rollout] ep 147 (heldout_148): steps=60 success=False
[hybrid-rollout] ep 148 (heldout_149): steps=5 success=True
[hybrid-rollout] ep 149 (heldout_150): steps=4 success=True
[hybrid-rollout] ep 150 (heldout_151): steps=5 success=True
[hybrid-rollout] ep 151 (heldout_152): steps=6 success=True
[hybrid-rollout] ep 152 (heldout_153): steps=2 success=False
[hybrid-rollout] ep 153 (heldout_154): steps=60 success=False
[hybrid-rollout] ep 154 (heldout_155): steps=60 success=False
[hybrid-rollout] ep 155 (heldout_156): steps=4 success=False
[hybrid-rollout] ep 156 (heldout_157): steps=60 success=False
[hybrid-rollout] ep 157 (heldout_158): steps=3 success=False
[hybrid-rollout] ep 158 (heldout_159): steps=6 success=True
[hybrid-rollout] ep 159 (heldout_160): steps=60 success=False
[hybrid-rollout] ep 160 (heldout_161): steps=60 success=False
[hybrid-rollout] ep 161 (heldout_162): steps=5 success=True
[hybrid-rollout] ep 162 (heldout_163): steps=4 success=True
[hybrid-rollout] ep 163 (heldout_164): steps=60 success=False
[hybrid-rollout] ep 164 (heldout_165): steps=5 success=True
[hybrid-rollout] ep 165 (heldout_166): steps=4 success=True
[hybrid-rollout] ep 166 (heldout_167): steps=60 success=False
[hybrid-rollout] ep 167 (heldout_168): steps=4 success=True
[hybrid-rollout] ep 168 (heldout_169): steps=4 success=False
[hybrid-rollout] ep 169 (heldout_170): steps=6 success=True
[hybrid-rollout] ep 170 (heldout_171): steps=4 success=True
[hybrid-rollout] ep 171 (heldout_172): steps=5 success=True
[hybrid-rollout] ep 172 (heldout_173): steps=4 success=True
[hybrid-rollout] ep 173 (heldout_174): steps=5 success=True
[hybrid-rollout] ep 174 (heldout_175): steps=7 success=True
[hybrid-rollout] ep 175 (heldout_176): steps=8 success=True
[hybrid-rollout] ep 176 (heldout_177): steps=6 success=True
[hybrid-rollout] ep 177 (heldout_178): steps=1 success=False
[hybrid-rollout] ep 178 (heldout_179): steps=5 success=True
[hybrid-rollout] ep 179 (heldout_180): steps=4 success=True
[hybrid-rollout] ep 180 (heldout_181): steps=5 success=True
[hybrid-rollout] ep 181 (heldout_182): steps=60 success=False
[hybrid-rollout] ep 182 (heldout_183): steps=5 success=True
[hybrid-rollout] ep 183 (heldout_184): steps=7 success=True
[hybrid-rollout] ep 184 (heldout_185): steps=5 success=True
[hybrid-rollout] ep 185 (heldout_186): steps=4 success=True
[hybrid-rollout] ep 186 (heldout_187): steps=5 success=True
[hybrid-rollout] ep 187 (heldout_188): steps=5 success=True
[hybrid-rollout] ep 188 (heldout_189): steps=5 success=True
[hybrid-rollout] ep 189 (heldout_190): steps=7 success=True
[hybrid-rollout] ep 190 (heldout_191): steps=4 success=True
[hybrid-rollout] ep 191 (heldout_192): steps=5 success=True
[hybrid-rollout] ep 192 (heldout_193): steps=7 success=True
[hybrid-rollout] ep 193 (heldout_194): steps=6 success=True
[hybrid-rollout] ep 194 (heldout_195): steps=5 success=True
[hybrid-rollout] ep 195 (heldout_196): steps=4 success=True
[hybrid-rollout] ep 196 (heldout_197): steps=5 success=True
[hybrid-rollout] ep 197 (heldout_198): steps=60 success=False
[hybrid-rollout] ep 198 (heldout_199): steps=4 success=True
[hybrid-rollout] ep 199 (heldout_200): steps=4 success=True
[hybrid-rollout] DONE successes=155/200
[20:04:41] [replay_p4] run 1 round 4: extras=4 heldout_sr=0.775
[20:04:41] [replay_p4] $ /home/s226137394/.conda/envs/maze/bin/python3 -u -m Equivariant_pathway.equivariant_CNN_hybrid.baseline_vs_p4.pool_x_selector.trainer.finetune_replay --demo_dir /weka/s226137394/DmNfull/Equivariant_pathway/equivariant_CNN_hybrid/baseline_vs_p4/pool_x_selector/results_hpsweep/e150_lr5e-05_rm0.7_do0.1/run_1/p4_top3_rotate/demos --checkpoint_dir /weka/s226137394/DmNfull/Equivariant_pathway/equivariant_CNN_hybrid/baseline_vs_p4/pool_x_selector/results_hpsweep/e150_lr5e-05_rm0.7_do0.1/run_1/p4_top3_rotate/checkpoints --epochs 150 --batch_size 64 --lr 5e-05 --weight_decay 0.0001 --replay_mix 0.7 --replay_mix_floor 0.2 --head_dropout 0.1 --seed 1 --resume --new_demos_dir /weka/s226137394/DmNfull/Equivariant_pathway/equivariant_CNN_hybrid/baseline_vs_p4/pool_x_selector/results_hpsweep/e150_lr5e-05_rm0.7_do0.1/run_1/p4_top3_rotate/demos/round_005
[finetune_replay] device=cuda demo_dir=/weka/s226137394/DmNfull/Equivariant_pathway/equivariant_CNN_hybrid/baseline_vs_p4/pool_x_selector/results_hpsweep/e150_lr5e-05_rm0.7_do0.1/run_1/p4_top3_rotate/demos new_demos_dir=/weka/s226137394/DmNfull/Equivariant_pathway/equivariant_CNN_hybrid/baseline_vs_p4/pool_x_selector/results_hpsweep/e150_lr5e-05_rm0.7_do0.1/run_1/p4_top3_rotate/demos/round_005
[hybrid-dataset] 24 demos -> 124 samples
[hybrid-dataset] 1 demos -> 6 samples
[finetune_replay] sampler audit: {'n_old_samples': 124, 'n_new_samples': 6, 'replay_mix_target': 0.7, 'replay_mix_effective': 0.7, 'replay_mix_floor': 0.2}
[finetune_replay] trainable params: 1,400,028
[finetune_replay] WARM START from last_hybrid_policy.pth
[finetune_replay] ep   1/150 | train loss=0.1580 top1=0.949 | val loss=0.0983 | t=0.7s  *
[finetune_replay] ep   2/150 | train loss=0.2052 top1=0.974 | val loss=0.0081 | t=0.1s  *
[finetune_replay] ep   3/150 | train loss=0.0699 top1=0.991 | val loss=0.0006 | t=0.1s  *
[finetune_replay] ep   4/150 | train loss=0.0164 top1=1.000 | val loss=0.0018 | t=0.2s
[finetune_replay] ep   5/150 | train loss=0.0234 top1=1.000 | val loss=0.0009 | t=0.1s
[finetune_replay] ep   6/150 | train loss=0.0116 top1=1.000 | val loss=0.0020 | t=0.1s
[finetune_replay] ep   7/150 | train loss=0.0116 top1=1.000 | val loss=0.0026 | t=0.1s
[finetune_replay] ep   8/150 | train loss=0.0111 top1=1.000 | val loss=0.0007 | t=0.1s
[finetune_replay] ep   9/150 | train loss=0.0051 top1=1.000 | val loss=0.0008 | t=0.1s
[finetune_replay] ep  10/150 | train loss=0.0042 top1=1.000 | val loss=0.0009 | t=0.1s
[finetune_replay] ep  11/150 | train loss=0.0028 top1=1.000 | val loss=0.0007 | t=0.1s
[finetune_replay] ep  12/150 | train loss=0.0033 top1=1.000 | val loss=0.0005 | t=0.1s  *
[finetune_replay] ep  13/150 | train loss=0.0034 top1=1.000 | val loss=0.0005 | t=0.1s  *
[finetune_replay] ep  14/150 | train loss=0.0016 top1=1.000 | val loss=0.0005 | t=0.1s  *
[finetune_replay] ep  15/150 | train loss=0.0013 top1=1.000 | val loss=0.0004 | t=0.1s  *
[finetune_replay] ep  16/150 | train loss=0.0023 top1=1.000 | val loss=0.0004 | t=0.1s  *
[finetune_replay] ep  17/150 | train loss=0.0019 top1=1.000 | val loss=0.0004 | t=0.1s  *
[finetune_replay] ep  18/150 | train loss=0.0018 top1=1.000 | val loss=0.0004 | t=0.1s
[finetune_replay] ep  19/150 | train loss=0.0020 top1=1.000 | val loss=0.0004 | t=0.1s  *
[finetune_replay] ep  20/150 | train loss=0.0016 top1=1.000 | val loss=0.0004 | t=0.1s  *
[finetune_replay] ep  21/150 | train loss=0.0015 top1=1.000 | val loss=0.0004 | t=0.1s
[finetune_replay] ep  22/150 | train loss=0.0015 top1=1.000 | val loss=0.0004 | t=0.1s
[finetune_replay] ep  23/150 | train loss=0.0018 top1=1.000 | val loss=0.0003 | t=0.1s  *
[finetune_replay] ep  24/150 | train loss=0.0015 top1=1.000 | val loss=0.0003 | t=0.1s  *
[finetune_replay] ep  25/150 | train loss=0.0009 top1=1.000 | val loss=0.0003 | t=0.1s
[finetune_replay] ep  26/150 | train loss=0.0016 top1=1.000 | val loss=0.0003 | t=0.1s
[finetune_replay] ep  27/150 | train loss=0.0019 top1=1.000 | val loss=0.0004 | t=0.1s
[finetune_replay] ep  28/150 | train loss=0.0014 top1=1.000 | val loss=0.0005 | t=0.1s
[finetune_replay] ep  29/150 | train loss=0.0021 top1=1.000 | val loss=0.0004 | t=0.1s
[finetune_replay] ep  30/150 | train loss=0.0011 top1=1.000 | val loss=0.0004 | t=0.1s
[finetune_replay] ep  31/150 | train loss=0.0011 top1=1.000 | val loss=0.0004 | t=0.1s
[finetune_replay] ep  32/150 | train loss=0.0010 top1=1.000 | val loss=0.0004 | t=0.1s
[finetune_replay] ep  33/150 | train loss=0.0025 top1=1.000 | val loss=0.0003 | t=0.1s
[finetune_replay] ep  34/150 | train loss=0.0015 top1=1.000 | val loss=0.0004 | t=0.1s
[finetune_replay] ep  35/150 | train loss=0.0014 top1=1.000 | val loss=0.0003 | t=0.1s  *
[finetune_replay] ep  36/150 | train loss=0.0010 top1=1.000 | val loss=0.0003 | t=0.1s
[finetune_replay] ep  37/150 | train loss=0.0008 top1=1.000 | val loss=0.0004 | t=0.1s
[finetune_replay] ep  38/150 | train loss=0.0013 top1=1.000 | val loss=0.0004 | t=0.1s
[finetune_replay] ep  39/150 | train loss=0.0010 top1=1.000 | val loss=0.0003 | t=0.1s
[finetune_replay] ep  40/150 | train loss=0.0009 top1=1.000 | val loss=0.0003 | t=0.1s
[finetune_replay] ep  41/150 | train loss=0.0011 top1=1.000 | val loss=0.0003 | t=0.1s  *
[finetune_replay] ep  42/150 | train loss=0.0009 top1=1.000 | val loss=0.0003 | t=0.1s  *
[finetune_replay] ep  43/150 | train loss=0.0008 top1=1.000 | val loss=0.0003 | t=0.1s  *
[finetune_replay] ep  44/150 | train loss=0.0010 top1=1.000 | val loss=0.0003 | t=0.1s
[finetune_replay] ep  45/150 | train loss=0.0008 top1=1.000 | val loss=0.0003 | t=0.1s
[finetune_replay] ep  46/150 | train loss=0.0010 top1=1.000 | val loss=0.0003 | t=0.1s
[finetune_replay] ep  47/150 | train loss=0.0007 top1=1.000 | val loss=0.0003 | t=0.1s
[finetune_replay] ep  48/150 | train loss=0.0008 top1=1.000 | val loss=0.0003 | t=0.1s
[finetune_replay] ep  49/150 | train loss=0.0006 top1=1.000 | val loss=0.0003 | t=0.1s
[finetune_replay] ep  50/150 | train loss=0.0006 top1=1.000 | val loss=0.0003 | t=0.1s
[finetune_replay] ep  51/150 | train loss=0.0008 top1=1.000 | val loss=0.0003 | t=0.1s
[finetune_replay] ep  52/150 | train loss=0.0009 top1=1.000 | val loss=0.0003 | t=0.1s
[finetune_replay] ep  53/150 | train loss=0.0007 top1=1.000 | val loss=0.0003 | t=0.1s
[finetune_replay] ep  54/150 | train loss=0.0007 top1=1.000 | val loss=0.0003 | t=0.1s
[finetune_replay] ep  55/150 | train loss=0.0008 top1=1.000 | val loss=0.0003 | t=0.1s  *
[finetune_replay] ep  56/150 | train loss=0.0007 top1=1.000 | val loss=0.0003 | t=0.1s  *
[finetune_replay] ep  57/150 | train loss=0.0008 top1=1.000 | val loss=0.0003 | t=0.1s  *
[finetune_replay] ep  58/150 | train loss=0.0007 top1=1.000 | val loss=0.0003 | t=0.1s
[finetune_replay] ep  59/150 | train loss=0.0008 top1=1.000 | val loss=0.0003 | t=0.1s
[finetune_replay] ep  60/150 | train loss=0.0007 top1=1.000 | val loss=0.0003 | t=0.1s
[finetune_replay] ep  61/150 | train loss=0.0008 top1=1.000 | val loss=0.0003 | t=0.1s
[finetune_replay] ep  62/150 | train loss=0.0006 top1=1.000 | val loss=0.0003 | t=0.1s
[finetune_replay] ep  63/150 | train loss=0.0006 top1=1.000 | val loss=0.0003 | t=0.1s
[finetune_replay] ep  64/150 | train loss=0.0006 top1=1.000 | val loss=0.0003 | t=0.1s
[finetune_replay] ep  65/150 | train loss=0.0009 top1=1.000 | val loss=0.0003 | t=0.1s
[finetune_replay] ep  66/150 | train loss=0.0008 top1=1.000 | val loss=0.0003 | t=0.1s
[finetune_replay] ep  67/150 | train loss=0.0007 top1=1.000 | val loss=0.0003 | t=0.1s
[finetune_replay] ep  68/150 | train loss=0.0007 top1=1.000 | val loss=0.0003 | t=0.1s
[finetune_replay] ep  69/150 | train loss=0.0008 top1=1.000 | val loss=0.0003 | t=0.1s
[finetune_replay] ep  70/150 | train loss=0.0006 top1=1.000 | val loss=0.0003 | t=0.1s
[finetune_replay] ep  71/150 | train loss=0.0005 top1=1.000 | val loss=0.0003 | t=0.1s
[finetune_replay] ep  72/150 | train loss=0.0006 top1=1.000 | val loss=0.0003 | t=0.1s
[finetune_replay] ep  73/150 | train loss=0.0010 top1=1.000 | val loss=0.0003 | t=0.1s
[finetune_replay] ep  74/150 | train loss=0.0006 top1=1.000 | val loss=0.0003 | t=0.1s
[finetune_replay] ep  75/150 | train loss=0.0006 top1=1.000 | val loss=0.0003 | t=0.1s
[finetune_replay] ep  76/150 | train loss=0.0009 top1=1.000 | val loss=0.0003 | t=0.1s
[finetune_replay] ep  77/150 | train loss=0.0004 top1=1.000 | val loss=0.0003 | t=0.1s
[finetune_replay] ep  78/150 | train loss=0.0005 top1=1.000 | val loss=0.0003 | t=0.1s
[finetune_replay] ep  79/150 | train loss=0.0006 top1=1.000 | val loss=0.0003 | t=0.1s
[finetune_replay] ep  80/150 | train loss=0.0006 top1=1.000 | val loss=0.0003 | t=0.1s
[finetune_replay] ep  81/150 | train loss=0.0007 top1=1.000 | val loss=0.0003 | t=0.1s
[finetune_replay] ep  82/150 | train loss=0.0009 top1=1.000 | val loss=0.0003 | t=0.1s
[finetune_replay] ep  83/150 | train loss=0.0004 top1=1.000 | val loss=0.0003 | t=0.1s
[finetune_replay] ep  84/150 | train loss=0.0005 top1=1.000 | val loss=0.0003 | t=0.1s  *
[finetune_replay] ep  85/150 | train loss=0.0004 top1=1.000 | val loss=0.0003 | t=0.1s
[finetune_replay] ep  86/150 | train loss=0.0006 top1=1.000 | val loss=0.0003 | t=0.1s  *
[finetune_replay] ep  87/150 | train loss=0.0006 top1=1.000 | val loss=0.0003 | t=0.1s  *
[finetune_replay] ep  88/150 | train loss=0.0005 top1=1.000 | val loss=0.0003 | t=0.1s  *
[finetune_replay] ep  89/150 | train loss=0.0007 top1=1.000 | val loss=0.0003 | t=0.1s
[finetune_replay] ep  90/150 | train loss=0.0005 top1=1.000 | val loss=0.0003 | t=0.1s
[finetune_replay] ep  91/150 | train loss=0.0005 top1=1.000 | val loss=0.0003 | t=0.1s
[finetune_replay] ep  92/150 | train loss=0.0006 top1=1.000 | val loss=0.0003 | t=0.1s
[finetune_replay] ep  93/150 | train loss=0.0006 top1=1.000 | val loss=0.0003 | t=0.1s
[finetune_replay] ep  94/150 | train loss=0.0009 top1=1.000 | val loss=0.0003 | t=0.1s
[finetune_replay] ep  95/150 | train loss=0.0004 top1=1.000 | val loss=0.0003 | t=0.1s
[finetune_replay] ep  96/150 | train loss=0.0006 top1=1.000 | val loss=0.0003 | t=0.1s
[finetune_replay] ep  97/150 | train loss=0.0005 top1=1.000 | val loss=0.0003 | t=0.1s
[finetune_replay] ep  98/150 | train loss=0.0005 top1=1.000 | val loss=0.0003 | t=0.1s
[finetune_replay] ep  99/150 | train loss=0.0007 top1=1.000 | val loss=0.0003 | t=0.1s
[finetune_replay] ep 100/150 | train loss=0.0004 top1=1.000 | val loss=0.0003 | t=0.1s
[finetune_replay] ep 101/150 | train loss=0.0006 top1=1.000 | val loss=0.0003 | t=0.1s  *
[finetune_replay] ep 102/150 | train loss=0.0005 top1=1.000 | val loss=0.0002 | t=0.1s  *
[finetune_replay] ep 103/150 | train loss=0.0005 top1=1.000 | val loss=0.0002 | t=0.1s  *
[finetune_replay] ep 104/150 | train loss=0.0008 top1=1.000 | val loss=0.0003 | t=0.1s
[finetune_replay] ep 105/150 | train loss=0.0005 top1=1.000 | val loss=0.0003 | t=0.1s
[finetune_replay] ep 106/150 | train loss=0.0005 top1=1.000 | val loss=0.0003 | t=0.1s
[finetune_replay] ep 107/150 | train loss=0.0005 top1=1.000 | val loss=0.0003 | t=0.1s
[finetune_replay] ep 108/150 | train loss=0.0006 top1=1.000 | val loss=0.0003 | t=0.1s
[finetune_replay] ep 109/150 | train loss=0.0005 top1=1.000 | val loss=0.0003 | t=0.1s
[finetune_replay] ep 110/150 | train loss=0.0006 top1=1.000 | val loss=0.0003 | t=0.1s
[finetune_replay] ep 111/150 | train loss=0.0006 top1=1.000 | val loss=0.0003 | t=0.1s
[finetune_replay] ep 112/150 | train loss=0.0007 top1=1.000 | val loss=0.0003 | t=0.1s
[finetune_replay] ep 113/150 | train loss=0.0005 top1=1.000 | val loss=0.0003 | t=0.1s
[finetune_replay] ep 114/150 | train loss=0.0006 top1=1.000 | val loss=0.0003 | t=0.1s
[finetune_replay] ep 115/150 | train loss=0.0005 top1=1.000 | val loss=0.0003 | t=0.1s
[finetune_replay] ep 116/150 | train loss=0.0005 top1=1.000 | val loss=0.0003 | t=0.1s
[finetune_replay] ep 117/150 | train loss=0.0008 top1=1.000 | val loss=0.0003 | t=0.1s
[finetune_replay] ep 118/150 | train loss=0.0007 top1=1.000 | val loss=0.0003 | t=0.1s
[finetune_replay] ep 119/150 | train loss=0.0005 top1=1.000 | val loss=0.0003 | t=0.1s
[finetune_replay] ep 120/150 | train loss=0.0008 top1=1.000 | val loss=0.0003 | t=0.1s
[finetune_replay] ep 121/150 | train loss=0.0006 top1=1.000 | val loss=0.0003 | t=0.1s
[finetune_replay] ep 122/150 | train loss=0.0005 top1=1.000 | val loss=0.0003 | t=0.1s
[finetune_replay] ep 123/150 | train loss=0.0005 top1=1.000 | val loss=0.0002 | t=0.1s
[finetune_replay] ep 124/150 | train loss=0.0004 top1=1.000 | val loss=0.0003 | t=0.1s
[finetune_replay] ep 125/150 | train loss=0.0005 top1=1.000 | val loss=0.0003 | t=0.1s
[finetune_replay] ep 126/150 | train loss=0.0006 top1=1.000 | val loss=0.0003 | t=0.1s
[finetune_replay] ep 127/150 | train loss=0.0007 top1=1.000 | val loss=0.0003 | t=0.1s
[finetune_replay] ep 128/150 | train loss=0.0005 top1=1.000 | val loss=0.0003 | t=0.1s
[finetune_replay] ep 129/150 | train loss=0.0008 top1=1.000 | val loss=0.0003 | t=0.1s
[finetune_replay] ep 130/150 | train loss=0.0004 top1=1.000 | val loss=0.0003 | t=0.1s
[finetune_replay] ep 131/150 | train loss=0.0004 top1=1.000 | val loss=0.0003 | t=0.1s
[finetune_replay] ep 132/150 | train loss=0.0006 top1=1.000 | val loss=0.0003 | t=0.1s
[finetune_replay] ep 133/150 | train loss=0.0007 top1=1.000 | val loss=0.0003 | t=0.1s
[finetune_replay] ep 134/150 | train loss=0.0006 top1=1.000 | val loss=0.0003 | t=0.1s
[finetune_replay] ep 135/150 | train loss=0.0007 top1=1.000 | val loss=0.0003 | t=0.1s
[finetune_replay] ep 136/150 | train loss=0.0006 top1=1.000 | val loss=0.0003 | t=0.1s
[finetune_replay] ep 137/150 | train loss=0.0005 top1=1.000 | val loss=0.0003 | t=0.1s
[finetune_replay] ep 138/150 | train loss=0.0006 top1=1.000 | val loss=0.0003 | t=0.1s
[finetune_replay] ep 139/150 | train loss=0.0005 top1=1.000 | val loss=0.0003 | t=0.1s
[finetune_replay] ep 140/150 | train loss=0.0005 top1=1.000 | val loss=0.0002 | t=0.1s
[finetune_replay] ep 141/150 | train loss=0.0005 top1=1.000 | val loss=0.0002 | t=0.1s
[finetune_replay] ep 142/150 | train loss=0.0005 top1=1.000 | val loss=0.0003 | t=0.1s
[finetune_replay] ep 143/150 | train loss=0.0007 top1=1.000 | val loss=0.0003 | t=0.1s
[finetune_replay] ep 144/150 | train loss=0.0005 top1=1.000 | val loss=0.0003 | t=0.1s
[finetune_replay] ep 145/150 | train loss=0.0007 top1=1.000 | val loss=0.0003 | t=0.1s
[finetune_replay] ep 146/150 | train loss=0.0006 top1=1.000 | val loss=0.0003 | t=0.1s
[finetune_replay] ep 147/150 | train loss=0.0005 top1=1.000 | val loss=0.0003 | t=0.1s
[finetune_replay] ep 148/150 | train loss=0.0005 top1=1.000 | val loss=0.0003 | t=0.1s
[finetune_replay] ep 149/150 | train loss=0.0004 top1=1.000 | val loss=0.0003 | t=0.1s
[finetune_replay] ep 150/150 | train loss=0.0006 top1=1.000 | val loss=0.0002 | t=0.1s
[finetune_replay] DONE best_val_loss=0.0002 @ epoch 103
[20:05:10] [bo-budget] $ /home/s226137394/.conda/envs/maze/bin/python3 -u -m Equivariant_pathway.equivariant_CNN_hybrid.rollout_test --checkpoint /weka/s226137394/DmNfull/Equivariant_pathway/equivariant_CNN_hybrid/baseline_vs_p4/pool_x_selector/results_hpsweep/e150_lr5e-05_rm0.7_do0.1/run_1/p4_top3_rotate/checkpoints/best_hybrid_policy.pth --layouts /weka/s226137394/DmNfull/Equivariant_pathway/equivariant_CNN_hybrid/baseline_vs_p4/shared/heldout_layouts.yaml --out_dir /weka/s226137394/DmNfull/Equivariant_pathway/equivariant_CNN_hybrid/baseline_vs_p4/pool_x_selector/results_hpsweep/e150_lr5e-05_rm0.7_do0.1/run_1/p4_top3_rotate/results/eval_round_005 --seed 6 --max_steps 60
[hybrid-rollout] 200 unique; running 200 eps
[hybrid-rollout] loaded /weka/s226137394/DmNfull/Equivariant_pathway/equivariant_CNN_hybrid/baseline_vs_p4/pool_x_selector/results_hpsweep/e150_lr5e-05_rm0.7_do0.1/run_1/p4_top3_rotate/checkpoints/best_hybrid_policy.pth
[hybrid-rollout] ep 0 (heldout_001): steps=5 success=True
[hybrid-rollout] ep 1 (heldout_002): steps=4 success=True
[hybrid-rollout] ep 2 (heldout_003): steps=4 success=True
[hybrid-rollout] ep 3 (heldout_004): steps=6 success=True
[hybrid-rollout] ep 4 (heldout_005): steps=5 success=True
[hybrid-rollout] ep 5 (heldout_006): steps=3 success=False
[hybrid-rollout] ep 6 (heldout_007): steps=5 success=True
[hybrid-rollout] ep 7 (heldout_008): steps=4 success=True
[hybrid-rollout] ep 8 (heldout_009): steps=2 success=False
[hybrid-rollout] ep 9 (heldout_010): steps=10 success=True
[hybrid-rollout] ep 10 (heldout_011): steps=4 success=True
[hybrid-rollout] ep 11 (heldout_012): steps=4 success=True
[hybrid-rollout] ep 12 (heldout_013): steps=5 success=True
[hybrid-rollout] ep 13 (heldout_014): steps=5 success=True
[hybrid-rollout] ep 14 (heldout_015): steps=4 success=True
[hybrid-rollout] ep 15 (heldout_016): steps=5 success=True
[hybrid-rollout] ep 16 (heldout_017): steps=4 success=True
[hybrid-rollout] ep 17 (heldout_018): steps=2 success=False
[hybrid-rollout] ep 18 (heldout_019): steps=5 success=True
[hybrid-rollout] ep 19 (heldout_020): steps=5 success=True
[hybrid-rollout] ep 20 (heldout_021): steps=60 success=False
[hybrid-rollout] ep 21 (heldout_022): steps=4 success=True
[hybrid-rollout] ep 22 (heldout_023): steps=60 success=False
[hybrid-rollout] ep 23 (heldout_024): steps=60 success=False
[hybrid-rollout] ep 24 (heldout_025): steps=4 success=True
[hybrid-rollout] ep 25 (heldout_026): steps=4 success=True
[hybrid-rollout] ep 26 (heldout_027): steps=4 success=True
[hybrid-rollout] ep 27 (heldout_028): steps=4 success=True
[hybrid-rollout] ep 28 (heldout_029): steps=7 success=True
[hybrid-rollout] ep 29 (heldout_030): steps=60 success=False
[hybrid-rollout] ep 30 (heldout_031): steps=5 success=True
[hybrid-rollout] ep 31 (heldout_032): steps=5 success=True
[hybrid-rollout] ep 32 (heldout_033): steps=4 success=True
[hybrid-rollout] ep 33 (heldout_034): steps=60 success=False
[hybrid-rollout] ep 34 (heldout_035): steps=60 success=False
[hybrid-rollout] ep 35 (heldout_036): steps=5 success=True
[hybrid-rollout] ep 36 (heldout_037): steps=4 success=True
[hybrid-rollout] ep 37 (heldout_038): steps=5 success=True
[hybrid-rollout] ep 38 (heldout_039): steps=6 success=True
[hybrid-rollout] ep 39 (heldout_040): steps=5 success=True
[hybrid-rollout] ep 40 (heldout_041): steps=6 success=True
[hybrid-rollout] ep 41 (heldout_042): steps=4 success=True
[hybrid-rollout] ep 42 (heldout_043): steps=4 success=True
[hybrid-rollout] ep 43 (heldout_044): steps=5 success=True
[hybrid-rollout] ep 44 (heldout_045): steps=60 success=False
[hybrid-rollout] ep 45 (heldout_046): steps=4 success=True
[hybrid-rollout] ep 46 (heldout_047): steps=6 success=True
[hybrid-rollout] ep 47 (heldout_048): steps=6 success=True
[hybrid-rollout] ep 48 (heldout_049): steps=5 success=True
[hybrid-rollout] ep 49 (heldout_050): steps=4 success=True
[hybrid-rollout] ep 50 (heldout_051): steps=4 success=True
[hybrid-rollout] ep 51 (heldout_052): steps=4 success=True
[hybrid-rollout] ep 52 (heldout_053): steps=6 success=True
[hybrid-rollout] ep 53 (heldout_054): steps=4 success=True
[hybrid-rollout] ep 54 (heldout_055): steps=60 success=False
[hybrid-rollout] ep 55 (heldout_056): steps=4 success=True
[hybrid-rollout] ep 56 (heldout_057): steps=4 success=True
[hybrid-rollout] ep 57 (heldout_058): steps=4 success=True
[hybrid-rollout] ep 58 (heldout_059): steps=5 success=True
[hybrid-rollout] ep 59 (heldout_060): steps=6 success=True
[hybrid-rollout] ep 60 (heldout_061): steps=5 success=True
[hybrid-rollout] ep 61 (heldout_062): steps=6 success=True
[hybrid-rollout] ep 62 (heldout_063): steps=5 success=True
[hybrid-rollout] ep 63 (heldout_064): steps=4 success=True
[hybrid-rollout] ep 64 (heldout_065): steps=60 success=False
[hybrid-rollout] ep 65 (heldout_066): steps=6 success=True
[hybrid-rollout] ep 66 (heldout_067): steps=5 success=True
[hybrid-rollout] ep 67 (heldout_068): steps=4 success=True
[hybrid-rollout] ep 68 (heldout_069): steps=4 success=True
[hybrid-rollout] ep 69 (heldout_070): steps=60 success=False
[hybrid-rollout] ep 70 (heldout_071): steps=5 success=True
[hybrid-rollout] ep 71 (heldout_072): steps=5 success=True
[hybrid-rollout] ep 72 (heldout_073): steps=60 success=False
[hybrid-rollout] ep 73 (heldout_074): steps=4 success=True
[hybrid-rollout] ep 74 (heldout_075): steps=5 success=True
[hybrid-rollout] ep 75 (heldout_076): steps=60 success=False
[hybrid-rollout] ep 76 (heldout_077): steps=4 success=True
[hybrid-rollout] ep 77 (heldout_078): steps=3 success=False
[hybrid-rollout] ep 78 (heldout_079): steps=4 success=True
[hybrid-rollout] ep 79 (heldout_080): steps=4 success=True
[hybrid-rollout] ep 80 (heldout_081): steps=5 success=True
[hybrid-rollout] ep 81 (heldout_082): steps=5 success=True
[hybrid-rollout] ep 82 (heldout_083): steps=4 success=True
[hybrid-rollout] ep 83 (heldout_084): steps=5 success=True
[hybrid-rollout] ep 84 (heldout_085): steps=60 success=False
[hybrid-rollout] ep 85 (heldout_086): steps=6 success=True
[hybrid-rollout] ep 86 (heldout_087): steps=7 success=True
[hybrid-rollout] ep 87 (heldout_088): steps=4 success=True
[hybrid-rollout] ep 88 (heldout_089): steps=3 success=False
[hybrid-rollout] ep 89 (heldout_090): steps=4 success=True
[hybrid-rollout] ep 90 (heldout_091): steps=5 success=True
[hybrid-rollout] ep 91 (heldout_092): steps=5 success=True
[hybrid-rollout] ep 92 (heldout_093): steps=6 success=True
[hybrid-rollout] ep 93 (heldout_094): steps=6 success=True
[hybrid-rollout] ep 94 (heldout_095): steps=7 success=True
[hybrid-rollout] ep 95 (heldout_096): steps=5 success=True
[hybrid-rollout] ep 96 (heldout_097): steps=5 success=True
[hybrid-rollout] ep 97 (heldout_098): steps=5 success=True
[hybrid-rollout] ep 98 (heldout_099): steps=60 success=False
[hybrid-rollout] ep 99 (heldout_100): steps=10 success=True
[hybrid-rollout] ep 100 (heldout_101): steps=4 success=True
[hybrid-rollout] ep 101 (heldout_102): steps=4 success=True
[hybrid-rollout] ep 102 (heldout_103): steps=4 success=True
[hybrid-rollout] ep 103 (heldout_104): steps=6 success=True
[hybrid-rollout] ep 104 (heldout_105): steps=4 success=True
[hybrid-rollout] ep 105 (heldout_106): steps=60 success=False
[hybrid-rollout] ep 106 (heldout_107): steps=4 success=True
[hybrid-rollout] ep 107 (heldout_108): steps=4 success=True
[hybrid-rollout] ep 108 (heldout_109): steps=4 success=True
[hybrid-rollout] ep 109 (heldout_110): steps=6 success=True
[hybrid-rollout] ep 110 (heldout_111): steps=60 success=False
[hybrid-rollout] ep 111 (heldout_112): steps=5 success=True
[hybrid-rollout] ep 112 (heldout_113): steps=5 success=True
[hybrid-rollout] ep 113 (heldout_114): steps=4 success=True
[hybrid-rollout] ep 114 (heldout_115): steps=4 success=True
[hybrid-rollout] ep 115 (heldout_116): steps=5 success=True
[hybrid-rollout] ep 116 (heldout_117): steps=7 success=True
[hybrid-rollout] ep 117 (heldout_118): steps=60 success=False
[hybrid-rollout] ep 118 (heldout_119): steps=4 success=True
[hybrid-rollout] ep 119 (heldout_120): steps=7 success=True
[hybrid-rollout] ep 120 (heldout_121): steps=4 success=True
[hybrid-rollout] ep 121 (heldout_122): steps=4 success=True
[hybrid-rollout] ep 122 (heldout_123): steps=6 success=True
[hybrid-rollout] ep 123 (heldout_124): steps=8 success=True
[hybrid-rollout] ep 124 (heldout_125): steps=4 success=True
[hybrid-rollout] ep 125 (heldout_126): steps=4 success=True
[hybrid-rollout] ep 126 (heldout_127): steps=60 success=False
[hybrid-rollout] ep 127 (heldout_128): steps=60 success=False
[hybrid-rollout] ep 128 (heldout_129): steps=4 success=True
[hybrid-rollout] ep 129 (heldout_130): steps=4 success=True
[hybrid-rollout] ep 130 (heldout_131): steps=1 success=False
[hybrid-rollout] ep 131 (heldout_132): steps=4 success=True
[hybrid-rollout] ep 132 (heldout_133): steps=4 success=True
[hybrid-rollout] ep 133 (heldout_134): steps=7 success=True
[hybrid-rollout] ep 134 (heldout_135): steps=6 success=True
[hybrid-rollout] ep 135 (heldout_136): steps=5 success=True
[hybrid-rollout] ep 136 (heldout_137): steps=5 success=True
[hybrid-rollout] ep 137 (heldout_138): steps=4 success=True
[hybrid-rollout] ep 138 (heldout_139): steps=4 success=True
[hybrid-rollout] ep 139 (heldout_140): steps=5 success=True
[hybrid-rollout] ep 140 (heldout_141): steps=5 success=True
[hybrid-rollout] ep 141 (heldout_142): steps=2 success=False
[hybrid-rollout] ep 142 (heldout_143): steps=60 success=False
[hybrid-rollout] ep 143 (heldout_144): steps=4 success=True
[hybrid-rollout] ep 144 (heldout_145): steps=5 success=True
[hybrid-rollout] ep 145 (heldout_146): steps=7 success=True
[hybrid-rollout] ep 146 (heldout_147): steps=4 success=True
[hybrid-rollout] ep 147 (heldout_148): steps=60 success=False
[hybrid-rollout] ep 148 (heldout_149): steps=5 success=True
[hybrid-rollout] ep 149 (heldout_150): steps=4 success=True
[hybrid-rollout] ep 150 (heldout_151): steps=5 success=True
[hybrid-rollout] ep 151 (heldout_152): steps=6 success=True
[hybrid-rollout] ep 152 (heldout_153): steps=5 success=True
[hybrid-rollout] ep 153 (heldout_154): steps=7 success=True
[hybrid-rollout] ep 154 (heldout_155): steps=60 success=False
[hybrid-rollout] ep 155 (heldout_156): steps=8 success=True
[hybrid-rollout] ep 156 (heldout_157): steps=3 success=False
[hybrid-rollout] ep 157 (heldout_158): steps=3 success=False
[hybrid-rollout] ep 158 (heldout_159): steps=6 success=True
[hybrid-rollout] ep 159 (heldout_160): steps=60 success=False
[hybrid-rollout] ep 160 (heldout_161): steps=60 success=False
[hybrid-rollout] ep 161 (heldout_162): steps=5 success=True
[hybrid-rollout] ep 162 (heldout_163): steps=4 success=True
[hybrid-rollout] ep 163 (heldout_164): steps=4 success=True
[hybrid-rollout] ep 164 (heldout_165): steps=5 success=True
[hybrid-rollout] ep 165 (heldout_166): steps=4 success=True
[hybrid-rollout] ep 166 (heldout_167): steps=60 success=False
[hybrid-rollout] ep 167 (heldout_168): steps=4 success=True
[hybrid-rollout] ep 168 (heldout_169): steps=6 success=True
[hybrid-rollout] ep 169 (heldout_170): steps=6 success=True
[hybrid-rollout] ep 170 (heldout_171): steps=4 success=True
[hybrid-rollout] ep 171 (heldout_172): steps=5 success=True
[hybrid-rollout] ep 172 (heldout_173): steps=4 success=True
[hybrid-rollout] ep 173 (heldout_174): steps=5 success=True
[hybrid-rollout] ep 174 (heldout_175): steps=7 success=True
[hybrid-rollout] ep 175 (heldout_176): steps=60 success=False
[hybrid-rollout] ep 176 (heldout_177): steps=6 success=True
[hybrid-rollout] ep 177 (heldout_178): steps=1 success=False
[hybrid-rollout] ep 178 (heldout_179): steps=5 success=True
[hybrid-rollout] ep 179 (heldout_180): steps=4 success=True
[hybrid-rollout] ep 180 (heldout_181): steps=5 success=True
[hybrid-rollout] ep 181 (heldout_182): steps=4 success=True
[hybrid-rollout] ep 182 (heldout_183): steps=5 success=True
[hybrid-rollout] ep 183 (heldout_184): steps=7 success=True
[hybrid-rollout] ep 184 (heldout_185): steps=5 success=True
[hybrid-rollout] ep 185 (heldout_186): steps=4 success=True
[hybrid-rollout] ep 186 (heldout_187): steps=5 success=True
[hybrid-rollout] ep 187 (heldout_188): steps=5 success=True
[hybrid-rollout] ep 188 (heldout_189): steps=5 success=True
[hybrid-rollout] ep 189 (heldout_190): steps=7 success=True
[hybrid-rollout] ep 190 (heldout_191): steps=4 success=True
[hybrid-rollout] ep 191 (heldout_192): steps=7 success=True
[hybrid-rollout] ep 192 (heldout_193): steps=7 success=True
[hybrid-rollout] ep 193 (heldout_194): steps=6 success=True
[hybrid-rollout] ep 194 (heldout_195): steps=5 success=True
[hybrid-rollout] ep 195 (heldout_196): steps=4 success=True
[hybrid-rollout] ep 196 (heldout_197): steps=5 success=True
[hybrid-rollout] ep 197 (heldout_198): steps=60 success=False
[hybrid-rollout] ep 198 (heldout_199): steps=4 success=True
[hybrid-rollout] ep 199 (heldout_200): steps=4 success=True
[hybrid-rollout] DONE successes=163/200
[20:06:21] [replay_p4] run 1 round 5: extras=5 heldout_sr=0.815
[20:06:21] [replay_p4] $ /home/s226137394/.conda/envs/maze/bin/python3 -u -m Equivariant_pathway.equivariant_CNN_hybrid.baseline_vs_p4.pool_x_selector.trainer.finetune_replay --demo_dir /weka/s226137394/DmNfull/Equivariant_pathway/equivariant_CNN_hybrid/baseline_vs_p4/pool_x_selector/results_hpsweep/e150_lr5e-05_rm0.7_do0.1/run_1/p4_top3_rotate/demos --checkpoint_dir /weka/s226137394/DmNfull/Equivariant_pathway/equivariant_CNN_hybrid/baseline_vs_p4/pool_x_selector/results_hpsweep/e150_lr5e-05_rm0.7_do0.1/run_1/p4_top3_rotate/checkpoints --epochs 150 --batch_size 64 --lr 5e-05 --weight_decay 0.0001 --replay_mix 0.7 --replay_mix_floor 0.2 --head_dropout 0.1 --seed 1 --resume --new_demos_dir /weka/s226137394/DmNfull/Equivariant_pathway/equivariant_CNN_hybrid/baseline_vs_p4/pool_x_selector/results_hpsweep/e150_lr5e-05_rm0.7_do0.1/run_1/p4_top3_rotate/demos/round_006
[finetune_replay] device=cuda demo_dir=/weka/s226137394/DmNfull/Equivariant_pathway/equivariant_CNN_hybrid/baseline_vs_p4/pool_x_selector/results_hpsweep/e150_lr5e-05_rm0.7_do0.1/run_1/p4_top3_rotate/demos new_demos_dir=/weka/s226137394/DmNfull/Equivariant_pathway/equivariant_CNN_hybrid/baseline_vs_p4/pool_x_selector/results_hpsweep/e150_lr5e-05_rm0.7_do0.1/run_1/p4_top3_rotate/demos/round_006
[hybrid-dataset] 25 demos -> 130 samples
[hybrid-dataset] 1 demos -> 6 samples
[finetune_replay] sampler audit: {'n_old_samples': 130, 'n_new_samples': 6, 'replay_mix_target': 0.7, 'replay_mix_effective': 0.7, 'replay_mix_floor': 0.2}
[finetune_replay] trainable params: 1,400,028
[finetune_replay] WARM START from last_hybrid_policy.pth
[finetune_replay] ep   1/150 | train loss=0.1128 top1=0.984 | val loss=0.0340 | t=0.8s  *
[finetune_replay] ep   2/150 | train loss=0.0808 top1=1.000 | val loss=0.0020 | t=0.2s  *
[finetune_replay] ep   3/150 | train loss=0.0320 top1=1.000 | val loss=0.0044 | t=0.1s
[finetune_replay] ep   4/150 | train loss=0.0329 top1=1.000 | val loss=0.0019 | t=0.1s  *
[finetune_replay] ep   5/150 | train loss=0.0138 top1=1.000 | val loss=0.0012 | t=0.1s  *
[finetune_replay] ep   6/150 | train loss=0.0095 top1=1.000 | val loss=0.0020 | t=0.1s
[finetune_replay] ep   7/150 | train loss=0.0069 top1=1.000 | val loss=0.0064 | t=0.1s
[finetune_replay] ep   8/150 | train loss=0.0053 top1=1.000 | val loss=0.0025 | t=0.1s
[finetune_replay] ep   9/150 | train loss=0.0065 top1=1.000 | val loss=0.0027 | t=0.1s
[finetune_replay] ep  10/150 | train loss=0.0052 top1=1.000 | val loss=0.0017 | t=0.1s
[finetune_replay] ep  11/150 | train loss=0.0030 top1=1.000 | val loss=0.0016 | t=0.1s
[finetune_replay] ep  12/150 | train loss=0.0035 top1=1.000 | val loss=0.0014 | t=0.1s
[finetune_replay] ep  13/150 | train loss=0.0028 top1=1.000 | val loss=0.0013 | t=0.1s
[finetune_replay] ep  14/150 | train loss=0.0031 top1=1.000 | val loss=0.0012 | t=0.1s  *
[finetune_replay] ep  15/150 | train loss=0.0023 top1=1.000 | val loss=0.0014 | t=0.1s
[finetune_replay] ep  16/150 | train loss=0.0029 top1=1.000 | val loss=0.0014 | t=0.1s
[finetune_replay] ep  17/150 | train loss=0.0028 top1=1.000 | val loss=0.0010 | t=0.1s  *
[finetune_replay] ep  18/150 | train loss=0.0018 top1=1.000 | val loss=0.0011 | t=0.1s
[finetune_replay] ep  19/150 | train loss=0.0018 top1=1.000 | val loss=0.0013 | t=0.1s
[finetune_replay] ep  20/150 | train loss=0.0014 top1=1.000 | val loss=0.0016 | t=0.1s
[finetune_replay] ep  21/150 | train loss=0.0015 top1=1.000 | val loss=0.0015 | t=0.1s
[finetune_replay] ep  22/150 | train loss=0.0019 top1=1.000 | val loss=0.0009 | t=0.1s  *
[finetune_replay] ep  23/150 | train loss=0.0019 top1=1.000 | val loss=0.0008 | t=0.1s  *
[finetune_replay] ep  24/150 | train loss=0.0011 top1=1.000 | val loss=0.0009 | t=0.1s
[finetune_replay] ep  25/150 | train loss=0.0018 top1=1.000 | val loss=0.0009 | t=0.1s
[finetune_replay] ep  26/150 | train loss=0.0013 top1=1.000 | val loss=0.0010 | t=0.1s
[finetune_replay] ep  27/150 | train loss=0.0014 top1=1.000 | val loss=0.0011 | t=0.1s
[finetune_replay] ep  28/150 | train loss=0.0019 top1=1.000 | val loss=0.0014 | t=0.1s
[finetune_replay] ep  29/150 | train loss=0.0015 top1=1.000 | val loss=0.0012 | t=0.1s
[finetune_replay] ep  30/150 | train loss=0.0014 top1=1.000 | val loss=0.0012 | t=0.1s
[finetune_replay] ep  31/150 | train loss=0.0016 top1=1.000 | val loss=0.0010 | t=0.2s
[finetune_replay] ep  32/150 | train loss=0.0013 top1=1.000 | val loss=0.0010 | t=0.1s
[finetune_replay] ep  33/150 | train loss=0.0013 top1=1.000 | val loss=0.0010 | t=0.1s
[finetune_replay] ep  34/150 | train loss=0.0015 top1=1.000 | val loss=0.0008 | t=0.1s  *
[finetune_replay] ep  35/150 | train loss=0.0011 top1=1.000 | val loss=0.0007 | t=0.1s  *
[finetune_replay] ep  36/150 | train loss=0.0011 top1=1.000 | val loss=0.0007 | t=0.1s  *
[finetune_replay] ep  37/150 | train loss=0.0010 top1=1.000 | val loss=0.0008 | t=0.1s
[finetune_replay] ep  38/150 | train loss=0.0009 top1=1.000 | val loss=0.0008 | t=0.1s
[finetune_replay] ep  39/150 | train loss=0.0008 top1=1.000 | val loss=0.0007 | t=0.1s  *
[finetune_replay] ep  40/150 | train loss=0.0008 top1=1.000 | val loss=0.0007 | t=0.1s  *
[finetune_replay] ep  41/150 | train loss=0.0008 top1=1.000 | val loss=0.0006 | t=0.1s  *
[finetune_replay] ep  42/150 | train loss=0.0009 top1=1.000 | val loss=0.0007 | t=0.1s
[finetune_replay] ep  43/150 | train loss=0.0008 top1=1.000 | val loss=0.0007 | t=0.1s
[finetune_replay] ep  44/150 | train loss=0.0007 top1=1.000 | val loss=0.0007 | t=0.1s
[finetune_replay] ep  45/150 | train loss=0.0011 top1=1.000 | val loss=0.0007 | t=0.1s
[finetune_replay] ep  46/150 | train loss=0.0008 top1=1.000 | val loss=0.0006 | t=0.1s  *
[finetune_replay] ep  47/150 | train loss=0.0006 top1=1.000 | val loss=0.0006 | t=0.1s
[finetune_replay] ep  48/150 | train loss=0.0011 top1=1.000 | val loss=0.0006 | t=0.1s
[finetune_replay] ep  49/150 | train loss=0.0009 top1=1.000 | val loss=0.0007 | t=0.1s
[finetune_replay] ep  50/150 | train loss=0.0009 top1=1.000 | val loss=0.0007 | t=0.1s
[finetune_replay] ep  51/150 | train loss=0.0008 top1=1.000 | val loss=0.0007 | t=0.1s
[finetune_replay] ep  52/150 | train loss=0.0009 top1=1.000 | val loss=0.0006 | t=0.1s
[finetune_replay] ep  53/150 | train loss=0.0007 top1=1.000 | val loss=0.0006 | t=0.1s
[finetune_replay] ep  54/150 | train loss=0.0007 top1=1.000 | val loss=0.0006 | t=0.1s
[finetune_replay] ep  55/150 | train loss=0.0007 top1=1.000 | val loss=0.0006 | t=0.1s
[finetune_replay] ep  56/150 | train loss=0.0007 top1=1.000 | val loss=0.0007 | t=0.1s
[finetune_replay] ep  57/150 | train loss=0.0009 top1=1.000 | val loss=0.0007 | t=0.1s
[finetune_replay] ep  58/150 | train loss=0.0008 top1=1.000 | val loss=0.0006 | t=0.1s  *
[finetune_replay] ep  59/150 | train loss=0.0006 top1=1.000 | val loss=0.0005 | t=0.1s  *
[finetune_replay] ep  60/150 | train loss=0.0008 top1=1.000 | val loss=0.0005 | t=0.1s
[finetune_replay] ep  61/150 | train loss=0.0006 top1=1.000 | val loss=0.0005 | t=0.1s
[finetune_replay] ep  62/150 | train loss=0.0007 top1=1.000 | val loss=0.0006 | t=0.1s
[finetune_replay] ep  63/150 | train loss=0.0007 top1=1.000 | val loss=0.0006 | t=0.1s
[finetune_replay] ep  64/150 | train loss=0.0008 top1=1.000 | val loss=0.0007 | t=0.1s
[finetune_replay] ep  65/150 | train loss=0.0006 top1=1.000 | val loss=0.0007 | t=0.1s
[finetune_replay] ep  66/150 | train loss=0.0006 top1=1.000 | val loss=0.0007 | t=0.1s
[finetune_replay] ep  67/150 | train loss=0.0006 top1=1.000 | val loss=0.0007 | t=0.1s
[finetune_replay] ep  68/150 | train loss=0.0005 top1=1.000 | val loss=0.0007 | t=0.1s
[finetune_replay] ep  69/150 | train loss=0.0009 top1=1.000 | val loss=0.0007 | t=0.1s
[finetune_replay] ep  70/150 | train loss=0.0008 top1=1.000 | val loss=0.0007 | t=0.1s
[finetune_replay] ep  71/150 | train loss=0.0005 top1=1.000 | val loss=0.0007 | t=0.1s
[finetune_replay] ep  72/150 | train loss=0.0006 top1=1.000 | val loss=0.0006 | t=0.1s
[finetune_replay] ep  73/150 | train loss=0.0005 top1=1.000 | val loss=0.0007 | t=0.1s
[finetune_replay] ep  74/150 | train loss=0.0005 top1=1.000 | val loss=0.0008 | t=0.1s
[finetune_replay] ep  75/150 | train loss=0.0007 top1=1.000 | val loss=0.0007 | t=0.1s
[finetune_replay] ep  76/150 | train loss=0.0009 top1=1.000 | val loss=0.0006 | t=0.1s
[finetune_replay] ep  77/150 | train loss=0.0006 top1=1.000 | val loss=0.0006 | t=0.1s
[finetune_replay] ep  78/150 | train loss=0.0006 top1=1.000 | val loss=0.0006 | t=0.1s
[finetune_replay] ep  79/150 | train loss=0.0007 top1=1.000 | val loss=0.0005 | t=0.1s
[finetune_replay] ep  80/150 | train loss=0.0007 top1=1.000 | val loss=0.0005 | t=0.1s
[finetune_replay] ep  81/150 | train loss=0.0006 top1=1.000 | val loss=0.0006 | t=0.1s
[finetune_replay] ep  82/150 | train loss=0.0005 top1=1.000 | val loss=0.0007 | t=0.1s
[finetune_replay] ep  83/150 | train loss=0.0007 top1=1.000 | val loss=0.0007 | t=0.1s
[finetune_replay] ep  84/150 | train loss=0.0006 top1=1.000 | val loss=0.0006 | t=0.1s
[finetune_replay] ep  85/150 | train loss=0.0005 top1=1.000 | val loss=0.0006 | t=0.1s
[finetune_replay] ep  86/150 | train loss=0.0006 top1=1.000 | val loss=0.0006 | t=0.1s
[finetune_replay] ep  87/150 | train loss=0.0006 top1=1.000 | val loss=0.0006 | t=0.1s
[finetune_replay] ep  88/150 | train loss=0.0004 top1=1.000 | val loss=0.0006 | t=0.1s
[finetune_replay] ep  89/150 | train loss=0.0007 top1=1.000 | val loss=0.0006 | t=0.1s
[finetune_replay] ep  90/150 | train loss=0.0006 top1=1.000 | val loss=0.0006 | t=0.1s
[finetune_replay] ep  91/150 | train loss=0.0006 top1=1.000 | val loss=0.0007 | t=0.1s
[finetune_replay] ep  92/150 | train loss=0.0005 top1=1.000 | val loss=0.0007 | t=0.1s
[finetune_replay] ep  93/150 | train loss=0.0007 top1=1.000 | val loss=0.0008 | t=0.1s
[finetune_replay] ep  94/150 | train loss=0.0006 top1=1.000 | val loss=0.0008 | t=0.1s
[finetune_replay] ep  95/150 | train loss=0.0005 top1=1.000 | val loss=0.0007 | t=0.1s
[finetune_replay] ep  96/150 | train loss=0.0005 top1=1.000 | val loss=0.0007 | t=0.1s
[finetune_replay] ep  97/150 | train loss=0.0006 top1=1.000 | val loss=0.0007 | t=0.1s
[finetune_replay] ep  98/150 | train loss=0.0006 top1=1.000 | val loss=0.0007 | t=0.1s
[finetune_replay] ep  99/150 | train loss=0.0005 top1=1.000 | val loss=0.0007 | t=0.1s
[finetune_replay] ep 100/150 | train loss=0.0005 top1=1.000 | val loss=0.0007 | t=0.1s
[finetune_replay] ep 101/150 | train loss=0.0006 top1=1.000 | val loss=0.0006 | t=0.1s
[finetune_replay] ep 102/150 | train loss=0.0004 top1=1.000 | val loss=0.0006 | t=0.1s
[finetune_replay] ep 103/150 | train loss=0.0007 top1=1.000 | val loss=0.0006 | t=0.1s
[finetune_replay] ep 104/150 | train loss=0.0005 top1=1.000 | val loss=0.0006 | t=0.1s
[finetune_replay] ep 105/150 | train loss=0.0006 top1=1.000 | val loss=0.0006 | t=0.1s
[finetune_replay] ep 106/150 | train loss=0.0006 top1=1.000 | val loss=0.0006 | t=0.1s
[finetune_replay] ep 107/150 | train loss=0.0007 top1=1.000 | val loss=0.0006 | t=0.1s
[finetune_replay] ep 108/150 | train loss=0.0006 top1=1.000 | val loss=0.0006 | t=0.1s
[finetune_replay] ep 109/150 | train loss=0.0007 top1=1.000 | val loss=0.0006 | t=0.1s
[finetune_replay] ep 110/150 | train loss=0.0004 top1=1.000 | val loss=0.0006 | t=0.1s
[finetune_replay] ep 111/150 | train loss=0.0005 top1=1.000 | val loss=0.0006 | t=0.1s
[finetune_replay] ep 112/150 | train loss=0.0006 top1=1.000 | val loss=0.0007 | t=0.1s
[finetune_replay] ep 113/150 | train loss=0.0006 top1=1.000 | val loss=0.0006 | t=0.1s
[finetune_replay] ep 114/150 | train loss=0.0005 top1=1.000 | val loss=0.0006 | t=0.1s
[finetune_replay] ep 115/150 | train loss=0.0005 top1=1.000 | val loss=0.0006 | t=0.1s
[finetune_replay] ep 116/150 | train loss=0.0005 top1=1.000 | val loss=0.0006 | t=0.1s
[finetune_replay] ep 117/150 | train loss=0.0006 top1=1.000 | val loss=0.0006 | t=0.1s
[finetune_replay] ep 118/150 | train loss=0.0005 top1=1.000 | val loss=0.0006 | t=0.1s
[finetune_replay] ep 119/150 | train loss=0.0009 top1=1.000 | val loss=0.0006 | t=0.1s
[finetune_replay] ep 120/150 | train loss=0.0007 top1=1.000 | val loss=0.0005 | t=0.1s
[finetune_replay] ep 121/150 | train loss=0.0006 top1=1.000 | val loss=0.0005 | t=0.1s
[finetune_replay] ep 122/150 | train loss=0.0005 top1=1.000 | val loss=0.0005 | t=0.1s
[finetune_replay] ep 123/150 | train loss=0.0006 top1=1.000 | val loss=0.0005 | t=0.1s
[finetune_replay] ep 124/150 | train loss=0.0005 top1=1.000 | val loss=0.0005 | t=0.1s
[finetune_replay] ep 125/150 | train loss=0.0004 top1=1.000 | val loss=0.0005 | t=0.1s
[finetune_replay] ep 126/150 | train loss=0.0006 top1=1.000 | val loss=0.0005 | t=0.1s
[finetune_replay] ep 127/150 | train loss=0.0004 top1=1.000 | val loss=0.0006 | t=0.1s
[finetune_replay] ep 128/150 | train loss=0.0004 top1=1.000 | val loss=0.0006 | t=0.1s
[finetune_replay] ep 129/150 | train loss=0.0007 top1=1.000 | val loss=0.0006 | t=0.1s
[finetune_replay] ep 130/150 | train loss=0.0006 top1=1.000 | val loss=0.0006 | t=0.1s
[finetune_replay] ep 131/150 | train loss=0.0006 top1=1.000 | val loss=0.0006 | t=0.1s
[finetune_replay] ep 132/150 | train loss=0.0006 top1=1.000 | val loss=0.0006 | t=0.1s
[finetune_replay] ep 133/150 | train loss=0.0004 top1=1.000 | val loss=0.0006 | t=0.1s
[finetune_replay] ep 134/150 | train loss=0.0005 top1=1.000 | val loss=0.0006 | t=0.1s
[finetune_replay] ep 135/150 | train loss=0.0005 top1=1.000 | val loss=0.0006 | t=0.1s
[finetune_replay] ep 136/150 | train loss=0.0005 top1=1.000 | val loss=0.0006 | t=0.1s
[finetune_replay] ep 137/150 | train loss=0.0004 top1=1.000 | val loss=0.0006 | t=0.1s
[finetune_replay] ep 138/150 | train loss=0.0006 top1=1.000 | val loss=0.0006 | t=0.1s
[finetune_replay] ep 139/150 | train loss=0.0005 top1=1.000 | val loss=0.0006 | t=0.1s
[finetune_replay] ep 140/150 | train loss=0.0005 top1=1.000 | val loss=0.0006 | t=0.1s
[finetune_replay] ep 141/150 | train loss=0.0005 top1=1.000 | val loss=0.0006 | t=0.1s
[finetune_replay] ep 142/150 | train loss=0.0006 top1=1.000 | val loss=0.0006 | t=0.1s
[finetune_replay] ep 143/150 | train loss=0.0005 top1=1.000 | val loss=0.0006 | t=0.1s
[finetune_replay] ep 144/150 | train loss=0.0006 top1=1.000 | val loss=0.0006 | t=0.1s
[finetune_replay] ep 145/150 | train loss=0.0006 top1=1.000 | val loss=0.0006 | t=0.1s
[finetune_replay] ep 146/150 | train loss=0.0006 top1=1.000 | val loss=0.0006 | t=0.1s
[finetune_replay] ep 147/150 | train loss=0.0004 top1=1.000 | val loss=0.0006 | t=0.1s
[finetune_replay] ep 148/150 | train loss=0.0004 top1=1.000 | val loss=0.0006 | t=0.1s
[finetune_replay] ep 149/150 | train loss=0.0006 top1=1.000 | val loss=0.0006 | t=0.1s
[finetune_replay] ep 150/150 | train loss=0.0006 top1=1.000 | val loss=0.0006 | t=0.1s
[finetune_replay] DONE best_val_loss=0.0005 @ epoch 59
[20:06:52] [bo-budget] $ /home/s226137394/.conda/envs/maze/bin/python3 -u -m Equivariant_pathway.equivariant_CNN_hybrid.rollout_test --checkpoint /weka/s226137394/DmNfull/Equivariant_pathway/equivariant_CNN_hybrid/baseline_vs_p4/pool_x_selector/results_hpsweep/e150_lr5e-05_rm0.7_do0.1/run_1/p4_top3_rotate/checkpoints/best_hybrid_policy.pth --layouts /weka/s226137394/DmNfull/Equivariant_pathway/equivariant_CNN_hybrid/baseline_vs_p4/shared/heldout_layouts.yaml --out_dir /weka/s226137394/DmNfull/Equivariant_pathway/equivariant_CNN_hybrid/baseline_vs_p4/pool_x_selector/results_hpsweep/e150_lr5e-05_rm0.7_do0.1/run_1/p4_top3_rotate/results/eval_round_006 --seed 7 --max_steps 60
[hybrid-rollout] 200 unique; running 200 eps
[hybrid-rollout] loaded /weka/s226137394/DmNfull/Equivariant_pathway/equivariant_CNN_hybrid/baseline_vs_p4/pool_x_selector/results_hpsweep/e150_lr5e-05_rm0.7_do0.1/run_1/p4_top3_rotate/checkpoints/best_hybrid_policy.pth
[hybrid-rollout] ep 0 (heldout_001): steps=5 success=True
[hybrid-rollout] ep 1 (heldout_002): steps=4 success=True
[hybrid-rollout] ep 2 (heldout_003): steps=4 success=True
[hybrid-rollout] ep 3 (heldout_004): steps=60 success=False
[hybrid-rollout] ep 4 (heldout_005): steps=5 success=True
[hybrid-rollout] ep 5 (heldout_006): steps=3 success=False
[hybrid-rollout] ep 6 (heldout_007): steps=5 success=True
[hybrid-rollout] ep 7 (heldout_008): steps=4 success=True
[hybrid-rollout] ep 8 (heldout_009): steps=2 success=False
[hybrid-rollout] ep 9 (heldout_010): steps=8 success=True
[hybrid-rollout] ep 10 (heldout_011): steps=4 success=True
[hybrid-rollout] ep 11 (heldout_012): steps=4 success=True
[hybrid-rollout] ep 12 (heldout_013): steps=5 success=True
[hybrid-rollout] ep 13 (heldout_014): steps=5 success=True
[hybrid-rollout] ep 14 (heldout_015): steps=4 success=True
[hybrid-rollout] ep 15 (heldout_016): steps=5 success=True
[hybrid-rollout] ep 16 (heldout_017): steps=4 success=True
[hybrid-rollout] ep 17 (heldout_018): steps=2 success=False
[hybrid-rollout] ep 18 (heldout_019): steps=5 success=True
[hybrid-rollout] ep 19 (heldout_020): steps=5 success=True
[hybrid-rollout] ep 20 (heldout_021): steps=4 success=True
[hybrid-rollout] ep 21 (heldout_022): steps=4 success=True
[hybrid-rollout] ep 22 (heldout_023): steps=60 success=False
[hybrid-rollout] ep 23 (heldout_024): steps=60 success=False
[hybrid-rollout] ep 24 (heldout_025): steps=4 success=True
[hybrid-rollout] ep 25 (heldout_026): steps=4 success=True
[hybrid-rollout] ep 26 (heldout_027): steps=4 success=True
[hybrid-rollout] ep 27 (heldout_028): steps=4 success=True
[hybrid-rollout] ep 28 (heldout_029): steps=7 success=True
[hybrid-rollout] ep 29 (heldout_030): steps=60 success=False
[hybrid-rollout] ep 30 (heldout_031): steps=5 success=True
[hybrid-rollout] ep 31 (heldout_032): steps=5 success=True
[hybrid-rollout] ep 32 (heldout_033): steps=4 success=True
[hybrid-rollout] ep 33 (heldout_034): steps=5 success=True
[hybrid-rollout] ep 34 (heldout_035): steps=6 success=True
[hybrid-rollout] ep 35 (heldout_036): steps=5 success=True
[hybrid-rollout] ep 36 (heldout_037): steps=4 success=True
[hybrid-rollout] ep 37 (heldout_038): steps=5 success=True
[hybrid-rollout] ep 38 (heldout_039): steps=6 success=True
[hybrid-rollout] ep 39 (heldout_040): steps=5 success=True
[hybrid-rollout] ep 40 (heldout_041): steps=6 success=True
[hybrid-rollout] ep 41 (heldout_042): steps=4 success=True
[hybrid-rollout] ep 42 (heldout_043): steps=4 success=True
[hybrid-rollout] ep 43 (heldout_044): steps=5 success=True
[hybrid-rollout] ep 44 (heldout_045): steps=3 success=False
[hybrid-rollout] ep 45 (heldout_046): steps=4 success=True
[hybrid-rollout] ep 46 (heldout_047): steps=6 success=True
[hybrid-rollout] ep 47 (heldout_048): steps=6 success=True
[hybrid-rollout] ep 48 (heldout_049): steps=5 success=True
[hybrid-rollout] ep 49 (heldout_050): steps=4 success=True
[hybrid-rollout] ep 50 (heldout_051): steps=4 success=True
[hybrid-rollout] ep 51 (heldout_052): steps=4 success=True
[hybrid-rollout] ep 52 (heldout_053): steps=6 success=True
[hybrid-rollout] ep 53 (heldout_054): steps=4 success=True
[hybrid-rollout] ep 54 (heldout_055): steps=60 success=False
[hybrid-rollout] ep 55 (heldout_056): steps=4 success=True
[hybrid-rollout] ep 56 (heldout_057): steps=4 success=True
[hybrid-rollout] ep 57 (heldout_058): steps=4 success=True
[hybrid-rollout] ep 58 (heldout_059): steps=5 success=True
[hybrid-rollout] ep 59 (heldout_060): steps=6 success=True
[hybrid-rollout] ep 60 (heldout_061): steps=5 success=True
[hybrid-rollout] ep 61 (heldout_062): steps=6 success=True
[hybrid-rollout] ep 62 (heldout_063): steps=5 success=True
[hybrid-rollout] ep 63 (heldout_064): steps=4 success=True
[hybrid-rollout] ep 64 (heldout_065): steps=7 success=True
[hybrid-rollout] ep 65 (heldout_066): steps=6 success=True
[hybrid-rollout] ep 66 (heldout_067): steps=5 success=True
[hybrid-rollout] ep 67 (heldout_068): steps=4 success=True
[hybrid-rollout] ep 68 (heldout_069): steps=4 success=True
[hybrid-rollout] ep 69 (heldout_070): steps=60 success=False
[hybrid-rollout] ep 70 (heldout_071): steps=5 success=True
[hybrid-rollout] ep 71 (heldout_072): steps=5 success=True
[hybrid-rollout] ep 72 (heldout_073): steps=60 success=False
[hybrid-rollout] ep 73 (heldout_074): steps=4 success=True
[hybrid-rollout] ep 74 (heldout_075): steps=5 success=True
[hybrid-rollout] ep 75 (heldout_076): steps=7 success=True
[hybrid-rollout] ep 76 (heldout_077): steps=4 success=True
[hybrid-rollout] ep 77 (heldout_078): steps=3 success=False
[hybrid-rollout] ep 78 (heldout_079): steps=4 success=True
[hybrid-rollout] ep 79 (heldout_080): steps=4 success=True
[hybrid-rollout] ep 80 (heldout_081): steps=5 success=True
[hybrid-rollout] ep 81 (heldout_082): steps=5 success=True
[hybrid-rollout] ep 82 (heldout_083): steps=6 success=True
[hybrid-rollout] ep 83 (heldout_084): steps=5 success=True
[hybrid-rollout] ep 84 (heldout_085): steps=60 success=False
[hybrid-rollout] ep 85 (heldout_086): steps=6 success=True
[hybrid-rollout] ep 86 (heldout_087): steps=5 success=True
[hybrid-rollout] ep 87 (heldout_088): steps=4 success=True
[hybrid-rollout] ep 88 (heldout_089): steps=3 success=False
[hybrid-rollout] ep 89 (heldout_090): steps=4 success=True
[hybrid-rollout] ep 90 (heldout_091): steps=5 success=True
[hybrid-rollout] ep 91 (heldout_092): steps=5 success=True
[hybrid-rollout] ep 92 (heldout_093): steps=6 success=True
[hybrid-rollout] ep 93 (heldout_094): steps=6 success=True
[hybrid-rollout] ep 94 (heldout_095): steps=7 success=True
[hybrid-rollout] ep 95 (heldout_096): steps=5 success=True
[hybrid-rollout] ep 96 (heldout_097): steps=5 success=True
[hybrid-rollout] ep 97 (heldout_098): steps=5 success=True
[hybrid-rollout] ep 98 (heldout_099): steps=60 success=False
[hybrid-rollout] ep 99 (heldout_100): steps=10 success=True
[hybrid-rollout] ep 100 (heldout_101): steps=4 success=True
[hybrid-rollout] ep 101 (heldout_102): steps=4 success=True
[hybrid-rollout] ep 102 (heldout_103): steps=4 success=True
[hybrid-rollout] ep 103 (heldout_104): steps=6 success=True
[hybrid-rollout] ep 104 (heldout_105): steps=4 success=True
[hybrid-rollout] ep 105 (heldout_106): steps=60 success=False
[hybrid-rollout] ep 106 (heldout_107): steps=4 success=True
[hybrid-rollout] ep 107 (heldout_108): steps=4 success=True
[hybrid-rollout] ep 108 (heldout_109): steps=4 success=True
[hybrid-rollout] ep 109 (heldout_110): steps=4 success=True
[hybrid-rollout] ep 110 (heldout_111): steps=60 success=False
[hybrid-rollout] ep 111 (heldout_112): steps=5 success=True
[hybrid-rollout] ep 112 (heldout_113): steps=5 success=True
[hybrid-rollout] ep 113 (heldout_114): steps=4 success=True
[hybrid-rollout] ep 114 (heldout_115): steps=4 success=True
[hybrid-rollout] ep 115 (heldout_116): steps=5 success=True
[hybrid-rollout] ep 116 (heldout_117): steps=7 success=True
[hybrid-rollout] ep 117 (heldout_118): steps=60 success=False
[hybrid-rollout] ep 118 (heldout_119): steps=4 success=True
[hybrid-rollout] ep 119 (heldout_120): steps=7 success=True
[hybrid-rollout] ep 120 (heldout_121): steps=4 success=True
[hybrid-rollout] ep 121 (heldout_122): steps=4 success=True
[hybrid-rollout] ep 122 (heldout_123): steps=6 success=True
[hybrid-rollout] ep 123 (heldout_124): steps=8 success=True
[hybrid-rollout] ep 124 (heldout_125): steps=4 success=True
[hybrid-rollout] ep 125 (heldout_126): steps=4 success=True
[hybrid-rollout] ep 126 (heldout_127): steps=60 success=False
[hybrid-rollout] ep 127 (heldout_128): steps=7 success=True
[hybrid-rollout] ep 128 (heldout_129): steps=4 success=True
[hybrid-rollout] ep 129 (heldout_130): steps=4 success=True
[hybrid-rollout] ep 130 (heldout_131): steps=1 success=False
[hybrid-rollout] ep 131 (heldout_132): steps=4 success=True
[hybrid-rollout] ep 132 (heldout_133): steps=4 success=True
[hybrid-rollout] ep 133 (heldout_134): steps=7 success=True
[hybrid-rollout] ep 134 (heldout_135): steps=6 success=True
[hybrid-rollout] ep 135 (heldout_136): steps=5 success=True
[hybrid-rollout] ep 136 (heldout_137): steps=5 success=True
[hybrid-rollout] ep 137 (heldout_138): steps=4 success=True
[hybrid-rollout] ep 138 (heldout_139): steps=4 success=True
[hybrid-rollout] ep 139 (heldout_140): steps=5 success=True
[hybrid-rollout] ep 140 (heldout_141): steps=5 success=True
[hybrid-rollout] ep 141 (heldout_142): steps=4 success=True
[hybrid-rollout] ep 142 (heldout_143): steps=6 success=True
[hybrid-rollout] ep 143 (heldout_144): steps=4 success=True
[hybrid-rollout] ep 144 (heldout_145): steps=5 success=True
[hybrid-rollout] ep 145 (heldout_146): steps=7 success=True
[hybrid-rollout] ep 146 (heldout_147): steps=4 success=True
[hybrid-rollout] ep 147 (heldout_148): steps=60 success=False
[hybrid-rollout] ep 148 (heldout_149): steps=5 success=True
[hybrid-rollout] ep 149 (heldout_150): steps=4 success=True
[hybrid-rollout] ep 150 (heldout_151): steps=5 success=True
[hybrid-rollout] ep 151 (heldout_152): steps=6 success=True
[hybrid-rollout] ep 152 (heldout_153): steps=5 success=True
[hybrid-rollout] ep 153 (heldout_154): steps=60 success=False
[hybrid-rollout] ep 154 (heldout_155): steps=60 success=False
[hybrid-rollout] ep 155 (heldout_156): steps=4 success=False
[hybrid-rollout] ep 156 (heldout_157): steps=6 success=True
[hybrid-rollout] ep 157 (heldout_158): steps=3 success=False
[hybrid-rollout] ep 158 (heldout_159): steps=6 success=True
[hybrid-rollout] ep 159 (heldout_160): steps=60 success=False
[hybrid-rollout] ep 160 (heldout_161): steps=60 success=False
[hybrid-rollout] ep 161 (heldout_162): steps=5 success=True
[hybrid-rollout] ep 162 (heldout_163): steps=4 success=True
[hybrid-rollout] ep 163 (heldout_164): steps=4 success=True
[hybrid-rollout] ep 164 (heldout_165): steps=5 success=True
[hybrid-rollout] ep 165 (heldout_166): steps=4 success=True
[hybrid-rollout] ep 166 (heldout_167): steps=60 success=False
[hybrid-rollout] ep 167 (heldout_168): steps=4 success=True
[hybrid-rollout] ep 168 (heldout_169): steps=6 success=True
[hybrid-rollout] ep 169 (heldout_170): steps=5 success=False
[hybrid-rollout] ep 170 (heldout_171): steps=4 success=True
[hybrid-rollout] ep 171 (heldout_172): steps=5 success=True
[hybrid-rollout] ep 172 (heldout_173): steps=4 success=True
[hybrid-rollout] ep 173 (heldout_174): steps=5 success=True
[hybrid-rollout] ep 174 (heldout_175): steps=7 success=True
[hybrid-rollout] ep 175 (heldout_176): steps=60 success=False
[hybrid-rollout] ep 176 (heldout_177): steps=6 success=True
[hybrid-rollout] ep 177 (heldout_178): steps=5 success=True
[hybrid-rollout] ep 178 (heldout_179): steps=5 success=True
[hybrid-rollout] ep 179 (heldout_180): steps=4 success=True
[hybrid-rollout] ep 180 (heldout_181): steps=5 success=True
[hybrid-rollout] ep 181 (heldout_182): steps=4 success=True
[hybrid-rollout] ep 182 (heldout_183): steps=5 success=True
[hybrid-rollout] ep 183 (heldout_184): steps=7 success=True
[hybrid-rollout] ep 184 (heldout_185): steps=5 success=True
[hybrid-rollout] ep 185 (heldout_186): steps=4 success=True
[hybrid-rollout] ep 186 (heldout_187): steps=5 success=True
[hybrid-rollout] ep 187 (heldout_188): steps=5 success=True
[hybrid-rollout] ep 188 (heldout_189): steps=5 success=True
[hybrid-rollout] ep 189 (heldout_190): steps=7 success=True
[hybrid-rollout] ep 190 (heldout_191): steps=4 success=True
[hybrid-rollout] ep 191 (heldout_192): steps=5 success=True
[hybrid-rollout] ep 192 (heldout_193): steps=7 success=True
[hybrid-rollout] ep 193 (heldout_194): steps=6 success=True
[hybrid-rollout] ep 194 (heldout_195): steps=5 success=True
[hybrid-rollout] ep 195 (heldout_196): steps=4 success=True
[hybrid-rollout] ep 196 (heldout_197): steps=5 success=True
[hybrid-rollout] ep 197 (heldout_198): steps=60 success=False
[hybrid-rollout] ep 198 (heldout_199): steps=4 success=True
[hybrid-rollout] ep 199 (heldout_200): steps=4 success=True
[hybrid-rollout] DONE successes=169/200
[20:07:56] [replay_p4] run 1 round 6: extras=6 heldout_sr=0.845
[20:07:56] [replay_p4] $ /home/s226137394/.conda/envs/maze/bin/python3 -u -m Equivariant_pathway.equivariant_CNN_hybrid.baseline_vs_p4.pool_x_selector.trainer.finetune_replay --demo_dir /weka/s226137394/DmNfull/Equivariant_pathway/equivariant_CNN_hybrid/baseline_vs_p4/pool_x_selector/results_hpsweep/e150_lr5e-05_rm0.7_do0.1/run_1/p4_top3_rotate/demos --checkpoint_dir /weka/s226137394/DmNfull/Equivariant_pathway/equivariant_CNN_hybrid/baseline_vs_p4/pool_x_selector/results_hpsweep/e150_lr5e-05_rm0.7_do0.1/run_1/p4_top3_rotate/checkpoints --epochs 150 --batch_size 64 --lr 5e-05 --weight_decay 0.0001 --replay_mix 0.7 --replay_mix_floor 0.2 --head_dropout 0.1 --seed 1 --resume --new_demos_dir /weka/s226137394/DmNfull/Equivariant_pathway/equivariant_CNN_hybrid/baseline_vs_p4/pool_x_selector/results_hpsweep/e150_lr5e-05_rm0.7_do0.1/run_1/p4_top3_rotate/demos/round_007
[finetune_replay] device=cuda demo_dir=/weka/s226137394/DmNfull/Equivariant_pathway/equivariant_CNN_hybrid/baseline_vs_p4/pool_x_selector/results_hpsweep/e150_lr5e-05_rm0.7_do0.1/run_1/p4_top3_rotate/demos new_demos_dir=/weka/s226137394/DmNfull/Equivariant_pathway/equivariant_CNN_hybrid/baseline_vs_p4/pool_x_selector/results_hpsweep/e150_lr5e-05_rm0.7_do0.1/run_1/p4_top3_rotate/demos/round_007
[hybrid-dataset] 26 demos -> 136 samples
[hybrid-dataset] 1 demos -> 6 samples
[finetune_replay] sampler audit: {'n_old_samples': 136, 'n_new_samples': 6, 'replay_mix_target': 0.7, 'replay_mix_effective': 0.7, 'replay_mix_floor': 0.2}
[finetune_replay] trainable params: 1,400,028
[finetune_replay] WARM START from last_hybrid_policy.pth
[finetune_replay] ep   1/150 | train loss=0.0389 top1=1.000 | val loss=0.0113 | t=0.7s  *
[finetune_replay] ep   2/150 | train loss=0.0136 top1=1.000 | val loss=0.0208 | t=0.2s
[finetune_replay] ep   3/150 | train loss=0.0065 top1=1.000 | val loss=0.0104 | t=0.1s  *
[finetune_replay] ep   4/150 | train loss=0.0122 top1=1.000 | val loss=0.0025 | t=0.1s  *
[finetune_replay] ep   5/150 | train loss=0.0037 top1=1.000 | val loss=0.0040 | t=0.1s
[finetune_replay] ep   6/150 | train loss=0.0013 top1=1.000 | val loss=0.0159 | t=0.1s
[finetune_replay] ep   7/150 | train loss=0.0033 top1=1.000 | val loss=0.0093 | t=0.1s
[finetune_replay] ep   8/150 | train loss=0.0024 top1=1.000 | val loss=0.0027 | t=0.1s
[finetune_replay] ep   9/150 | train loss=0.0013 top1=1.000 | val loss=0.0019 | t=0.1s  *
[finetune_replay] ep  10/150 | train loss=0.0016 top1=1.000 | val loss=0.0040 | t=0.2s
[finetune_replay] ep  11/150 | train loss=0.0011 top1=1.000 | val loss=0.0095 | t=0.1s
[finetune_replay] ep  12/150 | train loss=0.0011 top1=1.000 | val loss=0.0133 | t=0.1s
[finetune_replay] ep  13/150 | train loss=0.0014 top1=1.000 | val loss=0.0110 | t=0.1s
[finetune_replay] ep  14/150 | train loss=0.0010 top1=1.000 | val loss=0.0076 | t=0.1s
[finetune_replay] ep  15/150 | train loss=0.0010 top1=1.000 | val loss=0.0041 | t=0.1s
[finetune_replay] ep  16/150 | train loss=0.0007 top1=1.000 | val loss=0.0028 | t=0.1s
[finetune_replay] ep  17/150 | train loss=0.0009 top1=1.000 | val loss=0.0034 | t=0.1s
[finetune_replay] ep  18/150 | train loss=0.0008 top1=1.000 | val loss=0.0056 | t=0.1s
[finetune_replay] ep  19/150 | train loss=0.0005 top1=1.000 | val loss=0.0070 | t=0.1s
[finetune_replay] ep  20/150 | train loss=0.0007 top1=1.000 | val loss=0.0074 | t=0.1s
[finetune_replay] ep  21/150 | train loss=0.0007 top1=1.000 | val loss=0.0068 | t=0.1s
[finetune_replay] ep  22/150 | train loss=0.0006 top1=1.000 | val loss=0.0053 | t=0.1s
[finetune_replay] ep  23/150 | train loss=0.0005 top1=1.000 | val loss=0.0043 | t=0.1s
[finetune_replay] ep  24/150 | train loss=0.0006 top1=1.000 | val loss=0.0042 | t=0.1s
[finetune_replay] ep  25/150 | train loss=0.0006 top1=1.000 | val loss=0.0040 | t=0.1s
[finetune_replay] ep  26/150 | train loss=0.0004 top1=1.000 | val loss=0.0046 | t=0.1s
[finetune_replay] ep  27/150 | train loss=0.0005 top1=1.000 | val loss=0.0047 | t=0.1s
[finetune_replay] ep  28/150 | train loss=0.0004 top1=1.000 | val loss=0.0048 | t=0.1s
[finetune_replay] ep  29/150 | train loss=0.0005 top1=1.000 | val loss=0.0045 | t=0.1s
[finetune_replay] ep  30/150 | train loss=0.0004 top1=1.000 | val loss=0.0040 | t=0.1s
[finetune_replay] ep  31/150 | train loss=0.0005 top1=1.000 | val loss=0.0038 | t=0.1s
[finetune_replay] ep  32/150 | train loss=0.0004 top1=1.000 | val loss=0.0038 | t=0.1s
[finetune_replay] ep  33/150 | train loss=0.0005 top1=1.000 | val loss=0.0039 | t=0.1s
[finetune_replay] ep  34/150 | train loss=0.0006 top1=1.000 | val loss=0.0047 | t=0.1s
[finetune_replay] ep  35/150 | train loss=0.0005 top1=1.000 | val loss=0.0049 | t=0.1s
[finetune_replay] ep  36/150 | train loss=0.0005 top1=1.000 | val loss=0.0048 | t=0.1s
[finetune_replay] ep  37/150 | train loss=0.0004 top1=1.000 | val loss=0.0049 | t=0.1s
[finetune_replay] ep  38/150 | train loss=0.0005 top1=1.000 | val loss=0.0046 | t=0.1s
[finetune_replay] ep  39/150 | train loss=0.0005 top1=1.000 | val loss=0.0037 | t=0.1s
[finetune_replay] ep  40/150 | train loss=0.0004 top1=1.000 | val loss=0.0034 | t=0.1s
[finetune_replay] ep  41/150 | train loss=0.0004 top1=1.000 | val loss=0.0035 | t=0.1s
[finetune_replay] ep  42/150 | train loss=0.0003 top1=1.000 | val loss=0.0034 | t=0.1s
[finetune_replay] ep  43/150 | train loss=0.0004 top1=1.000 | val loss=0.0034 | t=0.1s
[finetune_replay] ep  44/150 | train loss=0.0004 top1=1.000 | val loss=0.0032 | t=0.1s
[finetune_replay] ep  45/150 | train loss=0.0005 top1=1.000 | val loss=0.0033 | t=0.1s
[finetune_replay] ep  46/150 | train loss=0.0003 top1=1.000 | val loss=0.0038 | t=0.1s
[finetune_replay] ep  47/150 | train loss=0.0004 top1=1.000 | val loss=0.0040 | t=0.1s
[finetune_replay] ep  48/150 | train loss=0.0004 top1=1.000 | val loss=0.0043 | t=0.1s
[finetune_replay] ep  49/150 | train loss=0.0004 top1=1.000 | val loss=0.0041 | t=0.1s
[finetune_replay] ep  50/150 | train loss=0.0004 top1=1.000 | val loss=0.0036 | t=0.1s
[finetune_replay] ep  51/150 | train loss=0.0004 top1=1.000 | val loss=0.0033 | t=0.1s
[finetune_replay] ep  52/150 | train loss=0.0004 top1=1.000 | val loss=0.0029 | t=0.1s
[finetune_replay] ep  53/150 | train loss=0.0004 top1=1.000 | val loss=0.0028 | t=0.1s
[finetune_replay] ep  54/150 | train loss=0.0004 top1=1.000 | val loss=0.0030 | t=0.1s
[finetune_replay] ep  55/150 | train loss=0.0004 top1=1.000 | val loss=0.0035 | t=0.1s
[finetune_replay] ep  56/150 | train loss=0.0004 top1=1.000 | val loss=0.0035 | t=0.1s
[finetune_replay] ep  57/150 | train loss=0.0006 top1=1.000 | val loss=0.0032 | t=0.1s
[finetune_replay] ep  58/150 | train loss=0.0005 top1=1.000 | val loss=0.0029 | t=0.1s
[finetune_replay] ep  59/150 | train loss=0.0003 top1=1.000 | val loss=0.0028 | t=0.1s
[finetune_replay] ep  60/150 | train loss=0.0003 top1=1.000 | val loss=0.0033 | t=0.1s
[finetune_replay] ep  61/150 | train loss=0.0005 top1=1.000 | val loss=0.0033 | t=0.1s
[finetune_replay] ep  62/150 | train loss=0.0004 top1=1.000 | val loss=0.0030 | t=0.1s
[finetune_replay] ep  63/150 | train loss=0.0004 top1=1.000 | val loss=0.0031 | t=0.1s
[finetune_replay] ep  64/150 | train loss=0.0003 top1=1.000 | val loss=0.0036 | t=0.1s
[finetune_replay] ep  65/150 | train loss=0.0003 top1=1.000 | val loss=0.0043 | t=0.1s
[finetune_replay] ep  66/150 | train loss=0.0003 top1=1.000 | val loss=0.0050 | t=0.1s
[finetune_replay] ep  67/150 | train loss=0.0003 top1=1.000 | val loss=0.0050 | t=0.1s
[finetune_replay] ep  68/150 | train loss=0.0003 top1=1.000 | val loss=0.0046 | t=0.1s
[finetune_replay] ep  69/150 | train loss=0.0004 top1=1.000 | val loss=0.0039 | t=0.1s
[finetune_replay] ep  70/150 | train loss=0.0004 top1=1.000 | val loss=0.0031 | t=0.1s
[finetune_replay] ep  71/150 | train loss=0.0004 top1=1.000 | val loss=0.0026 | t=0.1s
[finetune_replay] ep  72/150 | train loss=0.0002 top1=1.000 | val loss=0.0023 | t=0.1s
[finetune_replay] ep  73/150 | train loss=0.0005 top1=1.000 | val loss=0.0023 | t=0.1s
[finetune_replay] ep  74/150 | train loss=0.0003 top1=1.000 | val loss=0.0026 | t=0.1s
[finetune_replay] ep  75/150 | train loss=0.0003 top1=1.000 | val loss=0.0030 | t=0.1s
[finetune_replay] ep  76/150 | train loss=0.0003 top1=1.000 | val loss=0.0037 | t=0.1s
[finetune_replay] ep  77/150 | train loss=0.0003 top1=1.000 | val loss=0.0043 | t=0.1s
[finetune_replay] ep  78/150 | train loss=0.0003 top1=1.000 | val loss=0.0044 | t=0.1s
[finetune_replay] ep  79/150 | train loss=0.0004 top1=1.000 | val loss=0.0044 | t=0.1s
[finetune_replay] ep  80/150 | train loss=0.0003 top1=1.000 | val loss=0.0042 | t=0.1s
[finetune_replay] ep  81/150 | train loss=0.0003 top1=1.000 | val loss=0.0036 | t=0.1s
[finetune_replay] ep  82/150 | train loss=0.0004 top1=1.000 | val loss=0.0034 | t=0.1s
[finetune_replay] ep  83/150 | train loss=0.0002 top1=1.000 | val loss=0.0035 | t=0.1s
[finetune_replay] ep  84/150 | train loss=0.0004 top1=1.000 | val loss=0.0034 | t=0.1s
[finetune_replay] ep  85/150 | train loss=0.0003 top1=1.000 | val loss=0.0034 | t=0.1s
[finetune_replay] ep  86/150 | train loss=0.0003 top1=1.000 | val loss=0.0036 | t=0.1s
[finetune_replay] ep  87/150 | train loss=0.0003 top1=1.000 | val loss=0.0035 | t=0.1s
[finetune_replay] ep  88/150 | train loss=0.0003 top1=1.000 | val loss=0.0032 | t=0.1s
[finetune_replay] ep  89/150 | train loss=0.0003 top1=1.000 | val loss=0.0031 | t=0.1s
[finetune_replay] ep  90/150 | train loss=0.0004 top1=1.000 | val loss=0.0032 | t=0.1s
[finetune_replay] ep  91/150 | train loss=0.0003 top1=1.000 | val loss=0.0032 | t=0.1s
[finetune_replay] ep  92/150 | train loss=0.0003 top1=1.000 | val loss=0.0033 | t=0.1s
[finetune_replay] ep  93/150 | train loss=0.0003 top1=1.000 | val loss=0.0034 | t=0.1s
[finetune_replay] ep  94/150 | train loss=0.0003 top1=1.000 | val loss=0.0030 | t=0.1s
[finetune_replay] ep  95/150 | train loss=0.0003 top1=1.000 | val loss=0.0026 | t=0.1s
[finetune_replay] ep  96/150 | train loss=0.0003 top1=1.000 | val loss=0.0024 | t=0.1s
[finetune_replay] ep  97/150 | train loss=0.0003 top1=1.000 | val loss=0.0025 | t=0.1s
[finetune_replay] ep  98/150 | train loss=0.0003 top1=1.000 | val loss=0.0026 | t=0.1s
[finetune_replay] ep  99/150 | train loss=0.0004 top1=1.000 | val loss=0.0027 | t=0.1s
[finetune_replay] ep 100/150 | train loss=0.0002 top1=1.000 | val loss=0.0032 | t=0.1s
[finetune_replay] ep 101/150 | train loss=0.0003 top1=1.000 | val loss=0.0036 | t=0.1s
[finetune_replay] ep 102/150 | train loss=0.0003 top1=1.000 | val loss=0.0039 | t=0.1s
[finetune_replay] ep 103/150 | train loss=0.0003 top1=1.000 | val loss=0.0040 | t=0.1s
[finetune_replay] ep 104/150 | train loss=0.0003 top1=1.000 | val loss=0.0039 | t=0.1s
[finetune_replay] ep 105/150 | train loss=0.0003 top1=1.000 | val loss=0.0039 | t=0.1s
[finetune_replay] ep 106/150 | train loss=0.0003 top1=1.000 | val loss=0.0039 | t=0.1s
[finetune_replay] ep 107/150 | train loss=0.0003 top1=1.000 | val loss=0.0039 | t=0.1s
[finetune_replay] ep 108/150 | train loss=0.0003 top1=1.000 | val loss=0.0037 | t=0.1s
[finetune_replay] ep 109/150 | train loss=0.0002 top1=1.000 | val loss=0.0035 | t=0.1s
[finetune_replay] ep 110/150 | train loss=0.0004 top1=1.000 | val loss=0.0034 | t=0.1s
[finetune_replay] ep 111/150 | train loss=0.0003 top1=1.000 | val loss=0.0035 | t=0.1s
[finetune_replay] ep 112/150 | train loss=0.0004 top1=1.000 | val loss=0.0039 | t=0.1s
[finetune_replay] ep 113/150 | train loss=0.0003 top1=1.000 | val loss=0.0039 | t=0.1s
[finetune_replay] ep 114/150 | train loss=0.0002 top1=1.000 | val loss=0.0040 | t=0.1s
[finetune_replay] ep 115/150 | train loss=0.0003 top1=1.000 | val loss=0.0038 | t=0.1s
[finetune_replay] ep 116/150 | train loss=0.0003 top1=1.000 | val loss=0.0039 | t=0.1s
[finetune_replay] ep 117/150 | train loss=0.0003 top1=1.000 | val loss=0.0038 | t=0.1s
[finetune_replay] ep 118/150 | train loss=0.0003 top1=1.000 | val loss=0.0037 | t=0.1s
[finetune_replay] ep 119/150 | train loss=0.0003 top1=1.000 | val loss=0.0036 | t=0.1s
[finetune_replay] ep 120/150 | train loss=0.0002 top1=1.000 | val loss=0.0036 | t=0.1s
[finetune_replay] ep 121/150 | train loss=0.0003 top1=1.000 | val loss=0.0034 | t=0.1s
[finetune_replay] ep 122/150 | train loss=0.0003 top1=1.000 | val loss=0.0033 | t=0.1s
[finetune_replay] ep 123/150 | train loss=0.0003 top1=1.000 | val loss=0.0033 | t=0.1s
[finetune_replay] ep 124/150 | train loss=0.0002 top1=1.000 | val loss=0.0031 | t=0.1s
[finetune_replay] ep 125/150 | train loss=0.0004 top1=1.000 | val loss=0.0029 | t=0.1s
[finetune_replay] ep 126/150 | train loss=0.0002 top1=1.000 | val loss=0.0028 | t=0.1s
[finetune_replay] ep 127/150 | train loss=0.0003 top1=1.000 | val loss=0.0028 | t=0.1s
[finetune_replay] ep 128/150 | train loss=0.0004 top1=1.000 | val loss=0.0028 | t=0.1s
[finetune_replay] ep 129/150 | train loss=0.0002 top1=1.000 | val loss=0.0029 | t=0.1s
[finetune_replay] ep 130/150 | train loss=0.0002 top1=1.000 | val loss=0.0027 | t=0.1s
[finetune_replay] ep 131/150 | train loss=0.0003 top1=1.000 | val loss=0.0028 | t=0.1s
[finetune_replay] ep 132/150 | train loss=0.0003 top1=1.000 | val loss=0.0028 | t=0.1s
[finetune_replay] ep 133/150 | train loss=0.0002 top1=1.000 | val loss=0.0029 | t=0.1s
[finetune_replay] ep 134/150 | train loss=0.0003 top1=1.000 | val loss=0.0028 | t=0.1s
[finetune_replay] ep 135/150 | train loss=0.0004 top1=1.000 | val loss=0.0028 | t=0.1s
[finetune_replay] ep 136/150 | train loss=0.0003 top1=1.000 | val loss=0.0028 | t=0.1s
[finetune_replay] ep 137/150 | train loss=0.0004 top1=1.000 | val loss=0.0030 | t=0.1s
[finetune_replay] ep 138/150 | train loss=0.0004 top1=1.000 | val loss=0.0027 | t=0.1s
[finetune_replay] ep 139/150 | train loss=0.0002 top1=1.000 | val loss=0.0028 | t=0.1s
[finetune_replay] ep 140/150 | train loss=0.0003 top1=1.000 | val loss=0.0028 | t=0.1s
[finetune_replay] ep 141/150 | train loss=0.0002 top1=1.000 | val loss=0.0027 | t=0.1s
[finetune_replay] ep 142/150 | train loss=0.0003 top1=1.000 | val loss=0.0027 | t=0.1s
[finetune_replay] ep 143/150 | train loss=0.0002 top1=1.000 | val loss=0.0027 | t=0.1s
[finetune_replay] ep 144/150 | train loss=0.0003 top1=1.000 | val loss=0.0027 | t=0.1s
[finetune_replay] ep 145/150 | train loss=0.0003 top1=1.000 | val loss=0.0028 | t=0.1s
[finetune_replay] ep 146/150 | train loss=0.0003 top1=1.000 | val loss=0.0029 | t=0.1s
[finetune_replay] ep 147/150 | train loss=0.0003 top1=1.000 | val loss=0.0028 | t=0.1s
[finetune_replay] ep 148/150 | train loss=0.0002 top1=1.000 | val loss=0.0028 | t=0.1s
[finetune_replay] ep 149/150 | train loss=0.0003 top1=1.000 | val loss=0.0029 | t=0.1s
[finetune_replay] ep 150/150 | train loss=0.0003 top1=1.000 | val loss=0.0030 | t=0.1s
[finetune_replay] DONE best_val_loss=0.0019 @ epoch 9
[20:08:25] [bo-budget] $ /home/s226137394/.conda/envs/maze/bin/python3 -u -m Equivariant_pathway.equivariant_CNN_hybrid.rollout_test --checkpoint /weka/s226137394/DmNfull/Equivariant_pathway/equivariant_CNN_hybrid/baseline_vs_p4/pool_x_selector/results_hpsweep/e150_lr5e-05_rm0.7_do0.1/run_1/p4_top3_rotate/checkpoints/best_hybrid_policy.pth --layouts /weka/s226137394/DmNfull/Equivariant_pathway/equivariant_CNN_hybrid/baseline_vs_p4/shared/heldout_layouts.yaml --out_dir /weka/s226137394/DmNfull/Equivariant_pathway/equivariant_CNN_hybrid/baseline_vs_p4/pool_x_selector/results_hpsweep/e150_lr5e-05_rm0.7_do0.1/run_1/p4_top3_rotate/results/eval_round_007 --seed 8 --max_steps 60
[hybrid-rollout] 200 unique; running 200 eps
[hybrid-rollout] loaded /weka/s226137394/DmNfull/Equivariant_pathway/equivariant_CNN_hybrid/baseline_vs_p4/pool_x_selector/results_hpsweep/e150_lr5e-05_rm0.7_do0.1/run_1/p4_top3_rotate/checkpoints/best_hybrid_policy.pth
[hybrid-rollout] ep 0 (heldout_001): steps=5 success=True
[hybrid-rollout] ep 1 (heldout_002): steps=4 success=True
[hybrid-rollout] ep 2 (heldout_003): steps=4 success=True
[hybrid-rollout] ep 3 (heldout_004): steps=6 success=True
[hybrid-rollout] ep 4 (heldout_005): steps=5 success=True
[hybrid-rollout] ep 5 (heldout_006): steps=3 success=False
[hybrid-rollout] ep 6 (heldout_007): steps=5 success=True
[hybrid-rollout] ep 7 (heldout_008): steps=1 success=False
[hybrid-rollout] ep 8 (heldout_009): steps=2 success=False
[hybrid-rollout] ep 9 (heldout_010): steps=8 success=True
[hybrid-rollout] ep 10 (heldout_011): steps=4 success=True
[hybrid-rollout] ep 11 (heldout_012): steps=4 success=True
[hybrid-rollout] ep 12 (heldout_013): steps=5 success=True
[hybrid-rollout] ep 13 (heldout_014): steps=5 success=True
[hybrid-rollout] ep 14 (heldout_015): steps=4 success=True
[hybrid-rollout] ep 15 (heldout_016): steps=5 success=True
[hybrid-rollout] ep 16 (heldout_017): steps=4 success=True
[hybrid-rollout] ep 17 (heldout_018): steps=60 success=False
[hybrid-rollout] ep 18 (heldout_019): steps=5 success=True
[hybrid-rollout] ep 19 (heldout_020): steps=5 success=True
[hybrid-rollout] ep 20 (heldout_021): steps=4 success=True
[hybrid-rollout] ep 21 (heldout_022): steps=60 success=False
[hybrid-rollout] ep 22 (heldout_023): steps=60 success=False
[hybrid-rollout] ep 23 (heldout_024): steps=60 success=False
[hybrid-rollout] ep 24 (heldout_025): steps=4 success=True
[hybrid-rollout] ep 25 (heldout_026): steps=4 success=True
[hybrid-rollout] ep 26 (heldout_027): steps=4 success=True
[hybrid-rollout] ep 27 (heldout_028): steps=4 success=True
[hybrid-rollout] ep 28 (heldout_029): steps=7 success=True
[hybrid-rollout] ep 29 (heldout_030): steps=9 success=True
[hybrid-rollout] ep 30 (heldout_031): steps=5 success=True
[hybrid-rollout] ep 31 (heldout_032): steps=5 success=True
[hybrid-rollout] ep 32 (heldout_033): steps=4 success=True
[hybrid-rollout] ep 33 (heldout_034): steps=5 success=True
[hybrid-rollout] ep 34 (heldout_035): steps=6 success=True
[hybrid-rollout] ep 35 (heldout_036): steps=5 success=True
[hybrid-rollout] ep 36 (heldout_037): steps=4 success=True
[hybrid-rollout] ep 37 (heldout_038): steps=5 success=True
[hybrid-rollout] ep 38 (heldout_039): steps=6 success=True
[hybrid-rollout] ep 39 (heldout_040): steps=5 success=True
[hybrid-rollout] ep 40 (heldout_041): steps=60 success=False
[hybrid-rollout] ep 41 (heldout_042): steps=4 success=True
[hybrid-rollout] ep 42 (heldout_043): steps=4 success=True
[hybrid-rollout] ep 43 (heldout_044): steps=5 success=True
[hybrid-rollout] ep 44 (heldout_045): steps=3 success=False
[hybrid-rollout] ep 45 (heldout_046): steps=4 success=True
[hybrid-rollout] ep 46 (heldout_047): steps=60 success=False
[hybrid-rollout] ep 47 (heldout_048): steps=6 success=True
[hybrid-rollout] ep 48 (heldout_049): steps=5 success=True
[hybrid-rollout] ep 49 (heldout_050): steps=4 success=True
[hybrid-rollout] ep 50 (heldout_051): steps=4 success=True
[hybrid-rollout] ep 51 (heldout_052): steps=4 success=True
[hybrid-rollout] ep 52 (heldout_053): steps=6 success=True
[hybrid-rollout] ep 53 (heldout_054): steps=4 success=True
[hybrid-rollout] ep 54 (heldout_055): steps=60 success=False
[hybrid-rollout] ep 55 (heldout_056): steps=4 success=True
[hybrid-rollout] ep 56 (heldout_057): steps=4 success=True
[hybrid-rollout] ep 57 (heldout_058): steps=4 success=True
[hybrid-rollout] ep 58 (heldout_059): steps=5 success=True
[hybrid-rollout] ep 59 (heldout_060): steps=6 success=True
[hybrid-rollout] ep 60 (heldout_061): steps=5 success=True
[hybrid-rollout] ep 61 (heldout_062): steps=6 success=True
[hybrid-rollout] ep 62 (heldout_063): steps=5 success=True
[hybrid-rollout] ep 63 (heldout_064): steps=4 success=True
[hybrid-rollout] ep 64 (heldout_065): steps=7 success=True
[hybrid-rollout] ep 65 (heldout_066): steps=6 success=True
[hybrid-rollout] ep 66 (heldout_067): steps=5 success=True
[hybrid-rollout] ep 67 (heldout_068): steps=4 success=True
[hybrid-rollout] ep 68 (heldout_069): steps=4 success=True
[hybrid-rollout] ep 69 (heldout_070): steps=60 success=False
[hybrid-rollout] ep 70 (heldout_071): steps=5 success=True
[hybrid-rollout] ep 71 (heldout_072): steps=5 success=True
[hybrid-rollout] ep 72 (heldout_073): steps=60 success=False
[hybrid-rollout] ep 73 (heldout_074): steps=4 success=True
[hybrid-rollout] ep 74 (heldout_075): steps=5 success=True
[hybrid-rollout] ep 75 (heldout_076): steps=7 success=True
[hybrid-rollout] ep 76 (heldout_077): steps=4 success=True
[hybrid-rollout] ep 77 (heldout_078): steps=3 success=False
[hybrid-rollout] ep 78 (heldout_079): steps=4 success=True
[hybrid-rollout] ep 79 (heldout_080): steps=4 success=True
[hybrid-rollout] ep 80 (heldout_081): steps=5 success=True
[hybrid-rollout] ep 81 (heldout_082): steps=5 success=True
[hybrid-rollout] ep 82 (heldout_083): steps=4 success=True
[hybrid-rollout] ep 83 (heldout_084): steps=5 success=True
[hybrid-rollout] ep 84 (heldout_085): steps=60 success=False
[hybrid-rollout] ep 85 (heldout_086): steps=6 success=True
[hybrid-rollout] ep 86 (heldout_087): steps=5 success=True
[hybrid-rollout] ep 87 (heldout_088): steps=4 success=True
[hybrid-rollout] ep 88 (heldout_089): steps=3 success=False
[hybrid-rollout] ep 89 (heldout_090): steps=4 success=True
[hybrid-rollout] ep 90 (heldout_091): steps=5 success=True
[hybrid-rollout] ep 91 (heldout_092): steps=5 success=True
[hybrid-rollout] ep 92 (heldout_093): steps=6 success=True
[hybrid-rollout] ep 93 (heldout_094): steps=6 success=True
[hybrid-rollout] ep 94 (heldout_095): steps=9 success=True
[hybrid-rollout] ep 95 (heldout_096): steps=5 success=True
[hybrid-rollout] ep 96 (heldout_097): steps=5 success=True
[hybrid-rollout] ep 97 (heldout_098): steps=5 success=True
[hybrid-rollout] ep 98 (heldout_099): steps=60 success=False
[hybrid-rollout] ep 99 (heldout_100): steps=8 success=True
[hybrid-rollout] ep 100 (heldout_101): steps=4 success=True
[hybrid-rollout] ep 101 (heldout_102): steps=4 success=True
[hybrid-rollout] ep 102 (heldout_103): steps=4 success=True
[hybrid-rollout] ep 103 (heldout_104): steps=6 success=True
[hybrid-rollout] ep 104 (heldout_105): steps=4 success=True
[hybrid-rollout] ep 105 (heldout_106): steps=6 success=True
[hybrid-rollout] ep 106 (heldout_107): steps=3 success=False
[hybrid-rollout] ep 107 (heldout_108): steps=4 success=True
[hybrid-rollout] ep 108 (heldout_109): steps=4 success=True
[hybrid-rollout] ep 109 (heldout_110): steps=4 success=True
[hybrid-rollout] ep 110 (heldout_111): steps=60 success=False
[hybrid-rollout] ep 111 (heldout_112): steps=5 success=True
[hybrid-rollout] ep 112 (heldout_113): steps=7 success=True
[hybrid-rollout] ep 113 (heldout_114): steps=4 success=True
[hybrid-rollout] ep 114 (heldout_115): steps=4 success=True
[hybrid-rollout] ep 115 (heldout_116): steps=5 success=True
[hybrid-rollout] ep 116 (heldout_117): steps=7 success=True
[hybrid-rollout] ep 117 (heldout_118): steps=60 success=False
[hybrid-rollout] ep 118 (heldout_119): steps=4 success=True
[hybrid-rollout] ep 119 (heldout_120): steps=7 success=True
[hybrid-rollout] ep 120 (heldout_121): steps=4 success=True
[hybrid-rollout] ep 121 (heldout_122): steps=4 success=True
[hybrid-rollout] ep 122 (heldout_123): steps=6 success=True
[hybrid-rollout] ep 123 (heldout_124): steps=8 success=True
[hybrid-rollout] ep 124 (heldout_125): steps=4 success=True
[hybrid-rollout] ep 125 (heldout_126): steps=4 success=True
[hybrid-rollout] ep 126 (heldout_127): steps=60 success=False
[hybrid-rollout] ep 127 (heldout_128): steps=60 success=False
[hybrid-rollout] ep 128 (heldout_129): steps=4 success=True
[hybrid-rollout] ep 129 (heldout_130): steps=6 success=True
[hybrid-rollout] ep 130 (heldout_131): steps=60 success=False
[hybrid-rollout] ep 131 (heldout_132): steps=3 success=False
[hybrid-rollout] ep 132 (heldout_133): steps=4 success=True
[hybrid-rollout] ep 133 (heldout_134): steps=7 success=True
[hybrid-rollout] ep 134 (heldout_135): steps=6 success=True
[hybrid-rollout] ep 135 (heldout_136): steps=5 success=True
[hybrid-rollout] ep 136 (heldout_137): steps=5 success=True
[hybrid-rollout] ep 137 (heldout_138): steps=4 success=True
[hybrid-rollout] ep 138 (heldout_139): steps=4 success=True
[hybrid-rollout] ep 139 (heldout_140): steps=5 success=True
[hybrid-rollout] ep 140 (heldout_141): steps=5 success=True
[hybrid-rollout] ep 141 (heldout_142): steps=4 success=True
[hybrid-rollout] ep 142 (heldout_143): steps=8 success=True
[hybrid-rollout] ep 143 (heldout_144): steps=4 success=True
[hybrid-rollout] ep 144 (heldout_145): steps=5 success=True
[hybrid-rollout] ep 145 (heldout_146): steps=60 success=False
[hybrid-rollout] ep 146 (heldout_147): steps=4 success=True
[hybrid-rollout] ep 147 (heldout_148): steps=60 success=False
[hybrid-rollout] ep 148 (heldout_149): steps=7 success=True
[hybrid-rollout] ep 149 (heldout_150): steps=4 success=True
[hybrid-rollout] ep 150 (heldout_151): steps=5 success=True
[hybrid-rollout] ep 151 (heldout_152): steps=6 success=True
[hybrid-rollout] ep 152 (heldout_153): steps=5 success=True
[hybrid-rollout] ep 153 (heldout_154): steps=7 success=True
[hybrid-rollout] ep 154 (heldout_155): steps=6 success=True
[hybrid-rollout] ep 155 (heldout_156): steps=4 success=False
[hybrid-rollout] ep 156 (heldout_157): steps=3 success=False
[hybrid-rollout] ep 157 (heldout_158): steps=3 success=False
[hybrid-rollout] ep 158 (heldout_159): steps=6 success=True
[hybrid-rollout] ep 159 (heldout_160): steps=60 success=False
[hybrid-rollout] ep 160 (heldout_161): steps=60 success=False
[hybrid-rollout] ep 161 (heldout_162): steps=5 success=True
[hybrid-rollout] ep 162 (heldout_163): steps=4 success=True
[hybrid-rollout] ep 163 (heldout_164): steps=4 success=True
[hybrid-rollout] ep 164 (heldout_165): steps=5 success=True
[hybrid-rollout] ep 165 (heldout_166): steps=4 success=True
[hybrid-rollout] ep 166 (heldout_167): steps=60 success=False
[hybrid-rollout] ep 167 (heldout_168): steps=4 success=True
[hybrid-rollout] ep 168 (heldout_169): steps=6 success=True
[hybrid-rollout] ep 169 (heldout_170): steps=5 success=False
[hybrid-rollout] ep 170 (heldout_171): steps=4 success=True
[hybrid-rollout] ep 171 (heldout_172): steps=5 success=True
[hybrid-rollout] ep 172 (heldout_173): steps=4 success=True
[hybrid-rollout] ep 173 (heldout_174): steps=5 success=True
[hybrid-rollout] ep 174 (heldout_175): steps=60 success=False
[hybrid-rollout] ep 175 (heldout_176): steps=60 success=False
[hybrid-rollout] ep 176 (heldout_177): steps=6 success=True
[hybrid-rollout] ep 177 (heldout_178): steps=5 success=True
[hybrid-rollout] ep 178 (heldout_179): steps=5 success=True
[hybrid-rollout] ep 179 (heldout_180): steps=4 success=True
[hybrid-rollout] ep 180 (heldout_181): steps=5 success=True
[hybrid-rollout] ep 181 (heldout_182): steps=4 success=True
[hybrid-rollout] ep 182 (heldout_183): steps=5 success=True
[hybrid-rollout] ep 183 (heldout_184): steps=7 success=True
[hybrid-rollout] ep 184 (heldout_185): steps=5 success=True
[hybrid-rollout] ep 185 (heldout_186): steps=4 success=True
[hybrid-rollout] ep 186 (heldout_187): steps=5 success=True
[hybrid-rollout] ep 187 (heldout_188): steps=5 success=True
[hybrid-rollout] ep 188 (heldout_189): steps=5 success=True
[hybrid-rollout] ep 189 (heldout_190): steps=7 success=True
[hybrid-rollout] ep 190 (heldout_191): steps=4 success=True
[hybrid-rollout] ep 191 (heldout_192): steps=5 success=True
[hybrid-rollout] ep 192 (heldout_193): steps=7 success=True
[hybrid-rollout] ep 193 (heldout_194): steps=6 success=True
[hybrid-rollout] ep 194 (heldout_195): steps=5 success=True
[hybrid-rollout] ep 195 (heldout_196): steps=4 success=True
[hybrid-rollout] ep 196 (heldout_197): steps=5 success=True
[hybrid-rollout] ep 197 (heldout_198): steps=4 success=True
[hybrid-rollout] ep 198 (heldout_199): steps=4 success=True
[hybrid-rollout] ep 199 (heldout_200): steps=4 success=True
[hybrid-rollout] DONE successes=165/200
[20:09:32] [replay_p4] run 1 round 7: extras=7 heldout_sr=0.825
[20:09:32] [replay_p4] $ /home/s226137394/.conda/envs/maze/bin/python3 -u -m Equivariant_pathway.equivariant_CNN_hybrid.baseline_vs_p4.pool_x_selector.trainer.finetune_replay --demo_dir /weka/s226137394/DmNfull/Equivariant_pathway/equivariant_CNN_hybrid/baseline_vs_p4/pool_x_selector/results_hpsweep/e150_lr5e-05_rm0.7_do0.1/run_1/p4_top3_rotate/demos --checkpoint_dir /weka/s226137394/DmNfull/Equivariant_pathway/equivariant_CNN_hybrid/baseline_vs_p4/pool_x_selector/results_hpsweep/e150_lr5e-05_rm0.7_do0.1/run_1/p4_top3_rotate/checkpoints --epochs 150 --batch_size 64 --lr 5e-05 --weight_decay 0.0001 --replay_mix 0.7 --replay_mix_floor 0.2 --head_dropout 0.1 --seed 1 --resume --new_demos_dir /weka/s226137394/DmNfull/Equivariant_pathway/equivariant_CNN_hybrid/baseline_vs_p4/pool_x_selector/results_hpsweep/e150_lr5e-05_rm0.7_do0.1/run_1/p4_top3_rotate/demos/round_008
[finetune_replay] device=cuda demo_dir=/weka/s226137394/DmNfull/Equivariant_pathway/equivariant_CNN_hybrid/baseline_vs_p4/pool_x_selector/results_hpsweep/e150_lr5e-05_rm0.7_do0.1/run_1/p4_top3_rotate/demos new_demos_dir=/weka/s226137394/DmNfull/Equivariant_pathway/equivariant_CNN_hybrid/baseline_vs_p4/pool_x_selector/results_hpsweep/e150_lr5e-05_rm0.7_do0.1/run_1/p4_top3_rotate/demos/round_008
[hybrid-dataset] 27 demos -> 142 samples
[hybrid-dataset] 1 demos -> 7 samples
[finetune_replay] sampler audit: {'n_old_samples': 142, 'n_new_samples': 7, 'replay_mix_target': 0.7, 'replay_mix_effective': 0.7, 'replay_mix_floor': 0.2}
[finetune_replay] trainable params: 1,400,028
[finetune_replay] WARM START from last_hybrid_policy.pth
[finetune_replay] ep   1/150 | train loss=0.0024 top1=1.000 | val loss=0.0006 | t=0.8s  *
[finetune_replay] ep   2/150 | train loss=0.0029 top1=1.000 | val loss=0.0603 | t=0.1s
[finetune_replay] ep   3/150 | train loss=0.0054 top1=1.000 | val loss=0.0009 | t=0.1s
[finetune_replay] ep   4/150 | train loss=0.0039 top1=1.000 | val loss=0.0010 | t=0.2s
[finetune_replay] ep   5/150 | train loss=0.0051 top1=1.000 | val loss=0.0018 | t=0.1s
[finetune_replay] ep   6/150 | train loss=0.0009 top1=1.000 | val loss=0.0089 | t=0.1s
[finetune_replay] ep   7/150 | train loss=0.0015 top1=1.000 | val loss=0.0181 | t=0.1s
[finetune_replay] ep   8/150 | train loss=0.0061 top1=1.000 | val loss=0.0041 | t=0.1s
[finetune_replay] ep   9/150 | train loss=0.0010 top1=1.000 | val loss=0.0008 | t=0.1s
[finetune_replay] ep  10/150 | train loss=0.0019 top1=1.000 | val loss=0.0006 | t=0.1s  *
[finetune_replay] ep  11/150 | train loss=0.0010 top1=1.000 | val loss=0.0022 | t=0.1s
[finetune_replay] ep  12/150 | train loss=0.0020 top1=1.000 | val loss=0.0029 | t=0.2s
[finetune_replay] ep  13/150 | train loss=0.0012 top1=1.000 | val loss=0.0014 | t=0.1s
[finetune_replay] ep  14/150 | train loss=0.0007 top1=1.000 | val loss=0.0011 | t=0.1s
[finetune_replay] ep  15/150 | train loss=0.0007 top1=1.000 | val loss=0.0011 | t=0.1s
[finetune_replay] ep  16/150 | train loss=0.0004 top1=1.000 | val loss=0.0006 | t=0.1s
[finetune_replay] ep  17/150 | train loss=0.0009 top1=1.000 | val loss=0.0009 | t=0.1s
[finetune_replay] ep  18/150 | train loss=0.0006 top1=1.000 | val loss=0.0026 | t=0.1s
[finetune_replay] ep  19/150 | train loss=0.0007 top1=1.000 | val loss=0.0043 | t=0.1s
[finetune_replay] ep  20/150 | train loss=0.0005 top1=1.000 | val loss=0.0027 | t=0.1s
[finetune_replay] ep  21/150 | train loss=0.0008 top1=1.000 | val loss=0.0013 | t=0.1s
[finetune_replay] ep  22/150 | train loss=0.0004 top1=1.000 | val loss=0.0012 | t=0.1s
[finetune_replay] ep  23/150 | train loss=0.0004 top1=1.000 | val loss=0.0015 | t=0.1s
[finetune_replay] ep  24/150 | train loss=0.0003 top1=1.000 | val loss=0.0018 | t=0.1s
[finetune_replay] ep  25/150 | train loss=0.0004 top1=1.000 | val loss=0.0017 | t=0.1s
[finetune_replay] ep  26/150 | train loss=0.0005 top1=1.000 | val loss=0.0010 | t=0.1s
[finetune_replay] ep  27/150 | train loss=0.0003 top1=1.000 | val loss=0.0011 | t=0.1s
[finetune_replay] ep  28/150 | train loss=0.0003 top1=1.000 | val loss=0.0015 | t=0.1s
[finetune_replay] ep  29/150 | train loss=0.0002 top1=1.000 | val loss=0.0018 | t=0.1s
[finetune_replay] ep  30/150 | train loss=0.0003 top1=1.000 | val loss=0.0016 | t=0.1s
[finetune_replay] ep  31/150 | train loss=0.0003 top1=1.000 | val loss=0.0007 | t=0.1s
[finetune_replay] ep  32/150 | train loss=0.0004 top1=1.000 | val loss=0.0005 | t=0.2s  *
[finetune_replay] ep  33/150 | train loss=0.0003 top1=1.000 | val loss=0.0005 | t=0.1s  *
[finetune_replay] ep  34/150 | train loss=0.0003 top1=1.000 | val loss=0.0006 | t=0.1s
[finetune_replay] ep  35/150 | train loss=0.0003 top1=1.000 | val loss=0.0009 | t=0.1s
[finetune_replay] ep  36/150 | train loss=0.0003 top1=1.000 | val loss=0.0010 | t=0.1s
[finetune_replay] ep  37/150 | train loss=0.0003 top1=1.000 | val loss=0.0012 | t=0.1s
[finetune_replay] ep  38/150 | train loss=0.0004 top1=1.000 | val loss=0.0016 | t=0.1s
[finetune_replay] ep  39/150 | train loss=0.0002 top1=1.000 | val loss=0.0017 | t=0.1s
[finetune_replay] ep  40/150 | train loss=0.0003 top1=1.000 | val loss=0.0018 | t=0.1s
[finetune_replay] ep  41/150 | train loss=0.0004 top1=1.000 | val loss=0.0014 | t=0.1s
[finetune_replay] ep  42/150 | train loss=0.0004 top1=1.000 | val loss=0.0007 | t=0.1s
[finetune_replay] ep  43/150 | train loss=0.0003 top1=1.000 | val loss=0.0007 | t=0.1s
[finetune_replay] ep  44/150 | train loss=0.0006 top1=1.000 | val loss=0.0038 | t=0.1s
[finetune_replay] ep  45/150 | train loss=0.0007 top1=1.000 | val loss=0.0034 | t=0.1s
[finetune_replay] ep  46/150 | train loss=0.0006 top1=1.000 | val loss=0.0005 | t=0.1s  *
[finetune_replay] ep  47/150 | train loss=0.0026 top1=1.000 | val loss=0.0008 | t=0.1s
[finetune_replay] ep  48/150 | train loss=0.0004 top1=1.000 | val loss=0.0038 | t=0.1s
[finetune_replay] ep  49/150 | train loss=0.0005 top1=1.000 | val loss=0.0034 | t=0.1s
[finetune_replay] ep  50/150 | train loss=0.0007 top1=1.000 | val loss=0.0011 | t=0.1s
[finetune_replay] ep  51/150 | train loss=0.0004 top1=1.000 | val loss=0.0008 | t=0.1s
[finetune_replay] ep  52/150 | train loss=0.0005 top1=1.000 | val loss=0.0008 | t=0.1s
[finetune_replay] ep  53/150 | train loss=0.0004 top1=1.000 | val loss=0.0012 | t=0.1s
[finetune_replay] ep  54/150 | train loss=0.0002 top1=1.000 | val loss=0.0017 | t=0.1s
[finetune_replay] ep  55/150 | train loss=0.0003 top1=1.000 | val loss=0.0019 | t=0.1s
[finetune_replay] ep  56/150 | train loss=0.0003 top1=1.000 | val loss=0.0017 | t=0.1s
[finetune_replay] ep  57/150 | train loss=0.0004 top1=1.000 | val loss=0.0013 | t=0.1s
[finetune_replay] ep  58/150 | train loss=0.0002 top1=1.000 | val loss=0.0009 | t=0.1s
[finetune_replay] ep  59/150 | train loss=0.0003 top1=1.000 | val loss=0.0006 | t=0.1s
[finetune_replay] ep  60/150 | train loss=0.0003 top1=1.000 | val loss=0.0007 | t=0.1s
[finetune_replay] ep  61/150 | train loss=0.0004 top1=1.000 | val loss=0.0008 | t=0.1s
[finetune_replay] ep  62/150 | train loss=0.0003 top1=1.000 | val loss=0.0011 | t=0.1s
[finetune_replay] ep  63/150 | train loss=0.0004 top1=1.000 | val loss=0.0014 | t=0.1s
[finetune_replay] ep  64/150 | train loss=0.0003 top1=1.000 | val loss=0.0013 | t=0.1s
[finetune_replay] ep  65/150 | train loss=0.0003 top1=1.000 | val loss=0.0009 | t=0.1s
[finetune_replay] ep  66/150 | train loss=0.0004 top1=1.000 | val loss=0.0007 | t=0.1s
[finetune_replay] ep  67/150 | train loss=0.0005 top1=1.000 | val loss=0.0007 | t=0.1s
[finetune_replay] ep  68/150 | train loss=0.0002 top1=1.000 | val loss=0.0007 | t=0.1s
[finetune_replay] ep  69/150 | train loss=0.0003 top1=1.000 | val loss=0.0008 | t=0.1s
[finetune_replay] ep  70/150 | train loss=0.0002 top1=1.000 | val loss=0.0009 | t=0.1s
[finetune_replay] ep  71/150 | train loss=0.0002 top1=1.000 | val loss=0.0008 | t=0.1s
[finetune_replay] ep  72/150 | train loss=0.0003 top1=1.000 | val loss=0.0007 | t=0.1s
[finetune_replay] ep  73/150 | train loss=0.0002 top1=1.000 | val loss=0.0008 | t=0.1s
[finetune_replay] ep  74/150 | train loss=0.0003 top1=1.000 | val loss=0.0007 | t=0.1s
[finetune_replay] ep  75/150 | train loss=0.0003 top1=1.000 | val loss=0.0008 | t=0.1s
[finetune_replay] ep  76/150 | train loss=0.0003 top1=1.000 | val loss=0.0010 | t=0.1s
[finetune_replay] ep  77/150 | train loss=0.0004 top1=1.000 | val loss=0.0010 | t=0.1s
[finetune_replay] ep  78/150 | train loss=0.0002 top1=1.000 | val loss=0.0010 | t=0.1s
[finetune_replay] ep  79/150 | train loss=0.0003 top1=1.000 | val loss=0.0009 | t=0.1s
[finetune_replay] ep  80/150 | train loss=0.0003 top1=1.000 | val loss=0.0010 | t=0.1s
[finetune_replay] ep  81/150 | train loss=0.0003 top1=1.000 | val loss=0.0013 | t=0.1s
[finetune_replay] ep  82/150 | train loss=0.0007 top1=1.000 | val loss=0.0011 | t=0.1s
[finetune_replay] ep  83/150 | train loss=0.0003 top1=1.000 | val loss=0.0011 | t=0.1s
[finetune_replay] ep  84/150 | train loss=0.0003 top1=1.000 | val loss=0.0011 | t=0.1s
[finetune_replay] ep  85/150 | train loss=0.0003 top1=1.000 | val loss=0.0013 | t=0.1s
[finetune_replay] ep  86/150 | train loss=0.0003 top1=1.000 | val loss=0.0014 | t=0.1s
[finetune_replay] ep  87/150 | train loss=0.0002 top1=1.000 | val loss=0.0015 | t=0.1s
[finetune_replay] ep  88/150 | train loss=0.0003 top1=1.000 | val loss=0.0012 | t=0.1s
[finetune_replay] ep  89/150 | train loss=0.0002 top1=1.000 | val loss=0.0009 | t=0.1s
[finetune_replay] ep  90/150 | train loss=0.0002 top1=1.000 | val loss=0.0008 | t=0.1s
[finetune_replay] ep  91/150 | train loss=0.0002 top1=1.000 | val loss=0.0007 | t=0.1s
[finetune_replay] ep  92/150 | train loss=0.0003 top1=1.000 | val loss=0.0008 | t=0.1s
[finetune_replay] ep  93/150 | train loss=0.0002 top1=1.000 | val loss=0.0013 | t=0.1s
[finetune_replay] ep  94/150 | train loss=0.0002 top1=1.000 | val loss=0.0014 | t=0.1s
[finetune_replay] ep  95/150 | train loss=0.0002 top1=1.000 | val loss=0.0013 | t=0.1s
[finetune_replay] ep  96/150 | train loss=0.0002 top1=1.000 | val loss=0.0013 | t=0.1s
[finetune_replay] ep  97/150 | train loss=0.0003 top1=1.000 | val loss=0.0013 | t=0.1s
[finetune_replay] ep  98/150 | train loss=0.0002 top1=1.000 | val loss=0.0011 | t=0.1s
[finetune_replay] ep  99/150 | train loss=0.0002 top1=1.000 | val loss=0.0010 | t=0.1s
[finetune_replay] ep 100/150 | train loss=0.0006 top1=1.000 | val loss=0.0010 | t=0.1s
[finetune_replay] ep 101/150 | train loss=0.0002 top1=1.000 | val loss=0.0009 | t=0.1s
[finetune_replay] ep 102/150 | train loss=0.0002 top1=1.000 | val loss=0.0009 | t=0.1s
[finetune_replay] ep 103/150 | train loss=0.0002 top1=1.000 | val loss=0.0008 | t=0.1s
[finetune_replay] ep 104/150 | train loss=0.0002 top1=1.000 | val loss=0.0007 | t=0.1s
[finetune_replay] ep 105/150 | train loss=0.0002 top1=1.000 | val loss=0.0007 | t=0.1s
[finetune_replay] ep 106/150 | train loss=0.0002 top1=1.000 | val loss=0.0008 | t=0.1s
[finetune_replay] ep 107/150 | train loss=0.0003 top1=1.000 | val loss=0.0007 | t=0.1s
[finetune_replay] ep 108/150 | train loss=0.0003 top1=1.000 | val loss=0.0007 | t=0.1s
[finetune_replay] ep 109/150 | train loss=0.0002 top1=1.000 | val loss=0.0007 | t=0.1s
[finetune_replay] ep 110/150 | train loss=0.0002 top1=1.000 | val loss=0.0008 | t=0.1s
[finetune_replay] ep 111/150 | train loss=0.0002 top1=1.000 | val loss=0.0008 | t=0.1s
[finetune_replay] ep 112/150 | train loss=0.0002 top1=1.000 | val loss=0.0009 | t=0.1s
[finetune_replay] ep 113/150 | train loss=0.0002 top1=1.000 | val loss=0.0009 | t=0.1s
[finetune_replay] ep 114/150 | train loss=0.0004 top1=1.000 | val loss=0.0008 | t=0.1s
[finetune_replay] ep 115/150 | train loss=0.0002 top1=1.000 | val loss=0.0008 | t=0.1s
[finetune_replay] ep 116/150 | train loss=0.0002 top1=1.000 | val loss=0.0008 | t=0.1s
[finetune_replay] ep 117/150 | train loss=0.0002 top1=1.000 | val loss=0.0008 | t=0.1s
[finetune_replay] ep 118/150 | train loss=0.0002 top1=1.000 | val loss=0.0009 | t=0.1s
[finetune_replay] ep 119/150 | train loss=0.0002 top1=1.000 | val loss=0.0009 | t=0.1s
[finetune_replay] ep 120/150 | train loss=0.0002 top1=1.000 | val loss=0.0009 | t=0.1s
[finetune_replay] ep 121/150 | train loss=0.0002 top1=1.000 | val loss=0.0009 | t=0.1s
[finetune_replay] ep 122/150 | train loss=0.0002 top1=1.000 | val loss=0.0009 | t=0.1s
[finetune_replay] ep 123/150 | train loss=0.0001 top1=1.000 | val loss=0.0009 | t=0.1s
[finetune_replay] ep 124/150 | train loss=0.0002 top1=1.000 | val loss=0.0009 | t=0.1s
[finetune_replay] ep 125/150 | train loss=0.0002 top1=1.000 | val loss=0.0009 | t=0.1s
[finetune_replay] ep 126/150 | train loss=0.0002 top1=1.000 | val loss=0.0009 | t=0.1s
[finetune_replay] ep 127/150 | train loss=0.0002 top1=1.000 | val loss=0.0009 | t=0.1s
[finetune_replay] ep 128/150 | train loss=0.0002 top1=1.000 | val loss=0.0009 | t=0.1s
[finetune_replay] ep 129/150 | train loss=0.0002 top1=1.000 | val loss=0.0008 | t=0.1s
[finetune_replay] ep 130/150 | train loss=0.0002 top1=1.000 | val loss=0.0008 | t=0.1s
[finetune_replay] ep 131/150 | train loss=0.0002 top1=1.000 | val loss=0.0008 | t=0.1s
[finetune_replay] ep 132/150 | train loss=0.0002 top1=1.000 | val loss=0.0008 | t=0.1s
[finetune_replay] ep 133/150 | train loss=0.0002 top1=1.000 | val loss=0.0008 | t=0.1s
[finetune_replay] ep 134/150 | train loss=0.0001 top1=1.000 | val loss=0.0008 | t=0.1s
[finetune_replay] ep 135/150 | train loss=0.0002 top1=1.000 | val loss=0.0008 | t=0.1s
[finetune_replay] ep 136/150 | train loss=0.0002 top1=1.000 | val loss=0.0008 | t=0.1s
[finetune_replay] ep 137/150 | train loss=0.0002 top1=1.000 | val loss=0.0008 | t=0.1s
[finetune_replay] ep 138/150 | train loss=0.0002 top1=1.000 | val loss=0.0009 | t=0.1s
[finetune_replay] ep 139/150 | train loss=0.0002 top1=1.000 | val loss=0.0009 | t=0.1s
[finetune_replay] ep 140/150 | train loss=0.0002 top1=1.000 | val loss=0.0009 | t=0.1s
[finetune_replay] ep 141/150 | train loss=0.0002 top1=1.000 | val loss=0.0008 | t=0.1s
[finetune_replay] ep 142/150 | train loss=0.0003 top1=1.000 | val loss=0.0008 | t=0.1s
[finetune_replay] ep 143/150 | train loss=0.0002 top1=1.000 | val loss=0.0008 | t=0.1s
[finetune_replay] ep 144/150 | train loss=0.0002 top1=1.000 | val loss=0.0008 | t=0.1s
[finetune_replay] ep 145/150 | train loss=0.0002 top1=1.000 | val loss=0.0008 | t=0.1s
[finetune_replay] ep 146/150 | train loss=0.0002 top1=1.000 | val loss=0.0008 | t=0.1s
[finetune_replay] ep 147/150 | train loss=0.0002 top1=1.000 | val loss=0.0009 | t=0.1s
[finetune_replay] ep 148/150 | train loss=0.0002 top1=1.000 | val loss=0.0009 | t=0.1s
[finetune_replay] ep 149/150 | train loss=0.0002 top1=1.000 | val loss=0.0008 | t=0.1s
[finetune_replay] ep 150/150 | train loss=0.0002 top1=1.000 | val loss=0.0008 | t=0.1s
[finetune_replay] DONE best_val_loss=0.0005 @ epoch 46
[20:10:03] [bo-budget] $ /home/s226137394/.conda/envs/maze/bin/python3 -u -m Equivariant_pathway.equivariant_CNN_hybrid.rollout_test --checkpoint /weka/s226137394/DmNfull/Equivariant_pathway/equivariant_CNN_hybrid/baseline_vs_p4/pool_x_selector/results_hpsweep/e150_lr5e-05_rm0.7_do0.1/run_1/p4_top3_rotate/checkpoints/best_hybrid_policy.pth --layouts /weka/s226137394/DmNfull/Equivariant_pathway/equivariant_CNN_hybrid/baseline_vs_p4/shared/heldout_layouts.yaml --out_dir /weka/s226137394/DmNfull/Equivariant_pathway/equivariant_CNN_hybrid/baseline_vs_p4/pool_x_selector/results_hpsweep/e150_lr5e-05_rm0.7_do0.1/run_1/p4_top3_rotate/results/eval_round_008 --seed 9 --max_steps 60
[hybrid-rollout] 200 unique; running 200 eps
[hybrid-rollout] loaded /weka/s226137394/DmNfull/Equivariant_pathway/equivariant_CNN_hybrid/baseline_vs_p4/pool_x_selector/results_hpsweep/e150_lr5e-05_rm0.7_do0.1/run_1/p4_top3_rotate/checkpoints/best_hybrid_policy.pth
[hybrid-rollout] ep 0 (heldout_001): steps=5 success=True
[hybrid-rollout] ep 1 (heldout_002): steps=4 success=True
[hybrid-rollout] ep 2 (heldout_003): steps=4 success=True
[hybrid-rollout] ep 3 (heldout_004): steps=60 success=False
[hybrid-rollout] ep 4 (heldout_005): steps=5 success=True
[hybrid-rollout] ep 5 (heldout_006): steps=3 success=False
[hybrid-rollout] ep 6 (heldout_007): steps=5 success=True
[hybrid-rollout] ep 7 (heldout_008): steps=4 success=True
[hybrid-rollout] ep 8 (heldout_009): steps=6 success=True
[hybrid-rollout] ep 9 (heldout_010): steps=60 success=False
[hybrid-rollout] ep 10 (heldout_011): steps=4 success=True
[hybrid-rollout] ep 11 (heldout_012): steps=4 success=True
[hybrid-rollout] ep 12 (heldout_013): steps=5 success=True
[hybrid-rollout] ep 13 (heldout_014): steps=5 success=True
[hybrid-rollout] ep 14 (heldout_015): steps=4 success=True
[hybrid-rollout] ep 15 (heldout_016): steps=5 success=True
[hybrid-rollout] ep 16 (heldout_017): steps=4 success=True
[hybrid-rollout] ep 17 (heldout_018): steps=60 success=False
[hybrid-rollout] ep 18 (heldout_019): steps=5 success=True
[hybrid-rollout] ep 19 (heldout_020): steps=5 success=True
[hybrid-rollout] ep 20 (heldout_021): steps=4 success=True
[hybrid-rollout] ep 21 (heldout_022): steps=4 success=True
[hybrid-rollout] ep 22 (heldout_023): steps=60 success=False
[hybrid-rollout] ep 23 (heldout_024): steps=60 success=False
[hybrid-rollout] ep 24 (heldout_025): steps=4 success=True
[hybrid-rollout] ep 25 (heldout_026): steps=4 success=True
[hybrid-rollout] ep 26 (heldout_027): steps=4 success=True
[hybrid-rollout] ep 27 (heldout_028): steps=4 success=True
[hybrid-rollout] ep 28 (heldout_029): steps=7 success=True
[hybrid-rollout] ep 29 (heldout_030): steps=60 success=False
[hybrid-rollout] ep 30 (heldout_031): steps=5 success=True
[hybrid-rollout] ep 31 (heldout_032): steps=5 success=True
[hybrid-rollout] ep 32 (heldout_033): steps=4 success=True
[hybrid-rollout] ep 33 (heldout_034): steps=5 success=True
[hybrid-rollout] ep 34 (heldout_035): steps=6 success=True
[hybrid-rollout] ep 35 (heldout_036): steps=5 success=True
[hybrid-rollout] ep 36 (heldout_037): steps=4 success=True
[hybrid-rollout] ep 37 (heldout_038): steps=5 success=True
[hybrid-rollout] ep 38 (heldout_039): steps=6 success=True
[hybrid-rollout] ep 39 (heldout_040): steps=5 success=True
[hybrid-rollout] ep 40 (heldout_041): steps=60 success=False
[hybrid-rollout] ep 41 (heldout_042): steps=4 success=True
[hybrid-rollout] ep 42 (heldout_043): steps=4 success=True
[hybrid-rollout] ep 43 (heldout_044): steps=5 success=True
[hybrid-rollout] ep 44 (heldout_045): steps=3 success=False
[hybrid-rollout] ep 45 (heldout_046): steps=4 success=True
[hybrid-rollout] ep 46 (heldout_047): steps=3 success=False
[hybrid-rollout] ep 47 (heldout_048): steps=6 success=True
[hybrid-rollout] ep 48 (heldout_049): steps=5 success=True
[hybrid-rollout] ep 49 (heldout_050): steps=4 success=True
[hybrid-rollout] ep 50 (heldout_051): steps=4 success=True
[hybrid-rollout] ep 51 (heldout_052): steps=4 success=True
[hybrid-rollout] ep 52 (heldout_053): steps=6 success=True
[hybrid-rollout] ep 53 (heldout_054): steps=4 success=True
[hybrid-rollout] ep 54 (heldout_055): steps=60 success=False
[hybrid-rollout] ep 55 (heldout_056): steps=4 success=True
[hybrid-rollout] ep 56 (heldout_057): steps=4 success=True
[hybrid-rollout] ep 57 (heldout_058): steps=4 success=True
[hybrid-rollout] ep 58 (heldout_059): steps=5 success=True
[hybrid-rollout] ep 59 (heldout_060): steps=6 success=True
[hybrid-rollout] ep 60 (heldout_061): steps=5 success=True
[hybrid-rollout] ep 61 (heldout_062): steps=6 success=True
[hybrid-rollout] ep 62 (heldout_063): steps=5 success=True
[hybrid-rollout] ep 63 (heldout_064): steps=4 success=True
[hybrid-rollout] ep 64 (heldout_065): steps=60 success=False
[hybrid-rollout] ep 65 (heldout_066): steps=6 success=True
[hybrid-rollout] ep 66 (heldout_067): steps=5 success=True
[hybrid-rollout] ep 67 (heldout_068): steps=4 success=True
[hybrid-rollout] ep 68 (heldout_069): steps=4 success=True
[hybrid-rollout] ep 69 (heldout_070): steps=7 success=True
[hybrid-rollout] ep 70 (heldout_071): steps=5 success=True
[hybrid-rollout] ep 71 (heldout_072): steps=5 success=True
[hybrid-rollout] ep 72 (heldout_073): steps=3 success=False
[hybrid-rollout] ep 73 (heldout_074): steps=4 success=True
[hybrid-rollout] ep 74 (heldout_075): steps=5 success=True
[hybrid-rollout] ep 75 (heldout_076): steps=7 success=True
[hybrid-rollout] ep 76 (heldout_077): steps=4 success=True
[hybrid-rollout] ep 77 (heldout_078): steps=6 success=True
[hybrid-rollout] ep 78 (heldout_079): steps=4 success=True
[hybrid-rollout] ep 79 (heldout_080): steps=4 success=True
[hybrid-rollout] ep 80 (heldout_081): steps=5 success=True
[hybrid-rollout] ep 81 (heldout_082): steps=5 success=True
[hybrid-rollout] ep 82 (heldout_083): steps=60 success=False
[hybrid-rollout] ep 83 (heldout_084): steps=5 success=True
[hybrid-rollout] ep 84 (heldout_085): steps=60 success=False
[hybrid-rollout] ep 85 (heldout_086): steps=6 success=True
[hybrid-rollout] ep 86 (heldout_087): steps=5 success=True
[hybrid-rollout] ep 87 (heldout_088): steps=4 success=True
[hybrid-rollout] ep 88 (heldout_089): steps=3 success=False
[hybrid-rollout] ep 89 (heldout_090): steps=4 success=True
[hybrid-rollout] ep 90 (heldout_091): steps=5 success=True
[hybrid-rollout] ep 91 (heldout_092): steps=5 success=True
[hybrid-rollout] ep 92 (heldout_093): steps=6 success=True
[hybrid-rollout] ep 93 (heldout_094): steps=6 success=True
[hybrid-rollout] ep 94 (heldout_095): steps=7 success=True
[hybrid-rollout] ep 95 (heldout_096): steps=5 success=True
[hybrid-rollout] ep 96 (heldout_097): steps=5 success=True
[hybrid-rollout] ep 97 (heldout_098): steps=5 success=True
[hybrid-rollout] ep 98 (heldout_099): steps=60 success=False
[hybrid-rollout] ep 99 (heldout_100): steps=8 success=True
[hybrid-rollout] ep 100 (heldout_101): steps=4 success=True
[hybrid-rollout] ep 101 (heldout_102): steps=4 success=True
[hybrid-rollout] ep 102 (heldout_103): steps=4 success=True
[hybrid-rollout] ep 103 (heldout_104): steps=6 success=True
[hybrid-rollout] ep 104 (heldout_105): steps=4 success=True
[hybrid-rollout] ep 105 (heldout_106): steps=60 success=False
[hybrid-rollout] ep 106 (heldout_107): steps=4 success=True
[hybrid-rollout] ep 107 (heldout_108): steps=4 success=True
[hybrid-rollout] ep 108 (heldout_109): steps=4 success=True
[hybrid-rollout] ep 109 (heldout_110): steps=4 success=True
[hybrid-rollout] ep 110 (heldout_111): steps=60 success=False
[hybrid-rollout] ep 111 (heldout_112): steps=5 success=True
[hybrid-rollout] ep 112 (heldout_113): steps=5 success=True
[hybrid-rollout] ep 113 (heldout_114): steps=60 success=False
[hybrid-rollout] ep 114 (heldout_115): steps=4 success=True
[hybrid-rollout] ep 115 (heldout_116): steps=5 success=True
[hybrid-rollout] ep 116 (heldout_117): steps=7 success=True
[hybrid-rollout] ep 117 (heldout_118): steps=60 success=False
[hybrid-rollout] ep 118 (heldout_119): steps=4 success=True
[hybrid-rollout] ep 119 (heldout_120): steps=7 success=True
[hybrid-rollout] ep 120 (heldout_121): steps=4 success=True
[hybrid-rollout] ep 121 (heldout_122): steps=4 success=True
[hybrid-rollout] ep 122 (heldout_123): steps=6 success=True
[hybrid-rollout] ep 123 (heldout_124): steps=8 success=True
[hybrid-rollout] ep 124 (heldout_125): steps=4 success=True
[hybrid-rollout] ep 125 (heldout_126): steps=4 success=True
[hybrid-rollout] ep 126 (heldout_127): steps=60 success=False
[hybrid-rollout] ep 127 (heldout_128): steps=60 success=False
[hybrid-rollout] ep 128 (heldout_129): steps=60 success=False
[hybrid-rollout] ep 129 (heldout_130): steps=4 success=True
[hybrid-rollout] ep 130 (heldout_131): steps=1 success=False
[hybrid-rollout] ep 131 (heldout_132): steps=3 success=False
[hybrid-rollout] ep 132 (heldout_133): steps=4 success=True
[hybrid-rollout] ep 133 (heldout_134): steps=60 success=False
[hybrid-rollout] ep 134 (heldout_135): steps=6 success=True
[hybrid-rollout] ep 135 (heldout_136): steps=5 success=True
[hybrid-rollout] ep 136 (heldout_137): steps=5 success=True
[hybrid-rollout] ep 137 (heldout_138): steps=4 success=True
[hybrid-rollout] ep 138 (heldout_139): steps=4 success=True
[hybrid-rollout] ep 139 (heldout_140): steps=5 success=True
[hybrid-rollout] ep 140 (heldout_141): steps=5 success=True
[hybrid-rollout] ep 141 (heldout_142): steps=4 success=True
[hybrid-rollout] ep 142 (heldout_143): steps=8 success=True
[hybrid-rollout] ep 143 (heldout_144): steps=4 success=True
[hybrid-rollout] ep 144 (heldout_145): steps=5 success=True
[hybrid-rollout] ep 145 (heldout_146): steps=6 success=False
[hybrid-rollout] ep 146 (heldout_147): steps=4 success=True
[hybrid-rollout] ep 147 (heldout_148): steps=5 success=True
[hybrid-rollout] ep 148 (heldout_149): steps=5 success=True
[hybrid-rollout] ep 149 (heldout_150): steps=4 success=True
[hybrid-rollout] ep 150 (heldout_151): steps=5 success=True
[hybrid-rollout] ep 151 (heldout_152): steps=6 success=True
[hybrid-rollout] ep 152 (heldout_153): steps=5 success=True
[hybrid-rollout] ep 153 (heldout_154): steps=7 success=True
[hybrid-rollout] ep 154 (heldout_155): steps=6 success=True
[hybrid-rollout] ep 155 (heldout_156): steps=60 success=False
[hybrid-rollout] ep 156 (heldout_157): steps=4 success=True
[hybrid-rollout] ep 157 (heldout_158): steps=3 success=False
[hybrid-rollout] ep 158 (heldout_159): steps=6 success=True
[hybrid-rollout] ep 159 (heldout_160): steps=60 success=False
[hybrid-rollout] ep 160 (heldout_161): steps=60 success=False
[hybrid-rollout] ep 161 (heldout_162): steps=5 success=True
[hybrid-rollout] ep 162 (heldout_163): steps=4 success=True
[hybrid-rollout] ep 163 (heldout_164): steps=4 success=True
[hybrid-rollout] ep 164 (heldout_165): steps=5 success=True
[hybrid-rollout] ep 165 (heldout_166): steps=4 success=True
[hybrid-rollout] ep 166 (heldout_167): steps=60 success=False
[hybrid-rollout] ep 167 (heldout_168): steps=4 success=True
[hybrid-rollout] ep 168 (heldout_169): steps=8 success=True
[hybrid-rollout] ep 169 (heldout_170): steps=5 success=False
[hybrid-rollout] ep 170 (heldout_171): steps=4 success=True
[hybrid-rollout] ep 171 (heldout_172): steps=5 success=True
[hybrid-rollout] ep 172 (heldout_173): steps=4 success=True
[hybrid-rollout] ep 173 (heldout_174): steps=5 success=True
[hybrid-rollout] ep 174 (heldout_175): steps=5 success=True
[hybrid-rollout] ep 175 (heldout_176): steps=60 success=False
[hybrid-rollout] ep 176 (heldout_177): steps=6 success=True
[hybrid-rollout] ep 177 (heldout_178): steps=1 success=False
[hybrid-rollout] ep 178 (heldout_179): steps=5 success=True
[hybrid-rollout] ep 179 (heldout_180): steps=4 success=True
[hybrid-rollout] ep 180 (heldout_181): steps=5 success=True
[hybrid-rollout] ep 181 (heldout_182): steps=4 success=True
[hybrid-rollout] ep 182 (heldout_183): steps=5 success=True
[hybrid-rollout] ep 183 (heldout_184): steps=7 success=True
[hybrid-rollout] ep 184 (heldout_185): steps=5 success=True
[hybrid-rollout] ep 185 (heldout_186): steps=4 success=True
[hybrid-rollout] ep 186 (heldout_187): steps=5 success=True
[hybrid-rollout] ep 187 (heldout_188): steps=5 success=True
[hybrid-rollout] ep 188 (heldout_189): steps=5 success=True
[hybrid-rollout] ep 189 (heldout_190): steps=7 success=True
[hybrid-rollout] ep 190 (heldout_191): steps=4 success=True
[hybrid-rollout] ep 191 (heldout_192): steps=5 success=True
[hybrid-rollout] ep 192 (heldout_193): steps=60 success=False
[hybrid-rollout] ep 193 (heldout_194): steps=6 success=True
[hybrid-rollout] ep 194 (heldout_195): steps=5 success=True
[hybrid-rollout] ep 195 (heldout_196): steps=4 success=True
[hybrid-rollout] ep 196 (heldout_197): steps=5 success=True
[hybrid-rollout] ep 197 (heldout_198): steps=4 success=True
[hybrid-rollout] ep 198 (heldout_199): steps=4 success=True
[hybrid-rollout] ep 199 (heldout_200): steps=4 success=True
[hybrid-rollout] DONE successes=163/200
[20:11:12] [replay_p4] run 1 round 8: extras=8 heldout_sr=0.815
[20:11:12] [replay_p4] $ /home/s226137394/.conda/envs/maze/bin/python3 -u -m Equivariant_pathway.equivariant_CNN_hybrid.baseline_vs_p4.pool_x_selector.trainer.finetune_replay --demo_dir /weka/s226137394/DmNfull/Equivariant_pathway/equivariant_CNN_hybrid/baseline_vs_p4/pool_x_selector/results_hpsweep/e150_lr5e-05_rm0.7_do0.1/run_1/p4_top3_rotate/demos --checkpoint_dir /weka/s226137394/DmNfull/Equivariant_pathway/equivariant_CNN_hybrid/baseline_vs_p4/pool_x_selector/results_hpsweep/e150_lr5e-05_rm0.7_do0.1/run_1/p4_top3_rotate/checkpoints --epochs 150 --batch_size 64 --lr 5e-05 --weight_decay 0.0001 --replay_mix 0.7 --replay_mix_floor 0.2 --head_dropout 0.1 --seed 1 --resume --new_demos_dir /weka/s226137394/DmNfull/Equivariant_pathway/equivariant_CNN_hybrid/baseline_vs_p4/pool_x_selector/results_hpsweep/e150_lr5e-05_rm0.7_do0.1/run_1/p4_top3_rotate/demos/round_009
[finetune_replay] device=cuda demo_dir=/weka/s226137394/DmNfull/Equivariant_pathway/equivariant_CNN_hybrid/baseline_vs_p4/pool_x_selector/results_hpsweep/e150_lr5e-05_rm0.7_do0.1/run_1/p4_top3_rotate/demos new_demos_dir=/weka/s226137394/DmNfull/Equivariant_pathway/equivariant_CNN_hybrid/baseline_vs_p4/pool_x_selector/results_hpsweep/e150_lr5e-05_rm0.7_do0.1/run_1/p4_top3_rotate/demos/round_009
[hybrid-dataset] 28 demos -> 149 samples
[hybrid-dataset] 1 demos -> 6 samples
[finetune_replay] sampler audit: {'n_old_samples': 149, 'n_new_samples': 6, 'replay_mix_target': 0.7, 'replay_mix_effective': 0.7, 'replay_mix_floor': 0.2}
[finetune_replay] trainable params: 1,400,028
[finetune_replay] WARM START from last_hybrid_policy.pth
[finetune_replay] ep   1/150 | train loss=0.8093 top1=0.879 | val loss=0.0188 | t=0.8s  *
[finetune_replay] ep   2/150 | train loss=0.2310 top1=0.914 | val loss=0.0491 | t=0.1s
[finetune_replay] ep   3/150 | train loss=0.1128 top1=0.986 | val loss=0.0036 | t=0.1s  *
[finetune_replay] ep   4/150 | train loss=0.1130 top1=1.000 | val loss=0.0038 | t=0.1s
[finetune_replay] ep   5/150 | train loss=0.0313 top1=1.000 | val loss=0.0045 | t=0.1s
[finetune_replay] ep   6/150 | train loss=0.0270 top1=1.000 | val loss=0.0006 | t=0.1s  *
[finetune_replay] ep   7/150 | train loss=0.0087 top1=1.000 | val loss=0.0009 | t=0.1s
[finetune_replay] ep   8/150 | train loss=0.0067 top1=1.000 | val loss=0.0006 | t=0.1s  *
[finetune_replay] ep   9/150 | train loss=0.0063 top1=1.000 | val loss=0.0006 | t=0.1s  *
[finetune_replay] ep  10/150 | train loss=0.0044 top1=1.000 | val loss=0.0012 | t=0.1s
[finetune_replay] ep  11/150 | train loss=0.0046 top1=1.000 | val loss=0.0009 | t=0.1s
[finetune_replay] ep  12/150 | train loss=0.0035 top1=1.000 | val loss=0.0011 | t=0.1s
[finetune_replay] ep  13/150 | train loss=0.0027 top1=1.000 | val loss=0.0028 | t=0.1s
[finetune_replay] ep  14/150 | train loss=0.0046 top1=1.000 | val loss=0.0006 | t=0.1s
[finetune_replay] ep  15/150 | train loss=0.0032 top1=1.000 | val loss=0.0011 | t=0.2s
[finetune_replay] ep  16/150 | train loss=0.0026 top1=1.000 | val loss=0.0007 | t=0.1s
[finetune_replay] ep  17/150 | train loss=0.0017 top1=1.000 | val loss=0.0007 | t=0.1s
[finetune_replay] ep  18/150 | train loss=0.0030 top1=1.000 | val loss=0.0006 | t=0.1s
[finetune_replay] ep  19/150 | train loss=0.0015 top1=1.000 | val loss=0.0005 | t=0.1s  *
[finetune_replay] ep  20/150 | train loss=0.0014 top1=1.000 | val loss=0.0004 | t=0.1s  *
[finetune_replay] ep  21/150 | train loss=0.0015 top1=1.000 | val loss=0.0005 | t=0.1s
[finetune_replay] ep  22/150 | train loss=0.0012 top1=1.000 | val loss=0.0005 | t=0.1s
[finetune_replay] ep  23/150 | train loss=0.0015 top1=1.000 | val loss=0.0008 | t=0.1s
[finetune_replay] ep  24/150 | train loss=0.0018 top1=1.000 | val loss=0.0010 | t=0.1s
[finetune_replay] ep  25/150 | train loss=0.0022 top1=1.000 | val loss=0.0004 | t=0.1s  *
[finetune_replay] ep  26/150 | train loss=0.0011 top1=1.000 | val loss=0.0004 | t=0.1s
[finetune_replay] ep  27/150 | train loss=0.0014 top1=1.000 | val loss=0.0005 | t=0.1s
[finetune_replay] ep  28/150 | train loss=0.0013 top1=1.000 | val loss=0.0006 | t=0.1s
[finetune_replay] ep  29/150 | train loss=0.0007 top1=1.000 | val loss=0.0006 | t=0.1s
[finetune_replay] ep  30/150 | train loss=0.0012 top1=1.000 | val loss=0.0006 | t=0.1s
[finetune_replay] ep  31/150 | train loss=0.0007 top1=1.000 | val loss=0.0005 | t=0.1s
[finetune_replay] ep  32/150 | train loss=0.0008 top1=1.000 | val loss=0.0004 | t=0.1s  *
[finetune_replay] ep  33/150 | train loss=0.0008 top1=1.000 | val loss=0.0004 | t=0.1s  *
[finetune_replay] ep  34/150 | train loss=0.0008 top1=1.000 | val loss=0.0004 | t=0.1s  *
[finetune_replay] ep  35/150 | train loss=0.0008 top1=1.000 | val loss=0.0003 | t=0.1s  *
[finetune_replay] ep  36/150 | train loss=0.0007 top1=1.000 | val loss=0.0004 | t=0.1s
[finetune_replay] ep  37/150 | train loss=0.0008 top1=1.000 | val loss=0.0003 | t=0.1s
[finetune_replay] ep  38/150 | train loss=0.0005 top1=1.000 | val loss=0.0003 | t=0.1s  *
[finetune_replay] ep  39/150 | train loss=0.0006 top1=1.000 | val loss=0.0003 | t=0.1s
[finetune_replay] ep  40/150 | train loss=0.0007 top1=1.000 | val loss=0.0003 | t=0.1s  *
[finetune_replay] ep  41/150 | train loss=0.0005 top1=1.000 | val loss=0.0003 | t=0.1s  *
[finetune_replay] ep  42/150 | train loss=0.0008 top1=1.000 | val loss=0.0005 | t=0.1s
[finetune_replay] ep  43/150 | train loss=0.0007 top1=1.000 | val loss=0.0031 | t=0.1s
[finetune_replay] ep  44/150 | train loss=0.0015 top1=1.000 | val loss=0.0004 | t=0.1s
[finetune_replay] ep  45/150 | train loss=0.0010 top1=1.000 | val loss=0.0003 | t=0.1s  *
[finetune_replay] ep  46/150 | train loss=0.0006 top1=1.000 | val loss=0.0003 | t=0.1s
[finetune_replay] ep  47/150 | train loss=0.0007 top1=1.000 | val loss=0.0004 | t=0.1s
[finetune_replay] ep  48/150 | train loss=0.0007 top1=1.000 | val loss=0.0005 | t=0.1s
[finetune_replay] ep  49/150 | train loss=0.0006 top1=1.000 | val loss=0.0004 | t=0.1s
[finetune_replay] ep  50/150 | train loss=0.0006 top1=1.000 | val loss=0.0003 | t=0.1s
[finetune_replay] ep  51/150 | train loss=0.0005 top1=1.000 | val loss=0.0003 | t=0.1s
[finetune_replay] ep  52/150 | train loss=0.0007 top1=1.000 | val loss=0.0003 | t=0.2s
[finetune_replay] ep  53/150 | train loss=0.0006 top1=1.000 | val loss=0.0003 | t=0.1s
[finetune_replay] ep  54/150 | train loss=0.0005 top1=1.000 | val loss=0.0003 | t=0.1s
[finetune_replay] ep  55/150 | train loss=0.0005 top1=1.000 | val loss=0.0003 | t=0.1s
[finetune_replay] ep  56/150 | train loss=0.0006 top1=1.000 | val loss=0.0003 | t=0.1s
[finetune_replay] ep  57/150 | train loss=0.0005 top1=1.000 | val loss=0.0004 | t=0.1s
[finetune_replay] ep  58/150 | train loss=0.0005 top1=1.000 | val loss=0.0005 | t=0.1s
[finetune_replay] ep  59/150 | train loss=0.0005 top1=1.000 | val loss=0.0005 | t=0.1s
[finetune_replay] ep  60/150 | train loss=0.0004 top1=1.000 | val loss=0.0004 | t=0.1s
[finetune_replay] ep  61/150 | train loss=0.0003 top1=1.000 | val loss=0.0003 | t=0.1s
[finetune_replay] ep  62/150 | train loss=0.0005 top1=1.000 | val loss=0.0003 | t=0.1s
[finetune_replay] ep  63/150 | train loss=0.0007 top1=1.000 | val loss=0.0003 | t=0.2s
[finetune_replay] ep  64/150 | train loss=0.0005 top1=1.000 | val loss=0.0004 | t=0.1s
[finetune_replay] ep  65/150 | train loss=0.0005 top1=1.000 | val loss=0.0004 | t=0.1s
[finetune_replay] ep  66/150 | train loss=0.0004 top1=1.000 | val loss=0.0004 | t=0.1s
[finetune_replay] ep  67/150 | train loss=0.0005 top1=1.000 | val loss=0.0004 | t=0.1s
[finetune_replay] ep  68/150 | train loss=0.0004 top1=1.000 | val loss=0.0004 | t=0.1s
[finetune_replay] ep  69/150 | train loss=0.0005 top1=1.000 | val loss=0.0003 | t=0.1s
[finetune_replay] ep  70/150 | train loss=0.0003 top1=1.000 | val loss=0.0003 | t=0.1s
[finetune_replay] ep  71/150 | train loss=0.0005 top1=1.000 | val loss=0.0003 | t=0.1s
[finetune_replay] ep  72/150 | train loss=0.0005 top1=1.000 | val loss=0.0003 | t=0.1s
[finetune_replay] ep  73/150 | train loss=0.0005 top1=1.000 | val loss=0.0004 | t=0.1s
[finetune_replay] ep  74/150 | train loss=0.0007 top1=1.000 | val loss=0.0004 | t=0.1s
[finetune_replay] ep  75/150 | train loss=0.0005 top1=1.000 | val loss=0.0004 | t=0.1s
[finetune_replay] ep  76/150 | train loss=0.0004 top1=1.000 | val loss=0.0004 | t=0.1s
[finetune_replay] ep  77/150 | train loss=0.0005 top1=1.000 | val loss=0.0003 | t=0.1s
[finetune_replay] ep  78/150 | train loss=0.0004 top1=1.000 | val loss=0.0003 | t=0.1s
[finetune_replay] ep  79/150 | train loss=0.0004 top1=1.000 | val loss=0.0003 | t=0.1s
[finetune_replay] ep  80/150 | train loss=0.0006 top1=1.000 | val loss=0.0003 | t=0.1s  *
[finetune_replay] ep  81/150 | train loss=0.0004 top1=1.000 | val loss=0.0003 | t=0.1s
[finetune_replay] ep  82/150 | train loss=0.0004 top1=1.000 | val loss=0.0003 | t=0.1s
[finetune_replay] ep  83/150 | train loss=0.0005 top1=1.000 | val loss=0.0003 | t=0.1s
[finetune_replay] ep  84/150 | train loss=0.0004 top1=1.000 | val loss=0.0003 | t=0.1s
[finetune_replay] ep  85/150 | train loss=0.0003 top1=1.000 | val loss=0.0004 | t=0.1s
[finetune_replay] ep  86/150 | train loss=0.0004 top1=1.000 | val loss=0.0003 | t=0.1s
[finetune_replay] ep  87/150 | train loss=0.0007 top1=1.000 | val loss=0.0003 | t=0.1s  *
[finetune_replay] ep  88/150 | train loss=0.0004 top1=1.000 | val loss=0.0002 | t=0.1s  *
[finetune_replay] ep  89/150 | train loss=0.0004 top1=1.000 | val loss=0.0002 | t=0.1s  *
[finetune_replay] ep  90/150 | train loss=0.0003 top1=1.000 | val loss=0.0002 | t=0.1s  *
[finetune_replay] ep  91/150 | train loss=0.0004 top1=1.000 | val loss=0.0002 | t=0.1s
[finetune_replay] ep  92/150 | train loss=0.0003 top1=1.000 | val loss=0.0002 | t=0.1s
[finetune_replay] ep  93/150 | train loss=0.0004 top1=1.000 | val loss=0.0002 | t=0.1s
[finetune_replay] ep  94/150 | train loss=0.0004 top1=1.000 | val loss=0.0003 | t=0.1s
[finetune_replay] ep  95/150 | train loss=0.0003 top1=1.000 | val loss=0.0003 | t=0.1s
[finetune_replay] ep  96/150 | train loss=0.0004 top1=1.000 | val loss=0.0003 | t=0.1s
[finetune_replay] ep  97/150 | train loss=0.0004 top1=1.000 | val loss=0.0003 | t=0.1s
[finetune_replay] ep  98/150 | train loss=0.0006 top1=1.000 | val loss=0.0003 | t=0.1s
[finetune_replay] ep  99/150 | train loss=0.0004 top1=1.000 | val loss=0.0003 | t=0.1s
[finetune_replay] ep 100/150 | train loss=0.0003 top1=1.000 | val loss=0.0003 | t=0.1s
[finetune_replay] ep 101/150 | train loss=0.0004 top1=1.000 | val loss=0.0003 | t=0.1s
[finetune_replay] ep 102/150 | train loss=0.0004 top1=1.000 | val loss=0.0002 | t=0.1s
[finetune_replay] ep 103/150 | train loss=0.0004 top1=1.000 | val loss=0.0002 | t=0.1s
[finetune_replay] ep 104/150 | train loss=0.0004 top1=1.000 | val loss=0.0003 | t=0.1s
[finetune_replay] ep 105/150 | train loss=0.0005 top1=1.000 | val loss=0.0003 | t=0.1s
[finetune_replay] ep 106/150 | train loss=0.0003 top1=1.000 | val loss=0.0003 | t=0.1s
[finetune_replay] ep 107/150 | train loss=0.0003 top1=1.000 | val loss=0.0003 | t=0.1s
[finetune_replay] ep 108/150 | train loss=0.0003 top1=1.000 | val loss=0.0003 | t=0.1s
[finetune_replay] ep 109/150 | train loss=0.0004 top1=1.000 | val loss=0.0003 | t=0.1s
[finetune_replay] ep 110/150 | train loss=0.0004 top1=1.000 | val loss=0.0003 | t=0.1s
[finetune_replay] ep 111/150 | train loss=0.0004 top1=1.000 | val loss=0.0003 | t=0.1s
[finetune_replay] ep 112/150 | train loss=0.0005 top1=1.000 | val loss=0.0003 | t=0.1s
[finetune_replay] ep 113/150 | train loss=0.0004 top1=1.000 | val loss=0.0003 | t=0.1s
[finetune_replay] ep 114/150 | train loss=0.0005 top1=1.000 | val loss=0.0003 | t=0.1s
[finetune_replay] ep 115/150 | train loss=0.0005 top1=1.000 | val loss=0.0003 | t=0.1s
[finetune_replay] ep 116/150 | train loss=0.0004 top1=1.000 | val loss=0.0003 | t=0.1s
[finetune_replay] ep 117/150 | train loss=0.0003 top1=1.000 | val loss=0.0003 | t=0.1s
[finetune_replay] ep 118/150 | train loss=0.0003 top1=1.000 | val loss=0.0003 | t=0.1s
[finetune_replay] ep 119/150 | train loss=0.0004 top1=1.000 | val loss=0.0003 | t=0.1s
[finetune_replay] ep 120/150 | train loss=0.0004 top1=1.000 | val loss=0.0003 | t=0.1s
[finetune_replay] ep 121/150 | train loss=0.0004 top1=1.000 | val loss=0.0003 | t=0.1s
[finetune_replay] ep 122/150 | train loss=0.0004 top1=1.000 | val loss=0.0003 | t=0.1s
[finetune_replay] ep 123/150 | train loss=0.0003 top1=1.000 | val loss=0.0003 | t=0.1s
[finetune_replay] ep 124/150 | train loss=0.0004 top1=1.000 | val loss=0.0003 | t=0.1s
[finetune_replay] ep 125/150 | train loss=0.0004 top1=1.000 | val loss=0.0003 | t=0.1s
[finetune_replay] ep 126/150 | train loss=0.0004 top1=1.000 | val loss=0.0003 | t=0.1s
[finetune_replay] ep 127/150 | train loss=0.0003 top1=1.000 | val loss=0.0003 | t=0.1s
[finetune_replay] ep 128/150 | train loss=0.0003 top1=1.000 | val loss=0.0003 | t=0.1s
[finetune_replay] ep 129/150 | train loss=0.0003 top1=1.000 | val loss=0.0003 | t=0.1s
[finetune_replay] ep 130/150 | train loss=0.0004 top1=1.000 | val loss=0.0003 | t=0.1s
[finetune_replay] ep 131/150 | train loss=0.0003 top1=1.000 | val loss=0.0003 | t=0.1s
[finetune_replay] ep 132/150 | train loss=0.0003 top1=1.000 | val loss=0.0003 | t=0.1s
[finetune_replay] ep 133/150 | train loss=0.0003 top1=1.000 | val loss=0.0003 | t=0.1s
[finetune_replay] ep 134/150 | train loss=0.0004 top1=1.000 | val loss=0.0003 | t=0.1s
[finetune_replay] ep 135/150 | train loss=0.0004 top1=1.000 | val loss=0.0003 | t=0.1s
[finetune_replay] ep 136/150 | train loss=0.0003 top1=1.000 | val loss=0.0003 | t=0.1s
[finetune_replay] ep 137/150 | train loss=0.0004 top1=1.000 | val loss=0.0003 | t=0.1s
[finetune_replay] ep 138/150 | train loss=0.0002 top1=1.000 | val loss=0.0003 | t=0.1s
[finetune_replay] ep 139/150 | train loss=0.0005 top1=1.000 | val loss=0.0003 | t=0.1s
[finetune_replay] ep 140/150 | train loss=0.0003 top1=1.000 | val loss=0.0003 | t=0.1s
[finetune_replay] ep 141/150 | train loss=0.0003 top1=1.000 | val loss=0.0003 | t=0.1s
[finetune_replay] ep 142/150 | train loss=0.0004 top1=1.000 | val loss=0.0003 | t=0.1s
[finetune_replay] ep 143/150 | train loss=0.0005 top1=1.000 | val loss=0.0003 | t=0.1s
[finetune_replay] ep 144/150 | train loss=0.0002 top1=1.000 | val loss=0.0003 | t=0.1s
[finetune_replay] ep 145/150 | train loss=0.0004 top1=1.000 | val loss=0.0003 | t=0.1s
[finetune_replay] ep 146/150 | train loss=0.0003 top1=1.000 | val loss=0.0003 | t=0.1s
[finetune_replay] ep 147/150 | train loss=0.0003 top1=1.000 | val loss=0.0003 | t=0.1s
[finetune_replay] ep 148/150 | train loss=0.0004 top1=1.000 | val loss=0.0003 | t=0.1s
[finetune_replay] ep 149/150 | train loss=0.0004 top1=1.000 | val loss=0.0003 | t=0.1s
[finetune_replay] ep 150/150 | train loss=0.0004 top1=1.000 | val loss=0.0003 | t=0.2s
[finetune_replay] DONE best_val_loss=0.0002 @ epoch 90
[20:11:44] [bo-budget] $ /home/s226137394/.conda/envs/maze/bin/python3 -u -m Equivariant_pathway.equivariant_CNN_hybrid.rollout_test --checkpoint /weka/s226137394/DmNfull/Equivariant_pathway/equivariant_CNN_hybrid/baseline_vs_p4/pool_x_selector/results_hpsweep/e150_lr5e-05_rm0.7_do0.1/run_1/p4_top3_rotate/checkpoints/best_hybrid_policy.pth --layouts /weka/s226137394/DmNfull/Equivariant_pathway/equivariant_CNN_hybrid/baseline_vs_p4/shared/heldout_layouts.yaml --out_dir /weka/s226137394/DmNfull/Equivariant_pathway/equivariant_CNN_hybrid/baseline_vs_p4/pool_x_selector/results_hpsweep/e150_lr5e-05_rm0.7_do0.1/run_1/p4_top3_rotate/results/eval_round_009 --seed 10 --max_steps 60
[hybrid-rollout] 200 unique; running 200 eps
[hybrid-rollout] loaded /weka/s226137394/DmNfull/Equivariant_pathway/equivariant_CNN_hybrid/baseline_vs_p4/pool_x_selector/results_hpsweep/e150_lr5e-05_rm0.7_do0.1/run_1/p4_top3_rotate/checkpoints/best_hybrid_policy.pth
[hybrid-rollout] ep 0 (heldout_001): steps=5 success=True
[hybrid-rollout] ep 1 (heldout_002): steps=4 success=True
[hybrid-rollout] ep 2 (heldout_003): steps=4 success=True
[hybrid-rollout] ep 3 (heldout_004): steps=6 success=True
[hybrid-rollout] ep 4 (heldout_005): steps=5 success=True
[hybrid-rollout] ep 5 (heldout_006): steps=3 success=False
[hybrid-rollout] ep 6 (heldout_007): steps=5 success=True
[hybrid-rollout] ep 7 (heldout_008): steps=4 success=True
[hybrid-rollout] ep 8 (heldout_009): steps=2 success=False
[hybrid-rollout] ep 9 (heldout_010): steps=60 success=False
[hybrid-rollout] ep 10 (heldout_011): steps=4 success=True
[hybrid-rollout] ep 11 (heldout_012): steps=6 success=True
[hybrid-rollout] ep 12 (heldout_013): steps=5 success=True
[hybrid-rollout] ep 13 (heldout_014): steps=5 success=True
[hybrid-rollout] ep 14 (heldout_015): steps=4 success=True
[hybrid-rollout] ep 15 (heldout_016): steps=5 success=True
[hybrid-rollout] ep 16 (heldout_017): steps=4 success=True
[hybrid-rollout] ep 17 (heldout_018): steps=2 success=False
[hybrid-rollout] ep 18 (heldout_019): steps=5 success=True
[hybrid-rollout] ep 19 (heldout_020): steps=5 success=True
[hybrid-rollout] ep 20 (heldout_021): steps=4 success=True
[hybrid-rollout] ep 21 (heldout_022): steps=60 success=False
[hybrid-rollout] ep 22 (heldout_023): steps=60 success=False
[hybrid-rollout] ep 23 (heldout_024): steps=60 success=False
[hybrid-rollout] ep 24 (heldout_025): steps=4 success=True
[hybrid-rollout] ep 25 (heldout_026): steps=4 success=True
[hybrid-rollout] ep 26 (heldout_027): steps=4 success=True
[hybrid-rollout] ep 27 (heldout_028): steps=4 success=True
[hybrid-rollout] ep 28 (heldout_029): steps=7 success=True
[hybrid-rollout] ep 29 (heldout_030): steps=60 success=False
[hybrid-rollout] ep 30 (heldout_031): steps=5 success=True
[hybrid-rollout] ep 31 (heldout_032): steps=5 success=True
[hybrid-rollout] ep 32 (heldout_033): steps=4 success=True
[hybrid-rollout] ep 33 (heldout_034): steps=5 success=True
[hybrid-rollout] ep 34 (heldout_035): steps=60 success=False
[hybrid-rollout] ep 35 (heldout_036): steps=5 success=True
[hybrid-rollout] ep 36 (heldout_037): steps=4 success=True
[hybrid-rollout] ep 37 (heldout_038): steps=5 success=True
[hybrid-rollout] ep 38 (heldout_039): steps=6 success=True
[hybrid-rollout] ep 39 (heldout_040): steps=5 success=True
[hybrid-rollout] ep 40 (heldout_041): steps=6 success=True
[hybrid-rollout] ep 41 (heldout_042): steps=4 success=True
[hybrid-rollout] ep 42 (heldout_043): steps=4 success=True
[hybrid-rollout] ep 43 (heldout_044): steps=5 success=True
[hybrid-rollout] ep 44 (heldout_045): steps=5 success=True
[hybrid-rollout] ep 45 (heldout_046): steps=4 success=True
[hybrid-rollout] ep 46 (heldout_047): steps=6 success=True
[hybrid-rollout] ep 47 (heldout_048): steps=6 success=True
[hybrid-rollout] ep 48 (heldout_049): steps=60 success=False
[hybrid-rollout] ep 49 (heldout_050): steps=4 success=True
[hybrid-rollout] ep 50 (heldout_051): steps=4 success=True
[hybrid-rollout] ep 51 (heldout_052): steps=4 success=True
[hybrid-rollout] ep 52 (heldout_053): steps=6 success=True
[hybrid-rollout] ep 53 (heldout_054): steps=4 success=True
[hybrid-rollout] ep 54 (heldout_055): steps=60 success=False
[hybrid-rollout] ep 55 (heldout_056): steps=4 success=True
[hybrid-rollout] ep 56 (heldout_057): steps=4 success=True
[hybrid-rollout] ep 57 (heldout_058): steps=4 success=True
[hybrid-rollout] ep 58 (heldout_059): steps=5 success=True
[hybrid-rollout] ep 59 (heldout_060): steps=6 success=True
[hybrid-rollout] ep 60 (heldout_061): steps=5 success=True
[hybrid-rollout] ep 61 (heldout_062): steps=6 success=True
[hybrid-rollout] ep 62 (heldout_063): steps=5 success=True
[hybrid-rollout] ep 63 (heldout_064): steps=4 success=True
[hybrid-rollout] ep 64 (heldout_065): steps=7 success=True
[hybrid-rollout] ep 65 (heldout_066): steps=6 success=True
[hybrid-rollout] ep 66 (heldout_067): steps=5 success=True
[hybrid-rollout] ep 67 (heldout_068): steps=4 success=True
[hybrid-rollout] ep 68 (heldout_069): steps=4 success=True
[hybrid-rollout] ep 69 (heldout_070): steps=60 success=False
[hybrid-rollout] ep 70 (heldout_071): steps=5 success=True
[hybrid-rollout] ep 71 (heldout_072): steps=5 success=True
[hybrid-rollout] ep 72 (heldout_073): steps=6 success=True
[hybrid-rollout] ep 73 (heldout_074): steps=4 success=True
[hybrid-rollout] ep 74 (heldout_075): steps=5 success=True
[hybrid-rollout] ep 75 (heldout_076): steps=60 success=False
[hybrid-rollout] ep 76 (heldout_077): steps=4 success=True
[hybrid-rollout] ep 77 (heldout_078): steps=3 success=False
[hybrid-rollout] ep 78 (heldout_079): steps=4 success=True
[hybrid-rollout] ep 79 (heldout_080): steps=4 success=True
[hybrid-rollout] ep 80 (heldout_081): steps=5 success=True
[hybrid-rollout] ep 81 (heldout_082): steps=5 success=True
[hybrid-rollout] ep 82 (heldout_083): steps=4 success=True
[hybrid-rollout] ep 83 (heldout_084): steps=5 success=True
[hybrid-rollout] ep 84 (heldout_085): steps=60 success=False
[hybrid-rollout] ep 85 (heldout_086): steps=6 success=True
[hybrid-rollout] ep 86 (heldout_087): steps=5 success=True
[hybrid-rollout] ep 87 (heldout_088): steps=4 success=True
[hybrid-rollout] ep 88 (heldout_089): steps=3 success=False
[hybrid-rollout] ep 89 (heldout_090): steps=4 success=True
[hybrid-rollout] ep 90 (heldout_091): steps=5 success=True
[hybrid-rollout] ep 91 (heldout_092): steps=5 success=True
[hybrid-rollout] ep 92 (heldout_093): steps=6 success=True
[hybrid-rollout] ep 93 (heldout_094): steps=6 success=True
[hybrid-rollout] ep 94 (heldout_095): steps=7 success=True
[hybrid-rollout] ep 95 (heldout_096): steps=5 success=True
[hybrid-rollout] ep 96 (heldout_097): steps=5 success=True
[hybrid-rollout] ep 97 (heldout_098): steps=5 success=True
[hybrid-rollout] ep 98 (heldout_099): steps=60 success=False
[hybrid-rollout] ep 99 (heldout_100): steps=8 success=True
[hybrid-rollout] ep 100 (heldout_101): steps=4 success=True
[hybrid-rollout] ep 101 (heldout_102): steps=4 success=True
[hybrid-rollout] ep 102 (heldout_103): steps=4 success=True
[hybrid-rollout] ep 103 (heldout_104): steps=6 success=True
[hybrid-rollout] ep 104 (heldout_105): steps=4 success=True
[hybrid-rollout] ep 105 (heldout_106): steps=60 success=False
[hybrid-rollout] ep 106 (heldout_107): steps=4 success=True
[hybrid-rollout] ep 107 (heldout_108): steps=4 success=True
[hybrid-rollout] ep 108 (heldout_109): steps=4 success=True
[hybrid-rollout] ep 109 (heldout_110): steps=4 success=True
[hybrid-rollout] ep 110 (heldout_111): steps=60 success=False
[hybrid-rollout] ep 111 (heldout_112): steps=5 success=True
[hybrid-rollout] ep 112 (heldout_113): steps=5 success=True
[hybrid-rollout] ep 113 (heldout_114): steps=4 success=True
[hybrid-rollout] ep 114 (heldout_115): steps=4 success=True
[hybrid-rollout] ep 115 (heldout_116): steps=5 success=True
[hybrid-rollout] ep 116 (heldout_117): steps=7 success=True
[hybrid-rollout] ep 117 (heldout_118): steps=7 success=True
[hybrid-rollout] ep 118 (heldout_119): steps=4 success=True
[hybrid-rollout] ep 119 (heldout_120): steps=7 success=True
[hybrid-rollout] ep 120 (heldout_121): steps=4 success=True
[hybrid-rollout] ep 121 (heldout_122): steps=4 success=True
[hybrid-rollout] ep 122 (heldout_123): steps=6 success=True
[hybrid-rollout] ep 123 (heldout_124): steps=4 success=False
[hybrid-rollout] ep 124 (heldout_125): steps=4 success=True
[hybrid-rollout] ep 125 (heldout_126): steps=4 success=True
[hybrid-rollout] ep 126 (heldout_127): steps=60 success=False
[hybrid-rollout] ep 127 (heldout_128): steps=7 success=True
[hybrid-rollout] ep 128 (heldout_129): steps=4 success=True
[hybrid-rollout] ep 129 (heldout_130): steps=4 success=True
[hybrid-rollout] ep 130 (heldout_131): steps=1 success=False
[hybrid-rollout] ep 131 (heldout_132): steps=4 success=True
[hybrid-rollout] ep 132 (heldout_133): steps=4 success=True
[hybrid-rollout] ep 133 (heldout_134): steps=7 success=True
[hybrid-rollout] ep 134 (heldout_135): steps=6 success=True
[hybrid-rollout] ep 135 (heldout_136): steps=5 success=True
[hybrid-rollout] ep 136 (heldout_137): steps=5 success=True
[hybrid-rollout] ep 137 (heldout_138): steps=4 success=True
[hybrid-rollout] ep 138 (heldout_139): steps=4 success=True
[hybrid-rollout] ep 139 (heldout_140): steps=5 success=True
[hybrid-rollout] ep 140 (heldout_141): steps=5 success=True
[hybrid-rollout] ep 141 (heldout_142): steps=4 success=True
[hybrid-rollout] ep 142 (heldout_143): steps=6 success=True
[hybrid-rollout] ep 143 (heldout_144): steps=4 success=True
[hybrid-rollout] ep 144 (heldout_145): steps=5 success=True
[hybrid-rollout] ep 145 (heldout_146): steps=60 success=False
[hybrid-rollout] ep 146 (heldout_147): steps=4 success=True
[hybrid-rollout] ep 147 (heldout_148): steps=60 success=False
[hybrid-rollout] ep 148 (heldout_149): steps=5 success=True
[hybrid-rollout] ep 149 (heldout_150): steps=4 success=True
[hybrid-rollout] ep 150 (heldout_151): steps=5 success=True
[hybrid-rollout] ep 151 (heldout_152): steps=6 success=True
[hybrid-rollout] ep 152 (heldout_153): steps=5 success=True
[hybrid-rollout] ep 153 (heldout_154): steps=60 success=False
[hybrid-rollout] ep 154 (heldout_155): steps=60 success=False
[hybrid-rollout] ep 155 (heldout_156): steps=4 success=False
[hybrid-rollout] ep 156 (heldout_157): steps=3 success=False
[hybrid-rollout] ep 157 (heldout_158): steps=3 success=False
[hybrid-rollout] ep 158 (heldout_159): steps=6 success=True
[hybrid-rollout] ep 159 (heldout_160): steps=60 success=False
[hybrid-rollout] ep 160 (heldout_161): steps=60 success=False
[hybrid-rollout] ep 161 (heldout_162): steps=5 success=True
[hybrid-rollout] ep 162 (heldout_163): steps=4 success=True
[hybrid-rollout] ep 163 (heldout_164): steps=4 success=True
[hybrid-rollout] ep 164 (heldout_165): steps=5 success=True
[hybrid-rollout] ep 165 (heldout_166): steps=4 success=True
[hybrid-rollout] ep 166 (heldout_167): steps=60 success=False
[hybrid-rollout] ep 167 (heldout_168): steps=4 success=True
[hybrid-rollout] ep 168 (heldout_169): steps=6 success=True
[hybrid-rollout] ep 169 (heldout_170): steps=6 success=True
[hybrid-rollout] ep 170 (heldout_171): steps=4 success=True
[hybrid-rollout] ep 171 (heldout_172): steps=5 success=True
[hybrid-rollout] ep 172 (heldout_173): steps=4 success=True
[hybrid-rollout] ep 173 (heldout_174): steps=5 success=True
[hybrid-rollout] ep 174 (heldout_175): steps=7 success=True
[hybrid-rollout] ep 175 (heldout_176): steps=6 success=True
[hybrid-rollout] ep 176 (heldout_177): steps=6 success=True
[hybrid-rollout] ep 177 (heldout_178): steps=1 success=False
[hybrid-rollout] ep 178 (heldout_179): steps=5 success=True
[hybrid-rollout] ep 179 (heldout_180): steps=4 success=True
[hybrid-rollout] ep 180 (heldout_181): steps=5 success=True
[hybrid-rollout] ep 181 (heldout_182): steps=4 success=True
[hybrid-rollout] ep 182 (heldout_183): steps=5 success=True
[hybrid-rollout] ep 183 (heldout_184): steps=7 success=True
[hybrid-rollout] ep 184 (heldout_185): steps=5 success=True
[hybrid-rollout] ep 185 (heldout_186): steps=4 success=True
[hybrid-rollout] ep 186 (heldout_187): steps=5 success=True
[hybrid-rollout] ep 187 (heldout_188): steps=5 success=True
[hybrid-rollout] ep 188 (heldout_189): steps=5 success=True
[hybrid-rollout] ep 189 (heldout_190): steps=7 success=True
[hybrid-rollout] ep 190 (heldout_191): steps=4 success=True
[hybrid-rollout] ep 191 (heldout_192): steps=5 success=True
[hybrid-rollout] ep 192 (heldout_193): steps=7 success=True
[hybrid-rollout] ep 193 (heldout_194): steps=6 success=True
[hybrid-rollout] ep 194 (heldout_195): steps=5 success=True
[hybrid-rollout] ep 195 (heldout_196): steps=4 success=True
[hybrid-rollout] ep 196 (heldout_197): steps=5 success=True
[hybrid-rollout] ep 197 (heldout_198): steps=60 success=False
[hybrid-rollout] ep 198 (heldout_199): steps=4 success=True
[hybrid-rollout] ep 199 (heldout_200): steps=4 success=True
[hybrid-rollout] DONE successes=166/200
[20:12:51] [replay_p4] run 1 round 9: extras=9 heldout_sr=0.830
[20:12:51] [replay_p4] $ /home/s226137394/.conda/envs/maze/bin/python3 -u -m Equivariant_pathway.equivariant_CNN_hybrid.baseline_vs_p4.pool_x_selector.trainer.finetune_replay --demo_dir /weka/s226137394/DmNfull/Equivariant_pathway/equivariant_CNN_hybrid/baseline_vs_p4/pool_x_selector/results_hpsweep/e150_lr5e-05_rm0.7_do0.1/run_1/p4_top3_rotate/demos --checkpoint_dir /weka/s226137394/DmNfull/Equivariant_pathway/equivariant_CNN_hybrid/baseline_vs_p4/pool_x_selector/results_hpsweep/e150_lr5e-05_rm0.7_do0.1/run_1/p4_top3_rotate/checkpoints --epochs 150 --batch_size 64 --lr 5e-05 --weight_decay 0.0001 --replay_mix 0.7 --replay_mix_floor 0.2 --head_dropout 0.1 --seed 1 --resume --new_demos_dir /weka/s226137394/DmNfull/Equivariant_pathway/equivariant_CNN_hybrid/baseline_vs_p4/pool_x_selector/results_hpsweep/e150_lr5e-05_rm0.7_do0.1/run_1/p4_top3_rotate/demos/round_010
[finetune_replay] device=cuda demo_dir=/weka/s226137394/DmNfull/Equivariant_pathway/equivariant_CNN_hybrid/baseline_vs_p4/pool_x_selector/results_hpsweep/e150_lr5e-05_rm0.7_do0.1/run_1/p4_top3_rotate/demos new_demos_dir=/weka/s226137394/DmNfull/Equivariant_pathway/equivariant_CNN_hybrid/baseline_vs_p4/pool_x_selector/results_hpsweep/e150_lr5e-05_rm0.7_do0.1/run_1/p4_top3_rotate/demos/round_010
[hybrid-dataset] 29 demos -> 155 samples
[hybrid-dataset] 1 demos -> 8 samples
[finetune_replay] sampler audit: {'n_old_samples': 155, 'n_new_samples': 8, 'replay_mix_target': 0.7, 'replay_mix_effective': 0.7, 'replay_mix_floor': 0.2}
[finetune_replay] trainable params: 1,400,028
[finetune_replay] WARM START from last_hybrid_policy.pth
[finetune_replay] ep   1/150 | train loss=0.1145 top1=0.993 | val loss=0.0057 | t=0.8s  *
[finetune_replay] ep   2/150 | train loss=0.0126 top1=1.000 | val loss=0.0012 | t=0.2s  *
[finetune_replay] ep   3/150 | train loss=0.0036 top1=1.000 | val loss=0.0049 | t=0.1s
[finetune_replay] ep   4/150 | train loss=0.0026 top1=1.000 | val loss=0.0069 | t=0.1s
[finetune_replay] ep   5/150 | train loss=0.0065 top1=1.000 | val loss=0.0014 | t=0.2s
[finetune_replay] ep   6/150 | train loss=0.0020 top1=1.000 | val loss=0.0011 | t=0.1s  *
[finetune_replay] ep   7/150 | train loss=0.0057 top1=1.000 | val loss=0.0008 | t=0.1s  *
[finetune_replay] ep   8/150 | train loss=0.0030 top1=1.000 | val loss=0.0021 | t=0.1s
[finetune_replay] ep   9/150 | train loss=0.0022 top1=1.000 | val loss=0.0006 | t=0.1s  *
[finetune_replay] ep  10/150 | train loss=0.0009 top1=1.000 | val loss=0.0008 | t=0.1s
[finetune_replay] ep  11/150 | train loss=0.0013 top1=1.000 | val loss=0.0009 | t=0.1s
[finetune_replay] ep  12/150 | train loss=0.0010 top1=1.000 | val loss=0.0006 | t=0.1s  *
[finetune_replay] ep  13/150 | train loss=0.0007 top1=1.000 | val loss=0.0010 | t=0.1s
[finetune_replay] ep  14/150 | train loss=0.0007 top1=1.000 | val loss=0.0011 | t=0.1s
[finetune_replay] ep  15/150 | train loss=0.0007 top1=1.000 | val loss=0.0007 | t=0.1s
[finetune_replay] ep  16/150 | train loss=0.0007 top1=1.000 | val loss=0.0005 | t=0.1s  *
[finetune_replay] ep  17/150 | train loss=0.0007 top1=1.000 | val loss=0.0006 | t=0.1s
[finetune_replay] ep  18/150 | train loss=0.0006 top1=1.000 | val loss=0.0006 | t=0.1s
[finetune_replay] ep  19/150 | train loss=0.0003 top1=1.000 | val loss=0.0005 | t=0.1s  *
[finetune_replay] ep  20/150 | train loss=0.0004 top1=1.000 | val loss=0.0004 | t=0.1s  *
[finetune_replay] ep  21/150 | train loss=0.0004 top1=1.000 | val loss=0.0004 | t=0.1s
[finetune_replay] ep  22/150 | train loss=0.0006 top1=1.000 | val loss=0.0005 | t=0.1s
[finetune_replay] ep  23/150 | train loss=0.0005 top1=1.000 | val loss=0.0004 | t=0.1s  *
[finetune_replay] ep  24/150 | train loss=0.0004 top1=1.000 | val loss=0.0004 | t=0.1s
[finetune_replay] ep  25/150 | train loss=0.0003 top1=1.000 | val loss=0.0004 | t=0.1s
[finetune_replay] ep  26/150 | train loss=0.0005 top1=1.000 | val loss=0.0004 | t=0.1s  *
[finetune_replay] ep  27/150 | train loss=0.0005 top1=1.000 | val loss=0.0005 | t=0.1s
[finetune_replay] ep  28/150 | train loss=0.0005 top1=1.000 | val loss=0.0005 | t=0.1s
[finetune_replay] ep  29/150 | train loss=0.0005 top1=1.000 | val loss=0.0005 | t=0.1s
[finetune_replay] ep  30/150 | train loss=0.0004 top1=1.000 | val loss=0.0005 | t=0.1s
[finetune_replay] ep  31/150 | train loss=0.0003 top1=1.000 | val loss=0.0004 | t=0.2s
[finetune_replay] ep  32/150 | train loss=0.0004 top1=1.000 | val loss=0.0005 | t=0.1s
[finetune_replay] ep  33/150 | train loss=0.0004 top1=1.000 | val loss=0.0004 | t=0.1s  *
[finetune_replay] ep  34/150 | train loss=0.0006 top1=1.000 | val loss=0.0005 | t=0.1s
[finetune_replay] ep  35/150 | train loss=0.0003 top1=1.000 | val loss=0.0006 | t=0.1s
[finetune_replay] ep  36/150 | train loss=0.0006 top1=1.000 | val loss=0.0004 | t=0.1s
[finetune_replay] ep  37/150 | train loss=0.0003 top1=1.000 | val loss=0.0004 | t=0.1s  *
[finetune_replay] ep  38/150 | train loss=0.0003 top1=1.000 | val loss=0.0005 | t=0.1s
[finetune_replay] ep  39/150 | train loss=0.0004 top1=1.000 | val loss=0.0005 | t=0.1s
[finetune_replay] ep  40/150 | train loss=0.0003 top1=1.000 | val loss=0.0006 | t=0.1s
[finetune_replay] ep  41/150 | train loss=0.0003 top1=1.000 | val loss=0.0006 | t=0.1s
[finetune_replay] ep  42/150 | train loss=0.0002 top1=1.000 | val loss=0.0006 | t=0.1s
[finetune_replay] ep  43/150 | train loss=0.0003 top1=1.000 | val loss=0.0006 | t=0.1s
[finetune_replay] ep  44/150 | train loss=0.0003 top1=1.000 | val loss=0.0005 | t=0.1s
[finetune_replay] ep  45/150 | train loss=0.0007 top1=1.000 | val loss=0.0005 | t=0.1s
[finetune_replay] ep  46/150 | train loss=0.0003 top1=1.000 | val loss=0.0006 | t=0.1s
[finetune_replay] ep  47/150 | train loss=0.0003 top1=1.000 | val loss=0.0005 | t=0.1s
[finetune_replay] ep  48/150 | train loss=0.0004 top1=1.000 | val loss=0.0004 | t=0.1s
[finetune_replay] ep  49/150 | train loss=0.0006 top1=1.000 | val loss=0.0005 | t=0.1s
[finetune_replay] ep  50/150 | train loss=0.0003 top1=1.000 | val loss=0.0008 | t=0.1s
[finetune_replay] ep  51/150 | train loss=0.0005 top1=1.000 | val loss=0.0007 | t=0.1s
[finetune_replay] ep  52/150 | train loss=0.0002 top1=1.000 | val loss=0.0005 | t=0.1s
[finetune_replay] ep  53/150 | train loss=0.0003 top1=1.000 | val loss=0.0005 | t=0.1s
[finetune_replay] ep  54/150 | train loss=0.0002 top1=1.000 | val loss=0.0005 | t=0.1s
[finetune_replay] ep  55/150 | train loss=0.0002 top1=1.000 | val loss=0.0004 | t=0.1s
[finetune_replay] ep  56/150 | train loss=0.0002 top1=1.000 | val loss=0.0004 | t=0.1s  *
[finetune_replay] ep  57/150 | train loss=0.0002 top1=1.000 | val loss=0.0004 | t=0.1s
[finetune_replay] ep  58/150 | train loss=0.0003 top1=1.000 | val loss=0.0004 | t=0.1s
[finetune_replay] ep  59/150 | train loss=0.0003 top1=1.000 | val loss=0.0004 | t=0.1s
[finetune_replay] ep  60/150 | train loss=0.0002 top1=1.000 | val loss=0.0004 | t=0.1s
[finetune_replay] ep  61/150 | train loss=0.0003 top1=1.000 | val loss=0.0004 | t=0.1s
[finetune_replay] ep  62/150 | train loss=0.0002 top1=1.000 | val loss=0.0004 | t=0.1s
[finetune_replay] ep  63/150 | train loss=0.0002 top1=1.000 | val loss=0.0004 | t=0.1s
[finetune_replay] ep  64/150 | train loss=0.0003 top1=1.000 | val loss=0.0004 | t=0.1s
[finetune_replay] ep  65/150 | train loss=0.0002 top1=1.000 | val loss=0.0004 | t=0.1s
[finetune_replay] ep  66/150 | train loss=0.0003 top1=1.000 | val loss=0.0004 | t=0.1s
[finetune_replay] ep  67/150 | train loss=0.0003 top1=1.000 | val loss=0.0005 | t=0.1s
[finetune_replay] ep  68/150 | train loss=0.0003 top1=1.000 | val loss=0.0004 | t=0.1s
[finetune_replay] ep  69/150 | train loss=0.0003 top1=1.000 | val loss=0.0003 | t=0.1s  *
[finetune_replay] ep  70/150 | train loss=0.0002 top1=1.000 | val loss=0.0003 | t=0.1s  *
[finetune_replay] ep  71/150 | train loss=0.0002 top1=1.000 | val loss=0.0003 | t=0.1s
[finetune_replay] ep  72/150 | train loss=0.0004 top1=1.000 | val loss=0.0004 | t=0.1s
[finetune_replay] ep  73/150 | train loss=0.0001 top1=1.000 | val loss=0.0004 | t=0.1s
[finetune_replay] ep  74/150 | train loss=0.0002 top1=1.000 | val loss=0.0004 | t=0.1s
[finetune_replay] ep  75/150 | train loss=0.0003 top1=1.000 | val loss=0.0004 | t=0.1s
[finetune_replay] ep  76/150 | train loss=0.0002 top1=1.000 | val loss=0.0004 | t=0.1s
[finetune_replay] ep  77/150 | train loss=0.0003 top1=1.000 | val loss=0.0004 | t=0.1s
[finetune_replay] ep  78/150 | train loss=0.0004 top1=1.000 | val loss=0.0003 | t=0.1s
[finetune_replay] ep  79/150 | train loss=0.0002 top1=1.000 | val loss=0.0004 | t=0.1s
[finetune_replay] ep  80/150 | train loss=0.0002 top1=1.000 | val loss=0.0004 | t=0.1s
[finetune_replay] ep  81/150 | train loss=0.0003 top1=1.000 | val loss=0.0003 | t=0.1s
[finetune_replay] ep  82/150 | train loss=0.0002 top1=1.000 | val loss=0.0003 | t=0.2s
[finetune_replay] ep  83/150 | train loss=0.0003 top1=1.000 | val loss=0.0003 | t=0.1s
[finetune_replay] ep  84/150 | train loss=0.0002 top1=1.000 | val loss=0.0003 | t=0.1s
[finetune_replay] ep  85/150 | train loss=0.0002 top1=1.000 | val loss=0.0003 | t=0.1s
[finetune_replay] ep  86/150 | train loss=0.0004 top1=1.000 | val loss=0.0003 | t=0.1s
[finetune_replay] ep  87/150 | train loss=0.0002 top1=1.000 | val loss=0.0004 | t=0.1s
[finetune_replay] ep  88/150 | train loss=0.0002 top1=1.000 | val loss=0.0004 | t=0.1s
[finetune_replay] ep  89/150 | train loss=0.0002 top1=1.000 | val loss=0.0005 | t=0.1s
[finetune_replay] ep  90/150 | train loss=0.0002 top1=1.000 | val loss=0.0004 | t=0.1s
[finetune_replay] ep  91/150 | train loss=0.0002 top1=1.000 | val loss=0.0004 | t=0.1s
[finetune_replay] ep  92/150 | train loss=0.0002 top1=1.000 | val loss=0.0004 | t=0.1s
[finetune_replay] ep  93/150 | train loss=0.0003 top1=1.000 | val loss=0.0004 | t=0.1s
[finetune_replay] ep  94/150 | train loss=0.0002 top1=1.000 | val loss=0.0004 | t=0.1s
[finetune_replay] ep  95/150 | train loss=0.0003 top1=1.000 | val loss=0.0004 | t=0.1s
[finetune_replay] ep  96/150 | train loss=0.0002 top1=1.000 | val loss=0.0003 | t=0.1s
[finetune_replay] ep  97/150 | train loss=0.0002 top1=1.000 | val loss=0.0003 | t=0.1s
[finetune_replay] ep  98/150 | train loss=0.0002 top1=1.000 | val loss=0.0003 | t=0.1s  *
[finetune_replay] ep  99/150 | train loss=0.0002 top1=1.000 | val loss=0.0003 | t=0.1s  *
[finetune_replay] ep 100/150 | train loss=0.0002 top1=1.000 | val loss=0.0003 | t=0.1s
[finetune_replay] ep 101/150 | train loss=0.0002 top1=1.000 | val loss=0.0004 | t=0.1s
[finetune_replay] ep 102/150 | train loss=0.0002 top1=1.000 | val loss=0.0004 | t=0.1s
[finetune_replay] ep 103/150 | train loss=0.0002 top1=1.000 | val loss=0.0004 | t=0.1s
[finetune_replay] ep 104/150 | train loss=0.0002 top1=1.000 | val loss=0.0004 | t=0.1s
[finetune_replay] ep 105/150 | train loss=0.0003 top1=1.000 | val loss=0.0004 | t=0.1s
[finetune_replay] ep 106/150 | train loss=0.0002 top1=1.000 | val loss=0.0003 | t=0.1s
[finetune_replay] ep 107/150 | train loss=0.0002 top1=1.000 | val loss=0.0004 | t=0.1s
[finetune_replay] ep 108/150 | train loss=0.0001 top1=1.000 | val loss=0.0003 | t=0.1s
[finetune_replay] ep 109/150 | train loss=0.0002 top1=1.000 | val loss=0.0003 | t=0.1s
[finetune_replay] ep 110/150 | train loss=0.0002 top1=1.000 | val loss=0.0003 | t=0.1s
[finetune_replay] ep 111/150 | train loss=0.0001 top1=1.000 | val loss=0.0003 | t=0.1s
[finetune_replay] ep 112/150 | train loss=0.0002 top1=1.000 | val loss=0.0003 | t=0.1s
[finetune_replay] ep 113/150 | train loss=0.0003 top1=1.000 | val loss=0.0003 | t=0.1s
[finetune_replay] ep 114/150 | train loss=0.0001 top1=1.000 | val loss=0.0003 | t=0.1s
[finetune_replay] ep 115/150 | train loss=0.0002 top1=1.000 | val loss=0.0003 | t=0.1s
[finetune_replay] ep 116/150 | train loss=0.0002 top1=1.000 | val loss=0.0003 | t=0.1s
[finetune_replay] ep 117/150 | train loss=0.0003 top1=1.000 | val loss=0.0003 | t=0.1s
[finetune_replay] ep 118/150 | train loss=0.0002 top1=1.000 | val loss=0.0003 | t=0.1s
[finetune_replay] ep 119/150 | train loss=0.0002 top1=1.000 | val loss=0.0003 | t=0.1s
[finetune_replay] ep 120/150 | train loss=0.0002 top1=1.000 | val loss=0.0003 | t=0.1s
[finetune_replay] ep 121/150 | train loss=0.0002 top1=1.000 | val loss=0.0003 | t=0.1s
[finetune_replay] ep 122/150 | train loss=0.0002 top1=1.000 | val loss=0.0003 | t=0.1s
[finetune_replay] ep 123/150 | train loss=0.0002 top1=1.000 | val loss=0.0003 | t=0.1s
[finetune_replay] ep 124/150 | train loss=0.0002 top1=1.000 | val loss=0.0003 | t=0.1s
[finetune_replay] ep 125/150 | train loss=0.0002 top1=1.000 | val loss=0.0003 | t=0.1s
[finetune_replay] ep 126/150 | train loss=0.0003 top1=1.000 | val loss=0.0003 | t=0.1s
[finetune_replay] ep 127/150 | train loss=0.0002 top1=1.000 | val loss=0.0003 | t=0.1s
[finetune_replay] ep 128/150 | train loss=0.0002 top1=1.000 | val loss=0.0003 | t=0.1s
[finetune_replay] ep 129/150 | train loss=0.0002 top1=1.000 | val loss=0.0003 | t=0.1s
[finetune_replay] ep 130/150 | train loss=0.0002 top1=1.000 | val loss=0.0003 | t=0.1s
[finetune_replay] ep 131/150 | train loss=0.0002 top1=1.000 | val loss=0.0003 | t=0.1s
[finetune_replay] ep 132/150 | train loss=0.0001 top1=1.000 | val loss=0.0003 | t=0.1s
[finetune_replay] ep 133/150 | train loss=0.0001 top1=1.000 | val loss=0.0003 | t=0.1s  *
[finetune_replay] ep 134/150 | train loss=0.0002 top1=1.000 | val loss=0.0003 | t=0.1s
[finetune_replay] ep 135/150 | train loss=0.0002 top1=1.000 | val loss=0.0003 | t=0.1s
[finetune_replay] ep 136/150 | train loss=0.0001 top1=1.000 | val loss=0.0003 | t=0.1s
[finetune_replay] ep 137/150 | train loss=0.0002 top1=1.000 | val loss=0.0003 | t=0.1s
[finetune_replay] ep 138/150 | train loss=0.0002 top1=1.000 | val loss=0.0003 | t=0.1s
[finetune_replay] ep 139/150 | train loss=0.0002 top1=1.000 | val loss=0.0003 | t=0.1s
[finetune_replay] ep 140/150 | train loss=0.0001 top1=1.000 | val loss=0.0003 | t=0.1s
[finetune_replay] ep 141/150 | train loss=0.0003 top1=1.000 | val loss=0.0003 | t=0.1s
[finetune_replay] ep 142/150 | train loss=0.0002 top1=1.000 | val loss=0.0003 | t=0.1s
[finetune_replay] ep 143/150 | train loss=0.0002 top1=1.000 | val loss=0.0003 | t=0.1s
[finetune_replay] ep 144/150 | train loss=0.0002 top1=1.000 | val loss=0.0003 | t=0.1s
[finetune_replay] ep 145/150 | train loss=0.0001 top1=1.000 | val loss=0.0003 | t=0.1s
[finetune_replay] ep 146/150 | train loss=0.0002 top1=1.000 | val loss=0.0003 | t=0.1s
[finetune_replay] ep 147/150 | train loss=0.0002 top1=1.000 | val loss=0.0003 | t=0.1s
[finetune_replay] ep 148/150 | train loss=0.0002 top1=1.000 | val loss=0.0003 | t=0.1s
[finetune_replay] ep 149/150 | train loss=0.0001 top1=1.000 | val loss=0.0003 | t=0.1s
[finetune_replay] ep 150/150 | train loss=0.0002 top1=1.000 | val loss=0.0003 | t=0.1s
[finetune_replay] DONE best_val_loss=0.0003 @ epoch 133
[20:13:23] [bo-budget] $ /home/s226137394/.conda/envs/maze/bin/python3 -u -m Equivariant_pathway.equivariant_CNN_hybrid.rollout_test --checkpoint /weka/s226137394/DmNfull/Equivariant_pathway/equivariant_CNN_hybrid/baseline_vs_p4/pool_x_selector/results_hpsweep/e150_lr5e-05_rm0.7_do0.1/run_1/p4_top3_rotate/checkpoints/best_hybrid_policy.pth --layouts /weka/s226137394/DmNfull/Equivariant_pathway/equivariant_CNN_hybrid/baseline_vs_p4/shared/heldout_layouts.yaml --out_dir /weka/s226137394/DmNfull/Equivariant_pathway/equivariant_CNN_hybrid/baseline_vs_p4/pool_x_selector/results_hpsweep/e150_lr5e-05_rm0.7_do0.1/run_1/p4_top3_rotate/results/eval_round_010 --seed 11 --max_steps 60
[hybrid-rollout] 200 unique; running 200 eps
[hybrid-rollout] loaded /weka/s226137394/DmNfull/Equivariant_pathway/equivariant_CNN_hybrid/baseline_vs_p4/pool_x_selector/results_hpsweep/e150_lr5e-05_rm0.7_do0.1/run_1/p4_top3_rotate/checkpoints/best_hybrid_policy.pth
[hybrid-rollout] ep 0 (heldout_001): steps=5 success=True
[hybrid-rollout] ep 1 (heldout_002): steps=4 success=True
[hybrid-rollout] ep 2 (heldout_003): steps=4 success=True
[hybrid-rollout] ep 3 (heldout_004): steps=6 success=True
[hybrid-rollout] ep 4 (heldout_005): steps=5 success=True
[hybrid-rollout] ep 5 (heldout_006): steps=3 success=False
[hybrid-rollout] ep 6 (heldout_007): steps=5 success=True
[hybrid-rollout] ep 7 (heldout_008): steps=4 success=True
[hybrid-rollout] ep 8 (heldout_009): steps=2 success=False
[hybrid-rollout] ep 9 (heldout_010): steps=8 success=True
[hybrid-rollout] ep 10 (heldout_011): steps=4 success=True
[hybrid-rollout] ep 11 (heldout_012): steps=6 success=True
[hybrid-rollout] ep 12 (heldout_013): steps=5 success=True
[hybrid-rollout] ep 13 (heldout_014): steps=5 success=True
[hybrid-rollout] ep 14 (heldout_015): steps=4 success=True
[hybrid-rollout] ep 15 (heldout_016): steps=5 success=True
[hybrid-rollout] ep 16 (heldout_017): steps=4 success=True
[hybrid-rollout] ep 17 (heldout_018): steps=60 success=False
[hybrid-rollout] ep 18 (heldout_019): steps=5 success=True
[hybrid-rollout] ep 19 (heldout_020): steps=5 success=True
[hybrid-rollout] ep 20 (heldout_021): steps=4 success=True
[hybrid-rollout] ep 21 (heldout_022): steps=60 success=False
[hybrid-rollout] ep 22 (heldout_023): steps=7 success=True
[hybrid-rollout] ep 23 (heldout_024): steps=60 success=False
[hybrid-rollout] ep 24 (heldout_025): steps=4 success=True
[hybrid-rollout] ep 25 (heldout_026): steps=4 success=True
[hybrid-rollout] ep 26 (heldout_027): steps=4 success=True
[hybrid-rollout] ep 27 (heldout_028): steps=4 success=True
[hybrid-rollout] ep 28 (heldout_029): steps=60 success=False
[hybrid-rollout] ep 29 (heldout_030): steps=60 success=False
[hybrid-rollout] ep 30 (heldout_031): steps=5 success=True
[hybrid-rollout] ep 31 (heldout_032): steps=5 success=True
[hybrid-rollout] ep 32 (heldout_033): steps=4 success=True
[hybrid-rollout] ep 33 (heldout_034): steps=5 success=True
[hybrid-rollout] ep 34 (heldout_035): steps=6 success=True
[hybrid-rollout] ep 35 (heldout_036): steps=5 success=True
[hybrid-rollout] ep 36 (heldout_037): steps=4 success=True
[hybrid-rollout] ep 37 (heldout_038): steps=5 success=True
[hybrid-rollout] ep 38 (heldout_039): steps=6 success=True
[hybrid-rollout] ep 39 (heldout_040): steps=5 success=True
[hybrid-rollout] ep 40 (heldout_041): steps=6 success=True
[hybrid-rollout] ep 41 (heldout_042): steps=4 success=True
[hybrid-rollout] ep 42 (heldout_043): steps=4 success=True
[hybrid-rollout] ep 43 (heldout_044): steps=5 success=True
[hybrid-rollout] ep 44 (heldout_045): steps=5 success=True
[hybrid-rollout] ep 45 (heldout_046): steps=4 success=True
[hybrid-rollout] ep 46 (heldout_047): steps=6 success=True
[hybrid-rollout] ep 47 (heldout_048): steps=6 success=True
[hybrid-rollout] ep 48 (heldout_049): steps=60 success=False
[hybrid-rollout] ep 49 (heldout_050): steps=4 success=True
[hybrid-rollout] ep 50 (heldout_051): steps=4 success=True
[hybrid-rollout] ep 51 (heldout_052): steps=4 success=True
[hybrid-rollout] ep 52 (heldout_053): steps=6 success=True
[hybrid-rollout] ep 53 (heldout_054): steps=4 success=True
[hybrid-rollout] ep 54 (heldout_055): steps=60 success=False
[hybrid-rollout] ep 55 (heldout_056): steps=4 success=True
[hybrid-rollout] ep 56 (heldout_057): steps=4 success=True
[hybrid-rollout] ep 57 (heldout_058): steps=4 success=True
[hybrid-rollout] ep 58 (heldout_059): steps=5 success=True
[hybrid-rollout] ep 59 (heldout_060): steps=6 success=True
[hybrid-rollout] ep 60 (heldout_061): steps=5 success=True
[hybrid-rollout] ep 61 (heldout_062): steps=6 success=True
[hybrid-rollout] ep 62 (heldout_063): steps=5 success=True
[hybrid-rollout] ep 63 (heldout_064): steps=4 success=True
[hybrid-rollout] ep 64 (heldout_065): steps=7 success=True
[hybrid-rollout] ep 65 (heldout_066): steps=6 success=True
[hybrid-rollout] ep 66 (heldout_067): steps=5 success=True
[hybrid-rollout] ep 67 (heldout_068): steps=4 success=True
[hybrid-rollout] ep 68 (heldout_069): steps=4 success=True
[hybrid-rollout] ep 69 (heldout_070): steps=60 success=False
[hybrid-rollout] ep 70 (heldout_071): steps=5 success=True
[hybrid-rollout] ep 71 (heldout_072): steps=5 success=True
[hybrid-rollout] ep 72 (heldout_073): steps=6 success=True
[hybrid-rollout] ep 73 (heldout_074): steps=4 success=True
[hybrid-rollout] ep 74 (heldout_075): steps=5 success=True
[hybrid-rollout] ep 75 (heldout_076): steps=9 success=True
[hybrid-rollout] ep 76 (heldout_077): steps=4 success=True
[hybrid-rollout] ep 77 (heldout_078): steps=3 success=False
[hybrid-rollout] ep 78 (heldout_079): steps=4 success=True
[hybrid-rollout] ep 79 (heldout_080): steps=4 success=True
[hybrid-rollout] ep 80 (heldout_081): steps=5 success=True
[hybrid-rollout] ep 81 (heldout_082): steps=5 success=True
[hybrid-rollout] ep 82 (heldout_083): steps=4 success=True
[hybrid-rollout] ep 83 (heldout_084): steps=5 success=True
[hybrid-rollout] ep 84 (heldout_085): steps=60 success=False
[hybrid-rollout] ep 85 (heldout_086): steps=6 success=True
[hybrid-rollout] ep 86 (heldout_087): steps=5 success=True
[hybrid-rollout] ep 87 (heldout_088): steps=4 success=True
[hybrid-rollout] ep 88 (heldout_089): steps=3 success=False
[hybrid-rollout] ep 89 (heldout_090): steps=4 success=True
[hybrid-rollout] ep 90 (heldout_091): steps=5 success=True
[hybrid-rollout] ep 91 (heldout_092): steps=5 success=True
[hybrid-rollout] ep 92 (heldout_093): steps=6 success=True
[hybrid-rollout] ep 93 (heldout_094): steps=6 success=True
[hybrid-rollout] ep 94 (heldout_095): steps=7 success=True
[hybrid-rollout] ep 95 (heldout_096): steps=5 success=True
[hybrid-rollout] ep 96 (heldout_097): steps=5 success=True
[hybrid-rollout] ep 97 (heldout_098): steps=5 success=True
[hybrid-rollout] ep 98 (heldout_099): steps=60 success=False
[hybrid-rollout] ep 99 (heldout_100): steps=10 success=True
[hybrid-rollout] ep 100 (heldout_101): steps=4 success=True
[hybrid-rollout] ep 101 (heldout_102): steps=4 success=True
[hybrid-rollout] ep 102 (heldout_103): steps=4 success=True
[hybrid-rollout] ep 103 (heldout_104): steps=6 success=True
[hybrid-rollout] ep 104 (heldout_105): steps=4 success=True
[hybrid-rollout] ep 105 (heldout_106): steps=60 success=False
[hybrid-rollout] ep 106 (heldout_107): steps=4 success=True
[hybrid-rollout] ep 107 (heldout_108): steps=4 success=True
[hybrid-rollout] ep 108 (heldout_109): steps=4 success=True
[hybrid-rollout] ep 109 (heldout_110): steps=60 success=False
[hybrid-rollout] ep 110 (heldout_111): steps=60 success=False
[hybrid-rollout] ep 111 (heldout_112): steps=5 success=True
[hybrid-rollout] ep 112 (heldout_113): steps=5 success=True
[hybrid-rollout] ep 113 (heldout_114): steps=4 success=True
[hybrid-rollout] ep 114 (heldout_115): steps=4 success=True
[hybrid-rollout] ep 115 (heldout_116): steps=5 success=True
[hybrid-rollout] ep 116 (heldout_117): steps=7 success=True
[hybrid-rollout] ep 117 (heldout_118): steps=7 success=True
[hybrid-rollout] ep 118 (heldout_119): steps=4 success=True
[hybrid-rollout] ep 119 (heldout_120): steps=7 success=True
[hybrid-rollout] ep 120 (heldout_121): steps=4 success=True
[hybrid-rollout] ep 121 (heldout_122): steps=4 success=True
[hybrid-rollout] ep 122 (heldout_123): steps=6 success=True
[hybrid-rollout] ep 123 (heldout_124): steps=4 success=False
[hybrid-rollout] ep 124 (heldout_125): steps=4 success=True
[hybrid-rollout] ep 125 (heldout_126): steps=4 success=True
[hybrid-rollout] ep 126 (heldout_127): steps=60 success=False
[hybrid-rollout] ep 127 (heldout_128): steps=7 success=True
[hybrid-rollout] ep 128 (heldout_129): steps=4 success=True
[hybrid-rollout] ep 129 (heldout_130): steps=4 success=True
[hybrid-rollout] ep 130 (heldout_131): steps=1 success=False
[hybrid-rollout] ep 131 (heldout_132): steps=4 success=True
[hybrid-rollout] ep 132 (heldout_133): steps=4 success=True
[hybrid-rollout] ep 133 (heldout_134): steps=7 success=True
[hybrid-rollout] ep 134 (heldout_135): steps=6 success=True
[hybrid-rollout] ep 135 (heldout_136): steps=5 success=True
[hybrid-rollout] ep 136 (heldout_137): steps=5 success=True
[hybrid-rollout] ep 137 (heldout_138): steps=4 success=True
[hybrid-rollout] ep 138 (heldout_139): steps=4 success=True
[hybrid-rollout] ep 139 (heldout_140): steps=5 success=True
[hybrid-rollout] ep 140 (heldout_141): steps=5 success=True
[hybrid-rollout] ep 141 (heldout_142): steps=4 success=True
[hybrid-rollout] ep 142 (heldout_143): steps=6 success=True
[hybrid-rollout] ep 143 (heldout_144): steps=4 success=True
[hybrid-rollout] ep 144 (heldout_145): steps=5 success=True
[hybrid-rollout] ep 145 (heldout_146): steps=60 success=False
[hybrid-rollout] ep 146 (heldout_147): steps=4 success=True
[hybrid-rollout] ep 147 (heldout_148): steps=60 success=False
[hybrid-rollout] ep 148 (heldout_149): steps=5 success=True
[hybrid-rollout] ep 149 (heldout_150): steps=4 success=True
[hybrid-rollout] ep 150 (heldout_151): steps=5 success=True
[hybrid-rollout] ep 151 (heldout_152): steps=6 success=True
[hybrid-rollout] ep 152 (heldout_153): steps=5 success=True
[hybrid-rollout] ep 153 (heldout_154): steps=60 success=False
[hybrid-rollout] ep 154 (heldout_155): steps=60 success=False
[hybrid-rollout] ep 155 (heldout_156): steps=3 success=False
[hybrid-rollout] ep 156 (heldout_157): steps=3 success=False
[hybrid-rollout] ep 157 (heldout_158): steps=3 success=False
[hybrid-rollout] ep 158 (heldout_159): steps=6 success=True
[hybrid-rollout] ep 159 (heldout_160): steps=60 success=False
[hybrid-rollout] ep 160 (heldout_161): steps=5 success=True
[hybrid-rollout] ep 161 (heldout_162): steps=5 success=True
[hybrid-rollout] ep 162 (heldout_163): steps=4 success=True
[hybrid-rollout] ep 163 (heldout_164): steps=4 success=True
[hybrid-rollout] ep 164 (heldout_165): steps=5 success=True
[hybrid-rollout] ep 165 (heldout_166): steps=4 success=True
[hybrid-rollout] ep 166 (heldout_167): steps=60 success=False
[hybrid-rollout] ep 167 (heldout_168): steps=4 success=True
[hybrid-rollout] ep 168 (heldout_169): steps=6 success=True
[hybrid-rollout] ep 169 (heldout_170): steps=5 success=False
[hybrid-rollout] ep 170 (heldout_171): steps=4 success=True
[hybrid-rollout] ep 171 (heldout_172): steps=5 success=True
[hybrid-rollout] ep 172 (heldout_173): steps=4 success=True
[hybrid-rollout] ep 173 (heldout_174): steps=5 success=True
[hybrid-rollout] ep 174 (heldout_175): steps=7 success=True
[hybrid-rollout] ep 175 (heldout_176): steps=6 success=True
[hybrid-rollout] ep 176 (heldout_177): steps=6 success=True
[hybrid-rollout] ep 177 (heldout_178): steps=5 success=True
[hybrid-rollout] ep 178 (heldout_179): steps=5 success=True
[hybrid-rollout] ep 179 (heldout_180): steps=4 success=True
[hybrid-rollout] ep 180 (heldout_181): steps=5 success=True
[hybrid-rollout] ep 181 (heldout_182): steps=4 success=True
[hybrid-rollout] ep 182 (heldout_183): steps=5 success=True
[hybrid-rollout] ep 183 (heldout_184): steps=7 success=True
[hybrid-rollout] ep 184 (heldout_185): steps=5 success=True
[hybrid-rollout] ep 185 (heldout_186): steps=4 success=True
[hybrid-rollout] ep 186 (heldout_187): steps=5 success=True
[hybrid-rollout] ep 187 (heldout_188): steps=5 success=True
[hybrid-rollout] ep 188 (heldout_189): steps=5 success=True
[hybrid-rollout] ep 189 (heldout_190): steps=7 success=True
[hybrid-rollout] ep 190 (heldout_191): steps=4 success=True
[hybrid-rollout] ep 191 (heldout_192): steps=7 success=True
[hybrid-rollout] ep 192 (heldout_193): steps=7 success=True
[hybrid-rollout] ep 193 (heldout_194): steps=6 success=True
[hybrid-rollout] ep 194 (heldout_195): steps=5 success=True
[hybrid-rollout] ep 195 (heldout_196): steps=4 success=True
[hybrid-rollout] ep 196 (heldout_197): steps=5 success=True
[hybrid-rollout] ep 197 (heldout_198): steps=60 success=False
[hybrid-rollout] ep 198 (heldout_199): steps=4 success=True
[hybrid-rollout] ep 199 (heldout_200): steps=4 success=True
[hybrid-rollout] DONE successes=169/200
[20:14:29] [replay_p4] run 1 round 10: extras=10 heldout_sr=0.845
[20:14:29] [replay_p4] $ /home/s226137394/.conda/envs/maze/bin/python3 -u -m Equivariant_pathway.equivariant_CNN_hybrid.baseline_vs_p4.pool_x_selector.trainer.finetune_replay --demo_dir /weka/s226137394/DmNfull/Equivariant_pathway/equivariant_CNN_hybrid/baseline_vs_p4/pool_x_selector/results_hpsweep/e150_lr5e-05_rm0.7_do0.1/run_1/p4_top3_rotate/demos --checkpoint_dir /weka/s226137394/DmNfull/Equivariant_pathway/equivariant_CNN_hybrid/baseline_vs_p4/pool_x_selector/results_hpsweep/e150_lr5e-05_rm0.7_do0.1/run_1/p4_top3_rotate/checkpoints --epochs 150 --batch_size 64 --lr 5e-05 --weight_decay 0.0001 --replay_mix 0.7 --replay_mix_floor 0.2 --head_dropout 0.1 --seed 1 --resume --new_demos_dir /weka/s226137394/DmNfull/Equivariant_pathway/equivariant_CNN_hybrid/baseline_vs_p4/pool_x_selector/results_hpsweep/e150_lr5e-05_rm0.7_do0.1/run_1/p4_top3_rotate/demos/round_011
[finetune_replay] device=cuda demo_dir=/weka/s226137394/DmNfull/Equivariant_pathway/equivariant_CNN_hybrid/baseline_vs_p4/pool_x_selector/results_hpsweep/e150_lr5e-05_rm0.7_do0.1/run_1/p4_top3_rotate/demos new_demos_dir=/weka/s226137394/DmNfull/Equivariant_pathway/equivariant_CNN_hybrid/baseline_vs_p4/pool_x_selector/results_hpsweep/e150_lr5e-05_rm0.7_do0.1/run_1/p4_top3_rotate/demos/round_011
[hybrid-dataset] 30 demos -> 163 samples
[hybrid-dataset] 1 demos -> 6 samples
[finetune_replay] sampler audit: {'n_old_samples': 163, 'n_new_samples': 6, 'replay_mix_target': 0.7, 'replay_mix_effective': 0.7, 'replay_mix_floor': 0.2}
[finetune_replay] trainable params: 1,400,028
[finetune_replay] WARM START from last_hybrid_policy.pth
[finetune_replay] ep   1/150 | train loss=0.1113 top1=1.000 | val loss=0.0011 | t=0.7s  *
[finetune_replay] ep   2/150 | train loss=0.0329 top1=1.000 | val loss=0.0116 | t=0.2s
[finetune_replay] ep   3/150 | train loss=0.0114 top1=1.000 | val loss=0.0573 | t=0.2s
[finetune_replay] ep   4/150 | train loss=0.0080 top1=1.000 | val loss=0.0031 | t=0.1s
[finetune_replay] ep   5/150 | train loss=0.0033 top1=1.000 | val loss=0.0017 | t=0.1s
[finetune_replay] ep   6/150 | train loss=0.0015 top1=1.000 | val loss=0.0023 | t=0.2s
[finetune_replay] ep   7/150 | train loss=0.0015 top1=1.000 | val loss=0.0009 | t=0.1s  *
[finetune_replay] ep   8/150 | train loss=0.0013 top1=1.000 | val loss=0.0007 | t=0.1s  *
[finetune_replay] ep   9/150 | train loss=0.0011 top1=1.000 | val loss=0.0009 | t=0.1s
[finetune_replay] ep  10/150 | train loss=0.0010 top1=1.000 | val loss=0.0006 | t=0.1s  *
[finetune_replay] ep  11/150 | train loss=0.0008 top1=1.000 | val loss=0.0008 | t=0.1s
[finetune_replay] ep  12/150 | train loss=0.0010 top1=1.000 | val loss=0.0009 | t=0.2s
[finetune_replay] ep  13/150 | train loss=0.0007 top1=1.000 | val loss=0.0007 | t=0.1s
[finetune_replay] ep  14/150 | train loss=0.0008 top1=1.000 | val loss=0.0007 | t=0.1s
[finetune_replay] ep  15/150 | train loss=0.0006 top1=1.000 | val loss=0.0007 | t=0.1s
[finetune_replay] ep  16/150 | train loss=0.0005 top1=1.000 | val loss=0.0008 | t=0.1s
[finetune_replay] ep  17/150 | train loss=0.0005 top1=1.000 | val loss=0.0008 | t=0.1s
[finetune_replay] ep  18/150 | train loss=0.0006 top1=1.000 | val loss=0.0008 | t=0.1s
[finetune_replay] ep  19/150 | train loss=0.0004 top1=1.000 | val loss=0.0009 | t=0.2s
[finetune_replay] ep  20/150 | train loss=0.0005 top1=1.000 | val loss=0.0008 | t=0.1s
[finetune_replay] ep  21/150 | train loss=0.0005 top1=1.000 | val loss=0.0007 | t=0.1s
[finetune_replay] ep  22/150 | train loss=0.0005 top1=1.000 | val loss=0.0008 | t=0.1s
[finetune_replay] ep  23/150 | train loss=0.0005 top1=1.000 | val loss=0.0008 | t=0.1s
[finetune_replay] ep  24/150 | train loss=0.0004 top1=1.000 | val loss=0.0007 | t=0.1s
[finetune_replay] ep  25/150 | train loss=0.0006 top1=1.000 | val loss=0.0006 | t=0.1s  *
[finetune_replay] ep  26/150 | train loss=0.0005 top1=1.000 | val loss=0.0006 | t=0.1s  *
[finetune_replay] ep  27/150 | train loss=0.0004 top1=1.000 | val loss=0.0006 | t=0.1s
[finetune_replay] ep  28/150 | train loss=0.0005 top1=1.000 | val loss=0.0005 | t=0.1s  *
[finetune_replay] ep  29/150 | train loss=0.0006 top1=1.000 | val loss=0.0008 | t=0.1s
[finetune_replay] ep  30/150 | train loss=0.0004 top1=1.000 | val loss=0.0012 | t=0.1s
[finetune_replay] ep  31/150 | train loss=0.0005 top1=1.000 | val loss=0.0015 | t=0.1s
[finetune_replay] ep  32/150 | train loss=0.0005 top1=1.000 | val loss=0.0014 | t=0.1s
[finetune_replay] ep  33/150 | train loss=0.0003 top1=1.000 | val loss=0.0011 | t=0.1s
[finetune_replay] ep  34/150 | train loss=0.0005 top1=1.000 | val loss=0.0005 | t=0.1s  *
[finetune_replay] ep  35/150 | train loss=0.0005 top1=1.000 | val loss=0.0003 | t=0.1s  *
[finetune_replay] ep  36/150 | train loss=0.0008 top1=1.000 | val loss=0.0006 | t=0.1s
[finetune_replay] ep  37/150 | train loss=0.0005 top1=1.000 | val loss=0.0033 | t=0.1s
[finetune_replay] ep  38/150 | train loss=0.0007 top1=1.000 | val loss=0.0013 | t=0.1s
[finetune_replay] ep  39/150 | train loss=0.0004 top1=1.000 | val loss=0.0004 | t=0.1s
[finetune_replay] ep  40/150 | train loss=0.0005 top1=1.000 | val loss=0.0004 | t=0.1s
[finetune_replay] ep  41/150 | train loss=0.0004 top1=1.000 | val loss=0.0007 | t=0.1s
[finetune_replay] ep  42/150 | train loss=0.0003 top1=1.000 | val loss=0.0013 | t=0.1s
[finetune_replay] ep  43/150 | train loss=0.0004 top1=1.000 | val loss=0.0012 | t=0.1s
[finetune_replay] ep  44/150 | train loss=0.0005 top1=1.000 | val loss=0.0007 | t=0.1s
[finetune_replay] ep  45/150 | train loss=0.0002 top1=1.000 | val loss=0.0005 | t=0.1s
[finetune_replay] ep  46/150 | train loss=0.0003 top1=1.000 | val loss=0.0005 | t=0.1s
[finetune_replay] ep  47/150 | train loss=0.0002 top1=1.000 | val loss=0.0005 | t=0.1s
[finetune_replay] ep  48/150 | train loss=0.0004 top1=1.000 | val loss=0.0005 | t=0.1s
[finetune_replay] ep  49/150 | train loss=0.0003 top1=1.000 | val loss=0.0005 | t=0.1s
[finetune_replay] ep  50/150 | train loss=0.0003 top1=1.000 | val loss=0.0006 | t=0.1s
[finetune_replay] ep  51/150 | train loss=0.0003 top1=1.000 | val loss=0.0007 | t=0.1s
[finetune_replay] ep  52/150 | train loss=0.0003 top1=1.000 | val loss=0.0007 | t=0.1s
[finetune_replay] ep  53/150 | train loss=0.0003 top1=1.000 | val loss=0.0006 | t=0.1s
[finetune_replay] ep  54/150 | train loss=0.0003 top1=1.000 | val loss=0.0005 | t=0.1s
[finetune_replay] ep  55/150 | train loss=0.0003 top1=1.000 | val loss=0.0005 | t=0.1s
[finetune_replay] ep  56/150 | train loss=0.0002 top1=1.000 | val loss=0.0005 | t=0.1s
[finetune_replay] ep  57/150 | train loss=0.0002 top1=1.000 | val loss=0.0005 | t=0.1s
[finetune_replay] ep  58/150 | train loss=0.0002 top1=1.000 | val loss=0.0005 | t=0.1s
[finetune_replay] ep  59/150 | train loss=0.0002 top1=1.000 | val loss=0.0005 | t=0.1s
[finetune_replay] ep  60/150 | train loss=0.0002 top1=1.000 | val loss=0.0006 | t=0.1s
[finetune_replay] ep  61/150 | train loss=0.0002 top1=1.000 | val loss=0.0008 | t=0.1s
[finetune_replay] ep  62/150 | train loss=0.0002 top1=1.000 | val loss=0.0009 | t=0.1s
[finetune_replay] ep  63/150 | train loss=0.0002 top1=1.000 | val loss=0.0008 | t=0.1s
[finetune_replay] ep  64/150 | train loss=0.0004 top1=1.000 | val loss=0.0007 | t=0.1s
[finetune_replay] ep  65/150 | train loss=0.0002 top1=1.000 | val loss=0.0007 | t=0.1s
[finetune_replay] ep  66/150 | train loss=0.0002 top1=1.000 | val loss=0.0006 | t=0.1s
[finetune_replay] ep  67/150 | train loss=0.0002 top1=1.000 | val loss=0.0006 | t=0.1s
[finetune_replay] ep  68/150 | train loss=0.0003 top1=1.000 | val loss=0.0006 | t=0.1s
[finetune_replay] ep  69/150 | train loss=0.0002 top1=1.000 | val loss=0.0006 | t=0.1s
[finetune_replay] ep  70/150 | train loss=0.0002 top1=1.000 | val loss=0.0008 | t=0.1s
[finetune_replay] ep  71/150 | train loss=0.0003 top1=1.000 | val loss=0.0008 | t=0.1s
[finetune_replay] ep  72/150 | train loss=0.0002 top1=1.000 | val loss=0.0007 | t=0.1s
[finetune_replay] ep  73/150 | train loss=0.0002 top1=1.000 | val loss=0.0006 | t=0.1s
[finetune_replay] ep  74/150 | train loss=0.0002 top1=1.000 | val loss=0.0006 | t=0.1s
[finetune_replay] ep  75/150 | train loss=0.0002 top1=1.000 | val loss=0.0005 | t=0.1s
[finetune_replay] ep  76/150 | train loss=0.0002 top1=1.000 | val loss=0.0005 | t=0.1s
[finetune_replay] ep  77/150 | train loss=0.0003 top1=1.000 | val loss=0.0006 | t=0.1s
[finetune_replay] ep  78/150 | train loss=0.0002 top1=1.000 | val loss=0.0007 | t=0.1s
[finetune_replay] ep  79/150 | train loss=0.0002 top1=1.000 | val loss=0.0007 | t=0.1s
[finetune_replay] ep  80/150 | train loss=0.0002 top1=1.000 | val loss=0.0007 | t=0.1s
[finetune_replay] ep  81/150 | train loss=0.0002 top1=1.000 | val loss=0.0006 | t=0.1s
[finetune_replay] ep  82/150 | train loss=0.0002 top1=1.000 | val loss=0.0007 | t=0.1s
[finetune_replay] ep  83/150 | train loss=0.0002 top1=1.000 | val loss=0.0006 | t=0.1s
[finetune_replay] ep  84/150 | train loss=0.0003 top1=1.000 | val loss=0.0006 | t=0.1s
[finetune_replay] ep  85/150 | train loss=0.0002 top1=1.000 | val loss=0.0006 | t=0.1s
[finetune_replay] ep  86/150 | train loss=0.0002 top1=1.000 | val loss=0.0006 | t=0.1s
[finetune_replay] ep  87/150 | train loss=0.0002 top1=1.000 | val loss=0.0005 | t=0.1s
[finetune_replay] ep  88/150 | train loss=0.0001 top1=1.000 | val loss=0.0005 | t=0.1s
[finetune_replay] ep  89/150 | train loss=0.0002 top1=1.000 | val loss=0.0005 | t=0.1s
[finetune_replay] ep  90/150 | train loss=0.0002 top1=1.000 | val loss=0.0005 | t=0.1s
[finetune_replay] ep  91/150 | train loss=0.0002 top1=1.000 | val loss=0.0005 | t=0.1s
[finetune_replay] ep  92/150 | train loss=0.0002 top1=1.000 | val loss=0.0005 | t=0.1s
[finetune_replay] ep  93/150 | train loss=0.0002 top1=1.000 | val loss=0.0006 | t=0.1s
[finetune_replay] ep  94/150 | train loss=0.0002 top1=1.000 | val loss=0.0006 | t=0.1s
[finetune_replay] ep  95/150 | train loss=0.0003 top1=1.000 | val loss=0.0007 | t=0.1s
[finetune_replay] ep  96/150 | train loss=0.0002 top1=1.000 | val loss=0.0006 | t=0.1s
[finetune_replay] ep  97/150 | train loss=0.0002 top1=1.000 | val loss=0.0005 | t=0.1s
[finetune_replay] ep  98/150 | train loss=0.0002 top1=1.000 | val loss=0.0004 | t=0.1s
[finetune_replay] ep  99/150 | train loss=0.0002 top1=1.000 | val loss=0.0004 | t=0.1s
[finetune_replay] ep 100/150 | train loss=0.0002 top1=1.000 | val loss=0.0004 | t=0.1s
[finetune_replay] ep 101/150 | train loss=0.0002 top1=1.000 | val loss=0.0005 | t=0.1s
[finetune_replay] ep 102/150 | train loss=0.0002 top1=1.000 | val loss=0.0006 | t=0.1s
[finetune_replay] ep 103/150 | train loss=0.0002 top1=1.000 | val loss=0.0005 | t=0.1s
[finetune_replay] ep 104/150 | train loss=0.0002 top1=1.000 | val loss=0.0005 | t=0.1s
[finetune_replay] ep 105/150 | train loss=0.0002 top1=1.000 | val loss=0.0005 | t=0.1s
[finetune_replay] ep 106/150 | train loss=0.0002 top1=1.000 | val loss=0.0005 | t=0.1s
[finetune_replay] ep 107/150 | train loss=0.0002 top1=1.000 | val loss=0.0004 | t=0.1s
[finetune_replay] ep 108/150 | train loss=0.0002 top1=1.000 | val loss=0.0005 | t=0.1s
[finetune_replay] ep 109/150 | train loss=0.0001 top1=1.000 | val loss=0.0005 | t=0.1s
[finetune_replay] ep 110/150 | train loss=0.0002 top1=1.000 | val loss=0.0006 | t=0.1s
[finetune_replay] ep 111/150 | train loss=0.0002 top1=1.000 | val loss=0.0006 | t=0.1s
[finetune_replay] ep 112/150 | train loss=0.0002 top1=1.000 | val loss=0.0007 | t=0.1s
[finetune_replay] ep 113/150 | train loss=0.0002 top1=1.000 | val loss=0.0007 | t=0.1s
[finetune_replay] ep 114/150 | train loss=0.0002 top1=1.000 | val loss=0.0006 | t=0.1s
[finetune_replay] ep 115/150 | train loss=0.0002 top1=1.000 | val loss=0.0006 | t=0.1s
[finetune_replay] ep 116/150 | train loss=0.0002 top1=1.000 | val loss=0.0006 | t=0.1s
[finetune_replay] ep 117/150 | train loss=0.0002 top1=1.000 | val loss=0.0005 | t=0.1s
[finetune_replay] ep 118/150 | train loss=0.0002 top1=1.000 | val loss=0.0005 | t=0.1s
[finetune_replay] ep 119/150 | train loss=0.0002 top1=1.000 | val loss=0.0005 | t=0.1s
[finetune_replay] ep 120/150 | train loss=0.0004 top1=1.000 | val loss=0.0005 | t=0.1s
[finetune_replay] ep 121/150 | train loss=0.0002 top1=1.000 | val loss=0.0005 | t=0.1s
[finetune_replay] ep 122/150 | train loss=0.0001 top1=1.000 | val loss=0.0006 | t=0.1s
[finetune_replay] ep 123/150 | train loss=0.0002 top1=1.000 | val loss=0.0006 | t=0.1s
[finetune_replay] ep 124/150 | train loss=0.0002 top1=1.000 | val loss=0.0006 | t=0.1s
[finetune_replay] ep 125/150 | train loss=0.0002 top1=1.000 | val loss=0.0006 | t=0.1s
[finetune_replay] ep 126/150 | train loss=0.0002 top1=1.000 | val loss=0.0006 | t=0.1s
[finetune_replay] ep 127/150 | train loss=0.0003 top1=1.000 | val loss=0.0006 | t=0.1s
[finetune_replay] ep 128/150 | train loss=0.0002 top1=1.000 | val loss=0.0006 | t=0.1s
[finetune_replay] ep 129/150 | train loss=0.0001 top1=1.000 | val loss=0.0005 | t=0.1s
[finetune_replay] ep 130/150 | train loss=0.0002 top1=1.000 | val loss=0.0006 | t=0.1s
[finetune_replay] ep 131/150 | train loss=0.0001 top1=1.000 | val loss=0.0006 | t=0.1s
[finetune_replay] ep 132/150 | train loss=0.0002 top1=1.000 | val loss=0.0006 | t=0.1s
[finetune_replay] ep 133/150 | train loss=0.0002 top1=1.000 | val loss=0.0005 | t=0.1s
[finetune_replay] ep 134/150 | train loss=0.0002 top1=1.000 | val loss=0.0006 | t=0.1s
[finetune_replay] ep 135/150 | train loss=0.0002 top1=1.000 | val loss=0.0005 | t=0.1s
[finetune_replay] ep 136/150 | train loss=0.0002 top1=1.000 | val loss=0.0006 | t=0.1s
[finetune_replay] ep 137/150 | train loss=0.0002 top1=1.000 | val loss=0.0006 | t=0.1s
[finetune_replay] ep 138/150 | train loss=0.0002 top1=1.000 | val loss=0.0005 | t=0.1s
[finetune_replay] ep 139/150 | train loss=0.0002 top1=1.000 | val loss=0.0005 | t=0.1s
[finetune_replay] ep 140/150 | train loss=0.0001 top1=1.000 | val loss=0.0005 | t=0.1s
[finetune_replay] ep 141/150 | train loss=0.0002 top1=1.000 | val loss=0.0005 | t=0.1s
[finetune_replay] ep 142/150 | train loss=0.0002 top1=1.000 | val loss=0.0005 | t=0.1s
[finetune_replay] ep 143/150 | train loss=0.0002 top1=1.000 | val loss=0.0005 | t=0.1s
[finetune_replay] ep 144/150 | train loss=0.0002 top1=1.000 | val loss=0.0006 | t=0.1s
[finetune_replay] ep 145/150 | train loss=0.0002 top1=1.000 | val loss=0.0005 | t=0.1s
[finetune_replay] ep 146/150 | train loss=0.0002 top1=1.000 | val loss=0.0006 | t=0.1s
[finetune_replay] ep 147/150 | train loss=0.0002 top1=1.000 | val loss=0.0006 | t=0.1s
[finetune_replay] ep 148/150 | train loss=0.0001 top1=1.000 | val loss=0.0006 | t=0.1s
[finetune_replay] ep 149/150 | train loss=0.0002 top1=1.000 | val loss=0.0006 | t=0.1s
[finetune_replay] ep 150/150 | train loss=0.0002 top1=1.000 | val loss=0.0005 | t=0.1s
[finetune_replay] DONE best_val_loss=0.0003 @ epoch 35
[20:15:01] [bo-budget] $ /home/s226137394/.conda/envs/maze/bin/python3 -u -m Equivariant_pathway.equivariant_CNN_hybrid.rollout_test --checkpoint /weka/s226137394/DmNfull/Equivariant_pathway/equivariant_CNN_hybrid/baseline_vs_p4/pool_x_selector/results_hpsweep/e150_lr5e-05_rm0.7_do0.1/run_1/p4_top3_rotate/checkpoints/best_hybrid_policy.pth --layouts /weka/s226137394/DmNfull/Equivariant_pathway/equivariant_CNN_hybrid/baseline_vs_p4/shared/heldout_layouts.yaml --out_dir /weka/s226137394/DmNfull/Equivariant_pathway/equivariant_CNN_hybrid/baseline_vs_p4/pool_x_selector/results_hpsweep/e150_lr5e-05_rm0.7_do0.1/run_1/p4_top3_rotate/results/eval_round_011 --seed 12 --max_steps 60
[hybrid-rollout] 200 unique; running 200 eps
[hybrid-rollout] loaded /weka/s226137394/DmNfull/Equivariant_pathway/equivariant_CNN_hybrid/baseline_vs_p4/pool_x_selector/results_hpsweep/e150_lr5e-05_rm0.7_do0.1/run_1/p4_top3_rotate/checkpoints/best_hybrid_policy.pth
[hybrid-rollout] ep 0 (heldout_001): steps=5 success=True
[hybrid-rollout] ep 1 (heldout_002): steps=4 success=True
[hybrid-rollout] ep 2 (heldout_003): steps=4 success=True
[hybrid-rollout] ep 3 (heldout_004): steps=6 success=True
[hybrid-rollout] ep 4 (heldout_005): steps=5 success=True
[hybrid-rollout] ep 5 (heldout_006): steps=3 success=False
[hybrid-rollout] ep 6 (heldout_007): steps=5 success=True
[hybrid-rollout] ep 7 (heldout_008): steps=4 success=True
[hybrid-rollout] ep 8 (heldout_009): steps=2 success=False
[hybrid-rollout] ep 9 (heldout_010): steps=8 success=True
[hybrid-rollout] ep 10 (heldout_011): steps=4 success=True
[hybrid-rollout] ep 11 (heldout_012): steps=6 success=True
[hybrid-rollout] ep 12 (heldout_013): steps=5 success=True
[hybrid-rollout] ep 13 (heldout_014): steps=5 success=True
[hybrid-rollout] ep 14 (heldout_015): steps=4 success=True
[hybrid-rollout] ep 15 (heldout_016): steps=5 success=True
[hybrid-rollout] ep 16 (heldout_017): steps=4 success=True
[hybrid-rollout] ep 17 (heldout_018): steps=60 success=False
[hybrid-rollout] ep 18 (heldout_019): steps=5 success=True
[hybrid-rollout] ep 19 (heldout_020): steps=5 success=True
[hybrid-rollout] ep 20 (heldout_021): steps=4 success=True
[hybrid-rollout] ep 21 (heldout_022): steps=4 success=True
[hybrid-rollout] ep 22 (heldout_023): steps=7 success=True
[hybrid-rollout] ep 23 (heldout_024): steps=60 success=False
[hybrid-rollout] ep 24 (heldout_025): steps=4 success=True
[hybrid-rollout] ep 25 (heldout_026): steps=4 success=True
[hybrid-rollout] ep 26 (heldout_027): steps=4 success=True
[hybrid-rollout] ep 27 (heldout_028): steps=4 success=True
[hybrid-rollout] ep 28 (heldout_029): steps=7 success=True
[hybrid-rollout] ep 29 (heldout_030): steps=60 success=False
[hybrid-rollout] ep 30 (heldout_031): steps=5 success=True
[hybrid-rollout] ep 31 (heldout_032): steps=5 success=True
[hybrid-rollout] ep 32 (heldout_033): steps=4 success=True
[hybrid-rollout] ep 33 (heldout_034): steps=5 success=True
[hybrid-rollout] ep 34 (heldout_035): steps=6 success=True
[hybrid-rollout] ep 35 (heldout_036): steps=5 success=True
[hybrid-rollout] ep 36 (heldout_037): steps=4 success=True
[hybrid-rollout] ep 37 (heldout_038): steps=5 success=True
[hybrid-rollout] ep 38 (heldout_039): steps=6 success=True
[hybrid-rollout] ep 39 (heldout_040): steps=5 success=True
[hybrid-rollout] ep 40 (heldout_041): steps=6 success=True
[hybrid-rollout] ep 41 (heldout_042): steps=4 success=True
[hybrid-rollout] ep 42 (heldout_043): steps=4 success=True
[hybrid-rollout] ep 43 (heldout_044): steps=5 success=True
[hybrid-rollout] ep 44 (heldout_045): steps=60 success=False
[hybrid-rollout] ep 45 (heldout_046): steps=4 success=True
[hybrid-rollout] ep 46 (heldout_047): steps=6 success=True
[hybrid-rollout] ep 47 (heldout_048): steps=6 success=True
[hybrid-rollout] ep 48 (heldout_049): steps=5 success=True
[hybrid-rollout] ep 49 (heldout_050): steps=4 success=True
[hybrid-rollout] ep 50 (heldout_051): steps=4 success=True
[hybrid-rollout] ep 51 (heldout_052): steps=4 success=True
[hybrid-rollout] ep 52 (heldout_053): steps=6 success=True
[hybrid-rollout] ep 53 (heldout_054): steps=4 success=True
[hybrid-rollout] ep 54 (heldout_055): steps=60 success=False
[hybrid-rollout] ep 55 (heldout_056): steps=4 success=True
[hybrid-rollout] ep 56 (heldout_057): steps=4 success=True
[hybrid-rollout] ep 57 (heldout_058): steps=4 success=True
[hybrid-rollout] ep 58 (heldout_059): steps=5 success=True
[hybrid-rollout] ep 59 (heldout_060): steps=6 success=True
[hybrid-rollout] ep 60 (heldout_061): steps=5 success=True
[hybrid-rollout] ep 61 (heldout_062): steps=6 success=True
[hybrid-rollout] ep 62 (heldout_063): steps=5 success=True
[hybrid-rollout] ep 63 (heldout_064): steps=4 success=True
[hybrid-rollout] ep 64 (heldout_065): steps=7 success=True
[hybrid-rollout] ep 65 (heldout_066): steps=6 success=True
[hybrid-rollout] ep 66 (heldout_067): steps=5 success=True
[hybrid-rollout] ep 67 (heldout_068): steps=4 success=True
[hybrid-rollout] ep 68 (heldout_069): steps=4 success=True
[hybrid-rollout] ep 69 (heldout_070): steps=60 success=False
[hybrid-rollout] ep 70 (heldout_071): steps=5 success=True
[hybrid-rollout] ep 71 (heldout_072): steps=5 success=True
[hybrid-rollout] ep 72 (heldout_073): steps=6 success=True
[hybrid-rollout] ep 73 (heldout_074): steps=4 success=True
[hybrid-rollout] ep 74 (heldout_075): steps=5 success=True
[hybrid-rollout] ep 75 (heldout_076): steps=7 success=True
[hybrid-rollout] ep 76 (heldout_077): steps=4 success=True
[hybrid-rollout] ep 77 (heldout_078): steps=6 success=True
[hybrid-rollout] ep 78 (heldout_079): steps=4 success=True
[hybrid-rollout] ep 79 (heldout_080): steps=4 success=True
[hybrid-rollout] ep 80 (heldout_081): steps=5 success=True
[hybrid-rollout] ep 81 (heldout_082): steps=5 success=True
[hybrid-rollout] ep 82 (heldout_083): steps=4 success=True
[hybrid-rollout] ep 83 (heldout_084): steps=5 success=True
[hybrid-rollout] ep 84 (heldout_085): steps=60 success=False
[hybrid-rollout] ep 85 (heldout_086): steps=6 success=True
[hybrid-rollout] ep 86 (heldout_087): steps=5 success=True
[hybrid-rollout] ep 87 (heldout_088): steps=4 success=True
[hybrid-rollout] ep 88 (heldout_089): steps=3 success=False
[hybrid-rollout] ep 89 (heldout_090): steps=4 success=True
[hybrid-rollout] ep 90 (heldout_091): steps=5 success=True
[hybrid-rollout] ep 91 (heldout_092): steps=5 success=True
[hybrid-rollout] ep 92 (heldout_093): steps=6 success=True
[hybrid-rollout] ep 93 (heldout_094): steps=6 success=True
[hybrid-rollout] ep 94 (heldout_095): steps=7 success=True
[hybrid-rollout] ep 95 (heldout_096): steps=5 success=True
[hybrid-rollout] ep 96 (heldout_097): steps=5 success=True
[hybrid-rollout] ep 97 (heldout_098): steps=5 success=True
[hybrid-rollout] ep 98 (heldout_099): steps=60 success=False
[hybrid-rollout] ep 99 (heldout_100): steps=8 success=True
[hybrid-rollout] ep 100 (heldout_101): steps=4 success=True
[hybrid-rollout] ep 101 (heldout_102): steps=4 success=True
[hybrid-rollout] ep 102 (heldout_103): steps=4 success=True
[hybrid-rollout] ep 103 (heldout_104): steps=6 success=True
[hybrid-rollout] ep 104 (heldout_105): steps=4 success=True
[hybrid-rollout] ep 105 (heldout_106): steps=60 success=False
[hybrid-rollout] ep 106 (heldout_107): steps=4 success=True
[hybrid-rollout] ep 107 (heldout_108): steps=4 success=True
[hybrid-rollout] ep 108 (heldout_109): steps=4 success=True
[hybrid-rollout] ep 109 (heldout_110): steps=4 success=True
[hybrid-rollout] ep 110 (heldout_111): steps=60 success=False
[hybrid-rollout] ep 111 (heldout_112): steps=5 success=True
[hybrid-rollout] ep 112 (heldout_113): steps=5 success=True
[hybrid-rollout] ep 113 (heldout_114): steps=4 success=True
[hybrid-rollout] ep 114 (heldout_115): steps=4 success=True
[hybrid-rollout] ep 115 (heldout_116): steps=5 success=True
[hybrid-rollout] ep 116 (heldout_117): steps=7 success=True
[hybrid-rollout] ep 117 (heldout_118): steps=60 success=False
[hybrid-rollout] ep 118 (heldout_119): steps=4 success=True
[hybrid-rollout] ep 119 (heldout_120): steps=7 success=True
[hybrid-rollout] ep 120 (heldout_121): steps=4 success=True
[hybrid-rollout] ep 121 (heldout_122): steps=4 success=True
[hybrid-rollout] ep 122 (heldout_123): steps=6 success=True
[hybrid-rollout] ep 123 (heldout_124): steps=4 success=False
[hybrid-rollout] ep 124 (heldout_125): steps=4 success=True
[hybrid-rollout] ep 125 (heldout_126): steps=4 success=True
[hybrid-rollout] ep 126 (heldout_127): steps=9 success=True
[hybrid-rollout] ep 127 (heldout_128): steps=7 success=True
[hybrid-rollout] ep 128 (heldout_129): steps=4 success=True
[hybrid-rollout] ep 129 (heldout_130): steps=4 success=True
[hybrid-rollout] ep 130 (heldout_131): steps=6 success=True
[hybrid-rollout] ep 131 (heldout_132): steps=4 success=True
[hybrid-rollout] ep 132 (heldout_133): steps=4 success=True
[hybrid-rollout] ep 133 (heldout_134): steps=7 success=True
[hybrid-rollout] ep 134 (heldout_135): steps=6 success=True
[hybrid-rollout] ep 135 (heldout_136): steps=5 success=True
[hybrid-rollout] ep 136 (heldout_137): steps=5 success=True
[hybrid-rollout] ep 137 (heldout_138): steps=4 success=True
[hybrid-rollout] ep 138 (heldout_139): steps=4 success=True
[hybrid-rollout] ep 139 (heldout_140): steps=5 success=True
[hybrid-rollout] ep 140 (heldout_141): steps=5 success=True
[hybrid-rollout] ep 141 (heldout_142): steps=4 success=True
[hybrid-rollout] ep 142 (heldout_143): steps=6 success=True
[hybrid-rollout] ep 143 (heldout_144): steps=4 success=True
[hybrid-rollout] ep 144 (heldout_145): steps=5 success=True
[hybrid-rollout] ep 145 (heldout_146): steps=7 success=True
[hybrid-rollout] ep 146 (heldout_147): steps=4 success=True
[hybrid-rollout] ep 147 (heldout_148): steps=5 success=True
[hybrid-rollout] ep 148 (heldout_149): steps=5 success=True
[hybrid-rollout] ep 149 (heldout_150): steps=4 success=True
[hybrid-rollout] ep 150 (heldout_151): steps=5 success=True
[hybrid-rollout] ep 151 (heldout_152): steps=6 success=True
[hybrid-rollout] ep 152 (heldout_153): steps=5 success=True
[hybrid-rollout] ep 153 (heldout_154): steps=7 success=True
[hybrid-rollout] ep 154 (heldout_155): steps=6 success=True
[hybrid-rollout] ep 155 (heldout_156): steps=4 success=False
[hybrid-rollout] ep 156 (heldout_157): steps=4 success=True
[hybrid-rollout] ep 157 (heldout_158): steps=3 success=False
[hybrid-rollout] ep 158 (heldout_159): steps=6 success=True
[hybrid-rollout] ep 159 (heldout_160): steps=60 success=False
[hybrid-rollout] ep 160 (heldout_161): steps=5 success=True
[hybrid-rollout] ep 161 (heldout_162): steps=5 success=True
[hybrid-rollout] ep 162 (heldout_163): steps=4 success=True
[hybrid-rollout] ep 163 (heldout_164): steps=4 success=True
[hybrid-rollout] ep 164 (heldout_165): steps=5 success=True
[hybrid-rollout] ep 165 (heldout_166): steps=4 success=True
[hybrid-rollout] ep 166 (heldout_167): steps=4 success=True
[hybrid-rollout] ep 167 (heldout_168): steps=4 success=True
[hybrid-rollout] ep 168 (heldout_169): steps=6 success=True
[hybrid-rollout] ep 169 (heldout_170): steps=6 success=True
[hybrid-rollout] ep 170 (heldout_171): steps=4 success=True
[hybrid-rollout] ep 171 (heldout_172): steps=5 success=True
[hybrid-rollout] ep 172 (heldout_173): steps=4 success=True
[hybrid-rollout] ep 173 (heldout_174): steps=5 success=True
[hybrid-rollout] ep 174 (heldout_175): steps=4 success=False
[hybrid-rollout] ep 175 (heldout_176): steps=60 success=False
[hybrid-rollout] ep 176 (heldout_177): steps=6 success=True
[hybrid-rollout] ep 177 (heldout_178): steps=5 success=True
[hybrid-rollout] ep 178 (heldout_179): steps=5 success=True
[hybrid-rollout] ep 179 (heldout_180): steps=4 success=True
[hybrid-rollout] ep 180 (heldout_181): steps=5 success=True
[hybrid-rollout] ep 181 (heldout_182): steps=4 success=True
[hybrid-rollout] ep 182 (heldout_183): steps=5 success=True
[hybrid-rollout] ep 183 (heldout_184): steps=7 success=True
[hybrid-rollout] ep 184 (heldout_185): steps=5 success=True
[hybrid-rollout] ep 185 (heldout_186): steps=4 success=True
[hybrid-rollout] ep 186 (heldout_187): steps=5 success=True
[hybrid-rollout] ep 187 (heldout_188): steps=5 success=True
[hybrid-rollout] ep 188 (heldout_189): steps=5 success=True
[hybrid-rollout] ep 189 (heldout_190): steps=7 success=True
[hybrid-rollout] ep 190 (heldout_191): steps=4 success=True
[hybrid-rollout] ep 191 (heldout_192): steps=7 success=True
[hybrid-rollout] ep 192 (heldout_193): steps=7 success=True
[hybrid-rollout] ep 193 (heldout_194): steps=6 success=True
[hybrid-rollout] ep 194 (heldout_195): steps=5 success=True
[hybrid-rollout] ep 195 (heldout_196): steps=4 success=True
[hybrid-rollout] ep 196 (heldout_197): steps=5 success=True
[hybrid-rollout] ep 197 (heldout_198): steps=4 success=True
[hybrid-rollout] ep 198 (heldout_199): steps=4 success=True
[hybrid-rollout] ep 199 (heldout_200): steps=4 success=True
[hybrid-rollout] DONE successes=180/200
[20:15:58] [replay_p4] run 1 round 11: extras=11 heldout_sr=0.900
[20:15:58] [replay_p4] $ /home/s226137394/.conda/envs/maze/bin/python3 -u -m Equivariant_pathway.equivariant_CNN_hybrid.baseline_vs_p4.pool_x_selector.trainer.finetune_replay --demo_dir /weka/s226137394/DmNfull/Equivariant_pathway/equivariant_CNN_hybrid/baseline_vs_p4/pool_x_selector/results_hpsweep/e150_lr5e-05_rm0.7_do0.1/run_1/p4_top3_rotate/demos --checkpoint_dir /weka/s226137394/DmNfull/Equivariant_pathway/equivariant_CNN_hybrid/baseline_vs_p4/pool_x_selector/results_hpsweep/e150_lr5e-05_rm0.7_do0.1/run_1/p4_top3_rotate/checkpoints --epochs 150 --batch_size 64 --lr 5e-05 --weight_decay 0.0001 --replay_mix 0.7 --replay_mix_floor 0.2 --head_dropout 0.1 --seed 1 --resume --new_demos_dir /weka/s226137394/DmNfull/Equivariant_pathway/equivariant_CNN_hybrid/baseline_vs_p4/pool_x_selector/results_hpsweep/e150_lr5e-05_rm0.7_do0.1/run_1/p4_top3_rotate/demos/round_012
[finetune_replay] device=cuda demo_dir=/weka/s226137394/DmNfull/Equivariant_pathway/equivariant_CNN_hybrid/baseline_vs_p4/pool_x_selector/results_hpsweep/e150_lr5e-05_rm0.7_do0.1/run_1/p4_top3_rotate/demos new_demos_dir=/weka/s226137394/DmNfull/Equivariant_pathway/equivariant_CNN_hybrid/baseline_vs_p4/pool_x_selector/results_hpsweep/e150_lr5e-05_rm0.7_do0.1/run_1/p4_top3_rotate/demos/round_012
[hybrid-dataset] 31 demos -> 169 samples
[hybrid-dataset] 1 demos -> 5 samples
[finetune_replay] sampler audit: {'n_old_samples': 169, 'n_new_samples': 5, 'replay_mix_target': 0.7, 'replay_mix_effective': 0.7, 'replay_mix_floor': 0.2}
[finetune_replay] trainable params: 1,400,028
[finetune_replay] WARM START from last_hybrid_policy.pth
[finetune_replay] ep   1/150 | train loss=0.1518 top1=0.987 | val loss=0.0085 | t=0.8s  *
[finetune_replay] ep   2/150 | train loss=0.0110 top1=1.000 | val loss=0.0001 | t=0.2s  *
[finetune_replay] ep   3/150 | train loss=0.0029 top1=1.000 | val loss=0.0006 | t=0.1s
[finetune_replay] ep   4/150 | train loss=0.0021 top1=1.000 | val loss=0.0002 | t=0.2s
[finetune_replay] ep   5/150 | train loss=0.0011 top1=1.000 | val loss=0.0002 | t=0.2s
[finetune_replay] ep   6/150 | train loss=0.0007 top1=1.000 | val loss=0.0002 | t=0.1s
[finetune_replay] ep   7/150 | train loss=0.0008 top1=1.000 | val loss=0.0002 | t=0.1s
[finetune_replay] ep   8/150 | train loss=0.0006 top1=1.000 | val loss=0.0002 | t=0.1s
[finetune_replay] ep   9/150 | train loss=0.0004 top1=1.000 | val loss=0.0002 | t=0.1s
[finetune_replay] ep  10/150 | train loss=0.0010 top1=1.000 | val loss=0.0002 | t=0.1s
[finetune_replay] ep  11/150 | train loss=0.0006 top1=1.000 | val loss=0.0003 | t=0.1s
[finetune_replay] ep  12/150 | train loss=0.0005 top1=1.000 | val loss=0.0002 | t=0.1s
[finetune_replay] ep  13/150 | train loss=0.0006 top1=1.000 | val loss=0.0001 | t=0.1s  *
[finetune_replay] ep  14/150 | train loss=0.0004 top1=1.000 | val loss=0.0001 | t=0.1s
[finetune_replay] ep  15/150 | train loss=0.0004 top1=1.000 | val loss=0.0002 | t=0.1s
[finetune_replay] ep  16/150 | train loss=0.0003 top1=1.000 | val loss=0.0001 | t=0.1s
[finetune_replay] ep  17/150 | train loss=0.0005 top1=1.000 | val loss=0.0001 | t=0.1s
[finetune_replay] ep  18/150 | train loss=0.0004 top1=1.000 | val loss=0.0002 | t=0.1s
[finetune_replay] ep  19/150 | train loss=0.0004 top1=1.000 | val loss=0.0002 | t=0.1s
[finetune_replay] ep  20/150 | train loss=0.0004 top1=1.000 | val loss=0.0001 | t=0.1s
[finetune_replay] ep  21/150 | train loss=0.0002 top1=1.000 | val loss=0.0001 | t=0.1s  *
[finetune_replay] ep  22/150 | train loss=0.0003 top1=1.000 | val loss=0.0001 | t=0.1s  *
[finetune_replay] ep  23/150 | train loss=0.0003 top1=1.000 | val loss=0.0001 | t=0.1s
[finetune_replay] ep  24/150 | train loss=0.0003 top1=1.000 | val loss=0.0002 | t=0.1s
[finetune_replay] ep  25/150 | train loss=0.0002 top1=1.000 | val loss=0.0002 | t=0.1s
[finetune_replay] ep  26/150 | train loss=0.0003 top1=1.000 | val loss=0.0001 | t=0.1s
[finetune_replay] ep  27/150 | train loss=0.0003 top1=1.000 | val loss=0.0001 | t=0.1s  *
[finetune_replay] ep  28/150 | train loss=0.0003 top1=1.000 | val loss=0.0001 | t=0.1s  *
[finetune_replay] ep  29/150 | train loss=0.0002 top1=1.000 | val loss=0.0001 | t=0.1s
[finetune_replay] ep  30/150 | train loss=0.0002 top1=1.000 | val loss=0.0001 | t=0.1s
[finetune_replay] ep  31/150 | train loss=0.0002 top1=1.000 | val loss=0.0001 | t=0.1s
[finetune_replay] ep  32/150 | train loss=0.0003 top1=1.000 | val loss=0.0001 | t=0.1s
[finetune_replay] ep  33/150 | train loss=0.0002 top1=1.000 | val loss=0.0001 | t=0.1s
[finetune_replay] ep  34/150 | train loss=0.0002 top1=1.000 | val loss=0.0001 | t=0.1s
[finetune_replay] ep  35/150 | train loss=0.0001 top1=1.000 | val loss=0.0001 | t=0.1s
[finetune_replay] ep  36/150 | train loss=0.0002 top1=1.000 | val loss=0.0001 | t=0.1s
[finetune_replay] ep  37/150 | train loss=0.0003 top1=1.000 | val loss=0.0001 | t=0.1s
[finetune_replay] ep  38/150 | train loss=0.0002 top1=1.000 | val loss=0.0001 | t=0.1s
[finetune_replay] ep  39/150 | train loss=0.0002 top1=1.000 | val loss=0.0001 | t=0.1s
[finetune_replay] ep  40/150 | train loss=0.0002 top1=1.000 | val loss=0.0001 | t=0.1s
[finetune_replay] ep  41/150 | train loss=0.0002 top1=1.000 | val loss=0.0001 | t=0.1s
[finetune_replay] ep  42/150 | train loss=0.0002 top1=1.000 | val loss=0.0001 | t=0.1s
[finetune_replay] ep  43/150 | train loss=0.0002 top1=1.000 | val loss=0.0001 | t=0.1s
[finetune_replay] ep  44/150 | train loss=0.0002 top1=1.000 | val loss=0.0001 | t=0.1s
[finetune_replay] ep  45/150 | train loss=0.0002 top1=1.000 | val loss=0.0002 | t=0.1s
[finetune_replay] ep  46/150 | train loss=0.0003 top1=1.000 | val loss=0.0002 | t=0.1s
[finetune_replay] ep  47/150 | train loss=0.0002 top1=1.000 | val loss=0.0002 | t=0.1s
[finetune_replay] ep  48/150 | train loss=0.0002 top1=1.000 | val loss=0.0001 | t=0.1s
[finetune_replay] ep  49/150 | train loss=0.0002 top1=1.000 | val loss=0.0001 | t=0.1s
[finetune_replay] ep  50/150 | train loss=0.0002 top1=1.000 | val loss=0.0001 | t=0.1s  *
[finetune_replay] ep  51/150 | train loss=0.0002 top1=1.000 | val loss=0.0001 | t=0.1s  *
[finetune_replay] ep  52/150 | train loss=0.0001 top1=1.000 | val loss=0.0001 | t=0.1s  *
[finetune_replay] ep  53/150 | train loss=0.0002 top1=1.000 | val loss=0.0001 | t=0.1s
[finetune_replay] ep  54/150 | train loss=0.0002 top1=1.000 | val loss=0.0001 | t=0.1s
[finetune_replay] ep  55/150 | train loss=0.0002 top1=1.000 | val loss=0.0001 | t=0.1s
[finetune_replay] ep  56/150 | train loss=0.0002 top1=1.000 | val loss=0.0001 | t=0.1s
[finetune_replay] ep  57/150 | train loss=0.0002 top1=1.000 | val loss=0.0001 | t=0.1s
[finetune_replay] ep  58/150 | train loss=0.0002 top1=1.000 | val loss=0.0001 | t=0.1s
[finetune_replay] ep  59/150 | train loss=0.0002 top1=1.000 | val loss=0.0001 | t=0.1s
[finetune_replay] ep  60/150 | train loss=0.0001 top1=1.000 | val loss=0.0001 | t=0.1s
[finetune_replay] ep  61/150 | train loss=0.0001 top1=1.000 | val loss=0.0001 | t=0.1s
[finetune_replay] ep  62/150 | train loss=0.0001 top1=1.000 | val loss=0.0001 | t=0.1s
[finetune_replay] ep  63/150 | train loss=0.0002 top1=1.000 | val loss=0.0001 | t=0.1s
[finetune_replay] ep  64/150 | train loss=0.0002 top1=1.000 | val loss=0.0001 | t=0.1s
[finetune_replay] ep  65/150 | train loss=0.0002 top1=1.000 | val loss=0.0001 | t=0.1s
[finetune_replay] ep  66/150 | train loss=0.0001 top1=1.000 | val loss=0.0001 | t=0.1s
[finetune_replay] ep  67/150 | train loss=0.0002 top1=1.000 | val loss=0.0001 | t=0.1s
[finetune_replay] ep  68/150 | train loss=0.0002 top1=1.000 | val loss=0.0001 | t=0.1s
[finetune_replay] ep  69/150 | train loss=0.0001 top1=1.000 | val loss=0.0001 | t=0.1s
[finetune_replay] ep  70/150 | train loss=0.0001 top1=1.000 | val loss=0.0001 | t=0.1s
[finetune_replay] ep  71/150 | train loss=0.0001 top1=1.000 | val loss=0.0001 | t=0.1s
[finetune_replay] ep  72/150 | train loss=0.0001 top1=1.000 | val loss=0.0001 | t=0.1s
[finetune_replay] ep  73/150 | train loss=0.0001 top1=1.000 | val loss=0.0001 | t=0.1s
[finetune_replay] ep  74/150 | train loss=0.0002 top1=1.000 | val loss=0.0001 | t=0.1s
[finetune_replay] ep  75/150 | train loss=0.0002 top1=1.000 | val loss=0.0001 | t=0.1s
[finetune_replay] ep  76/150 | train loss=0.0001 top1=1.000 | val loss=0.0001 | t=0.1s
[finetune_replay] ep  77/150 | train loss=0.0001 top1=1.000 | val loss=0.0001 | t=0.1s
[finetune_replay] ep  78/150 | train loss=0.0001 top1=1.000 | val loss=0.0001 | t=0.1s
[finetune_replay] ep  79/150 | train loss=0.0002 top1=1.000 | val loss=0.0001 | t=0.1s
[finetune_replay] ep  80/150 | train loss=0.0001 top1=1.000 | val loss=0.0001 | t=0.1s
[finetune_replay] ep  81/150 | train loss=0.0002 top1=1.000 | val loss=0.0001 | t=0.1s
[finetune_replay] ep  82/150 | train loss=0.0001 top1=1.000 | val loss=0.0001 | t=0.1s
[finetune_replay] ep  83/150 | train loss=0.0002 top1=1.000 | val loss=0.0001 | t=0.1s
[finetune_replay] ep  84/150 | train loss=0.0002 top1=1.000 | val loss=0.0001 | t=0.1s
[finetune_replay] ep  85/150 | train loss=0.0001 top1=1.000 | val loss=0.0001 | t=0.1s
[finetune_replay] ep  86/150 | train loss=0.0001 top1=1.000 | val loss=0.0001 | t=0.1s
[finetune_replay] ep  87/150 | train loss=0.0002 top1=1.000 | val loss=0.0001 | t=0.1s
[finetune_replay] ep  88/150 | train loss=0.0001 top1=1.000 | val loss=0.0001 | t=0.1s
[finetune_replay] ep  89/150 | train loss=0.0001 top1=1.000 | val loss=0.0001 | t=0.1s
[finetune_replay] ep  90/150 | train loss=0.0002 top1=1.000 | val loss=0.0001 | t=0.1s
[finetune_replay] ep  91/150 | train loss=0.0002 top1=1.000 | val loss=0.0001 | t=0.1s
[finetune_replay] ep  92/150 | train loss=0.0001 top1=1.000 | val loss=0.0001 | t=0.1s
[finetune_replay] ep  93/150 | train loss=0.0003 top1=1.000 | val loss=0.0001 | t=0.1s  *
[finetune_replay] ep  94/150 | train loss=0.0001 top1=1.000 | val loss=0.0001 | t=0.1s
[finetune_replay] ep  95/150 | train loss=0.0003 top1=1.000 | val loss=0.0001 | t=0.1s  *
[finetune_replay] ep  96/150 | train loss=0.0001 top1=1.000 | val loss=0.0001 | t=0.1s
[finetune_replay] ep  97/150 | train loss=0.0001 top1=1.000 | val loss=0.0001 | t=0.1s
[finetune_replay] ep  98/150 | train loss=0.0002 top1=1.000 | val loss=0.0001 | t=0.1s
[finetune_replay] ep  99/150 | train loss=0.0003 top1=1.000 | val loss=0.0001 | t=0.1s
[finetune_replay] ep 100/150 | train loss=0.0001 top1=1.000 | val loss=0.0001 | t=0.1s
[finetune_replay] ep 101/150 | train loss=0.0002 top1=1.000 | val loss=0.0001 | t=0.1s
[finetune_replay] ep 102/150 | train loss=0.0001 top1=1.000 | val loss=0.0001 | t=0.1s
[finetune_replay] ep 103/150 | train loss=0.0002 top1=1.000 | val loss=0.0001 | t=0.1s
[finetune_replay] ep 104/150 | train loss=0.0001 top1=1.000 | val loss=0.0001 | t=0.1s
[finetune_replay] ep 105/150 | train loss=0.0001 top1=1.000 | val loss=0.0001 | t=0.1s
[finetune_replay] ep 106/150 | train loss=0.0001 top1=1.000 | val loss=0.0001 | t=0.1s
[finetune_replay] ep 107/150 | train loss=0.0001 top1=1.000 | val loss=0.0001 | t=0.1s
[finetune_replay] ep 108/150 | train loss=0.0001 top1=1.000 | val loss=0.0001 | t=0.1s
[finetune_replay] ep 109/150 | train loss=0.0002 top1=1.000 | val loss=0.0001 | t=0.1s
[finetune_replay] ep 110/150 | train loss=0.0002 top1=1.000 | val loss=0.0001 | t=0.1s
[finetune_replay] ep 111/150 | train loss=0.0001 top1=1.000 | val loss=0.0001 | t=0.1s
[finetune_replay] ep 112/150 | train loss=0.0001 top1=1.000 | val loss=0.0001 | t=0.1s
[finetune_replay] ep 113/150 | train loss=0.0001 top1=1.000 | val loss=0.0001 | t=0.1s
[finetune_replay] ep 114/150 | train loss=0.0001 top1=1.000 | val loss=0.0001 | t=0.1s
[finetune_replay] ep 115/150 | train loss=0.0001 top1=1.000 | val loss=0.0001 | t=0.1s
[finetune_replay] ep 116/150 | train loss=0.0001 top1=1.000 | val loss=0.0001 | t=0.1s
[finetune_replay] ep 117/150 | train loss=0.0001 top1=1.000 | val loss=0.0001 | t=0.1s
[finetune_replay] ep 118/150 | train loss=0.0001 top1=1.000 | val loss=0.0001 | t=0.1s
[finetune_replay] ep 119/150 | train loss=0.0001 top1=1.000 | val loss=0.0001 | t=0.1s
[finetune_replay] ep 120/150 | train loss=0.0001 top1=1.000 | val loss=0.0001 | t=0.1s
[finetune_replay] ep 121/150 | train loss=0.0001 top1=1.000 | val loss=0.0001 | t=0.1s
[finetune_replay] ep 122/150 | train loss=0.0001 top1=1.000 | val loss=0.0001 | t=0.1s
[finetune_replay] ep 123/150 | train loss=0.0001 top1=1.000 | val loss=0.0001 | t=0.1s
[finetune_replay] ep 124/150 | train loss=0.0001 top1=1.000 | val loss=0.0001 | t=0.1s
[finetune_replay] ep 125/150 | train loss=0.0001 top1=1.000 | val loss=0.0001 | t=0.1s
[finetune_replay] ep 126/150 | train loss=0.0002 top1=1.000 | val loss=0.0001 | t=0.1s
[finetune_replay] ep 127/150 | train loss=0.0001 top1=1.000 | val loss=0.0001 | t=0.1s
[finetune_replay] ep 128/150 | train loss=0.0001 top1=1.000 | val loss=0.0001 | t=0.1s
[finetune_replay] ep 129/150 | train loss=0.0001 top1=1.000 | val loss=0.0001 | t=0.1s
[finetune_replay] ep 130/150 | train loss=0.0001 top1=1.000 | val loss=0.0001 | t=0.1s
[finetune_replay] ep 131/150 | train loss=0.0001 top1=1.000 | val loss=0.0001 | t=0.1s
[finetune_replay] ep 132/150 | train loss=0.0002 top1=1.000 | val loss=0.0001 | t=0.1s
[finetune_replay] ep 133/150 | train loss=0.0001 top1=1.000 | val loss=0.0001 | t=0.1s
[finetune_replay] ep 134/150 | train loss=0.0001 top1=1.000 | val loss=0.0001 | t=0.1s
[finetune_replay] ep 135/150 | train loss=0.0001 top1=1.000 | val loss=0.0001 | t=0.1s
[finetune_replay] ep 136/150 | train loss=0.0001 top1=1.000 | val loss=0.0001 | t=0.1s
[finetune_replay] ep 137/150 | train loss=0.0001 top1=1.000 | val loss=0.0001 | t=0.1s
[finetune_replay] ep 138/150 | train loss=0.0001 top1=1.000 | val loss=0.0001 | t=0.1s
[finetune_replay] ep 139/150 | train loss=0.0001 top1=1.000 | val loss=0.0001 | t=0.1s
[finetune_replay] ep 140/150 | train loss=0.0001 top1=1.000 | val loss=0.0001 | t=0.1s
[finetune_replay] ep 141/150 | train loss=0.0001 top1=1.000 | val loss=0.0001 | t=0.1s
[finetune_replay] ep 142/150 | train loss=0.0001 top1=1.000 | val loss=0.0001 | t=0.1s
[finetune_replay] ep 143/150 | train loss=0.0001 top1=1.000 | val loss=0.0001 | t=0.1s
[finetune_replay] ep 144/150 | train loss=0.0001 top1=1.000 | val loss=0.0001 | t=0.1s
[finetune_replay] ep 145/150 | train loss=0.0001 top1=1.000 | val loss=0.0001 | t=0.1s
[finetune_replay] ep 146/150 | train loss=0.0002 top1=1.000 | val loss=0.0001 | t=0.1s
[finetune_replay] ep 147/150 | train loss=0.0001 top1=1.000 | val loss=0.0001 | t=0.1s
[finetune_replay] ep 148/150 | train loss=0.0002 top1=1.000 | val loss=0.0001 | t=0.1s
[finetune_replay] ep 149/150 | train loss=0.0002 top1=1.000 | val loss=0.0001 | t=0.1s
[finetune_replay] ep 150/150 | train loss=0.0001 top1=1.000 | val loss=0.0001 | t=0.1s
[finetune_replay] DONE best_val_loss=0.0001 @ epoch 95
[20:16:31] [bo-budget] $ /home/s226137394/.conda/envs/maze/bin/python3 -u -m Equivariant_pathway.equivariant_CNN_hybrid.rollout_test --checkpoint /weka/s226137394/DmNfull/Equivariant_pathway/equivariant_CNN_hybrid/baseline_vs_p4/pool_x_selector/results_hpsweep/e150_lr5e-05_rm0.7_do0.1/run_1/p4_top3_rotate/checkpoints/best_hybrid_policy.pth --layouts /weka/s226137394/DmNfull/Equivariant_pathway/equivariant_CNN_hybrid/baseline_vs_p4/shared/heldout_layouts.yaml --out_dir /weka/s226137394/DmNfull/Equivariant_pathway/equivariant_CNN_hybrid/baseline_vs_p4/pool_x_selector/results_hpsweep/e150_lr5e-05_rm0.7_do0.1/run_1/p4_top3_rotate/results/eval_round_012 --seed 13 --max_steps 60
[hybrid-rollout] 200 unique; running 200 eps
[hybrid-rollout] loaded /weka/s226137394/DmNfull/Equivariant_pathway/equivariant_CNN_hybrid/baseline_vs_p4/pool_x_selector/results_hpsweep/e150_lr5e-05_rm0.7_do0.1/run_1/p4_top3_rotate/checkpoints/best_hybrid_policy.pth
[hybrid-rollout] ep 0 (heldout_001): steps=5 success=True
[hybrid-rollout] ep 1 (heldout_002): steps=4 success=True
[hybrid-rollout] ep 2 (heldout_003): steps=4 success=True
[hybrid-rollout] ep 3 (heldout_004): steps=6 success=True
[hybrid-rollout] ep 4 (heldout_005): steps=5 success=True
[hybrid-rollout] ep 5 (heldout_006): steps=3 success=False
[hybrid-rollout] ep 6 (heldout_007): steps=5 success=True
[hybrid-rollout] ep 7 (heldout_008): steps=4 success=True
[hybrid-rollout] ep 8 (heldout_009): steps=2 success=False
[hybrid-rollout] ep 9 (heldout_010): steps=8 success=True
[hybrid-rollout] ep 10 (heldout_011): steps=4 success=True
[hybrid-rollout] ep 11 (heldout_012): steps=3 success=False
[hybrid-rollout] ep 12 (heldout_013): steps=5 success=True
[hybrid-rollout] ep 13 (heldout_014): steps=5 success=True
[hybrid-rollout] ep 14 (heldout_015): steps=4 success=True
[hybrid-rollout] ep 15 (heldout_016): steps=5 success=True
[hybrid-rollout] ep 16 (heldout_017): steps=4 success=True
[hybrid-rollout] ep 17 (heldout_018): steps=2 success=False
[hybrid-rollout] ep 18 (heldout_019): steps=5 success=True
[hybrid-rollout] ep 19 (heldout_020): steps=5 success=True
[hybrid-rollout] ep 20 (heldout_021): steps=4 success=True
[hybrid-rollout] ep 21 (heldout_022): steps=4 success=True
[hybrid-rollout] ep 22 (heldout_023): steps=7 success=True
[hybrid-rollout] ep 23 (heldout_024): steps=60 success=False
[hybrid-rollout] ep 24 (heldout_025): steps=4 success=True
[hybrid-rollout] ep 25 (heldout_026): steps=4 success=True
[hybrid-rollout] ep 26 (heldout_027): steps=4 success=True
[hybrid-rollout] ep 27 (heldout_028): steps=4 success=True
[hybrid-rollout] ep 28 (heldout_029): steps=60 success=False
[hybrid-rollout] ep 29 (heldout_030): steps=60 success=False
[hybrid-rollout] ep 30 (heldout_031): steps=5 success=True
[hybrid-rollout] ep 31 (heldout_032): steps=5 success=True
[hybrid-rollout] ep 32 (heldout_033): steps=4 success=True
[hybrid-rollout] ep 33 (heldout_034): steps=5 success=True
[hybrid-rollout] ep 34 (heldout_035): steps=6 success=True
[hybrid-rollout] ep 35 (heldout_036): steps=5 success=True
[hybrid-rollout] ep 36 (heldout_037): steps=4 success=True
[hybrid-rollout] ep 37 (heldout_038): steps=5 success=True
[hybrid-rollout] ep 38 (heldout_039): steps=6 success=True
[hybrid-rollout] ep 39 (heldout_040): steps=5 success=True
[hybrid-rollout] ep 40 (heldout_041): steps=6 success=True
[hybrid-rollout] ep 41 (heldout_042): steps=4 success=True
[hybrid-rollout] ep 42 (heldout_043): steps=4 success=True
[hybrid-rollout] ep 43 (heldout_044): steps=5 success=True
[hybrid-rollout] ep 44 (heldout_045): steps=60 success=False
[hybrid-rollout] ep 45 (heldout_046): steps=4 success=True
[hybrid-rollout] ep 46 (heldout_047): steps=3 success=False
[hybrid-rollout] ep 47 (heldout_048): steps=6 success=True
[hybrid-rollout] ep 48 (heldout_049): steps=5 success=True
[hybrid-rollout] ep 49 (heldout_050): steps=4 success=True
[hybrid-rollout] ep 50 (heldout_051): steps=4 success=True
[hybrid-rollout] ep 51 (heldout_052): steps=4 success=True
[hybrid-rollout] ep 52 (heldout_053): steps=6 success=True
[hybrid-rollout] ep 53 (heldout_054): steps=4 success=True
[hybrid-rollout] ep 54 (heldout_055): steps=60 success=False
[hybrid-rollout] ep 55 (heldout_056): steps=4 success=True
[hybrid-rollout] ep 56 (heldout_057): steps=4 success=True
[hybrid-rollout] ep 57 (heldout_058): steps=4 success=True
[hybrid-rollout] ep 58 (heldout_059): steps=5 success=True
[hybrid-rollout] ep 59 (heldout_060): steps=6 success=True
[hybrid-rollout] ep 60 (heldout_061): steps=5 success=True
[hybrid-rollout] ep 61 (heldout_062): steps=6 success=True
[hybrid-rollout] ep 62 (heldout_063): steps=5 success=True
[hybrid-rollout] ep 63 (heldout_064): steps=4 success=True
[hybrid-rollout] ep 64 (heldout_065): steps=7 success=True
[hybrid-rollout] ep 65 (heldout_066): steps=6 success=True
[hybrid-rollout] ep 66 (heldout_067): steps=5 success=True
[hybrid-rollout] ep 67 (heldout_068): steps=4 success=True
[hybrid-rollout] ep 68 (heldout_069): steps=4 success=True
[hybrid-rollout] ep 69 (heldout_070): steps=60 success=False
[hybrid-rollout] ep 70 (heldout_071): steps=5 success=True
[hybrid-rollout] ep 71 (heldout_072): steps=5 success=True
[hybrid-rollout] ep 72 (heldout_073): steps=6 success=True
[hybrid-rollout] ep 73 (heldout_074): steps=4 success=True
[hybrid-rollout] ep 74 (heldout_075): steps=5 success=True
[hybrid-rollout] ep 75 (heldout_076): steps=7 success=True
[hybrid-rollout] ep 76 (heldout_077): steps=4 success=True
[hybrid-rollout] ep 77 (heldout_078): steps=6 success=True
[hybrid-rollout] ep 78 (heldout_079): steps=4 success=True
[hybrid-rollout] ep 79 (heldout_080): steps=4 success=True
[hybrid-rollout] ep 80 (heldout_081): steps=5 success=True
[hybrid-rollout] ep 81 (heldout_082): steps=5 success=True
[hybrid-rollout] ep 82 (heldout_083): steps=4 success=True
[hybrid-rollout] ep 83 (heldout_084): steps=5 success=True
[hybrid-rollout] ep 84 (heldout_085): steps=60 success=False
[hybrid-rollout] ep 85 (heldout_086): steps=6 success=True
[hybrid-rollout] ep 86 (heldout_087): steps=5 success=True
[hybrid-rollout] ep 87 (heldout_088): steps=4 success=True
[hybrid-rollout] ep 88 (heldout_089): steps=3 success=False
[hybrid-rollout] ep 89 (heldout_090): steps=4 success=True
[hybrid-rollout] ep 90 (heldout_091): steps=5 success=True
[hybrid-rollout] ep 91 (heldout_092): steps=5 success=True
[hybrid-rollout] ep 92 (heldout_093): steps=6 success=True
[hybrid-rollout] ep 93 (heldout_094): steps=6 success=True
[hybrid-rollout] ep 94 (heldout_095): steps=7 success=True
[hybrid-rollout] ep 95 (heldout_096): steps=5 success=True
[hybrid-rollout] ep 96 (heldout_097): steps=5 success=True
[hybrid-rollout] ep 97 (heldout_098): steps=5 success=True
[hybrid-rollout] ep 98 (heldout_099): steps=60 success=False
[hybrid-rollout] ep 99 (heldout_100): steps=8 success=True
[hybrid-rollout] ep 100 (heldout_101): steps=4 success=True
[hybrid-rollout] ep 101 (heldout_102): steps=4 success=True
[hybrid-rollout] ep 102 (heldout_103): steps=4 success=True
[hybrid-rollout] ep 103 (heldout_104): steps=6 success=True
[hybrid-rollout] ep 104 (heldout_105): steps=4 success=True
[hybrid-rollout] ep 105 (heldout_106): steps=60 success=False
[hybrid-rollout] ep 106 (heldout_107): steps=4 success=True
[hybrid-rollout] ep 107 (heldout_108): steps=4 success=True
[hybrid-rollout] ep 108 (heldout_109): steps=4 success=True
[hybrid-rollout] ep 109 (heldout_110): steps=4 success=True
[hybrid-rollout] ep 110 (heldout_111): steps=5 success=False
[hybrid-rollout] ep 111 (heldout_112): steps=5 success=True
[hybrid-rollout] ep 112 (heldout_113): steps=5 success=True
[hybrid-rollout] ep 113 (heldout_114): steps=4 success=True
[hybrid-rollout] ep 114 (heldout_115): steps=4 success=True
[hybrid-rollout] ep 115 (heldout_116): steps=5 success=True
[hybrid-rollout] ep 116 (heldout_117): steps=7 success=True
[hybrid-rollout] ep 117 (heldout_118): steps=7 success=True
[hybrid-rollout] ep 118 (heldout_119): steps=4 success=True
[hybrid-rollout] ep 119 (heldout_120): steps=7 success=True
[hybrid-rollout] ep 120 (heldout_121): steps=4 success=True
[hybrid-rollout] ep 121 (heldout_122): steps=4 success=True
[hybrid-rollout] ep 122 (heldout_123): steps=6 success=True
[hybrid-rollout] ep 123 (heldout_124): steps=8 success=True
[hybrid-rollout] ep 124 (heldout_125): steps=4 success=True
[hybrid-rollout] ep 125 (heldout_126): steps=4 success=True
[hybrid-rollout] ep 126 (heldout_127): steps=60 success=False
[hybrid-rollout] ep 127 (heldout_128): steps=7 success=True
[hybrid-rollout] ep 128 (heldout_129): steps=4 success=True
[hybrid-rollout] ep 129 (heldout_130): steps=4 success=True
[hybrid-rollout] ep 130 (heldout_131): steps=1 success=False
[hybrid-rollout] ep 131 (heldout_132): steps=4 success=True
[hybrid-rollout] ep 132 (heldout_133): steps=4 success=True
[hybrid-rollout] ep 133 (heldout_134): steps=7 success=True
[hybrid-rollout] ep 134 (heldout_135): steps=6 success=True
[hybrid-rollout] ep 135 (heldout_136): steps=5 success=True
[hybrid-rollout] ep 136 (heldout_137): steps=5 success=True
[hybrid-rollout] ep 137 (heldout_138): steps=4 success=True
[hybrid-rollout] ep 138 (heldout_139): steps=4 success=True
[hybrid-rollout] ep 139 (heldout_140): steps=5 success=True
[hybrid-rollout] ep 140 (heldout_141): steps=5 success=True
[hybrid-rollout] ep 141 (heldout_142): steps=4 success=True
[hybrid-rollout] ep 142 (heldout_143): steps=6 success=True
[hybrid-rollout] ep 143 (heldout_144): steps=4 success=True
[hybrid-rollout] ep 144 (heldout_145): steps=5 success=True
[hybrid-rollout] ep 145 (heldout_146): steps=7 success=True
[hybrid-rollout] ep 146 (heldout_147): steps=4 success=True
[hybrid-rollout] ep 147 (heldout_148): steps=60 success=False
[hybrid-rollout] ep 148 (heldout_149): steps=5 success=True
[hybrid-rollout] ep 149 (heldout_150): steps=4 success=True
[hybrid-rollout] ep 150 (heldout_151): steps=5 success=True
[hybrid-rollout] ep 151 (heldout_152): steps=6 success=True
[hybrid-rollout] ep 152 (heldout_153): steps=5 success=True
[hybrid-rollout] ep 153 (heldout_154): steps=7 success=True
[hybrid-rollout] ep 154 (heldout_155): steps=6 success=True
[hybrid-rollout] ep 155 (heldout_156): steps=3 success=False
[hybrid-rollout] ep 156 (heldout_157): steps=4 success=True
[hybrid-rollout] ep 157 (heldout_158): steps=3 success=False
[hybrid-rollout] ep 158 (heldout_159): steps=6 success=True
[hybrid-rollout] ep 159 (heldout_160): steps=60 success=False
[hybrid-rollout] ep 160 (heldout_161): steps=5 success=True
[hybrid-rollout] ep 161 (heldout_162): steps=5 success=True
[hybrid-rollout] ep 162 (heldout_163): steps=4 success=True
[hybrid-rollout] ep 163 (heldout_164): steps=4 success=True
[hybrid-rollout] ep 164 (heldout_165): steps=5 success=True
[hybrid-rollout] ep 165 (heldout_166): steps=4 success=True
[hybrid-rollout] ep 166 (heldout_167): steps=60 success=False
[hybrid-rollout] ep 167 (heldout_168): steps=4 success=True
[hybrid-rollout] ep 168 (heldout_169): steps=6 success=True
[hybrid-rollout] ep 169 (heldout_170): steps=6 success=True
[hybrid-rollout] ep 170 (heldout_171): steps=4 success=True
[hybrid-rollout] ep 171 (heldout_172): steps=5 success=True
[hybrid-rollout] ep 172 (heldout_173): steps=4 success=True
[hybrid-rollout] ep 173 (heldout_174): steps=5 success=True
[hybrid-rollout] ep 174 (heldout_175): steps=4 success=False
[hybrid-rollout] ep 175 (heldout_176): steps=60 success=False
[hybrid-rollout] ep 176 (heldout_177): steps=6 success=True
[hybrid-rollout] ep 177 (heldout_178): steps=1 success=False
[hybrid-rollout] ep 178 (heldout_179): steps=5 success=True
[hybrid-rollout] ep 179 (heldout_180): steps=4 success=True
[hybrid-rollout] ep 180 (heldout_181): steps=5 success=True
[hybrid-rollout] ep 181 (heldout_182): steps=4 success=True
[hybrid-rollout] ep 182 (heldout_183): steps=5 success=True
[hybrid-rollout] ep 183 (heldout_184): steps=7 success=True
[hybrid-rollout] ep 184 (heldout_185): steps=5 success=True
[hybrid-rollout] ep 185 (heldout_186): steps=4 success=True
[hybrid-rollout] ep 186 (heldout_187): steps=5 success=True
[hybrid-rollout] ep 187 (heldout_188): steps=5 success=True
[hybrid-rollout] ep 188 (heldout_189): steps=5 success=True
[hybrid-rollout] ep 189 (heldout_190): steps=7 success=True
[hybrid-rollout] ep 190 (heldout_191): steps=4 success=True
[hybrid-rollout] ep 191 (heldout_192): steps=5 success=True
[hybrid-rollout] ep 192 (heldout_193): steps=7 success=True
[hybrid-rollout] ep 193 (heldout_194): steps=6 success=True
[hybrid-rollout] ep 194 (heldout_195): steps=5 success=True
[hybrid-rollout] ep 195 (heldout_196): steps=4 success=True
[hybrid-rollout] ep 196 (heldout_197): steps=5 success=True
[hybrid-rollout] ep 197 (heldout_198): steps=60 success=False
[hybrid-rollout] ep 198 (heldout_199): steps=4 success=True
[hybrid-rollout] ep 199 (heldout_200): steps=4 success=True
[hybrid-rollout] DONE successes=173/200
[20:17:29] [replay_p4] run 1 round 12: extras=12 heldout_sr=0.865
[20:17:29] [replay_p4] $ /home/s226137394/.conda/envs/maze/bin/python3 -u -m Equivariant_pathway.equivariant_CNN_hybrid.baseline_vs_p4.pool_x_selector.trainer.finetune_replay --demo_dir /weka/s226137394/DmNfull/Equivariant_pathway/equivariant_CNN_hybrid/baseline_vs_p4/pool_x_selector/results_hpsweep/e150_lr5e-05_rm0.7_do0.1/run_1/p4_top3_rotate/demos --checkpoint_dir /weka/s226137394/DmNfull/Equivariant_pathway/equivariant_CNN_hybrid/baseline_vs_p4/pool_x_selector/results_hpsweep/e150_lr5e-05_rm0.7_do0.1/run_1/p4_top3_rotate/checkpoints --epochs 150 --batch_size 64 --lr 5e-05 --weight_decay 0.0001 --replay_mix 0.7 --replay_mix_floor 0.2 --head_dropout 0.1 --seed 1 --resume --new_demos_dir /weka/s226137394/DmNfull/Equivariant_pathway/equivariant_CNN_hybrid/baseline_vs_p4/pool_x_selector/results_hpsweep/e150_lr5e-05_rm0.7_do0.1/run_1/p4_top3_rotate/demos/round_013
[finetune_replay] device=cuda demo_dir=/weka/s226137394/DmNfull/Equivariant_pathway/equivariant_CNN_hybrid/baseline_vs_p4/pool_x_selector/results_hpsweep/e150_lr5e-05_rm0.7_do0.1/run_1/p4_top3_rotate/demos new_demos_dir=/weka/s226137394/DmNfull/Equivariant_pathway/equivariant_CNN_hybrid/baseline_vs_p4/pool_x_selector/results_hpsweep/e150_lr5e-05_rm0.7_do0.1/run_1/p4_top3_rotate/demos/round_013
[hybrid-dataset] 32 demos -> 174 samples
[hybrid-dataset] 1 demos -> 4 samples
[finetune_replay] sampler audit: {'n_old_samples': 174, 'n_new_samples': 4, 'replay_mix_target': 0.7, 'replay_mix_effective': 0.7, 'replay_mix_floor': 0.2}
[finetune_replay] trainable params: 1,400,028
[finetune_replay] WARM START from last_hybrid_policy.pth
[finetune_replay] ep   1/150 | train loss=0.1062 top1=0.988 | val loss=0.0001 | t=0.9s  *
[finetune_replay] ep   2/150 | train loss=0.0217 top1=0.994 | val loss=0.0002 | t=0.3s
[finetune_replay] ep   3/150 | train loss=0.0030 top1=1.000 | val loss=0.0006 | t=0.2s
[finetune_replay] ep   4/150 | train loss=0.0004 top1=1.000 | val loss=0.0011 | t=0.3s
[finetune_replay] ep   5/150 | train loss=0.0008 top1=1.000 | val loss=0.0004 | t=0.2s
[finetune_replay] ep   6/150 | train loss=0.0015 top1=1.000 | val loss=0.0013 | t=0.2s
[finetune_replay] ep   7/150 | train loss=0.0006 top1=1.000 | val loss=0.0002 | t=0.2s
[finetune_replay] ep   8/150 | train loss=0.0009 top1=1.000 | val loss=0.0008 | t=0.2s
[finetune_replay] ep   9/150 | train loss=0.0006 top1=1.000 | val loss=0.0010 | t=0.2s
[finetune_replay] ep  10/150 | train loss=0.0003 top1=1.000 | val loss=0.0003 | t=0.1s
[finetune_replay] ep  11/150 | train loss=0.0003 top1=1.000 | val loss=0.0002 | t=0.1s
[finetune_replay] ep  12/150 | train loss=0.0002 top1=1.000 | val loss=0.0004 | t=0.1s
[finetune_replay] ep  13/150 | train loss=0.0001 top1=1.000 | val loss=0.0008 | t=0.1s
[finetune_replay] ep  14/150 | train loss=0.0002 top1=1.000 | val loss=0.0007 | t=0.2s
[finetune_replay] ep  15/150 | train loss=0.0002 top1=1.000 | val loss=0.0003 | t=0.1s
[finetune_replay] ep  16/150 | train loss=0.0001 top1=1.000 | val loss=0.0002 | t=0.2s
[finetune_replay] ep  17/150 | train loss=0.0002 top1=1.000 | val loss=0.0002 | t=0.1s
[finetune_replay] ep  18/150 | train loss=0.0001 top1=1.000 | val loss=0.0004 | t=0.2s
[finetune_replay] ep  19/150 | train loss=0.0001 top1=1.000 | val loss=0.0004 | t=0.1s
[finetune_replay] ep  20/150 | train loss=0.0002 top1=1.000 | val loss=0.0003 | t=0.1s
[finetune_replay] ep  21/150 | train loss=0.0001 top1=1.000 | val loss=0.0002 | t=0.1s
[finetune_replay] ep  22/150 | train loss=0.0001 top1=1.000 | val loss=0.0002 | t=0.1s
[finetune_replay] ep  23/150 | train loss=0.0002 top1=1.000 | val loss=0.0002 | t=0.1s
[finetune_replay] ep  24/150 | train loss=0.0002 top1=1.000 | val loss=0.0003 | t=0.2s
[finetune_replay] ep  25/150 | train loss=0.0001 top1=1.000 | val loss=0.0003 | t=0.2s
[finetune_replay] ep  26/150 | train loss=0.0001 top1=1.000 | val loss=0.0002 | t=0.1s
[finetune_replay] ep  27/150 | train loss=0.0001 top1=1.000 | val loss=0.0003 | t=0.1s
[finetune_replay] ep  28/150 | train loss=0.0002 top1=1.000 | val loss=0.0002 | t=0.1s
[finetune_replay] ep  29/150 | train loss=0.0001 top1=1.000 | val loss=0.0002 | t=0.2s
[finetune_replay] ep  30/150 | train loss=0.0001 top1=1.000 | val loss=0.0002 | t=0.2s
[finetune_replay] ep  31/150 | train loss=0.0001 top1=1.000 | val loss=0.0003 | t=0.1s
[finetune_replay] ep  32/150 | train loss=0.0002 top1=1.000 | val loss=0.0002 | t=0.1s
[finetune_replay] ep  33/150 | train loss=0.0001 top1=1.000 | val loss=0.0002 | t=0.1s
[finetune_replay] ep  34/150 | train loss=0.0002 top1=1.000 | val loss=0.0002 | t=0.1s
[finetune_replay] ep  35/150 | train loss=0.0001 top1=1.000 | val loss=0.0002 | t=0.1s
[finetune_replay] ep  36/150 | train loss=0.0001 top1=1.000 | val loss=0.0002 | t=0.2s
[finetune_replay] ep  37/150 | train loss=0.0002 top1=1.000 | val loss=0.0002 | t=0.2s
[finetune_replay] ep  38/150 | train loss=0.0001 top1=1.000 | val loss=0.0002 | t=0.1s
[finetune_replay] ep  39/150 | train loss=0.0002 top1=1.000 | val loss=0.0002 | t=0.1s
[finetune_replay] ep  40/150 | train loss=0.0001 top1=1.000 | val loss=0.0002 | t=0.1s
[finetune_replay] ep  41/150 | train loss=0.0001 top1=1.000 | val loss=0.0002 | t=0.1s
[finetune_replay] ep  42/150 | train loss=0.0001 top1=1.000 | val loss=0.0002 | t=0.1s
[finetune_replay] ep  43/150 | train loss=0.0001 top1=1.000 | val loss=0.0002 | t=0.1s
[finetune_replay] ep  44/150 | train loss=0.0001 top1=1.000 | val loss=0.0002 | t=0.1s
[finetune_replay] ep  45/150 | train loss=0.0001 top1=1.000 | val loss=0.0002 | t=0.1s
[finetune_replay] ep  46/150 | train loss=0.0001 top1=1.000 | val loss=0.0002 | t=0.1s
[finetune_replay] ep  47/150 | train loss=0.0001 top1=1.000 | val loss=0.0002 | t=0.1s
[finetune_replay] ep  48/150 | train loss=0.0001 top1=1.000 | val loss=0.0002 | t=0.1s
[finetune_replay] ep  49/150 | train loss=0.0001 top1=1.000 | val loss=0.0002 | t=0.1s
[finetune_replay] ep  50/150 | train loss=0.0001 top1=1.000 | val loss=0.0002 | t=0.1s
[finetune_replay] ep  51/150 | train loss=0.0001 top1=1.000 | val loss=0.0002 | t=0.2s
[finetune_replay] ep  52/150 | train loss=0.0001 top1=1.000 | val loss=0.0002 | t=0.1s
[finetune_replay] ep  53/150 | train loss=0.0001 top1=1.000 | val loss=0.0002 | t=0.1s
[finetune_replay] ep  54/150 | train loss=0.0001 top1=1.000 | val loss=0.0002 | t=0.1s
[finetune_replay] ep  55/150 | train loss=0.0001 top1=1.000 | val loss=0.0001 | t=0.1s
[finetune_replay] ep  56/150 | train loss=0.0001 top1=1.000 | val loss=0.0002 | t=0.1s
[finetune_replay] ep  57/150 | train loss=0.0001 top1=1.000 | val loss=0.0002 | t=0.1s
[finetune_replay] ep  58/150 | train loss=0.0001 top1=1.000 | val loss=0.0002 | t=0.1s
[finetune_replay] ep  59/150 | train loss=0.0001 top1=1.000 | val loss=0.0002 | t=0.2s
[finetune_replay] ep  60/150 | train loss=0.0001 top1=1.000 | val loss=0.0002 | t=0.1s
[finetune_replay] ep  61/150 | train loss=0.0001 top1=1.000 | val loss=0.0002 | t=0.2s
[finetune_replay] ep  62/150 | train loss=0.0001 top1=1.000 | val loss=0.0002 | t=0.1s
[finetune_replay] ep  63/150 | train loss=0.0001 top1=1.000 | val loss=0.0002 | t=0.1s
[finetune_replay] ep  64/150 | train loss=0.0001 top1=1.000 | val loss=0.0002 | t=0.1s
[finetune_replay] ep  65/150 | train loss=0.0001 top1=1.000 | val loss=0.0002 | t=0.1s
[finetune_replay] ep  66/150 | train loss=0.0001 top1=1.000 | val loss=0.0002 | t=0.1s
[finetune_replay] ep  67/150 | train loss=0.0001 top1=1.000 | val loss=0.0002 | t=0.2s
[finetune_replay] ep  68/150 | train loss=0.0001 top1=1.000 | val loss=0.0003 | t=0.1s
[finetune_replay] ep  69/150 | train loss=0.0001 top1=1.000 | val loss=0.0003 | t=0.1s
[finetune_replay] ep  70/150 | train loss=0.0001 top1=1.000 | val loss=0.0003 | t=0.1s
[finetune_replay] ep  71/150 | train loss=0.0001 top1=1.000 | val loss=0.0002 | t=0.1s
[finetune_replay] ep  72/150 | train loss=0.0001 top1=1.000 | val loss=0.0002 | t=0.1s
[finetune_replay] ep  73/150 | train loss=0.0001 top1=1.000 | val loss=0.0002 | t=0.1s
[finetune_replay] ep  74/150 | train loss=0.0001 top1=1.000 | val loss=0.0002 | t=0.1s
[finetune_replay] ep  75/150 | train loss=0.0001 top1=1.000 | val loss=0.0002 | t=0.1s
[finetune_replay] ep  76/150 | train loss=0.0001 top1=1.000 | val loss=0.0002 | t=0.1s
[finetune_replay] ep  77/150 | train loss=0.0001 top1=1.000 | val loss=0.0002 | t=0.1s
[finetune_replay] ep  78/150 | train loss=0.0001 top1=1.000 | val loss=0.0002 | t=0.1s
[finetune_replay] ep  79/150 | train loss=0.0001 top1=1.000 | val loss=0.0002 | t=0.1s
[finetune_replay] ep  80/150 | train loss=0.0000 top1=1.000 | val loss=0.0002 | t=0.1s
[finetune_replay] ep  81/150 | train loss=0.0001 top1=1.000 | val loss=0.0002 | t=0.1s
[finetune_replay] ep  82/150 | train loss=0.0001 top1=1.000 | val loss=0.0002 | t=0.1s
[finetune_replay] ep  83/150 | train loss=0.0001 top1=1.000 | val loss=0.0002 | t=0.1s
[finetune_replay] ep  84/150 | train loss=0.0001 top1=1.000 | val loss=0.0002 | t=0.1s
[finetune_replay] ep  85/150 | train loss=0.0000 top1=1.000 | val loss=0.0002 | t=0.1s
[finetune_replay] ep  86/150 | train loss=0.0001 top1=1.000 | val loss=0.0002 | t=0.1s
[finetune_replay] ep  87/150 | train loss=0.0001 top1=1.000 | val loss=0.0002 | t=0.1s
[finetune_replay] ep  88/150 | train loss=0.0001 top1=1.000 | val loss=0.0002 | t=0.1s
[finetune_replay] ep  89/150 | train loss=0.0001 top1=1.000 | val loss=0.0002 | t=0.1s
[finetune_replay] ep  90/150 | train loss=0.0000 top1=1.000 | val loss=0.0002 | t=0.1s
[finetune_replay] ep  91/150 | train loss=0.0001 top1=1.000 | val loss=0.0002 | t=0.1s
[finetune_replay] ep  92/150 | train loss=0.0000 top1=1.000 | val loss=0.0001 | t=0.1s
[finetune_replay] ep  93/150 | train loss=0.0001 top1=1.000 | val loss=0.0001 | t=0.1s
[finetune_replay] ep  94/150 | train loss=0.0001 top1=1.000 | val loss=0.0001 | t=0.1s
[finetune_replay] ep  95/150 | train loss=0.0001 top1=1.000 | val loss=0.0001 | t=0.1s
[finetune_replay] ep  96/150 | train loss=0.0001 top1=1.000 | val loss=0.0001 | t=0.1s
[finetune_replay] ep  97/150 | train loss=0.0000 top1=1.000 | val loss=0.0002 | t=0.1s
[finetune_replay] ep  98/150 | train loss=0.0001 top1=1.000 | val loss=0.0002 | t=0.1s
[finetune_replay] ep  99/150 | train loss=0.0000 top1=1.000 | val loss=0.0002 | t=0.1s
[finetune_replay] ep 100/150 | train loss=0.0001 top1=1.000 | val loss=0.0002 | t=0.1s
[finetune_replay] ep 101/150 | train loss=0.0001 top1=1.000 | val loss=0.0002 | t=0.1s
[finetune_replay] ep 102/150 | train loss=0.0001 top1=1.000 | val loss=0.0002 | t=0.1s
[finetune_replay] ep 103/150 | train loss=0.0001 top1=1.000 | val loss=0.0001 | t=0.1s  *
[finetune_replay] ep 104/150 | train loss=0.0001 top1=1.000 | val loss=0.0001 | t=0.1s
[finetune_replay] ep 105/150 | train loss=0.0001 top1=1.000 | val loss=0.0001 | t=0.1s
[finetune_replay] ep 106/150 | train loss=0.0001 top1=1.000 | val loss=0.0002 | t=0.1s
[finetune_replay] ep 107/150 | train loss=0.0001 top1=1.000 | val loss=0.0002 | t=0.1s
[finetune_replay] ep 108/150 | train loss=0.0001 top1=1.000 | val loss=0.0001 | t=0.1s
[finetune_replay] ep 109/150 | train loss=0.0001 top1=1.000 | val loss=0.0001 | t=0.1s  *
[finetune_replay] ep 110/150 | train loss=0.0001 top1=1.000 | val loss=0.0001 | t=0.1s
[finetune_replay] ep 111/150 | train loss=0.0001 top1=1.000 | val loss=0.0001 | t=0.1s
[finetune_replay] ep 112/150 | train loss=0.0001 top1=1.000 | val loss=0.0001 | t=0.1s
[finetune_replay] ep 113/150 | train loss=0.0001 top1=1.000 | val loss=0.0001 | t=0.1s
[finetune_replay] ep 114/150 | train loss=0.0001 top1=1.000 | val loss=0.0001 | t=0.1s
[finetune_replay] ep 115/150 | train loss=0.0001 top1=1.000 | val loss=0.0002 | t=0.1s
[finetune_replay] ep 116/150 | train loss=0.0001 top1=1.000 | val loss=0.0001 | t=0.1s
[finetune_replay] ep 117/150 | train loss=0.0001 top1=1.000 | val loss=0.0001 | t=0.2s
[finetune_replay] ep 118/150 | train loss=0.0001 top1=1.000 | val loss=0.0001 | t=0.1s
[finetune_replay] ep 119/150 | train loss=0.0000 top1=1.000 | val loss=0.0001 | t=0.1s
[finetune_replay] ep 120/150 | train loss=0.0001 top1=1.000 | val loss=0.0001 | t=0.1s
[finetune_replay] ep 121/150 | train loss=0.0001 top1=1.000 | val loss=0.0001 | t=0.1s
[finetune_replay] ep 122/150 | train loss=0.0001 top1=1.000 | val loss=0.0001 | t=0.1s
[finetune_replay] ep 123/150 | train loss=0.0001 top1=1.000 | val loss=0.0001 | t=0.1s
[finetune_replay] ep 124/150 | train loss=0.0001 top1=1.000 | val loss=0.0002 | t=0.1s
[finetune_replay] ep 125/150 | train loss=0.0001 top1=1.000 | val loss=0.0001 | t=0.1s
[finetune_replay] ep 126/150 | train loss=0.0001 top1=1.000 | val loss=0.0002 | t=0.1s
[finetune_replay] ep 127/150 | train loss=0.0001 top1=1.000 | val loss=0.0002 | t=0.1s
[finetune_replay] ep 128/150 | train loss=0.0000 top1=1.000 | val loss=0.0002 | t=0.1s
[finetune_replay] ep 129/150 | train loss=0.0001 top1=1.000 | val loss=0.0002 | t=0.1s
[finetune_replay] ep 130/150 | train loss=0.0001 top1=1.000 | val loss=0.0002 | t=0.1s
[finetune_replay] ep 131/150 | train loss=0.0002 top1=1.000 | val loss=0.0001 | t=0.1s
[finetune_replay] ep 132/150 | train loss=0.0000 top1=1.000 | val loss=0.0001 | t=0.1s
[finetune_replay] ep 133/150 | train loss=0.0001 top1=1.000 | val loss=0.0001 | t=0.1s
[finetune_replay] ep 134/150 | train loss=0.0001 top1=1.000 | val loss=0.0001 | t=0.1s
[finetune_replay] ep 135/150 | train loss=0.0001 top1=1.000 | val loss=0.0002 | t=0.1s
[finetune_replay] ep 136/150 | train loss=0.0001 top1=1.000 | val loss=0.0002 | t=0.1s
[finetune_replay] ep 137/150 | train loss=0.0000 top1=1.000 | val loss=0.0001 | t=0.1s
[finetune_replay] ep 138/150 | train loss=0.0001 top1=1.000 | val loss=0.0001 | t=0.1s
[finetune_replay] ep 139/150 | train loss=0.0001 top1=1.000 | val loss=0.0001 | t=0.1s
[finetune_replay] ep 140/150 | train loss=0.0001 top1=1.000 | val loss=0.0001 | t=0.1s
[finetune_replay] ep 141/150 | train loss=0.0001 top1=1.000 | val loss=0.0001 | t=0.1s
[finetune_replay] ep 142/150 | train loss=0.0001 top1=1.000 | val loss=0.0001 | t=0.1s
[finetune_replay] ep 143/150 | train loss=0.0000 top1=1.000 | val loss=0.0001 | t=0.1s
[finetune_replay] ep 144/150 | train loss=0.0001 top1=1.000 | val loss=0.0002 | t=0.1s
[finetune_replay] ep 145/150 | train loss=0.0000 top1=1.000 | val loss=0.0001 | t=0.1s
[finetune_replay] ep 146/150 | train loss=0.0001 top1=1.000 | val loss=0.0001 | t=0.1s
[finetune_replay] ep 147/150 | train loss=0.0001 top1=1.000 | val loss=0.0001 | t=0.1s
[finetune_replay] ep 148/150 | train loss=0.0001 top1=1.000 | val loss=0.0001 | t=0.1s
[finetune_replay] ep 149/150 | train loss=0.0001 top1=1.000 | val loss=0.0001 | t=0.1s
[finetune_replay] ep 150/150 | train loss=0.0001 top1=1.000 | val loss=0.0001 | t=0.1s  *
[finetune_replay] DONE best_val_loss=0.0001 @ epoch 150
[20:18:06] [bo-budget] $ /home/s226137394/.conda/envs/maze/bin/python3 -u -m Equivariant_pathway.equivariant_CNN_hybrid.rollout_test --checkpoint /weka/s226137394/DmNfull/Equivariant_pathway/equivariant_CNN_hybrid/baseline_vs_p4/pool_x_selector/results_hpsweep/e150_lr5e-05_rm0.7_do0.1/run_1/p4_top3_rotate/checkpoints/best_hybrid_policy.pth --layouts /weka/s226137394/DmNfull/Equivariant_pathway/equivariant_CNN_hybrid/baseline_vs_p4/shared/heldout_layouts.yaml --out_dir /weka/s226137394/DmNfull/Equivariant_pathway/equivariant_CNN_hybrid/baseline_vs_p4/pool_x_selector/results_hpsweep/e150_lr5e-05_rm0.7_do0.1/run_1/p4_top3_rotate/results/eval_round_013 --seed 14 --max_steps 60
[hybrid-rollout] 200 unique; running 200 eps
[hybrid-rollout] loaded /weka/s226137394/DmNfull/Equivariant_pathway/equivariant_CNN_hybrid/baseline_vs_p4/pool_x_selector/results_hpsweep/e150_lr5e-05_rm0.7_do0.1/run_1/p4_top3_rotate/checkpoints/best_hybrid_policy.pth
[hybrid-rollout] ep 0 (heldout_001): steps=5 success=True
[hybrid-rollout] ep 1 (heldout_002): steps=4 success=True
[hybrid-rollout] ep 2 (heldout_003): steps=4 success=True
[hybrid-rollout] ep 3 (heldout_004): steps=6 success=True
[hybrid-rollout] ep 4 (heldout_005): steps=5 success=True
[hybrid-rollout] ep 5 (heldout_006): steps=3 success=False
[hybrid-rollout] ep 6 (heldout_007): steps=5 success=True
[hybrid-rollout] ep 7 (heldout_008): steps=4 success=True
[hybrid-rollout] ep 8 (heldout_009): steps=2 success=False
[hybrid-rollout] ep 9 (heldout_010): steps=8 success=True
[hybrid-rollout] ep 10 (heldout_011): steps=4 success=True
[hybrid-rollout] ep 11 (heldout_012): steps=3 success=False
[hybrid-rollout] ep 12 (heldout_013): steps=5 success=True
[hybrid-rollout] ep 13 (heldout_014): steps=5 success=True
[hybrid-rollout] ep 14 (heldout_015): steps=4 success=True
[hybrid-rollout] ep 15 (heldout_016): steps=5 success=True
[hybrid-rollout] ep 16 (heldout_017): steps=4 success=True
[hybrid-rollout] ep 17 (heldout_018): steps=2 success=False
[hybrid-rollout] ep 18 (heldout_019): steps=5 success=True
[hybrid-rollout] ep 19 (heldout_020): steps=5 success=True
[hybrid-rollout] ep 20 (heldout_021): steps=4 success=True
[hybrid-rollout] ep 21 (heldout_022): steps=4 success=True
[hybrid-rollout] ep 22 (heldout_023): steps=7 success=True
[hybrid-rollout] ep 23 (heldout_024): steps=4 success=True
[hybrid-rollout] ep 24 (heldout_025): steps=4 success=True
[hybrid-rollout] ep 25 (heldout_026): steps=4 success=True
[hybrid-rollout] ep 26 (heldout_027): steps=4 success=True
[hybrid-rollout] ep 27 (heldout_028): steps=4 success=True
[hybrid-rollout] ep 28 (heldout_029): steps=60 success=False
[hybrid-rollout] ep 29 (heldout_030): steps=60 success=False
[hybrid-rollout] ep 30 (heldout_031): steps=5 success=True
[hybrid-rollout] ep 31 (heldout_032): steps=5 success=True
[hybrid-rollout] ep 32 (heldout_033): steps=4 success=True
[hybrid-rollout] ep 33 (heldout_034): steps=5 success=True
[hybrid-rollout] ep 34 (heldout_035): steps=6 success=True
[hybrid-rollout] ep 35 (heldout_036): steps=5 success=True
[hybrid-rollout] ep 36 (heldout_037): steps=4 success=True
[hybrid-rollout] ep 37 (heldout_038): steps=5 success=True
[hybrid-rollout] ep 38 (heldout_039): steps=6 success=True
[hybrid-rollout] ep 39 (heldout_040): steps=5 success=True
[hybrid-rollout] ep 40 (heldout_041): steps=6 success=True
[hybrid-rollout] ep 41 (heldout_042): steps=4 success=True
[hybrid-rollout] ep 42 (heldout_043): steps=4 success=True
[hybrid-rollout] ep 43 (heldout_044): steps=5 success=True
[hybrid-rollout] ep 44 (heldout_045): steps=3 success=False
[hybrid-rollout] ep 45 (heldout_046): steps=4 success=True
[hybrid-rollout] ep 46 (heldout_047): steps=3 success=False
[hybrid-rollout] ep 47 (heldout_048): steps=6 success=True
[hybrid-rollout] ep 48 (heldout_049): steps=60 success=False
[hybrid-rollout] ep 49 (heldout_050): steps=4 success=True
[hybrid-rollout] ep 50 (heldout_051): steps=4 success=True
[hybrid-rollout] ep 51 (heldout_052): steps=4 success=True
[hybrid-rollout] ep 52 (heldout_053): steps=6 success=True
[hybrid-rollout] ep 53 (heldout_054): steps=4 success=True
[hybrid-rollout] ep 54 (heldout_055): steps=60 success=False
[hybrid-rollout] ep 55 (heldout_056): steps=4 success=True
[hybrid-rollout] ep 56 (heldout_057): steps=4 success=True
[hybrid-rollout] ep 57 (heldout_058): steps=4 success=True
[hybrid-rollout] ep 58 (heldout_059): steps=5 success=True
[hybrid-rollout] ep 59 (heldout_060): steps=6 success=True
[hybrid-rollout] ep 60 (heldout_061): steps=5 success=True
[hybrid-rollout] ep 61 (heldout_062): steps=6 success=True
[hybrid-rollout] ep 62 (heldout_063): steps=5 success=True
[hybrid-rollout] ep 63 (heldout_064): steps=4 success=True
[hybrid-rollout] ep 64 (heldout_065): steps=7 success=True
[hybrid-rollout] ep 65 (heldout_066): steps=6 success=True
[hybrid-rollout] ep 66 (heldout_067): steps=5 success=True
[hybrid-rollout] ep 67 (heldout_068): steps=4 success=True
[hybrid-rollout] ep 68 (heldout_069): steps=4 success=True
[hybrid-rollout] ep 69 (heldout_070): steps=60 success=False
[hybrid-rollout] ep 70 (heldout_071): steps=5 success=True
[hybrid-rollout] ep 71 (heldout_072): steps=5 success=True
[hybrid-rollout] ep 72 (heldout_073): steps=8 success=True
[hybrid-rollout] ep 73 (heldout_074): steps=4 success=True
[hybrid-rollout] ep 74 (heldout_075): steps=5 success=True
[hybrid-rollout] ep 75 (heldout_076): steps=7 success=True
[hybrid-rollout] ep 76 (heldout_077): steps=4 success=True
[hybrid-rollout] ep 77 (heldout_078): steps=3 success=False
[hybrid-rollout] ep 78 (heldout_079): steps=4 success=True
[hybrid-rollout] ep 79 (heldout_080): steps=4 success=True
[hybrid-rollout] ep 80 (heldout_081): steps=5 success=True
[hybrid-rollout] ep 81 (heldout_082): steps=5 success=True
[hybrid-rollout] ep 82 (heldout_083): steps=4 success=True
[hybrid-rollout] ep 83 (heldout_084): steps=5 success=True
[hybrid-rollout] ep 84 (heldout_085): steps=60 success=False
[hybrid-rollout] ep 85 (heldout_086): steps=6 success=True
[hybrid-rollout] ep 86 (heldout_087): steps=5 success=True
[hybrid-rollout] ep 87 (heldout_088): steps=4 success=True
[hybrid-rollout] ep 88 (heldout_089): steps=3 success=False
[hybrid-rollout] ep 89 (heldout_090): steps=4 success=True
[hybrid-rollout] ep 90 (heldout_091): steps=5 success=True
[hybrid-rollout] ep 91 (heldout_092): steps=5 success=True
[hybrid-rollout] ep 92 (heldout_093): steps=6 success=True
[hybrid-rollout] ep 93 (heldout_094): steps=6 success=True
[hybrid-rollout] ep 94 (heldout_095): steps=7 success=True
[hybrid-rollout] ep 95 (heldout_096): steps=5 success=True
[hybrid-rollout] ep 96 (heldout_097): steps=5 success=True
[hybrid-rollout] ep 97 (heldout_098): steps=5 success=True
[hybrid-rollout] ep 98 (heldout_099): steps=60 success=False
[hybrid-rollout] ep 99 (heldout_100): steps=10 success=True
[hybrid-rollout] ep 100 (heldout_101): steps=4 success=True
[hybrid-rollout] ep 101 (heldout_102): steps=4 success=True
[hybrid-rollout] ep 102 (heldout_103): steps=4 success=True
[hybrid-rollout] ep 103 (heldout_104): steps=6 success=True
[hybrid-rollout] ep 104 (heldout_105): steps=4 success=True
[hybrid-rollout] ep 105 (heldout_106): steps=60 success=False
[hybrid-rollout] ep 106 (heldout_107): steps=4 success=True
[hybrid-rollout] ep 107 (heldout_108): steps=4 success=True
[hybrid-rollout] ep 108 (heldout_109): steps=4 success=True
[hybrid-rollout] ep 109 (heldout_110): steps=4 success=True
[hybrid-rollout] ep 110 (heldout_111): steps=5 success=False
[hybrid-rollout] ep 111 (heldout_112): steps=5 success=True
[hybrid-rollout] ep 112 (heldout_113): steps=5 success=True
[hybrid-rollout] ep 113 (heldout_114): steps=4 success=True
[hybrid-rollout] ep 114 (heldout_115): steps=4 success=True
[hybrid-rollout] ep 115 (heldout_116): steps=5 success=True
[hybrid-rollout] ep 116 (heldout_117): steps=7 success=True
[hybrid-rollout] ep 117 (heldout_118): steps=7 success=True
[hybrid-rollout] ep 118 (heldout_119): steps=4 success=True
[hybrid-rollout] ep 119 (heldout_120): steps=7 success=True
[hybrid-rollout] ep 120 (heldout_121): steps=4 success=True
[hybrid-rollout] ep 121 (heldout_122): steps=4 success=True
[hybrid-rollout] ep 122 (heldout_123): steps=6 success=True
[hybrid-rollout] ep 123 (heldout_124): steps=8 success=True
[hybrid-rollout] ep 124 (heldout_125): steps=4 success=True
[hybrid-rollout] ep 125 (heldout_126): steps=4 success=True
[hybrid-rollout] ep 126 (heldout_127): steps=60 success=False
[hybrid-rollout] ep 127 (heldout_128): steps=7 success=True
[hybrid-rollout] ep 128 (heldout_129): steps=4 success=True
[hybrid-rollout] ep 129 (heldout_130): steps=4 success=True
[hybrid-rollout] ep 130 (heldout_131): steps=1 success=False
[hybrid-rollout] ep 131 (heldout_132): steps=4 success=True
[hybrid-rollout] ep 132 (heldout_133): steps=4 success=True
[hybrid-rollout] ep 133 (heldout_134): steps=7 success=True
[hybrid-rollout] ep 134 (heldout_135): steps=6 success=True
[hybrid-rollout] ep 135 (heldout_136): steps=5 success=True
[hybrid-rollout] ep 136 (heldout_137): steps=5 success=True
[hybrid-rollout] ep 137 (heldout_138): steps=4 success=True
[hybrid-rollout] ep 138 (heldout_139): steps=4 success=True
[hybrid-rollout] ep 139 (heldout_140): steps=5 success=True
[hybrid-rollout] ep 140 (heldout_141): steps=5 success=True
[hybrid-rollout] ep 141 (heldout_142): steps=4 success=True
[hybrid-rollout] ep 142 (heldout_143): steps=6 success=True
[hybrid-rollout] ep 143 (heldout_144): steps=4 success=True
[hybrid-rollout] ep 144 (heldout_145): steps=5 success=True
[hybrid-rollout] ep 145 (heldout_146): steps=7 success=True
[hybrid-rollout] ep 146 (heldout_147): steps=4 success=True
[hybrid-rollout] ep 147 (heldout_148): steps=60 success=False
[hybrid-rollout] ep 148 (heldout_149): steps=5 success=True
[hybrid-rollout] ep 149 (heldout_150): steps=4 success=True
[hybrid-rollout] ep 150 (heldout_151): steps=5 success=True
[hybrid-rollout] ep 151 (heldout_152): steps=6 success=True
[hybrid-rollout] ep 152 (heldout_153): steps=5 success=True
[hybrid-rollout] ep 153 (heldout_154): steps=60 success=False
[hybrid-rollout] ep 154 (heldout_155): steps=6 success=True
[hybrid-rollout] ep 155 (heldout_156): steps=3 success=False
[hybrid-rollout] ep 156 (heldout_157): steps=4 success=True
[hybrid-rollout] ep 157 (heldout_158): steps=3 success=False
[hybrid-rollout] ep 158 (heldout_159): steps=6 success=True
[hybrid-rollout] ep 159 (heldout_160): steps=60 success=False
[hybrid-rollout] ep 160 (heldout_161): steps=5 success=True
[hybrid-rollout] ep 161 (heldout_162): steps=5 success=True
[hybrid-rollout] ep 162 (heldout_163): steps=4 success=True
[hybrid-rollout] ep 163 (heldout_164): steps=6 success=True
[hybrid-rollout] ep 164 (heldout_165): steps=5 success=True
[hybrid-rollout] ep 165 (heldout_166): steps=4 success=True
[hybrid-rollout] ep 166 (heldout_167): steps=60 success=False
[hybrid-rollout] ep 167 (heldout_168): steps=4 success=True
[hybrid-rollout] ep 168 (heldout_169): steps=6 success=True
[hybrid-rollout] ep 169 (heldout_170): steps=6 success=True
[hybrid-rollout] ep 170 (heldout_171): steps=4 success=True
[hybrid-rollout] ep 171 (heldout_172): steps=5 success=True
[hybrid-rollout] ep 172 (heldout_173): steps=4 success=True
[hybrid-rollout] ep 173 (heldout_174): steps=5 success=True
[hybrid-rollout] ep 174 (heldout_175): steps=4 success=False
[hybrid-rollout] ep 175 (heldout_176): steps=60 success=False
[hybrid-rollout] ep 176 (heldout_177): steps=6 success=True
[hybrid-rollout] ep 177 (heldout_178): steps=1 success=False
[hybrid-rollout] ep 178 (heldout_179): steps=5 success=True
[hybrid-rollout] ep 179 (heldout_180): steps=4 success=True
[hybrid-rollout] ep 180 (heldout_181): steps=5 success=True
[hybrid-rollout] ep 181 (heldout_182): steps=4 success=True
[hybrid-rollout] ep 182 (heldout_183): steps=5 success=True
[hybrid-rollout] ep 183 (heldout_184): steps=7 success=True
[hybrid-rollout] ep 184 (heldout_185): steps=5 success=True
[hybrid-rollout] ep 185 (heldout_186): steps=4 success=True
[hybrid-rollout] ep 186 (heldout_187): steps=5 success=True
[hybrid-rollout] ep 187 (heldout_188): steps=5 success=True
[hybrid-rollout] ep 188 (heldout_189): steps=5 success=True
[hybrid-rollout] ep 189 (heldout_190): steps=7 success=True
[hybrid-rollout] ep 190 (heldout_191): steps=4 success=True
[hybrid-rollout] ep 191 (heldout_192): steps=5 success=True
[hybrid-rollout] ep 192 (heldout_193): steps=7 success=True
[hybrid-rollout] ep 193 (heldout_194): steps=6 success=True
[hybrid-rollout] ep 194 (heldout_195): steps=5 success=True
[hybrid-rollout] ep 195 (heldout_196): steps=4 success=True
[hybrid-rollout] ep 196 (heldout_197): steps=5 success=True
[hybrid-rollout] ep 197 (heldout_198): steps=60 success=False
[hybrid-rollout] ep 198 (heldout_199): steps=4 success=True
[hybrid-rollout] ep 199 (heldout_200): steps=4 success=True
[hybrid-rollout] DONE successes=171/200
[20:19:05] [replay_p4] run 1 round 13: extras=13 heldout_sr=0.855
[20:19:05] [replay_p4] $ /home/s226137394/.conda/envs/maze/bin/python3 -u -m Equivariant_pathway.equivariant_CNN_hybrid.baseline_vs_p4.pool_x_selector.trainer.finetune_replay --demo_dir /weka/s226137394/DmNfull/Equivariant_pathway/equivariant_CNN_hybrid/baseline_vs_p4/pool_x_selector/results_hpsweep/e150_lr5e-05_rm0.7_do0.1/run_1/p4_top3_rotate/demos --checkpoint_dir /weka/s226137394/DmNfull/Equivariant_pathway/equivariant_CNN_hybrid/baseline_vs_p4/pool_x_selector/results_hpsweep/e150_lr5e-05_rm0.7_do0.1/run_1/p4_top3_rotate/checkpoints --epochs 150 --batch_size 64 --lr 5e-05 --weight_decay 0.0001 --replay_mix 0.7 --replay_mix_floor 0.2 --head_dropout 0.1 --seed 1 --resume --new_demos_dir /weka/s226137394/DmNfull/Equivariant_pathway/equivariant_CNN_hybrid/baseline_vs_p4/pool_x_selector/results_hpsweep/e150_lr5e-05_rm0.7_do0.1/run_1/p4_top3_rotate/demos/round_014
[finetune_replay] device=cuda demo_dir=/weka/s226137394/DmNfull/Equivariant_pathway/equivariant_CNN_hybrid/baseline_vs_p4/pool_x_selector/results_hpsweep/e150_lr5e-05_rm0.7_do0.1/run_1/p4_top3_rotate/demos new_demos_dir=/weka/s226137394/DmNfull/Equivariant_pathway/equivariant_CNN_hybrid/baseline_vs_p4/pool_x_selector/results_hpsweep/e150_lr5e-05_rm0.7_do0.1/run_1/p4_top3_rotate/demos/round_014
[hybrid-dataset] 33 demos -> 178 samples
[hybrid-dataset] 1 demos -> 6 samples
[finetune_replay] sampler audit: {'n_old_samples': 178, 'n_new_samples': 6, 'replay_mix_target': 0.7, 'replay_mix_effective': 0.7, 'replay_mix_floor': 0.2}
[finetune_replay] trainable params: 1,400,028
[finetune_replay] WARM START from last_hybrid_policy.pth
[finetune_replay] ep   1/150 | train loss=0.1273 top1=0.952 | val loss=0.0002 | t=0.8s  *
[finetune_replay] ep   2/150 | train loss=0.0460 top1=0.994 | val loss=0.0009 | t=0.2s
[finetune_replay] ep   3/150 | train loss=0.0116 top1=1.000 | val loss=0.0003 | t=0.1s
[finetune_replay] ep   4/150 | train loss=0.0048 top1=1.000 | val loss=0.0005 | t=0.1s
[finetune_replay] ep   5/150 | train loss=0.0019 top1=1.000 | val loss=0.0015 | t=0.1s
[finetune_replay] ep   6/150 | train loss=0.0008 top1=1.000 | val loss=0.0003 | t=0.2s
[finetune_replay] ep   7/150 | train loss=0.0009 top1=1.000 | val loss=0.0004 | t=0.1s
[finetune_replay] ep   8/150 | train loss=0.0006 top1=1.000 | val loss=0.0006 | t=0.2s
[finetune_replay] ep   9/150 | train loss=0.0005 top1=1.000 | val loss=0.0007 | t=0.1s
[finetune_replay] ep  10/150 | train loss=0.0005 top1=1.000 | val loss=0.0009 | t=0.2s
[finetune_replay] ep  11/150 | train loss=0.0006 top1=1.000 | val loss=0.0009 | t=0.1s
[finetune_replay] ep  12/150 | train loss=0.0004 top1=1.000 | val loss=0.0006 | t=0.1s
[finetune_replay] ep  13/150 | train loss=0.0003 top1=1.000 | val loss=0.0004 | t=0.2s
[finetune_replay] ep  14/150 | train loss=0.0004 top1=1.000 | val loss=0.0007 | t=0.1s
[finetune_replay] ep  15/150 | train loss=0.0004 top1=1.000 | val loss=0.0012 | t=0.1s
[finetune_replay] ep  16/150 | train loss=0.0003 top1=1.000 | val loss=0.0013 | t=0.1s
[finetune_replay] ep  17/150 | train loss=0.0004 top1=1.000 | val loss=0.0008 | t=0.1s
[finetune_replay] ep  18/150 | train loss=0.0004 top1=1.000 | val loss=0.0005 | t=0.1s
[finetune_replay] ep  19/150 | train loss=0.0003 top1=1.000 | val loss=0.0008 | t=0.1s
[finetune_replay] ep  20/150 | train loss=0.0003 top1=1.000 | val loss=0.0016 | t=0.1s
[finetune_replay] ep  21/150 | train loss=0.0003 top1=1.000 | val loss=0.0018 | t=0.1s
[finetune_replay] ep  22/150 | train loss=0.0003 top1=1.000 | val loss=0.0008 | t=0.1s
[finetune_replay] ep  23/150 | train loss=0.0003 top1=1.000 | val loss=0.0004 | t=0.1s
[finetune_replay] ep  24/150 | train loss=0.0004 top1=1.000 | val loss=0.0004 | t=0.1s
[finetune_replay] ep  25/150 | train loss=0.0002 top1=1.000 | val loss=0.0006 | t=0.1s
[finetune_replay] ep  26/150 | train loss=0.0002 top1=1.000 | val loss=0.0006 | t=0.1s
[finetune_replay] ep  27/150 | train loss=0.0004 top1=1.000 | val loss=0.0003 | t=0.1s
[finetune_replay] ep  28/150 | train loss=0.0002 top1=1.000 | val loss=0.0005 | t=0.1s
[finetune_replay] ep  29/150 | train loss=0.0001 top1=1.000 | val loss=0.0006 | t=0.1s
[finetune_replay] ep  30/150 | train loss=0.0002 top1=1.000 | val loss=0.0006 | t=0.1s
[finetune_replay] ep  31/150 | train loss=0.0002 top1=1.000 | val loss=0.0004 | t=0.1s
[finetune_replay] ep  32/150 | train loss=0.0003 top1=1.000 | val loss=0.0004 | t=0.1s
[finetune_replay] ep  33/150 | train loss=0.0002 top1=1.000 | val loss=0.0006 | t=0.1s
[finetune_replay] ep  34/150 | train loss=0.0002 top1=1.000 | val loss=0.0011 | t=0.1s
[finetune_replay] ep  35/150 | train loss=0.0002 top1=1.000 | val loss=0.0009 | t=0.1s
[finetune_replay] ep  36/150 | train loss=0.0002 top1=1.000 | val loss=0.0008 | t=0.1s
[finetune_replay] ep  37/150 | train loss=0.0001 top1=1.000 | val loss=0.0006 | t=0.1s
[finetune_replay] ep  38/150 | train loss=0.0002 top1=1.000 | val loss=0.0004 | t=0.1s
[finetune_replay] ep  39/150 | train loss=0.0002 top1=1.000 | val loss=0.0005 | t=0.1s
[finetune_replay] ep  40/150 | train loss=0.0002 top1=1.000 | val loss=0.0006 | t=0.1s
[finetune_replay] ep  41/150 | train loss=0.0002 top1=1.000 | val loss=0.0005 | t=0.1s
[finetune_replay] ep  42/150 | train loss=0.0001 top1=1.000 | val loss=0.0005 | t=0.1s
[finetune_replay] ep  43/150 | train loss=0.0003 top1=1.000 | val loss=0.0009 | t=0.1s
[finetune_replay] ep  44/150 | train loss=0.0002 top1=1.000 | val loss=0.0006 | t=0.1s
[finetune_replay] ep  45/150 | train loss=0.0003 top1=1.000 | val loss=0.0003 | t=0.1s
[finetune_replay] ep  46/150 | train loss=0.0003 top1=1.000 | val loss=0.0005 | t=0.1s
[finetune_replay] ep  47/150 | train loss=0.0001 top1=1.000 | val loss=0.0008 | t=0.1s
[finetune_replay] ep  48/150 | train loss=0.0002 top1=1.000 | val loss=0.0010 | t=0.1s
[finetune_replay] ep  49/150 | train loss=0.0002 top1=1.000 | val loss=0.0005 | t=0.1s
[finetune_replay] ep  50/150 | train loss=0.0002 top1=1.000 | val loss=0.0003 | t=0.1s
[finetune_replay] ep  51/150 | train loss=0.0001 top1=1.000 | val loss=0.0003 | t=0.1s
[finetune_replay] ep  52/150 | train loss=0.0002 top1=1.000 | val loss=0.0004 | t=0.1s
[finetune_replay] ep  53/150 | train loss=0.0001 top1=1.000 | val loss=0.0006 | t=0.1s
[finetune_replay] ep  54/150 | train loss=0.0001 top1=1.000 | val loss=0.0006 | t=0.1s
[finetune_replay] ep  55/150 | train loss=0.0001 top1=1.000 | val loss=0.0006 | t=0.1s
[finetune_replay] ep  56/150 | train loss=0.0002 top1=1.000 | val loss=0.0006 | t=0.1s
[finetune_replay] ep  57/150 | train loss=0.0001 top1=1.000 | val loss=0.0004 | t=0.1s
[finetune_replay] ep  58/150 | train loss=0.0001 top1=1.000 | val loss=0.0004 | t=0.1s
[finetune_replay] ep  59/150 | train loss=0.0001 top1=1.000 | val loss=0.0005 | t=0.1s
[finetune_replay] ep  60/150 | train loss=0.0002 top1=1.000 | val loss=0.0007 | t=0.1s
[finetune_replay] ep  61/150 | train loss=0.0001 top1=1.000 | val loss=0.0009 | t=0.1s
[finetune_replay] ep  62/150 | train loss=0.0001 top1=1.000 | val loss=0.0009 | t=0.1s
[finetune_replay] ep  63/150 | train loss=0.0001 top1=1.000 | val loss=0.0006 | t=0.1s
[finetune_replay] ep  64/150 | train loss=0.0001 top1=1.000 | val loss=0.0006 | t=0.1s
[finetune_replay] ep  65/150 | train loss=0.0001 top1=1.000 | val loss=0.0005 | t=0.1s
[finetune_replay] ep  66/150 | train loss=0.0001 top1=1.000 | val loss=0.0005 | t=0.1s
[finetune_replay] ep  67/150 | train loss=0.0001 top1=1.000 | val loss=0.0005 | t=0.1s
[finetune_replay] ep  68/150 | train loss=0.0001 top1=1.000 | val loss=0.0006 | t=0.1s
[finetune_replay] ep  69/150 | train loss=0.0001 top1=1.000 | val loss=0.0006 | t=0.1s
[finetune_replay] ep  70/150 | train loss=0.0001 top1=1.000 | val loss=0.0006 | t=0.1s
[finetune_replay] ep  71/150 | train loss=0.0001 top1=1.000 | val loss=0.0005 | t=0.1s
[finetune_replay] ep  72/150 | train loss=0.0001 top1=1.000 | val loss=0.0005 | t=0.1s
[finetune_replay] ep  73/150 | train loss=0.0001 top1=1.000 | val loss=0.0005 | t=0.1s
[finetune_replay] ep  74/150 | train loss=0.0002 top1=1.000 | val loss=0.0006 | t=0.1s
[finetune_replay] ep  75/150 | train loss=0.0001 top1=1.000 | val loss=0.0007 | t=0.1s
[finetune_replay] ep  76/150 | train loss=0.0001 top1=1.000 | val loss=0.0007 | t=0.1s
[finetune_replay] ep  77/150 | train loss=0.0001 top1=1.000 | val loss=0.0007 | t=0.1s
[finetune_replay] ep  78/150 | train loss=0.0001 top1=1.000 | val loss=0.0006 | t=0.1s
[finetune_replay] ep  79/150 | train loss=0.0002 top1=1.000 | val loss=0.0004 | t=0.1s
[finetune_replay] ep  80/150 | train loss=0.0001 top1=1.000 | val loss=0.0003 | t=0.1s
[finetune_replay] ep  81/150 | train loss=0.0001 top1=1.000 | val loss=0.0005 | t=0.1s
[finetune_replay] ep  82/150 | train loss=0.0001 top1=1.000 | val loss=0.0006 | t=0.1s
[finetune_replay] ep  83/150 | train loss=0.0001 top1=1.000 | val loss=0.0007 | t=0.1s
[finetune_replay] ep  84/150 | train loss=0.0001 top1=1.000 | val loss=0.0012 | t=0.1s
[finetune_replay] ep  85/150 | train loss=0.0001 top1=1.000 | val loss=0.0013 | t=0.1s
[finetune_replay] ep  86/150 | train loss=0.0001 top1=1.000 | val loss=0.0011 | t=0.1s
[finetune_replay] ep  87/150 | train loss=0.0001 top1=1.000 | val loss=0.0008 | t=0.1s
[finetune_replay] ep  88/150 | train loss=0.0001 top1=1.000 | val loss=0.0006 | t=0.1s
[finetune_replay] ep  89/150 | train loss=0.0001 top1=1.000 | val loss=0.0005 | t=0.1s
[finetune_replay] ep  90/150 | train loss=0.0001 top1=1.000 | val loss=0.0005 | t=0.1s
[finetune_replay] ep  91/150 | train loss=0.0001 top1=1.000 | val loss=0.0007 | t=0.1s
[finetune_replay] ep  92/150 | train loss=0.0001 top1=1.000 | val loss=0.0010 | t=0.1s
[finetune_replay] ep  93/150 | train loss=0.0001 top1=1.000 | val loss=0.0012 | t=0.1s
[finetune_replay] ep  94/150 | train loss=0.0002 top1=1.000 | val loss=0.0010 | t=0.1s
[finetune_replay] ep  95/150 | train loss=0.0001 top1=1.000 | val loss=0.0009 | t=0.1s
[finetune_replay] ep  96/150 | train loss=0.0001 top1=1.000 | val loss=0.0007 | t=0.1s
[finetune_replay] ep  97/150 | train loss=0.0001 top1=1.000 | val loss=0.0005 | t=0.1s
[finetune_replay] ep  98/150 | train loss=0.0001 top1=1.000 | val loss=0.0003 | t=0.1s
[finetune_replay] ep  99/150 | train loss=0.0001 top1=1.000 | val loss=0.0003 | t=0.1s
[finetune_replay] ep 100/150 | train loss=0.0001 top1=1.000 | val loss=0.0003 | t=0.1s
[finetune_replay] ep 101/150 | train loss=0.0001 top1=1.000 | val loss=0.0003 | t=0.1s
[finetune_replay] ep 102/150 | train loss=0.0001 top1=1.000 | val loss=0.0005 | t=0.1s
[finetune_replay] ep 103/150 | train loss=0.0001 top1=1.000 | val loss=0.0006 | t=0.1s
[finetune_replay] ep 104/150 | train loss=0.0001 top1=1.000 | val loss=0.0008 | t=0.1s
[finetune_replay] ep 105/150 | train loss=0.0001 top1=1.000 | val loss=0.0008 | t=0.1s
[finetune_replay] ep 106/150 | train loss=0.0001 top1=1.000 | val loss=0.0008 | t=0.1s
[finetune_replay] ep 107/150 | train loss=0.0001 top1=1.000 | val loss=0.0006 | t=0.1s
[finetune_replay] ep 108/150 | train loss=0.0001 top1=1.000 | val loss=0.0005 | t=0.1s
[finetune_replay] ep 109/150 | train loss=0.0001 top1=1.000 | val loss=0.0005 | t=0.1s
[finetune_replay] ep 110/150 | train loss=0.0002 top1=1.000 | val loss=0.0005 | t=0.1s
[finetune_replay] ep 111/150 | train loss=0.0001 top1=1.000 | val loss=0.0006 | t=0.1s
[finetune_replay] ep 112/150 | train loss=0.0001 top1=1.000 | val loss=0.0007 | t=0.1s
[finetune_replay] ep 113/150 | train loss=0.0001 top1=1.000 | val loss=0.0006 | t=0.1s
[finetune_replay] ep 114/150 | train loss=0.0001 top1=1.000 | val loss=0.0006 | t=0.1s
[finetune_replay] ep 115/150 | train loss=0.0001 top1=1.000 | val loss=0.0006 | t=0.1s
[finetune_replay] ep 116/150 | train loss=0.0001 top1=1.000 | val loss=0.0006 | t=0.1s
[finetune_replay] ep 117/150 | train loss=0.0001 top1=1.000 | val loss=0.0006 | t=0.1s
[finetune_replay] ep 118/150 | train loss=0.0002 top1=1.000 | val loss=0.0009 | t=0.1s
[finetune_replay] ep 119/150 | train loss=0.0003 top1=1.000 | val loss=0.0006 | t=0.1s
[finetune_replay] ep 120/150 | train loss=0.0001 top1=1.000 | val loss=0.0006 | t=0.1s
[finetune_replay] ep 121/150 | train loss=0.0002 top1=1.000 | val loss=0.0008 | t=0.1s
[finetune_replay] ep 122/150 | train loss=0.0001 top1=1.000 | val loss=0.0008 | t=0.1s
[finetune_replay] ep 123/150 | train loss=0.0001 top1=1.000 | val loss=0.0008 | t=0.1s
[finetune_replay] ep 124/150 | train loss=0.0001 top1=1.000 | val loss=0.0008 | t=0.1s
[finetune_replay] ep 125/150 | train loss=0.0001 top1=1.000 | val loss=0.0008 | t=0.1s
[finetune_replay] ep 126/150 | train loss=0.0001 top1=1.000 | val loss=0.0007 | t=0.1s
[finetune_replay] ep 127/150 | train loss=0.0001 top1=1.000 | val loss=0.0007 | t=0.1s
[finetune_replay] ep 128/150 | train loss=0.0001 top1=1.000 | val loss=0.0007 | t=0.1s
[finetune_replay] ep 129/150 | train loss=0.0001 top1=1.000 | val loss=0.0007 | t=0.1s
[finetune_replay] ep 130/150 | train loss=0.0001 top1=1.000 | val loss=0.0007 | t=0.1s
[finetune_replay] ep 131/150 | train loss=0.0001 top1=1.000 | val loss=0.0007 | t=0.1s
[finetune_replay] ep 132/150 | train loss=0.0001 top1=1.000 | val loss=0.0007 | t=0.1s
[finetune_replay] ep 133/150 | train loss=0.0001 top1=1.000 | val loss=0.0007 | t=0.1s
[finetune_replay] ep 134/150 | train loss=0.0001 top1=1.000 | val loss=0.0006 | t=0.1s
[finetune_replay] ep 135/150 | train loss=0.0001 top1=1.000 | val loss=0.0007 | t=0.1s
[finetune_replay] ep 136/150 | train loss=0.0001 top1=1.000 | val loss=0.0006 | t=0.1s
[finetune_replay] ep 137/150 | train loss=0.0001 top1=1.000 | val loss=0.0007 | t=0.1s
[finetune_replay] ep 138/150 | train loss=0.0001 top1=1.000 | val loss=0.0006 | t=0.1s
[finetune_replay] ep 139/150 | train loss=0.0001 top1=1.000 | val loss=0.0006 | t=0.1s
[finetune_replay] ep 140/150 | train loss=0.0001 top1=1.000 | val loss=0.0006 | t=0.1s
[finetune_replay] ep 141/150 | train loss=0.0001 top1=1.000 | val loss=0.0006 | t=0.1s
[finetune_replay] ep 142/150 | train loss=0.0002 top1=1.000 | val loss=0.0006 | t=0.1s
[finetune_replay] ep 143/150 | train loss=0.0001 top1=1.000 | val loss=0.0006 | t=0.1s
[finetune_replay] ep 144/150 | train loss=0.0001 top1=1.000 | val loss=0.0006 | t=0.1s
[finetune_replay] ep 145/150 | train loss=0.0001 top1=1.000 | val loss=0.0006 | t=0.1s
[finetune_replay] ep 146/150 | train loss=0.0001 top1=1.000 | val loss=0.0006 | t=0.1s
[finetune_replay] ep 147/150 | train loss=0.0001 top1=1.000 | val loss=0.0006 | t=0.1s
[finetune_replay] ep 148/150 | train loss=0.0001 top1=1.000 | val loss=0.0006 | t=0.1s
[finetune_replay] ep 149/150 | train loss=0.0001 top1=1.000 | val loss=0.0006 | t=0.1s
[finetune_replay] ep 150/150 | train loss=0.0001 top1=1.000 | val loss=0.0006 | t=0.1s
[finetune_replay] DONE best_val_loss=0.0002 @ epoch 1
[20:19:40] [bo-budget] $ /home/s226137394/.conda/envs/maze/bin/python3 -u -m Equivariant_pathway.equivariant_CNN_hybrid.rollout_test --checkpoint /weka/s226137394/DmNfull/Equivariant_pathway/equivariant_CNN_hybrid/baseline_vs_p4/pool_x_selector/results_hpsweep/e150_lr5e-05_rm0.7_do0.1/run_1/p4_top3_rotate/checkpoints/best_hybrid_policy.pth --layouts /weka/s226137394/DmNfull/Equivariant_pathway/equivariant_CNN_hybrid/baseline_vs_p4/shared/heldout_layouts.yaml --out_dir /weka/s226137394/DmNfull/Equivariant_pathway/equivariant_CNN_hybrid/baseline_vs_p4/pool_x_selector/results_hpsweep/e150_lr5e-05_rm0.7_do0.1/run_1/p4_top3_rotate/results/eval_round_014 --seed 15 --max_steps 60
[hybrid-rollout] 200 unique; running 200 eps
[hybrid-rollout] loaded /weka/s226137394/DmNfull/Equivariant_pathway/equivariant_CNN_hybrid/baseline_vs_p4/pool_x_selector/results_hpsweep/e150_lr5e-05_rm0.7_do0.1/run_1/p4_top3_rotate/checkpoints/best_hybrid_policy.pth
[hybrid-rollout] ep 0 (heldout_001): steps=5 success=True
[hybrid-rollout] ep 1 (heldout_002): steps=4 success=True
[hybrid-rollout] ep 2 (heldout_003): steps=4 success=True
[hybrid-rollout] ep 3 (heldout_004): steps=8 success=True
[hybrid-rollout] ep 4 (heldout_005): steps=5 success=True
[hybrid-rollout] ep 5 (heldout_006): steps=3 success=False
[hybrid-rollout] ep 6 (heldout_007): steps=5 success=True
[hybrid-rollout] ep 7 (heldout_008): steps=4 success=True
[hybrid-rollout] ep 8 (heldout_009): steps=6 success=True
[hybrid-rollout] ep 9 (heldout_010): steps=60 success=False
[hybrid-rollout] ep 10 (heldout_011): steps=4 success=True
[hybrid-rollout] ep 11 (heldout_012): steps=4 success=True
[hybrid-rollout] ep 12 (heldout_013): steps=5 success=True
[hybrid-rollout] ep 13 (heldout_014): steps=5 success=True
[hybrid-rollout] ep 14 (heldout_015): steps=4 success=True
[hybrid-rollout] ep 15 (heldout_016): steps=5 success=True
[hybrid-rollout] ep 16 (heldout_017): steps=4 success=True
[hybrid-rollout] ep 17 (heldout_018): steps=2 success=False
[hybrid-rollout] ep 18 (heldout_019): steps=5 success=True
[hybrid-rollout] ep 19 (heldout_020): steps=5 success=True
[hybrid-rollout] ep 20 (heldout_021): steps=4 success=True
[hybrid-rollout] ep 21 (heldout_022): steps=4 success=True
[hybrid-rollout] ep 22 (heldout_023): steps=7 success=True
[hybrid-rollout] ep 23 (heldout_024): steps=60 success=False
[hybrid-rollout] ep 24 (heldout_025): steps=4 success=True
[hybrid-rollout] ep 25 (heldout_026): steps=4 success=True
[hybrid-rollout] ep 26 (heldout_027): steps=4 success=True
[hybrid-rollout] ep 27 (heldout_028): steps=4 success=True
[hybrid-rollout] ep 28 (heldout_029): steps=60 success=False
[hybrid-rollout] ep 29 (heldout_030): steps=60 success=False
[hybrid-rollout] ep 30 (heldout_031): steps=5 success=True
[hybrid-rollout] ep 31 (heldout_032): steps=5 success=True
[hybrid-rollout] ep 32 (heldout_033): steps=4 success=True
[hybrid-rollout] ep 33 (heldout_034): steps=5 success=True
[hybrid-rollout] ep 34 (heldout_035): steps=60 success=False
[hybrid-rollout] ep 35 (heldout_036): steps=5 success=True
[hybrid-rollout] ep 36 (heldout_037): steps=4 success=True
[hybrid-rollout] ep 37 (heldout_038): steps=5 success=True
[hybrid-rollout] ep 38 (heldout_039): steps=6 success=True
[hybrid-rollout] ep 39 (heldout_040): steps=5 success=True
[hybrid-rollout] ep 40 (heldout_041): steps=60 success=False
[hybrid-rollout] ep 41 (heldout_042): steps=4 success=True
[hybrid-rollout] ep 42 (heldout_043): steps=4 success=True
[hybrid-rollout] ep 43 (heldout_044): steps=5 success=True
[hybrid-rollout] ep 44 (heldout_045): steps=5 success=True
[hybrid-rollout] ep 45 (heldout_046): steps=4 success=True
[hybrid-rollout] ep 46 (heldout_047): steps=3 success=False
[hybrid-rollout] ep 47 (heldout_048): steps=6 success=True
[hybrid-rollout] ep 48 (heldout_049): steps=60 success=False
[hybrid-rollout] ep 49 (heldout_050): steps=4 success=True
[hybrid-rollout] ep 50 (heldout_051): steps=4 success=True
[hybrid-rollout] ep 51 (heldout_052): steps=4 success=True
[hybrid-rollout] ep 52 (heldout_053): steps=6 success=True
[hybrid-rollout] ep 53 (heldout_054): steps=4 success=True
[hybrid-rollout] ep 54 (heldout_055): steps=60 success=False
[hybrid-rollout] ep 55 (heldout_056): steps=4 success=True
[hybrid-rollout] ep 56 (heldout_057): steps=4 success=True
[hybrid-rollout] ep 57 (heldout_058): steps=4 success=True
[hybrid-rollout] ep 58 (heldout_059): steps=5 success=True
[hybrid-rollout] ep 59 (heldout_060): steps=6 success=True
[hybrid-rollout] ep 60 (heldout_061): steps=5 success=True
[hybrid-rollout] ep 61 (heldout_062): steps=6 success=True
[hybrid-rollout] ep 62 (heldout_063): steps=5 success=True
[hybrid-rollout] ep 63 (heldout_064): steps=4 success=True
[hybrid-rollout] ep 64 (heldout_065): steps=7 success=True
[hybrid-rollout] ep 65 (heldout_066): steps=6 success=True
[hybrid-rollout] ep 66 (heldout_067): steps=5 success=True
[hybrid-rollout] ep 67 (heldout_068): steps=4 success=True
[hybrid-rollout] ep 68 (heldout_069): steps=4 success=True
[hybrid-rollout] ep 69 (heldout_070): steps=60 success=False
[hybrid-rollout] ep 70 (heldout_071): steps=5 success=True
[hybrid-rollout] ep 71 (heldout_072): steps=5 success=True
[hybrid-rollout] ep 72 (heldout_073): steps=60 success=False
[hybrid-rollout] ep 73 (heldout_074): steps=4 success=True
[hybrid-rollout] ep 74 (heldout_075): steps=5 success=True
[hybrid-rollout] ep 75 (heldout_076): steps=60 success=False
[hybrid-rollout] ep 76 (heldout_077): steps=4 success=True
[hybrid-rollout] ep 77 (heldout_078): steps=6 success=True
[hybrid-rollout] ep 78 (heldout_079): steps=4 success=True
[hybrid-rollout] ep 79 (heldout_080): steps=4 success=True
[hybrid-rollout] ep 80 (heldout_081): steps=5 success=True
[hybrid-rollout] ep 81 (heldout_082): steps=5 success=True
[hybrid-rollout] ep 82 (heldout_083): steps=6 success=True
[hybrid-rollout] ep 83 (heldout_084): steps=5 success=True
[hybrid-rollout] ep 84 (heldout_085): steps=60 success=False
[hybrid-rollout] ep 85 (heldout_086): steps=6 success=True
[hybrid-rollout] ep 86 (heldout_087): steps=5 success=True
[hybrid-rollout] ep 87 (heldout_088): steps=4 success=True
[hybrid-rollout] ep 88 (heldout_089): steps=60 success=False
[hybrid-rollout] ep 89 (heldout_090): steps=4 success=True
[hybrid-rollout] ep 90 (heldout_091): steps=4 success=False
[hybrid-rollout] ep 91 (heldout_092): steps=5 success=True
[hybrid-rollout] ep 92 (heldout_093): steps=6 success=True
[hybrid-rollout] ep 93 (heldout_094): steps=6 success=True
[hybrid-rollout] ep 94 (heldout_095): steps=7 success=True
[hybrid-rollout] ep 95 (heldout_096): steps=5 success=True
[hybrid-rollout] ep 96 (heldout_097): steps=5 success=True
[hybrid-rollout] ep 97 (heldout_098): steps=5 success=True
[hybrid-rollout] ep 98 (heldout_099): steps=60 success=False
[hybrid-rollout] ep 99 (heldout_100): steps=10 success=True
[hybrid-rollout] ep 100 (heldout_101): steps=4 success=True
[hybrid-rollout] ep 101 (heldout_102): steps=4 success=True
[hybrid-rollout] ep 102 (heldout_103): steps=4 success=True
[hybrid-rollout] ep 103 (heldout_104): steps=6 success=True
[hybrid-rollout] ep 104 (heldout_105): steps=4 success=True
[hybrid-rollout] ep 105 (heldout_106): steps=60 success=False
[hybrid-rollout] ep 106 (heldout_107): steps=4 success=True
[hybrid-rollout] ep 107 (heldout_108): steps=4 success=True
[hybrid-rollout] ep 108 (heldout_109): steps=4 success=True
[hybrid-rollout] ep 109 (heldout_110): steps=4 success=True
[hybrid-rollout] ep 110 (heldout_111): steps=5 success=False
[hybrid-rollout] ep 111 (heldout_112): steps=5 success=True
[hybrid-rollout] ep 112 (heldout_113): steps=5 success=True
[hybrid-rollout] ep 113 (heldout_114): steps=60 success=False
[hybrid-rollout] ep 114 (heldout_115): steps=4 success=True
[hybrid-rollout] ep 115 (heldout_116): steps=5 success=True
[hybrid-rollout] ep 116 (heldout_117): steps=7 success=True
[hybrid-rollout] ep 117 (heldout_118): steps=7 success=True
[hybrid-rollout] ep 118 (heldout_119): steps=4 success=True
[hybrid-rollout] ep 119 (heldout_120): steps=7 success=True
[hybrid-rollout] ep 120 (heldout_121): steps=4 success=True
[hybrid-rollout] ep 121 (heldout_122): steps=4 success=True
[hybrid-rollout] ep 122 (heldout_123): steps=60 success=False
[hybrid-rollout] ep 123 (heldout_124): steps=8 success=True
[hybrid-rollout] ep 124 (heldout_125): steps=4 success=True
[hybrid-rollout] ep 125 (heldout_126): steps=4 success=True
[hybrid-rollout] ep 126 (heldout_127): steps=60 success=False
[hybrid-rollout] ep 127 (heldout_128): steps=7 success=True
[hybrid-rollout] ep 128 (heldout_129): steps=4 success=True
[hybrid-rollout] ep 129 (heldout_130): steps=4 success=True
[hybrid-rollout] ep 130 (heldout_131): steps=1 success=False
[hybrid-rollout] ep 131 (heldout_132): steps=4 success=True
[hybrid-rollout] ep 132 (heldout_133): steps=4 success=True
[hybrid-rollout] ep 133 (heldout_134): steps=7 success=True
[hybrid-rollout] ep 134 (heldout_135): steps=6 success=True
[hybrid-rollout] ep 135 (heldout_136): steps=5 success=True
[hybrid-rollout] ep 136 (heldout_137): steps=5 success=True
[hybrid-rollout] ep 137 (heldout_138): steps=4 success=True
[hybrid-rollout] ep 138 (heldout_139): steps=4 success=True
[hybrid-rollout] ep 139 (heldout_140): steps=5 success=True
[hybrid-rollout] ep 140 (heldout_141): steps=5 success=True
[hybrid-rollout] ep 141 (heldout_142): steps=4 success=True
[hybrid-rollout] ep 142 (heldout_143): steps=6 success=True
[hybrid-rollout] ep 143 (heldout_144): steps=4 success=True
[hybrid-rollout] ep 144 (heldout_145): steps=5 success=True
[hybrid-rollout] ep 145 (heldout_146): steps=60 success=False
[hybrid-rollout] ep 146 (heldout_147): steps=4 success=True
[hybrid-rollout] ep 147 (heldout_148): steps=60 success=False
[hybrid-rollout] ep 148 (heldout_149): steps=5 success=True
[hybrid-rollout] ep 149 (heldout_150): steps=4 success=True
[hybrid-rollout] ep 150 (heldout_151): steps=5 success=True
[hybrid-rollout] ep 151 (heldout_152): steps=6 success=True
[hybrid-rollout] ep 152 (heldout_153): steps=5 success=True
[hybrid-rollout] ep 153 (heldout_154): steps=60 success=False
[hybrid-rollout] ep 154 (heldout_155): steps=60 success=False
[hybrid-rollout] ep 155 (heldout_156): steps=4 success=False
[hybrid-rollout] ep 156 (heldout_157): steps=4 success=True
[hybrid-rollout] ep 157 (heldout_158): steps=3 success=False
[hybrid-rollout] ep 158 (heldout_159): steps=6 success=True
[hybrid-rollout] ep 159 (heldout_160): steps=60 success=False
[hybrid-rollout] ep 160 (heldout_161): steps=5 success=True
[hybrid-rollout] ep 161 (heldout_162): steps=5 success=True
[hybrid-rollout] ep 162 (heldout_163): steps=4 success=True
[hybrid-rollout] ep 163 (heldout_164): steps=4 success=True
[hybrid-rollout] ep 164 (heldout_165): steps=5 success=True
[hybrid-rollout] ep 165 (heldout_166): steps=4 success=True
[hybrid-rollout] ep 166 (heldout_167): steps=60 success=False
[hybrid-rollout] ep 167 (heldout_168): steps=4 success=True
[hybrid-rollout] ep 168 (heldout_169): steps=6 success=True
[hybrid-rollout] ep 169 (heldout_170): steps=6 success=True
[hybrid-rollout] ep 170 (heldout_171): steps=4 success=True
[hybrid-rollout] ep 171 (heldout_172): steps=5 success=True
[hybrid-rollout] ep 172 (heldout_173): steps=4 success=True
[hybrid-rollout] ep 173 (heldout_174): steps=5 success=True
[hybrid-rollout] ep 174 (heldout_175): steps=4 success=False
[hybrid-rollout] ep 175 (heldout_176): steps=6 success=True
[hybrid-rollout] ep 176 (heldout_177): steps=6 success=True
[hybrid-rollout] ep 177 (heldout_178): steps=1 success=False
[hybrid-rollout] ep 178 (heldout_179): steps=5 success=True
[hybrid-rollout] ep 179 (heldout_180): steps=4 success=True
[hybrid-rollout] ep 180 (heldout_181): steps=5 success=True
[hybrid-rollout] ep 181 (heldout_182): steps=4 success=True
[hybrid-rollout] ep 182 (heldout_183): steps=5 success=True
[hybrid-rollout] ep 183 (heldout_184): steps=7 success=True
[hybrid-rollout] ep 184 (heldout_185): steps=5 success=True
[hybrid-rollout] ep 185 (heldout_186): steps=4 success=True
[hybrid-rollout] ep 186 (heldout_187): steps=5 success=True
[hybrid-rollout] ep 187 (heldout_188): steps=5 success=True
[hybrid-rollout] ep 188 (heldout_189): steps=60 success=False
[hybrid-rollout] ep 189 (heldout_190): steps=7 success=True
[hybrid-rollout] ep 190 (heldout_191): steps=4 success=True
[hybrid-rollout] ep 191 (heldout_192): steps=5 success=True
[hybrid-rollout] ep 192 (heldout_193): steps=7 success=True
[hybrid-rollout] ep 193 (heldout_194): steps=6 success=True
[hybrid-rollout] ep 194 (heldout_195): steps=5 success=True
[hybrid-rollout] ep 195 (heldout_196): steps=4 success=True
[hybrid-rollout] ep 196 (heldout_197): steps=5 success=True
[hybrid-rollout] ep 197 (heldout_198): steps=60 success=False
[hybrid-rollout] ep 198 (heldout_199): steps=4 success=True
[hybrid-rollout] ep 199 (heldout_200): steps=4 success=True
[hybrid-rollout] DONE successes=164/200
[20:20:50] [replay_p4] run 1 round 14: extras=14 heldout_sr=0.820
[20:20:50] [replay_p4] $ /home/s226137394/.conda/envs/maze/bin/python3 -u -m Equivariant_pathway.equivariant_CNN_hybrid.baseline_vs_p4.pool_x_selector.trainer.finetune_replay --demo_dir /weka/s226137394/DmNfull/Equivariant_pathway/equivariant_CNN_hybrid/baseline_vs_p4/pool_x_selector/results_hpsweep/e150_lr5e-05_rm0.7_do0.1/run_1/p4_top3_rotate/demos --checkpoint_dir /weka/s226137394/DmNfull/Equivariant_pathway/equivariant_CNN_hybrid/baseline_vs_p4/pool_x_selector/results_hpsweep/e150_lr5e-05_rm0.7_do0.1/run_1/p4_top3_rotate/checkpoints --epochs 150 --batch_size 64 --lr 5e-05 --weight_decay 0.0001 --replay_mix 0.7 --replay_mix_floor 0.2 --head_dropout 0.1 --seed 1 --resume --new_demos_dir /weka/s226137394/DmNfull/Equivariant_pathway/equivariant_CNN_hybrid/baseline_vs_p4/pool_x_selector/results_hpsweep/e150_lr5e-05_rm0.7_do0.1/run_1/p4_top3_rotate/demos/round_015
[finetune_replay] device=cuda demo_dir=/weka/s226137394/DmNfull/Equivariant_pathway/equivariant_CNN_hybrid/baseline_vs_p4/pool_x_selector/results_hpsweep/e150_lr5e-05_rm0.7_do0.1/run_1/p4_top3_rotate/demos new_demos_dir=/weka/s226137394/DmNfull/Equivariant_pathway/equivariant_CNN_hybrid/baseline_vs_p4/pool_x_selector/results_hpsweep/e150_lr5e-05_rm0.7_do0.1/run_1/p4_top3_rotate/demos/round_015
[hybrid-dataset] 34 demos -> 184 samples
[hybrid-dataset] 1 demos -> 4 samples
[finetune_replay] sampler audit: {'n_old_samples': 184, 'n_new_samples': 4, 'replay_mix_target': 0.7, 'replay_mix_effective': 0.7, 'replay_mix_floor': 0.2}
[finetune_replay] trainable params: 1,400,028
[finetune_replay] WARM START from last_hybrid_policy.pth
[finetune_replay] ep   1/150 | train loss=0.0950 top1=1.000 | val loss=0.0062 | t=0.9s  *
[finetune_replay] ep   2/150 | train loss=0.0082 top1=1.000 | val loss=0.0025 | t=0.2s  *
[finetune_replay] ep   3/150 | train loss=0.0034 top1=1.000 | val loss=0.0054 | t=0.2s
[finetune_replay] ep   4/150 | train loss=0.0016 top1=1.000 | val loss=0.0250 | t=0.2s
[finetune_replay] ep   5/150 | train loss=0.0011 top1=1.000 | val loss=0.0077 | t=0.1s
[finetune_replay] ep   6/150 | train loss=0.0009 top1=1.000 | val loss=0.0058 | t=0.1s
[finetune_replay] ep   7/150 | train loss=0.0004 top1=1.000 | val loss=0.0052 | t=0.2s
[finetune_replay] ep   8/150 | train loss=0.0006 top1=1.000 | val loss=0.0027 | t=0.1s
[finetune_replay] ep   9/150 | train loss=0.0003 top1=1.000 | val loss=0.0018 | t=0.1s  *
[finetune_replay] ep  10/150 | train loss=0.0004 top1=1.000 | val loss=0.0016 | t=0.1s  *
[finetune_replay] ep  11/150 | train loss=0.0003 top1=1.000 | val loss=0.0017 | t=0.1s
[finetune_replay] ep  12/150 | train loss=0.0002 top1=1.000 | val loss=0.0022 | t=0.1s
[finetune_replay] ep  13/150 | train loss=0.0002 top1=1.000 | val loss=0.0026 | t=0.1s
[finetune_replay] ep  14/150 | train loss=0.0003 top1=1.000 | val loss=0.0033 | t=0.1s
[finetune_replay] ep  15/150 | train loss=0.0001 top1=1.000 | val loss=0.0027 | t=0.1s
[finetune_replay] ep  16/150 | train loss=0.0002 top1=1.000 | val loss=0.0024 | t=0.1s
[finetune_replay] ep  17/150 | train loss=0.0002 top1=1.000 | val loss=0.0022 | t=0.1s
[finetune_replay] ep  18/150 | train loss=0.0002 top1=1.000 | val loss=0.0019 | t=0.1s
[finetune_replay] ep  19/150 | train loss=0.0002 top1=1.000 | val loss=0.0016 | t=0.1s
[finetune_replay] ep  20/150 | train loss=0.0001 top1=1.000 | val loss=0.0015 | t=0.1s  *
[finetune_replay] ep  21/150 | train loss=0.0002 top1=1.000 | val loss=0.0015 | t=0.1s
[finetune_replay] ep  22/150 | train loss=0.0002 top1=1.000 | val loss=0.0012 | t=0.1s  *
[finetune_replay] ep  23/150 | train loss=0.0001 top1=1.000 | val loss=0.0011 | t=0.1s  *
[finetune_replay] ep  24/150 | train loss=0.0004 top1=1.000 | val loss=0.0034 | t=0.1s
[finetune_replay] ep  25/150 | train loss=0.0002 top1=1.000 | val loss=0.0027 | t=0.1s
[finetune_replay] ep  26/150 | train loss=0.0001 top1=1.000 | val loss=0.0015 | t=0.1s
[finetune_replay] ep  27/150 | train loss=0.0001 top1=1.000 | val loss=0.0010 | t=0.1s  *
[finetune_replay] ep  28/150 | train loss=0.0001 top1=1.000 | val loss=0.0008 | t=0.1s  *
[finetune_replay] ep  29/150 | train loss=0.0002 top1=1.000 | val loss=0.0010 | t=0.1s
[finetune_replay] ep  30/150 | train loss=0.0001 top1=1.000 | val loss=0.0011 | t=0.1s
[finetune_replay] ep  31/150 | train loss=0.0001 top1=1.000 | val loss=0.0012 | t=0.1s
[finetune_replay] ep  32/150 | train loss=0.0001 top1=1.000 | val loss=0.0011 | t=0.1s
[finetune_replay] ep  33/150 | train loss=0.0001 top1=1.000 | val loss=0.0010 | t=0.1s
[finetune_replay] ep  34/150 | train loss=0.0001 top1=1.000 | val loss=0.0013 | t=0.1s
[finetune_replay] ep  35/150 | train loss=0.0001 top1=1.000 | val loss=0.0014 | t=0.1s
[finetune_replay] ep  36/150 | train loss=0.0001 top1=1.000 | val loss=0.0014 | t=0.1s
[finetune_replay] ep  37/150 | train loss=0.0001 top1=1.000 | val loss=0.0014 | t=0.1s
[finetune_replay] ep  38/150 | train loss=0.0002 top1=1.000 | val loss=0.0014 | t=0.1s
[finetune_replay] ep  39/150 | train loss=0.0001 top1=1.000 | val loss=0.0012 | t=0.1s
[finetune_replay] ep  40/150 | train loss=0.0001 top1=1.000 | val loss=0.0013 | t=0.1s
[finetune_replay] ep  41/150 | train loss=0.0001 top1=1.000 | val loss=0.0013 | t=0.1s
[finetune_replay] ep  42/150 | train loss=0.0001 top1=1.000 | val loss=0.0014 | t=0.1s
[finetune_replay] ep  43/150 | train loss=0.0001 top1=1.000 | val loss=0.0015 | t=0.1s
[finetune_replay] ep  44/150 | train loss=0.0001 top1=1.000 | val loss=0.0015 | t=0.1s
[finetune_replay] ep  45/150 | train loss=0.0001 top1=1.000 | val loss=0.0010 | t=0.1s
[finetune_replay] ep  46/150 | train loss=0.0001 top1=1.000 | val loss=0.0008 | t=0.1s
[finetune_replay] ep  47/150 | train loss=0.0001 top1=1.000 | val loss=0.0007 | t=0.1s  *
[finetune_replay] ep  48/150 | train loss=0.0001 top1=1.000 | val loss=0.0009 | t=0.1s
[finetune_replay] ep  49/150 | train loss=0.0001 top1=1.000 | val loss=0.0010 | t=0.1s
[finetune_replay] ep  50/150 | train loss=0.0001 top1=1.000 | val loss=0.0011 | t=0.1s
[finetune_replay] ep  51/150 | train loss=0.0001 top1=1.000 | val loss=0.0013 | t=0.1s
[finetune_replay] ep  52/150 | train loss=0.0001 top1=1.000 | val loss=0.0013 | t=0.1s
[finetune_replay] ep  53/150 | train loss=0.0001 top1=1.000 | val loss=0.0013 | t=0.1s
[finetune_replay] ep  54/150 | train loss=0.0001 top1=1.000 | val loss=0.0013 | t=0.1s
[finetune_replay] ep  55/150 | train loss=0.0001 top1=1.000 | val loss=0.0010 | t=0.1s
[finetune_replay] ep  56/150 | train loss=0.0002 top1=1.000 | val loss=0.0007 | t=0.1s  *
[finetune_replay] ep  57/150 | train loss=0.0001 top1=1.000 | val loss=0.0007 | t=0.1s  *
[finetune_replay] ep  58/150 | train loss=0.0001 top1=1.000 | val loss=0.0008 | t=0.1s
[finetune_replay] ep  59/150 | train loss=0.0002 top1=1.000 | val loss=0.0012 | t=0.1s
[finetune_replay] ep  60/150 | train loss=0.0001 top1=1.000 | val loss=0.0013 | t=0.1s
[finetune_replay] ep  61/150 | train loss=0.0001 top1=1.000 | val loss=0.0013 | t=0.1s
[finetune_replay] ep  62/150 | train loss=0.0001 top1=1.000 | val loss=0.0015 | t=0.1s
[finetune_replay] ep  63/150 | train loss=0.0001 top1=1.000 | val loss=0.0012 | t=0.1s
[finetune_replay] ep  64/150 | train loss=0.0001 top1=1.000 | val loss=0.0008 | t=0.1s
[finetune_replay] ep  65/150 | train loss=0.0001 top1=1.000 | val loss=0.0009 | t=0.1s
[finetune_replay] ep  66/150 | train loss=0.0001 top1=1.000 | val loss=0.0009 | t=0.1s
[finetune_replay] ep  67/150 | train loss=0.0001 top1=1.000 | val loss=0.0008 | t=0.2s
[finetune_replay] ep  68/150 | train loss=0.0001 top1=1.000 | val loss=0.0007 | t=0.1s
[finetune_replay] ep  69/150 | train loss=0.0001 top1=1.000 | val loss=0.0008 | t=0.1s
[finetune_replay] ep  70/150 | train loss=0.0001 top1=1.000 | val loss=0.0008 | t=0.1s
[finetune_replay] ep  71/150 | train loss=0.0001 top1=1.000 | val loss=0.0008 | t=0.1s
[finetune_replay] ep  72/150 | train loss=0.0001 top1=1.000 | val loss=0.0011 | t=0.1s
[finetune_replay] ep  73/150 | train loss=0.0001 top1=1.000 | val loss=0.0013 | t=0.1s
[finetune_replay] ep  74/150 | train loss=0.0001 top1=1.000 | val loss=0.0014 | t=0.1s
[finetune_replay] ep  75/150 | train loss=0.0001 top1=1.000 | val loss=0.0011 | t=0.1s
[finetune_replay] ep  76/150 | train loss=0.0001 top1=1.000 | val loss=0.0008 | t=0.1s
[finetune_replay] ep  77/150 | train loss=0.0001 top1=1.000 | val loss=0.0007 | t=0.1s
[finetune_replay] ep  78/150 | train loss=0.0000 top1=1.000 | val loss=0.0007 | t=0.1s
[finetune_replay] ep  79/150 | train loss=0.0000 top1=1.000 | val loss=0.0007 | t=0.1s
[finetune_replay] ep  80/150 | train loss=0.0001 top1=1.000 | val loss=0.0007 | t=0.1s
[finetune_replay] ep  81/150 | train loss=0.0001 top1=1.000 | val loss=0.0007 | t=0.1s
[finetune_replay] ep  82/150 | train loss=0.0001 top1=1.000 | val loss=0.0007 | t=0.1s
[finetune_replay] ep  83/150 | train loss=0.0001 top1=1.000 | val loss=0.0008 | t=0.1s
[finetune_replay] ep  84/150 | train loss=0.0001 top1=1.000 | val loss=0.0008 | t=0.1s
[finetune_replay] ep  85/150 | train loss=0.0001 top1=1.000 | val loss=0.0009 | t=0.1s
[finetune_replay] ep  86/150 | train loss=0.0001 top1=1.000 | val loss=0.0012 | t=0.1s
[finetune_replay] ep  87/150 | train loss=0.0001 top1=1.000 | val loss=0.0015 | t=0.1s
[finetune_replay] ep  88/150 | train loss=0.0001 top1=1.000 | val loss=0.0008 | t=0.1s
[finetune_replay] ep  89/150 | train loss=0.0001 top1=1.000 | val loss=0.0007 | t=0.1s
[finetune_replay] ep  90/150 | train loss=0.0002 top1=1.000 | val loss=0.0006 | t=0.1s  *
[finetune_replay] ep  91/150 | train loss=0.0001 top1=1.000 | val loss=0.0007 | t=0.1s
[finetune_replay] ep  92/150 | train loss=0.0001 top1=1.000 | val loss=0.0008 | t=0.1s
[finetune_replay] ep  93/150 | train loss=0.0001 top1=1.000 | val loss=0.0007 | t=0.1s
[finetune_replay] ep  94/150 | train loss=0.0001 top1=1.000 | val loss=0.0006 | t=0.1s
[finetune_replay] ep  95/150 | train loss=0.0001 top1=1.000 | val loss=0.0007 | t=0.1s
[finetune_replay] ep  96/150 | train loss=0.0001 top1=1.000 | val loss=0.0009 | t=0.1s
[finetune_replay] ep  97/150 | train loss=0.0001 top1=1.000 | val loss=0.0008 | t=0.1s
[finetune_replay] ep  98/150 | train loss=0.0001 top1=1.000 | val loss=0.0009 | t=0.1s
[finetune_replay] ep  99/150 | train loss=0.0001 top1=1.000 | val loss=0.0008 | t=0.1s
[finetune_replay] ep 100/150 | train loss=0.0001 top1=1.000 | val loss=0.0008 | t=0.1s
[finetune_replay] ep 101/150 | train loss=0.0001 top1=1.000 | val loss=0.0011 | t=0.1s
[finetune_replay] ep 102/150 | train loss=0.0001 top1=1.000 | val loss=0.0010 | t=0.1s
[finetune_replay] ep 103/150 | train loss=0.0001 top1=1.000 | val loss=0.0010 | t=0.1s
[finetune_replay] ep 104/150 | train loss=0.0001 top1=1.000 | val loss=0.0008 | t=0.1s
[finetune_replay] ep 105/150 | train loss=0.0001 top1=1.000 | val loss=0.0008 | t=0.1s
[finetune_replay] ep 106/150 | train loss=0.0001 top1=1.000 | val loss=0.0007 | t=0.1s
[finetune_replay] ep 107/150 | train loss=0.0001 top1=1.000 | val loss=0.0006 | t=0.1s  *
[finetune_replay] ep 108/150 | train loss=0.0001 top1=1.000 | val loss=0.0007 | t=0.1s
[finetune_replay] ep 109/150 | train loss=0.0001 top1=1.000 | val loss=0.0006 | t=0.1s  *
[finetune_replay] ep 110/150 | train loss=0.0001 top1=1.000 | val loss=0.0006 | t=0.1s
[finetune_replay] ep 111/150 | train loss=0.0001 top1=1.000 | val loss=0.0006 | t=0.1s
[finetune_replay] ep 112/150 | train loss=0.0001 top1=1.000 | val loss=0.0006 | t=0.1s
[finetune_replay] ep 113/150 | train loss=0.0001 top1=1.000 | val loss=0.0007 | t=0.1s
[finetune_replay] ep 114/150 | train loss=0.0001 top1=1.000 | val loss=0.0007 | t=0.1s
[finetune_replay] ep 115/150 | train loss=0.0001 top1=1.000 | val loss=0.0008 | t=0.1s
[finetune_replay] ep 116/150 | train loss=0.0001 top1=1.000 | val loss=0.0007 | t=0.1s
[finetune_replay] ep 117/150 | train loss=0.0001 top1=1.000 | val loss=0.0008 | t=0.1s
[finetune_replay] ep 118/150 | train loss=0.0001 top1=1.000 | val loss=0.0007 | t=0.1s
[finetune_replay] ep 119/150 | train loss=0.0001 top1=1.000 | val loss=0.0007 | t=0.1s
[finetune_replay] ep 120/150 | train loss=0.0001 top1=1.000 | val loss=0.0007 | t=0.1s
[finetune_replay] ep 121/150 | train loss=0.0001 top1=1.000 | val loss=0.0007 | t=0.1s
[finetune_replay] ep 122/150 | train loss=0.0001 top1=1.000 | val loss=0.0008 | t=0.1s
[finetune_replay] ep 123/150 | train loss=0.0001 top1=1.000 | val loss=0.0008 | t=0.1s
[finetune_replay] ep 124/150 | train loss=0.0001 top1=1.000 | val loss=0.0008 | t=0.1s
[finetune_replay] ep 125/150 | train loss=0.0001 top1=1.000 | val loss=0.0007 | t=0.1s
[finetune_replay] ep 126/150 | train loss=0.0001 top1=1.000 | val loss=0.0008 | t=0.1s
[finetune_replay] ep 127/150 | train loss=0.0001 top1=1.000 | val loss=0.0008 | t=0.1s
[finetune_replay] ep 128/150 | train loss=0.0001 top1=1.000 | val loss=0.0008 | t=0.1s
[finetune_replay] ep 129/150 | train loss=0.0001 top1=1.000 | val loss=0.0009 | t=0.1s
[finetune_replay] ep 130/150 | train loss=0.0001 top1=1.000 | val loss=0.0008 | t=0.1s
[finetune_replay] ep 131/150 | train loss=0.0001 top1=1.000 | val loss=0.0008 | t=0.1s
[finetune_replay] ep 132/150 | train loss=0.0001 top1=1.000 | val loss=0.0007 | t=0.1s
[finetune_replay] ep 133/150 | train loss=0.0001 top1=1.000 | val loss=0.0008 | t=0.1s
[finetune_replay] ep 134/150 | train loss=0.0001 top1=1.000 | val loss=0.0008 | t=0.1s
[finetune_replay] ep 135/150 | train loss=0.0001 top1=1.000 | val loss=0.0008 | t=0.1s
[finetune_replay] ep 136/150 | train loss=0.0001 top1=1.000 | val loss=0.0008 | t=0.1s
[finetune_replay] ep 137/150 | train loss=0.0001 top1=1.000 | val loss=0.0008 | t=0.1s
[finetune_replay] ep 138/150 | train loss=0.0001 top1=1.000 | val loss=0.0007 | t=0.1s
[finetune_replay] ep 139/150 | train loss=0.0001 top1=1.000 | val loss=0.0007 | t=0.1s
[finetune_replay] ep 140/150 | train loss=0.0001 top1=1.000 | val loss=0.0007 | t=0.1s
[finetune_replay] ep 141/150 | train loss=0.0001 top1=1.000 | val loss=0.0007 | t=0.1s
[finetune_replay] ep 142/150 | train loss=0.0001 top1=1.000 | val loss=0.0006 | t=0.1s
[finetune_replay] ep 143/150 | train loss=0.0001 top1=1.000 | val loss=0.0007 | t=0.1s
[finetune_replay] ep 144/150 | train loss=0.0001 top1=1.000 | val loss=0.0007 | t=0.1s
[finetune_replay] ep 145/150 | train loss=0.0001 top1=1.000 | val loss=0.0007 | t=0.1s
[finetune_replay] ep 146/150 | train loss=0.0001 top1=1.000 | val loss=0.0007 | t=0.1s
[finetune_replay] ep 147/150 | train loss=0.0001 top1=1.000 | val loss=0.0007 | t=0.1s
[finetune_replay] ep 148/150 | train loss=0.0001 top1=1.000 | val loss=0.0007 | t=0.1s
[finetune_replay] ep 149/150 | train loss=0.0001 top1=1.000 | val loss=0.0007 | t=0.1s
[finetune_replay] ep 150/150 | train loss=0.0001 top1=1.000 | val loss=0.0007 | t=0.1s
[finetune_replay] DONE best_val_loss=0.0006 @ epoch 109
[20:21:25] [bo-budget] $ /home/s226137394/.conda/envs/maze/bin/python3 -u -m Equivariant_pathway.equivariant_CNN_hybrid.rollout_test --checkpoint /weka/s226137394/DmNfull/Equivariant_pathway/equivariant_CNN_hybrid/baseline_vs_p4/pool_x_selector/results_hpsweep/e150_lr5e-05_rm0.7_do0.1/run_1/p4_top3_rotate/checkpoints/best_hybrid_policy.pth --layouts /weka/s226137394/DmNfull/Equivariant_pathway/equivariant_CNN_hybrid/baseline_vs_p4/shared/heldout_layouts.yaml --out_dir /weka/s226137394/DmNfull/Equivariant_pathway/equivariant_CNN_hybrid/baseline_vs_p4/pool_x_selector/results_hpsweep/e150_lr5e-05_rm0.7_do0.1/run_1/p4_top3_rotate/results/eval_round_015 --seed 16 --max_steps 60
[hybrid-rollout] 200 unique; running 200 eps
[hybrid-rollout] loaded /weka/s226137394/DmNfull/Equivariant_pathway/equivariant_CNN_hybrid/baseline_vs_p4/pool_x_selector/results_hpsweep/e150_lr5e-05_rm0.7_do0.1/run_1/p4_top3_rotate/checkpoints/best_hybrid_policy.pth
[hybrid-rollout] ep 0 (heldout_001): steps=5 success=True
[hybrid-rollout] ep 1 (heldout_002): steps=4 success=True
[hybrid-rollout] ep 2 (heldout_003): steps=4 success=True
[hybrid-rollout] ep 3 (heldout_004): steps=6 success=True
[hybrid-rollout] ep 4 (heldout_005): steps=5 success=True
[hybrid-rollout] ep 5 (heldout_006): steps=3 success=False
[hybrid-rollout] ep 6 (heldout_007): steps=5 success=True
[hybrid-rollout] ep 7 (heldout_008): steps=4 success=True
[hybrid-rollout] ep 8 (heldout_009): steps=6 success=True
[hybrid-rollout] ep 9 (heldout_010): steps=8 success=True
[hybrid-rollout] ep 10 (heldout_011): steps=4 success=True
[hybrid-rollout] ep 11 (heldout_012): steps=6 success=True
[hybrid-rollout] ep 12 (heldout_013): steps=5 success=True
[hybrid-rollout] ep 13 (heldout_014): steps=5 success=True
[hybrid-rollout] ep 14 (heldout_015): steps=4 success=True
[hybrid-rollout] ep 15 (heldout_016): steps=5 success=True
[hybrid-rollout] ep 16 (heldout_017): steps=4 success=True
[hybrid-rollout] ep 17 (heldout_018): steps=2 success=False
[hybrid-rollout] ep 18 (heldout_019): steps=5 success=True
[hybrid-rollout] ep 19 (heldout_020): steps=5 success=True
[hybrid-rollout] ep 20 (heldout_021): steps=4 success=True
[hybrid-rollout] ep 21 (heldout_022): steps=4 success=True
[hybrid-rollout] ep 22 (heldout_023): steps=7 success=True
[hybrid-rollout] ep 23 (heldout_024): steps=4 success=True
[hybrid-rollout] ep 24 (heldout_025): steps=4 success=True
[hybrid-rollout] ep 25 (heldout_026): steps=4 success=True
[hybrid-rollout] ep 26 (heldout_027): steps=4 success=True
[hybrid-rollout] ep 27 (heldout_028): steps=4 success=True
[hybrid-rollout] ep 28 (heldout_029): steps=7 success=True
[hybrid-rollout] ep 29 (heldout_030): steps=60 success=False
[hybrid-rollout] ep 30 (heldout_031): steps=5 success=True
[hybrid-rollout] ep 31 (heldout_032): steps=5 success=True
[hybrid-rollout] ep 32 (heldout_033): steps=4 success=True
[hybrid-rollout] ep 33 (heldout_034): steps=5 success=True
[hybrid-rollout] ep 34 (heldout_035): steps=6 success=True
[hybrid-rollout] ep 35 (heldout_036): steps=5 success=True
[hybrid-rollout] ep 36 (heldout_037): steps=4 success=True
[hybrid-rollout] ep 37 (heldout_038): steps=5 success=True
[hybrid-rollout] ep 38 (heldout_039): steps=6 success=True
[hybrid-rollout] ep 39 (heldout_040): steps=5 success=True
[hybrid-rollout] ep 40 (heldout_041): steps=6 success=True
[hybrid-rollout] ep 41 (heldout_042): steps=4 success=True
[hybrid-rollout] ep 42 (heldout_043): steps=4 success=True
[hybrid-rollout] ep 43 (heldout_044): steps=5 success=True
[hybrid-rollout] ep 44 (heldout_045): steps=60 success=False
[hybrid-rollout] ep 45 (heldout_046): steps=4 success=True
[hybrid-rollout] ep 46 (heldout_047): steps=3 success=False
[hybrid-rollout] ep 47 (heldout_048): steps=6 success=True
[hybrid-rollout] ep 48 (heldout_049): steps=5 success=True
[hybrid-rollout] ep 49 (heldout_050): steps=4 success=True
[hybrid-rollout] ep 50 (heldout_051): steps=4 success=True
[hybrid-rollout] ep 51 (heldout_052): steps=4 success=True
[hybrid-rollout] ep 52 (heldout_053): steps=6 success=True
[hybrid-rollout] ep 53 (heldout_054): steps=4 success=True
[hybrid-rollout] ep 54 (heldout_055): steps=60 success=False
[hybrid-rollout] ep 55 (heldout_056): steps=4 success=True
[hybrid-rollout] ep 56 (heldout_057): steps=4 success=True
[hybrid-rollout] ep 57 (heldout_058): steps=4 success=True
[hybrid-rollout] ep 58 (heldout_059): steps=5 success=True
[hybrid-rollout] ep 59 (heldout_060): steps=6 success=True
[hybrid-rollout] ep 60 (heldout_061): steps=5 success=True
[hybrid-rollout] ep 61 (heldout_062): steps=6 success=True
[hybrid-rollout] ep 62 (heldout_063): steps=5 success=True
[hybrid-rollout] ep 63 (heldout_064): steps=4 success=True
[hybrid-rollout] ep 64 (heldout_065): steps=7 success=True
[hybrid-rollout] ep 65 (heldout_066): steps=6 success=True
[hybrid-rollout] ep 66 (heldout_067): steps=5 success=True
[hybrid-rollout] ep 67 (heldout_068): steps=4 success=True
[hybrid-rollout] ep 68 (heldout_069): steps=4 success=True
[hybrid-rollout] ep 69 (heldout_070): steps=60 success=False
[hybrid-rollout] ep 70 (heldout_071): steps=5 success=True
[hybrid-rollout] ep 71 (heldout_072): steps=5 success=True
[hybrid-rollout] ep 72 (heldout_073): steps=6 success=True
[hybrid-rollout] ep 73 (heldout_074): steps=4 success=True
[hybrid-rollout] ep 74 (heldout_075): steps=5 success=True
[hybrid-rollout] ep 75 (heldout_076): steps=7 success=True
[hybrid-rollout] ep 76 (heldout_077): steps=4 success=True
[hybrid-rollout] ep 77 (heldout_078): steps=3 success=False
[hybrid-rollout] ep 78 (heldout_079): steps=4 success=True
[hybrid-rollout] ep 79 (heldout_080): steps=4 success=True
[hybrid-rollout] ep 80 (heldout_081): steps=5 success=True
[hybrid-rollout] ep 81 (heldout_082): steps=5 success=True
[hybrid-rollout] ep 82 (heldout_083): steps=4 success=True
[hybrid-rollout] ep 83 (heldout_084): steps=5 success=True
[hybrid-rollout] ep 84 (heldout_085): steps=60 success=False
[hybrid-rollout] ep 85 (heldout_086): steps=6 success=True
[hybrid-rollout] ep 86 (heldout_087): steps=5 success=True
[hybrid-rollout] ep 87 (heldout_088): steps=4 success=True
[hybrid-rollout] ep 88 (heldout_089): steps=3 success=False
[hybrid-rollout] ep 89 (heldout_090): steps=4 success=True
[hybrid-rollout] ep 90 (heldout_091): steps=5 success=True
[hybrid-rollout] ep 91 (heldout_092): steps=5 success=True
[hybrid-rollout] ep 92 (heldout_093): steps=6 success=True
[hybrid-rollout] ep 93 (heldout_094): steps=6 success=True
[hybrid-rollout] ep 94 (heldout_095): steps=7 success=True
[hybrid-rollout] ep 95 (heldout_096): steps=5 success=True
[hybrid-rollout] ep 96 (heldout_097): steps=5 success=True
[hybrid-rollout] ep 97 (heldout_098): steps=5 success=True
[hybrid-rollout] ep 98 (heldout_099): steps=60 success=False
[hybrid-rollout] ep 99 (heldout_100): steps=8 success=True
[hybrid-rollout] ep 100 (heldout_101): steps=4 success=True
[hybrid-rollout] ep 101 (heldout_102): steps=4 success=True
[hybrid-rollout] ep 102 (heldout_103): steps=4 success=True
[hybrid-rollout] ep 103 (heldout_104): steps=6 success=True
[hybrid-rollout] ep 104 (heldout_105): steps=4 success=True
[hybrid-rollout] ep 105 (heldout_106): steps=60 success=False
[hybrid-rollout] ep 106 (heldout_107): steps=4 success=True
[hybrid-rollout] ep 107 (heldout_108): steps=4 success=True
[hybrid-rollout] ep 108 (heldout_109): steps=4 success=True
[hybrid-rollout] ep 109 (heldout_110): steps=3 success=False
[hybrid-rollout] ep 110 (heldout_111): steps=5 success=False
[hybrid-rollout] ep 111 (heldout_112): steps=5 success=True
[hybrid-rollout] ep 112 (heldout_113): steps=5 success=True
[hybrid-rollout] ep 113 (heldout_114): steps=4 success=True
[hybrid-rollout] ep 114 (heldout_115): steps=4 success=True
[hybrid-rollout] ep 115 (heldout_116): steps=5 success=True
[hybrid-rollout] ep 116 (heldout_117): steps=7 success=True
[hybrid-rollout] ep 117 (heldout_118): steps=7 success=True
[hybrid-rollout] ep 118 (heldout_119): steps=4 success=True
[hybrid-rollout] ep 119 (heldout_120): steps=7 success=True
[hybrid-rollout] ep 120 (heldout_121): steps=4 success=True
[hybrid-rollout] ep 121 (heldout_122): steps=4 success=True
[hybrid-rollout] ep 122 (heldout_123): steps=6 success=True
[hybrid-rollout] ep 123 (heldout_124): steps=8 success=True
[hybrid-rollout] ep 124 (heldout_125): steps=4 success=True
[hybrid-rollout] ep 125 (heldout_126): steps=4 success=True
[hybrid-rollout] ep 126 (heldout_127): steps=60 success=False
[hybrid-rollout] ep 127 (heldout_128): steps=7 success=True
[hybrid-rollout] ep 128 (heldout_129): steps=4 success=True
[hybrid-rollout] ep 129 (heldout_130): steps=4 success=True
[hybrid-rollout] ep 130 (heldout_131): steps=1 success=False
[hybrid-rollout] ep 131 (heldout_132): steps=4 success=True
[hybrid-rollout] ep 132 (heldout_133): steps=4 success=True
[hybrid-rollout] ep 133 (heldout_134): steps=7 success=True
[hybrid-rollout] ep 134 (heldout_135): steps=6 success=True
[hybrid-rollout] ep 135 (heldout_136): steps=5 success=True
[hybrid-rollout] ep 136 (heldout_137): steps=5 success=True
[hybrid-rollout] ep 137 (heldout_138): steps=4 success=True
[hybrid-rollout] ep 138 (heldout_139): steps=4 success=True
[hybrid-rollout] ep 139 (heldout_140): steps=5 success=True
[hybrid-rollout] ep 140 (heldout_141): steps=5 success=True
[hybrid-rollout] ep 141 (heldout_142): steps=4 success=True
[hybrid-rollout] ep 142 (heldout_143): steps=6 success=True
[hybrid-rollout] ep 143 (heldout_144): steps=4 success=True
[hybrid-rollout] ep 144 (heldout_145): steps=5 success=True
[hybrid-rollout] ep 145 (heldout_146): steps=7 success=True
[hybrid-rollout] ep 146 (heldout_147): steps=4 success=True
[hybrid-rollout] ep 147 (heldout_148): steps=60 success=False
[hybrid-rollout] ep 148 (heldout_149): steps=5 success=True
[hybrid-rollout] ep 149 (heldout_150): steps=4 success=True
[hybrid-rollout] ep 150 (heldout_151): steps=5 success=True
[hybrid-rollout] ep 151 (heldout_152): steps=6 success=True
[hybrid-rollout] ep 152 (heldout_153): steps=5 success=True
[hybrid-rollout] ep 153 (heldout_154): steps=7 success=True
[hybrid-rollout] ep 154 (heldout_155): steps=6 success=True
[hybrid-rollout] ep 155 (heldout_156): steps=3 success=False
[hybrid-rollout] ep 156 (heldout_157): steps=4 success=True
[hybrid-rollout] ep 157 (heldout_158): steps=3 success=False
[hybrid-rollout] ep 158 (heldout_159): steps=6 success=True
[hybrid-rollout] ep 159 (heldout_160): steps=60 success=False
[hybrid-rollout] ep 160 (heldout_161): steps=5 success=True
[hybrid-rollout] ep 161 (heldout_162): steps=5 success=True
[hybrid-rollout] ep 162 (heldout_163): steps=4 success=True
[hybrid-rollout] ep 163 (heldout_164): steps=6 success=True
[hybrid-rollout] ep 164 (heldout_165): steps=5 success=True
[hybrid-rollout] ep 165 (heldout_166): steps=4 success=True
[hybrid-rollout] ep 166 (heldout_167): steps=60 success=False
[hybrid-rollout] ep 167 (heldout_168): steps=4 success=True
[hybrid-rollout] ep 168 (heldout_169): steps=6 success=True
[hybrid-rollout] ep 169 (heldout_170): steps=6 success=True
[hybrid-rollout] ep 170 (heldout_171): steps=4 success=True
[hybrid-rollout] ep 171 (heldout_172): steps=5 success=True
[hybrid-rollout] ep 172 (heldout_173): steps=4 success=True
[hybrid-rollout] ep 173 (heldout_174): steps=5 success=True
[hybrid-rollout] ep 174 (heldout_175): steps=4 success=False
[hybrid-rollout] ep 175 (heldout_176): steps=60 success=False
[hybrid-rollout] ep 176 (heldout_177): steps=6 success=True
[hybrid-rollout] ep 177 (heldout_178): steps=5 success=True
[hybrid-rollout] ep 178 (heldout_179): steps=5 success=True
[hybrid-rollout] ep 179 (heldout_180): steps=4 success=True
[hybrid-rollout] ep 180 (heldout_181): steps=5 success=True
[hybrid-rollout] ep 181 (heldout_182): steps=4 success=True
[hybrid-rollout] ep 182 (heldout_183): steps=5 success=True
[hybrid-rollout] ep 183 (heldout_184): steps=60 success=False
[hybrid-rollout] ep 184 (heldout_185): steps=5 success=True
[hybrid-rollout] ep 185 (heldout_186): steps=4 success=True
[hybrid-rollout] ep 186 (heldout_187): steps=5 success=True
[hybrid-rollout] ep 187 (heldout_188): steps=5 success=True
[hybrid-rollout] ep 188 (heldout_189): steps=5 success=True
[hybrid-rollout] ep 189 (heldout_190): steps=7 success=True
[hybrid-rollout] ep 190 (heldout_191): steps=4 success=True
[hybrid-rollout] ep 191 (heldout_192): steps=5 success=True
[hybrid-rollout] ep 192 (heldout_193): steps=7 success=True
[hybrid-rollout] ep 193 (heldout_194): steps=6 success=True
[hybrid-rollout] ep 194 (heldout_195): steps=5 success=True
[hybrid-rollout] ep 195 (heldout_196): steps=4 success=True
[hybrid-rollout] ep 196 (heldout_197): steps=5 success=True
[hybrid-rollout] ep 197 (heldout_198): steps=60 success=False
[hybrid-rollout] ep 198 (heldout_199): steps=4 success=True
[hybrid-rollout] ep 199 (heldout_200): steps=4 success=True
[hybrid-rollout] DONE successes=175/200
[20:22:23] [replay_p4] run 1 round 15: extras=15 heldout_sr=0.875
[20:22:23] [replay_p4] run 1 DONE: final_sr=0.875 n_demos=15
