[19:25:59] [bo-budget] $ /home/s226137394/.conda/envs/maze/bin/python3 -u -m Equivariant_pathway.equivariant_CNN_hybrid.rollout_test --checkpoint /weka/s226137394/DmNfull/Equivariant_pathway/equivariant_CNN_hybrid/baseline_vs_p4/pool_x_selector/results_hpsweep/e150_lr5e-05_rm0.5_do0/run_6/p4_top3_rotate/checkpoints/best_hybrid_policy.pth --layouts /weka/s226137394/DmNfull/Equivariant_pathway/equivariant_CNN_hybrid/baseline_vs_p4/shared/heldout_layouts.yaml --out_dir /weka/s226137394/DmNfull/Equivariant_pathway/equivariant_CNN_hybrid/baseline_vs_p4/pool_x_selector/results_hpsweep/e150_lr5e-05_rm0.5_do0/run_6/p4_top3_rotate/results/eval_round_000 --seed 6 --max_steps 60
[hybrid-rollout] 200 unique; running 200 eps
[hybrid-rollout] loaded /weka/s226137394/DmNfull/Equivariant_pathway/equivariant_CNN_hybrid/baseline_vs_p4/pool_x_selector/results_hpsweep/e150_lr5e-05_rm0.5_do0/run_6/p4_top3_rotate/checkpoints/best_hybrid_policy.pth
[hybrid-rollout] ep 0 (heldout_001): steps=5 success=True
[hybrid-rollout] ep 1 (heldout_002): steps=60 success=False
[hybrid-rollout] ep 2 (heldout_003): steps=4 success=False
[hybrid-rollout] ep 3 (heldout_004): steps=60 success=False
[hybrid-rollout] ep 4 (heldout_005): steps=5 success=True
[hybrid-rollout] ep 5 (heldout_006): steps=3 success=False
[hybrid-rollout] ep 6 (heldout_007): steps=60 success=False
[hybrid-rollout] ep 7 (heldout_008): steps=60 success=False
[hybrid-rollout] ep 8 (heldout_009): steps=2 success=False
[hybrid-rollout] ep 9 (heldout_010): steps=60 success=False
[hybrid-rollout] ep 10 (heldout_011): steps=4 success=True
[hybrid-rollout] ep 11 (heldout_012): steps=3 success=False
[hybrid-rollout] ep 12 (heldout_013): steps=60 success=False
[hybrid-rollout] ep 13 (heldout_014): steps=5 success=True
[hybrid-rollout] ep 14 (heldout_015): steps=4 success=True
[hybrid-rollout] ep 15 (heldout_016): steps=1 success=False
[hybrid-rollout] ep 16 (heldout_017): steps=4 success=True
[hybrid-rollout] ep 17 (heldout_018): steps=60 success=False
[hybrid-rollout] ep 18 (heldout_019): steps=60 success=False
[hybrid-rollout] ep 19 (heldout_020): steps=5 success=True
[hybrid-rollout] ep 20 (heldout_021): steps=60 success=False
[hybrid-rollout] ep 21 (heldout_022): steps=60 success=False
[hybrid-rollout] ep 22 (heldout_023): steps=60 success=False
[hybrid-rollout] ep 23 (heldout_024): steps=60 success=False
[hybrid-rollout] ep 24 (heldout_025): steps=4 success=True
[hybrid-rollout] ep 25 (heldout_026): steps=4 success=True
[hybrid-rollout] ep 26 (heldout_027): steps=4 success=True
[hybrid-rollout] ep 27 (heldout_028): steps=4 success=True
[hybrid-rollout] ep 28 (heldout_029): steps=60 success=False
[hybrid-rollout] ep 29 (heldout_030): steps=60 success=False
[hybrid-rollout] ep 30 (heldout_031): steps=60 success=False
[hybrid-rollout] ep 31 (heldout_032): steps=60 success=False
[hybrid-rollout] ep 32 (heldout_033): steps=4 success=True
[hybrid-rollout] ep 33 (heldout_034): steps=60 success=False
[hybrid-rollout] ep 34 (heldout_035): steps=60 success=False
[hybrid-rollout] ep 35 (heldout_036): steps=5 success=True
[hybrid-rollout] ep 36 (heldout_037): steps=2 success=False
[hybrid-rollout] ep 37 (heldout_038): steps=5 success=True
[hybrid-rollout] ep 38 (heldout_039): steps=6 success=True
[hybrid-rollout] ep 39 (heldout_040): steps=2 success=False
[hybrid-rollout] ep 40 (heldout_041): steps=60 success=False
[hybrid-rollout] ep 41 (heldout_042): steps=60 success=False
[hybrid-rollout] ep 42 (heldout_043): steps=60 success=False
[hybrid-rollout] ep 43 (heldout_044): steps=5 success=True
[hybrid-rollout] ep 44 (heldout_045): steps=3 success=False
[hybrid-rollout] ep 45 (heldout_046): steps=4 success=True
[hybrid-rollout] ep 46 (heldout_047): steps=6 success=True
[hybrid-rollout] ep 47 (heldout_048): steps=6 success=True
[hybrid-rollout] ep 48 (heldout_049): steps=60 success=False
[hybrid-rollout] ep 49 (heldout_050): steps=60 success=False
[hybrid-rollout] ep 50 (heldout_051): steps=4 success=True
[hybrid-rollout] ep 51 (heldout_052): steps=4 success=True
[hybrid-rollout] ep 52 (heldout_053): steps=60 success=False
[hybrid-rollout] ep 53 (heldout_054): steps=4 success=True
[hybrid-rollout] ep 54 (heldout_055): steps=60 success=False
[hybrid-rollout] ep 55 (heldout_056): steps=4 success=True
[hybrid-rollout] ep 56 (heldout_057): steps=4 success=True
[hybrid-rollout] ep 57 (heldout_058): steps=4 success=True
[hybrid-rollout] ep 58 (heldout_059): steps=60 success=False
[hybrid-rollout] ep 59 (heldout_060): steps=6 success=True
[hybrid-rollout] ep 60 (heldout_061): steps=5 success=True
[hybrid-rollout] ep 61 (heldout_062): steps=6 success=True
[hybrid-rollout] ep 62 (heldout_063): steps=5 success=True
[hybrid-rollout] ep 63 (heldout_064): steps=1 success=False
[hybrid-rollout] ep 64 (heldout_065): steps=3 success=False
[hybrid-rollout] ep 65 (heldout_066): steps=6 success=True
[hybrid-rollout] ep 66 (heldout_067): steps=5 success=True
[hybrid-rollout] ep 67 (heldout_068): steps=4 success=True
[hybrid-rollout] ep 68 (heldout_069): steps=60 success=False
[hybrid-rollout] ep 69 (heldout_070): steps=60 success=False
[hybrid-rollout] ep 70 (heldout_071): steps=5 success=True
[hybrid-rollout] ep 71 (heldout_072): steps=60 success=False
[hybrid-rollout] ep 72 (heldout_073): steps=6 success=True
[hybrid-rollout] ep 73 (heldout_074): steps=60 success=False
[hybrid-rollout] ep 74 (heldout_075): steps=5 success=True
[hybrid-rollout] ep 75 (heldout_076): steps=60 success=False
[hybrid-rollout] ep 76 (heldout_077): steps=4 success=True
[hybrid-rollout] ep 77 (heldout_078): steps=3 success=False
[hybrid-rollout] ep 78 (heldout_079): steps=4 success=True
[hybrid-rollout] ep 79 (heldout_080): steps=4 success=True
[hybrid-rollout] ep 80 (heldout_081): steps=60 success=False
[hybrid-rollout] ep 81 (heldout_082): steps=5 success=True
[hybrid-rollout] ep 82 (heldout_083): steps=60 success=False
[hybrid-rollout] ep 83 (heldout_084): steps=1 success=False
[hybrid-rollout] ep 84 (heldout_085): steps=60 success=False
[hybrid-rollout] ep 85 (heldout_086): steps=6 success=True
[hybrid-rollout] ep 86 (heldout_087): steps=60 success=False
[hybrid-rollout] ep 87 (heldout_088): steps=60 success=False
[hybrid-rollout] ep 88 (heldout_089): steps=3 success=False
[hybrid-rollout] ep 89 (heldout_090): steps=4 success=True
[hybrid-rollout] ep 90 (heldout_091): steps=3 success=False
[hybrid-rollout] ep 91 (heldout_092): steps=5 success=True
[hybrid-rollout] ep 92 (heldout_093): steps=1 success=False
[hybrid-rollout] ep 93 (heldout_094): steps=6 success=True
[hybrid-rollout] ep 94 (heldout_095): steps=7 success=True
[hybrid-rollout] ep 95 (heldout_096): steps=60 success=False
[hybrid-rollout] ep 96 (heldout_097): steps=5 success=True
[hybrid-rollout] ep 97 (heldout_098): steps=1 success=False
[hybrid-rollout] ep 98 (heldout_099): steps=60 success=False
[hybrid-rollout] ep 99 (heldout_100): steps=60 success=False
[hybrid-rollout] ep 100 (heldout_101): steps=4 success=True
[hybrid-rollout] ep 101 (heldout_102): steps=4 success=True
[hybrid-rollout] ep 102 (heldout_103): steps=60 success=False
[hybrid-rollout] ep 103 (heldout_104): steps=6 success=True
[hybrid-rollout] ep 104 (heldout_105): steps=4 success=True
[hybrid-rollout] ep 105 (heldout_106): steps=60 success=False
[hybrid-rollout] ep 106 (heldout_107): steps=4 success=True
[hybrid-rollout] ep 107 (heldout_108): steps=60 success=False
[hybrid-rollout] ep 108 (heldout_109): steps=4 success=True
[hybrid-rollout] ep 109 (heldout_110): steps=6 success=True
[hybrid-rollout] ep 110 (heldout_111): steps=60 success=False
[hybrid-rollout] ep 111 (heldout_112): steps=60 success=False
[hybrid-rollout] ep 112 (heldout_113): steps=5 success=True
[hybrid-rollout] ep 113 (heldout_114): steps=4 success=True
[hybrid-rollout] ep 114 (heldout_115): steps=4 success=True
[hybrid-rollout] ep 115 (heldout_116): steps=60 success=False
[hybrid-rollout] ep 116 (heldout_117): steps=7 success=True
[hybrid-rollout] ep 117 (heldout_118): steps=60 success=False
[hybrid-rollout] ep 118 (heldout_119): steps=60 success=False
[hybrid-rollout] ep 119 (heldout_120): steps=7 success=True
[hybrid-rollout] ep 120 (heldout_121): steps=60 success=False
[hybrid-rollout] ep 121 (heldout_122): steps=60 success=False
[hybrid-rollout] ep 122 (heldout_123): steps=6 success=True
[hybrid-rollout] ep 123 (heldout_124): steps=1 success=False
[hybrid-rollout] ep 124 (heldout_125): steps=4 success=True
[hybrid-rollout] ep 125 (heldout_126): steps=4 success=True
[hybrid-rollout] ep 126 (heldout_127): steps=60 success=False
[hybrid-rollout] ep 127 (heldout_128): steps=60 success=False
[hybrid-rollout] ep 128 (heldout_129): steps=1 success=False
[hybrid-rollout] ep 129 (heldout_130): steps=4 success=True
[hybrid-rollout] ep 130 (heldout_131): steps=60 success=False
[hybrid-rollout] ep 131 (heldout_132): steps=4 success=True
[hybrid-rollout] ep 132 (heldout_133): steps=4 success=True
[hybrid-rollout] ep 133 (heldout_134): steps=60 success=False
[hybrid-rollout] ep 134 (heldout_135): steps=1 success=False
[hybrid-rollout] ep 135 (heldout_136): steps=60 success=False
[hybrid-rollout] ep 136 (heldout_137): steps=5 success=True
[hybrid-rollout] ep 137 (heldout_138): steps=4 success=True
[hybrid-rollout] ep 138 (heldout_139): steps=4 success=True
[hybrid-rollout] ep 139 (heldout_140): steps=60 success=False
[hybrid-rollout] ep 140 (heldout_141): steps=5 success=True
[hybrid-rollout] ep 141 (heldout_142): steps=2 success=False
[hybrid-rollout] ep 142 (heldout_143): steps=6 success=True
[hybrid-rollout] ep 143 (heldout_144): steps=4 success=True
[hybrid-rollout] ep 144 (heldout_145): steps=5 success=True
[hybrid-rollout] ep 145 (heldout_146): steps=60 success=False
[hybrid-rollout] ep 146 (heldout_147): steps=4 success=True
[hybrid-rollout] ep 147 (heldout_148): steps=60 success=False
[hybrid-rollout] ep 148 (heldout_149): steps=60 success=False
[hybrid-rollout] ep 149 (heldout_150): steps=4 success=True
[hybrid-rollout] ep 150 (heldout_151): steps=5 success=True
[hybrid-rollout] ep 151 (heldout_152): steps=5 success=False
[hybrid-rollout] ep 152 (heldout_153): steps=2 success=False
[hybrid-rollout] ep 153 (heldout_154): steps=60 success=False
[hybrid-rollout] ep 154 (heldout_155): steps=60 success=False
[hybrid-rollout] ep 155 (heldout_156): steps=4 success=False
[hybrid-rollout] ep 156 (heldout_157): steps=60 success=False
[hybrid-rollout] ep 157 (heldout_158): steps=3 success=False
[hybrid-rollout] ep 158 (heldout_159): steps=6 success=True
[hybrid-rollout] ep 159 (heldout_160): steps=60 success=False
[hybrid-rollout] ep 160 (heldout_161): steps=60 success=False
[hybrid-rollout] ep 161 (heldout_162): steps=5 success=True
[hybrid-rollout] ep 162 (heldout_163): steps=4 success=True
[hybrid-rollout] ep 163 (heldout_164): steps=60 success=False
[hybrid-rollout] ep 164 (heldout_165): steps=5 success=True
[hybrid-rollout] ep 165 (heldout_166): steps=4 success=True
[hybrid-rollout] ep 166 (heldout_167): steps=60 success=False
[hybrid-rollout] ep 167 (heldout_168): steps=4 success=True
[hybrid-rollout] ep 168 (heldout_169): steps=4 success=False
[hybrid-rollout] ep 169 (heldout_170): steps=60 success=False
[hybrid-rollout] ep 170 (heldout_171): steps=60 success=False
[hybrid-rollout] ep 171 (heldout_172): steps=60 success=False
[hybrid-rollout] ep 172 (heldout_173): steps=4 success=True
[hybrid-rollout] ep 173 (heldout_174): steps=5 success=True
[hybrid-rollout] ep 174 (heldout_175): steps=7 success=True
[hybrid-rollout] ep 175 (heldout_176): steps=6 success=True
[hybrid-rollout] ep 176 (heldout_177): steps=60 success=False
[hybrid-rollout] ep 177 (heldout_178): steps=1 success=False
[hybrid-rollout] ep 178 (heldout_179): steps=60 success=False
[hybrid-rollout] ep 179 (heldout_180): steps=4 success=True
[hybrid-rollout] ep 180 (heldout_181): steps=5 success=True
[hybrid-rollout] ep 181 (heldout_182): steps=4 success=True
[hybrid-rollout] ep 182 (heldout_183): steps=2 success=False
[hybrid-rollout] ep 183 (heldout_184): steps=5 success=False
[hybrid-rollout] ep 184 (heldout_185): steps=60 success=False
[hybrid-rollout] ep 185 (heldout_186): steps=4 success=True
[hybrid-rollout] ep 186 (heldout_187): steps=1 success=False
[hybrid-rollout] ep 187 (heldout_188): steps=5 success=True
[hybrid-rollout] ep 188 (heldout_189): steps=60 success=False
[hybrid-rollout] ep 189 (heldout_190): steps=7 success=True
[hybrid-rollout] ep 190 (heldout_191): steps=1 success=False
[hybrid-rollout] ep 191 (heldout_192): steps=7 success=True
[hybrid-rollout] ep 192 (heldout_193): steps=60 success=False
[hybrid-rollout] ep 193 (heldout_194): steps=5 success=False
[hybrid-rollout] ep 194 (heldout_195): steps=5 success=True
[hybrid-rollout] ep 195 (heldout_196): steps=4 success=True
[hybrid-rollout] ep 196 (heldout_197): steps=5 success=True
[hybrid-rollout] ep 197 (heldout_198): steps=60 success=False
[hybrid-rollout] ep 198 (heldout_199): steps=60 success=False
[hybrid-rollout] ep 199 (heldout_200): steps=4 success=True
[hybrid-rollout] DONE successes=94/200
[19:28:08] [replay_p4] run 6: init heldout_sr=0.470  replaying 15 P4 rounds (15 demos) at 150 epochs
[19:28:08] [replay_p4] $ /home/s226137394/.conda/envs/maze/bin/python3 -u -m Equivariant_pathway.equivariant_CNN_hybrid.baseline_vs_p4.pool_x_selector.trainer.finetune_replay --demo_dir /weka/s226137394/DmNfull/Equivariant_pathway/equivariant_CNN_hybrid/baseline_vs_p4/pool_x_selector/results_hpsweep/e150_lr5e-05_rm0.5_do0/run_6/p4_top3_rotate/demos --checkpoint_dir /weka/s226137394/DmNfull/Equivariant_pathway/equivariant_CNN_hybrid/baseline_vs_p4/pool_x_selector/results_hpsweep/e150_lr5e-05_rm0.5_do0/run_6/p4_top3_rotate/checkpoints --epochs 150 --batch_size 64 --lr 5e-05 --weight_decay 0.0001 --replay_mix 0.5 --replay_mix_floor 0.2 --head_dropout 0.0 --seed 6 --resume --new_demos_dir /weka/s226137394/DmNfull/Equivariant_pathway/equivariant_CNN_hybrid/baseline_vs_p4/pool_x_selector/results_hpsweep/e150_lr5e-05_rm0.5_do0/run_6/p4_top3_rotate/demos/round_001
[finetune_replay] device=cuda demo_dir=/weka/s226137394/DmNfull/Equivariant_pathway/equivariant_CNN_hybrid/baseline_vs_p4/pool_x_selector/results_hpsweep/e150_lr5e-05_rm0.5_do0/run_6/p4_top3_rotate/demos new_demos_dir=/weka/s226137394/DmNfull/Equivariant_pathway/equivariant_CNN_hybrid/baseline_vs_p4/pool_x_selector/results_hpsweep/e150_lr5e-05_rm0.5_do0/run_6/p4_top3_rotate/demos/round_001
[hybrid-dataset] 20 demos -> 103 samples
[hybrid-dataset] 1 demos -> 6 samples
[finetune_replay] sampler audit: {'n_old_samples': 103, 'n_new_samples': 6, 'replay_mix_target': 0.5, 'replay_mix_effective': 0.5, 'replay_mix_floor': 0.2}
[finetune_replay] trainable params: 1,400,028
[finetune_replay] WARM START from last_hybrid_policy.pth
[finetune_replay] ep   1/150 | train loss=0.5370 top1=0.818 | val loss=0.1046 | t=0.9s  *
[finetune_replay] ep   2/150 | train loss=0.1697 top1=0.990 | val loss=0.0633 | t=0.2s  *
[finetune_replay] ep   3/150 | train loss=0.0986 top1=1.000 | val loss=0.0967 | t=0.2s
[finetune_replay] ep   4/150 | train loss=0.0993 top1=1.000 | val loss=0.1102 | t=0.1s
[finetune_replay] ep   5/150 | train loss=0.0668 top1=1.000 | val loss=0.0751 | t=0.1s
[finetune_replay] ep   6/150 | train loss=0.0575 top1=1.000 | val loss=0.1016 | t=0.1s
[finetune_replay] ep   7/150 | train loss=0.0602 top1=1.000 | val loss=0.1494 | t=0.1s
[finetune_replay] ep   8/150 | train loss=0.0510 top1=1.000 | val loss=0.1636 | t=0.1s
[finetune_replay] ep   9/150 | train loss=0.0273 top1=1.000 | val loss=0.1360 | t=0.1s
[finetune_replay] ep  10/150 | train loss=0.0209 top1=1.000 | val loss=0.1020 | t=0.1s
[finetune_replay] ep  11/150 | train loss=0.0266 top1=1.000 | val loss=0.1432 | t=0.1s
[finetune_replay] ep  12/150 | train loss=0.0152 top1=1.000 | val loss=0.1543 | t=0.1s
[finetune_replay] ep  13/150 | train loss=0.0123 top1=1.000 | val loss=0.1345 | t=0.1s
[finetune_replay] ep  14/150 | train loss=0.0106 top1=1.000 | val loss=0.1222 | t=0.1s
[finetune_replay] ep  15/150 | train loss=0.0104 top1=1.000 | val loss=0.1361 | t=0.1s
[finetune_replay] ep  16/150 | train loss=0.0090 top1=1.000 | val loss=0.1452 | t=0.1s
[finetune_replay] ep  17/150 | train loss=0.0111 top1=1.000 | val loss=0.1340 | t=0.1s
[finetune_replay] ep  18/150 | train loss=0.0068 top1=1.000 | val loss=0.1232 | t=0.1s
[finetune_replay] ep  19/150 | train loss=0.0062 top1=1.000 | val loss=0.1133 | t=0.1s
[finetune_replay] ep  20/150 | train loss=0.0072 top1=1.000 | val loss=0.1285 | t=0.1s
[finetune_replay] ep  21/150 | train loss=0.0074 top1=1.000 | val loss=0.1498 | t=0.1s
[finetune_replay] ep  22/150 | train loss=0.0070 top1=1.000 | val loss=0.1278 | t=0.1s
[finetune_replay] ep  23/150 | train loss=0.0062 top1=1.000 | val loss=0.1216 | t=0.1s
[finetune_replay] ep  24/150 | train loss=0.0073 top1=1.000 | val loss=0.1456 | t=0.1s
[finetune_replay] ep  25/150 | train loss=0.0045 top1=1.000 | val loss=0.1485 | t=0.1s
[finetune_replay] ep  26/150 | train loss=0.0053 top1=1.000 | val loss=0.1293 | t=0.1s
[finetune_replay] ep  27/150 | train loss=0.0050 top1=1.000 | val loss=0.1103 | t=0.1s
[finetune_replay] ep  28/150 | train loss=0.0044 top1=1.000 | val loss=0.1039 | t=0.1s
[finetune_replay] ep  29/150 | train loss=0.0054 top1=1.000 | val loss=0.1277 | t=0.1s
[finetune_replay] ep  30/150 | train loss=0.0040 top1=1.000 | val loss=0.1409 | t=0.1s
[finetune_replay] ep  31/150 | train loss=0.0041 top1=1.000 | val loss=0.1323 | t=0.1s
[finetune_replay] ep  32/150 | train loss=0.0032 top1=1.000 | val loss=0.1269 | t=0.1s
[finetune_replay] ep  33/150 | train loss=0.0037 top1=1.000 | val loss=0.1296 | t=0.1s
[finetune_replay] ep  34/150 | train loss=0.0038 top1=1.000 | val loss=0.1285 | t=0.1s
[finetune_replay] ep  35/150 | train loss=0.0030 top1=1.000 | val loss=0.1332 | t=0.1s
[finetune_replay] ep  36/150 | train loss=0.0026 top1=1.000 | val loss=0.1371 | t=0.1s
[finetune_replay] ep  37/150 | train loss=0.0034 top1=1.000 | val loss=0.1374 | t=0.1s
[finetune_replay] ep  38/150 | train loss=0.0032 top1=1.000 | val loss=0.1329 | t=0.1s
[finetune_replay] ep  39/150 | train loss=0.0033 top1=1.000 | val loss=0.1219 | t=0.1s
[finetune_replay] ep  40/150 | train loss=0.0023 top1=1.000 | val loss=0.1302 | t=0.1s
[finetune_replay] ep  41/150 | train loss=0.0028 top1=1.000 | val loss=0.1373 | t=0.1s
[finetune_replay] ep  42/150 | train loss=0.0028 top1=1.000 | val loss=0.1386 | t=0.1s
[finetune_replay] ep  43/150 | train loss=0.0023 top1=1.000 | val loss=0.1326 | t=0.1s
[finetune_replay] ep  44/150 | train loss=0.0025 top1=1.000 | val loss=0.1224 | t=0.1s
[finetune_replay] ep  45/150 | train loss=0.0024 top1=1.000 | val loss=0.1153 | t=0.1s
[finetune_replay] ep  46/150 | train loss=0.0020 top1=1.000 | val loss=0.1169 | t=0.1s
[finetune_replay] ep  47/150 | train loss=0.0025 top1=1.000 | val loss=0.1295 | t=0.2s
[finetune_replay] ep  48/150 | train loss=0.0026 top1=1.000 | val loss=0.1348 | t=0.1s
[finetune_replay] ep  49/150 | train loss=0.0022 top1=1.000 | val loss=0.1311 | t=0.1s
[finetune_replay] ep  50/150 | train loss=0.0022 top1=1.000 | val loss=0.1164 | t=0.1s
[finetune_replay] ep  51/150 | train loss=0.0023 top1=1.000 | val loss=0.1138 | t=0.1s
[finetune_replay] ep  52/150 | train loss=0.0021 top1=1.000 | val loss=0.1178 | t=0.1s
[finetune_replay] ep  53/150 | train loss=0.0025 top1=1.000 | val loss=0.1291 | t=0.1s
[finetune_replay] ep  54/150 | train loss=0.0024 top1=1.000 | val loss=0.1280 | t=0.1s
[finetune_replay] ep  55/150 | train loss=0.0022 top1=1.000 | val loss=0.1242 | t=0.1s
[finetune_replay] ep  56/150 | train loss=0.0023 top1=1.000 | val loss=0.1210 | t=0.1s
[finetune_replay] ep  57/150 | train loss=0.0020 top1=1.000 | val loss=0.1200 | t=0.1s
[finetune_replay] ep  58/150 | train loss=0.0017 top1=1.000 | val loss=0.1249 | t=0.1s
[finetune_replay] ep  59/150 | train loss=0.0017 top1=1.000 | val loss=0.1256 | t=0.1s
[finetune_replay] ep  60/150 | train loss=0.0017 top1=1.000 | val loss=0.1234 | t=0.1s
[finetune_replay] ep  61/150 | train loss=0.0021 top1=1.000 | val loss=0.1262 | t=0.1s
[finetune_replay] ep  62/150 | train loss=0.0018 top1=1.000 | val loss=0.1258 | t=0.1s
[finetune_replay] ep  63/150 | train loss=0.0017 top1=1.000 | val loss=0.1234 | t=0.1s
[finetune_replay] ep  64/150 | train loss=0.0020 top1=1.000 | val loss=0.1271 | t=0.1s
[finetune_replay] ep  65/150 | train loss=0.0015 top1=1.000 | val loss=0.1281 | t=0.1s
[finetune_replay] ep  66/150 | train loss=0.0018 top1=1.000 | val loss=0.1276 | t=0.1s
[finetune_replay] ep  67/150 | train loss=0.0020 top1=1.000 | val loss=0.1284 | t=0.1s
[finetune_replay] ep  68/150 | train loss=0.0020 top1=1.000 | val loss=0.1252 | t=0.1s
[finetune_replay] ep  69/150 | train loss=0.0016 top1=1.000 | val loss=0.1269 | t=0.1s
[finetune_replay] ep  70/150 | train loss=0.0016 top1=1.000 | val loss=0.1233 | t=0.1s
[finetune_replay] ep  71/150 | train loss=0.0014 top1=1.000 | val loss=0.1252 | t=0.1s
[finetune_replay] ep  72/150 | train loss=0.0014 top1=1.000 | val loss=0.1267 | t=0.1s
[finetune_replay] ep  73/150 | train loss=0.0016 top1=1.000 | val loss=0.1253 | t=0.1s
[finetune_replay] ep  74/150 | train loss=0.0017 top1=1.000 | val loss=0.1232 | t=0.1s
[finetune_replay] ep  75/150 | train loss=0.0016 top1=1.000 | val loss=0.1237 | t=0.1s
[finetune_replay] ep  76/150 | train loss=0.0013 top1=1.000 | val loss=0.1223 | t=0.1s
[finetune_replay] ep  77/150 | train loss=0.0014 top1=1.000 | val loss=0.1242 | t=0.1s
[finetune_replay] ep  78/150 | train loss=0.0015 top1=1.000 | val loss=0.1278 | t=0.1s
[finetune_replay] ep  79/150 | train loss=0.0014 top1=1.000 | val loss=0.1278 | t=0.1s
[finetune_replay] ep  80/150 | train loss=0.0012 top1=1.000 | val loss=0.1295 | t=0.1s
[finetune_replay] ep  81/150 | train loss=0.0013 top1=1.000 | val loss=0.1298 | t=0.1s
[finetune_replay] ep  82/150 | train loss=0.0014 top1=1.000 | val loss=0.1285 | t=0.1s
[finetune_replay] ep  83/150 | train loss=0.0016 top1=1.000 | val loss=0.1222 | t=0.1s
[finetune_replay] ep  84/150 | train loss=0.0015 top1=1.000 | val loss=0.1195 | t=0.1s
[finetune_replay] ep  85/150 | train loss=0.0012 top1=1.000 | val loss=0.1213 | t=0.1s
[finetune_replay] ep  86/150 | train loss=0.0013 top1=1.000 | val loss=0.1234 | t=0.1s
[finetune_replay] ep  87/150 | train loss=0.0017 top1=1.000 | val loss=0.1291 | t=0.1s
[finetune_replay] ep  88/150 | train loss=0.0013 top1=1.000 | val loss=0.1303 | t=0.1s
[finetune_replay] ep  89/150 | train loss=0.0014 top1=1.000 | val loss=0.1258 | t=0.1s
[finetune_replay] ep  90/150 | train loss=0.0013 top1=1.000 | val loss=0.1206 | t=0.1s
[finetune_replay] ep  91/150 | train loss=0.0014 top1=1.000 | val loss=0.1191 | t=0.1s
[finetune_replay] ep  92/150 | train loss=0.0016 top1=1.000 | val loss=0.1212 | t=0.1s
[finetune_replay] ep  93/150 | train loss=0.0014 top1=1.000 | val loss=0.1239 | t=0.1s
[finetune_replay] ep  94/150 | train loss=0.0015 top1=1.000 | val loss=0.1230 | t=0.1s
[finetune_replay] ep  95/150 | train loss=0.0013 top1=1.000 | val loss=0.1224 | t=0.1s
[finetune_replay] ep  96/150 | train loss=0.0013 top1=1.000 | val loss=0.1225 | t=0.1s
[finetune_replay] ep  97/150 | train loss=0.0011 top1=1.000 | val loss=0.1226 | t=0.1s
[finetune_replay] ep  98/150 | train loss=0.0015 top1=1.000 | val loss=0.1227 | t=0.1s
[finetune_replay] ep  99/150 | train loss=0.0013 top1=1.000 | val loss=0.1226 | t=0.1s
[finetune_replay] ep 100/150 | train loss=0.0013 top1=1.000 | val loss=0.1203 | t=0.1s
[finetune_replay] ep 101/150 | train loss=0.0013 top1=1.000 | val loss=0.1216 | t=0.1s
[finetune_replay] ep 102/150 | train loss=0.0011 top1=1.000 | val loss=0.1190 | t=0.1s
[finetune_replay] ep 103/150 | train loss=0.0011 top1=1.000 | val loss=0.1191 | t=0.1s
[finetune_replay] ep 104/150 | train loss=0.0011 top1=1.000 | val loss=0.1172 | t=0.1s
[finetune_replay] ep 105/150 | train loss=0.0012 top1=1.000 | val loss=0.1168 | t=0.1s
[finetune_replay] ep 106/150 | train loss=0.0012 top1=1.000 | val loss=0.1185 | t=0.1s
[finetune_replay] ep 107/150 | train loss=0.0012 top1=1.000 | val loss=0.1193 | t=0.1s
[finetune_replay] ep 108/150 | train loss=0.0010 top1=1.000 | val loss=0.1210 | t=0.1s
[finetune_replay] ep 109/150 | train loss=0.0011 top1=1.000 | val loss=0.1241 | t=0.1s
[finetune_replay] ep 110/150 | train loss=0.0010 top1=1.000 | val loss=0.1260 | t=0.1s
[finetune_replay] ep 111/150 | train loss=0.0013 top1=1.000 | val loss=0.1274 | t=0.1s
[finetune_replay] ep 112/150 | train loss=0.0015 top1=1.000 | val loss=0.1264 | t=0.1s
[finetune_replay] ep 113/150 | train loss=0.0012 top1=1.000 | val loss=0.1272 | t=0.1s
[finetune_replay] ep 114/150 | train loss=0.0013 top1=1.000 | val loss=0.1285 | t=0.1s
[finetune_replay] ep 115/150 | train loss=0.0011 top1=1.000 | val loss=0.1266 | t=0.1s
[finetune_replay] ep 116/150 | train loss=0.0010 top1=1.000 | val loss=0.1235 | t=0.1s
[finetune_replay] ep 117/150 | train loss=0.0012 top1=1.000 | val loss=0.1211 | t=0.1s
[finetune_replay] ep 118/150 | train loss=0.0014 top1=1.000 | val loss=0.1228 | t=0.1s
[finetune_replay] ep 119/150 | train loss=0.0013 top1=1.000 | val loss=0.1241 | t=0.1s
[finetune_replay] ep 120/150 | train loss=0.0014 top1=1.000 | val loss=0.1238 | t=0.1s
[finetune_replay] ep 121/150 | train loss=0.0011 top1=1.000 | val loss=0.1240 | t=0.1s
[finetune_replay] ep 122/150 | train loss=0.0011 top1=1.000 | val loss=0.1251 | t=0.1s
[finetune_replay] ep 123/150 | train loss=0.0013 top1=1.000 | val loss=0.1252 | t=0.1s
[finetune_replay] ep 124/150 | train loss=0.0011 top1=1.000 | val loss=0.1265 | t=0.1s
[finetune_replay] ep 125/150 | train loss=0.0011 top1=1.000 | val loss=0.1248 | t=0.1s
[finetune_replay] ep 126/150 | train loss=0.0012 top1=1.000 | val loss=0.1265 | t=0.1s
[finetune_replay] ep 127/150 | train loss=0.0009 top1=1.000 | val loss=0.1290 | t=0.1s
[finetune_replay] ep 128/150 | train loss=0.0013 top1=1.000 | val loss=0.1236 | t=0.1s
[finetune_replay] ep 129/150 | train loss=0.0010 top1=1.000 | val loss=0.1209 | t=0.1s
[finetune_replay] ep 130/150 | train loss=0.0011 top1=1.000 | val loss=0.1228 | t=0.1s
[finetune_replay] ep 131/150 | train loss=0.0012 top1=1.000 | val loss=0.1213 | t=0.1s
[finetune_replay] ep 132/150 | train loss=0.0010 top1=1.000 | val loss=0.1225 | t=0.1s
[finetune_replay] ep 133/150 | train loss=0.0012 top1=1.000 | val loss=0.1221 | t=0.1s
[finetune_replay] ep 134/150 | train loss=0.0011 top1=1.000 | val loss=0.1252 | t=0.1s
[finetune_replay] ep 135/150 | train loss=0.0010 top1=1.000 | val loss=0.1250 | t=0.1s
[finetune_replay] ep 136/150 | train loss=0.0014 top1=1.000 | val loss=0.1256 | t=0.1s
[finetune_replay] ep 137/150 | train loss=0.0014 top1=1.000 | val loss=0.1243 | t=0.1s
[finetune_replay] ep 138/150 | train loss=0.0011 top1=1.000 | val loss=0.1249 | t=0.1s
[finetune_replay] ep 139/150 | train loss=0.0010 top1=1.000 | val loss=0.1235 | t=0.1s
[finetune_replay] ep 140/150 | train loss=0.0010 top1=1.000 | val loss=0.1226 | t=0.1s
[finetune_replay] ep 141/150 | train loss=0.0012 top1=1.000 | val loss=0.1207 | t=0.1s
[finetune_replay] ep 142/150 | train loss=0.0010 top1=1.000 | val loss=0.1249 | t=0.1s
[finetune_replay] ep 143/150 | train loss=0.0012 top1=1.000 | val loss=0.1241 | t=0.1s
[finetune_replay] ep 144/150 | train loss=0.0011 top1=1.000 | val loss=0.1256 | t=0.1s
[finetune_replay] ep 145/150 | train loss=0.0012 top1=1.000 | val loss=0.1264 | t=0.1s
[finetune_replay] ep 146/150 | train loss=0.0013 top1=1.000 | val loss=0.1251 | t=0.1s
[finetune_replay] ep 147/150 | train loss=0.0011 top1=1.000 | val loss=0.1273 | t=0.1s
[finetune_replay] ep 148/150 | train loss=0.0011 top1=1.000 | val loss=0.1273 | t=0.1s
[finetune_replay] ep 149/150 | train loss=0.0011 top1=1.000 | val loss=0.1239 | t=0.1s
[finetune_replay] ep 150/150 | train loss=0.0010 top1=1.000 | val loss=0.1240 | t=0.1s
[finetune_replay] DONE best_val_loss=0.0633 @ epoch 2
[19:28:40] [bo-budget] $ /home/s226137394/.conda/envs/maze/bin/python3 -u -m Equivariant_pathway.equivariant_CNN_hybrid.rollout_test --checkpoint /weka/s226137394/DmNfull/Equivariant_pathway/equivariant_CNN_hybrid/baseline_vs_p4/pool_x_selector/results_hpsweep/e150_lr5e-05_rm0.5_do0/run_6/p4_top3_rotate/checkpoints/best_hybrid_policy.pth --layouts /weka/s226137394/DmNfull/Equivariant_pathway/equivariant_CNN_hybrid/baseline_vs_p4/shared/heldout_layouts.yaml --out_dir /weka/s226137394/DmNfull/Equivariant_pathway/equivariant_CNN_hybrid/baseline_vs_p4/pool_x_selector/results_hpsweep/e150_lr5e-05_rm0.5_do0/run_6/p4_top3_rotate/results/eval_round_001 --seed 7 --max_steps 60
[hybrid-rollout] 200 unique; running 200 eps
[hybrid-rollout] loaded /weka/s226137394/DmNfull/Equivariant_pathway/equivariant_CNN_hybrid/baseline_vs_p4/pool_x_selector/results_hpsweep/e150_lr5e-05_rm0.5_do0/run_6/p4_top3_rotate/checkpoints/best_hybrid_policy.pth
[hybrid-rollout] ep 0 (heldout_001): steps=5 success=True
[hybrid-rollout] ep 1 (heldout_002): steps=60 success=False
[hybrid-rollout] ep 2 (heldout_003): steps=60 success=False
[hybrid-rollout] ep 3 (heldout_004): steps=60 success=False
[hybrid-rollout] ep 4 (heldout_005): steps=5 success=True
[hybrid-rollout] ep 5 (heldout_006): steps=60 success=False
[hybrid-rollout] ep 6 (heldout_007): steps=5 success=True
[hybrid-rollout] ep 7 (heldout_008): steps=4 success=True
[hybrid-rollout] ep 8 (heldout_009): steps=60 success=False
[hybrid-rollout] ep 9 (heldout_010): steps=60 success=False
[hybrid-rollout] ep 10 (heldout_011): steps=4 success=True
[hybrid-rollout] ep 11 (heldout_012): steps=4 success=True
[hybrid-rollout] ep 12 (heldout_013): steps=60 success=False
[hybrid-rollout] ep 13 (heldout_014): steps=5 success=True
[hybrid-rollout] ep 14 (heldout_015): steps=4 success=True
[hybrid-rollout] ep 15 (heldout_016): steps=5 success=True
[hybrid-rollout] ep 16 (heldout_017): steps=60 success=False
[hybrid-rollout] ep 17 (heldout_018): steps=60 success=False
[hybrid-rollout] ep 18 (heldout_019): steps=60 success=False
[hybrid-rollout] ep 19 (heldout_020): steps=5 success=True
[hybrid-rollout] ep 20 (heldout_021): steps=60 success=False
[hybrid-rollout] ep 21 (heldout_022): steps=60 success=False
[hybrid-rollout] ep 22 (heldout_023): steps=60 success=False
[hybrid-rollout] ep 23 (heldout_024): steps=60 success=False
[hybrid-rollout] ep 24 (heldout_025): steps=4 success=True
[hybrid-rollout] ep 25 (heldout_026): steps=4 success=True
[hybrid-rollout] ep 26 (heldout_027): steps=4 success=True
[hybrid-rollout] ep 27 (heldout_028): steps=4 success=True
[hybrid-rollout] ep 28 (heldout_029): steps=7 success=True
[hybrid-rollout] ep 29 (heldout_030): steps=60 success=False
[hybrid-rollout] ep 30 (heldout_031): steps=60 success=False
[hybrid-rollout] ep 31 (heldout_032): steps=5 success=True
[hybrid-rollout] ep 32 (heldout_033): steps=4 success=True
[hybrid-rollout] ep 33 (heldout_034): steps=60 success=False
[hybrid-rollout] ep 34 (heldout_035): steps=60 success=False
[hybrid-rollout] ep 35 (heldout_036): steps=5 success=True
[hybrid-rollout] ep 36 (heldout_037): steps=2 success=False
[hybrid-rollout] ep 37 (heldout_038): steps=60 success=False
[hybrid-rollout] ep 38 (heldout_039): steps=6 success=True
[hybrid-rollout] ep 39 (heldout_040): steps=60 success=False
[hybrid-rollout] ep 40 (heldout_041): steps=60 success=False
[hybrid-rollout] ep 41 (heldout_042): steps=60 success=False
[hybrid-rollout] ep 42 (heldout_043): steps=60 success=False
[hybrid-rollout] ep 43 (heldout_044): steps=5 success=True
[hybrid-rollout] ep 44 (heldout_045): steps=3 success=False
[hybrid-rollout] ep 45 (heldout_046): steps=4 success=True
[hybrid-rollout] ep 46 (heldout_047): steps=6 success=True
[hybrid-rollout] ep 47 (heldout_048): steps=6 success=True
[hybrid-rollout] ep 48 (heldout_049): steps=60 success=False
[hybrid-rollout] ep 49 (heldout_050): steps=4 success=True
[hybrid-rollout] ep 50 (heldout_051): steps=4 success=True
[hybrid-rollout] ep 51 (heldout_052): steps=4 success=True
[hybrid-rollout] ep 52 (heldout_053): steps=60 success=False
[hybrid-rollout] ep 53 (heldout_054): steps=60 success=False
[hybrid-rollout] ep 54 (heldout_055): steps=60 success=False
[hybrid-rollout] ep 55 (heldout_056): steps=4 success=True
[hybrid-rollout] ep 56 (heldout_057): steps=4 success=True
[hybrid-rollout] ep 57 (heldout_058): steps=4 success=True
[hybrid-rollout] ep 58 (heldout_059): steps=5 success=True
[hybrid-rollout] ep 59 (heldout_060): steps=6 success=True
[hybrid-rollout] ep 60 (heldout_061): steps=5 success=True
[hybrid-rollout] ep 61 (heldout_062): steps=6 success=True
[hybrid-rollout] ep 62 (heldout_063): steps=5 success=True
[hybrid-rollout] ep 63 (heldout_064): steps=4 success=True
[hybrid-rollout] ep 64 (heldout_065): steps=3 success=False
[hybrid-rollout] ep 65 (heldout_066): steps=6 success=True
[hybrid-rollout] ep 66 (heldout_067): steps=5 success=True
[hybrid-rollout] ep 67 (heldout_068): steps=4 success=True
[hybrid-rollout] ep 68 (heldout_069): steps=60 success=False
[hybrid-rollout] ep 69 (heldout_070): steps=60 success=False
[hybrid-rollout] ep 70 (heldout_071): steps=60 success=False
[hybrid-rollout] ep 71 (heldout_072): steps=5 success=True
[hybrid-rollout] ep 72 (heldout_073): steps=3 success=False
[hybrid-rollout] ep 73 (heldout_074): steps=4 success=True
[hybrid-rollout] ep 74 (heldout_075): steps=5 success=True
[hybrid-rollout] ep 75 (heldout_076): steps=60 success=False
[hybrid-rollout] ep 76 (heldout_077): steps=4 success=True
[hybrid-rollout] ep 77 (heldout_078): steps=3 success=False
[hybrid-rollout] ep 78 (heldout_079): steps=4 success=True
[hybrid-rollout] ep 79 (heldout_080): steps=4 success=True
[hybrid-rollout] ep 80 (heldout_081): steps=60 success=False
[hybrid-rollout] ep 81 (heldout_082): steps=5 success=True
[hybrid-rollout] ep 82 (heldout_083): steps=60 success=False
[hybrid-rollout] ep 83 (heldout_084): steps=60 success=False
[hybrid-rollout] ep 84 (heldout_085): steps=60 success=False
[hybrid-rollout] ep 85 (heldout_086): steps=6 success=True
[hybrid-rollout] ep 86 (heldout_087): steps=7 success=True
[hybrid-rollout] ep 87 (heldout_088): steps=4 success=True
[hybrid-rollout] ep 88 (heldout_089): steps=3 success=False
[hybrid-rollout] ep 89 (heldout_090): steps=4 success=True
[hybrid-rollout] ep 90 (heldout_091): steps=5 success=True
[hybrid-rollout] ep 91 (heldout_092): steps=5 success=True
[hybrid-rollout] ep 92 (heldout_093): steps=1 success=False
[hybrid-rollout] ep 93 (heldout_094): steps=6 success=True
[hybrid-rollout] ep 94 (heldout_095): steps=7 success=True
[hybrid-rollout] ep 95 (heldout_096): steps=60 success=False
[hybrid-rollout] ep 96 (heldout_097): steps=5 success=True
[hybrid-rollout] ep 97 (heldout_098): steps=5 success=True
[hybrid-rollout] ep 98 (heldout_099): steps=60 success=False
[hybrid-rollout] ep 99 (heldout_100): steps=60 success=False
[hybrid-rollout] ep 100 (heldout_101): steps=4 success=True
[hybrid-rollout] ep 101 (heldout_102): steps=4 success=True
[hybrid-rollout] ep 102 (heldout_103): steps=60 success=False
[hybrid-rollout] ep 103 (heldout_104): steps=6 success=True
[hybrid-rollout] ep 104 (heldout_105): steps=60 success=False
[hybrid-rollout] ep 105 (heldout_106): steps=60 success=False
[hybrid-rollout] ep 106 (heldout_107): steps=4 success=True
[hybrid-rollout] ep 107 (heldout_108): steps=60 success=False
[hybrid-rollout] ep 108 (heldout_109): steps=4 success=True
[hybrid-rollout] ep 109 (heldout_110): steps=60 success=False
[hybrid-rollout] ep 110 (heldout_111): steps=60 success=False
[hybrid-rollout] ep 111 (heldout_112): steps=60 success=False
[hybrid-rollout] ep 112 (heldout_113): steps=7 success=True
[hybrid-rollout] ep 113 (heldout_114): steps=60 success=False
[hybrid-rollout] ep 114 (heldout_115): steps=4 success=True
[hybrid-rollout] ep 115 (heldout_116): steps=5 success=True
[hybrid-rollout] ep 116 (heldout_117): steps=7 success=True
[hybrid-rollout] ep 117 (heldout_118): steps=60 success=False
[hybrid-rollout] ep 118 (heldout_119): steps=60 success=False
[hybrid-rollout] ep 119 (heldout_120): steps=60 success=False
[hybrid-rollout] ep 120 (heldout_121): steps=60 success=False
[hybrid-rollout] ep 121 (heldout_122): steps=60 success=False
[hybrid-rollout] ep 122 (heldout_123): steps=6 success=True
[hybrid-rollout] ep 123 (heldout_124): steps=60 success=False
[hybrid-rollout] ep 124 (heldout_125): steps=4 success=True
[hybrid-rollout] ep 125 (heldout_126): steps=4 success=True
[hybrid-rollout] ep 126 (heldout_127): steps=60 success=False
[hybrid-rollout] ep 127 (heldout_128): steps=60 success=False
[hybrid-rollout] ep 128 (heldout_129): steps=60 success=False
[hybrid-rollout] ep 129 (heldout_130): steps=6 success=True
[hybrid-rollout] ep 130 (heldout_131): steps=60 success=False
[hybrid-rollout] ep 131 (heldout_132): steps=4 success=True
[hybrid-rollout] ep 132 (heldout_133): steps=4 success=True
[hybrid-rollout] ep 133 (heldout_134): steps=60 success=False
[hybrid-rollout] ep 134 (heldout_135): steps=6 success=True
[hybrid-rollout] ep 135 (heldout_136): steps=5 success=True
[hybrid-rollout] ep 136 (heldout_137): steps=60 success=False
[hybrid-rollout] ep 137 (heldout_138): steps=4 success=True
[hybrid-rollout] ep 138 (heldout_139): steps=4 success=True
[hybrid-rollout] ep 139 (heldout_140): steps=60 success=False
[hybrid-rollout] ep 140 (heldout_141): steps=5 success=True
[hybrid-rollout] ep 141 (heldout_142): steps=4 success=True
[hybrid-rollout] ep 142 (heldout_143): steps=60 success=False
[hybrid-rollout] ep 143 (heldout_144): steps=4 success=True
[hybrid-rollout] ep 144 (heldout_145): steps=5 success=True
[hybrid-rollout] ep 145 (heldout_146): steps=60 success=False
[hybrid-rollout] ep 146 (heldout_147): steps=4 success=True
[hybrid-rollout] ep 147 (heldout_148): steps=60 success=False
[hybrid-rollout] ep 148 (heldout_149): steps=60 success=False
[hybrid-rollout] ep 149 (heldout_150): steps=4 success=True
[hybrid-rollout] ep 150 (heldout_151): steps=5 success=True
[hybrid-rollout] ep 151 (heldout_152): steps=1 success=False
[hybrid-rollout] ep 152 (heldout_153): steps=4 success=False
[hybrid-rollout] ep 153 (heldout_154): steps=60 success=False
[hybrid-rollout] ep 154 (heldout_155): steps=60 success=False
[hybrid-rollout] ep 155 (heldout_156): steps=4 success=False
[hybrid-rollout] ep 156 (heldout_157): steps=3 success=False
[hybrid-rollout] ep 157 (heldout_158): steps=3 success=False
[hybrid-rollout] ep 158 (heldout_159): steps=60 success=False
[hybrid-rollout] ep 159 (heldout_160): steps=60 success=False
[hybrid-rollout] ep 160 (heldout_161): steps=60 success=False
[hybrid-rollout] ep 161 (heldout_162): steps=5 success=True
[hybrid-rollout] ep 162 (heldout_163): steps=4 success=True
[hybrid-rollout] ep 163 (heldout_164): steps=6 success=True
[hybrid-rollout] ep 164 (heldout_165): steps=5 success=True
[hybrid-rollout] ep 165 (heldout_166): steps=60 success=False
[hybrid-rollout] ep 166 (heldout_167): steps=60 success=False
[hybrid-rollout] ep 167 (heldout_168): steps=4 success=True
[hybrid-rollout] ep 168 (heldout_169): steps=4 success=False
[hybrid-rollout] ep 169 (heldout_170): steps=60 success=False
[hybrid-rollout] ep 170 (heldout_171): steps=60 success=False
[hybrid-rollout] ep 171 (heldout_172): steps=60 success=False
[hybrid-rollout] ep 172 (heldout_173): steps=4 success=True
[hybrid-rollout] ep 173 (heldout_174): steps=5 success=True
[hybrid-rollout] ep 174 (heldout_175): steps=7 success=True
[hybrid-rollout] ep 175 (heldout_176): steps=6 success=True
[hybrid-rollout] ep 176 (heldout_177): steps=60 success=False
[hybrid-rollout] ep 177 (heldout_178): steps=1 success=False
[hybrid-rollout] ep 178 (heldout_179): steps=60 success=False
[hybrid-rollout] ep 179 (heldout_180): steps=4 success=True
[hybrid-rollout] ep 180 (heldout_181): steps=5 success=True
[hybrid-rollout] ep 181 (heldout_182): steps=4 success=True
[hybrid-rollout] ep 182 (heldout_183): steps=5 success=True
[hybrid-rollout] ep 183 (heldout_184): steps=7 success=True
[hybrid-rollout] ep 184 (heldout_185): steps=5 success=True
[hybrid-rollout] ep 185 (heldout_186): steps=4 success=True
[hybrid-rollout] ep 186 (heldout_187): steps=1 success=False
[hybrid-rollout] ep 187 (heldout_188): steps=60 success=False
[hybrid-rollout] ep 188 (heldout_189): steps=60 success=False
[hybrid-rollout] ep 189 (heldout_190): steps=7 success=True
[hybrid-rollout] ep 190 (heldout_191): steps=1 success=False
[hybrid-rollout] ep 191 (heldout_192): steps=7 success=True
[hybrid-rollout] ep 192 (heldout_193): steps=60 success=False
[hybrid-rollout] ep 193 (heldout_194): steps=60 success=False
[hybrid-rollout] ep 194 (heldout_195): steps=5 success=True
[hybrid-rollout] ep 195 (heldout_196): steps=4 success=True
[hybrid-rollout] ep 196 (heldout_197): steps=5 success=True
[hybrid-rollout] ep 197 (heldout_198): steps=60 success=False
[hybrid-rollout] ep 198 (heldout_199): steps=60 success=False
[hybrid-rollout] ep 199 (heldout_200): steps=4 success=True
[hybrid-rollout] DONE successes=103/200
[19:30:51] [replay_p4] run 6 round 1: extras=1 heldout_sr=0.515
[19:30:51] [replay_p4] $ /home/s226137394/.conda/envs/maze/bin/python3 -u -m Equivariant_pathway.equivariant_CNN_hybrid.baseline_vs_p4.pool_x_selector.trainer.finetune_replay --demo_dir /weka/s226137394/DmNfull/Equivariant_pathway/equivariant_CNN_hybrid/baseline_vs_p4/pool_x_selector/results_hpsweep/e150_lr5e-05_rm0.5_do0/run_6/p4_top3_rotate/demos --checkpoint_dir /weka/s226137394/DmNfull/Equivariant_pathway/equivariant_CNN_hybrid/baseline_vs_p4/pool_x_selector/results_hpsweep/e150_lr5e-05_rm0.5_do0/run_6/p4_top3_rotate/checkpoints --epochs 150 --batch_size 64 --lr 5e-05 --weight_decay 0.0001 --replay_mix 0.5 --replay_mix_floor 0.2 --head_dropout 0.0 --seed 6 --resume --new_demos_dir /weka/s226137394/DmNfull/Equivariant_pathway/equivariant_CNN_hybrid/baseline_vs_p4/pool_x_selector/results_hpsweep/e150_lr5e-05_rm0.5_do0/run_6/p4_top3_rotate/demos/round_002
[finetune_replay] device=cuda demo_dir=/weka/s226137394/DmNfull/Equivariant_pathway/equivariant_CNN_hybrid/baseline_vs_p4/pool_x_selector/results_hpsweep/e150_lr5e-05_rm0.5_do0/run_6/p4_top3_rotate/demos new_demos_dir=/weka/s226137394/DmNfull/Equivariant_pathway/equivariant_CNN_hybrid/baseline_vs_p4/pool_x_selector/results_hpsweep/e150_lr5e-05_rm0.5_do0/run_6/p4_top3_rotate/demos/round_002
[hybrid-dataset] 21 demos -> 109 samples
[hybrid-dataset] 1 demos -> 5 samples
[finetune_replay] sampler audit: {'n_old_samples': 109, 'n_new_samples': 5, 'replay_mix_target': 0.5, 'replay_mix_effective': 0.5, 'replay_mix_floor': 0.2}
[finetune_replay] trainable params: 1,400,028
[finetune_replay] WARM START from last_hybrid_policy.pth
[finetune_replay] ep   1/150 | train loss=0.3222 top1=0.864 | val loss=0.0271 | t=0.7s  *
[finetune_replay] ep   2/150 | train loss=0.2673 top1=0.893 | val loss=0.0039 | t=0.2s  *
[finetune_replay] ep   3/150 | train loss=0.2157 top1=0.971 | val loss=0.0052 | t=0.2s
[finetune_replay] ep   4/150 | train loss=0.1350 top1=0.971 | val loss=0.0102 | t=0.1s
[finetune_replay] ep   5/150 | train loss=0.0440 top1=1.000 | val loss=0.0079 | t=0.1s
[finetune_replay] ep   6/150 | train loss=0.0297 top1=1.000 | val loss=0.0224 | t=0.1s
[finetune_replay] ep   7/150 | train loss=0.0141 top1=1.000 | val loss=0.0290 | t=0.1s
[finetune_replay] ep   8/150 | train loss=0.0198 top1=1.000 | val loss=0.0083 | t=0.1s
[finetune_replay] ep   9/150 | train loss=0.0107 top1=1.000 | val loss=0.0057 | t=0.1s
[finetune_replay] ep  10/150 | train loss=0.0140 top1=1.000 | val loss=0.0041 | t=0.1s
[finetune_replay] ep  11/150 | train loss=0.0080 top1=1.000 | val loss=0.0068 | t=0.1s
[finetune_replay] ep  12/150 | train loss=0.0065 top1=1.000 | val loss=0.0043 | t=0.1s
[finetune_replay] ep  13/150 | train loss=0.0055 top1=1.000 | val loss=0.0025 | t=0.1s  *
[finetune_replay] ep  14/150 | train loss=0.0037 top1=1.000 | val loss=0.0025 | t=0.1s
[finetune_replay] ep  15/150 | train loss=0.0047 top1=1.000 | val loss=0.0028 | t=0.1s
[finetune_replay] ep  16/150 | train loss=0.0026 top1=1.000 | val loss=0.0040 | t=0.1s
[finetune_replay] ep  17/150 | train loss=0.0033 top1=1.000 | val loss=0.0074 | t=0.1s
[finetune_replay] ep  18/150 | train loss=0.0024 top1=1.000 | val loss=0.0092 | t=0.1s
[finetune_replay] ep  19/150 | train loss=0.0031 top1=1.000 | val loss=0.0083 | t=0.1s
[finetune_replay] ep  20/150 | train loss=0.0029 top1=1.000 | val loss=0.0063 | t=0.1s
[finetune_replay] ep  21/150 | train loss=0.0025 top1=1.000 | val loss=0.0051 | t=0.1s
[finetune_replay] ep  22/150 | train loss=0.0019 top1=1.000 | val loss=0.0044 | t=0.1s
[finetune_replay] ep  23/150 | train loss=0.0021 top1=1.000 | val loss=0.0041 | t=0.1s
[finetune_replay] ep  24/150 | train loss=0.0027 top1=1.000 | val loss=0.0062 | t=0.1s
[finetune_replay] ep  25/150 | train loss=0.0032 top1=1.000 | val loss=0.0062 | t=0.1s
[finetune_replay] ep  26/150 | train loss=0.0022 top1=1.000 | val loss=0.0038 | t=0.1s
[finetune_replay] ep  27/150 | train loss=0.0020 top1=1.000 | val loss=0.0024 | t=0.1s  *
[finetune_replay] ep  28/150 | train loss=0.0020 top1=1.000 | val loss=0.0022 | t=0.1s  *
[finetune_replay] ep  29/150 | train loss=0.0016 top1=1.000 | val loss=0.0022 | t=0.1s  *
[finetune_replay] ep  30/150 | train loss=0.0014 top1=1.000 | val loss=0.0022 | t=0.1s  *
[finetune_replay] ep  31/150 | train loss=0.0014 top1=1.000 | val loss=0.0023 | t=0.1s
[finetune_replay] ep  32/150 | train loss=0.0018 top1=1.000 | val loss=0.0037 | t=0.1s
[finetune_replay] ep  33/150 | train loss=0.0015 top1=1.000 | val loss=0.0047 | t=0.1s
[finetune_replay] ep  34/150 | train loss=0.0016 top1=1.000 | val loss=0.0042 | t=0.1s
[finetune_replay] ep  35/150 | train loss=0.0016 top1=1.000 | val loss=0.0032 | t=0.1s
[finetune_replay] ep  36/150 | train loss=0.0017 top1=1.000 | val loss=0.0030 | t=0.1s
[finetune_replay] ep  37/150 | train loss=0.0011 top1=1.000 | val loss=0.0028 | t=0.1s
[finetune_replay] ep  38/150 | train loss=0.0020 top1=1.000 | val loss=0.0037 | t=0.1s
[finetune_replay] ep  39/150 | train loss=0.0016 top1=1.000 | val loss=0.0036 | t=0.1s
[finetune_replay] ep  40/150 | train loss=0.0014 top1=1.000 | val loss=0.0043 | t=0.1s
[finetune_replay] ep  41/150 | train loss=0.0012 top1=1.000 | val loss=0.0048 | t=0.1s
[finetune_replay] ep  42/150 | train loss=0.0014 top1=1.000 | val loss=0.0046 | t=0.1s
[finetune_replay] ep  43/150 | train loss=0.0011 top1=1.000 | val loss=0.0038 | t=0.1s
[finetune_replay] ep  44/150 | train loss=0.0016 top1=1.000 | val loss=0.0037 | t=0.1s
[finetune_replay] ep  45/150 | train loss=0.0011 top1=1.000 | val loss=0.0039 | t=0.1s
[finetune_replay] ep  46/150 | train loss=0.0013 top1=1.000 | val loss=0.0042 | t=0.1s
[finetune_replay] ep  47/150 | train loss=0.0012 top1=1.000 | val loss=0.0038 | t=0.1s
[finetune_replay] ep  48/150 | train loss=0.0012 top1=1.000 | val loss=0.0034 | t=0.1s
[finetune_replay] ep  49/150 | train loss=0.0014 top1=1.000 | val loss=0.0031 | t=0.1s
[finetune_replay] ep  50/150 | train loss=0.0011 top1=1.000 | val loss=0.0027 | t=0.1s
[finetune_replay] ep  51/150 | train loss=0.0011 top1=1.000 | val loss=0.0024 | t=0.1s
[finetune_replay] ep  52/150 | train loss=0.0011 top1=1.000 | val loss=0.0024 | t=0.1s
[finetune_replay] ep  53/150 | train loss=0.0011 top1=1.000 | val loss=0.0024 | t=0.1s
[finetune_replay] ep  54/150 | train loss=0.0010 top1=1.000 | val loss=0.0025 | t=0.1s
[finetune_replay] ep  55/150 | train loss=0.0011 top1=1.000 | val loss=0.0025 | t=0.1s
[finetune_replay] ep  56/150 | train loss=0.0010 top1=1.000 | val loss=0.0023 | t=0.1s
[finetune_replay] ep  57/150 | train loss=0.0012 top1=1.000 | val loss=0.0024 | t=0.1s
[finetune_replay] ep  58/150 | train loss=0.0008 top1=1.000 | val loss=0.0035 | t=0.1s
[finetune_replay] ep  59/150 | train loss=0.0013 top1=1.000 | val loss=0.0038 | t=0.1s
[finetune_replay] ep  60/150 | train loss=0.0010 top1=1.000 | val loss=0.0033 | t=0.1s
[finetune_replay] ep  61/150 | train loss=0.0009 top1=1.000 | val loss=0.0026 | t=0.1s
[finetune_replay] ep  62/150 | train loss=0.0008 top1=1.000 | val loss=0.0022 | t=0.1s
[finetune_replay] ep  63/150 | train loss=0.0011 top1=1.000 | val loss=0.0021 | t=0.1s  *
[finetune_replay] ep  64/150 | train loss=0.0009 top1=1.000 | val loss=0.0023 | t=0.1s
[finetune_replay] ep  65/150 | train loss=0.0012 top1=1.000 | val loss=0.0029 | t=0.1s
[finetune_replay] ep  66/150 | train loss=0.0009 top1=1.000 | val loss=0.0029 | t=0.1s
[finetune_replay] ep  67/150 | train loss=0.0009 top1=1.000 | val loss=0.0029 | t=0.1s
[finetune_replay] ep  68/150 | train loss=0.0010 top1=1.000 | val loss=0.0029 | t=0.1s
[finetune_replay] ep  69/150 | train loss=0.0009 top1=1.000 | val loss=0.0029 | t=0.1s
[finetune_replay] ep  70/150 | train loss=0.0010 top1=1.000 | val loss=0.0033 | t=0.1s
[finetune_replay] ep  71/150 | train loss=0.0009 top1=1.000 | val loss=0.0032 | t=0.1s
[finetune_replay] ep  72/150 | train loss=0.0010 top1=1.000 | val loss=0.0028 | t=0.1s
[finetune_replay] ep  73/150 | train loss=0.0008 top1=1.000 | val loss=0.0024 | t=0.1s
[finetune_replay] ep  74/150 | train loss=0.0010 top1=1.000 | val loss=0.0022 | t=0.1s
[finetune_replay] ep  75/150 | train loss=0.0009 top1=1.000 | val loss=0.0022 | t=0.1s
[finetune_replay] ep  76/150 | train loss=0.0007 top1=1.000 | val loss=0.0022 | t=0.1s
[finetune_replay] ep  77/150 | train loss=0.0009 top1=1.000 | val loss=0.0023 | t=0.1s
[finetune_replay] ep  78/150 | train loss=0.0007 top1=1.000 | val loss=0.0024 | t=0.1s
[finetune_replay] ep  79/150 | train loss=0.0007 top1=1.000 | val loss=0.0026 | t=0.1s
[finetune_replay] ep  80/150 | train loss=0.0011 top1=1.000 | val loss=0.0028 | t=0.1s
[finetune_replay] ep  81/150 | train loss=0.0010 top1=1.000 | val loss=0.0028 | t=0.1s
[finetune_replay] ep  82/150 | train loss=0.0008 top1=1.000 | val loss=0.0026 | t=0.1s
[finetune_replay] ep  83/150 | train loss=0.0011 top1=1.000 | val loss=0.0027 | t=0.1s
[finetune_replay] ep  84/150 | train loss=0.0008 top1=1.000 | val loss=0.0030 | t=0.1s
[finetune_replay] ep  85/150 | train loss=0.0008 top1=1.000 | val loss=0.0032 | t=0.1s
[finetune_replay] ep  86/150 | train loss=0.0008 top1=1.000 | val loss=0.0032 | t=0.1s
[finetune_replay] ep  87/150 | train loss=0.0009 top1=1.000 | val loss=0.0028 | t=0.1s
[finetune_replay] ep  88/150 | train loss=0.0008 top1=1.000 | val loss=0.0026 | t=0.1s
[finetune_replay] ep  89/150 | train loss=0.0008 top1=1.000 | val loss=0.0024 | t=0.1s
[finetune_replay] ep  90/150 | train loss=0.0007 top1=1.000 | val loss=0.0023 | t=0.1s
[finetune_replay] ep  91/150 | train loss=0.0007 top1=1.000 | val loss=0.0022 | t=0.1s
[finetune_replay] ep  92/150 | train loss=0.0008 top1=1.000 | val loss=0.0023 | t=0.1s
[finetune_replay] ep  93/150 | train loss=0.0010 top1=1.000 | val loss=0.0030 | t=0.1s
[finetune_replay] ep  94/150 | train loss=0.0007 top1=1.000 | val loss=0.0040 | t=0.1s
[finetune_replay] ep  95/150 | train loss=0.0007 top1=1.000 | val loss=0.0042 | t=0.1s
[finetune_replay] ep  96/150 | train loss=0.0007 top1=1.000 | val loss=0.0041 | t=0.1s
[finetune_replay] ep  97/150 | train loss=0.0006 top1=1.000 | val loss=0.0038 | t=0.1s
[finetune_replay] ep  98/150 | train loss=0.0007 top1=1.000 | val loss=0.0033 | t=0.1s
[finetune_replay] ep  99/150 | train loss=0.0006 top1=1.000 | val loss=0.0030 | t=0.1s
[finetune_replay] ep 100/150 | train loss=0.0007 top1=1.000 | val loss=0.0027 | t=0.1s
[finetune_replay] ep 101/150 | train loss=0.0009 top1=1.000 | val loss=0.0026 | t=0.1s
[finetune_replay] ep 102/150 | train loss=0.0007 top1=1.000 | val loss=0.0024 | t=0.1s
[finetune_replay] ep 103/150 | train loss=0.0007 top1=1.000 | val loss=0.0023 | t=0.1s
[finetune_replay] ep 104/150 | train loss=0.0009 top1=1.000 | val loss=0.0025 | t=0.1s
[finetune_replay] ep 105/150 | train loss=0.0008 top1=1.000 | val loss=0.0027 | t=0.1s
[finetune_replay] ep 106/150 | train loss=0.0007 top1=1.000 | val loss=0.0028 | t=0.1s
[finetune_replay] ep 107/150 | train loss=0.0007 top1=1.000 | val loss=0.0028 | t=0.1s
[finetune_replay] ep 108/150 | train loss=0.0007 top1=1.000 | val loss=0.0026 | t=0.1s
[finetune_replay] ep 109/150 | train loss=0.0010 top1=1.000 | val loss=0.0026 | t=0.1s
[finetune_replay] ep 110/150 | train loss=0.0007 top1=1.000 | val loss=0.0025 | t=0.1s
[finetune_replay] ep 111/150 | train loss=0.0007 top1=1.000 | val loss=0.0024 | t=0.1s
[finetune_replay] ep 112/150 | train loss=0.0007 top1=1.000 | val loss=0.0025 | t=0.1s
[finetune_replay] ep 113/150 | train loss=0.0010 top1=1.000 | val loss=0.0027 | t=0.1s
[finetune_replay] ep 114/150 | train loss=0.0006 top1=1.000 | val loss=0.0030 | t=0.1s
[finetune_replay] ep 115/150 | train loss=0.0008 top1=1.000 | val loss=0.0030 | t=0.1s
[finetune_replay] ep 116/150 | train loss=0.0007 top1=1.000 | val loss=0.0031 | t=0.1s
[finetune_replay] ep 117/150 | train loss=0.0007 top1=1.000 | val loss=0.0030 | t=0.1s
[finetune_replay] ep 118/150 | train loss=0.0008 top1=1.000 | val loss=0.0030 | t=0.1s
[finetune_replay] ep 119/150 | train loss=0.0007 top1=1.000 | val loss=0.0029 | t=0.1s
[finetune_replay] ep 120/150 | train loss=0.0007 top1=1.000 | val loss=0.0028 | t=0.1s
[finetune_replay] ep 121/150 | train loss=0.0007 top1=1.000 | val loss=0.0028 | t=0.1s
[finetune_replay] ep 122/150 | train loss=0.0007 top1=1.000 | val loss=0.0027 | t=0.1s
[finetune_replay] ep 123/150 | train loss=0.0006 top1=1.000 | val loss=0.0026 | t=0.1s
[finetune_replay] ep 124/150 | train loss=0.0008 top1=1.000 | val loss=0.0025 | t=0.1s
[finetune_replay] ep 125/150 | train loss=0.0007 top1=1.000 | val loss=0.0024 | t=0.1s
[finetune_replay] ep 126/150 | train loss=0.0006 top1=1.000 | val loss=0.0023 | t=0.1s
[finetune_replay] ep 127/150 | train loss=0.0007 top1=1.000 | val loss=0.0023 | t=0.1s
[finetune_replay] ep 128/150 | train loss=0.0006 top1=1.000 | val loss=0.0023 | t=0.1s
[finetune_replay] ep 129/150 | train loss=0.0007 top1=1.000 | val loss=0.0022 | t=0.1s
[finetune_replay] ep 130/150 | train loss=0.0008 top1=1.000 | val loss=0.0022 | t=0.1s
[finetune_replay] ep 131/150 | train loss=0.0007 top1=1.000 | val loss=0.0022 | t=0.1s
[finetune_replay] ep 132/150 | train loss=0.0010 top1=1.000 | val loss=0.0023 | t=0.1s
[finetune_replay] ep 133/150 | train loss=0.0007 top1=1.000 | val loss=0.0024 | t=0.1s
[finetune_replay] ep 134/150 | train loss=0.0006 top1=1.000 | val loss=0.0024 | t=0.1s
[finetune_replay] ep 135/150 | train loss=0.0007 top1=1.000 | val loss=0.0025 | t=0.1s
[finetune_replay] ep 136/150 | train loss=0.0007 top1=1.000 | val loss=0.0025 | t=0.1s
[finetune_replay] ep 137/150 | train loss=0.0007 top1=1.000 | val loss=0.0025 | t=0.1s
[finetune_replay] ep 138/150 | train loss=0.0007 top1=1.000 | val loss=0.0025 | t=0.1s
[finetune_replay] ep 139/150 | train loss=0.0006 top1=1.000 | val loss=0.0026 | t=0.1s
[finetune_replay] ep 140/150 | train loss=0.0006 top1=1.000 | val loss=0.0026 | t=0.1s
[finetune_replay] ep 141/150 | train loss=0.0008 top1=1.000 | val loss=0.0026 | t=0.1s
[finetune_replay] ep 142/150 | train loss=0.0009 top1=1.000 | val loss=0.0026 | t=0.1s
[finetune_replay] ep 143/150 | train loss=0.0008 top1=1.000 | val loss=0.0026 | t=0.1s
[finetune_replay] ep 144/150 | train loss=0.0007 top1=1.000 | val loss=0.0026 | t=0.1s
[finetune_replay] ep 145/150 | train loss=0.0005 top1=1.000 | val loss=0.0026 | t=0.1s
[finetune_replay] ep 146/150 | train loss=0.0006 top1=1.000 | val loss=0.0026 | t=0.1s
[finetune_replay] ep 147/150 | train loss=0.0007 top1=1.000 | val loss=0.0026 | t=0.1s
[finetune_replay] ep 148/150 | train loss=0.0006 top1=1.000 | val loss=0.0026 | t=0.1s
[finetune_replay] ep 149/150 | train loss=0.0007 top1=1.000 | val loss=0.0026 | t=0.1s
[finetune_replay] ep 150/150 | train loss=0.0006 top1=1.000 | val loss=0.0026 | t=0.1s
[finetune_replay] DONE best_val_loss=0.0021 @ epoch 63
[19:31:20] [bo-budget] $ /home/s226137394/.conda/envs/maze/bin/python3 -u -m Equivariant_pathway.equivariant_CNN_hybrid.rollout_test --checkpoint /weka/s226137394/DmNfull/Equivariant_pathway/equivariant_CNN_hybrid/baseline_vs_p4/pool_x_selector/results_hpsweep/e150_lr5e-05_rm0.5_do0/run_6/p4_top3_rotate/checkpoints/best_hybrid_policy.pth --layouts /weka/s226137394/DmNfull/Equivariant_pathway/equivariant_CNN_hybrid/baseline_vs_p4/shared/heldout_layouts.yaml --out_dir /weka/s226137394/DmNfull/Equivariant_pathway/equivariant_CNN_hybrid/baseline_vs_p4/pool_x_selector/results_hpsweep/e150_lr5e-05_rm0.5_do0/run_6/p4_top3_rotate/results/eval_round_002 --seed 8 --max_steps 60
[hybrid-rollout] 200 unique; running 200 eps
[hybrid-rollout] loaded /weka/s226137394/DmNfull/Equivariant_pathway/equivariant_CNN_hybrid/baseline_vs_p4/pool_x_selector/results_hpsweep/e150_lr5e-05_rm0.5_do0/run_6/p4_top3_rotate/checkpoints/best_hybrid_policy.pth
[hybrid-rollout] ep 0 (heldout_001): steps=5 success=True
[hybrid-rollout] ep 1 (heldout_002): steps=4 success=True
[hybrid-rollout] ep 2 (heldout_003): steps=4 success=True
[hybrid-rollout] ep 3 (heldout_004): steps=6 success=True
[hybrid-rollout] ep 4 (heldout_005): steps=5 success=True
[hybrid-rollout] ep 5 (heldout_006): steps=3 success=False
[hybrid-rollout] ep 6 (heldout_007): steps=60 success=False
[hybrid-rollout] ep 7 (heldout_008): steps=4 success=True
[hybrid-rollout] ep 8 (heldout_009): steps=2 success=False
[hybrid-rollout] ep 9 (heldout_010): steps=60 success=False
[hybrid-rollout] ep 10 (heldout_011): steps=4 success=True
[hybrid-rollout] ep 11 (heldout_012): steps=4 success=True
[hybrid-rollout] ep 12 (heldout_013): steps=60 success=False
[hybrid-rollout] ep 13 (heldout_014): steps=5 success=True
[hybrid-rollout] ep 14 (heldout_015): steps=4 success=True
[hybrid-rollout] ep 15 (heldout_016): steps=5 success=True
[hybrid-rollout] ep 16 (heldout_017): steps=4 success=True
[hybrid-rollout] ep 17 (heldout_018): steps=60 success=False
[hybrid-rollout] ep 18 (heldout_019): steps=60 success=False
[hybrid-rollout] ep 19 (heldout_020): steps=5 success=True
[hybrid-rollout] ep 20 (heldout_021): steps=4 success=True
[hybrid-rollout] ep 21 (heldout_022): steps=4 success=True
[hybrid-rollout] ep 22 (heldout_023): steps=60 success=False
[hybrid-rollout] ep 23 (heldout_024): steps=60 success=False
[hybrid-rollout] ep 24 (heldout_025): steps=4 success=True
[hybrid-rollout] ep 25 (heldout_026): steps=4 success=True
[hybrid-rollout] ep 26 (heldout_027): steps=4 success=True
[hybrid-rollout] ep 27 (heldout_028): steps=4 success=True
[hybrid-rollout] ep 28 (heldout_029): steps=60 success=False
[hybrid-rollout] ep 29 (heldout_030): steps=60 success=False
[hybrid-rollout] ep 30 (heldout_031): steps=7 success=True
[hybrid-rollout] ep 31 (heldout_032): steps=5 success=True
[hybrid-rollout] ep 32 (heldout_033): steps=4 success=True
[hybrid-rollout] ep 33 (heldout_034): steps=60 success=False
[hybrid-rollout] ep 34 (heldout_035): steps=60 success=False
[hybrid-rollout] ep 35 (heldout_036): steps=5 success=True
[hybrid-rollout] ep 36 (heldout_037): steps=4 success=True
[hybrid-rollout] ep 37 (heldout_038): steps=60 success=False
[hybrid-rollout] ep 38 (heldout_039): steps=6 success=True
[hybrid-rollout] ep 39 (heldout_040): steps=60 success=False
[hybrid-rollout] ep 40 (heldout_041): steps=6 success=True
[hybrid-rollout] ep 41 (heldout_042): steps=60 success=False
[hybrid-rollout] ep 42 (heldout_043): steps=4 success=True
[hybrid-rollout] ep 43 (heldout_044): steps=5 success=True
[hybrid-rollout] ep 44 (heldout_045): steps=5 success=True
[hybrid-rollout] ep 45 (heldout_046): steps=4 success=True
[hybrid-rollout] ep 46 (heldout_047): steps=60 success=False
[hybrid-rollout] ep 47 (heldout_048): steps=6 success=True
[hybrid-rollout] ep 48 (heldout_049): steps=60 success=False
[hybrid-rollout] ep 49 (heldout_050): steps=60 success=False
[hybrid-rollout] ep 50 (heldout_051): steps=4 success=True
[hybrid-rollout] ep 51 (heldout_052): steps=4 success=True
[hybrid-rollout] ep 52 (heldout_053): steps=6 success=True
[hybrid-rollout] ep 53 (heldout_054): steps=60 success=False
[hybrid-rollout] ep 54 (heldout_055): steps=60 success=False
[hybrid-rollout] ep 55 (heldout_056): steps=4 success=True
[hybrid-rollout] ep 56 (heldout_057): steps=4 success=True
[hybrid-rollout] ep 57 (heldout_058): steps=60 success=False
[hybrid-rollout] ep 58 (heldout_059): steps=5 success=True
[hybrid-rollout] ep 59 (heldout_060): steps=6 success=True
[hybrid-rollout] ep 60 (heldout_061): steps=5 success=True
[hybrid-rollout] ep 61 (heldout_062): steps=6 success=True
[hybrid-rollout] ep 62 (heldout_063): steps=5 success=True
[hybrid-rollout] ep 63 (heldout_064): steps=4 success=True
[hybrid-rollout] ep 64 (heldout_065): steps=60 success=False
[hybrid-rollout] ep 65 (heldout_066): steps=6 success=True
[hybrid-rollout] ep 66 (heldout_067): steps=5 success=True
[hybrid-rollout] ep 67 (heldout_068): steps=4 success=True
[hybrid-rollout] ep 68 (heldout_069): steps=60 success=False
[hybrid-rollout] ep 69 (heldout_070): steps=5 success=False
[hybrid-rollout] ep 70 (heldout_071): steps=60 success=False
[hybrid-rollout] ep 71 (heldout_072): steps=5 success=True
[hybrid-rollout] ep 72 (heldout_073): steps=3 success=False
[hybrid-rollout] ep 73 (heldout_074): steps=4 success=True
[hybrid-rollout] ep 74 (heldout_075): steps=5 success=True
[hybrid-rollout] ep 75 (heldout_076): steps=60 success=False
[hybrid-rollout] ep 76 (heldout_077): steps=4 success=True
[hybrid-rollout] ep 77 (heldout_078): steps=3 success=False
[hybrid-rollout] ep 78 (heldout_079): steps=4 success=True
[hybrid-rollout] ep 79 (heldout_080): steps=4 success=True
[hybrid-rollout] ep 80 (heldout_081): steps=60 success=False
[hybrid-rollout] ep 81 (heldout_082): steps=5 success=True
[hybrid-rollout] ep 82 (heldout_083): steps=4 success=True
[hybrid-rollout] ep 83 (heldout_084): steps=1 success=False
[hybrid-rollout] ep 84 (heldout_085): steps=60 success=False
[hybrid-rollout] ep 85 (heldout_086): steps=6 success=True
[hybrid-rollout] ep 86 (heldout_087): steps=60 success=False
[hybrid-rollout] ep 87 (heldout_088): steps=4 success=True
[hybrid-rollout] ep 88 (heldout_089): steps=3 success=False
[hybrid-rollout] ep 89 (heldout_090): steps=4 success=True
[hybrid-rollout] ep 90 (heldout_091): steps=5 success=True
[hybrid-rollout] ep 91 (heldout_092): steps=5 success=True
[hybrid-rollout] ep 92 (heldout_093): steps=1 success=False
[hybrid-rollout] ep 93 (heldout_094): steps=6 success=True
[hybrid-rollout] ep 94 (heldout_095): steps=7 success=True
[hybrid-rollout] ep 95 (heldout_096): steps=5 success=True
[hybrid-rollout] ep 96 (heldout_097): steps=5 success=True
[hybrid-rollout] ep 97 (heldout_098): steps=5 success=True
[hybrid-rollout] ep 98 (heldout_099): steps=60 success=False
[hybrid-rollout] ep 99 (heldout_100): steps=60 success=False
[hybrid-rollout] ep 100 (heldout_101): steps=4 success=True
[hybrid-rollout] ep 101 (heldout_102): steps=4 success=True
[hybrid-rollout] ep 102 (heldout_103): steps=60 success=False
[hybrid-rollout] ep 103 (heldout_104): steps=6 success=True
[hybrid-rollout] ep 104 (heldout_105): steps=6 success=True
[hybrid-rollout] ep 105 (heldout_106): steps=60 success=False
[hybrid-rollout] ep 106 (heldout_107): steps=4 success=True
[hybrid-rollout] ep 107 (heldout_108): steps=4 success=True
[hybrid-rollout] ep 108 (heldout_109): steps=4 success=True
[hybrid-rollout] ep 109 (heldout_110): steps=4 success=True
[hybrid-rollout] ep 110 (heldout_111): steps=60 success=False
[hybrid-rollout] ep 111 (heldout_112): steps=60 success=False
[hybrid-rollout] ep 112 (heldout_113): steps=5 success=True
[hybrid-rollout] ep 113 (heldout_114): steps=4 success=True
[hybrid-rollout] ep 114 (heldout_115): steps=4 success=True
[hybrid-rollout] ep 115 (heldout_116): steps=5 success=True
[hybrid-rollout] ep 116 (heldout_117): steps=5 success=True
[hybrid-rollout] ep 117 (heldout_118): steps=7 success=True
[hybrid-rollout] ep 118 (heldout_119): steps=60 success=False
[hybrid-rollout] ep 119 (heldout_120): steps=7 success=True
[hybrid-rollout] ep 120 (heldout_121): steps=4 success=True
[hybrid-rollout] ep 121 (heldout_122): steps=4 success=True
[hybrid-rollout] ep 122 (heldout_123): steps=6 success=True
[hybrid-rollout] ep 123 (heldout_124): steps=4 success=False
[hybrid-rollout] ep 124 (heldout_125): steps=4 success=True
[hybrid-rollout] ep 125 (heldout_126): steps=4 success=True
[hybrid-rollout] ep 126 (heldout_127): steps=60 success=False
[hybrid-rollout] ep 127 (heldout_128): steps=60 success=False
[hybrid-rollout] ep 128 (heldout_129): steps=4 success=True
[hybrid-rollout] ep 129 (heldout_130): steps=4 success=True
[hybrid-rollout] ep 130 (heldout_131): steps=60 success=False
[hybrid-rollout] ep 131 (heldout_132): steps=4 success=True
[hybrid-rollout] ep 132 (heldout_133): steps=4 success=True
[hybrid-rollout] ep 133 (heldout_134): steps=7 success=True
[hybrid-rollout] ep 134 (heldout_135): steps=6 success=True
[hybrid-rollout] ep 135 (heldout_136): steps=60 success=False
[hybrid-rollout] ep 136 (heldout_137): steps=5 success=True
[hybrid-rollout] ep 137 (heldout_138): steps=4 success=True
[hybrid-rollout] ep 138 (heldout_139): steps=4 success=True
[hybrid-rollout] ep 139 (heldout_140): steps=60 success=False
[hybrid-rollout] ep 140 (heldout_141): steps=60 success=False
[hybrid-rollout] ep 141 (heldout_142): steps=4 success=True
[hybrid-rollout] ep 142 (heldout_143): steps=6 success=True
[hybrid-rollout] ep 143 (heldout_144): steps=2 success=False
[hybrid-rollout] ep 144 (heldout_145): steps=5 success=True
[hybrid-rollout] ep 145 (heldout_146): steps=60 success=False
[hybrid-rollout] ep 146 (heldout_147): steps=4 success=True
[hybrid-rollout] ep 147 (heldout_148): steps=60 success=False
[hybrid-rollout] ep 148 (heldout_149): steps=60 success=False
[hybrid-rollout] ep 149 (heldout_150): steps=4 success=True
[hybrid-rollout] ep 150 (heldout_151): steps=5 success=True
[hybrid-rollout] ep 151 (heldout_152): steps=1 success=False
[hybrid-rollout] ep 152 (heldout_153): steps=5 success=True
[hybrid-rollout] ep 153 (heldout_154): steps=60 success=False
[hybrid-rollout] ep 154 (heldout_155): steps=60 success=False
[hybrid-rollout] ep 155 (heldout_156): steps=4 success=False
[hybrid-rollout] ep 156 (heldout_157): steps=4 success=True
[hybrid-rollout] ep 157 (heldout_158): steps=3 success=False
[hybrid-rollout] ep 158 (heldout_159): steps=6 success=True
[hybrid-rollout] ep 159 (heldout_160): steps=60 success=False
[hybrid-rollout] ep 160 (heldout_161): steps=60 success=False
[hybrid-rollout] ep 161 (heldout_162): steps=5 success=True
[hybrid-rollout] ep 162 (heldout_163): steps=4 success=True
[hybrid-rollout] ep 163 (heldout_164): steps=60 success=False
[hybrid-rollout] ep 164 (heldout_165): steps=5 success=True
[hybrid-rollout] ep 165 (heldout_166): steps=4 success=True
[hybrid-rollout] ep 166 (heldout_167): steps=60 success=False
[hybrid-rollout] ep 167 (heldout_168): steps=4 success=True
[hybrid-rollout] ep 168 (heldout_169): steps=4 success=False
[hybrid-rollout] ep 169 (heldout_170): steps=5 success=False
[hybrid-rollout] ep 170 (heldout_171): steps=60 success=False
[hybrid-rollout] ep 171 (heldout_172): steps=5 success=True
[hybrid-rollout] ep 172 (heldout_173): steps=4 success=True
[hybrid-rollout] ep 173 (heldout_174): steps=5 success=True
[hybrid-rollout] ep 174 (heldout_175): steps=7 success=True
[hybrid-rollout] ep 175 (heldout_176): steps=6 success=True
[hybrid-rollout] ep 176 (heldout_177): steps=6 success=True
[hybrid-rollout] ep 177 (heldout_178): steps=5 success=True
[hybrid-rollout] ep 178 (heldout_179): steps=5 success=True
[hybrid-rollout] ep 179 (heldout_180): steps=6 success=True
[hybrid-rollout] ep 180 (heldout_181): steps=5 success=True
[hybrid-rollout] ep 181 (heldout_182): steps=4 success=True
[hybrid-rollout] ep 182 (heldout_183): steps=5 success=True
[hybrid-rollout] ep 183 (heldout_184): steps=7 success=True
[hybrid-rollout] ep 184 (heldout_185): steps=5 success=True
[hybrid-rollout] ep 185 (heldout_186): steps=4 success=True
[hybrid-rollout] ep 186 (heldout_187): steps=5 success=True
[hybrid-rollout] ep 187 (heldout_188): steps=5 success=True
[hybrid-rollout] ep 188 (heldout_189): steps=60 success=False
[hybrid-rollout] ep 189 (heldout_190): steps=7 success=True
[hybrid-rollout] ep 190 (heldout_191): steps=4 success=True
[hybrid-rollout] ep 191 (heldout_192): steps=5 success=True
[hybrid-rollout] ep 192 (heldout_193): steps=7 success=True
[hybrid-rollout] ep 193 (heldout_194): steps=6 success=True
[hybrid-rollout] ep 194 (heldout_195): steps=5 success=True
[hybrid-rollout] ep 195 (heldout_196): steps=4 success=True
[hybrid-rollout] ep 196 (heldout_197): steps=5 success=True
[hybrid-rollout] ep 197 (heldout_198): steps=60 success=False
[hybrid-rollout] ep 198 (heldout_199): steps=60 success=False
[hybrid-rollout] ep 199 (heldout_200): steps=4 success=True
[hybrid-rollout] DONE successes=132/200
[19:33:01] [replay_p4] run 6 round 2: extras=2 heldout_sr=0.660
[19:33:01] [replay_p4] $ /home/s226137394/.conda/envs/maze/bin/python3 -u -m Equivariant_pathway.equivariant_CNN_hybrid.baseline_vs_p4.pool_x_selector.trainer.finetune_replay --demo_dir /weka/s226137394/DmNfull/Equivariant_pathway/equivariant_CNN_hybrid/baseline_vs_p4/pool_x_selector/results_hpsweep/e150_lr5e-05_rm0.5_do0/run_6/p4_top3_rotate/demos --checkpoint_dir /weka/s226137394/DmNfull/Equivariant_pathway/equivariant_CNN_hybrid/baseline_vs_p4/pool_x_selector/results_hpsweep/e150_lr5e-05_rm0.5_do0/run_6/p4_top3_rotate/checkpoints --epochs 150 --batch_size 64 --lr 5e-05 --weight_decay 0.0001 --replay_mix 0.5 --replay_mix_floor 0.2 --head_dropout 0.0 --seed 6 --resume --new_demos_dir /weka/s226137394/DmNfull/Equivariant_pathway/equivariant_CNN_hybrid/baseline_vs_p4/pool_x_selector/results_hpsweep/e150_lr5e-05_rm0.5_do0/run_6/p4_top3_rotate/demos/round_003
[finetune_replay] device=cuda demo_dir=/weka/s226137394/DmNfull/Equivariant_pathway/equivariant_CNN_hybrid/baseline_vs_p4/pool_x_selector/results_hpsweep/e150_lr5e-05_rm0.5_do0/run_6/p4_top3_rotate/demos new_demos_dir=/weka/s226137394/DmNfull/Equivariant_pathway/equivariant_CNN_hybrid/baseline_vs_p4/pool_x_selector/results_hpsweep/e150_lr5e-05_rm0.5_do0/run_6/p4_top3_rotate/demos/round_003
[hybrid-dataset] 22 demos -> 114 samples
[hybrid-dataset] 1 demos -> 7 samples
[finetune_replay] sampler audit: {'n_old_samples': 114, 'n_new_samples': 7, 'replay_mix_target': 0.5, 'replay_mix_effective': 0.5, 'replay_mix_floor': 0.2}
[finetune_replay] trainable params: 1,400,028
[finetune_replay] WARM START from last_hybrid_policy.pth
[finetune_replay] ep   1/150 | train loss=0.3418 top1=0.927 | val loss=0.3586 | t=0.8s  *
[finetune_replay] ep   2/150 | train loss=0.0797 top1=0.982 | val loss=0.2528 | t=0.1s  *
[finetune_replay] ep   3/150 | train loss=0.0607 top1=1.000 | val loss=0.1876 | t=0.2s  *
[finetune_replay] ep   4/150 | train loss=0.0357 top1=1.000 | val loss=0.1704 | t=0.1s  *
[finetune_replay] ep   5/150 | train loss=0.0257 top1=1.000 | val loss=0.1649 | t=0.1s  *
[finetune_replay] ep   6/150 | train loss=0.0151 top1=1.000 | val loss=0.1347 | t=0.1s  *
[finetune_replay] ep   7/150 | train loss=0.0124 top1=1.000 | val loss=0.1151 | t=0.1s  *
[finetune_replay] ep   8/150 | train loss=0.0070 top1=1.000 | val loss=0.1130 | t=0.1s  *
[finetune_replay] ep   9/150 | train loss=0.0061 top1=1.000 | val loss=0.1225 | t=0.1s
[finetune_replay] ep  10/150 | train loss=0.0053 top1=1.000 | val loss=0.1435 | t=0.1s
[finetune_replay] ep  11/150 | train loss=0.0049 top1=1.000 | val loss=0.1239 | t=0.1s
[finetune_replay] ep  12/150 | train loss=0.0034 top1=1.000 | val loss=0.1193 | t=0.1s
[finetune_replay] ep  13/150 | train loss=0.0038 top1=1.000 | val loss=0.1232 | t=0.1s
[finetune_replay] ep  14/150 | train loss=0.0030 top1=1.000 | val loss=0.1329 | t=0.1s
[finetune_replay] ep  15/150 | train loss=0.0027 top1=1.000 | val loss=0.1322 | t=0.1s
[finetune_replay] ep  16/150 | train loss=0.0026 top1=1.000 | val loss=0.1280 | t=0.1s
[finetune_replay] ep  17/150 | train loss=0.0025 top1=1.000 | val loss=0.1273 | t=0.1s
[finetune_replay] ep  18/150 | train loss=0.0028 top1=1.000 | val loss=0.1272 | t=0.1s
[finetune_replay] ep  19/150 | train loss=0.0021 top1=1.000 | val loss=0.1276 | t=0.1s
[finetune_replay] ep  20/150 | train loss=0.0017 top1=1.000 | val loss=0.1266 | t=0.1s
[finetune_replay] ep  21/150 | train loss=0.0021 top1=1.000 | val loss=0.1250 | t=0.1s
[finetune_replay] ep  22/150 | train loss=0.0014 top1=1.000 | val loss=0.1219 | t=0.1s
[finetune_replay] ep  23/150 | train loss=0.0021 top1=1.000 | val loss=0.1159 | t=0.1s
[finetune_replay] ep  24/150 | train loss=0.0013 top1=1.000 | val loss=0.1119 | t=0.1s  *
[finetune_replay] ep  25/150 | train loss=0.0015 top1=1.000 | val loss=0.1124 | t=0.1s
[finetune_replay] ep  26/150 | train loss=0.0013 top1=1.000 | val loss=0.1165 | t=0.1s
[finetune_replay] ep  27/150 | train loss=0.0013 top1=1.000 | val loss=0.1200 | t=0.1s
[finetune_replay] ep  28/150 | train loss=0.0018 top1=1.000 | val loss=0.1245 | t=0.1s
[finetune_replay] ep  29/150 | train loss=0.0012 top1=1.000 | val loss=0.1279 | t=0.1s
[finetune_replay] ep  30/150 | train loss=0.0013 top1=1.000 | val loss=0.1231 | t=0.1s
[finetune_replay] ep  31/150 | train loss=0.0014 top1=1.000 | val loss=0.1202 | t=0.1s
[finetune_replay] ep  32/150 | train loss=0.0009 top1=1.000 | val loss=0.1205 | t=0.1s
[finetune_replay] ep  33/150 | train loss=0.0010 top1=1.000 | val loss=0.1211 | t=0.1s
[finetune_replay] ep  34/150 | train loss=0.0015 top1=1.000 | val loss=0.1207 | t=0.1s
[finetune_replay] ep  35/150 | train loss=0.0013 top1=1.000 | val loss=0.1190 | t=0.1s
[finetune_replay] ep  36/150 | train loss=0.0014 top1=1.000 | val loss=0.1178 | t=0.1s
[finetune_replay] ep  37/150 | train loss=0.0012 top1=1.000 | val loss=0.1203 | t=0.1s
[finetune_replay] ep  38/150 | train loss=0.0011 top1=1.000 | val loss=0.1236 | t=0.1s
[finetune_replay] ep  39/150 | train loss=0.0010 top1=1.000 | val loss=0.1296 | t=0.1s
[finetune_replay] ep  40/150 | train loss=0.0012 top1=1.000 | val loss=0.1334 | t=0.1s
[finetune_replay] ep  41/150 | train loss=0.0015 top1=1.000 | val loss=0.1329 | t=0.1s
[finetune_replay] ep  42/150 | train loss=0.0011 top1=1.000 | val loss=0.1265 | t=0.1s
[finetune_replay] ep  43/150 | train loss=0.0010 top1=1.000 | val loss=0.1240 | t=0.1s
[finetune_replay] ep  44/150 | train loss=0.0009 top1=1.000 | val loss=0.1238 | t=0.1s
[finetune_replay] ep  45/150 | train loss=0.0009 top1=1.000 | val loss=0.1241 | t=0.1s
[finetune_replay] ep  46/150 | train loss=0.0009 top1=1.000 | val loss=0.1231 | t=0.1s
[finetune_replay] ep  47/150 | train loss=0.0008 top1=1.000 | val loss=0.1218 | t=0.1s
[finetune_replay] ep  48/150 | train loss=0.0009 top1=1.000 | val loss=0.1227 | t=0.1s
[finetune_replay] ep  49/150 | train loss=0.0011 top1=1.000 | val loss=0.1260 | t=0.1s
[finetune_replay] ep  50/150 | train loss=0.0009 top1=1.000 | val loss=0.1302 | t=0.1s
[finetune_replay] ep  51/150 | train loss=0.0007 top1=1.000 | val loss=0.1338 | t=0.1s
[finetune_replay] ep  52/150 | train loss=0.0008 top1=1.000 | val loss=0.1329 | t=0.1s
[finetune_replay] ep  53/150 | train loss=0.0009 top1=1.000 | val loss=0.1283 | t=0.1s
[finetune_replay] ep  54/150 | train loss=0.0008 top1=1.000 | val loss=0.1242 | t=0.1s
[finetune_replay] ep  55/150 | train loss=0.0009 top1=1.000 | val loss=0.1219 | t=0.1s
[finetune_replay] ep  56/150 | train loss=0.0010 top1=1.000 | val loss=0.1228 | t=0.1s
[finetune_replay] ep  57/150 | train loss=0.0010 top1=1.000 | val loss=0.1264 | t=0.1s
[finetune_replay] ep  58/150 | train loss=0.0007 top1=1.000 | val loss=0.1279 | t=0.1s
[finetune_replay] ep  59/150 | train loss=0.0009 top1=1.000 | val loss=0.1311 | t=0.1s
[finetune_replay] ep  60/150 | train loss=0.0008 top1=1.000 | val loss=0.1306 | t=0.1s
[finetune_replay] ep  61/150 | train loss=0.0008 top1=1.000 | val loss=0.1298 | t=0.1s
[finetune_replay] ep  62/150 | train loss=0.0007 top1=1.000 | val loss=0.1306 | t=0.1s
[finetune_replay] ep  63/150 | train loss=0.0006 top1=1.000 | val loss=0.1313 | t=0.1s
[finetune_replay] ep  64/150 | train loss=0.0007 top1=1.000 | val loss=0.1306 | t=0.1s
[finetune_replay] ep  65/150 | train loss=0.0008 top1=1.000 | val loss=0.1289 | t=0.1s
[finetune_replay] ep  66/150 | train loss=0.0008 top1=1.000 | val loss=0.1269 | t=0.1s
[finetune_replay] ep  67/150 | train loss=0.0009 top1=1.000 | val loss=0.1238 | t=0.1s
[finetune_replay] ep  68/150 | train loss=0.0007 top1=1.000 | val loss=0.1240 | t=0.1s
[finetune_replay] ep  69/150 | train loss=0.0008 top1=1.000 | val loss=0.1269 | t=0.1s
[finetune_replay] ep  70/150 | train loss=0.0009 top1=1.000 | val loss=0.1292 | t=0.1s
[finetune_replay] ep  71/150 | train loss=0.0007 top1=1.000 | val loss=0.1315 | t=0.1s
[finetune_replay] ep  72/150 | train loss=0.0008 top1=1.000 | val loss=0.1317 | t=0.1s
[finetune_replay] ep  73/150 | train loss=0.0008 top1=1.000 | val loss=0.1307 | t=0.1s
[finetune_replay] ep  74/150 | train loss=0.0007 top1=1.000 | val loss=0.1297 | t=0.1s
[finetune_replay] ep  75/150 | train loss=0.0007 top1=1.000 | val loss=0.1296 | t=0.1s
[finetune_replay] ep  76/150 | train loss=0.0007 top1=1.000 | val loss=0.1298 | t=0.1s
[finetune_replay] ep  77/150 | train loss=0.0006 top1=1.000 | val loss=0.1290 | t=0.1s
[finetune_replay] ep  78/150 | train loss=0.0007 top1=1.000 | val loss=0.1279 | t=0.1s
[finetune_replay] ep  79/150 | train loss=0.0005 top1=1.000 | val loss=0.1273 | t=0.1s
[finetune_replay] ep  80/150 | train loss=0.0006 top1=1.000 | val loss=0.1277 | t=0.1s
[finetune_replay] ep  81/150 | train loss=0.0006 top1=1.000 | val loss=0.1295 | t=0.1s
[finetune_replay] ep  82/150 | train loss=0.0007 top1=1.000 | val loss=0.1312 | t=0.1s
[finetune_replay] ep  83/150 | train loss=0.0006 top1=1.000 | val loss=0.1304 | t=0.1s
[finetune_replay] ep  84/150 | train loss=0.0007 top1=1.000 | val loss=0.1280 | t=0.1s
[finetune_replay] ep  85/150 | train loss=0.0007 top1=1.000 | val loss=0.1278 | t=0.1s
[finetune_replay] ep  86/150 | train loss=0.0008 top1=1.000 | val loss=0.1293 | t=0.1s
[finetune_replay] ep  87/150 | train loss=0.0006 top1=1.000 | val loss=0.1307 | t=0.1s
[finetune_replay] ep  88/150 | train loss=0.0006 top1=1.000 | val loss=0.1314 | t=0.1s
[finetune_replay] ep  89/150 | train loss=0.0005 top1=1.000 | val loss=0.1317 | t=0.1s
[finetune_replay] ep  90/150 | train loss=0.0006 top1=1.000 | val loss=0.1301 | t=0.1s
[finetune_replay] ep  91/150 | train loss=0.0007 top1=1.000 | val loss=0.1292 | t=0.1s
[finetune_replay] ep  92/150 | train loss=0.0007 top1=1.000 | val loss=0.1280 | t=0.1s
[finetune_replay] ep  93/150 | train loss=0.0006 top1=1.000 | val loss=0.1285 | t=0.1s
[finetune_replay] ep  94/150 | train loss=0.0005 top1=1.000 | val loss=0.1275 | t=0.1s
[finetune_replay] ep  95/150 | train loss=0.0006 top1=1.000 | val loss=0.1271 | t=0.1s
[finetune_replay] ep  96/150 | train loss=0.0006 top1=1.000 | val loss=0.1274 | t=0.1s
[finetune_replay] ep  97/150 | train loss=0.0007 top1=1.000 | val loss=0.1279 | t=0.1s
[finetune_replay] ep  98/150 | train loss=0.0006 top1=1.000 | val loss=0.1290 | t=0.1s
[finetune_replay] ep  99/150 | train loss=0.0007 top1=1.000 | val loss=0.1298 | t=0.1s
[finetune_replay] ep 100/150 | train loss=0.0005 top1=1.000 | val loss=0.1307 | t=0.1s
[finetune_replay] ep 101/150 | train loss=0.0007 top1=1.000 | val loss=0.1313 | t=0.1s
[finetune_replay] ep 102/150 | train loss=0.0006 top1=1.000 | val loss=0.1315 | t=0.1s
[finetune_replay] ep 103/150 | train loss=0.0008 top1=1.000 | val loss=0.1307 | t=0.1s
[finetune_replay] ep 104/150 | train loss=0.0006 top1=1.000 | val loss=0.1299 | t=0.1s
[finetune_replay] ep 105/150 | train loss=0.0005 top1=1.000 | val loss=0.1291 | t=0.1s
[finetune_replay] ep 106/150 | train loss=0.0005 top1=1.000 | val loss=0.1289 | t=0.1s
[finetune_replay] ep 107/150 | train loss=0.0005 top1=1.000 | val loss=0.1286 | t=0.1s
[finetune_replay] ep 108/150 | train loss=0.0005 top1=1.000 | val loss=0.1282 | t=0.1s
[finetune_replay] ep 109/150 | train loss=0.0006 top1=1.000 | val loss=0.1282 | t=0.1s
[finetune_replay] ep 110/150 | train loss=0.0006 top1=1.000 | val loss=0.1281 | t=0.1s
[finetune_replay] ep 111/150 | train loss=0.0005 top1=1.000 | val loss=0.1283 | t=0.1s
[finetune_replay] ep 112/150 | train loss=0.0005 top1=1.000 | val loss=0.1279 | t=0.1s
[finetune_replay] ep 113/150 | train loss=0.0007 top1=1.000 | val loss=0.1281 | t=0.1s
[finetune_replay] ep 114/150 | train loss=0.0006 top1=1.000 | val loss=0.1282 | t=0.1s
[finetune_replay] ep 115/150 | train loss=0.0006 top1=1.000 | val loss=0.1286 | t=0.1s
[finetune_replay] ep 116/150 | train loss=0.0007 top1=1.000 | val loss=0.1283 | t=0.1s
[finetune_replay] ep 117/150 | train loss=0.0006 top1=1.000 | val loss=0.1286 | t=0.1s
[finetune_replay] ep 118/150 | train loss=0.0005 top1=1.000 | val loss=0.1286 | t=0.1s
[finetune_replay] ep 119/150 | train loss=0.0005 top1=1.000 | val loss=0.1280 | t=0.1s
[finetune_replay] ep 120/150 | train loss=0.0006 top1=1.000 | val loss=0.1279 | t=0.1s
[finetune_replay] ep 121/150 | train loss=0.0006 top1=1.000 | val loss=0.1275 | t=0.1s
[finetune_replay] ep 122/150 | train loss=0.0007 top1=1.000 | val loss=0.1282 | t=0.1s
[finetune_replay] ep 123/150 | train loss=0.0005 top1=1.000 | val loss=0.1283 | t=0.1s
[finetune_replay] ep 124/150 | train loss=0.0006 top1=1.000 | val loss=0.1289 | t=0.1s
[finetune_replay] ep 125/150 | train loss=0.0006 top1=1.000 | val loss=0.1288 | t=0.1s
[finetune_replay] ep 126/150 | train loss=0.0006 top1=1.000 | val loss=0.1292 | t=0.1s
[finetune_replay] ep 127/150 | train loss=0.0005 top1=1.000 | val loss=0.1292 | t=0.1s
[finetune_replay] ep 128/150 | train loss=0.0007 top1=1.000 | val loss=0.1291 | t=0.1s
[finetune_replay] ep 129/150 | train loss=0.0006 top1=1.000 | val loss=0.1288 | t=0.1s
[finetune_replay] ep 130/150 | train loss=0.0006 top1=1.000 | val loss=0.1291 | t=0.1s
[finetune_replay] ep 131/150 | train loss=0.0007 top1=1.000 | val loss=0.1288 | t=0.1s
[finetune_replay] ep 132/150 | train loss=0.0005 top1=1.000 | val loss=0.1284 | t=0.1s
[finetune_replay] ep 133/150 | train loss=0.0006 top1=1.000 | val loss=0.1286 | t=0.1s
[finetune_replay] ep 134/150 | train loss=0.0006 top1=1.000 | val loss=0.1284 | t=0.1s
[finetune_replay] ep 135/150 | train loss=0.0006 top1=1.000 | val loss=0.1286 | t=0.1s
[finetune_replay] ep 136/150 | train loss=0.0006 top1=1.000 | val loss=0.1284 | t=0.1s
[finetune_replay] ep 137/150 | train loss=0.0006 top1=1.000 | val loss=0.1282 | t=0.1s
[finetune_replay] ep 138/150 | train loss=0.0005 top1=1.000 | val loss=0.1286 | t=0.1s
[finetune_replay] ep 139/150 | train loss=0.0005 top1=1.000 | val loss=0.1285 | t=0.1s
[finetune_replay] ep 140/150 | train loss=0.0006 top1=1.000 | val loss=0.1287 | t=0.1s
[finetune_replay] ep 141/150 | train loss=0.0006 top1=1.000 | val loss=0.1288 | t=0.1s
[finetune_replay] ep 142/150 | train loss=0.0005 top1=1.000 | val loss=0.1288 | t=0.1s
[finetune_replay] ep 143/150 | train loss=0.0006 top1=1.000 | val loss=0.1288 | t=0.1s
[finetune_replay] ep 144/150 | train loss=0.0006 top1=1.000 | val loss=0.1287 | t=0.1s
[finetune_replay] ep 145/150 | train loss=0.0006 top1=1.000 | val loss=0.1288 | t=0.1s
[finetune_replay] ep 146/150 | train loss=0.0006 top1=1.000 | val loss=0.1282 | t=0.1s
[finetune_replay] ep 147/150 | train loss=0.0007 top1=1.000 | val loss=0.1281 | t=0.1s
[finetune_replay] ep 148/150 | train loss=0.0006 top1=1.000 | val loss=0.1277 | t=0.1s
[finetune_replay] ep 149/150 | train loss=0.0005 top1=1.000 | val loss=0.1278 | t=0.1s
[finetune_replay] ep 150/150 | train loss=0.0005 top1=1.000 | val loss=0.1279 | t=0.1s
[finetune_replay] DONE best_val_loss=0.1119 @ epoch 24
[19:33:30] [bo-budget] $ /home/s226137394/.conda/envs/maze/bin/python3 -u -m Equivariant_pathway.equivariant_CNN_hybrid.rollout_test --checkpoint /weka/s226137394/DmNfull/Equivariant_pathway/equivariant_CNN_hybrid/baseline_vs_p4/pool_x_selector/results_hpsweep/e150_lr5e-05_rm0.5_do0/run_6/p4_top3_rotate/checkpoints/best_hybrid_policy.pth --layouts /weka/s226137394/DmNfull/Equivariant_pathway/equivariant_CNN_hybrid/baseline_vs_p4/shared/heldout_layouts.yaml --out_dir /weka/s226137394/DmNfull/Equivariant_pathway/equivariant_CNN_hybrid/baseline_vs_p4/pool_x_selector/results_hpsweep/e150_lr5e-05_rm0.5_do0/run_6/p4_top3_rotate/results/eval_round_003 --seed 9 --max_steps 60
[hybrid-rollout] 200 unique; running 200 eps
[hybrid-rollout] loaded /weka/s226137394/DmNfull/Equivariant_pathway/equivariant_CNN_hybrid/baseline_vs_p4/pool_x_selector/results_hpsweep/e150_lr5e-05_rm0.5_do0/run_6/p4_top3_rotate/checkpoints/best_hybrid_policy.pth
[hybrid-rollout] ep 0 (heldout_001): steps=5 success=True
[hybrid-rollout] ep 1 (heldout_002): steps=4 success=True
[hybrid-rollout] ep 2 (heldout_003): steps=60 success=False
[hybrid-rollout] ep 3 (heldout_004): steps=60 success=False
[hybrid-rollout] ep 4 (heldout_005): steps=5 success=True
[hybrid-rollout] ep 5 (heldout_006): steps=3 success=False
[hybrid-rollout] ep 6 (heldout_007): steps=5 success=True
[hybrid-rollout] ep 7 (heldout_008): steps=4 success=True
[hybrid-rollout] ep 8 (heldout_009): steps=2 success=False
[hybrid-rollout] ep 9 (heldout_010): steps=60 success=False
[hybrid-rollout] ep 10 (heldout_011): steps=4 success=True
[hybrid-rollout] ep 11 (heldout_012): steps=4 success=True
[hybrid-rollout] ep 12 (heldout_013): steps=60 success=False
[hybrid-rollout] ep 13 (heldout_014): steps=5 success=True
[hybrid-rollout] ep 14 (heldout_015): steps=4 success=True
[hybrid-rollout] ep 15 (heldout_016): steps=5 success=True
[hybrid-rollout] ep 16 (heldout_017): steps=60 success=False
[hybrid-rollout] ep 17 (heldout_018): steps=60 success=False
[hybrid-rollout] ep 18 (heldout_019): steps=60 success=False
[hybrid-rollout] ep 19 (heldout_020): steps=5 success=True
[hybrid-rollout] ep 20 (heldout_021): steps=60 success=False
[hybrid-rollout] ep 21 (heldout_022): steps=60 success=False
[hybrid-rollout] ep 22 (heldout_023): steps=60 success=False
[hybrid-rollout] ep 23 (heldout_024): steps=60 success=False
[hybrid-rollout] ep 24 (heldout_025): steps=4 success=True
[hybrid-rollout] ep 25 (heldout_026): steps=4 success=True
[hybrid-rollout] ep 26 (heldout_027): steps=4 success=True
[hybrid-rollout] ep 27 (heldout_028): steps=4 success=True
[hybrid-rollout] ep 28 (heldout_029): steps=60 success=False
[hybrid-rollout] ep 29 (heldout_030): steps=60 success=False
[hybrid-rollout] ep 30 (heldout_031): steps=60 success=False
[hybrid-rollout] ep 31 (heldout_032): steps=5 success=True
[hybrid-rollout] ep 32 (heldout_033): steps=4 success=True
[hybrid-rollout] ep 33 (heldout_034): steps=60 success=False
[hybrid-rollout] ep 34 (heldout_035): steps=60 success=False
[hybrid-rollout] ep 35 (heldout_036): steps=5 success=True
[hybrid-rollout] ep 36 (heldout_037): steps=2 success=False
[hybrid-rollout] ep 37 (heldout_038): steps=60 success=False
[hybrid-rollout] ep 38 (heldout_039): steps=6 success=True
[hybrid-rollout] ep 39 (heldout_040): steps=60 success=False
[hybrid-rollout] ep 40 (heldout_041): steps=60 success=False
[hybrid-rollout] ep 41 (heldout_042): steps=4 success=True
[hybrid-rollout] ep 42 (heldout_043): steps=4 success=True
[hybrid-rollout] ep 43 (heldout_044): steps=5 success=True
[hybrid-rollout] ep 44 (heldout_045): steps=60 success=False
[hybrid-rollout] ep 45 (heldout_046): steps=4 success=True
[hybrid-rollout] ep 46 (heldout_047): steps=6 success=True
[hybrid-rollout] ep 47 (heldout_048): steps=6 success=True
[hybrid-rollout] ep 48 (heldout_049): steps=60 success=False
[hybrid-rollout] ep 49 (heldout_050): steps=4 success=True
[hybrid-rollout] ep 50 (heldout_051): steps=4 success=True
[hybrid-rollout] ep 51 (heldout_052): steps=4 success=True
[hybrid-rollout] ep 52 (heldout_053): steps=60 success=False
[hybrid-rollout] ep 53 (heldout_054): steps=4 success=True
[hybrid-rollout] ep 54 (heldout_055): steps=60 success=False
[hybrid-rollout] ep 55 (heldout_056): steps=4 success=True
[hybrid-rollout] ep 56 (heldout_057): steps=4 success=True
[hybrid-rollout] ep 57 (heldout_058): steps=4 success=True
[hybrid-rollout] ep 58 (heldout_059): steps=5 success=True
[hybrid-rollout] ep 59 (heldout_060): steps=6 success=True
[hybrid-rollout] ep 60 (heldout_061): steps=5 success=True
[hybrid-rollout] ep 61 (heldout_062): steps=6 success=True
[hybrid-rollout] ep 62 (heldout_063): steps=5 success=True
[hybrid-rollout] ep 63 (heldout_064): steps=4 success=True
[hybrid-rollout] ep 64 (heldout_065): steps=3 success=False
[hybrid-rollout] ep 65 (heldout_066): steps=6 success=True
[hybrid-rollout] ep 66 (heldout_067): steps=5 success=True
[hybrid-rollout] ep 67 (heldout_068): steps=4 success=True
[hybrid-rollout] ep 68 (heldout_069): steps=60 success=False
[hybrid-rollout] ep 69 (heldout_070): steps=60 success=False
[hybrid-rollout] ep 70 (heldout_071): steps=5 success=True
[hybrid-rollout] ep 71 (heldout_072): steps=5 success=True
[hybrid-rollout] ep 72 (heldout_073): steps=60 success=False
[hybrid-rollout] ep 73 (heldout_074): steps=4 success=True
[hybrid-rollout] ep 74 (heldout_075): steps=5 success=True
[hybrid-rollout] ep 75 (heldout_076): steps=60 success=False
[hybrid-rollout] ep 76 (heldout_077): steps=4 success=True
[hybrid-rollout] ep 77 (heldout_078): steps=3 success=False
[hybrid-rollout] ep 78 (heldout_079): steps=4 success=True
[hybrid-rollout] ep 79 (heldout_080): steps=4 success=True
[hybrid-rollout] ep 80 (heldout_081): steps=60 success=False
[hybrid-rollout] ep 81 (heldout_082): steps=5 success=True
[hybrid-rollout] ep 82 (heldout_083): steps=4 success=True
[hybrid-rollout] ep 83 (heldout_084): steps=1 success=False
[hybrid-rollout] ep 84 (heldout_085): steps=60 success=False
[hybrid-rollout] ep 85 (heldout_086): steps=6 success=True
[hybrid-rollout] ep 86 (heldout_087): steps=7 success=True
[hybrid-rollout] ep 87 (heldout_088): steps=4 success=True
[hybrid-rollout] ep 88 (heldout_089): steps=3 success=False
[hybrid-rollout] ep 89 (heldout_090): steps=4 success=True
[hybrid-rollout] ep 90 (heldout_091): steps=5 success=True
[hybrid-rollout] ep 91 (heldout_092): steps=5 success=True
[hybrid-rollout] ep 92 (heldout_093): steps=1 success=False
[hybrid-rollout] ep 93 (heldout_094): steps=6 success=True
[hybrid-rollout] ep 94 (heldout_095): steps=7 success=True
[hybrid-rollout] ep 95 (heldout_096): steps=5 success=True
[hybrid-rollout] ep 96 (heldout_097): steps=5 success=True
[hybrid-rollout] ep 97 (heldout_098): steps=5 success=True
[hybrid-rollout] ep 98 (heldout_099): steps=60 success=False
[hybrid-rollout] ep 99 (heldout_100): steps=60 success=False
[hybrid-rollout] ep 100 (heldout_101): steps=4 success=True
[hybrid-rollout] ep 101 (heldout_102): steps=4 success=True
[hybrid-rollout] ep 102 (heldout_103): steps=60 success=False
[hybrid-rollout] ep 103 (heldout_104): steps=6 success=True
[hybrid-rollout] ep 104 (heldout_105): steps=60 success=False
[hybrid-rollout] ep 105 (heldout_106): steps=60 success=False
[hybrid-rollout] ep 106 (heldout_107): steps=4 success=True
[hybrid-rollout] ep 107 (heldout_108): steps=4 success=True
[hybrid-rollout] ep 108 (heldout_109): steps=4 success=True
[hybrid-rollout] ep 109 (heldout_110): steps=60 success=False
[hybrid-rollout] ep 110 (heldout_111): steps=60 success=False
[hybrid-rollout] ep 111 (heldout_112): steps=60 success=False
[hybrid-rollout] ep 112 (heldout_113): steps=7 success=True
[hybrid-rollout] ep 113 (heldout_114): steps=60 success=False
[hybrid-rollout] ep 114 (heldout_115): steps=4 success=True
[hybrid-rollout] ep 115 (heldout_116): steps=60 success=False
[hybrid-rollout] ep 116 (heldout_117): steps=1 success=False
[hybrid-rollout] ep 117 (heldout_118): steps=60 success=False
[hybrid-rollout] ep 118 (heldout_119): steps=60 success=False
[hybrid-rollout] ep 119 (heldout_120): steps=7 success=True
[hybrid-rollout] ep 120 (heldout_121): steps=4 success=True
[hybrid-rollout] ep 121 (heldout_122): steps=60 success=False
[hybrid-rollout] ep 122 (heldout_123): steps=6 success=True
[hybrid-rollout] ep 123 (heldout_124): steps=4 success=False
[hybrid-rollout] ep 124 (heldout_125): steps=4 success=True
[hybrid-rollout] ep 125 (heldout_126): steps=4 success=True
[hybrid-rollout] ep 126 (heldout_127): steps=60 success=False
[hybrid-rollout] ep 127 (heldout_128): steps=60 success=False
[hybrid-rollout] ep 128 (heldout_129): steps=60 success=False
[hybrid-rollout] ep 129 (heldout_130): steps=4 success=True
[hybrid-rollout] ep 130 (heldout_131): steps=60 success=False
[hybrid-rollout] ep 131 (heldout_132): steps=4 success=True
[hybrid-rollout] ep 132 (heldout_133): steps=4 success=True
[hybrid-rollout] ep 133 (heldout_134): steps=60 success=False
[hybrid-rollout] ep 134 (heldout_135): steps=6 success=True
[hybrid-rollout] ep 135 (heldout_136): steps=5 success=True
[hybrid-rollout] ep 136 (heldout_137): steps=5 success=True
[hybrid-rollout] ep 137 (heldout_138): steps=4 success=True
[hybrid-rollout] ep 138 (heldout_139): steps=4 success=True
[hybrid-rollout] ep 139 (heldout_140): steps=60 success=False
[hybrid-rollout] ep 140 (heldout_141): steps=5 success=True
[hybrid-rollout] ep 141 (heldout_142): steps=4 success=True
[hybrid-rollout] ep 142 (heldout_143): steps=8 success=True
[hybrid-rollout] ep 143 (heldout_144): steps=4 success=True
[hybrid-rollout] ep 144 (heldout_145): steps=5 success=True
[hybrid-rollout] ep 145 (heldout_146): steps=60 success=False
[hybrid-rollout] ep 146 (heldout_147): steps=4 success=True
[hybrid-rollout] ep 147 (heldout_148): steps=60 success=False
[hybrid-rollout] ep 148 (heldout_149): steps=60 success=False
[hybrid-rollout] ep 149 (heldout_150): steps=4 success=True
[hybrid-rollout] ep 150 (heldout_151): steps=5 success=True
[hybrid-rollout] ep 151 (heldout_152): steps=1 success=False
[hybrid-rollout] ep 152 (heldout_153): steps=5 success=True
[hybrid-rollout] ep 153 (heldout_154): steps=60 success=False
[hybrid-rollout] ep 154 (heldout_155): steps=60 success=False
[hybrid-rollout] ep 155 (heldout_156): steps=60 success=False
[hybrid-rollout] ep 156 (heldout_157): steps=3 success=False
[hybrid-rollout] ep 157 (heldout_158): steps=3 success=False
[hybrid-rollout] ep 158 (heldout_159): steps=6 success=True
[hybrid-rollout] ep 159 (heldout_160): steps=60 success=False
[hybrid-rollout] ep 160 (heldout_161): steps=60 success=False
[hybrid-rollout] ep 161 (heldout_162): steps=5 success=True
[hybrid-rollout] ep 162 (heldout_163): steps=4 success=True
[hybrid-rollout] ep 163 (heldout_164): steps=60 success=False
[hybrid-rollout] ep 164 (heldout_165): steps=5 success=True
[hybrid-rollout] ep 165 (heldout_166): steps=60 success=False
[hybrid-rollout] ep 166 (heldout_167): steps=60 success=False
[hybrid-rollout] ep 167 (heldout_168): steps=4 success=True
[hybrid-rollout] ep 168 (heldout_169): steps=4 success=False
[hybrid-rollout] ep 169 (heldout_170): steps=5 success=False
[hybrid-rollout] ep 170 (heldout_171): steps=60 success=False
[hybrid-rollout] ep 171 (heldout_172): steps=5 success=True
[hybrid-rollout] ep 172 (heldout_173): steps=4 success=True
[hybrid-rollout] ep 173 (heldout_174): steps=60 success=False
[hybrid-rollout] ep 174 (heldout_175): steps=5 success=True
[hybrid-rollout] ep 175 (heldout_176): steps=6 success=True
[hybrid-rollout] ep 176 (heldout_177): steps=6 success=True
[hybrid-rollout] ep 177 (heldout_178): steps=5 success=True
[hybrid-rollout] ep 178 (heldout_179): steps=60 success=False
[hybrid-rollout] ep 179 (heldout_180): steps=4 success=True
[hybrid-rollout] ep 180 (heldout_181): steps=5 success=True
[hybrid-rollout] ep 181 (heldout_182): steps=4 success=True
[hybrid-rollout] ep 182 (heldout_183): steps=5 success=True
[hybrid-rollout] ep 183 (heldout_184): steps=5 success=False
[hybrid-rollout] ep 184 (heldout_185): steps=60 success=False
[hybrid-rollout] ep 185 (heldout_186): steps=4 success=True
[hybrid-rollout] ep 186 (heldout_187): steps=5 success=True
[hybrid-rollout] ep 187 (heldout_188): steps=60 success=False
[hybrid-rollout] ep 188 (heldout_189): steps=60 success=False
[hybrid-rollout] ep 189 (heldout_190): steps=7 success=True
[hybrid-rollout] ep 190 (heldout_191): steps=6 success=True
[hybrid-rollout] ep 191 (heldout_192): steps=7 success=True
[hybrid-rollout] ep 192 (heldout_193): steps=60 success=False
[hybrid-rollout] ep 193 (heldout_194): steps=6 success=True
[hybrid-rollout] ep 194 (heldout_195): steps=5 success=True
[hybrid-rollout] ep 195 (heldout_196): steps=4 success=True
[hybrid-rollout] ep 196 (heldout_197): steps=5 success=True
[hybrid-rollout] ep 197 (heldout_198): steps=60 success=False
[hybrid-rollout] ep 198 (heldout_199): steps=4 success=True
[hybrid-rollout] ep 199 (heldout_200): steps=4 success=True
[hybrid-rollout] DONE successes=117/200
[19:35:27] [replay_p4] run 6 round 3: extras=3 heldout_sr=0.585
[19:35:27] [replay_p4] $ /home/s226137394/.conda/envs/maze/bin/python3 -u -m Equivariant_pathway.equivariant_CNN_hybrid.baseline_vs_p4.pool_x_selector.trainer.finetune_replay --demo_dir /weka/s226137394/DmNfull/Equivariant_pathway/equivariant_CNN_hybrid/baseline_vs_p4/pool_x_selector/results_hpsweep/e150_lr5e-05_rm0.5_do0/run_6/p4_top3_rotate/demos --checkpoint_dir /weka/s226137394/DmNfull/Equivariant_pathway/equivariant_CNN_hybrid/baseline_vs_p4/pool_x_selector/results_hpsweep/e150_lr5e-05_rm0.5_do0/run_6/p4_top3_rotate/checkpoints --epochs 150 --batch_size 64 --lr 5e-05 --weight_decay 0.0001 --replay_mix 0.5 --replay_mix_floor 0.2 --head_dropout 0.0 --seed 6 --resume --new_demos_dir /weka/s226137394/DmNfull/Equivariant_pathway/equivariant_CNN_hybrid/baseline_vs_p4/pool_x_selector/results_hpsweep/e150_lr5e-05_rm0.5_do0/run_6/p4_top3_rotate/demos/round_004
[finetune_replay] device=cuda demo_dir=/weka/s226137394/DmNfull/Equivariant_pathway/equivariant_CNN_hybrid/baseline_vs_p4/pool_x_selector/results_hpsweep/e150_lr5e-05_rm0.5_do0/run_6/p4_top3_rotate/demos new_demos_dir=/weka/s226137394/DmNfull/Equivariant_pathway/equivariant_CNN_hybrid/baseline_vs_p4/pool_x_selector/results_hpsweep/e150_lr5e-05_rm0.5_do0/run_6/p4_top3_rotate/demos/round_004
[hybrid-dataset] 23 demos -> 121 samples
[hybrid-dataset] 1 demos -> 4 samples
[finetune_replay] sampler audit: {'n_old_samples': 121, 'n_new_samples': 4, 'replay_mix_target': 0.5, 'replay_mix_effective': 0.5, 'replay_mix_floor': 0.2}
[finetune_replay] trainable params: 1,400,028
[finetune_replay] WARM START from last_hybrid_policy.pth
[finetune_replay] ep   1/150 | train loss=0.5747 top1=0.894 | val loss=0.4020 | t=0.8s  *
[finetune_replay] ep   2/150 | train loss=0.0696 top1=0.991 | val loss=0.2066 | t=0.2s  *
[finetune_replay] ep   3/150 | train loss=0.0269 top1=0.991 | val loss=0.2155 | t=0.1s
[finetune_replay] ep   4/150 | train loss=0.0449 top1=0.982 | val loss=0.3857 | t=0.1s
[finetune_replay] ep   5/150 | train loss=0.0115 top1=1.000 | val loss=0.3929 | t=0.1s
[finetune_replay] ep   6/150 | train loss=0.0067 top1=1.000 | val loss=0.2951 | t=0.1s
[finetune_replay] ep   7/150 | train loss=0.0139 top1=1.000 | val loss=0.2503 | t=0.1s
[finetune_replay] ep   8/150 | train loss=0.0127 top1=1.000 | val loss=0.3633 | t=0.1s
[finetune_replay] ep   9/150 | train loss=0.0059 top1=1.000 | val loss=0.4415 | t=0.1s
[finetune_replay] ep  10/150 | train loss=0.0055 top1=1.000 | val loss=0.4534 | t=0.1s
[finetune_replay] ep  11/150 | train loss=0.0037 top1=1.000 | val loss=0.4222 | t=0.1s
[finetune_replay] ep  12/150 | train loss=0.0022 top1=1.000 | val loss=0.3404 | t=0.1s
[finetune_replay] ep  13/150 | train loss=0.0043 top1=1.000 | val loss=0.3490 | t=0.1s
[finetune_replay] ep  14/150 | train loss=0.0022 top1=1.000 | val loss=0.3713 | t=0.1s
[finetune_replay] ep  15/150 | train loss=0.0036 top1=1.000 | val loss=0.3044 | t=0.1s
[finetune_replay] ep  16/150 | train loss=0.0018 top1=1.000 | val loss=0.2886 | t=0.1s
[finetune_replay] ep  17/150 | train loss=0.0021 top1=1.000 | val loss=0.3039 | t=0.1s
[finetune_replay] ep  18/150 | train loss=0.0017 top1=1.000 | val loss=0.3002 | t=0.1s
[finetune_replay] ep  19/150 | train loss=0.0014 top1=1.000 | val loss=0.2792 | t=0.1s
[finetune_replay] ep  20/150 | train loss=0.0022 top1=1.000 | val loss=0.2565 | t=0.1s
[finetune_replay] ep  21/150 | train loss=0.0013 top1=1.000 | val loss=0.2688 | t=0.1s
[finetune_replay] ep  22/150 | train loss=0.0012 top1=1.000 | val loss=0.3127 | t=0.1s
[finetune_replay] ep  23/150 | train loss=0.0021 top1=1.000 | val loss=0.3340 | t=0.1s
[finetune_replay] ep  24/150 | train loss=0.0014 top1=1.000 | val loss=0.3238 | t=0.1s
[finetune_replay] ep  25/150 | train loss=0.0015 top1=1.000 | val loss=0.3137 | t=0.1s
[finetune_replay] ep  26/150 | train loss=0.0013 top1=1.000 | val loss=0.3239 | t=0.1s
[finetune_replay] ep  27/150 | train loss=0.0013 top1=1.000 | val loss=0.3391 | t=0.1s
[finetune_replay] ep  28/150 | train loss=0.0015 top1=1.000 | val loss=0.3400 | t=0.1s
[finetune_replay] ep  29/150 | train loss=0.0008 top1=1.000 | val loss=0.3606 | t=0.1s
[finetune_replay] ep  30/150 | train loss=0.0014 top1=1.000 | val loss=0.3535 | t=0.1s
[finetune_replay] ep  31/150 | train loss=0.0008 top1=1.000 | val loss=0.3456 | t=0.1s
[finetune_replay] ep  32/150 | train loss=0.0011 top1=1.000 | val loss=0.3445 | t=0.1s
[finetune_replay] ep  33/150 | train loss=0.0010 top1=1.000 | val loss=0.3381 | t=0.1s
[finetune_replay] ep  34/150 | train loss=0.0012 top1=1.000 | val loss=0.3348 | t=0.1s
[finetune_replay] ep  35/150 | train loss=0.0011 top1=1.000 | val loss=0.3156 | t=0.1s
[finetune_replay] ep  36/150 | train loss=0.0009 top1=1.000 | val loss=0.3073 | t=0.1s
[finetune_replay] ep  37/150 | train loss=0.0009 top1=1.000 | val loss=0.3288 | t=0.1s
[finetune_replay] ep  38/150 | train loss=0.0013 top1=1.000 | val loss=0.3447 | t=0.1s
[finetune_replay] ep  39/150 | train loss=0.0007 top1=1.000 | val loss=0.3593 | t=0.1s
[finetune_replay] ep  40/150 | train loss=0.0010 top1=1.000 | val loss=0.3550 | t=0.1s
[finetune_replay] ep  41/150 | train loss=0.0007 top1=1.000 | val loss=0.3422 | t=0.2s
[finetune_replay] ep  42/150 | train loss=0.0011 top1=1.000 | val loss=0.3280 | t=0.1s
[finetune_replay] ep  43/150 | train loss=0.0009 top1=1.000 | val loss=0.3279 | t=0.1s
[finetune_replay] ep  44/150 | train loss=0.0008 top1=1.000 | val loss=0.3336 | t=0.1s
[finetune_replay] ep  45/150 | train loss=0.0008 top1=1.000 | val loss=0.3451 | t=0.1s
[finetune_replay] ep  46/150 | train loss=0.0007 top1=1.000 | val loss=0.3462 | t=0.1s
[finetune_replay] ep  47/150 | train loss=0.0009 top1=1.000 | val loss=0.3432 | t=0.1s
[finetune_replay] ep  48/150 | train loss=0.0008 top1=1.000 | val loss=0.3424 | t=0.1s
[finetune_replay] ep  49/150 | train loss=0.0008 top1=1.000 | val loss=0.3377 | t=0.1s
[finetune_replay] ep  50/150 | train loss=0.0010 top1=1.000 | val loss=0.3307 | t=0.1s
[finetune_replay] ep  51/150 | train loss=0.0006 top1=1.000 | val loss=0.3426 | t=0.1s
[finetune_replay] ep  52/150 | train loss=0.0008 top1=1.000 | val loss=0.3590 | t=0.1s
[finetune_replay] ep  53/150 | train loss=0.0007 top1=1.000 | val loss=0.3605 | t=0.1s
[finetune_replay] ep  54/150 | train loss=0.0008 top1=1.000 | val loss=0.3513 | t=0.1s
[finetune_replay] ep  55/150 | train loss=0.0008 top1=1.000 | val loss=0.3410 | t=0.1s
[finetune_replay] ep  56/150 | train loss=0.0009 top1=1.000 | val loss=0.3382 | t=0.1s
[finetune_replay] ep  57/150 | train loss=0.0007 top1=1.000 | val loss=0.3373 | t=0.1s
[finetune_replay] ep  58/150 | train loss=0.0005 top1=1.000 | val loss=0.3420 | t=0.1s
[finetune_replay] ep  59/150 | train loss=0.0008 top1=1.000 | val loss=0.3461 | t=0.1s
[finetune_replay] ep  60/150 | train loss=0.0007 top1=1.000 | val loss=0.3521 | t=0.1s
[finetune_replay] ep  61/150 | train loss=0.0007 top1=1.000 | val loss=0.3440 | t=0.1s
[finetune_replay] ep  62/150 | train loss=0.0009 top1=1.000 | val loss=0.3372 | t=0.1s
[finetune_replay] ep  63/150 | train loss=0.0005 top1=1.000 | val loss=0.3438 | t=0.1s
[finetune_replay] ep  64/150 | train loss=0.0006 top1=1.000 | val loss=0.3488 | t=0.1s
[finetune_replay] ep  65/150 | train loss=0.0006 top1=1.000 | val loss=0.3700 | t=0.1s
[finetune_replay] ep  66/150 | train loss=0.0008 top1=1.000 | val loss=0.3704 | t=0.1s
[finetune_replay] ep  67/150 | train loss=0.0007 top1=1.000 | val loss=0.3697 | t=0.1s
[finetune_replay] ep  68/150 | train loss=0.0007 top1=1.000 | val loss=0.3663 | t=0.1s
[finetune_replay] ep  69/150 | train loss=0.0004 top1=1.000 | val loss=0.3560 | t=0.1s
[finetune_replay] ep  70/150 | train loss=0.0005 top1=1.000 | val loss=0.3495 | t=0.1s
[finetune_replay] ep  71/150 | train loss=0.0008 top1=1.000 | val loss=0.3446 | t=0.1s
[finetune_replay] ep  72/150 | train loss=0.0006 top1=1.000 | val loss=0.3450 | t=0.1s
[finetune_replay] ep  73/150 | train loss=0.0005 top1=1.000 | val loss=0.3471 | t=0.1s
[finetune_replay] ep  74/150 | train loss=0.0007 top1=1.000 | val loss=0.3531 | t=0.1s
[finetune_replay] ep  75/150 | train loss=0.0006 top1=1.000 | val loss=0.3596 | t=0.1s
[finetune_replay] ep  76/150 | train loss=0.0006 top1=1.000 | val loss=0.3599 | t=0.1s
[finetune_replay] ep  77/150 | train loss=0.0006 top1=1.000 | val loss=0.3556 | t=0.1s
[finetune_replay] ep  78/150 | train loss=0.0007 top1=1.000 | val loss=0.3466 | t=0.1s
[finetune_replay] ep  79/150 | train loss=0.0006 top1=1.000 | val loss=0.3440 | t=0.1s
[finetune_replay] ep  80/150 | train loss=0.0007 top1=1.000 | val loss=0.3397 | t=0.1s
[finetune_replay] ep  81/150 | train loss=0.0005 top1=1.000 | val loss=0.3397 | t=0.1s
[finetune_replay] ep  82/150 | train loss=0.0006 top1=1.000 | val loss=0.3446 | t=0.1s
[finetune_replay] ep  83/150 | train loss=0.0005 top1=1.000 | val loss=0.3540 | t=0.1s
[finetune_replay] ep  84/150 | train loss=0.0005 top1=1.000 | val loss=0.3562 | t=0.1s
[finetune_replay] ep  85/150 | train loss=0.0005 top1=1.000 | val loss=0.3585 | t=0.1s
[finetune_replay] ep  86/150 | train loss=0.0006 top1=1.000 | val loss=0.3610 | t=0.1s
[finetune_replay] ep  87/150 | train loss=0.0005 top1=1.000 | val loss=0.3646 | t=0.1s
[finetune_replay] ep  88/150 | train loss=0.0006 top1=1.000 | val loss=0.3609 | t=0.1s
[finetune_replay] ep  89/150 | train loss=0.0007 top1=1.000 | val loss=0.3582 | t=0.1s
[finetune_replay] ep  90/150 | train loss=0.0007 top1=1.000 | val loss=0.3500 | t=0.1s
[finetune_replay] ep  91/150 | train loss=0.0004 top1=1.000 | val loss=0.3458 | t=0.1s
[finetune_replay] ep  92/150 | train loss=0.0004 top1=1.000 | val loss=0.3478 | t=0.1s
[finetune_replay] ep  93/150 | train loss=0.0007 top1=1.000 | val loss=0.3570 | t=0.1s
[finetune_replay] ep  94/150 | train loss=0.0005 top1=1.000 | val loss=0.3679 | t=0.1s
[finetune_replay] ep  95/150 | train loss=0.0006 top1=1.000 | val loss=0.3711 | t=0.1s
[finetune_replay] ep  96/150 | train loss=0.0005 top1=1.000 | val loss=0.3752 | t=0.1s
[finetune_replay] ep  97/150 | train loss=0.0007 top1=1.000 | val loss=0.3781 | t=0.1s
[finetune_replay] ep  98/150 | train loss=0.0005 top1=1.000 | val loss=0.3782 | t=0.1s
[finetune_replay] ep  99/150 | train loss=0.0006 top1=1.000 | val loss=0.3681 | t=0.1s
[finetune_replay] ep 100/150 | train loss=0.0007 top1=1.000 | val loss=0.3565 | t=0.1s
[finetune_replay] ep 101/150 | train loss=0.0007 top1=1.000 | val loss=0.3507 | t=0.1s
[finetune_replay] ep 102/150 | train loss=0.0005 top1=1.000 | val loss=0.3462 | t=0.1s
[finetune_replay] ep 103/150 | train loss=0.0007 top1=1.000 | val loss=0.3486 | t=0.1s
[finetune_replay] ep 104/150 | train loss=0.0005 top1=1.000 | val loss=0.3520 | t=0.1s
[finetune_replay] ep 105/150 | train loss=0.0006 top1=1.000 | val loss=0.3566 | t=0.1s
[finetune_replay] ep 106/150 | train loss=0.0005 top1=1.000 | val loss=0.3597 | t=0.1s
[finetune_replay] ep 107/150 | train loss=0.0005 top1=1.000 | val loss=0.3599 | t=0.1s
[finetune_replay] ep 108/150 | train loss=0.0005 top1=1.000 | val loss=0.3629 | t=0.1s
[finetune_replay] ep 109/150 | train loss=0.0004 top1=1.000 | val loss=0.3671 | t=0.1s
[finetune_replay] ep 110/150 | train loss=0.0004 top1=1.000 | val loss=0.3700 | t=0.1s
[finetune_replay] ep 111/150 | train loss=0.0005 top1=1.000 | val loss=0.3705 | t=0.1s
[finetune_replay] ep 112/150 | train loss=0.0004 top1=1.000 | val loss=0.3719 | t=0.1s
[finetune_replay] ep 113/150 | train loss=0.0005 top1=1.000 | val loss=0.3734 | t=0.1s
[finetune_replay] ep 114/150 | train loss=0.0006 top1=1.000 | val loss=0.3744 | t=0.1s
[finetune_replay] ep 115/150 | train loss=0.0006 top1=1.000 | val loss=0.3729 | t=0.1s
[finetune_replay] ep 116/150 | train loss=0.0004 top1=1.000 | val loss=0.3701 | t=0.1s
[finetune_replay] ep 117/150 | train loss=0.0005 top1=1.000 | val loss=0.3675 | t=0.1s
[finetune_replay] ep 118/150 | train loss=0.0005 top1=1.000 | val loss=0.3636 | t=0.1s
[finetune_replay] ep 119/150 | train loss=0.0005 top1=1.000 | val loss=0.3604 | t=0.1s
[finetune_replay] ep 120/150 | train loss=0.0005 top1=1.000 | val loss=0.3591 | t=0.1s
[finetune_replay] ep 121/150 | train loss=0.0006 top1=1.000 | val loss=0.3569 | t=0.1s
[finetune_replay] ep 122/150 | train loss=0.0005 top1=1.000 | val loss=0.3552 | t=0.1s
[finetune_replay] ep 123/150 | train loss=0.0006 top1=1.000 | val loss=0.3545 | t=0.1s
[finetune_replay] ep 124/150 | train loss=0.0005 top1=1.000 | val loss=0.3536 | t=0.1s
[finetune_replay] ep 125/150 | train loss=0.0004 top1=1.000 | val loss=0.3539 | t=0.1s
[finetune_replay] ep 126/150 | train loss=0.0006 top1=1.000 | val loss=0.3547 | t=0.1s
[finetune_replay] ep 127/150 | train loss=0.0004 top1=1.000 | val loss=0.3582 | t=0.1s
[finetune_replay] ep 128/150 | train loss=0.0005 top1=1.000 | val loss=0.3585 | t=0.1s
[finetune_replay] ep 129/150 | train loss=0.0004 top1=1.000 | val loss=0.3595 | t=0.1s
[finetune_replay] ep 130/150 | train loss=0.0005 top1=1.000 | val loss=0.3616 | t=0.1s
[finetune_replay] ep 131/150 | train loss=0.0005 top1=1.000 | val loss=0.3628 | t=0.1s
[finetune_replay] ep 132/150 | train loss=0.0005 top1=1.000 | val loss=0.3642 | t=0.1s
[finetune_replay] ep 133/150 | train loss=0.0006 top1=1.000 | val loss=0.3642 | t=0.1s
[finetune_replay] ep 134/150 | train loss=0.0004 top1=1.000 | val loss=0.3641 | t=0.1s
[finetune_replay] ep 135/150 | train loss=0.0006 top1=1.000 | val loss=0.3651 | t=0.1s
[finetune_replay] ep 136/150 | train loss=0.0004 top1=1.000 | val loss=0.3656 | t=0.1s
[finetune_replay] ep 137/150 | train loss=0.0006 top1=1.000 | val loss=0.3649 | t=0.1s
[finetune_replay] ep 138/150 | train loss=0.0006 top1=1.000 | val loss=0.3651 | t=0.1s
[finetune_replay] ep 139/150 | train loss=0.0006 top1=1.000 | val loss=0.3650 | t=0.1s
[finetune_replay] ep 140/150 | train loss=0.0004 top1=1.000 | val loss=0.3652 | t=0.1s
[finetune_replay] ep 141/150 | train loss=0.0005 top1=1.000 | val loss=0.3656 | t=0.1s
[finetune_replay] ep 142/150 | train loss=0.0004 top1=1.000 | val loss=0.3671 | t=0.1s
[finetune_replay] ep 143/150 | train loss=0.0005 top1=1.000 | val loss=0.3668 | t=0.1s
[finetune_replay] ep 144/150 | train loss=0.0003 top1=1.000 | val loss=0.3670 | t=0.1s
[finetune_replay] ep 145/150 | train loss=0.0006 top1=1.000 | val loss=0.3660 | t=0.1s
[finetune_replay] ep 146/150 | train loss=0.0004 top1=1.000 | val loss=0.3666 | t=0.1s
[finetune_replay] ep 147/150 | train loss=0.0006 top1=1.000 | val loss=0.3652 | t=0.1s
[finetune_replay] ep 148/150 | train loss=0.0005 top1=1.000 | val loss=0.3653 | t=0.1s
[finetune_replay] ep 149/150 | train loss=0.0006 top1=1.000 | val loss=0.3663 | t=0.1s
[finetune_replay] ep 150/150 | train loss=0.0006 top1=1.000 | val loss=0.3657 | t=0.1s
[finetune_replay] DONE best_val_loss=0.2066 @ epoch 2
[19:35:57] [bo-budget] $ /home/s226137394/.conda/envs/maze/bin/python3 -u -m Equivariant_pathway.equivariant_CNN_hybrid.rollout_test --checkpoint /weka/s226137394/DmNfull/Equivariant_pathway/equivariant_CNN_hybrid/baseline_vs_p4/pool_x_selector/results_hpsweep/e150_lr5e-05_rm0.5_do0/run_6/p4_top3_rotate/checkpoints/best_hybrid_policy.pth --layouts /weka/s226137394/DmNfull/Equivariant_pathway/equivariant_CNN_hybrid/baseline_vs_p4/shared/heldout_layouts.yaml --out_dir /weka/s226137394/DmNfull/Equivariant_pathway/equivariant_CNN_hybrid/baseline_vs_p4/pool_x_selector/results_hpsweep/e150_lr5e-05_rm0.5_do0/run_6/p4_top3_rotate/results/eval_round_004 --seed 10 --max_steps 60
[hybrid-rollout] 200 unique; running 200 eps
[hybrid-rollout] loaded /weka/s226137394/DmNfull/Equivariant_pathway/equivariant_CNN_hybrid/baseline_vs_p4/pool_x_selector/results_hpsweep/e150_lr5e-05_rm0.5_do0/run_6/p4_top3_rotate/checkpoints/best_hybrid_policy.pth
[hybrid-rollout] ep 0 (heldout_001): steps=5 success=True
[hybrid-rollout] ep 1 (heldout_002): steps=4 success=True
[hybrid-rollout] ep 2 (heldout_003): steps=4 success=True
[hybrid-rollout] ep 3 (heldout_004): steps=60 success=False
[hybrid-rollout] ep 4 (heldout_005): steps=5 success=True
[hybrid-rollout] ep 5 (heldout_006): steps=3 success=False
[hybrid-rollout] ep 6 (heldout_007): steps=60 success=False
[hybrid-rollout] ep 7 (heldout_008): steps=1 success=False
[hybrid-rollout] ep 8 (heldout_009): steps=6 success=True
[hybrid-rollout] ep 9 (heldout_010): steps=60 success=False
[hybrid-rollout] ep 10 (heldout_011): steps=4 success=True
[hybrid-rollout] ep 11 (heldout_012): steps=4 success=True
[hybrid-rollout] ep 12 (heldout_013): steps=60 success=False
[hybrid-rollout] ep 13 (heldout_014): steps=5 success=True
[hybrid-rollout] ep 14 (heldout_015): steps=4 success=True
[hybrid-rollout] ep 15 (heldout_016): steps=5 success=True
[hybrid-rollout] ep 16 (heldout_017): steps=60 success=False
[hybrid-rollout] ep 17 (heldout_018): steps=60 success=False
[hybrid-rollout] ep 18 (heldout_019): steps=60 success=False
[hybrid-rollout] ep 19 (heldout_020): steps=5 success=True
[hybrid-rollout] ep 20 (heldout_021): steps=4 success=True
[hybrid-rollout] ep 21 (heldout_022): steps=4 success=True
[hybrid-rollout] ep 22 (heldout_023): steps=60 success=False
[hybrid-rollout] ep 23 (heldout_024): steps=60 success=False
[hybrid-rollout] ep 24 (heldout_025): steps=4 success=True
[hybrid-rollout] ep 25 (heldout_026): steps=4 success=True
[hybrid-rollout] ep 26 (heldout_027): steps=4 success=True
[hybrid-rollout] ep 27 (heldout_028): steps=4 success=True
[hybrid-rollout] ep 28 (heldout_029): steps=60 success=False
[hybrid-rollout] ep 29 (heldout_030): steps=60 success=False
[hybrid-rollout] ep 30 (heldout_031): steps=5 success=True
[hybrid-rollout] ep 31 (heldout_032): steps=7 success=True
[hybrid-rollout] ep 32 (heldout_033): steps=4 success=True
[hybrid-rollout] ep 33 (heldout_034): steps=60 success=False
[hybrid-rollout] ep 34 (heldout_035): steps=60 success=False
[hybrid-rollout] ep 35 (heldout_036): steps=5 success=True
[hybrid-rollout] ep 36 (heldout_037): steps=4 success=True
[hybrid-rollout] ep 37 (heldout_038): steps=60 success=False
[hybrid-rollout] ep 38 (heldout_039): steps=6 success=True
[hybrid-rollout] ep 39 (heldout_040): steps=5 success=True
[hybrid-rollout] ep 40 (heldout_041): steps=60 success=False
[hybrid-rollout] ep 41 (heldout_042): steps=60 success=False
[hybrid-rollout] ep 42 (heldout_043): steps=4 success=True
[hybrid-rollout] ep 43 (heldout_044): steps=5 success=True
[hybrid-rollout] ep 44 (heldout_045): steps=5 success=True
[hybrid-rollout] ep 45 (heldout_046): steps=4 success=True
[hybrid-rollout] ep 46 (heldout_047): steps=4 success=True
[hybrid-rollout] ep 47 (heldout_048): steps=6 success=True
[hybrid-rollout] ep 48 (heldout_049): steps=5 success=True
[hybrid-rollout] ep 49 (heldout_050): steps=4 success=True
[hybrid-rollout] ep 50 (heldout_051): steps=4 success=True
[hybrid-rollout] ep 51 (heldout_052): steps=4 success=True
[hybrid-rollout] ep 52 (heldout_053): steps=3 success=False
[hybrid-rollout] ep 53 (heldout_054): steps=60 success=False
[hybrid-rollout] ep 54 (heldout_055): steps=60 success=False
[hybrid-rollout] ep 55 (heldout_056): steps=4 success=True
[hybrid-rollout] ep 56 (heldout_057): steps=2 success=False
[hybrid-rollout] ep 57 (heldout_058): steps=4 success=True
[hybrid-rollout] ep 58 (heldout_059): steps=5 success=True
[hybrid-rollout] ep 59 (heldout_060): steps=6 success=True
[hybrid-rollout] ep 60 (heldout_061): steps=5 success=True
[hybrid-rollout] ep 61 (heldout_062): steps=6 success=True
[hybrid-rollout] ep 62 (heldout_063): steps=5 success=True
[hybrid-rollout] ep 63 (heldout_064): steps=4 success=True
[hybrid-rollout] ep 64 (heldout_065): steps=7 success=True
[hybrid-rollout] ep 65 (heldout_066): steps=6 success=True
[hybrid-rollout] ep 66 (heldout_067): steps=5 success=True
[hybrid-rollout] ep 67 (heldout_068): steps=6 success=True
[hybrid-rollout] ep 68 (heldout_069): steps=4 success=True
[hybrid-rollout] ep 69 (heldout_070): steps=60 success=False
[hybrid-rollout] ep 70 (heldout_071): steps=5 success=True
[hybrid-rollout] ep 71 (heldout_072): steps=5 success=True
[hybrid-rollout] ep 72 (heldout_073): steps=3 success=False
[hybrid-rollout] ep 73 (heldout_074): steps=4 success=True
[hybrid-rollout] ep 74 (heldout_075): steps=5 success=True
[hybrid-rollout] ep 75 (heldout_076): steps=60 success=False
[hybrid-rollout] ep 76 (heldout_077): steps=60 success=False
[hybrid-rollout] ep 77 (heldout_078): steps=6 success=True
[hybrid-rollout] ep 78 (heldout_079): steps=4 success=True
[hybrid-rollout] ep 79 (heldout_080): steps=4 success=True
[hybrid-rollout] ep 80 (heldout_081): steps=60 success=False
[hybrid-rollout] ep 81 (heldout_082): steps=5 success=True
[hybrid-rollout] ep 82 (heldout_083): steps=60 success=False
[hybrid-rollout] ep 83 (heldout_084): steps=5 success=True
[hybrid-rollout] ep 84 (heldout_085): steps=60 success=False
[hybrid-rollout] ep 85 (heldout_086): steps=6 success=True
[hybrid-rollout] ep 86 (heldout_087): steps=60 success=False
[hybrid-rollout] ep 87 (heldout_088): steps=4 success=True
[hybrid-rollout] ep 88 (heldout_089): steps=3 success=False
[hybrid-rollout] ep 89 (heldout_090): steps=4 success=True
[hybrid-rollout] ep 90 (heldout_091): steps=4 success=False
[hybrid-rollout] ep 91 (heldout_092): steps=5 success=True
[hybrid-rollout] ep 92 (heldout_093): steps=6 success=True
[hybrid-rollout] ep 93 (heldout_094): steps=6 success=True
[hybrid-rollout] ep 94 (heldout_095): steps=7 success=True
[hybrid-rollout] ep 95 (heldout_096): steps=5 success=True
[hybrid-rollout] ep 96 (heldout_097): steps=5 success=True
[hybrid-rollout] ep 97 (heldout_098): steps=60 success=False
[hybrid-rollout] ep 98 (heldout_099): steps=60 success=False
[hybrid-rollout] ep 99 (heldout_100): steps=60 success=False
[hybrid-rollout] ep 100 (heldout_101): steps=4 success=True
[hybrid-rollout] ep 101 (heldout_102): steps=4 success=True
[hybrid-rollout] ep 102 (heldout_103): steps=60 success=False
[hybrid-rollout] ep 103 (heldout_104): steps=6 success=True
[hybrid-rollout] ep 104 (heldout_105): steps=60 success=False
[hybrid-rollout] ep 105 (heldout_106): steps=60 success=False
[hybrid-rollout] ep 106 (heldout_107): steps=4 success=True
[hybrid-rollout] ep 107 (heldout_108): steps=60 success=False
[hybrid-rollout] ep 108 (heldout_109): steps=4 success=True
[hybrid-rollout] ep 109 (heldout_110): steps=60 success=False
[hybrid-rollout] ep 110 (heldout_111): steps=6 success=True
[hybrid-rollout] ep 111 (heldout_112): steps=5 success=True
[hybrid-rollout] ep 112 (heldout_113): steps=7 success=True
[hybrid-rollout] ep 113 (heldout_114): steps=60 success=False
[hybrid-rollout] ep 114 (heldout_115): steps=1 success=False
[hybrid-rollout] ep 115 (heldout_116): steps=5 success=True
[hybrid-rollout] ep 116 (heldout_117): steps=1 success=False
[hybrid-rollout] ep 117 (heldout_118): steps=7 success=True
[hybrid-rollout] ep 118 (heldout_119): steps=60 success=False
[hybrid-rollout] ep 119 (heldout_120): steps=60 success=False
[hybrid-rollout] ep 120 (heldout_121): steps=60 success=False
[hybrid-rollout] ep 121 (heldout_122): steps=4 success=True
[hybrid-rollout] ep 122 (heldout_123): steps=60 success=False
[hybrid-rollout] ep 123 (heldout_124): steps=60 success=False
[hybrid-rollout] ep 124 (heldout_125): steps=4 success=True
[hybrid-rollout] ep 125 (heldout_126): steps=4 success=True
[hybrid-rollout] ep 126 (heldout_127): steps=60 success=False
[hybrid-rollout] ep 127 (heldout_128): steps=60 success=False
[hybrid-rollout] ep 128 (heldout_129): steps=60 success=False
[hybrid-rollout] ep 129 (heldout_130): steps=4 success=True
[hybrid-rollout] ep 130 (heldout_131): steps=60 success=False
[hybrid-rollout] ep 131 (heldout_132): steps=4 success=True
[hybrid-rollout] ep 132 (heldout_133): steps=4 success=True
[hybrid-rollout] ep 133 (heldout_134): steps=60 success=False
[hybrid-rollout] ep 134 (heldout_135): steps=60 success=False
[hybrid-rollout] ep 135 (heldout_136): steps=5 success=True
[hybrid-rollout] ep 136 (heldout_137): steps=60 success=False
[hybrid-rollout] ep 137 (heldout_138): steps=4 success=True
[hybrid-rollout] ep 138 (heldout_139): steps=4 success=True
[hybrid-rollout] ep 139 (heldout_140): steps=6 success=False
[hybrid-rollout] ep 140 (heldout_141): steps=5 success=True
[hybrid-rollout] ep 141 (heldout_142): steps=4 success=True
[hybrid-rollout] ep 142 (heldout_143): steps=5 success=False
[hybrid-rollout] ep 143 (heldout_144): steps=2 success=False
[hybrid-rollout] ep 144 (heldout_145): steps=5 success=True
[hybrid-rollout] ep 145 (heldout_146): steps=7 success=True
[hybrid-rollout] ep 146 (heldout_147): steps=4 success=True
[hybrid-rollout] ep 147 (heldout_148): steps=60 success=False
[hybrid-rollout] ep 148 (heldout_149): steps=60 success=False
[hybrid-rollout] ep 149 (heldout_150): steps=4 success=True
[hybrid-rollout] ep 150 (heldout_151): steps=5 success=True
[hybrid-rollout] ep 151 (heldout_152): steps=6 success=True
[hybrid-rollout] ep 152 (heldout_153): steps=5 success=True
[hybrid-rollout] ep 153 (heldout_154): steps=60 success=False
[hybrid-rollout] ep 154 (heldout_155): steps=60 success=False
[hybrid-rollout] ep 155 (heldout_156): steps=12 success=True
[hybrid-rollout] ep 156 (heldout_157): steps=4 success=True
[hybrid-rollout] ep 157 (heldout_158): steps=6 success=True
[hybrid-rollout] ep 158 (heldout_159): steps=6 success=True
[hybrid-rollout] ep 159 (heldout_160): steps=60 success=False
[hybrid-rollout] ep 160 (heldout_161): steps=60 success=False
[hybrid-rollout] ep 161 (heldout_162): steps=5 success=True
[hybrid-rollout] ep 162 (heldout_163): steps=4 success=True
[hybrid-rollout] ep 163 (heldout_164): steps=4 success=True
[hybrid-rollout] ep 164 (heldout_165): steps=5 success=True
[hybrid-rollout] ep 165 (heldout_166): steps=60 success=False
[hybrid-rollout] ep 166 (heldout_167): steps=60 success=False
[hybrid-rollout] ep 167 (heldout_168): steps=4 success=True
[hybrid-rollout] ep 168 (heldout_169): steps=60 success=False
[hybrid-rollout] ep 169 (heldout_170): steps=3 success=False
[hybrid-rollout] ep 170 (heldout_171): steps=4 success=True
[hybrid-rollout] ep 171 (heldout_172): steps=5 success=True
[hybrid-rollout] ep 172 (heldout_173): steps=4 success=True
[hybrid-rollout] ep 173 (heldout_174): steps=5 success=True
[hybrid-rollout] ep 174 (heldout_175): steps=60 success=False
[hybrid-rollout] ep 175 (heldout_176): steps=6 success=True
[hybrid-rollout] ep 176 (heldout_177): steps=2 success=False
[hybrid-rollout] ep 177 (heldout_178): steps=5 success=True
[hybrid-rollout] ep 178 (heldout_179): steps=5 success=True
[hybrid-rollout] ep 179 (heldout_180): steps=4 success=True
[hybrid-rollout] ep 180 (heldout_181): steps=5 success=True
[hybrid-rollout] ep 181 (heldout_182): steps=4 success=True
[hybrid-rollout] ep 182 (heldout_183): steps=5 success=True
[hybrid-rollout] ep 183 (heldout_184): steps=7 success=True
[hybrid-rollout] ep 184 (heldout_185): steps=5 success=True
[hybrid-rollout] ep 185 (heldout_186): steps=4 success=True
[hybrid-rollout] ep 186 (heldout_187): steps=5 success=True
[hybrid-rollout] ep 187 (heldout_188): steps=60 success=False
[hybrid-rollout] ep 188 (heldout_189): steps=5 success=True
[hybrid-rollout] ep 189 (heldout_190): steps=7 success=True
[hybrid-rollout] ep 190 (heldout_191): steps=4 success=True
[hybrid-rollout] ep 191 (heldout_192): steps=5 success=True
[hybrid-rollout] ep 192 (heldout_193): steps=60 success=False
[hybrid-rollout] ep 193 (heldout_194): steps=6 success=True
[hybrid-rollout] ep 194 (heldout_195): steps=5 success=True
[hybrid-rollout] ep 195 (heldout_196): steps=4 success=True
[hybrid-rollout] ep 196 (heldout_197): steps=2 success=False
[hybrid-rollout] ep 197 (heldout_198): steps=60 success=False
[hybrid-rollout] ep 198 (heldout_199): steps=4 success=False
[hybrid-rollout] ep 199 (heldout_200): steps=4 success=True
[hybrid-rollout] DONE successes=125/200
[19:37:46] [replay_p4] run 6 round 4: extras=4 heldout_sr=0.625
[19:37:46] [replay_p4] $ /home/s226137394/.conda/envs/maze/bin/python3 -u -m Equivariant_pathway.equivariant_CNN_hybrid.baseline_vs_p4.pool_x_selector.trainer.finetune_replay --demo_dir /weka/s226137394/DmNfull/Equivariant_pathway/equivariant_CNN_hybrid/baseline_vs_p4/pool_x_selector/results_hpsweep/e150_lr5e-05_rm0.5_do0/run_6/p4_top3_rotate/demos --checkpoint_dir /weka/s226137394/DmNfull/Equivariant_pathway/equivariant_CNN_hybrid/baseline_vs_p4/pool_x_selector/results_hpsweep/e150_lr5e-05_rm0.5_do0/run_6/p4_top3_rotate/checkpoints --epochs 150 --batch_size 64 --lr 5e-05 --weight_decay 0.0001 --replay_mix 0.5 --replay_mix_floor 0.2 --head_dropout 0.0 --seed 6 --resume --new_demos_dir /weka/s226137394/DmNfull/Equivariant_pathway/equivariant_CNN_hybrid/baseline_vs_p4/pool_x_selector/results_hpsweep/e150_lr5e-05_rm0.5_do0/run_6/p4_top3_rotate/demos/round_005
[finetune_replay] device=cuda demo_dir=/weka/s226137394/DmNfull/Equivariant_pathway/equivariant_CNN_hybrid/baseline_vs_p4/pool_x_selector/results_hpsweep/e150_lr5e-05_rm0.5_do0/run_6/p4_top3_rotate/demos new_demos_dir=/weka/s226137394/DmNfull/Equivariant_pathway/equivariant_CNN_hybrid/baseline_vs_p4/pool_x_selector/results_hpsweep/e150_lr5e-05_rm0.5_do0/run_6/p4_top3_rotate/demos/round_005
[hybrid-dataset] 24 demos -> 125 samples
[hybrid-dataset] 1 demos -> 8 samples
[finetune_replay] sampler audit: {'n_old_samples': 125, 'n_new_samples': 8, 'replay_mix_target': 0.5, 'replay_mix_effective': 0.5, 'replay_mix_floor': 0.2}
[finetune_replay] trainable params: 1,400,028
[finetune_replay] WARM START from last_hybrid_policy.pth
[finetune_replay] ep   1/150 | train loss=0.5560 top1=0.925 | val loss=0.4254 | t=0.8s  *
[finetune_replay] ep   2/150 | train loss=0.3551 top1=0.992 | val loss=0.3344 | t=0.1s  *
[finetune_replay] ep   3/150 | train loss=0.1334 top1=1.000 | val loss=0.0355 | t=0.1s  *
[finetune_replay] ep   4/150 | train loss=0.0880 top1=0.992 | val loss=0.0067 | t=0.1s  *
[finetune_replay] ep   5/150 | train loss=0.0567 top1=0.992 | val loss=0.0126 | t=0.1s
[finetune_replay] ep   6/150 | train loss=0.0226 top1=1.000 | val loss=0.0216 | t=0.1s
[finetune_replay] ep   7/150 | train loss=0.0142 top1=1.000 | val loss=0.0186 | t=0.1s
[finetune_replay] ep   8/150 | train loss=0.0192 top1=1.000 | val loss=0.0403 | t=0.1s
[finetune_replay] ep   9/150 | train loss=0.0080 top1=1.000 | val loss=0.0465 | t=0.1s
[finetune_replay] ep  10/150 | train loss=0.0076 top1=1.000 | val loss=0.0261 | t=0.1s
[finetune_replay] ep  11/150 | train loss=0.0067 top1=1.000 | val loss=0.0180 | t=0.1s
[finetune_replay] ep  12/150 | train loss=0.0071 top1=1.000 | val loss=0.0393 | t=0.2s
[finetune_replay] ep  13/150 | train loss=0.0048 top1=1.000 | val loss=0.0663 | t=0.1s
[finetune_replay] ep  14/150 | train loss=0.0032 top1=1.000 | val loss=0.0496 | t=0.1s
[finetune_replay] ep  15/150 | train loss=0.0023 top1=1.000 | val loss=0.0369 | t=0.1s
[finetune_replay] ep  16/150 | train loss=0.0026 top1=1.000 | val loss=0.0381 | t=0.1s
[finetune_replay] ep  17/150 | train loss=0.0027 top1=1.000 | val loss=0.0383 | t=0.1s
[finetune_replay] ep  18/150 | train loss=0.0022 top1=1.000 | val loss=0.0460 | t=0.1s
[finetune_replay] ep  19/150 | train loss=0.0018 top1=1.000 | val loss=0.0533 | t=0.1s
[finetune_replay] ep  20/150 | train loss=0.0025 top1=1.000 | val loss=0.0669 | t=0.1s
[finetune_replay] ep  21/150 | train loss=0.0017 top1=1.000 | val loss=0.0470 | t=0.1s
[finetune_replay] ep  22/150 | train loss=0.0019 top1=1.000 | val loss=0.0371 | t=0.1s
[finetune_replay] ep  23/150 | train loss=0.0018 top1=1.000 | val loss=0.0354 | t=0.1s
[finetune_replay] ep  24/150 | train loss=0.0016 top1=1.000 | val loss=0.0391 | t=0.1s
[finetune_replay] ep  25/150 | train loss=0.0015 top1=1.000 | val loss=0.0435 | t=0.1s
[finetune_replay] ep  26/150 | train loss=0.0014 top1=1.000 | val loss=0.0483 | t=0.1s
[finetune_replay] ep  27/150 | train loss=0.0014 top1=1.000 | val loss=0.0534 | t=0.1s
[finetune_replay] ep  28/150 | train loss=0.0014 top1=1.000 | val loss=0.0469 | t=0.1s
[finetune_replay] ep  29/150 | train loss=0.0011 top1=1.000 | val loss=0.0388 | t=0.1s
[finetune_replay] ep  30/150 | train loss=0.0012 top1=1.000 | val loss=0.0350 | t=0.1s
[finetune_replay] ep  31/150 | train loss=0.0014 top1=1.000 | val loss=0.0372 | t=0.1s
[finetune_replay] ep  32/150 | train loss=0.0013 top1=1.000 | val loss=0.0448 | t=0.1s
[finetune_replay] ep  33/150 | train loss=0.0012 top1=1.000 | val loss=0.0532 | t=0.1s
[finetune_replay] ep  34/150 | train loss=0.0012 top1=1.000 | val loss=0.0546 | t=0.1s
[finetune_replay] ep  35/150 | train loss=0.0012 top1=1.000 | val loss=0.0600 | t=0.1s
[finetune_replay] ep  36/150 | train loss=0.0011 top1=1.000 | val loss=0.0521 | t=0.1s
[finetune_replay] ep  37/150 | train loss=0.0012 top1=1.000 | val loss=0.0429 | t=0.1s
[finetune_replay] ep  38/150 | train loss=0.0011 top1=1.000 | val loss=0.0377 | t=0.1s
[finetune_replay] ep  39/150 | train loss=0.0011 top1=1.000 | val loss=0.0393 | t=0.1s
[finetune_replay] ep  40/150 | train loss=0.0011 top1=1.000 | val loss=0.0447 | t=0.1s
[finetune_replay] ep  41/150 | train loss=0.0009 top1=1.000 | val loss=0.0467 | t=0.1s
[finetune_replay] ep  42/150 | train loss=0.0010 top1=1.000 | val loss=0.0505 | t=0.1s
[finetune_replay] ep  43/150 | train loss=0.0011 top1=1.000 | val loss=0.0461 | t=0.1s
[finetune_replay] ep  44/150 | train loss=0.0008 top1=1.000 | val loss=0.0431 | t=0.1s
[finetune_replay] ep  45/150 | train loss=0.0007 top1=1.000 | val loss=0.0400 | t=0.1s
[finetune_replay] ep  46/150 | train loss=0.0009 top1=1.000 | val loss=0.0400 | t=0.1s
[finetune_replay] ep  47/150 | train loss=0.0009 top1=1.000 | val loss=0.0411 | t=0.1s
[finetune_replay] ep  48/150 | train loss=0.0008 top1=1.000 | val loss=0.0426 | t=0.1s
[finetune_replay] ep  49/150 | train loss=0.0009 top1=1.000 | val loss=0.0427 | t=0.1s
[finetune_replay] ep  50/150 | train loss=0.0010 top1=1.000 | val loss=0.0466 | t=0.1s
[finetune_replay] ep  51/150 | train loss=0.0008 top1=1.000 | val loss=0.0470 | t=0.1s
[finetune_replay] ep  52/150 | train loss=0.0008 top1=1.000 | val loss=0.0500 | t=0.1s
[finetune_replay] ep  53/150 | train loss=0.0008 top1=1.000 | val loss=0.0501 | t=0.1s
[finetune_replay] ep  54/150 | train loss=0.0009 top1=1.000 | val loss=0.0417 | t=0.1s
[finetune_replay] ep  55/150 | train loss=0.0007 top1=1.000 | val loss=0.0376 | t=0.1s
[finetune_replay] ep  56/150 | train loss=0.0006 top1=1.000 | val loss=0.0358 | t=0.1s
[finetune_replay] ep  57/150 | train loss=0.0007 top1=1.000 | val loss=0.0365 | t=0.1s
[finetune_replay] ep  58/150 | train loss=0.0007 top1=1.000 | val loss=0.0456 | t=0.1s
[finetune_replay] ep  59/150 | train loss=0.0008 top1=1.000 | val loss=0.0521 | t=0.1s
[finetune_replay] ep  60/150 | train loss=0.0010 top1=1.000 | val loss=0.0473 | t=0.1s
[finetune_replay] ep  61/150 | train loss=0.0007 top1=1.000 | val loss=0.0469 | t=0.1s
[finetune_replay] ep  62/150 | train loss=0.0009 top1=1.000 | val loss=0.0488 | t=0.1s
[finetune_replay] ep  63/150 | train loss=0.0008 top1=1.000 | val loss=0.0480 | t=0.1s
[finetune_replay] ep  64/150 | train loss=0.0006 top1=1.000 | val loss=0.0462 | t=0.1s
[finetune_replay] ep  65/150 | train loss=0.0007 top1=1.000 | val loss=0.0426 | t=0.1s
[finetune_replay] ep  66/150 | train loss=0.0006 top1=1.000 | val loss=0.0369 | t=0.1s
[finetune_replay] ep  67/150 | train loss=0.0008 top1=1.000 | val loss=0.0406 | t=0.1s
[finetune_replay] ep  68/150 | train loss=0.0006 top1=1.000 | val loss=0.0505 | t=0.1s
[finetune_replay] ep  69/150 | train loss=0.0008 top1=1.000 | val loss=0.0544 | t=0.1s
[finetune_replay] ep  70/150 | train loss=0.0007 top1=1.000 | val loss=0.0545 | t=0.1s
[finetune_replay] ep  71/150 | train loss=0.0007 top1=1.000 | val loss=0.0531 | t=0.1s
[finetune_replay] ep  72/150 | train loss=0.0006 top1=1.000 | val loss=0.0514 | t=0.1s
[finetune_replay] ep  73/150 | train loss=0.0009 top1=1.000 | val loss=0.0555 | t=0.1s
[finetune_replay] ep  74/150 | train loss=0.0007 top1=1.000 | val loss=0.0530 | t=0.1s
[finetune_replay] ep  75/150 | train loss=0.0006 top1=1.000 | val loss=0.0527 | t=0.1s
[finetune_replay] ep  76/150 | train loss=0.0005 top1=1.000 | val loss=0.0535 | t=0.1s
[finetune_replay] ep  77/150 | train loss=0.0005 top1=1.000 | val loss=0.0520 | t=0.1s
[finetune_replay] ep  78/150 | train loss=0.0007 top1=1.000 | val loss=0.0522 | t=0.1s
[finetune_replay] ep  79/150 | train loss=0.0007 top1=1.000 | val loss=0.0525 | t=0.1s
[finetune_replay] ep  80/150 | train loss=0.0006 top1=1.000 | val loss=0.0536 | t=0.1s
[finetune_replay] ep  81/150 | train loss=0.0006 top1=1.000 | val loss=0.0620 | t=0.1s
[finetune_replay] ep  82/150 | train loss=0.0006 top1=1.000 | val loss=0.0648 | t=0.1s
[finetune_replay] ep  83/150 | train loss=0.0006 top1=1.000 | val loss=0.0664 | t=0.1s
[finetune_replay] ep  84/150 | train loss=0.0005 top1=1.000 | val loss=0.0628 | t=0.1s
[finetune_replay] ep  85/150 | train loss=0.0006 top1=1.000 | val loss=0.0610 | t=0.1s
[finetune_replay] ep  86/150 | train loss=0.0006 top1=1.000 | val loss=0.0561 | t=0.1s
[finetune_replay] ep  87/150 | train loss=0.0006 top1=1.000 | val loss=0.0507 | t=0.1s
[finetune_replay] ep  88/150 | train loss=0.0006 top1=1.000 | val loss=0.0457 | t=0.1s
[finetune_replay] ep  89/150 | train loss=0.0005 top1=1.000 | val loss=0.0452 | t=0.1s
[finetune_replay] ep  90/150 | train loss=0.0005 top1=1.000 | val loss=0.0458 | t=0.1s
[finetune_replay] ep  91/150 | train loss=0.0006 top1=1.000 | val loss=0.0488 | t=0.1s
[finetune_replay] ep  92/150 | train loss=0.0006 top1=1.000 | val loss=0.0538 | t=0.1s
[finetune_replay] ep  93/150 | train loss=0.0006 top1=1.000 | val loss=0.0593 | t=0.1s
[finetune_replay] ep  94/150 | train loss=0.0006 top1=1.000 | val loss=0.0657 | t=0.1s
[finetune_replay] ep  95/150 | train loss=0.0005 top1=1.000 | val loss=0.0674 | t=0.1s
[finetune_replay] ep  96/150 | train loss=0.0006 top1=1.000 | val loss=0.0609 | t=0.1s
[finetune_replay] ep  97/150 | train loss=0.0006 top1=1.000 | val loss=0.0552 | t=0.1s
[finetune_replay] ep  98/150 | train loss=0.0006 top1=1.000 | val loss=0.0529 | t=0.1s
[finetune_replay] ep  99/150 | train loss=0.0005 top1=1.000 | val loss=0.0530 | t=0.1s
[finetune_replay] ep 100/150 | train loss=0.0006 top1=1.000 | val loss=0.0539 | t=0.1s
[finetune_replay] ep 101/150 | train loss=0.0005 top1=1.000 | val loss=0.0566 | t=0.1s
[finetune_replay] ep 102/150 | train loss=0.0005 top1=1.000 | val loss=0.0572 | t=0.1s
[finetune_replay] ep 103/150 | train loss=0.0007 top1=1.000 | val loss=0.0529 | t=0.1s
[finetune_replay] ep 104/150 | train loss=0.0006 top1=1.000 | val loss=0.0519 | t=0.1s
[finetune_replay] ep 105/150 | train loss=0.0005 top1=1.000 | val loss=0.0534 | t=0.1s
[finetune_replay] ep 106/150 | train loss=0.0006 top1=1.000 | val loss=0.0554 | t=0.1s
[finetune_replay] ep 107/150 | train loss=0.0005 top1=1.000 | val loss=0.0557 | t=0.1s
[finetune_replay] ep 108/150 | train loss=0.0005 top1=1.000 | val loss=0.0564 | t=0.2s
[finetune_replay] ep 109/150 | train loss=0.0006 top1=1.000 | val loss=0.0578 | t=0.1s
[finetune_replay] ep 110/150 | train loss=0.0006 top1=1.000 | val loss=0.0592 | t=0.1s
[finetune_replay] ep 111/150 | train loss=0.0005 top1=1.000 | val loss=0.0571 | t=0.1s
[finetune_replay] ep 112/150 | train loss=0.0005 top1=1.000 | val loss=0.0552 | t=0.1s
[finetune_replay] ep 113/150 | train loss=0.0005 top1=1.000 | val loss=0.0545 | t=0.1s
[finetune_replay] ep 114/150 | train loss=0.0005 top1=1.000 | val loss=0.0547 | t=0.1s
[finetune_replay] ep 115/150 | train loss=0.0005 top1=1.000 | val loss=0.0538 | t=0.1s
[finetune_replay] ep 116/150 | train loss=0.0005 top1=1.000 | val loss=0.0552 | t=0.1s
[finetune_replay] ep 117/150 | train loss=0.0006 top1=1.000 | val loss=0.0568 | t=0.1s
[finetune_replay] ep 118/150 | train loss=0.0005 top1=1.000 | val loss=0.0582 | t=0.1s
[finetune_replay] ep 119/150 | train loss=0.0005 top1=1.000 | val loss=0.0592 | t=0.1s
[finetune_replay] ep 120/150 | train loss=0.0005 top1=1.000 | val loss=0.0582 | t=0.1s
[finetune_replay] ep 121/150 | train loss=0.0005 top1=1.000 | val loss=0.0578 | t=0.1s
[finetune_replay] ep 122/150 | train loss=0.0004 top1=1.000 | val loss=0.0560 | t=0.1s
[finetune_replay] ep 123/150 | train loss=0.0005 top1=1.000 | val loss=0.0545 | t=0.1s
[finetune_replay] ep 124/150 | train loss=0.0006 top1=1.000 | val loss=0.0534 | t=0.1s
[finetune_replay] ep 125/150 | train loss=0.0005 top1=1.000 | val loss=0.0539 | t=0.1s
[finetune_replay] ep 126/150 | train loss=0.0006 top1=1.000 | val loss=0.0540 | t=0.1s
[finetune_replay] ep 127/150 | train loss=0.0005 top1=1.000 | val loss=0.0544 | t=0.1s
[finetune_replay] ep 128/150 | train loss=0.0005 top1=1.000 | val loss=0.0547 | t=0.1s
[finetune_replay] ep 129/150 | train loss=0.0005 top1=1.000 | val loss=0.0539 | t=0.1s
[finetune_replay] ep 130/150 | train loss=0.0005 top1=1.000 | val loss=0.0547 | t=0.1s
[finetune_replay] ep 131/150 | train loss=0.0005 top1=1.000 | val loss=0.0555 | t=0.1s
[finetune_replay] ep 132/150 | train loss=0.0004 top1=1.000 | val loss=0.0555 | t=0.1s
[finetune_replay] ep 133/150 | train loss=0.0005 top1=1.000 | val loss=0.0551 | t=0.1s
[finetune_replay] ep 134/150 | train loss=0.0006 top1=1.000 | val loss=0.0542 | t=0.1s
[finetune_replay] ep 135/150 | train loss=0.0005 top1=1.000 | val loss=0.0544 | t=0.1s
[finetune_replay] ep 136/150 | train loss=0.0006 top1=1.000 | val loss=0.0542 | t=0.1s
[finetune_replay] ep 137/150 | train loss=0.0005 top1=1.000 | val loss=0.0533 | t=0.1s
[finetune_replay] ep 138/150 | train loss=0.0005 top1=1.000 | val loss=0.0523 | t=0.1s
[finetune_replay] ep 139/150 | train loss=0.0004 top1=1.000 | val loss=0.0534 | t=0.1s
[finetune_replay] ep 140/150 | train loss=0.0006 top1=1.000 | val loss=0.0525 | t=0.1s
[finetune_replay] ep 141/150 | train loss=0.0005 top1=1.000 | val loss=0.0534 | t=0.1s
[finetune_replay] ep 142/150 | train loss=0.0005 top1=1.000 | val loss=0.0543 | t=0.1s
[finetune_replay] ep 143/150 | train loss=0.0005 top1=1.000 | val loss=0.0536 | t=0.1s
[finetune_replay] ep 144/150 | train loss=0.0004 top1=1.000 | val loss=0.0543 | t=0.1s
[finetune_replay] ep 145/150 | train loss=0.0005 top1=1.000 | val loss=0.0548 | t=0.1s
[finetune_replay] ep 146/150 | train loss=0.0007 top1=1.000 | val loss=0.0541 | t=0.1s
[finetune_replay] ep 147/150 | train loss=0.0005 top1=1.000 | val loss=0.0538 | t=0.1s
[finetune_replay] ep 148/150 | train loss=0.0005 top1=1.000 | val loss=0.0548 | t=0.1s
[finetune_replay] ep 149/150 | train loss=0.0006 top1=1.000 | val loss=0.0552 | t=0.1s
[finetune_replay] ep 150/150 | train loss=0.0005 top1=1.000 | val loss=0.0554 | t=0.1s
[finetune_replay] DONE best_val_loss=0.0067 @ epoch 4
[19:38:16] [bo-budget] $ /home/s226137394/.conda/envs/maze/bin/python3 -u -m Equivariant_pathway.equivariant_CNN_hybrid.rollout_test --checkpoint /weka/s226137394/DmNfull/Equivariant_pathway/equivariant_CNN_hybrid/baseline_vs_p4/pool_x_selector/results_hpsweep/e150_lr5e-05_rm0.5_do0/run_6/p4_top3_rotate/checkpoints/best_hybrid_policy.pth --layouts /weka/s226137394/DmNfull/Equivariant_pathway/equivariant_CNN_hybrid/baseline_vs_p4/shared/heldout_layouts.yaml --out_dir /weka/s226137394/DmNfull/Equivariant_pathway/equivariant_CNN_hybrid/baseline_vs_p4/pool_x_selector/results_hpsweep/e150_lr5e-05_rm0.5_do0/run_6/p4_top3_rotate/results/eval_round_005 --seed 11 --max_steps 60
[hybrid-rollout] 200 unique; running 200 eps
[hybrid-rollout] loaded /weka/s226137394/DmNfull/Equivariant_pathway/equivariant_CNN_hybrid/baseline_vs_p4/pool_x_selector/results_hpsweep/e150_lr5e-05_rm0.5_do0/run_6/p4_top3_rotate/checkpoints/best_hybrid_policy.pth
[hybrid-rollout] ep 0 (heldout_001): steps=5 success=True
[hybrid-rollout] ep 1 (heldout_002): steps=60 success=False
[hybrid-rollout] ep 2 (heldout_003): steps=8 success=True
[hybrid-rollout] ep 3 (heldout_004): steps=60 success=False
[hybrid-rollout] ep 4 (heldout_005): steps=5 success=True
[hybrid-rollout] ep 5 (heldout_006): steps=3 success=False
[hybrid-rollout] ep 6 (heldout_007): steps=5 success=True
[hybrid-rollout] ep 7 (heldout_008): steps=4 success=True
[hybrid-rollout] ep 8 (heldout_009): steps=60 success=False
[hybrid-rollout] ep 9 (heldout_010): steps=60 success=False
[hybrid-rollout] ep 10 (heldout_011): steps=4 success=True
[hybrid-rollout] ep 11 (heldout_012): steps=4 success=True
[hybrid-rollout] ep 12 (heldout_013): steps=60 success=False
[hybrid-rollout] ep 13 (heldout_014): steps=5 success=True
[hybrid-rollout] ep 14 (heldout_015): steps=4 success=True
[hybrid-rollout] ep 15 (heldout_016): steps=5 success=True
[hybrid-rollout] ep 16 (heldout_017): steps=60 success=False
[hybrid-rollout] ep 17 (heldout_018): steps=60 success=False
[hybrid-rollout] ep 18 (heldout_019): steps=5 success=True
[hybrid-rollout] ep 19 (heldout_020): steps=5 success=True
[hybrid-rollout] ep 20 (heldout_021): steps=4 success=True
[hybrid-rollout] ep 21 (heldout_022): steps=4 success=True
[hybrid-rollout] ep 22 (heldout_023): steps=60 success=False
[hybrid-rollout] ep 23 (heldout_024): steps=60 success=False
[hybrid-rollout] ep 24 (heldout_025): steps=4 success=True
[hybrid-rollout] ep 25 (heldout_026): steps=4 success=True
[hybrid-rollout] ep 26 (heldout_027): steps=4 success=True
[hybrid-rollout] ep 27 (heldout_028): steps=4 success=True
[hybrid-rollout] ep 28 (heldout_029): steps=60 success=False
[hybrid-rollout] ep 29 (heldout_030): steps=60 success=False
[hybrid-rollout] ep 30 (heldout_031): steps=60 success=False
[hybrid-rollout] ep 31 (heldout_032): steps=60 success=False
[hybrid-rollout] ep 32 (heldout_033): steps=60 success=False
[hybrid-rollout] ep 33 (heldout_034): steps=5 success=True
[hybrid-rollout] ep 34 (heldout_035): steps=60 success=False
[hybrid-rollout] ep 35 (heldout_036): steps=5 success=True
[hybrid-rollout] ep 36 (heldout_037): steps=4 success=True
[hybrid-rollout] ep 37 (heldout_038): steps=5 success=True
[hybrid-rollout] ep 38 (heldout_039): steps=6 success=True
[hybrid-rollout] ep 39 (heldout_040): steps=60 success=False
[hybrid-rollout] ep 40 (heldout_041): steps=60 success=False
[hybrid-rollout] ep 41 (heldout_042): steps=4 success=True
[hybrid-rollout] ep 42 (heldout_043): steps=4 success=True
[hybrid-rollout] ep 43 (heldout_044): steps=5 success=True
[hybrid-rollout] ep 44 (heldout_045): steps=5 success=True
[hybrid-rollout] ep 45 (heldout_046): steps=4 success=True
[hybrid-rollout] ep 46 (heldout_047): steps=4 success=True
[hybrid-rollout] ep 47 (heldout_048): steps=6 success=True
[hybrid-rollout] ep 48 (heldout_049): steps=60 success=False
[hybrid-rollout] ep 49 (heldout_050): steps=60 success=False
[hybrid-rollout] ep 50 (heldout_051): steps=4 success=True
[hybrid-rollout] ep 51 (heldout_052): steps=4 success=True
[hybrid-rollout] ep 52 (heldout_053): steps=6 success=True
[hybrid-rollout] ep 53 (heldout_054): steps=4 success=True
[hybrid-rollout] ep 54 (heldout_055): steps=60 success=False
[hybrid-rollout] ep 55 (heldout_056): steps=4 success=True
[hybrid-rollout] ep 56 (heldout_057): steps=4 success=True
[hybrid-rollout] ep 57 (heldout_058): steps=4 success=True
[hybrid-rollout] ep 58 (heldout_059): steps=60 success=False
[hybrid-rollout] ep 59 (heldout_060): steps=6 success=True
[hybrid-rollout] ep 60 (heldout_061): steps=5 success=True
[hybrid-rollout] ep 61 (heldout_062): steps=6 success=True
[hybrid-rollout] ep 62 (heldout_063): steps=5 success=True
[hybrid-rollout] ep 63 (heldout_064): steps=4 success=True
[hybrid-rollout] ep 64 (heldout_065): steps=60 success=False
[hybrid-rollout] ep 65 (heldout_066): steps=6 success=True
[hybrid-rollout] ep 66 (heldout_067): steps=5 success=True
[hybrid-rollout] ep 67 (heldout_068): steps=4 success=True
[hybrid-rollout] ep 68 (heldout_069): steps=60 success=False
[hybrid-rollout] ep 69 (heldout_070): steps=60 success=False
[hybrid-rollout] ep 70 (heldout_071): steps=5 success=True
[hybrid-rollout] ep 71 (heldout_072): steps=5 success=True
[hybrid-rollout] ep 72 (heldout_073): steps=3 success=False
[hybrid-rollout] ep 73 (heldout_074): steps=4 success=True
[hybrid-rollout] ep 74 (heldout_075): steps=5 success=True
[hybrid-rollout] ep 75 (heldout_076): steps=60 success=False
[hybrid-rollout] ep 76 (heldout_077): steps=4 success=True
[hybrid-rollout] ep 77 (heldout_078): steps=3 success=False
[hybrid-rollout] ep 78 (heldout_079): steps=4 success=True
[hybrid-rollout] ep 79 (heldout_080): steps=4 success=True
[hybrid-rollout] ep 80 (heldout_081): steps=60 success=False
[hybrid-rollout] ep 81 (heldout_082): steps=5 success=True
[hybrid-rollout] ep 82 (heldout_083): steps=6 success=True
[hybrid-rollout] ep 83 (heldout_084): steps=60 success=False
[hybrid-rollout] ep 84 (heldout_085): steps=60 success=False
[hybrid-rollout] ep 85 (heldout_086): steps=6 success=True
[hybrid-rollout] ep 86 (heldout_087): steps=60 success=False
[hybrid-rollout] ep 87 (heldout_088): steps=4 success=True
[hybrid-rollout] ep 88 (heldout_089): steps=3 success=False
[hybrid-rollout] ep 89 (heldout_090): steps=4 success=True
[hybrid-rollout] ep 90 (heldout_091): steps=5 success=True
[hybrid-rollout] ep 91 (heldout_092): steps=60 success=False
[hybrid-rollout] ep 92 (heldout_093): steps=6 success=True
[hybrid-rollout] ep 93 (heldout_094): steps=6 success=True
[hybrid-rollout] ep 94 (heldout_095): steps=7 success=True
[hybrid-rollout] ep 95 (heldout_096): steps=5 success=True
[hybrid-rollout] ep 96 (heldout_097): steps=5 success=True
[hybrid-rollout] ep 97 (heldout_098): steps=5 success=True
[hybrid-rollout] ep 98 (heldout_099): steps=60 success=False
[hybrid-rollout] ep 99 (heldout_100): steps=60 success=False
[hybrid-rollout] ep 100 (heldout_101): steps=4 success=True
[hybrid-rollout] ep 101 (heldout_102): steps=4 success=True
[hybrid-rollout] ep 102 (heldout_103): steps=60 success=False
[hybrid-rollout] ep 103 (heldout_104): steps=6 success=True
[hybrid-rollout] ep 104 (heldout_105): steps=60 success=False
[hybrid-rollout] ep 105 (heldout_106): steps=60 success=False
[hybrid-rollout] ep 106 (heldout_107): steps=4 success=True
[hybrid-rollout] ep 107 (heldout_108): steps=4 success=True
[hybrid-rollout] ep 108 (heldout_109): steps=4 success=True
[hybrid-rollout] ep 109 (heldout_110): steps=60 success=False
[hybrid-rollout] ep 110 (heldout_111): steps=60 success=False
[hybrid-rollout] ep 111 (heldout_112): steps=60 success=False
[hybrid-rollout] ep 112 (heldout_113): steps=7 success=True
[hybrid-rollout] ep 113 (heldout_114): steps=60 success=False
[hybrid-rollout] ep 114 (heldout_115): steps=60 success=False
[hybrid-rollout] ep 115 (heldout_116): steps=5 success=True
[hybrid-rollout] ep 116 (heldout_117): steps=7 success=True
[hybrid-rollout] ep 117 (heldout_118): steps=9 success=True
[hybrid-rollout] ep 118 (heldout_119): steps=60 success=False
[hybrid-rollout] ep 119 (heldout_120): steps=7 success=True
[hybrid-rollout] ep 120 (heldout_121): steps=60 success=False
[hybrid-rollout] ep 121 (heldout_122): steps=60 success=False
[hybrid-rollout] ep 122 (heldout_123): steps=60 success=False
[hybrid-rollout] ep 123 (heldout_124): steps=60 success=False
[hybrid-rollout] ep 124 (heldout_125): steps=4 success=True
[hybrid-rollout] ep 125 (heldout_126): steps=4 success=True
[hybrid-rollout] ep 126 (heldout_127): steps=60 success=False
[hybrid-rollout] ep 127 (heldout_128): steps=7 success=True
[hybrid-rollout] ep 128 (heldout_129): steps=60 success=False
[hybrid-rollout] ep 129 (heldout_130): steps=4 success=True
[hybrid-rollout] ep 130 (heldout_131): steps=60 success=False
[hybrid-rollout] ep 131 (heldout_132): steps=4 success=True
[hybrid-rollout] ep 132 (heldout_133): steps=4 success=True
[hybrid-rollout] ep 133 (heldout_134): steps=60 success=False
[hybrid-rollout] ep 134 (heldout_135): steps=6 success=True
[hybrid-rollout] ep 135 (heldout_136): steps=60 success=False
[hybrid-rollout] ep 136 (heldout_137): steps=5 success=True
[hybrid-rollout] ep 137 (heldout_138): steps=4 success=True
[hybrid-rollout] ep 138 (heldout_139): steps=4 success=True
[hybrid-rollout] ep 139 (heldout_140): steps=60 success=False
[hybrid-rollout] ep 140 (heldout_141): steps=5 success=True
[hybrid-rollout] ep 141 (heldout_142): steps=4 success=True
[hybrid-rollout] ep 142 (heldout_143): steps=8 success=True
[hybrid-rollout] ep 143 (heldout_144): steps=4 success=True
[hybrid-rollout] ep 144 (heldout_145): steps=5 success=True
[hybrid-rollout] ep 145 (heldout_146): steps=60 success=False
[hybrid-rollout] ep 146 (heldout_147): steps=4 success=True
[hybrid-rollout] ep 147 (heldout_148): steps=60 success=False
[hybrid-rollout] ep 148 (heldout_149): steps=5 success=True
[hybrid-rollout] ep 149 (heldout_150): steps=4 success=True
[hybrid-rollout] ep 150 (heldout_151): steps=5 success=True
[hybrid-rollout] ep 151 (heldout_152): steps=1 success=False
[hybrid-rollout] ep 152 (heldout_153): steps=5 success=True
[hybrid-rollout] ep 153 (heldout_154): steps=60 success=False
[hybrid-rollout] ep 154 (heldout_155): steps=60 success=False
[hybrid-rollout] ep 155 (heldout_156): steps=4 success=False
[hybrid-rollout] ep 156 (heldout_157): steps=4 success=True
[hybrid-rollout] ep 157 (heldout_158): steps=3 success=False
[hybrid-rollout] ep 158 (heldout_159): steps=6 success=True
[hybrid-rollout] ep 159 (heldout_160): steps=60 success=False
[hybrid-rollout] ep 160 (heldout_161): steps=60 success=False
[hybrid-rollout] ep 161 (heldout_162): steps=5 success=True
[hybrid-rollout] ep 162 (heldout_163): steps=4 success=True
[hybrid-rollout] ep 163 (heldout_164): steps=6 success=True
[hybrid-rollout] ep 164 (heldout_165): steps=5 success=True
[hybrid-rollout] ep 165 (heldout_166): steps=60 success=False
[hybrid-rollout] ep 166 (heldout_167): steps=60 success=False
[hybrid-rollout] ep 167 (heldout_168): steps=4 success=True
[hybrid-rollout] ep 168 (heldout_169): steps=4 success=False
[hybrid-rollout] ep 169 (heldout_170): steps=5 success=False
[hybrid-rollout] ep 170 (heldout_171): steps=60 success=False
[hybrid-rollout] ep 171 (heldout_172): steps=60 success=False
[hybrid-rollout] ep 172 (heldout_173): steps=4 success=True
[hybrid-rollout] ep 173 (heldout_174): steps=5 success=True
[hybrid-rollout] ep 174 (heldout_175): steps=7 success=True
[hybrid-rollout] ep 175 (heldout_176): steps=6 success=True
[hybrid-rollout] ep 176 (heldout_177): steps=6 success=True
[hybrid-rollout] ep 177 (heldout_178): steps=5 success=True
[hybrid-rollout] ep 178 (heldout_179): steps=60 success=False
[hybrid-rollout] ep 179 (heldout_180): steps=4 success=True
[hybrid-rollout] ep 180 (heldout_181): steps=5 success=True
[hybrid-rollout] ep 181 (heldout_182): steps=4 success=True
[hybrid-rollout] ep 182 (heldout_183): steps=60 success=False
[hybrid-rollout] ep 183 (heldout_184): steps=7 success=True
[hybrid-rollout] ep 184 (heldout_185): steps=60 success=False
[hybrid-rollout] ep 185 (heldout_186): steps=4 success=True
[hybrid-rollout] ep 186 (heldout_187): steps=5 success=True
[hybrid-rollout] ep 187 (heldout_188): steps=60 success=False
[hybrid-rollout] ep 188 (heldout_189): steps=60 success=False
[hybrid-rollout] ep 189 (heldout_190): steps=7 success=True
[hybrid-rollout] ep 190 (heldout_191): steps=6 success=True
[hybrid-rollout] ep 191 (heldout_192): steps=5 success=True
[hybrid-rollout] ep 192 (heldout_193): steps=60 success=False
[hybrid-rollout] ep 193 (heldout_194): steps=6 success=True
[hybrid-rollout] ep 194 (heldout_195): steps=5 success=True
[hybrid-rollout] ep 195 (heldout_196): steps=4 success=True
[hybrid-rollout] ep 196 (heldout_197): steps=5 success=True
[hybrid-rollout] ep 197 (heldout_198): steps=60 success=False
[hybrid-rollout] ep 198 (heldout_199): steps=4 success=True
[hybrid-rollout] ep 199 (heldout_200): steps=4 success=True
[hybrid-rollout] DONE successes=123/200
[19:40:12] [replay_p4] run 6 round 5: extras=5 heldout_sr=0.615
[19:40:12] [replay_p4] $ /home/s226137394/.conda/envs/maze/bin/python3 -u -m Equivariant_pathway.equivariant_CNN_hybrid.baseline_vs_p4.pool_x_selector.trainer.finetune_replay --demo_dir /weka/s226137394/DmNfull/Equivariant_pathway/equivariant_CNN_hybrid/baseline_vs_p4/pool_x_selector/results_hpsweep/e150_lr5e-05_rm0.5_do0/run_6/p4_top3_rotate/demos --checkpoint_dir /weka/s226137394/DmNfull/Equivariant_pathway/equivariant_CNN_hybrid/baseline_vs_p4/pool_x_selector/results_hpsweep/e150_lr5e-05_rm0.5_do0/run_6/p4_top3_rotate/checkpoints --epochs 150 --batch_size 64 --lr 5e-05 --weight_decay 0.0001 --replay_mix 0.5 --replay_mix_floor 0.2 --head_dropout 0.0 --seed 6 --resume --new_demos_dir /weka/s226137394/DmNfull/Equivariant_pathway/equivariant_CNN_hybrid/baseline_vs_p4/pool_x_selector/results_hpsweep/e150_lr5e-05_rm0.5_do0/run_6/p4_top3_rotate/demos/round_006
[finetune_replay] device=cuda demo_dir=/weka/s226137394/DmNfull/Equivariant_pathway/equivariant_CNN_hybrid/baseline_vs_p4/pool_x_selector/results_hpsweep/e150_lr5e-05_rm0.5_do0/run_6/p4_top3_rotate/demos new_demos_dir=/weka/s226137394/DmNfull/Equivariant_pathway/equivariant_CNN_hybrid/baseline_vs_p4/pool_x_selector/results_hpsweep/e150_lr5e-05_rm0.5_do0/run_6/p4_top3_rotate/demos/round_006
[hybrid-dataset] 25 demos -> 133 samples
[hybrid-dataset] 1 demos -> 6 samples
[finetune_replay] sampler audit: {'n_old_samples': 133, 'n_new_samples': 6, 'replay_mix_target': 0.5, 'replay_mix_effective': 0.5, 'replay_mix_floor': 0.2}
[finetune_replay] trainable params: 1,400,028
[finetune_replay] WARM START from last_hybrid_policy.pth
[finetune_replay] ep   1/150 | train loss=0.3291 top1=0.865 | val loss=0.3578 | t=0.9s  *
[finetune_replay] ep   2/150 | train loss=0.2375 top1=0.984 | val loss=0.3070 | t=0.1s  *
[finetune_replay] ep   3/150 | train loss=0.1073 top1=0.992 | val loss=0.1065 | t=0.1s  *
[finetune_replay] ep   4/150 | train loss=0.0620 top1=1.000 | val loss=0.0022 | t=0.1s  *
[finetune_replay] ep   5/150 | train loss=0.0220 top1=1.000 | val loss=0.0264 | t=0.2s
[finetune_replay] ep   6/150 | train loss=0.0735 top1=1.000 | val loss=0.0153 | t=0.2s
[finetune_replay] ep   7/150 | train loss=0.0304 top1=0.992 | val loss=0.0144 | t=0.1s
[finetune_replay] ep   8/150 | train loss=0.0205 top1=1.000 | val loss=0.0735 | t=0.1s
[finetune_replay] ep   9/150 | train loss=0.0179 top1=1.000 | val loss=0.0794 | t=0.1s
[finetune_replay] ep  10/150 | train loss=0.0119 top1=1.000 | val loss=0.0415 | t=0.1s
[finetune_replay] ep  11/150 | train loss=0.0114 top1=1.000 | val loss=0.0167 | t=0.1s
[finetune_replay] ep  12/150 | train loss=0.0076 top1=1.000 | val loss=0.0085 | t=0.1s
[finetune_replay] ep  13/150 | train loss=0.0041 top1=1.000 | val loss=0.0043 | t=0.1s
[finetune_replay] ep  14/150 | train loss=0.0036 top1=1.000 | val loss=0.0033 | t=0.1s
[finetune_replay] ep  15/150 | train loss=0.0059 top1=1.000 | val loss=0.0196 | t=0.1s
[finetune_replay] ep  16/150 | train loss=0.0034 top1=1.000 | val loss=0.0591 | t=0.1s
[finetune_replay] ep  17/150 | train loss=0.0044 top1=1.000 | val loss=0.0476 | t=0.1s
[finetune_replay] ep  18/150 | train loss=0.0029 top1=1.000 | val loss=0.0147 | t=0.1s
[finetune_replay] ep  19/150 | train loss=0.0021 top1=1.000 | val loss=0.0081 | t=0.1s
[finetune_replay] ep  20/150 | train loss=0.0022 top1=1.000 | val loss=0.0085 | t=0.1s
[finetune_replay] ep  21/150 | train loss=0.0021 top1=1.000 | val loss=0.0098 | t=0.1s
[finetune_replay] ep  22/150 | train loss=0.0020 top1=1.000 | val loss=0.0286 | t=0.1s
[finetune_replay] ep  23/150 | train loss=0.0018 top1=1.000 | val loss=0.0511 | t=0.1s
[finetune_replay] ep  24/150 | train loss=0.0015 top1=1.000 | val loss=0.0493 | t=0.1s
[finetune_replay] ep  25/150 | train loss=0.0015 top1=1.000 | val loss=0.0293 | t=0.1s
[finetune_replay] ep  26/150 | train loss=0.0012 top1=1.000 | val loss=0.0232 | t=0.1s
[finetune_replay] ep  27/150 | train loss=0.0013 top1=1.000 | val loss=0.0162 | t=0.1s
[finetune_replay] ep  28/150 | train loss=0.0011 top1=1.000 | val loss=0.0151 | t=0.1s
[finetune_replay] ep  29/150 | train loss=0.0013 top1=1.000 | val loss=0.0154 | t=0.1s
[finetune_replay] ep  30/150 | train loss=0.0009 top1=1.000 | val loss=0.0180 | t=0.1s
[finetune_replay] ep  31/150 | train loss=0.0012 top1=1.000 | val loss=0.0228 | t=0.1s
[finetune_replay] ep  32/150 | train loss=0.0009 top1=1.000 | val loss=0.0277 | t=0.1s
[finetune_replay] ep  33/150 | train loss=0.0010 top1=1.000 | val loss=0.0342 | t=0.1s
[finetune_replay] ep  34/150 | train loss=0.0011 top1=1.000 | val loss=0.0392 | t=0.1s
[finetune_replay] ep  35/150 | train loss=0.0010 top1=1.000 | val loss=0.0431 | t=0.1s
[finetune_replay] ep  36/150 | train loss=0.0011 top1=1.000 | val loss=0.0420 | t=0.1s
[finetune_replay] ep  37/150 | train loss=0.0011 top1=1.000 | val loss=0.0286 | t=0.1s
[finetune_replay] ep  38/150 | train loss=0.0010 top1=1.000 | val loss=0.0228 | t=0.1s
[finetune_replay] ep  39/150 | train loss=0.0011 top1=1.000 | val loss=0.0219 | t=0.1s
[finetune_replay] ep  40/150 | train loss=0.0009 top1=1.000 | val loss=0.0220 | t=0.1s
[finetune_replay] ep  41/150 | train loss=0.0008 top1=1.000 | val loss=0.0235 | t=0.1s
[finetune_replay] ep  42/150 | train loss=0.0008 top1=1.000 | val loss=0.0267 | t=0.1s
[finetune_replay] ep  43/150 | train loss=0.0009 top1=1.000 | val loss=0.0295 | t=0.1s
[finetune_replay] ep  44/150 | train loss=0.0007 top1=1.000 | val loss=0.0301 | t=0.1s
[finetune_replay] ep  45/150 | train loss=0.0010 top1=1.000 | val loss=0.0297 | t=0.1s
[finetune_replay] ep  46/150 | train loss=0.0008 top1=1.000 | val loss=0.0253 | t=0.1s
[finetune_replay] ep  47/150 | train loss=0.0010 top1=1.000 | val loss=0.0247 | t=0.1s
[finetune_replay] ep  48/150 | train loss=0.0006 top1=1.000 | val loss=0.0242 | t=0.1s
[finetune_replay] ep  49/150 | train loss=0.0007 top1=1.000 | val loss=0.0224 | t=0.1s
[finetune_replay] ep  50/150 | train loss=0.0008 top1=1.000 | val loss=0.0175 | t=0.1s
[finetune_replay] ep  51/150 | train loss=0.0007 top1=1.000 | val loss=0.0142 | t=0.1s
[finetune_replay] ep  52/150 | train loss=0.0008 top1=1.000 | val loss=0.0143 | t=0.1s
[finetune_replay] ep  53/150 | train loss=0.0010 top1=1.000 | val loss=0.0192 | t=0.1s
[finetune_replay] ep  54/150 | train loss=0.0008 top1=1.000 | val loss=0.0270 | t=0.1s
[finetune_replay] ep  55/150 | train loss=0.0007 top1=1.000 | val loss=0.0317 | t=0.1s
[finetune_replay] ep  56/150 | train loss=0.0007 top1=1.000 | val loss=0.0356 | t=0.1s
[finetune_replay] ep  57/150 | train loss=0.0007 top1=1.000 | val loss=0.0363 | t=0.1s
[finetune_replay] ep  58/150 | train loss=0.0008 top1=1.000 | val loss=0.0317 | t=0.1s
[finetune_replay] ep  59/150 | train loss=0.0006 top1=1.000 | val loss=0.0248 | t=0.1s
[finetune_replay] ep  60/150 | train loss=0.0007 top1=1.000 | val loss=0.0218 | t=0.1s
[finetune_replay] ep  61/150 | train loss=0.0009 top1=1.000 | val loss=0.0211 | t=0.1s
[finetune_replay] ep  62/150 | train loss=0.0007 top1=1.000 | val loss=0.0199 | t=0.1s
[finetune_replay] ep  63/150 | train loss=0.0007 top1=1.000 | val loss=0.0180 | t=0.1s
[finetune_replay] ep  64/150 | train loss=0.0008 top1=1.000 | val loss=0.0178 | t=0.1s
[finetune_replay] ep  65/150 | train loss=0.0006 top1=1.000 | val loss=0.0185 | t=0.1s
[finetune_replay] ep  66/150 | train loss=0.0007 top1=1.000 | val loss=0.0200 | t=0.1s
[finetune_replay] ep  67/150 | train loss=0.0005 top1=1.000 | val loss=0.0231 | t=0.1s
[finetune_replay] ep  68/150 | train loss=0.0006 top1=1.000 | val loss=0.0248 | t=0.1s
[finetune_replay] ep  69/150 | train loss=0.0006 top1=1.000 | val loss=0.0271 | t=0.1s
[finetune_replay] ep  70/150 | train loss=0.0005 top1=1.000 | val loss=0.0276 | t=0.1s
[finetune_replay] ep  71/150 | train loss=0.0006 top1=1.000 | val loss=0.0287 | t=0.1s
[finetune_replay] ep  72/150 | train loss=0.0007 top1=1.000 | val loss=0.0291 | t=0.1s
[finetune_replay] ep  73/150 | train loss=0.0007 top1=1.000 | val loss=0.0275 | t=0.1s
[finetune_replay] ep  74/150 | train loss=0.0007 top1=1.000 | val loss=0.0294 | t=0.1s
[finetune_replay] ep  75/150 | train loss=0.0007 top1=1.000 | val loss=0.0263 | t=0.1s
[finetune_replay] ep  76/150 | train loss=0.0005 top1=1.000 | val loss=0.0254 | t=0.1s
[finetune_replay] ep  77/150 | train loss=0.0005 top1=1.000 | val loss=0.0244 | t=0.1s
[finetune_replay] ep  78/150 | train loss=0.0005 top1=1.000 | val loss=0.0238 | t=0.1s
[finetune_replay] ep  79/150 | train loss=0.0007 top1=1.000 | val loss=0.0236 | t=0.1s
[finetune_replay] ep  80/150 | train loss=0.0007 top1=1.000 | val loss=0.0228 | t=0.1s
[finetune_replay] ep  81/150 | train loss=0.0007 top1=1.000 | val loss=0.0233 | t=0.1s
[finetune_replay] ep  82/150 | train loss=0.0007 top1=1.000 | val loss=0.0237 | t=0.1s
[finetune_replay] ep  83/150 | train loss=0.0007 top1=1.000 | val loss=0.0215 | t=0.1s
[finetune_replay] ep  84/150 | train loss=0.0005 top1=1.000 | val loss=0.0200 | t=0.1s
[finetune_replay] ep  85/150 | train loss=0.0005 top1=1.000 | val loss=0.0192 | t=0.1s
[finetune_replay] ep  86/150 | train loss=0.0006 top1=1.000 | val loss=0.0195 | t=0.1s
[finetune_replay] ep  87/150 | train loss=0.0006 top1=1.000 | val loss=0.0213 | t=0.1s
[finetune_replay] ep  88/150 | train loss=0.0005 top1=1.000 | val loss=0.0224 | t=0.1s
[finetune_replay] ep  89/150 | train loss=0.0005 top1=1.000 | val loss=0.0243 | t=0.1s
[finetune_replay] ep  90/150 | train loss=0.0006 top1=1.000 | val loss=0.0250 | t=0.1s
[finetune_replay] ep  91/150 | train loss=0.0005 top1=1.000 | val loss=0.0251 | t=0.1s
[finetune_replay] ep  92/150 | train loss=0.0005 top1=1.000 | val loss=0.0252 | t=0.1s
[finetune_replay] ep  93/150 | train loss=0.0006 top1=1.000 | val loss=0.0249 | t=0.1s
[finetune_replay] ep  94/150 | train loss=0.0005 top1=1.000 | val loss=0.0240 | t=0.1s
[finetune_replay] ep  95/150 | train loss=0.0005 top1=1.000 | val loss=0.0231 | t=0.1s
[finetune_replay] ep  96/150 | train loss=0.0005 top1=1.000 | val loss=0.0224 | t=0.1s
[finetune_replay] ep  97/150 | train loss=0.0005 top1=1.000 | val loss=0.0217 | t=0.1s
[finetune_replay] ep  98/150 | train loss=0.0006 top1=1.000 | val loss=0.0219 | t=0.1s
[finetune_replay] ep  99/150 | train loss=0.0005 top1=1.000 | val loss=0.0239 | t=0.1s
[finetune_replay] ep 100/150 | train loss=0.0005 top1=1.000 | val loss=0.0254 | t=0.1s
[finetune_replay] ep 101/150 | train loss=0.0005 top1=1.000 | val loss=0.0261 | t=0.1s
[finetune_replay] ep 102/150 | train loss=0.0006 top1=1.000 | val loss=0.0261 | t=0.1s
[finetune_replay] ep 103/150 | train loss=0.0006 top1=1.000 | val loss=0.0255 | t=0.1s
[finetune_replay] ep 104/150 | train loss=0.0006 top1=1.000 | val loss=0.0253 | t=0.1s
[finetune_replay] ep 105/150 | train loss=0.0005 top1=1.000 | val loss=0.0245 | t=0.1s
[finetune_replay] ep 106/150 | train loss=0.0005 top1=1.000 | val loss=0.0244 | t=0.1s
[finetune_replay] ep 107/150 | train loss=0.0005 top1=1.000 | val loss=0.0247 | t=0.1s
[finetune_replay] ep 108/150 | train loss=0.0005 top1=1.000 | val loss=0.0241 | t=0.1s
[finetune_replay] ep 109/150 | train loss=0.0005 top1=1.000 | val loss=0.0231 | t=0.1s
[finetune_replay] ep 110/150 | train loss=0.0005 top1=1.000 | val loss=0.0230 | t=0.1s
[finetune_replay] ep 111/150 | train loss=0.0005 top1=1.000 | val loss=0.0233 | t=0.1s
[finetune_replay] ep 112/150 | train loss=0.0004 top1=1.000 | val loss=0.0239 | t=0.1s
[finetune_replay] ep 113/150 | train loss=0.0005 top1=1.000 | val loss=0.0241 | t=0.1s
[finetune_replay] ep 114/150 | train loss=0.0005 top1=1.000 | val loss=0.0243 | t=0.1s
[finetune_replay] ep 115/150 | train loss=0.0005 top1=1.000 | val loss=0.0238 | t=0.1s
[finetune_replay] ep 116/150 | train loss=0.0004 top1=1.000 | val loss=0.0230 | t=0.1s
[finetune_replay] ep 117/150 | train loss=0.0005 top1=1.000 | val loss=0.0226 | t=0.1s
[finetune_replay] ep 118/150 | train loss=0.0005 top1=1.000 | val loss=0.0221 | t=0.1s
[finetune_replay] ep 119/150 | train loss=0.0005 top1=1.000 | val loss=0.0213 | t=0.1s
[finetune_replay] ep 120/150 | train loss=0.0005 top1=1.000 | val loss=0.0214 | t=0.1s
[finetune_replay] ep 121/150 | train loss=0.0005 top1=1.000 | val loss=0.0211 | t=0.1s
[finetune_replay] ep 122/150 | train loss=0.0004 top1=1.000 | val loss=0.0209 | t=0.1s
[finetune_replay] ep 123/150 | train loss=0.0005 top1=1.000 | val loss=0.0205 | t=0.1s
[finetune_replay] ep 124/150 | train loss=0.0005 top1=1.000 | val loss=0.0211 | t=0.1s
[finetune_replay] ep 125/150 | train loss=0.0005 top1=1.000 | val loss=0.0219 | t=0.1s
[finetune_replay] ep 126/150 | train loss=0.0005 top1=1.000 | val loss=0.0223 | t=0.1s
[finetune_replay] ep 127/150 | train loss=0.0005 top1=1.000 | val loss=0.0223 | t=0.1s
[finetune_replay] ep 128/150 | train loss=0.0004 top1=1.000 | val loss=0.0225 | t=0.1s
[finetune_replay] ep 129/150 | train loss=0.0005 top1=1.000 | val loss=0.0226 | t=0.1s
[finetune_replay] ep 130/150 | train loss=0.0005 top1=1.000 | val loss=0.0224 | t=0.1s
[finetune_replay] ep 131/150 | train loss=0.0005 top1=1.000 | val loss=0.0228 | t=0.1s
[finetune_replay] ep 132/150 | train loss=0.0005 top1=1.000 | val loss=0.0226 | t=0.1s
[finetune_replay] ep 133/150 | train loss=0.0005 top1=1.000 | val loss=0.0228 | t=0.1s
[finetune_replay] ep 134/150 | train loss=0.0005 top1=1.000 | val loss=0.0229 | t=0.1s
[finetune_replay] ep 135/150 | train loss=0.0005 top1=1.000 | val loss=0.0227 | t=0.1s
[finetune_replay] ep 136/150 | train loss=0.0005 top1=1.000 | val loss=0.0232 | t=0.1s
[finetune_replay] ep 137/150 | train loss=0.0005 top1=1.000 | val loss=0.0230 | t=0.1s
[finetune_replay] ep 138/150 | train loss=0.0007 top1=1.000 | val loss=0.0231 | t=0.1s
[finetune_replay] ep 139/150 | train loss=0.0004 top1=1.000 | val loss=0.0231 | t=0.1s
[finetune_replay] ep 140/150 | train loss=0.0005 top1=1.000 | val loss=0.0233 | t=0.1s
[finetune_replay] ep 141/150 | train loss=0.0005 top1=1.000 | val loss=0.0232 | t=0.1s
[finetune_replay] ep 142/150 | train loss=0.0005 top1=1.000 | val loss=0.0228 | t=0.1s
[finetune_replay] ep 143/150 | train loss=0.0006 top1=1.000 | val loss=0.0226 | t=0.1s
[finetune_replay] ep 144/150 | train loss=0.0006 top1=1.000 | val loss=0.0232 | t=0.1s
[finetune_replay] ep 145/150 | train loss=0.0004 top1=1.000 | val loss=0.0229 | t=0.1s
[finetune_replay] ep 146/150 | train loss=0.0005 top1=1.000 | val loss=0.0226 | t=0.1s
[finetune_replay] ep 147/150 | train loss=0.0006 top1=1.000 | val loss=0.0228 | t=0.1s
[finetune_replay] ep 148/150 | train loss=0.0004 top1=1.000 | val loss=0.0227 | t=0.1s
[finetune_replay] ep 149/150 | train loss=0.0006 top1=1.000 | val loss=0.0228 | t=0.1s
[finetune_replay] ep 150/150 | train loss=0.0005 top1=1.000 | val loss=0.0230 | t=0.1s
[finetune_replay] DONE best_val_loss=0.0022 @ epoch 4
[19:40:43] [bo-budget] $ /home/s226137394/.conda/envs/maze/bin/python3 -u -m Equivariant_pathway.equivariant_CNN_hybrid.rollout_test --checkpoint /weka/s226137394/DmNfull/Equivariant_pathway/equivariant_CNN_hybrid/baseline_vs_p4/pool_x_selector/results_hpsweep/e150_lr5e-05_rm0.5_do0/run_6/p4_top3_rotate/checkpoints/best_hybrid_policy.pth --layouts /weka/s226137394/DmNfull/Equivariant_pathway/equivariant_CNN_hybrid/baseline_vs_p4/shared/heldout_layouts.yaml --out_dir /weka/s226137394/DmNfull/Equivariant_pathway/equivariant_CNN_hybrid/baseline_vs_p4/pool_x_selector/results_hpsweep/e150_lr5e-05_rm0.5_do0/run_6/p4_top3_rotate/results/eval_round_006 --seed 12 --max_steps 60
[hybrid-rollout] 200 unique; running 200 eps
[hybrid-rollout] loaded /weka/s226137394/DmNfull/Equivariant_pathway/equivariant_CNN_hybrid/baseline_vs_p4/pool_x_selector/results_hpsweep/e150_lr5e-05_rm0.5_do0/run_6/p4_top3_rotate/checkpoints/best_hybrid_policy.pth
[hybrid-rollout] ep 0 (heldout_001): steps=5 success=True
[hybrid-rollout] ep 1 (heldout_002): steps=4 success=True
[hybrid-rollout] ep 2 (heldout_003): steps=60 success=False
[hybrid-rollout] ep 3 (heldout_004): steps=6 success=True
[hybrid-rollout] ep 4 (heldout_005): steps=5 success=True
[hybrid-rollout] ep 5 (heldout_006): steps=3 success=False
[hybrid-rollout] ep 6 (heldout_007): steps=5 success=True
[hybrid-rollout] ep 7 (heldout_008): steps=1 success=False
[hybrid-rollout] ep 8 (heldout_009): steps=6 success=True
[hybrid-rollout] ep 9 (heldout_010): steps=8 success=True
[hybrid-rollout] ep 10 (heldout_011): steps=4 success=True
[hybrid-rollout] ep 11 (heldout_012): steps=4 success=True
[hybrid-rollout] ep 12 (heldout_013): steps=60 success=False
[hybrid-rollout] ep 13 (heldout_014): steps=5 success=True
[hybrid-rollout] ep 14 (heldout_015): steps=4 success=True
[hybrid-rollout] ep 15 (heldout_016): steps=5 success=True
[hybrid-rollout] ep 16 (heldout_017): steps=4 success=True
[hybrid-rollout] ep 17 (heldout_018): steps=60 success=False
[hybrid-rollout] ep 18 (heldout_019): steps=60 success=False
[hybrid-rollout] ep 19 (heldout_020): steps=5 success=True
[hybrid-rollout] ep 20 (heldout_021): steps=60 success=False
[hybrid-rollout] ep 21 (heldout_022): steps=4 success=True
[hybrid-rollout] ep 22 (heldout_023): steps=7 success=True
[hybrid-rollout] ep 23 (heldout_024): steps=60 success=False
[hybrid-rollout] ep 24 (heldout_025): steps=4 success=True
[hybrid-rollout] ep 25 (heldout_026): steps=4 success=True
[hybrid-rollout] ep 26 (heldout_027): steps=4 success=True
[hybrid-rollout] ep 27 (heldout_028): steps=4 success=True
[hybrid-rollout] ep 28 (heldout_029): steps=5 success=True
[hybrid-rollout] ep 29 (heldout_030): steps=60 success=False
[hybrid-rollout] ep 30 (heldout_031): steps=5 success=True
[hybrid-rollout] ep 31 (heldout_032): steps=60 success=False
[hybrid-rollout] ep 32 (heldout_033): steps=4 success=True
[hybrid-rollout] ep 33 (heldout_034): steps=5 success=True
[hybrid-rollout] ep 34 (heldout_035): steps=6 success=True
[hybrid-rollout] ep 35 (heldout_036): steps=5 success=True
[hybrid-rollout] ep 36 (heldout_037): steps=4 success=True
[hybrid-rollout] ep 37 (heldout_038): steps=60 success=False
[hybrid-rollout] ep 38 (heldout_039): steps=6 success=True
[hybrid-rollout] ep 39 (heldout_040): steps=5 success=True
[hybrid-rollout] ep 40 (heldout_041): steps=6 success=True
[hybrid-rollout] ep 41 (heldout_042): steps=60 success=False
[hybrid-rollout] ep 42 (heldout_043): steps=4 success=True
[hybrid-rollout] ep 43 (heldout_044): steps=5 success=True
[hybrid-rollout] ep 44 (heldout_045): steps=5 success=True
[hybrid-rollout] ep 45 (heldout_046): steps=4 success=True
[hybrid-rollout] ep 46 (heldout_047): steps=60 success=False
[hybrid-rollout] ep 47 (heldout_048): steps=6 success=True
[hybrid-rollout] ep 48 (heldout_049): steps=5 success=True
[hybrid-rollout] ep 49 (heldout_050): steps=4 success=True
[hybrid-rollout] ep 50 (heldout_051): steps=4 success=True
[hybrid-rollout] ep 51 (heldout_052): steps=4 success=True
[hybrid-rollout] ep 52 (heldout_053): steps=60 success=False
[hybrid-rollout] ep 53 (heldout_054): steps=60 success=False
[hybrid-rollout] ep 54 (heldout_055): steps=60 success=False
[hybrid-rollout] ep 55 (heldout_056): steps=4 success=True
[hybrid-rollout] ep 56 (heldout_057): steps=4 success=True
[hybrid-rollout] ep 57 (heldout_058): steps=4 success=True
[hybrid-rollout] ep 58 (heldout_059): steps=5 success=True
[hybrid-rollout] ep 59 (heldout_060): steps=6 success=True
[hybrid-rollout] ep 60 (heldout_061): steps=5 success=True
[hybrid-rollout] ep 61 (heldout_062): steps=6 success=True
[hybrid-rollout] ep 62 (heldout_063): steps=60 success=False
[hybrid-rollout] ep 63 (heldout_064): steps=4 success=True
[hybrid-rollout] ep 64 (heldout_065): steps=60 success=False
[hybrid-rollout] ep 65 (heldout_066): steps=6 success=True
[hybrid-rollout] ep 66 (heldout_067): steps=5 success=True
[hybrid-rollout] ep 67 (heldout_068): steps=4 success=True
[hybrid-rollout] ep 68 (heldout_069): steps=4 success=True
[hybrid-rollout] ep 69 (heldout_070): steps=7 success=True
[hybrid-rollout] ep 70 (heldout_071): steps=60 success=False
[hybrid-rollout] ep 71 (heldout_072): steps=5 success=True
[hybrid-rollout] ep 72 (heldout_073): steps=3 success=False
[hybrid-rollout] ep 73 (heldout_074): steps=4 success=True
[hybrid-rollout] ep 74 (heldout_075): steps=5 success=True
[hybrid-rollout] ep 75 (heldout_076): steps=60 success=False
[hybrid-rollout] ep 76 (heldout_077): steps=4 success=True
[hybrid-rollout] ep 77 (heldout_078): steps=3 success=False
[hybrid-rollout] ep 78 (heldout_079): steps=4 success=True
[hybrid-rollout] ep 79 (heldout_080): steps=4 success=True
[hybrid-rollout] ep 80 (heldout_081): steps=5 success=True
[hybrid-rollout] ep 81 (heldout_082): steps=5 success=True
[hybrid-rollout] ep 82 (heldout_083): steps=4 success=True
[hybrid-rollout] ep 83 (heldout_084): steps=5 success=True
[hybrid-rollout] ep 84 (heldout_085): steps=60 success=False
[hybrid-rollout] ep 85 (heldout_086): steps=6 success=True
[hybrid-rollout] ep 86 (heldout_087): steps=7 success=True
[hybrid-rollout] ep 87 (heldout_088): steps=4 success=True
[hybrid-rollout] ep 88 (heldout_089): steps=3 success=False
[hybrid-rollout] ep 89 (heldout_090): steps=4 success=True
[hybrid-rollout] ep 90 (heldout_091): steps=4 success=False
[hybrid-rollout] ep 91 (heldout_092): steps=5 success=True
[hybrid-rollout] ep 92 (heldout_093): steps=6 success=True
[hybrid-rollout] ep 93 (heldout_094): steps=6 success=True
[hybrid-rollout] ep 94 (heldout_095): steps=7 success=True
[hybrid-rollout] ep 95 (heldout_096): steps=5 success=True
[hybrid-rollout] ep 96 (heldout_097): steps=5 success=True
[hybrid-rollout] ep 97 (heldout_098): steps=5 success=True
[hybrid-rollout] ep 98 (heldout_099): steps=6 success=True
[hybrid-rollout] ep 99 (heldout_100): steps=8 success=True
[hybrid-rollout] ep 100 (heldout_101): steps=4 success=True
[hybrid-rollout] ep 101 (heldout_102): steps=4 success=True
[hybrid-rollout] ep 102 (heldout_103): steps=4 success=True
[hybrid-rollout] ep 103 (heldout_104): steps=6 success=True
[hybrid-rollout] ep 104 (heldout_105): steps=6 success=True
[hybrid-rollout] ep 105 (heldout_106): steps=6 success=True
[hybrid-rollout] ep 106 (heldout_107): steps=4 success=True
[hybrid-rollout] ep 107 (heldout_108): steps=4 success=True
[hybrid-rollout] ep 108 (heldout_109): steps=4 success=True
[hybrid-rollout] ep 109 (heldout_110): steps=60 success=False
[hybrid-rollout] ep 110 (heldout_111): steps=60 success=False
[hybrid-rollout] ep 111 (heldout_112): steps=5 success=True
[hybrid-rollout] ep 112 (heldout_113): steps=7 success=True
[hybrid-rollout] ep 113 (heldout_114): steps=4 success=True
[hybrid-rollout] ep 114 (heldout_115): steps=4 success=True
[hybrid-rollout] ep 115 (heldout_116): steps=5 success=True
[hybrid-rollout] ep 116 (heldout_117): steps=1 success=False
[hybrid-rollout] ep 117 (heldout_118): steps=9 success=True
[hybrid-rollout] ep 118 (heldout_119): steps=60 success=False
[hybrid-rollout] ep 119 (heldout_120): steps=60 success=False
[hybrid-rollout] ep 120 (heldout_121): steps=4 success=True
[hybrid-rollout] ep 121 (heldout_122): steps=4 success=True
[hybrid-rollout] ep 122 (heldout_123): steps=6 success=True
[hybrid-rollout] ep 123 (heldout_124): steps=60 success=False
[hybrid-rollout] ep 124 (heldout_125): steps=4 success=True
[hybrid-rollout] ep 125 (heldout_126): steps=4 success=True
[hybrid-rollout] ep 126 (heldout_127): steps=60 success=False
[hybrid-rollout] ep 127 (heldout_128): steps=7 success=True
[hybrid-rollout] ep 128 (heldout_129): steps=60 success=False
[hybrid-rollout] ep 129 (heldout_130): steps=6 success=True
[hybrid-rollout] ep 130 (heldout_131): steps=5 success=False
[hybrid-rollout] ep 131 (heldout_132): steps=4 success=True
[hybrid-rollout] ep 132 (heldout_133): steps=4 success=True
[hybrid-rollout] ep 133 (heldout_134): steps=60 success=False
[hybrid-rollout] ep 134 (heldout_135): steps=6 success=True
[hybrid-rollout] ep 135 (heldout_136): steps=5 success=True
[hybrid-rollout] ep 136 (heldout_137): steps=60 success=False
[hybrid-rollout] ep 137 (heldout_138): steps=4 success=True
[hybrid-rollout] ep 138 (heldout_139): steps=4 success=True
[hybrid-rollout] ep 139 (heldout_140): steps=5 success=True
[hybrid-rollout] ep 140 (heldout_141): steps=5 success=True
[hybrid-rollout] ep 141 (heldout_142): steps=4 success=True
[hybrid-rollout] ep 142 (heldout_143): steps=8 success=True
[hybrid-rollout] ep 143 (heldout_144): steps=4 success=True
[hybrid-rollout] ep 144 (heldout_145): steps=5 success=True
[hybrid-rollout] ep 145 (heldout_146): steps=7 success=True
[hybrid-rollout] ep 146 (heldout_147): steps=4 success=True
[hybrid-rollout] ep 147 (heldout_148): steps=60 success=False
[hybrid-rollout] ep 148 (heldout_149): steps=7 success=True
[hybrid-rollout] ep 149 (heldout_150): steps=4 success=True
[hybrid-rollout] ep 150 (heldout_151): steps=5 success=True
[hybrid-rollout] ep 151 (heldout_152): steps=1 success=False
[hybrid-rollout] ep 152 (heldout_153): steps=5 success=True
[hybrid-rollout] ep 153 (heldout_154): steps=60 success=False
[hybrid-rollout] ep 154 (heldout_155): steps=60 success=False
[hybrid-rollout] ep 155 (heldout_156): steps=60 success=False
[hybrid-rollout] ep 156 (heldout_157): steps=4 success=True
[hybrid-rollout] ep 157 (heldout_158): steps=3 success=False
[hybrid-rollout] ep 158 (heldout_159): steps=6 success=True
[hybrid-rollout] ep 159 (heldout_160): steps=4 success=True
[hybrid-rollout] ep 160 (heldout_161): steps=60 success=False
[hybrid-rollout] ep 161 (heldout_162): steps=5 success=True
[hybrid-rollout] ep 162 (heldout_163): steps=4 success=True
[hybrid-rollout] ep 163 (heldout_164): steps=6 success=True
[hybrid-rollout] ep 164 (heldout_165): steps=5 success=True
[hybrid-rollout] ep 165 (heldout_166): steps=60 success=False
[hybrid-rollout] ep 166 (heldout_167): steps=4 success=True
[hybrid-rollout] ep 167 (heldout_168): steps=4 success=True
[hybrid-rollout] ep 168 (heldout_169): steps=4 success=False
[hybrid-rollout] ep 169 (heldout_170): steps=3 success=False
[hybrid-rollout] ep 170 (heldout_171): steps=4 success=True
[hybrid-rollout] ep 171 (heldout_172): steps=5 success=True
[hybrid-rollout] ep 172 (heldout_173): steps=4 success=True
[hybrid-rollout] ep 173 (heldout_174): steps=60 success=False
[hybrid-rollout] ep 174 (heldout_175): steps=5 success=True
[hybrid-rollout] ep 175 (heldout_176): steps=6 success=True
[hybrid-rollout] ep 176 (heldout_177): steps=6 success=True
[hybrid-rollout] ep 177 (heldout_178): steps=5 success=True
[hybrid-rollout] ep 178 (heldout_179): steps=5 success=True
[hybrid-rollout] ep 179 (heldout_180): steps=6 success=True
[hybrid-rollout] ep 180 (heldout_181): steps=5 success=True
[hybrid-rollout] ep 181 (heldout_182): steps=4 success=True
[hybrid-rollout] ep 182 (heldout_183): steps=5 success=True
[hybrid-rollout] ep 183 (heldout_184): steps=7 success=True
[hybrid-rollout] ep 184 (heldout_185): steps=5 success=True
[hybrid-rollout] ep 185 (heldout_186): steps=4 success=True
[hybrid-rollout] ep 186 (heldout_187): steps=7 success=True
[hybrid-rollout] ep 187 (heldout_188): steps=5 success=True
[hybrid-rollout] ep 188 (heldout_189): steps=5 success=True
[hybrid-rollout] ep 189 (heldout_190): steps=7 success=True
[hybrid-rollout] ep 190 (heldout_191): steps=4 success=True
[hybrid-rollout] ep 191 (heldout_192): steps=5 success=True
[hybrid-rollout] ep 192 (heldout_193): steps=60 success=False
[hybrid-rollout] ep 193 (heldout_194): steps=6 success=True
[hybrid-rollout] ep 194 (heldout_195): steps=5 success=True
[hybrid-rollout] ep 195 (heldout_196): steps=4 success=True
[hybrid-rollout] ep 196 (heldout_197): steps=5 success=True
[hybrid-rollout] ep 197 (heldout_198): steps=4 success=True
[hybrid-rollout] ep 198 (heldout_199): steps=4 success=True
[hybrid-rollout] ep 199 (heldout_200): steps=4 success=True
[hybrid-rollout] DONE successes=152/200
[19:42:06] [replay_p4] run 6 round 6: extras=6 heldout_sr=0.760
[19:42:06] [replay_p4] $ /home/s226137394/.conda/envs/maze/bin/python3 -u -m Equivariant_pathway.equivariant_CNN_hybrid.baseline_vs_p4.pool_x_selector.trainer.finetune_replay --demo_dir /weka/s226137394/DmNfull/Equivariant_pathway/equivariant_CNN_hybrid/baseline_vs_p4/pool_x_selector/results_hpsweep/e150_lr5e-05_rm0.5_do0/run_6/p4_top3_rotate/demos --checkpoint_dir /weka/s226137394/DmNfull/Equivariant_pathway/equivariant_CNN_hybrid/baseline_vs_p4/pool_x_selector/results_hpsweep/e150_lr5e-05_rm0.5_do0/run_6/p4_top3_rotate/checkpoints --epochs 150 --batch_size 64 --lr 5e-05 --weight_decay 0.0001 --replay_mix 0.5 --replay_mix_floor 0.2 --head_dropout 0.0 --seed 6 --resume --new_demos_dir /weka/s226137394/DmNfull/Equivariant_pathway/equivariant_CNN_hybrid/baseline_vs_p4/pool_x_selector/results_hpsweep/e150_lr5e-05_rm0.5_do0/run_6/p4_top3_rotate/demos/round_007
[finetune_replay] device=cuda demo_dir=/weka/s226137394/DmNfull/Equivariant_pathway/equivariant_CNN_hybrid/baseline_vs_p4/pool_x_selector/results_hpsweep/e150_lr5e-05_rm0.5_do0/run_6/p4_top3_rotate/demos new_demos_dir=/weka/s226137394/DmNfull/Equivariant_pathway/equivariant_CNN_hybrid/baseline_vs_p4/pool_x_selector/results_hpsweep/e150_lr5e-05_rm0.5_do0/run_6/p4_top3_rotate/demos/round_007
[hybrid-dataset] 26 demos -> 139 samples
[hybrid-dataset] 1 demos -> 4 samples
[finetune_replay] sampler audit: {'n_old_samples': 139, 'n_new_samples': 4, 'replay_mix_target': 0.5, 'replay_mix_effective': 0.5, 'replay_mix_floor': 0.2}
[finetune_replay] trainable params: 1,400,028
[finetune_replay] WARM START from last_hybrid_policy.pth
[finetune_replay] ep   1/150 | train loss=0.0682 top1=1.000 | val loss=0.0030 | t=0.9s  *
[finetune_replay] ep   2/150 | train loss=0.0140 top1=1.000 | val loss=0.0202 | t=0.1s
[finetune_replay] ep   3/150 | train loss=0.0063 top1=1.000 | val loss=0.0083 | t=0.1s
[finetune_replay] ep   4/150 | train loss=0.0075 top1=1.000 | val loss=0.0020 | t=0.2s  *
[finetune_replay] ep   5/150 | train loss=0.0050 top1=1.000 | val loss=0.0051 | t=0.1s
[finetune_replay] ep   6/150 | train loss=0.0077 top1=1.000 | val loss=0.0035 | t=0.1s
[finetune_replay] ep   7/150 | train loss=0.0031 top1=1.000 | val loss=0.0020 | t=0.1s  *
[finetune_replay] ep   8/150 | train loss=0.0018 top1=1.000 | val loss=0.0048 | t=0.1s
[finetune_replay] ep   9/150 | train loss=0.0046 top1=1.000 | val loss=0.0027 | t=0.1s
[finetune_replay] ep  10/150 | train loss=0.0029 top1=1.000 | val loss=0.0015 | t=0.1s  *
[finetune_replay] ep  11/150 | train loss=0.0014 top1=1.000 | val loss=0.0012 | t=0.1s  *
[finetune_replay] ep  12/150 | train loss=0.0014 top1=1.000 | val loss=0.0017 | t=0.1s
[finetune_replay] ep  13/150 | train loss=0.0010 top1=1.000 | val loss=0.0027 | t=0.1s
[finetune_replay] ep  14/150 | train loss=0.0008 top1=1.000 | val loss=0.0036 | t=0.1s
[finetune_replay] ep  15/150 | train loss=0.0012 top1=1.000 | val loss=0.0024 | t=0.1s
[finetune_replay] ep  16/150 | train loss=0.0008 top1=1.000 | val loss=0.0012 | t=0.1s  *
[finetune_replay] ep  17/150 | train loss=0.0010 top1=1.000 | val loss=0.0012 | t=0.1s
[finetune_replay] ep  18/150 | train loss=0.0010 top1=1.000 | val loss=0.0026 | t=0.1s
[finetune_replay] ep  19/150 | train loss=0.0013 top1=1.000 | val loss=0.0018 | t=0.1s
[finetune_replay] ep  20/150 | train loss=0.0011 top1=1.000 | val loss=0.0015 | t=0.2s
[finetune_replay] ep  21/150 | train loss=0.0013 top1=1.000 | val loss=0.0017 | t=0.1s
[finetune_replay] ep  22/150 | train loss=0.0013 top1=1.000 | val loss=0.0022 | t=0.1s
[finetune_replay] ep  23/150 | train loss=0.0007 top1=1.000 | val loss=0.0021 | t=0.1s
[finetune_replay] ep  24/150 | train loss=0.0007 top1=1.000 | val loss=0.0015 | t=0.1s
[finetune_replay] ep  25/150 | train loss=0.0007 top1=1.000 | val loss=0.0014 | t=0.1s
[finetune_replay] ep  26/150 | train loss=0.0006 top1=1.000 | val loss=0.0013 | t=0.1s
[finetune_replay] ep  27/150 | train loss=0.0007 top1=1.000 | val loss=0.0013 | t=0.1s
[finetune_replay] ep  28/150 | train loss=0.0005 top1=1.000 | val loss=0.0012 | t=0.1s
[finetune_replay] ep  29/150 | train loss=0.0009 top1=1.000 | val loss=0.0012 | t=0.1s
[finetune_replay] ep  30/150 | train loss=0.0006 top1=1.000 | val loss=0.0014 | t=0.2s
[finetune_replay] ep  31/150 | train loss=0.0007 top1=1.000 | val loss=0.0016 | t=0.1s
[finetune_replay] ep  32/150 | train loss=0.0007 top1=1.000 | val loss=0.0014 | t=0.1s
[finetune_replay] ep  33/150 | train loss=0.0008 top1=1.000 | val loss=0.0174 | t=0.1s
[finetune_replay] ep  34/150 | train loss=0.0038 top1=1.000 | val loss=0.0054 | t=0.1s
[finetune_replay] ep  35/150 | train loss=0.0020 top1=1.000 | val loss=0.0093 | t=0.1s
[finetune_replay] ep  36/150 | train loss=0.0045 top1=1.000 | val loss=0.0015 | t=0.1s
[finetune_replay] ep  37/150 | train loss=0.0017 top1=1.000 | val loss=0.0031 | t=0.1s
[finetune_replay] ep  38/150 | train loss=0.0054 top1=1.000 | val loss=0.0124 | t=0.1s
[finetune_replay] ep  39/150 | train loss=0.0037 top1=1.000 | val loss=0.0264 | t=0.1s
[finetune_replay] ep  40/150 | train loss=0.0044 top1=1.000 | val loss=0.0012 | t=0.1s
[finetune_replay] ep  41/150 | train loss=0.0020 top1=1.000 | val loss=0.0018 | t=0.1s
[finetune_replay] ep  42/150 | train loss=0.0014 top1=1.000 | val loss=0.0012 | t=0.1s
[finetune_replay] ep  43/150 | train loss=0.0006 top1=1.000 | val loss=0.0028 | t=0.1s
[finetune_replay] ep  44/150 | train loss=0.0010 top1=1.000 | val loss=0.0074 | t=0.1s
[finetune_replay] ep  45/150 | train loss=0.0018 top1=1.000 | val loss=0.0050 | t=0.1s
[finetune_replay] ep  46/150 | train loss=0.0010 top1=1.000 | val loss=0.0020 | t=0.1s
[finetune_replay] ep  47/150 | train loss=0.0006 top1=1.000 | val loss=0.0015 | t=0.1s
[finetune_replay] ep  48/150 | train loss=0.0008 top1=1.000 | val loss=0.0013 | t=0.1s
[finetune_replay] ep  49/150 | train loss=0.0010 top1=1.000 | val loss=0.0013 | t=0.1s
[finetune_replay] ep  50/150 | train loss=0.0010 top1=1.000 | val loss=0.0012 | t=0.1s
[finetune_replay] ep  51/150 | train loss=0.0005 top1=1.000 | val loss=0.0011 | t=0.1s  *
[finetune_replay] ep  52/150 | train loss=0.0009 top1=1.000 | val loss=0.0011 | t=0.1s  *
[finetune_replay] ep  53/150 | train loss=0.0006 top1=1.000 | val loss=0.0011 | t=0.1s
[finetune_replay] ep  54/150 | train loss=0.0006 top1=1.000 | val loss=0.0011 | t=0.1s  *
[finetune_replay] ep  55/150 | train loss=0.0008 top1=1.000 | val loss=0.0011 | t=0.1s  *
[finetune_replay] ep  56/150 | train loss=0.0006 top1=1.000 | val loss=0.0012 | t=0.1s
[finetune_replay] ep  57/150 | train loss=0.0007 top1=1.000 | val loss=0.0012 | t=0.1s
[finetune_replay] ep  58/150 | train loss=0.0006 top1=1.000 | val loss=0.0011 | t=0.1s
[finetune_replay] ep  59/150 | train loss=0.0004 top1=1.000 | val loss=0.0010 | t=0.1s  *
[finetune_replay] ep  60/150 | train loss=0.0004 top1=1.000 | val loss=0.0010 | t=0.1s  *
[finetune_replay] ep  61/150 | train loss=0.0005 top1=1.000 | val loss=0.0009 | t=0.1s  *
[finetune_replay] ep  62/150 | train loss=0.0005 top1=1.000 | val loss=0.0009 | t=0.1s  *
[finetune_replay] ep  63/150 | train loss=0.0004 top1=1.000 | val loss=0.0008 | t=0.1s  *
[finetune_replay] ep  64/150 | train loss=0.0005 top1=1.000 | val loss=0.0007 | t=0.1s  *
[finetune_replay] ep  65/150 | train loss=0.0006 top1=1.000 | val loss=0.0007 | t=0.1s  *
[finetune_replay] ep  66/150 | train loss=0.0005 top1=1.000 | val loss=0.0007 | t=0.1s
[finetune_replay] ep  67/150 | train loss=0.0004 top1=1.000 | val loss=0.0008 | t=0.1s
[finetune_replay] ep  68/150 | train loss=0.0004 top1=1.000 | val loss=0.0008 | t=0.1s
[finetune_replay] ep  69/150 | train loss=0.0004 top1=1.000 | val loss=0.0009 | t=0.1s
[finetune_replay] ep  70/150 | train loss=0.0004 top1=1.000 | val loss=0.0008 | t=0.1s
[finetune_replay] ep  71/150 | train loss=0.0004 top1=1.000 | val loss=0.0008 | t=0.1s
[finetune_replay] ep  72/150 | train loss=0.0005 top1=1.000 | val loss=0.0007 | t=0.1s
[finetune_replay] ep  73/150 | train loss=0.0004 top1=1.000 | val loss=0.0007 | t=0.1s  *
[finetune_replay] ep  74/150 | train loss=0.0003 top1=1.000 | val loss=0.0006 | t=0.1s  *
[finetune_replay] ep  75/150 | train loss=0.0004 top1=1.000 | val loss=0.0007 | t=0.1s
[finetune_replay] ep  76/150 | train loss=0.0005 top1=1.000 | val loss=0.0085 | t=0.1s
[finetune_replay] ep  77/150 | train loss=0.0063 top1=1.000 | val loss=0.0008 | t=0.1s
[finetune_replay] ep  78/150 | train loss=0.0009 top1=1.000 | val loss=0.0050 | t=0.1s
[finetune_replay] ep  79/150 | train loss=0.0033 top1=1.000 | val loss=0.0028 | t=0.1s
[finetune_replay] ep  80/150 | train loss=0.0012 top1=1.000 | val loss=0.0019 | t=0.1s
[finetune_replay] ep  81/150 | train loss=0.0005 top1=1.000 | val loss=0.0023 | t=0.1s
[finetune_replay] ep  82/150 | train loss=0.0004 top1=1.000 | val loss=0.0028 | t=0.1s
[finetune_replay] ep  83/150 | train loss=0.0015 top1=1.000 | val loss=0.0021 | t=0.1s
[finetune_replay] ep  84/150 | train loss=0.0007 top1=1.000 | val loss=0.0013 | t=0.1s
[finetune_replay] ep  85/150 | train loss=0.0004 top1=1.000 | val loss=0.0010 | t=0.1s
[finetune_replay] ep  86/150 | train loss=0.0003 top1=1.000 | val loss=0.0009 | t=0.1s
[finetune_replay] ep  87/150 | train loss=0.0005 top1=1.000 | val loss=0.0011 | t=0.1s
[finetune_replay] ep  88/150 | train loss=0.0004 top1=1.000 | val loss=0.0029 | t=0.1s
[finetune_replay] ep  89/150 | train loss=0.0007 top1=1.000 | val loss=0.0028 | t=0.1s
[finetune_replay] ep  90/150 | train loss=0.0005 top1=1.000 | val loss=0.0015 | t=0.1s
[finetune_replay] ep  91/150 | train loss=0.0003 top1=1.000 | val loss=0.0010 | t=0.1s
[finetune_replay] ep  92/150 | train loss=0.0004 top1=1.000 | val loss=0.0010 | t=0.1s
[finetune_replay] ep  93/150 | train loss=0.0006 top1=1.000 | val loss=0.0009 | t=0.1s
[finetune_replay] ep  94/150 | train loss=0.0005 top1=1.000 | val loss=0.0009 | t=0.1s
[finetune_replay] ep  95/150 | train loss=0.0005 top1=1.000 | val loss=0.0009 | t=0.1s
[finetune_replay] ep  96/150 | train loss=0.0005 top1=1.000 | val loss=0.0008 | t=0.1s
[finetune_replay] ep  97/150 | train loss=0.0004 top1=1.000 | val loss=0.0008 | t=0.1s
[finetune_replay] ep  98/150 | train loss=0.0003 top1=1.000 | val loss=0.0008 | t=0.1s
[finetune_replay] ep  99/150 | train loss=0.0004 top1=1.000 | val loss=0.0008 | t=0.1s
[finetune_replay] ep 100/150 | train loss=0.0004 top1=1.000 | val loss=0.0007 | t=0.1s
[finetune_replay] ep 101/150 | train loss=0.0004 top1=1.000 | val loss=0.0007 | t=0.1s
[finetune_replay] ep 102/150 | train loss=0.0004 top1=1.000 | val loss=0.0007 | t=0.1s
[finetune_replay] ep 103/150 | train loss=0.0004 top1=1.000 | val loss=0.0007 | t=0.1s
[finetune_replay] ep 104/150 | train loss=0.0003 top1=1.000 | val loss=0.0007 | t=0.1s
[finetune_replay] ep 105/150 | train loss=0.0004 top1=1.000 | val loss=0.0007 | t=0.1s
[finetune_replay] ep 106/150 | train loss=0.0004 top1=1.000 | val loss=0.0007 | t=0.1s
[finetune_replay] ep 107/150 | train loss=0.0004 top1=1.000 | val loss=0.0007 | t=0.1s
[finetune_replay] ep 108/150 | train loss=0.0003 top1=1.000 | val loss=0.0008 | t=0.1s
[finetune_replay] ep 109/150 | train loss=0.0003 top1=1.000 | val loss=0.0008 | t=0.1s
[finetune_replay] ep 110/150 | train loss=0.0004 top1=1.000 | val loss=0.0008 | t=0.1s
[finetune_replay] ep 111/150 | train loss=0.0004 top1=1.000 | val loss=0.0008 | t=0.1s
[finetune_replay] ep 112/150 | train loss=0.0003 top1=1.000 | val loss=0.0008 | t=0.1s
[finetune_replay] ep 113/150 | train loss=0.0004 top1=1.000 | val loss=0.0007 | t=0.1s
[finetune_replay] ep 114/150 | train loss=0.0002 top1=1.000 | val loss=0.0007 | t=0.1s
[finetune_replay] ep 115/150 | train loss=0.0003 top1=1.000 | val loss=0.0007 | t=0.1s
[finetune_replay] ep 116/150 | train loss=0.0004 top1=1.000 | val loss=0.0007 | t=0.1s
[finetune_replay] ep 117/150 | train loss=0.0003 top1=1.000 | val loss=0.0007 | t=0.1s
[finetune_replay] ep 118/150 | train loss=0.0003 top1=1.000 | val loss=0.0007 | t=0.1s
[finetune_replay] ep 119/150 | train loss=0.0003 top1=1.000 | val loss=0.0007 | t=0.1s
[finetune_replay] ep 120/150 | train loss=0.0004 top1=1.000 | val loss=0.0007 | t=0.1s
[finetune_replay] ep 121/150 | train loss=0.0003 top1=1.000 | val loss=0.0007 | t=0.1s
[finetune_replay] ep 122/150 | train loss=0.0003 top1=1.000 | val loss=0.0007 | t=0.1s
[finetune_replay] ep 123/150 | train loss=0.0004 top1=1.000 | val loss=0.0007 | t=0.1s
[finetune_replay] ep 124/150 | train loss=0.0004 top1=1.000 | val loss=0.0007 | t=0.1s
[finetune_replay] ep 125/150 | train loss=0.0003 top1=1.000 | val loss=0.0007 | t=0.1s
[finetune_replay] ep 126/150 | train loss=0.0003 top1=1.000 | val loss=0.0007 | t=0.1s
[finetune_replay] ep 127/150 | train loss=0.0004 top1=1.000 | val loss=0.0007 | t=0.1s
[finetune_replay] ep 128/150 | train loss=0.0003 top1=1.000 | val loss=0.0007 | t=0.1s
[finetune_replay] ep 129/150 | train loss=0.0003 top1=1.000 | val loss=0.0007 | t=0.1s
[finetune_replay] ep 130/150 | train loss=0.0004 top1=1.000 | val loss=0.0007 | t=0.1s
[finetune_replay] ep 131/150 | train loss=0.0003 top1=1.000 | val loss=0.0007 | t=0.1s
[finetune_replay] ep 132/150 | train loss=0.0003 top1=1.000 | val loss=0.0007 | t=0.1s
[finetune_replay] ep 133/150 | train loss=0.0004 top1=1.000 | val loss=0.0007 | t=0.1s
[finetune_replay] ep 134/150 | train loss=0.0004 top1=1.000 | val loss=0.0007 | t=0.1s
[finetune_replay] ep 135/150 | train loss=0.0003 top1=1.000 | val loss=0.0007 | t=0.1s
[finetune_replay] ep 136/150 | train loss=0.0003 top1=1.000 | val loss=0.0007 | t=0.1s
[finetune_replay] ep 137/150 | train loss=0.0003 top1=1.000 | val loss=0.0007 | t=0.1s
[finetune_replay] ep 138/150 | train loss=0.0003 top1=1.000 | val loss=0.0007 | t=0.1s
[finetune_replay] ep 139/150 | train loss=0.0003 top1=1.000 | val loss=0.0007 | t=0.1s
[finetune_replay] ep 140/150 | train loss=0.0003 top1=1.000 | val loss=0.0007 | t=0.1s
[finetune_replay] ep 141/150 | train loss=0.0003 top1=1.000 | val loss=0.0007 | t=0.1s
[finetune_replay] ep 142/150 | train loss=0.0003 top1=1.000 | val loss=0.0007 | t=0.1s
[finetune_replay] ep 143/150 | train loss=0.0003 top1=1.000 | val loss=0.0007 | t=0.1s
[finetune_replay] ep 144/150 | train loss=0.0003 top1=1.000 | val loss=0.0007 | t=0.1s
[finetune_replay] ep 145/150 | train loss=0.0004 top1=1.000 | val loss=0.0007 | t=0.1s
[finetune_replay] ep 146/150 | train loss=0.0003 top1=1.000 | val loss=0.0007 | t=0.1s
[finetune_replay] ep 147/150 | train loss=0.0003 top1=1.000 | val loss=0.0007 | t=0.1s
[finetune_replay] ep 148/150 | train loss=0.0003 top1=1.000 | val loss=0.0007 | t=0.1s
[finetune_replay] ep 149/150 | train loss=0.0004 top1=1.000 | val loss=0.0007 | t=0.1s
[finetune_replay] ep 150/150 | train loss=0.0003 top1=1.000 | val loss=0.0007 | t=0.1s
[finetune_replay] DONE best_val_loss=0.0006 @ epoch 74
[19:42:39] [bo-budget] $ /home/s226137394/.conda/envs/maze/bin/python3 -u -m Equivariant_pathway.equivariant_CNN_hybrid.rollout_test --checkpoint /weka/s226137394/DmNfull/Equivariant_pathway/equivariant_CNN_hybrid/baseline_vs_p4/pool_x_selector/results_hpsweep/e150_lr5e-05_rm0.5_do0/run_6/p4_top3_rotate/checkpoints/best_hybrid_policy.pth --layouts /weka/s226137394/DmNfull/Equivariant_pathway/equivariant_CNN_hybrid/baseline_vs_p4/shared/heldout_layouts.yaml --out_dir /weka/s226137394/DmNfull/Equivariant_pathway/equivariant_CNN_hybrid/baseline_vs_p4/pool_x_selector/results_hpsweep/e150_lr5e-05_rm0.5_do0/run_6/p4_top3_rotate/results/eval_round_007 --seed 13 --max_steps 60
[hybrid-rollout] 200 unique; running 200 eps
[hybrid-rollout] loaded /weka/s226137394/DmNfull/Equivariant_pathway/equivariant_CNN_hybrid/baseline_vs_p4/pool_x_selector/results_hpsweep/e150_lr5e-05_rm0.5_do0/run_6/p4_top3_rotate/checkpoints/best_hybrid_policy.pth
[hybrid-rollout] ep 0 (heldout_001): steps=5 success=True
[hybrid-rollout] ep 1 (heldout_002): steps=4 success=True
[hybrid-rollout] ep 2 (heldout_003): steps=60 success=False
[hybrid-rollout] ep 3 (heldout_004): steps=6 success=True
[hybrid-rollout] ep 4 (heldout_005): steps=5 success=True
[hybrid-rollout] ep 5 (heldout_006): steps=3 success=False
[hybrid-rollout] ep 6 (heldout_007): steps=5 success=True
[hybrid-rollout] ep 7 (heldout_008): steps=4 success=True
[hybrid-rollout] ep 8 (heldout_009): steps=6 success=True
[hybrid-rollout] ep 9 (heldout_010): steps=8 success=True
[hybrid-rollout] ep 10 (heldout_011): steps=4 success=True
[hybrid-rollout] ep 11 (heldout_012): steps=4 success=True
[hybrid-rollout] ep 12 (heldout_013): steps=5 success=True
[hybrid-rollout] ep 13 (heldout_014): steps=5 success=True
[hybrid-rollout] ep 14 (heldout_015): steps=4 success=True
[hybrid-rollout] ep 15 (heldout_016): steps=5 success=True
[hybrid-rollout] ep 16 (heldout_017): steps=60 success=False
[hybrid-rollout] ep 17 (heldout_018): steps=60 success=False
[hybrid-rollout] ep 18 (heldout_019): steps=5 success=True
[hybrid-rollout] ep 19 (heldout_020): steps=5 success=True
[hybrid-rollout] ep 20 (heldout_021): steps=4 success=True
[hybrid-rollout] ep 21 (heldout_022): steps=4 success=True
[hybrid-rollout] ep 22 (heldout_023): steps=7 success=True
[hybrid-rollout] ep 23 (heldout_024): steps=60 success=False
[hybrid-rollout] ep 24 (heldout_025): steps=4 success=True
[hybrid-rollout] ep 25 (heldout_026): steps=4 success=True
[hybrid-rollout] ep 26 (heldout_027): steps=4 success=True
[hybrid-rollout] ep 27 (heldout_028): steps=4 success=True
[hybrid-rollout] ep 28 (heldout_029): steps=5 success=True
[hybrid-rollout] ep 29 (heldout_030): steps=60 success=False
[hybrid-rollout] ep 30 (heldout_031): steps=5 success=True
[hybrid-rollout] ep 31 (heldout_032): steps=60 success=False
[hybrid-rollout] ep 32 (heldout_033): steps=4 success=True
[hybrid-rollout] ep 33 (heldout_034): steps=5 success=True
[hybrid-rollout] ep 34 (heldout_035): steps=6 success=True
[hybrid-rollout] ep 35 (heldout_036): steps=5 success=True
[hybrid-rollout] ep 36 (heldout_037): steps=4 success=True
[hybrid-rollout] ep 37 (heldout_038): steps=60 success=False
[hybrid-rollout] ep 38 (heldout_039): steps=6 success=True
[hybrid-rollout] ep 39 (heldout_040): steps=5 success=True
[hybrid-rollout] ep 40 (heldout_041): steps=6 success=True
[hybrid-rollout] ep 41 (heldout_042): steps=60 success=False
[hybrid-rollout] ep 42 (heldout_043): steps=4 success=True
[hybrid-rollout] ep 43 (heldout_044): steps=5 success=True
[hybrid-rollout] ep 44 (heldout_045): steps=5 success=True
[hybrid-rollout] ep 45 (heldout_046): steps=4 success=True
[hybrid-rollout] ep 46 (heldout_047): steps=60 success=False
[hybrid-rollout] ep 47 (heldout_048): steps=6 success=True
[hybrid-rollout] ep 48 (heldout_049): steps=5 success=True
[hybrid-rollout] ep 49 (heldout_050): steps=4 success=True
[hybrid-rollout] ep 50 (heldout_051): steps=4 success=True
[hybrid-rollout] ep 51 (heldout_052): steps=4 success=True
[hybrid-rollout] ep 52 (heldout_053): steps=6 success=True
[hybrid-rollout] ep 53 (heldout_054): steps=4 success=True
[hybrid-rollout] ep 54 (heldout_055): steps=60 success=False
[hybrid-rollout] ep 55 (heldout_056): steps=4 success=True
[hybrid-rollout] ep 56 (heldout_057): steps=2 success=False
[hybrid-rollout] ep 57 (heldout_058): steps=4 success=True
[hybrid-rollout] ep 58 (heldout_059): steps=5 success=True
[hybrid-rollout] ep 59 (heldout_060): steps=6 success=True
[hybrid-rollout] ep 60 (heldout_061): steps=5 success=True
[hybrid-rollout] ep 61 (heldout_062): steps=6 success=True
[hybrid-rollout] ep 62 (heldout_063): steps=5 success=True
[hybrid-rollout] ep 63 (heldout_064): steps=4 success=True
[hybrid-rollout] ep 64 (heldout_065): steps=7 success=True
[hybrid-rollout] ep 65 (heldout_066): steps=6 success=True
[hybrid-rollout] ep 66 (heldout_067): steps=5 success=True
[hybrid-rollout] ep 67 (heldout_068): steps=4 success=True
[hybrid-rollout] ep 68 (heldout_069): steps=4 success=True
[hybrid-rollout] ep 69 (heldout_070): steps=7 success=True
[hybrid-rollout] ep 70 (heldout_071): steps=60 success=False
[hybrid-rollout] ep 71 (heldout_072): steps=5 success=True
[hybrid-rollout] ep 72 (heldout_073): steps=3 success=False
[hybrid-rollout] ep 73 (heldout_074): steps=4 success=True
[hybrid-rollout] ep 74 (heldout_075): steps=5 success=True
[hybrid-rollout] ep 75 (heldout_076): steps=7 success=True
[hybrid-rollout] ep 76 (heldout_077): steps=4 success=True
[hybrid-rollout] ep 77 (heldout_078): steps=3 success=False
[hybrid-rollout] ep 78 (heldout_079): steps=4 success=True
[hybrid-rollout] ep 79 (heldout_080): steps=4 success=True
[hybrid-rollout] ep 80 (heldout_081): steps=5 success=True
[hybrid-rollout] ep 81 (heldout_082): steps=5 success=True
[hybrid-rollout] ep 82 (heldout_083): steps=4 success=True
[hybrid-rollout] ep 83 (heldout_084): steps=5 success=True
[hybrid-rollout] ep 84 (heldout_085): steps=60 success=False
[hybrid-rollout] ep 85 (heldout_086): steps=6 success=True
[hybrid-rollout] ep 86 (heldout_087): steps=7 success=True
[hybrid-rollout] ep 87 (heldout_088): steps=4 success=True
[hybrid-rollout] ep 88 (heldout_089): steps=3 success=False
[hybrid-rollout] ep 89 (heldout_090): steps=4 success=True
[hybrid-rollout] ep 90 (heldout_091): steps=4 success=False
[hybrid-rollout] ep 91 (heldout_092): steps=5 success=True
[hybrid-rollout] ep 92 (heldout_093): steps=6 success=True
[hybrid-rollout] ep 93 (heldout_094): steps=6 success=True
[hybrid-rollout] ep 94 (heldout_095): steps=7 success=True
[hybrid-rollout] ep 95 (heldout_096): steps=5 success=True
[hybrid-rollout] ep 96 (heldout_097): steps=5 success=True
[hybrid-rollout] ep 97 (heldout_098): steps=60 success=False
[hybrid-rollout] ep 98 (heldout_099): steps=60 success=False
[hybrid-rollout] ep 99 (heldout_100): steps=8 success=True
[hybrid-rollout] ep 100 (heldout_101): steps=4 success=True
[hybrid-rollout] ep 101 (heldout_102): steps=4 success=True
[hybrid-rollout] ep 102 (heldout_103): steps=60 success=False
[hybrid-rollout] ep 103 (heldout_104): steps=6 success=True
[hybrid-rollout] ep 104 (heldout_105): steps=60 success=False
[hybrid-rollout] ep 105 (heldout_106): steps=6 success=True
[hybrid-rollout] ep 106 (heldout_107): steps=4 success=True
[hybrid-rollout] ep 107 (heldout_108): steps=4 success=True
[hybrid-rollout] ep 108 (heldout_109): steps=4 success=True
[hybrid-rollout] ep 109 (heldout_110): steps=4 success=True
[hybrid-rollout] ep 110 (heldout_111): steps=60 success=False
[hybrid-rollout] ep 111 (heldout_112): steps=5 success=True
[hybrid-rollout] ep 112 (heldout_113): steps=7 success=True
[hybrid-rollout] ep 113 (heldout_114): steps=60 success=False
[hybrid-rollout] ep 114 (heldout_115): steps=4 success=True
[hybrid-rollout] ep 115 (heldout_116): steps=5 success=True
[hybrid-rollout] ep 116 (heldout_117): steps=60 success=False
[hybrid-rollout] ep 117 (heldout_118): steps=9 success=True
[hybrid-rollout] ep 118 (heldout_119): steps=4 success=True
[hybrid-rollout] ep 119 (heldout_120): steps=7 success=True
[hybrid-rollout] ep 120 (heldout_121): steps=4 success=True
[hybrid-rollout] ep 121 (heldout_122): steps=4 success=True
[hybrid-rollout] ep 122 (heldout_123): steps=6 success=True
[hybrid-rollout] ep 123 (heldout_124): steps=60 success=False
[hybrid-rollout] ep 124 (heldout_125): steps=4 success=True
[hybrid-rollout] ep 125 (heldout_126): steps=4 success=True
[hybrid-rollout] ep 126 (heldout_127): steps=60 success=False
[hybrid-rollout] ep 127 (heldout_128): steps=7 success=True
[hybrid-rollout] ep 128 (heldout_129): steps=60 success=False
[hybrid-rollout] ep 129 (heldout_130): steps=4 success=True
[hybrid-rollout] ep 130 (heldout_131): steps=60 success=False
[hybrid-rollout] ep 131 (heldout_132): steps=4 success=True
[hybrid-rollout] ep 132 (heldout_133): steps=4 success=True
[hybrid-rollout] ep 133 (heldout_134): steps=60 success=False
[hybrid-rollout] ep 134 (heldout_135): steps=6 success=True
[hybrid-rollout] ep 135 (heldout_136): steps=5 success=True
[hybrid-rollout] ep 136 (heldout_137): steps=60 success=False
[hybrid-rollout] ep 137 (heldout_138): steps=4 success=True
[hybrid-rollout] ep 138 (heldout_139): steps=4 success=True
[hybrid-rollout] ep 139 (heldout_140): steps=5 success=True
[hybrid-rollout] ep 140 (heldout_141): steps=5 success=True
[hybrid-rollout] ep 141 (heldout_142): steps=4 success=True
[hybrid-rollout] ep 142 (heldout_143): steps=8 success=True
[hybrid-rollout] ep 143 (heldout_144): steps=4 success=True
[hybrid-rollout] ep 144 (heldout_145): steps=5 success=True
[hybrid-rollout] ep 145 (heldout_146): steps=7 success=True
[hybrid-rollout] ep 146 (heldout_147): steps=4 success=True
[hybrid-rollout] ep 147 (heldout_148): steps=60 success=False
[hybrid-rollout] ep 148 (heldout_149): steps=5 success=True
[hybrid-rollout] ep 149 (heldout_150): steps=4 success=True
[hybrid-rollout] ep 150 (heldout_151): steps=5 success=True
[hybrid-rollout] ep 151 (heldout_152): steps=6 success=True
[hybrid-rollout] ep 152 (heldout_153): steps=5 success=True
[hybrid-rollout] ep 153 (heldout_154): steps=60 success=False
[hybrid-rollout] ep 154 (heldout_155): steps=60 success=False
[hybrid-rollout] ep 155 (heldout_156): steps=60 success=False
[hybrid-rollout] ep 156 (heldout_157): steps=4 success=True
[hybrid-rollout] ep 157 (heldout_158): steps=3 success=False
[hybrid-rollout] ep 158 (heldout_159): steps=6 success=True
[hybrid-rollout] ep 159 (heldout_160): steps=60 success=False
[hybrid-rollout] ep 160 (heldout_161): steps=60 success=False
[hybrid-rollout] ep 161 (heldout_162): steps=5 success=True
[hybrid-rollout] ep 162 (heldout_163): steps=4 success=True
[hybrid-rollout] ep 163 (heldout_164): steps=6 success=True
[hybrid-rollout] ep 164 (heldout_165): steps=5 success=True
[hybrid-rollout] ep 165 (heldout_166): steps=60 success=False
[hybrid-rollout] ep 166 (heldout_167): steps=4 success=True
[hybrid-rollout] ep 167 (heldout_168): steps=4 success=True
[hybrid-rollout] ep 168 (heldout_169): steps=4 success=False
[hybrid-rollout] ep 169 (heldout_170): steps=5 success=False
[hybrid-rollout] ep 170 (heldout_171): steps=4 success=True
[hybrid-rollout] ep 171 (heldout_172): steps=5 success=True
[hybrid-rollout] ep 172 (heldout_173): steps=4 success=True
[hybrid-rollout] ep 173 (heldout_174): steps=5 success=True
[hybrid-rollout] ep 174 (heldout_175): steps=5 success=True
[hybrid-rollout] ep 175 (heldout_176): steps=6 success=True
[hybrid-rollout] ep 176 (heldout_177): steps=6 success=True
[hybrid-rollout] ep 177 (heldout_178): steps=5 success=True
[hybrid-rollout] ep 178 (heldout_179): steps=5 success=True
[hybrid-rollout] ep 179 (heldout_180): steps=4 success=True
[hybrid-rollout] ep 180 (heldout_181): steps=5 success=True
[hybrid-rollout] ep 181 (heldout_182): steps=4 success=True
[hybrid-rollout] ep 182 (heldout_183): steps=5 success=True
[hybrid-rollout] ep 183 (heldout_184): steps=7 success=True
[hybrid-rollout] ep 184 (heldout_185): steps=5 success=True
[hybrid-rollout] ep 185 (heldout_186): steps=4 success=True
[hybrid-rollout] ep 186 (heldout_187): steps=5 success=True
[hybrid-rollout] ep 187 (heldout_188): steps=5 success=True
[hybrid-rollout] ep 188 (heldout_189): steps=5 success=True
[hybrid-rollout] ep 189 (heldout_190): steps=7 success=True
[hybrid-rollout] ep 190 (heldout_191): steps=6 success=True
[hybrid-rollout] ep 191 (heldout_192): steps=5 success=True
[hybrid-rollout] ep 192 (heldout_193): steps=60 success=False
[hybrid-rollout] ep 193 (heldout_194): steps=6 success=True
[hybrid-rollout] ep 194 (heldout_195): steps=5 success=True
[hybrid-rollout] ep 195 (heldout_196): steps=4 success=True
[hybrid-rollout] ep 196 (heldout_197): steps=5 success=True
[hybrid-rollout] ep 197 (heldout_198): steps=4 success=True
[hybrid-rollout] ep 198 (heldout_199): steps=4 success=True
[hybrid-rollout] ep 199 (heldout_200): steps=4 success=True
[hybrid-rollout] DONE successes=158/200
[19:43:59] [replay_p4] run 6 round 7: extras=7 heldout_sr=0.790
[19:43:59] [replay_p4] $ /home/s226137394/.conda/envs/maze/bin/python3 -u -m Equivariant_pathway.equivariant_CNN_hybrid.baseline_vs_p4.pool_x_selector.trainer.finetune_replay --demo_dir /weka/s226137394/DmNfull/Equivariant_pathway/equivariant_CNN_hybrid/baseline_vs_p4/pool_x_selector/results_hpsweep/e150_lr5e-05_rm0.5_do0/run_6/p4_top3_rotate/demos --checkpoint_dir /weka/s226137394/DmNfull/Equivariant_pathway/equivariant_CNN_hybrid/baseline_vs_p4/pool_x_selector/results_hpsweep/e150_lr5e-05_rm0.5_do0/run_6/p4_top3_rotate/checkpoints --epochs 150 --batch_size 64 --lr 5e-05 --weight_decay 0.0001 --replay_mix 0.5 --replay_mix_floor 0.2 --head_dropout 0.0 --seed 6 --resume --new_demos_dir /weka/s226137394/DmNfull/Equivariant_pathway/equivariant_CNN_hybrid/baseline_vs_p4/pool_x_selector/results_hpsweep/e150_lr5e-05_rm0.5_do0/run_6/p4_top3_rotate/demos/round_008
[finetune_replay] device=cuda demo_dir=/weka/s226137394/DmNfull/Equivariant_pathway/equivariant_CNN_hybrid/baseline_vs_p4/pool_x_selector/results_hpsweep/e150_lr5e-05_rm0.5_do0/run_6/p4_top3_rotate/demos new_demos_dir=/weka/s226137394/DmNfull/Equivariant_pathway/equivariant_CNN_hybrid/baseline_vs_p4/pool_x_selector/results_hpsweep/e150_lr5e-05_rm0.5_do0/run_6/p4_top3_rotate/demos/round_008
[hybrid-dataset] 27 demos -> 143 samples
[hybrid-dataset] 1 demos -> 4 samples
[finetune_replay] sampler audit: {'n_old_samples': 143, 'n_new_samples': 4, 'replay_mix_target': 0.5, 'replay_mix_effective': 0.5, 'replay_mix_floor': 0.2}
[finetune_replay] trainable params: 1,400,028
[finetune_replay] WARM START from last_hybrid_policy.pth
[finetune_replay] ep   1/150 | train loss=0.1277 top1=0.940 | val loss=0.2829 | t=1.0s  *
[finetune_replay] ep   2/150 | train loss=0.0341 top1=0.985 | val loss=0.0406 | t=0.1s  *
[finetune_replay] ep   3/150 | train loss=0.0057 top1=1.000 | val loss=0.0115 | t=0.1s  *
[finetune_replay] ep   4/150 | train loss=0.0038 top1=1.000 | val loss=0.0075 | t=0.1s  *
[finetune_replay] ep   5/150 | train loss=0.0049 top1=1.000 | val loss=0.0071 | t=0.1s  *
[finetune_replay] ep   6/150 | train loss=0.0009 top1=1.000 | val loss=0.0098 | t=0.1s
[finetune_replay] ep   7/150 | train loss=0.0019 top1=1.000 | val loss=0.0191 | t=0.1s
[finetune_replay] ep   8/150 | train loss=0.0012 top1=1.000 | val loss=0.0411 | t=0.1s
[finetune_replay] ep   9/150 | train loss=0.0013 top1=1.000 | val loss=0.0570 | t=0.1s
[finetune_replay] ep  10/150 | train loss=0.0008 top1=1.000 | val loss=0.0618 | t=0.1s
[finetune_replay] ep  11/150 | train loss=0.0016 top1=1.000 | val loss=0.0365 | t=0.1s
[finetune_replay] ep  12/150 | train loss=0.0011 top1=1.000 | val loss=0.0039 | t=0.1s  *
[finetune_replay] ep  13/150 | train loss=0.0006 top1=1.000 | val loss=0.0012 | t=0.1s  *
[finetune_replay] ep  14/150 | train loss=0.0022 top1=1.000 | val loss=0.0024 | t=0.1s
[finetune_replay] ep  15/150 | train loss=0.0007 top1=1.000 | val loss=0.0101 | t=0.2s
[finetune_replay] ep  16/150 | train loss=0.0006 top1=1.000 | val loss=0.0211 | t=0.1s
[finetune_replay] ep  17/150 | train loss=0.0005 top1=1.000 | val loss=0.0346 | t=0.1s
[finetune_replay] ep  18/150 | train loss=0.0011 top1=1.000 | val loss=0.0294 | t=0.1s
[finetune_replay] ep  19/150 | train loss=0.0003 top1=1.000 | val loss=0.0219 | t=0.1s
[finetune_replay] ep  20/150 | train loss=0.0005 top1=1.000 | val loss=0.0157 | t=0.1s
[finetune_replay] ep  21/150 | train loss=0.0004 top1=1.000 | val loss=0.0115 | t=0.1s
[finetune_replay] ep  22/150 | train loss=0.0004 top1=1.000 | val loss=0.0082 | t=0.1s
[finetune_replay] ep  23/150 | train loss=0.0005 top1=1.000 | val loss=0.0077 | t=0.1s
[finetune_replay] ep  24/150 | train loss=0.0003 top1=1.000 | val loss=0.0096 | t=0.1s
[finetune_replay] ep  25/150 | train loss=0.0005 top1=1.000 | val loss=0.0140 | t=0.1s
[finetune_replay] ep  26/150 | train loss=0.0003 top1=1.000 | val loss=0.0206 | t=0.1s
[finetune_replay] ep  27/150 | train loss=0.0005 top1=1.000 | val loss=0.0226 | t=0.1s
[finetune_replay] ep  28/150 | train loss=0.0003 top1=1.000 | val loss=0.0229 | t=0.1s
[finetune_replay] ep  29/150 | train loss=0.0004 top1=1.000 | val loss=0.0214 | t=0.1s
[finetune_replay] ep  30/150 | train loss=0.0003 top1=1.000 | val loss=0.0199 | t=0.1s
[finetune_replay] ep  31/150 | train loss=0.0004 top1=1.000 | val loss=0.0180 | t=0.1s
[finetune_replay] ep  32/150 | train loss=0.0004 top1=1.000 | val loss=0.0150 | t=0.1s
[finetune_replay] ep  33/150 | train loss=0.0003 top1=1.000 | val loss=0.0137 | t=0.1s
[finetune_replay] ep  34/150 | train loss=0.0003 top1=1.000 | val loss=0.0133 | t=0.1s
[finetune_replay] ep  35/150 | train loss=0.0002 top1=1.000 | val loss=0.0136 | t=0.1s
[finetune_replay] ep  36/150 | train loss=0.0003 top1=1.000 | val loss=0.0143 | t=0.1s
[finetune_replay] ep  37/150 | train loss=0.0003 top1=1.000 | val loss=0.0147 | t=0.1s
[finetune_replay] ep  38/150 | train loss=0.0003 top1=1.000 | val loss=0.0143 | t=0.1s
[finetune_replay] ep  39/150 | train loss=0.0003 top1=1.000 | val loss=0.0129 | t=0.1s
[finetune_replay] ep  40/150 | train loss=0.0003 top1=1.000 | val loss=0.0135 | t=0.1s
[finetune_replay] ep  41/150 | train loss=0.0003 top1=1.000 | val loss=0.0142 | t=0.1s
[finetune_replay] ep  42/150 | train loss=0.0004 top1=1.000 | val loss=0.0119 | t=0.1s
[finetune_replay] ep  43/150 | train loss=0.0003 top1=1.000 | val loss=0.0112 | t=0.1s
[finetune_replay] ep  44/150 | train loss=0.0002 top1=1.000 | val loss=0.0106 | t=0.1s
[finetune_replay] ep  45/150 | train loss=0.0003 top1=1.000 | val loss=0.0103 | t=0.1s
[finetune_replay] ep  46/150 | train loss=0.0002 top1=1.000 | val loss=0.0074 | t=0.1s
[finetune_replay] ep  47/150 | train loss=0.0002 top1=1.000 | val loss=0.0053 | t=0.1s
[finetune_replay] ep  48/150 | train loss=0.0003 top1=1.000 | val loss=0.0065 | t=0.1s
[finetune_replay] ep  49/150 | train loss=0.0003 top1=1.000 | val loss=0.0123 | t=0.1s
[finetune_replay] ep  50/150 | train loss=0.0002 top1=1.000 | val loss=0.0238 | t=0.1s
[finetune_replay] ep  51/150 | train loss=0.0002 top1=1.000 | val loss=0.0297 | t=0.1s
[finetune_replay] ep  52/150 | train loss=0.0003 top1=1.000 | val loss=0.0291 | t=0.1s
[finetune_replay] ep  53/150 | train loss=0.0002 top1=1.000 | val loss=0.0272 | t=0.1s
[finetune_replay] ep  54/150 | train loss=0.0002 top1=1.000 | val loss=0.0234 | t=0.1s
[finetune_replay] ep  55/150 | train loss=0.0003 top1=1.000 | val loss=0.0187 | t=0.1s
[finetune_replay] ep  56/150 | train loss=0.0002 top1=1.000 | val loss=0.0142 | t=0.1s
[finetune_replay] ep  57/150 | train loss=0.0002 top1=1.000 | val loss=0.0122 | t=0.1s
[finetune_replay] ep  58/150 | train loss=0.0002 top1=1.000 | val loss=0.0121 | t=0.1s
[finetune_replay] ep  59/150 | train loss=0.0002 top1=1.000 | val loss=0.0129 | t=0.1s
[finetune_replay] ep  60/150 | train loss=0.0002 top1=1.000 | val loss=0.0138 | t=0.1s
[finetune_replay] ep  61/150 | train loss=0.0003 top1=1.000 | val loss=0.0125 | t=0.1s
[finetune_replay] ep  62/150 | train loss=0.0002 top1=1.000 | val loss=0.0100 | t=0.1s
[finetune_replay] ep  63/150 | train loss=0.0002 top1=1.000 | val loss=0.0089 | t=0.1s
[finetune_replay] ep  64/150 | train loss=0.0002 top1=1.000 | val loss=0.0073 | t=0.1s
[finetune_replay] ep  65/150 | train loss=0.0002 top1=1.000 | val loss=0.0053 | t=0.1s
[finetune_replay] ep  66/150 | train loss=0.0003 top1=1.000 | val loss=0.0050 | t=0.1s
[finetune_replay] ep  67/150 | train loss=0.0003 top1=1.000 | val loss=0.0069 | t=0.1s
[finetune_replay] ep  68/150 | train loss=0.0002 top1=1.000 | val loss=0.0113 | t=0.1s
[finetune_replay] ep  69/150 | train loss=0.0002 top1=1.000 | val loss=0.0189 | t=0.1s
[finetune_replay] ep  70/150 | train loss=0.0002 top1=1.000 | val loss=0.0222 | t=0.1s
[finetune_replay] ep  71/150 | train loss=0.0002 top1=1.000 | val loss=0.0230 | t=0.1s
[finetune_replay] ep  72/150 | train loss=0.0002 top1=1.000 | val loss=0.0246 | t=0.1s
[finetune_replay] ep  73/150 | train loss=0.0003 top1=1.000 | val loss=0.0231 | t=0.1s
[finetune_replay] ep  74/150 | train loss=0.0002 top1=1.000 | val loss=0.0194 | t=0.1s
[finetune_replay] ep  75/150 | train loss=0.0002 top1=1.000 | val loss=0.0168 | t=0.1s
[finetune_replay] ep  76/150 | train loss=0.0002 top1=1.000 | val loss=0.0154 | t=0.1s
[finetune_replay] ep  77/150 | train loss=0.0002 top1=1.000 | val loss=0.0143 | t=0.1s
[finetune_replay] ep  78/150 | train loss=0.0002 top1=1.000 | val loss=0.0131 | t=0.1s
[finetune_replay] ep  79/150 | train loss=0.0002 top1=1.000 | val loss=0.0125 | t=0.1s
[finetune_replay] ep  80/150 | train loss=0.0002 top1=1.000 | val loss=0.0123 | t=0.1s
[finetune_replay] ep  81/150 | train loss=0.0002 top1=1.000 | val loss=0.0122 | t=0.1s
[finetune_replay] ep  82/150 | train loss=0.0002 top1=1.000 | val loss=0.0123 | t=0.1s
[finetune_replay] ep  83/150 | train loss=0.0002 top1=1.000 | val loss=0.0124 | t=0.1s
[finetune_replay] ep  84/150 | train loss=0.0002 top1=1.000 | val loss=0.0123 | t=0.1s
[finetune_replay] ep  85/150 | train loss=0.0002 top1=1.000 | val loss=0.0120 | t=0.1s
[finetune_replay] ep  86/150 | train loss=0.0002 top1=1.000 | val loss=0.0122 | t=0.1s
[finetune_replay] ep  87/150 | train loss=0.0002 top1=1.000 | val loss=0.0122 | t=0.1s
[finetune_replay] ep  88/150 | train loss=0.0002 top1=1.000 | val loss=0.0128 | t=0.1s
[finetune_replay] ep  89/150 | train loss=0.0001 top1=1.000 | val loss=0.0139 | t=0.1s
[finetune_replay] ep  90/150 | train loss=0.0002 top1=1.000 | val loss=0.0140 | t=0.1s
[finetune_replay] ep  91/150 | train loss=0.0002 top1=1.000 | val loss=0.0146 | t=0.1s
[finetune_replay] ep  92/150 | train loss=0.0002 top1=1.000 | val loss=0.0142 | t=0.1s
[finetune_replay] ep  93/150 | train loss=0.0002 top1=1.000 | val loss=0.0122 | t=0.1s
[finetune_replay] ep  94/150 | train loss=0.0002 top1=1.000 | val loss=0.0111 | t=0.1s
[finetune_replay] ep  95/150 | train loss=0.0002 top1=1.000 | val loss=0.0100 | t=0.1s
[finetune_replay] ep  96/150 | train loss=0.0002 top1=1.000 | val loss=0.0096 | t=0.1s
[finetune_replay] ep  97/150 | train loss=0.0002 top1=1.000 | val loss=0.0090 | t=0.1s
[finetune_replay] ep  98/150 | train loss=0.0002 top1=1.000 | val loss=0.0083 | t=0.1s
[finetune_replay] ep  99/150 | train loss=0.0002 top1=1.000 | val loss=0.0085 | t=0.1s
[finetune_replay] ep 100/150 | train loss=0.0002 top1=1.000 | val loss=0.0092 | t=0.1s
[finetune_replay] ep 101/150 | train loss=0.0002 top1=1.000 | val loss=0.0098 | t=0.1s
[finetune_replay] ep 102/150 | train loss=0.0002 top1=1.000 | val loss=0.0102 | t=0.1s
[finetune_replay] ep 103/150 | train loss=0.0002 top1=1.000 | val loss=0.0104 | t=0.1s
[finetune_replay] ep 104/150 | train loss=0.0002 top1=1.000 | val loss=0.0109 | t=0.1s
[finetune_replay] ep 105/150 | train loss=0.0002 top1=1.000 | val loss=0.0117 | t=0.1s
[finetune_replay] ep 106/150 | train loss=0.0002 top1=1.000 | val loss=0.0122 | t=0.1s
[finetune_replay] ep 107/150 | train loss=0.0002 top1=1.000 | val loss=0.0129 | t=0.1s
[finetune_replay] ep 108/150 | train loss=0.0002 top1=1.000 | val loss=0.0132 | t=0.1s
[finetune_replay] ep 109/150 | train loss=0.0002 top1=1.000 | val loss=0.0130 | t=0.1s
[finetune_replay] ep 110/150 | train loss=0.0002 top1=1.000 | val loss=0.0125 | t=0.1s
[finetune_replay] ep 111/150 | train loss=0.0002 top1=1.000 | val loss=0.0123 | t=0.1s
[finetune_replay] ep 112/150 | train loss=0.0002 top1=1.000 | val loss=0.0115 | t=0.1s
[finetune_replay] ep 113/150 | train loss=0.0001 top1=1.000 | val loss=0.0103 | t=0.1s
[finetune_replay] ep 114/150 | train loss=0.0002 top1=1.000 | val loss=0.0093 | t=0.1s
[finetune_replay] ep 115/150 | train loss=0.0002 top1=1.000 | val loss=0.0095 | t=0.1s
[finetune_replay] ep 116/150 | train loss=0.0002 top1=1.000 | val loss=0.0098 | t=0.1s
[finetune_replay] ep 117/150 | train loss=0.0001 top1=1.000 | val loss=0.0102 | t=0.1s
[finetune_replay] ep 118/150 | train loss=0.0002 top1=1.000 | val loss=0.0107 | t=0.1s
[finetune_replay] ep 119/150 | train loss=0.0002 top1=1.000 | val loss=0.0110 | t=0.1s
[finetune_replay] ep 120/150 | train loss=0.0001 top1=1.000 | val loss=0.0113 | t=0.1s
[finetune_replay] ep 121/150 | train loss=0.0002 top1=1.000 | val loss=0.0115 | t=0.1s
[finetune_replay] ep 122/150 | train loss=0.0002 top1=1.000 | val loss=0.0120 | t=0.1s
[finetune_replay] ep 123/150 | train loss=0.0001 top1=1.000 | val loss=0.0125 | t=0.1s
[finetune_replay] ep 124/150 | train loss=0.0002 top1=1.000 | val loss=0.0127 | t=0.1s
[finetune_replay] ep 125/150 | train loss=0.0002 top1=1.000 | val loss=0.0127 | t=0.1s
[finetune_replay] ep 126/150 | train loss=0.0001 top1=1.000 | val loss=0.0128 | t=0.1s
[finetune_replay] ep 127/150 | train loss=0.0002 top1=1.000 | val loss=0.0130 | t=0.1s
[finetune_replay] ep 128/150 | train loss=0.0001 top1=1.000 | val loss=0.0130 | t=0.1s
[finetune_replay] ep 129/150 | train loss=0.0002 top1=1.000 | val loss=0.0126 | t=0.1s
[finetune_replay] ep 130/150 | train loss=0.0002 top1=1.000 | val loss=0.0127 | t=0.1s
[finetune_replay] ep 131/150 | train loss=0.0002 top1=1.000 | val loss=0.0127 | t=0.1s
[finetune_replay] ep 132/150 | train loss=0.0002 top1=1.000 | val loss=0.0125 | t=0.1s
[finetune_replay] ep 133/150 | train loss=0.0002 top1=1.000 | val loss=0.0126 | t=0.1s
[finetune_replay] ep 134/150 | train loss=0.0001 top1=1.000 | val loss=0.0122 | t=0.1s
[finetune_replay] ep 135/150 | train loss=0.0002 top1=1.000 | val loss=0.0122 | t=0.1s
[finetune_replay] ep 136/150 | train loss=0.0001 top1=1.000 | val loss=0.0123 | t=0.1s
[finetune_replay] ep 137/150 | train loss=0.0002 top1=1.000 | val loss=0.0122 | t=0.1s
[finetune_replay] ep 138/150 | train loss=0.0001 top1=1.000 | val loss=0.0123 | t=0.1s
[finetune_replay] ep 139/150 | train loss=0.0002 top1=1.000 | val loss=0.0123 | t=0.1s
[finetune_replay] ep 140/150 | train loss=0.0002 top1=1.000 | val loss=0.0126 | t=0.1s
[finetune_replay] ep 141/150 | train loss=0.0002 top1=1.000 | val loss=0.0126 | t=0.1s
[finetune_replay] ep 142/150 | train loss=0.0002 top1=1.000 | val loss=0.0124 | t=0.1s
[finetune_replay] ep 143/150 | train loss=0.0002 top1=1.000 | val loss=0.0120 | t=0.1s
[finetune_replay] ep 144/150 | train loss=0.0002 top1=1.000 | val loss=0.0123 | t=0.1s
[finetune_replay] ep 145/150 | train loss=0.0002 top1=1.000 | val loss=0.0123 | t=0.1s
[finetune_replay] ep 146/150 | train loss=0.0002 top1=1.000 | val loss=0.0122 | t=0.1s
[finetune_replay] ep 147/150 | train loss=0.0002 top1=1.000 | val loss=0.0122 | t=0.1s
[finetune_replay] ep 148/150 | train loss=0.0002 top1=1.000 | val loss=0.0121 | t=0.1s
[finetune_replay] ep 149/150 | train loss=0.0002 top1=1.000 | val loss=0.0123 | t=0.1s
[finetune_replay] ep 150/150 | train loss=0.0002 top1=1.000 | val loss=0.0125 | t=0.1s
[finetune_replay] DONE best_val_loss=0.0012 @ epoch 13
[19:44:32] [bo-budget] $ /home/s226137394/.conda/envs/maze/bin/python3 -u -m Equivariant_pathway.equivariant_CNN_hybrid.rollout_test --checkpoint /weka/s226137394/DmNfull/Equivariant_pathway/equivariant_CNN_hybrid/baseline_vs_p4/pool_x_selector/results_hpsweep/e150_lr5e-05_rm0.5_do0/run_6/p4_top3_rotate/checkpoints/best_hybrid_policy.pth --layouts /weka/s226137394/DmNfull/Equivariant_pathway/equivariant_CNN_hybrid/baseline_vs_p4/shared/heldout_layouts.yaml --out_dir /weka/s226137394/DmNfull/Equivariant_pathway/equivariant_CNN_hybrid/baseline_vs_p4/pool_x_selector/results_hpsweep/e150_lr5e-05_rm0.5_do0/run_6/p4_top3_rotate/results/eval_round_008 --seed 14 --max_steps 60
[hybrid-rollout] 200 unique; running 200 eps
[hybrid-rollout] loaded /weka/s226137394/DmNfull/Equivariant_pathway/equivariant_CNN_hybrid/baseline_vs_p4/pool_x_selector/results_hpsweep/e150_lr5e-05_rm0.5_do0/run_6/p4_top3_rotate/checkpoints/best_hybrid_policy.pth
[hybrid-rollout] ep 0 (heldout_001): steps=5 success=True
[hybrid-rollout] ep 1 (heldout_002): steps=4 success=True
[hybrid-rollout] ep 2 (heldout_003): steps=60 success=False
[hybrid-rollout] ep 3 (heldout_004): steps=6 success=True
[hybrid-rollout] ep 4 (heldout_005): steps=5 success=True
[hybrid-rollout] ep 5 (heldout_006): steps=3 success=False
[hybrid-rollout] ep 6 (heldout_007): steps=5 success=True
[hybrid-rollout] ep 7 (heldout_008): steps=4 success=True
[hybrid-rollout] ep 8 (heldout_009): steps=2 success=False
[hybrid-rollout] ep 9 (heldout_010): steps=8 success=True
[hybrid-rollout] ep 10 (heldout_011): steps=4 success=True
[hybrid-rollout] ep 11 (heldout_012): steps=4 success=True
[hybrid-rollout] ep 12 (heldout_013): steps=5 success=True
[hybrid-rollout] ep 13 (heldout_014): steps=5 success=True
[hybrid-rollout] ep 14 (heldout_015): steps=4 success=True
[hybrid-rollout] ep 15 (heldout_016): steps=5 success=True
[hybrid-rollout] ep 16 (heldout_017): steps=4 success=True
[hybrid-rollout] ep 17 (heldout_018): steps=60 success=False
[hybrid-rollout] ep 18 (heldout_019): steps=5 success=True
[hybrid-rollout] ep 19 (heldout_020): steps=5 success=True
[hybrid-rollout] ep 20 (heldout_021): steps=4 success=True
[hybrid-rollout] ep 21 (heldout_022): steps=60 success=False
[hybrid-rollout] ep 22 (heldout_023): steps=7 success=True
[hybrid-rollout] ep 23 (heldout_024): steps=60 success=False
[hybrid-rollout] ep 24 (heldout_025): steps=4 success=True
[hybrid-rollout] ep 25 (heldout_026): steps=4 success=True
[hybrid-rollout] ep 26 (heldout_027): steps=4 success=True
[hybrid-rollout] ep 27 (heldout_028): steps=4 success=True
[hybrid-rollout] ep 28 (heldout_029): steps=5 success=True
[hybrid-rollout] ep 29 (heldout_030): steps=60 success=False
[hybrid-rollout] ep 30 (heldout_031): steps=5 success=True
[hybrid-rollout] ep 31 (heldout_032): steps=7 success=True
[hybrid-rollout] ep 32 (heldout_033): steps=4 success=True
[hybrid-rollout] ep 33 (heldout_034): steps=5 success=True
[hybrid-rollout] ep 34 (heldout_035): steps=6 success=True
[hybrid-rollout] ep 35 (heldout_036): steps=5 success=True
[hybrid-rollout] ep 36 (heldout_037): steps=4 success=True
[hybrid-rollout] ep 37 (heldout_038): steps=60 success=False
[hybrid-rollout] ep 38 (heldout_039): steps=6 success=True
[hybrid-rollout] ep 39 (heldout_040): steps=5 success=True
[hybrid-rollout] ep 40 (heldout_041): steps=6 success=True
[hybrid-rollout] ep 41 (heldout_042): steps=60 success=False
[hybrid-rollout] ep 42 (heldout_043): steps=4 success=True
[hybrid-rollout] ep 43 (heldout_044): steps=5 success=True
[hybrid-rollout] ep 44 (heldout_045): steps=5 success=True
[hybrid-rollout] ep 45 (heldout_046): steps=4 success=True
[hybrid-rollout] ep 46 (heldout_047): steps=60 success=False
[hybrid-rollout] ep 47 (heldout_048): steps=6 success=True
[hybrid-rollout] ep 48 (heldout_049): steps=5 success=True
[hybrid-rollout] ep 49 (heldout_050): steps=4 success=True
[hybrid-rollout] ep 50 (heldout_051): steps=4 success=True
[hybrid-rollout] ep 51 (heldout_052): steps=4 success=True
[hybrid-rollout] ep 52 (heldout_053): steps=60 success=False
[hybrid-rollout] ep 53 (heldout_054): steps=4 success=True
[hybrid-rollout] ep 54 (heldout_055): steps=60 success=False
[hybrid-rollout] ep 55 (heldout_056): steps=4 success=True
[hybrid-rollout] ep 56 (heldout_057): steps=4 success=True
[hybrid-rollout] ep 57 (heldout_058): steps=4 success=True
[hybrid-rollout] ep 58 (heldout_059): steps=5 success=True
[hybrid-rollout] ep 59 (heldout_060): steps=6 success=True
[hybrid-rollout] ep 60 (heldout_061): steps=5 success=True
[hybrid-rollout] ep 61 (heldout_062): steps=6 success=True
[hybrid-rollout] ep 62 (heldout_063): steps=5 success=True
[hybrid-rollout] ep 63 (heldout_064): steps=4 success=True
[hybrid-rollout] ep 64 (heldout_065): steps=60 success=False
[hybrid-rollout] ep 65 (heldout_066): steps=2 success=False
[hybrid-rollout] ep 66 (heldout_067): steps=5 success=True
[hybrid-rollout] ep 67 (heldout_068): steps=4 success=True
[hybrid-rollout] ep 68 (heldout_069): steps=4 success=True
[hybrid-rollout] ep 69 (heldout_070): steps=7 success=True
[hybrid-rollout] ep 70 (heldout_071): steps=60 success=False
[hybrid-rollout] ep 71 (heldout_072): steps=5 success=True
[hybrid-rollout] ep 72 (heldout_073): steps=3 success=False
[hybrid-rollout] ep 73 (heldout_074): steps=4 success=True
[hybrid-rollout] ep 74 (heldout_075): steps=5 success=True
[hybrid-rollout] ep 75 (heldout_076): steps=7 success=True
[hybrid-rollout] ep 76 (heldout_077): steps=4 success=True
[hybrid-rollout] ep 77 (heldout_078): steps=3 success=False
[hybrid-rollout] ep 78 (heldout_079): steps=4 success=True
[hybrid-rollout] ep 79 (heldout_080): steps=4 success=True
[hybrid-rollout] ep 80 (heldout_081): steps=5 success=True
[hybrid-rollout] ep 81 (heldout_082): steps=5 success=True
[hybrid-rollout] ep 82 (heldout_083): steps=4 success=True
[hybrid-rollout] ep 83 (heldout_084): steps=5 success=True
[hybrid-rollout] ep 84 (heldout_085): steps=60 success=False
[hybrid-rollout] ep 85 (heldout_086): steps=6 success=True
[hybrid-rollout] ep 86 (heldout_087): steps=7 success=True
[hybrid-rollout] ep 87 (heldout_088): steps=4 success=True
[hybrid-rollout] ep 88 (heldout_089): steps=3 success=False
[hybrid-rollout] ep 89 (heldout_090): steps=4 success=True
[hybrid-rollout] ep 90 (heldout_091): steps=4 success=False
[hybrid-rollout] ep 91 (heldout_092): steps=5 success=True
[hybrid-rollout] ep 92 (heldout_093): steps=6 success=True
[hybrid-rollout] ep 93 (heldout_094): steps=6 success=True
[hybrid-rollout] ep 94 (heldout_095): steps=7 success=True
[hybrid-rollout] ep 95 (heldout_096): steps=5 success=True
[hybrid-rollout] ep 96 (heldout_097): steps=5 success=True
[hybrid-rollout] ep 97 (heldout_098): steps=5 success=True
[hybrid-rollout] ep 98 (heldout_099): steps=60 success=False
[hybrid-rollout] ep 99 (heldout_100): steps=10 success=True
[hybrid-rollout] ep 100 (heldout_101): steps=4 success=True
[hybrid-rollout] ep 101 (heldout_102): steps=4 success=True
[hybrid-rollout] ep 102 (heldout_103): steps=60 success=False
[hybrid-rollout] ep 103 (heldout_104): steps=6 success=True
[hybrid-rollout] ep 104 (heldout_105): steps=6 success=True
[hybrid-rollout] ep 105 (heldout_106): steps=6 success=True
[hybrid-rollout] ep 106 (heldout_107): steps=3 success=False
[hybrid-rollout] ep 107 (heldout_108): steps=4 success=True
[hybrid-rollout] ep 108 (heldout_109): steps=4 success=True
[hybrid-rollout] ep 109 (heldout_110): steps=4 success=True
[hybrid-rollout] ep 110 (heldout_111): steps=60 success=False
[hybrid-rollout] ep 111 (heldout_112): steps=5 success=True
[hybrid-rollout] ep 112 (heldout_113): steps=7 success=True
[hybrid-rollout] ep 113 (heldout_114): steps=4 success=True
[hybrid-rollout] ep 114 (heldout_115): steps=4 success=True
[hybrid-rollout] ep 115 (heldout_116): steps=5 success=True
[hybrid-rollout] ep 116 (heldout_117): steps=1 success=False
[hybrid-rollout] ep 117 (heldout_118): steps=9 success=True
[hybrid-rollout] ep 118 (heldout_119): steps=4 success=True
[hybrid-rollout] ep 119 (heldout_120): steps=7 success=True
[hybrid-rollout] ep 120 (heldout_121): steps=4 success=True
[hybrid-rollout] ep 121 (heldout_122): steps=4 success=True
[hybrid-rollout] ep 122 (heldout_123): steps=6 success=True
[hybrid-rollout] ep 123 (heldout_124): steps=60 success=False
[hybrid-rollout] ep 124 (heldout_125): steps=4 success=True
[hybrid-rollout] ep 125 (heldout_126): steps=4 success=True
[hybrid-rollout] ep 126 (heldout_127): steps=60 success=False
[hybrid-rollout] ep 127 (heldout_128): steps=7 success=True
[hybrid-rollout] ep 128 (heldout_129): steps=60 success=False
[hybrid-rollout] ep 129 (heldout_130): steps=4 success=True
[hybrid-rollout] ep 130 (heldout_131): steps=60 success=False
[hybrid-rollout] ep 131 (heldout_132): steps=4 success=True
[hybrid-rollout] ep 132 (heldout_133): steps=4 success=True
[hybrid-rollout] ep 133 (heldout_134): steps=60 success=False
[hybrid-rollout] ep 134 (heldout_135): steps=6 success=True
[hybrid-rollout] ep 135 (heldout_136): steps=5 success=True
[hybrid-rollout] ep 136 (heldout_137): steps=60 success=False
[hybrid-rollout] ep 137 (heldout_138): steps=4 success=True
[hybrid-rollout] ep 138 (heldout_139): steps=4 success=True
[hybrid-rollout] ep 139 (heldout_140): steps=5 success=True
[hybrid-rollout] ep 140 (heldout_141): steps=5 success=True
[hybrid-rollout] ep 141 (heldout_142): steps=4 success=True
[hybrid-rollout] ep 142 (heldout_143): steps=8 success=True
[hybrid-rollout] ep 143 (heldout_144): steps=4 success=True
[hybrid-rollout] ep 144 (heldout_145): steps=5 success=True
[hybrid-rollout] ep 145 (heldout_146): steps=7 success=True
[hybrid-rollout] ep 146 (heldout_147): steps=4 success=True
[hybrid-rollout] ep 147 (heldout_148): steps=60 success=False
[hybrid-rollout] ep 148 (heldout_149): steps=5 success=True
[hybrid-rollout] ep 149 (heldout_150): steps=4 success=True
[hybrid-rollout] ep 150 (heldout_151): steps=5 success=True
[hybrid-rollout] ep 151 (heldout_152): steps=1 success=False
[hybrid-rollout] ep 152 (heldout_153): steps=5 success=True
[hybrid-rollout] ep 153 (heldout_154): steps=60 success=False
[hybrid-rollout] ep 154 (heldout_155): steps=60 success=False
[hybrid-rollout] ep 155 (heldout_156): steps=60 success=False
[hybrid-rollout] ep 156 (heldout_157): steps=4 success=True
[hybrid-rollout] ep 157 (heldout_158): steps=3 success=False
[hybrid-rollout] ep 158 (heldout_159): steps=6 success=True
[hybrid-rollout] ep 159 (heldout_160): steps=60 success=False
[hybrid-rollout] ep 160 (heldout_161): steps=60 success=False
[hybrid-rollout] ep 161 (heldout_162): steps=5 success=True
[hybrid-rollout] ep 162 (heldout_163): steps=4 success=True
[hybrid-rollout] ep 163 (heldout_164): steps=6 success=True
[hybrid-rollout] ep 164 (heldout_165): steps=5 success=True
[hybrid-rollout] ep 165 (heldout_166): steps=60 success=False
[hybrid-rollout] ep 166 (heldout_167): steps=4 success=True
[hybrid-rollout] ep 167 (heldout_168): steps=4 success=True
[hybrid-rollout] ep 168 (heldout_169): steps=6 success=True
[hybrid-rollout] ep 169 (heldout_170): steps=5 success=False
[hybrid-rollout] ep 170 (heldout_171): steps=4 success=True
[hybrid-rollout] ep 171 (heldout_172): steps=5 success=True
[hybrid-rollout] ep 172 (heldout_173): steps=4 success=True
[hybrid-rollout] ep 173 (heldout_174): steps=5 success=True
[hybrid-rollout] ep 174 (heldout_175): steps=5 success=True
[hybrid-rollout] ep 175 (heldout_176): steps=6 success=True
[hybrid-rollout] ep 176 (heldout_177): steps=6 success=True
[hybrid-rollout] ep 177 (heldout_178): steps=5 success=True
[hybrid-rollout] ep 178 (heldout_179): steps=5 success=True
[hybrid-rollout] ep 179 (heldout_180): steps=4 success=True
[hybrid-rollout] ep 180 (heldout_181): steps=5 success=True
[hybrid-rollout] ep 181 (heldout_182): steps=4 success=True
[hybrid-rollout] ep 182 (heldout_183): steps=5 success=True
[hybrid-rollout] ep 183 (heldout_184): steps=7 success=True
[hybrid-rollout] ep 184 (heldout_185): steps=5 success=True
[hybrid-rollout] ep 185 (heldout_186): steps=4 success=True
[hybrid-rollout] ep 186 (heldout_187): steps=5 success=True
[hybrid-rollout] ep 187 (heldout_188): steps=5 success=True
[hybrid-rollout] ep 188 (heldout_189): steps=5 success=True
[hybrid-rollout] ep 189 (heldout_190): steps=7 success=True
[hybrid-rollout] ep 190 (heldout_191): steps=60 success=False
[hybrid-rollout] ep 191 (heldout_192): steps=5 success=True
[hybrid-rollout] ep 192 (heldout_193): steps=60 success=False
[hybrid-rollout] ep 193 (heldout_194): steps=6 success=True
[hybrid-rollout] ep 194 (heldout_195): steps=5 success=True
[hybrid-rollout] ep 195 (heldout_196): steps=4 success=True
[hybrid-rollout] ep 196 (heldout_197): steps=5 success=True
[hybrid-rollout] ep 197 (heldout_198): steps=4 success=True
[hybrid-rollout] ep 198 (heldout_199): steps=4 success=True
[hybrid-rollout] ep 199 (heldout_200): steps=4 success=True
[hybrid-rollout] DONE successes=157/200
[19:45:49] [replay_p4] run 6 round 8: extras=8 heldout_sr=0.785
[19:45:49] [replay_p4] $ /home/s226137394/.conda/envs/maze/bin/python3 -u -m Equivariant_pathway.equivariant_CNN_hybrid.baseline_vs_p4.pool_x_selector.trainer.finetune_replay --demo_dir /weka/s226137394/DmNfull/Equivariant_pathway/equivariant_CNN_hybrid/baseline_vs_p4/pool_x_selector/results_hpsweep/e150_lr5e-05_rm0.5_do0/run_6/p4_top3_rotate/demos --checkpoint_dir /weka/s226137394/DmNfull/Equivariant_pathway/equivariant_CNN_hybrid/baseline_vs_p4/pool_x_selector/results_hpsweep/e150_lr5e-05_rm0.5_do0/run_6/p4_top3_rotate/checkpoints --epochs 150 --batch_size 64 --lr 5e-05 --weight_decay 0.0001 --replay_mix 0.5 --replay_mix_floor 0.2 --head_dropout 0.0 --seed 6 --resume --new_demos_dir /weka/s226137394/DmNfull/Equivariant_pathway/equivariant_CNN_hybrid/baseline_vs_p4/pool_x_selector/results_hpsweep/e150_lr5e-05_rm0.5_do0/run_6/p4_top3_rotate/demos/round_009
[finetune_replay] device=cuda demo_dir=/weka/s226137394/DmNfull/Equivariant_pathway/equivariant_CNN_hybrid/baseline_vs_p4/pool_x_selector/results_hpsweep/e150_lr5e-05_rm0.5_do0/run_6/p4_top3_rotate/demos new_demos_dir=/weka/s226137394/DmNfull/Equivariant_pathway/equivariant_CNN_hybrid/baseline_vs_p4/pool_x_selector/results_hpsweep/e150_lr5e-05_rm0.5_do0/run_6/p4_top3_rotate/demos/round_009
[hybrid-dataset] 28 demos -> 147 samples
[hybrid-dataset] 1 demos -> 6 samples
[finetune_replay] sampler audit: {'n_old_samples': 147, 'n_new_samples': 6, 'replay_mix_target': 0.5, 'replay_mix_effective': 0.5, 'replay_mix_floor': 0.2}
[finetune_replay] trainable params: 1,400,028
[finetune_replay] WARM START from last_hybrid_policy.pth
[finetune_replay] ep   1/150 | train loss=0.0164 top1=1.000 | val loss=0.0745 | t=0.8s  *
[finetune_replay] ep   2/150 | train loss=0.0011 top1=1.000 | val loss=0.0260 | t=0.2s  *
[finetune_replay] ep   3/150 | train loss=0.0049 top1=1.000 | val loss=0.0619 | t=0.1s
[finetune_replay] ep   4/150 | train loss=0.0009 top1=1.000 | val loss=0.1321 | t=0.1s
[finetune_replay] ep   5/150 | train loss=0.0081 top1=1.000 | val loss=0.0797 | t=0.2s
[finetune_replay] ep   6/150 | train loss=0.0005 top1=1.000 | val loss=0.0314 | t=0.2s
[finetune_replay] ep   7/150 | train loss=0.0031 top1=1.000 | val loss=0.0345 | t=0.1s
[finetune_replay] ep   8/150 | train loss=0.0010 top1=1.000 | val loss=0.0633 | t=0.1s
[finetune_replay] ep   9/150 | train loss=0.0007 top1=1.000 | val loss=0.0792 | t=0.1s
[finetune_replay] ep  10/150 | train loss=0.0007 top1=1.000 | val loss=0.0794 | t=0.1s
[finetune_replay] ep  11/150 | train loss=0.0004 top1=1.000 | val loss=0.0769 | t=0.1s
[finetune_replay] ep  12/150 | train loss=0.0010 top1=1.000 | val loss=0.0720 | t=0.1s
[finetune_replay] ep  13/150 | train loss=0.0005 top1=1.000 | val loss=0.0677 | t=0.1s
[finetune_replay] ep  14/150 | train loss=0.0005 top1=1.000 | val loss=0.0650 | t=0.1s
[finetune_replay] ep  15/150 | train loss=0.0003 top1=1.000 | val loss=0.0635 | t=0.1s
[finetune_replay] ep  16/150 | train loss=0.0004 top1=1.000 | val loss=0.0651 | t=0.1s
[finetune_replay] ep  17/150 | train loss=0.0003 top1=1.000 | val loss=0.0682 | t=0.1s
[finetune_replay] ep  18/150 | train loss=0.0004 top1=1.000 | val loss=0.0699 | t=0.1s
[finetune_replay] ep  19/150 | train loss=0.0003 top1=1.000 | val loss=0.0738 | t=0.1s
[finetune_replay] ep  20/150 | train loss=0.0003 top1=1.000 | val loss=0.0734 | t=0.1s
[finetune_replay] ep  21/150 | train loss=0.0003 top1=1.000 | val loss=0.0725 | t=0.1s
[finetune_replay] ep  22/150 | train loss=0.0004 top1=1.000 | val loss=0.0721 | t=0.1s
[finetune_replay] ep  23/150 | train loss=0.0002 top1=1.000 | val loss=0.0696 | t=0.1s
[finetune_replay] ep  24/150 | train loss=0.0002 top1=1.000 | val loss=0.0703 | t=0.1s
[finetune_replay] ep  25/150 | train loss=0.0002 top1=1.000 | val loss=0.0718 | t=0.1s
[finetune_replay] ep  26/150 | train loss=0.0002 top1=1.000 | val loss=0.0718 | t=0.1s
[finetune_replay] ep  27/150 | train loss=0.0003 top1=1.000 | val loss=0.0716 | t=0.1s
[finetune_replay] ep  28/150 | train loss=0.0002 top1=1.000 | val loss=0.0745 | t=0.1s
[finetune_replay] ep  29/150 | train loss=0.0002 top1=1.000 | val loss=0.0781 | t=0.1s
[finetune_replay] ep  30/150 | train loss=0.0002 top1=1.000 | val loss=0.0786 | t=0.1s
[finetune_replay] ep  31/150 | train loss=0.0002 top1=1.000 | val loss=0.0786 | t=0.1s
[finetune_replay] ep  32/150 | train loss=0.0002 top1=1.000 | val loss=0.0785 | t=0.1s
[finetune_replay] ep  33/150 | train loss=0.0002 top1=1.000 | val loss=0.0787 | t=0.1s
[finetune_replay] ep  34/150 | train loss=0.0002 top1=1.000 | val loss=0.0769 | t=0.1s
[finetune_replay] ep  35/150 | train loss=0.0002 top1=1.000 | val loss=0.0737 | t=0.1s
[finetune_replay] ep  36/150 | train loss=0.0002 top1=1.000 | val loss=0.0729 | t=0.1s
[finetune_replay] ep  37/150 | train loss=0.0002 top1=1.000 | val loss=0.0730 | t=0.1s
[finetune_replay] ep  38/150 | train loss=0.0002 top1=1.000 | val loss=0.0743 | t=0.1s
[finetune_replay] ep  39/150 | train loss=0.0002 top1=1.000 | val loss=0.0744 | t=0.1s
[finetune_replay] ep  40/150 | train loss=0.0002 top1=1.000 | val loss=0.0751 | t=0.1s
[finetune_replay] ep  41/150 | train loss=0.0002 top1=1.000 | val loss=0.0768 | t=0.1s
[finetune_replay] ep  42/150 | train loss=0.0002 top1=1.000 | val loss=0.0786 | t=0.1s
[finetune_replay] ep  43/150 | train loss=0.0002 top1=1.000 | val loss=0.0781 | t=0.1s
[finetune_replay] ep  44/150 | train loss=0.0002 top1=1.000 | val loss=0.0804 | t=0.2s
[finetune_replay] ep  45/150 | train loss=0.0001 top1=1.000 | val loss=0.0823 | t=0.1s
[finetune_replay] ep  46/150 | train loss=0.0002 top1=1.000 | val loss=0.0830 | t=0.1s
[finetune_replay] ep  47/150 | train loss=0.0002 top1=1.000 | val loss=0.0832 | t=0.1s
[finetune_replay] ep  48/150 | train loss=0.0002 top1=1.000 | val loss=0.0818 | t=0.1s
[finetune_replay] ep  49/150 | train loss=0.0002 top1=1.000 | val loss=0.0808 | t=0.1s
[finetune_replay] ep  50/150 | train loss=0.0001 top1=1.000 | val loss=0.0796 | t=0.1s
[finetune_replay] ep  51/150 | train loss=0.0002 top1=1.000 | val loss=0.0819 | t=0.1s
[finetune_replay] ep  52/150 | train loss=0.0002 top1=1.000 | val loss=0.0818 | t=0.1s
[finetune_replay] ep  53/150 | train loss=0.0002 top1=1.000 | val loss=0.0800 | t=0.1s
[finetune_replay] ep  54/150 | train loss=0.0002 top1=1.000 | val loss=0.0782 | t=0.1s
[finetune_replay] ep  55/150 | train loss=0.0002 top1=1.000 | val loss=0.0777 | t=0.1s
[finetune_replay] ep  56/150 | train loss=0.0002 top1=1.000 | val loss=0.0778 | t=0.1s
[finetune_replay] ep  57/150 | train loss=0.0002 top1=1.000 | val loss=0.0767 | t=0.1s
[finetune_replay] ep  58/150 | train loss=0.0001 top1=1.000 | val loss=0.0767 | t=0.1s
[finetune_replay] ep  59/150 | train loss=0.0001 top1=1.000 | val loss=0.0760 | t=0.1s
[finetune_replay] ep  60/150 | train loss=0.0002 top1=1.000 | val loss=0.0755 | t=0.1s
[finetune_replay] ep  61/150 | train loss=0.0002 top1=1.000 | val loss=0.0750 | t=0.1s
[finetune_replay] ep  62/150 | train loss=0.0001 top1=1.000 | val loss=0.0754 | t=0.1s
[finetune_replay] ep  63/150 | train loss=0.0002 top1=1.000 | val loss=0.0765 | t=0.1s
[finetune_replay] ep  64/150 | train loss=0.0001 top1=1.000 | val loss=0.0764 | t=0.1s
[finetune_replay] ep  65/150 | train loss=0.0001 top1=1.000 | val loss=0.0782 | t=0.1s
[finetune_replay] ep  66/150 | train loss=0.0001 top1=1.000 | val loss=0.0780 | t=0.1s
[finetune_replay] ep  67/150 | train loss=0.0001 top1=1.000 | val loss=0.0797 | t=0.1s
[finetune_replay] ep  68/150 | train loss=0.0002 top1=1.000 | val loss=0.0802 | t=0.1s
[finetune_replay] ep  69/150 | train loss=0.0001 top1=1.000 | val loss=0.0809 | t=0.1s
[finetune_replay] ep  70/150 | train loss=0.0001 top1=1.000 | val loss=0.0819 | t=0.1s
[finetune_replay] ep  71/150 | train loss=0.0002 top1=1.000 | val loss=0.0830 | t=0.1s
[finetune_replay] ep  72/150 | train loss=0.0001 top1=1.000 | val loss=0.0844 | t=0.1s
[finetune_replay] ep  73/150 | train loss=0.0001 top1=1.000 | val loss=0.0850 | t=0.1s
[finetune_replay] ep  74/150 | train loss=0.0001 top1=1.000 | val loss=0.0838 | t=0.1s
[finetune_replay] ep  75/150 | train loss=0.0001 top1=1.000 | val loss=0.0830 | t=0.1s
[finetune_replay] ep  76/150 | train loss=0.0001 top1=1.000 | val loss=0.0825 | t=0.1s
[finetune_replay] ep  77/150 | train loss=0.0002 top1=1.000 | val loss=0.0822 | t=0.1s
[finetune_replay] ep  78/150 | train loss=0.0001 top1=1.000 | val loss=0.0801 | t=0.1s
[finetune_replay] ep  79/150 | train loss=0.0001 top1=1.000 | val loss=0.0794 | t=0.1s
[finetune_replay] ep  80/150 | train loss=0.0001 top1=1.000 | val loss=0.0787 | t=0.1s
[finetune_replay] ep  81/150 | train loss=0.0002 top1=1.000 | val loss=0.0781 | t=0.1s
[finetune_replay] ep  82/150 | train loss=0.0001 top1=1.000 | val loss=0.0786 | t=0.1s
[finetune_replay] ep  83/150 | train loss=0.0001 top1=1.000 | val loss=0.0795 | t=0.1s
[finetune_replay] ep  84/150 | train loss=0.0001 top1=1.000 | val loss=0.0804 | t=0.1s
[finetune_replay] ep  85/150 | train loss=0.0001 top1=1.000 | val loss=0.0815 | t=0.1s
[finetune_replay] ep  86/150 | train loss=0.0001 top1=1.000 | val loss=0.0825 | t=0.1s
[finetune_replay] ep  87/150 | train loss=0.0001 top1=1.000 | val loss=0.0831 | t=0.1s
[finetune_replay] ep  88/150 | train loss=0.0001 top1=1.000 | val loss=0.0841 | t=0.1s
[finetune_replay] ep  89/150 | train loss=0.0001 top1=1.000 | val loss=0.0835 | t=0.1s
[finetune_replay] ep  90/150 | train loss=0.0002 top1=1.000 | val loss=0.0822 | t=0.1s
[finetune_replay] ep  91/150 | train loss=0.0002 top1=1.000 | val loss=0.0821 | t=0.1s
[finetune_replay] ep  92/150 | train loss=0.0001 top1=1.000 | val loss=0.0831 | t=0.1s
[finetune_replay] ep  93/150 | train loss=0.0001 top1=1.000 | val loss=0.0834 | t=0.1s
[finetune_replay] ep  94/150 | train loss=0.0002 top1=1.000 | val loss=0.0856 | t=0.2s
[finetune_replay] ep  95/150 | train loss=0.0001 top1=1.000 | val loss=0.0841 | t=0.1s
[finetune_replay] ep  96/150 | train loss=0.0001 top1=1.000 | val loss=0.0836 | t=0.1s
[finetune_replay] ep  97/150 | train loss=0.0001 top1=1.000 | val loss=0.0837 | t=0.1s
[finetune_replay] ep  98/150 | train loss=0.0001 top1=1.000 | val loss=0.0835 | t=0.1s
[finetune_replay] ep  99/150 | train loss=0.0001 top1=1.000 | val loss=0.0823 | t=0.1s
[finetune_replay] ep 100/150 | train loss=0.0001 top1=1.000 | val loss=0.0823 | t=0.1s
[finetune_replay] ep 101/150 | train loss=0.0002 top1=1.000 | val loss=0.0842 | t=0.1s
[finetune_replay] ep 102/150 | train loss=0.0001 top1=1.000 | val loss=0.0845 | t=0.1s
[finetune_replay] ep 103/150 | train loss=0.0001 top1=1.000 | val loss=0.0852 | t=0.1s
[finetune_replay] ep 104/150 | train loss=0.0001 top1=1.000 | val loss=0.0855 | t=0.1s
[finetune_replay] ep 105/150 | train loss=0.0001 top1=1.000 | val loss=0.0835 | t=0.1s
[finetune_replay] ep 106/150 | train loss=0.0001 top1=1.000 | val loss=0.0813 | t=0.1s
[finetune_replay] ep 107/150 | train loss=0.0001 top1=1.000 | val loss=0.0804 | t=0.1s
[finetune_replay] ep 108/150 | train loss=0.0001 top1=1.000 | val loss=0.0805 | t=0.1s
[finetune_replay] ep 109/150 | train loss=0.0001 top1=1.000 | val loss=0.0794 | t=0.1s
[finetune_replay] ep 110/150 | train loss=0.0001 top1=1.000 | val loss=0.0792 | t=0.1s
[finetune_replay] ep 111/150 | train loss=0.0001 top1=1.000 | val loss=0.0802 | t=0.1s
[finetune_replay] ep 112/150 | train loss=0.0001 top1=1.000 | val loss=0.0811 | t=0.1s
[finetune_replay] ep 113/150 | train loss=0.0001 top1=1.000 | val loss=0.0809 | t=0.1s
[finetune_replay] ep 114/150 | train loss=0.0001 top1=1.000 | val loss=0.0813 | t=0.1s
[finetune_replay] ep 115/150 | train loss=0.0001 top1=1.000 | val loss=0.0810 | t=0.1s
[finetune_replay] ep 116/150 | train loss=0.0001 top1=1.000 | val loss=0.0810 | t=0.1s
[finetune_replay] ep 117/150 | train loss=0.0001 top1=1.000 | val loss=0.0808 | t=0.1s
[finetune_replay] ep 118/150 | train loss=0.0001 top1=1.000 | val loss=0.0816 | t=0.1s
[finetune_replay] ep 119/150 | train loss=0.0001 top1=1.000 | val loss=0.0824 | t=0.1s
[finetune_replay] ep 120/150 | train loss=0.0001 top1=1.000 | val loss=0.0828 | t=0.1s
[finetune_replay] ep 121/150 | train loss=0.0002 top1=1.000 | val loss=0.0821 | t=0.1s
[finetune_replay] ep 122/150 | train loss=0.0002 top1=1.000 | val loss=0.0827 | t=0.1s
[finetune_replay] ep 123/150 | train loss=0.0001 top1=1.000 | val loss=0.0830 | t=0.1s
[finetune_replay] ep 124/150 | train loss=0.0001 top1=1.000 | val loss=0.0829 | t=0.1s
[finetune_replay] ep 125/150 | train loss=0.0001 top1=1.000 | val loss=0.0821 | t=0.1s
[finetune_replay] ep 126/150 | train loss=0.0001 top1=1.000 | val loss=0.0821 | t=0.1s
[finetune_replay] ep 127/150 | train loss=0.0001 top1=1.000 | val loss=0.0825 | t=0.1s
[finetune_replay] ep 128/150 | train loss=0.0001 top1=1.000 | val loss=0.0828 | t=0.1s
[finetune_replay] ep 129/150 | train loss=0.0001 top1=1.000 | val loss=0.0833 | t=0.1s
[finetune_replay] ep 130/150 | train loss=0.0001 top1=1.000 | val loss=0.0825 | t=0.1s
[finetune_replay] ep 131/150 | train loss=0.0001 top1=1.000 | val loss=0.0828 | t=0.1s
[finetune_replay] ep 132/150 | train loss=0.0001 top1=1.000 | val loss=0.0832 | t=0.1s
[finetune_replay] ep 133/150 | train loss=0.0001 top1=1.000 | val loss=0.0822 | t=0.1s
[finetune_replay] ep 134/150 | train loss=0.0001 top1=1.000 | val loss=0.0830 | t=0.1s
[finetune_replay] ep 135/150 | train loss=0.0001 top1=1.000 | val loss=0.0822 | t=0.1s
[finetune_replay] ep 136/150 | train loss=0.0001 top1=1.000 | val loss=0.0823 | t=0.1s
[finetune_replay] ep 137/150 | train loss=0.0001 top1=1.000 | val loss=0.0827 | t=0.1s
[finetune_replay] ep 138/150 | train loss=0.0001 top1=1.000 | val loss=0.0830 | t=0.1s
[finetune_replay] ep 139/150 | train loss=0.0001 top1=1.000 | val loss=0.0825 | t=0.1s
[finetune_replay] ep 140/150 | train loss=0.0001 top1=1.000 | val loss=0.0824 | t=0.1s
[finetune_replay] ep 141/150 | train loss=0.0001 top1=1.000 | val loss=0.0831 | t=0.1s
[finetune_replay] ep 142/150 | train loss=0.0001 top1=1.000 | val loss=0.0820 | t=0.1s
[finetune_replay] ep 143/150 | train loss=0.0001 top1=1.000 | val loss=0.0810 | t=0.1s
[finetune_replay] ep 144/150 | train loss=0.0001 top1=1.000 | val loss=0.0816 | t=0.1s
[finetune_replay] ep 145/150 | train loss=0.0002 top1=1.000 | val loss=0.0832 | t=0.1s
[finetune_replay] ep 146/150 | train loss=0.0001 top1=1.000 | val loss=0.0832 | t=0.1s
[finetune_replay] ep 147/150 | train loss=0.0002 top1=1.000 | val loss=0.0833 | t=0.1s
[finetune_replay] ep 148/150 | train loss=0.0001 top1=1.000 | val loss=0.0821 | t=0.1s
[finetune_replay] ep 149/150 | train loss=0.0001 top1=1.000 | val loss=0.0835 | t=0.1s
[finetune_replay] ep 150/150 | train loss=0.0001 top1=1.000 | val loss=0.0828 | t=0.1s
[finetune_replay] DONE best_val_loss=0.0260 @ epoch 2
[19:46:23] [bo-budget] $ /home/s226137394/.conda/envs/maze/bin/python3 -u -m Equivariant_pathway.equivariant_CNN_hybrid.rollout_test --checkpoint /weka/s226137394/DmNfull/Equivariant_pathway/equivariant_CNN_hybrid/baseline_vs_p4/pool_x_selector/results_hpsweep/e150_lr5e-05_rm0.5_do0/run_6/p4_top3_rotate/checkpoints/best_hybrid_policy.pth --layouts /weka/s226137394/DmNfull/Equivariant_pathway/equivariant_CNN_hybrid/baseline_vs_p4/shared/heldout_layouts.yaml --out_dir /weka/s226137394/DmNfull/Equivariant_pathway/equivariant_CNN_hybrid/baseline_vs_p4/pool_x_selector/results_hpsweep/e150_lr5e-05_rm0.5_do0/run_6/p4_top3_rotate/results/eval_round_009 --seed 15 --max_steps 60
[hybrid-rollout] 200 unique; running 200 eps
[hybrid-rollout] loaded /weka/s226137394/DmNfull/Equivariant_pathway/equivariant_CNN_hybrid/baseline_vs_p4/pool_x_selector/results_hpsweep/e150_lr5e-05_rm0.5_do0/run_6/p4_top3_rotate/checkpoints/best_hybrid_policy.pth
[hybrid-rollout] ep 0 (heldout_001): steps=5 success=True
[hybrid-rollout] ep 1 (heldout_002): steps=4 success=True
[hybrid-rollout] ep 2 (heldout_003): steps=60 success=False
[hybrid-rollout] ep 3 (heldout_004): steps=60 success=False
[hybrid-rollout] ep 4 (heldout_005): steps=5 success=True
[hybrid-rollout] ep 5 (heldout_006): steps=3 success=False
[hybrid-rollout] ep 6 (heldout_007): steps=5 success=True
[hybrid-rollout] ep 7 (heldout_008): steps=4 success=True
[hybrid-rollout] ep 8 (heldout_009): steps=60 success=False
[hybrid-rollout] ep 9 (heldout_010): steps=60 success=False
[hybrid-rollout] ep 10 (heldout_011): steps=4 success=True
[hybrid-rollout] ep 11 (heldout_012): steps=4 success=True
[hybrid-rollout] ep 12 (heldout_013): steps=60 success=False
[hybrid-rollout] ep 13 (heldout_014): steps=5 success=True
[hybrid-rollout] ep 14 (heldout_015): steps=4 success=True
[hybrid-rollout] ep 15 (heldout_016): steps=5 success=True
[hybrid-rollout] ep 16 (heldout_017): steps=60 success=False
[hybrid-rollout] ep 17 (heldout_018): steps=60 success=False
[hybrid-rollout] ep 18 (heldout_019): steps=5 success=True
[hybrid-rollout] ep 19 (heldout_020): steps=5 success=True
[hybrid-rollout] ep 20 (heldout_021): steps=4 success=True
[hybrid-rollout] ep 21 (heldout_022): steps=4 success=True
[hybrid-rollout] ep 22 (heldout_023): steps=60 success=False
[hybrid-rollout] ep 23 (heldout_024): steps=60 success=False
[hybrid-rollout] ep 24 (heldout_025): steps=4 success=True
[hybrid-rollout] ep 25 (heldout_026): steps=4 success=True
[hybrid-rollout] ep 26 (heldout_027): steps=4 success=True
[hybrid-rollout] ep 27 (heldout_028): steps=4 success=True
[hybrid-rollout] ep 28 (heldout_029): steps=7 success=True
[hybrid-rollout] ep 29 (heldout_030): steps=60 success=False
[hybrid-rollout] ep 30 (heldout_031): steps=60 success=False
[hybrid-rollout] ep 31 (heldout_032): steps=60 success=False
[hybrid-rollout] ep 32 (heldout_033): steps=4 success=True
[hybrid-rollout] ep 33 (heldout_034): steps=5 success=True
[hybrid-rollout] ep 34 (heldout_035): steps=60 success=False
[hybrid-rollout] ep 35 (heldout_036): steps=5 success=True
[hybrid-rollout] ep 36 (heldout_037): steps=4 success=True
[hybrid-rollout] ep 37 (heldout_038): steps=5 success=True
[hybrid-rollout] ep 38 (heldout_039): steps=6 success=True
[hybrid-rollout] ep 39 (heldout_040): steps=5 success=True
[hybrid-rollout] ep 40 (heldout_041): steps=60 success=False
[hybrid-rollout] ep 41 (heldout_042): steps=4 success=True
[hybrid-rollout] ep 42 (heldout_043): steps=4 success=True
[hybrid-rollout] ep 43 (heldout_044): steps=5 success=True
[hybrid-rollout] ep 44 (heldout_045): steps=5 success=True
[hybrid-rollout] ep 45 (heldout_046): steps=4 success=True
[hybrid-rollout] ep 46 (heldout_047): steps=60 success=False
[hybrid-rollout] ep 47 (heldout_048): steps=6 success=True
[hybrid-rollout] ep 48 (heldout_049): steps=5 success=True
[hybrid-rollout] ep 49 (heldout_050): steps=4 success=True
[hybrid-rollout] ep 50 (heldout_051): steps=4 success=True
[hybrid-rollout] ep 51 (heldout_052): steps=4 success=True
[hybrid-rollout] ep 52 (heldout_053): steps=60 success=False
[hybrid-rollout] ep 53 (heldout_054): steps=4 success=True
[hybrid-rollout] ep 54 (heldout_055): steps=60 success=False
[hybrid-rollout] ep 55 (heldout_056): steps=4 success=True
[hybrid-rollout] ep 56 (heldout_057): steps=4 success=True
[hybrid-rollout] ep 57 (heldout_058): steps=4 success=True
[hybrid-rollout] ep 58 (heldout_059): steps=5 success=True
[hybrid-rollout] ep 59 (heldout_060): steps=6 success=True
[hybrid-rollout] ep 60 (heldout_061): steps=5 success=True
[hybrid-rollout] ep 61 (heldout_062): steps=6 success=True
[hybrid-rollout] ep 62 (heldout_063): steps=5 success=True
[hybrid-rollout] ep 63 (heldout_064): steps=4 success=True
[hybrid-rollout] ep 64 (heldout_065): steps=60 success=False
[hybrid-rollout] ep 65 (heldout_066): steps=6 success=True
[hybrid-rollout] ep 66 (heldout_067): steps=5 success=True
[hybrid-rollout] ep 67 (heldout_068): steps=4 success=True
[hybrid-rollout] ep 68 (heldout_069): steps=60 success=False
[hybrid-rollout] ep 69 (heldout_070): steps=60 success=False
[hybrid-rollout] ep 70 (heldout_071): steps=5 success=True
[hybrid-rollout] ep 71 (heldout_072): steps=5 success=True
[hybrid-rollout] ep 72 (heldout_073): steps=3 success=False
[hybrid-rollout] ep 73 (heldout_074): steps=4 success=True
[hybrid-rollout] ep 74 (heldout_075): steps=5 success=True
[hybrid-rollout] ep 75 (heldout_076): steps=60 success=False
[hybrid-rollout] ep 76 (heldout_077): steps=4 success=True
[hybrid-rollout] ep 77 (heldout_078): steps=3 success=False
[hybrid-rollout] ep 78 (heldout_079): steps=4 success=True
[hybrid-rollout] ep 79 (heldout_080): steps=4 success=True
[hybrid-rollout] ep 80 (heldout_081): steps=60 success=False
[hybrid-rollout] ep 81 (heldout_082): steps=5 success=True
[hybrid-rollout] ep 82 (heldout_083): steps=4 success=True
[hybrid-rollout] ep 83 (heldout_084): steps=60 success=False
[hybrid-rollout] ep 84 (heldout_085): steps=60 success=False
[hybrid-rollout] ep 85 (heldout_086): steps=6 success=True
[hybrid-rollout] ep 86 (heldout_087): steps=5 success=True
[hybrid-rollout] ep 87 (heldout_088): steps=4 success=True
[hybrid-rollout] ep 88 (heldout_089): steps=3 success=False
[hybrid-rollout] ep 89 (heldout_090): steps=4 success=True
[hybrid-rollout] ep 90 (heldout_091): steps=4 success=False
[hybrid-rollout] ep 91 (heldout_092): steps=60 success=False
[hybrid-rollout] ep 92 (heldout_093): steps=6 success=True
[hybrid-rollout] ep 93 (heldout_094): steps=6 success=True
[hybrid-rollout] ep 94 (heldout_095): steps=7 success=True
[hybrid-rollout] ep 95 (heldout_096): steps=5 success=True
[hybrid-rollout] ep 96 (heldout_097): steps=5 success=True
[hybrid-rollout] ep 97 (heldout_098): steps=5 success=True
[hybrid-rollout] ep 98 (heldout_099): steps=60 success=False
[hybrid-rollout] ep 99 (heldout_100): steps=60 success=False
[hybrid-rollout] ep 100 (heldout_101): steps=4 success=True
[hybrid-rollout] ep 101 (heldout_102): steps=4 success=True
[hybrid-rollout] ep 102 (heldout_103): steps=60 success=False
[hybrid-rollout] ep 103 (heldout_104): steps=6 success=True
[hybrid-rollout] ep 104 (heldout_105): steps=60 success=False
[hybrid-rollout] ep 105 (heldout_106): steps=6 success=True
[hybrid-rollout] ep 106 (heldout_107): steps=4 success=True
[hybrid-rollout] ep 107 (heldout_108): steps=60 success=False
[hybrid-rollout] ep 108 (heldout_109): steps=4 success=True
[hybrid-rollout] ep 109 (heldout_110): steps=60 success=False
[hybrid-rollout] ep 110 (heldout_111): steps=6 success=True
[hybrid-rollout] ep 111 (heldout_112): steps=60 success=False
[hybrid-rollout] ep 112 (heldout_113): steps=7 success=True
[hybrid-rollout] ep 113 (heldout_114): steps=60 success=False
[hybrid-rollout] ep 114 (heldout_115): steps=4 success=True
[hybrid-rollout] ep 115 (heldout_116): steps=5 success=True
[hybrid-rollout] ep 116 (heldout_117): steps=7 success=True
[hybrid-rollout] ep 117 (heldout_118): steps=9 success=True
[hybrid-rollout] ep 118 (heldout_119): steps=60 success=False
[hybrid-rollout] ep 119 (heldout_120): steps=7 success=True
[hybrid-rollout] ep 120 (heldout_121): steps=6 success=True
[hybrid-rollout] ep 121 (heldout_122): steps=60 success=False
[hybrid-rollout] ep 122 (heldout_123): steps=6 success=True
[hybrid-rollout] ep 123 (heldout_124): steps=60 success=False
[hybrid-rollout] ep 124 (heldout_125): steps=4 success=True
[hybrid-rollout] ep 125 (heldout_126): steps=4 success=True
[hybrid-rollout] ep 126 (heldout_127): steps=4 success=False
[hybrid-rollout] ep 127 (heldout_128): steps=7 success=True
[hybrid-rollout] ep 128 (heldout_129): steps=60 success=False
[hybrid-rollout] ep 129 (heldout_130): steps=4 success=True
[hybrid-rollout] ep 130 (heldout_131): steps=5 success=False
[hybrid-rollout] ep 131 (heldout_132): steps=4 success=True
[hybrid-rollout] ep 132 (heldout_133): steps=4 success=True
[hybrid-rollout] ep 133 (heldout_134): steps=60 success=False
[hybrid-rollout] ep 134 (heldout_135): steps=6 success=True
[hybrid-rollout] ep 135 (heldout_136): steps=5 success=True
[hybrid-rollout] ep 136 (heldout_137): steps=60 success=False
[hybrid-rollout] ep 137 (heldout_138): steps=4 success=True
[hybrid-rollout] ep 138 (heldout_139): steps=4 success=True
[hybrid-rollout] ep 139 (heldout_140): steps=5 success=True
[hybrid-rollout] ep 140 (heldout_141): steps=5 success=True
[hybrid-rollout] ep 141 (heldout_142): steps=4 success=True
[hybrid-rollout] ep 142 (heldout_143): steps=8 success=True
[hybrid-rollout] ep 143 (heldout_144): steps=4 success=True
[hybrid-rollout] ep 144 (heldout_145): steps=5 success=True
[hybrid-rollout] ep 145 (heldout_146): steps=7 success=True
[hybrid-rollout] ep 146 (heldout_147): steps=4 success=True
[hybrid-rollout] ep 147 (heldout_148): steps=60 success=False
[hybrid-rollout] ep 148 (heldout_149): steps=5 success=True
[hybrid-rollout] ep 149 (heldout_150): steps=4 success=True
[hybrid-rollout] ep 150 (heldout_151): steps=5 success=True
[hybrid-rollout] ep 151 (heldout_152): steps=1 success=False
[hybrid-rollout] ep 152 (heldout_153): steps=5 success=True
[hybrid-rollout] ep 153 (heldout_154): steps=60 success=False
[hybrid-rollout] ep 154 (heldout_155): steps=60 success=False
[hybrid-rollout] ep 155 (heldout_156): steps=60 success=False
[hybrid-rollout] ep 156 (heldout_157): steps=4 success=True
[hybrid-rollout] ep 157 (heldout_158): steps=3 success=False
[hybrid-rollout] ep 158 (heldout_159): steps=6 success=True
[hybrid-rollout] ep 159 (heldout_160): steps=60 success=False
[hybrid-rollout] ep 160 (heldout_161): steps=60 success=False
[hybrid-rollout] ep 161 (heldout_162): steps=5 success=True
[hybrid-rollout] ep 162 (heldout_163): steps=4 success=True
[hybrid-rollout] ep 163 (heldout_164): steps=4 success=True
[hybrid-rollout] ep 164 (heldout_165): steps=5 success=True
[hybrid-rollout] ep 165 (heldout_166): steps=60 success=False
[hybrid-rollout] ep 166 (heldout_167): steps=4 success=True
[hybrid-rollout] ep 167 (heldout_168): steps=4 success=True
[hybrid-rollout] ep 168 (heldout_169): steps=60 success=False
[hybrid-rollout] ep 169 (heldout_170): steps=5 success=False
[hybrid-rollout] ep 170 (heldout_171): steps=60 success=False
[hybrid-rollout] ep 171 (heldout_172): steps=60 success=False
[hybrid-rollout] ep 172 (heldout_173): steps=4 success=True
[hybrid-rollout] ep 173 (heldout_174): steps=60 success=False
[hybrid-rollout] ep 174 (heldout_175): steps=60 success=False
[hybrid-rollout] ep 175 (heldout_176): steps=6 success=True
[hybrid-rollout] ep 176 (heldout_177): steps=6 success=True
[hybrid-rollout] ep 177 (heldout_178): steps=5 success=True
[hybrid-rollout] ep 178 (heldout_179): steps=60 success=False
[hybrid-rollout] ep 179 (heldout_180): steps=4 success=True
[hybrid-rollout] ep 180 (heldout_181): steps=5 success=True
[hybrid-rollout] ep 181 (heldout_182): steps=4 success=True
[hybrid-rollout] ep 182 (heldout_183): steps=5 success=True
[hybrid-rollout] ep 183 (heldout_184): steps=7 success=True
[hybrid-rollout] ep 184 (heldout_185): steps=5 success=True
[hybrid-rollout] ep 185 (heldout_186): steps=4 success=True
[hybrid-rollout] ep 186 (heldout_187): steps=5 success=True
[hybrid-rollout] ep 187 (heldout_188): steps=5 success=True
[hybrid-rollout] ep 188 (heldout_189): steps=60 success=False
[hybrid-rollout] ep 189 (heldout_190): steps=7 success=True
[hybrid-rollout] ep 190 (heldout_191): steps=60 success=False
[hybrid-rollout] ep 191 (heldout_192): steps=5 success=True
[hybrid-rollout] ep 192 (heldout_193): steps=60 success=False
[hybrid-rollout] ep 193 (heldout_194): steps=6 success=True
[hybrid-rollout] ep 194 (heldout_195): steps=5 success=True
[hybrid-rollout] ep 195 (heldout_196): steps=2 success=False
[hybrid-rollout] ep 196 (heldout_197): steps=5 success=True
[hybrid-rollout] ep 197 (heldout_198): steps=4 success=True
[hybrid-rollout] ep 198 (heldout_199): steps=4 success=True
[hybrid-rollout] ep 199 (heldout_200): steps=4 success=True
[hybrid-rollout] DONE successes=134/200
[19:48:06] [replay_p4] run 6 round 9: extras=9 heldout_sr=0.670
[19:48:06] [replay_p4] $ /home/s226137394/.conda/envs/maze/bin/python3 -u -m Equivariant_pathway.equivariant_CNN_hybrid.baseline_vs_p4.pool_x_selector.trainer.finetune_replay --demo_dir /weka/s226137394/DmNfull/Equivariant_pathway/equivariant_CNN_hybrid/baseline_vs_p4/pool_x_selector/results_hpsweep/e150_lr5e-05_rm0.5_do0/run_6/p4_top3_rotate/demos --checkpoint_dir /weka/s226137394/DmNfull/Equivariant_pathway/equivariant_CNN_hybrid/baseline_vs_p4/pool_x_selector/results_hpsweep/e150_lr5e-05_rm0.5_do0/run_6/p4_top3_rotate/checkpoints --epochs 150 --batch_size 64 --lr 5e-05 --weight_decay 0.0001 --replay_mix 0.5 --replay_mix_floor 0.2 --head_dropout 0.0 --seed 6 --resume --new_demos_dir /weka/s226137394/DmNfull/Equivariant_pathway/equivariant_CNN_hybrid/baseline_vs_p4/pool_x_selector/results_hpsweep/e150_lr5e-05_rm0.5_do0/run_6/p4_top3_rotate/demos/round_010
[finetune_replay] device=cuda demo_dir=/weka/s226137394/DmNfull/Equivariant_pathway/equivariant_CNN_hybrid/baseline_vs_p4/pool_x_selector/results_hpsweep/e150_lr5e-05_rm0.5_do0/run_6/p4_top3_rotate/demos new_demos_dir=/weka/s226137394/DmNfull/Equivariant_pathway/equivariant_CNN_hybrid/baseline_vs_p4/pool_x_selector/results_hpsweep/e150_lr5e-05_rm0.5_do0/run_6/p4_top3_rotate/demos/round_010
[hybrid-dataset] 29 demos -> 153 samples
[hybrid-dataset] 1 demos -> 6 samples
[finetune_replay] sampler audit: {'n_old_samples': 153, 'n_new_samples': 6, 'replay_mix_target': 0.5, 'replay_mix_effective': 0.5, 'replay_mix_floor': 0.2}
[finetune_replay] trainable params: 1,400,028
[finetune_replay] WARM START from last_hybrid_policy.pth
[finetune_replay] ep   1/150 | train loss=0.3614 top1=1.000 | val loss=0.0458 | t=0.8s  *
[finetune_replay] ep   2/150 | train loss=0.0745 top1=1.000 | val loss=0.0950 | t=0.1s
[finetune_replay] ep   3/150 | train loss=0.0182 top1=1.000 | val loss=0.1005 | t=0.1s
[finetune_replay] ep   4/150 | train loss=0.0203 top1=1.000 | val loss=0.0683 | t=0.1s
[finetune_replay] ep   5/150 | train loss=0.0157 top1=1.000 | val loss=0.0305 | t=0.2s  *
[finetune_replay] ep   6/150 | train loss=0.0116 top1=1.000 | val loss=0.0194 | t=0.1s  *
[finetune_replay] ep   7/150 | train loss=0.0047 top1=1.000 | val loss=0.0163 | t=0.1s  *
[finetune_replay] ep   8/150 | train loss=0.0067 top1=1.000 | val loss=0.0155 | t=0.1s  *
[finetune_replay] ep   9/150 | train loss=0.0051 top1=1.000 | val loss=0.0190 | t=0.1s
[finetune_replay] ep  10/150 | train loss=0.0029 top1=1.000 | val loss=0.0253 | t=0.1s
[finetune_replay] ep  11/150 | train loss=0.0020 top1=1.000 | val loss=0.0240 | t=0.1s
[finetune_replay] ep  12/150 | train loss=0.0017 top1=1.000 | val loss=0.0269 | t=0.1s
[finetune_replay] ep  13/150 | train loss=0.0036 top1=1.000 | val loss=0.0280 | t=0.1s
[finetune_replay] ep  14/150 | train loss=0.0016 top1=1.000 | val loss=0.0258 | t=0.1s
[finetune_replay] ep  15/150 | train loss=0.0014 top1=1.000 | val loss=0.0231 | t=0.1s
[finetune_replay] ep  16/150 | train loss=0.0015 top1=1.000 | val loss=0.0197 | t=0.1s
[finetune_replay] ep  17/150 | train loss=0.0015 top1=1.000 | val loss=0.0182 | t=0.1s
[finetune_replay] ep  18/150 | train loss=0.0029 top1=1.000 | val loss=0.0163 | t=0.1s
[finetune_replay] ep  19/150 | train loss=0.0013 top1=1.000 | val loss=0.0181 | t=0.1s
[finetune_replay] ep  20/150 | train loss=0.0016 top1=1.000 | val loss=0.0192 | t=0.2s
[finetune_replay] ep  21/150 | train loss=0.0012 top1=1.000 | val loss=0.0222 | t=0.1s
[finetune_replay] ep  22/150 | train loss=0.0009 top1=1.000 | val loss=0.0260 | t=0.1s
[finetune_replay] ep  23/150 | train loss=0.0009 top1=1.000 | val loss=0.0253 | t=0.1s
[finetune_replay] ep  24/150 | train loss=0.0013 top1=1.000 | val loss=0.0273 | t=0.1s
[finetune_replay] ep  25/150 | train loss=0.0009 top1=1.000 | val loss=0.0248 | t=0.1s
[finetune_replay] ep  26/150 | train loss=0.0013 top1=1.000 | val loss=0.0244 | t=0.1s
[finetune_replay] ep  27/150 | train loss=0.0009 top1=1.000 | val loss=0.0220 | t=0.1s
[finetune_replay] ep  28/150 | train loss=0.0009 top1=1.000 | val loss=0.0201 | t=0.1s
[finetune_replay] ep  29/150 | train loss=0.0007 top1=1.000 | val loss=0.0206 | t=0.1s
[finetune_replay] ep  30/150 | train loss=0.0006 top1=1.000 | val loss=0.0230 | t=0.1s
[finetune_replay] ep  31/150 | train loss=0.0007 top1=1.000 | val loss=0.0246 | t=0.1s
[finetune_replay] ep  32/150 | train loss=0.0005 top1=1.000 | val loss=0.0284 | t=0.1s
[finetune_replay] ep  33/150 | train loss=0.0006 top1=1.000 | val loss=0.0269 | t=0.1s
[finetune_replay] ep  34/150 | train loss=0.0007 top1=1.000 | val loss=0.0261 | t=0.1s
[finetune_replay] ep  35/150 | train loss=0.0007 top1=1.000 | val loss=0.0254 | t=0.1s
[finetune_replay] ep  36/150 | train loss=0.0005 top1=1.000 | val loss=0.0239 | t=0.1s
[finetune_replay] ep  37/150 | train loss=0.0006 top1=1.000 | val loss=0.0236 | t=0.1s
[finetune_replay] ep  38/150 | train loss=0.0007 top1=1.000 | val loss=0.0227 | t=0.1s
[finetune_replay] ep  39/150 | train loss=0.0006 top1=1.000 | val loss=0.0226 | t=0.1s
[finetune_replay] ep  40/150 | train loss=0.0007 top1=1.000 | val loss=0.0209 | t=0.1s
[finetune_replay] ep  41/150 | train loss=0.0006 top1=1.000 | val loss=0.0183 | t=0.1s
[finetune_replay] ep  42/150 | train loss=0.0007 top1=1.000 | val loss=0.0177 | t=0.1s
[finetune_replay] ep  43/150 | train loss=0.0006 top1=1.000 | val loss=0.0177 | t=0.1s
[finetune_replay] ep  44/150 | train loss=0.0006 top1=1.000 | val loss=0.0181 | t=0.1s
[finetune_replay] ep  45/150 | train loss=0.0005 top1=1.000 | val loss=0.0198 | t=0.1s
[finetune_replay] ep  46/150 | train loss=0.0006 top1=1.000 | val loss=0.0242 | t=0.1s
[finetune_replay] ep  47/150 | train loss=0.0005 top1=1.000 | val loss=0.0252 | t=0.1s
[finetune_replay] ep  48/150 | train loss=0.0005 top1=1.000 | val loss=0.0255 | t=0.1s
[finetune_replay] ep  49/150 | train loss=0.0005 top1=1.000 | val loss=0.0256 | t=0.1s
[finetune_replay] ep  50/150 | train loss=0.0006 top1=1.000 | val loss=0.0243 | t=0.1s
[finetune_replay] ep  51/150 | train loss=0.0005 top1=1.000 | val loss=0.0267 | t=0.1s
[finetune_replay] ep  52/150 | train loss=0.0004 top1=1.000 | val loss=0.0262 | t=0.1s
[finetune_replay] ep  53/150 | train loss=0.0004 top1=1.000 | val loss=0.0250 | t=0.1s
[finetune_replay] ep  54/150 | train loss=0.0004 top1=1.000 | val loss=0.0231 | t=0.1s
[finetune_replay] ep  55/150 | train loss=0.0004 top1=1.000 | val loss=0.0219 | t=0.1s
[finetune_replay] ep  56/150 | train loss=0.0006 top1=1.000 | val loss=0.0204 | t=0.1s
[finetune_replay] ep  57/150 | train loss=0.0004 top1=1.000 | val loss=0.0191 | t=0.1s
[finetune_replay] ep  58/150 | train loss=0.0004 top1=1.000 | val loss=0.0243 | t=0.1s
[finetune_replay] ep  59/150 | train loss=0.0004 top1=1.000 | val loss=0.0246 | t=0.1s
[finetune_replay] ep  60/150 | train loss=0.0005 top1=1.000 | val loss=0.0256 | t=0.1s
[finetune_replay] ep  61/150 | train loss=0.0004 top1=1.000 | val loss=0.0258 | t=0.1s
[finetune_replay] ep  62/150 | train loss=0.0003 top1=1.000 | val loss=0.0264 | t=0.1s
[finetune_replay] ep  63/150 | train loss=0.0004 top1=1.000 | val loss=0.0285 | t=0.1s
[finetune_replay] ep  64/150 | train loss=0.0003 top1=1.000 | val loss=0.0253 | t=0.1s
[finetune_replay] ep  65/150 | train loss=0.0003 top1=1.000 | val loss=0.0231 | t=0.1s
[finetune_replay] ep  66/150 | train loss=0.0004 top1=1.000 | val loss=0.0250 | t=0.1s
[finetune_replay] ep  67/150 | train loss=0.0003 top1=1.000 | val loss=0.0256 | t=0.1s
[finetune_replay] ep  68/150 | train loss=0.0004 top1=1.000 | val loss=0.0288 | t=0.1s
[finetune_replay] ep  69/150 | train loss=0.0004 top1=1.000 | val loss=0.0287 | t=0.1s
[finetune_replay] ep  70/150 | train loss=0.0003 top1=1.000 | val loss=0.0269 | t=0.1s
[finetune_replay] ep  71/150 | train loss=0.0004 top1=1.000 | val loss=0.0253 | t=0.1s
[finetune_replay] ep  72/150 | train loss=0.0003 top1=1.000 | val loss=0.0266 | t=0.1s
[finetune_replay] ep  73/150 | train loss=0.0004 top1=1.000 | val loss=0.0258 | t=0.1s
[finetune_replay] ep  74/150 | train loss=0.0004 top1=1.000 | val loss=0.0233 | t=0.1s
[finetune_replay] ep  75/150 | train loss=0.0003 top1=1.000 | val loss=0.0232 | t=0.1s
[finetune_replay] ep  76/150 | train loss=0.0003 top1=1.000 | val loss=0.0271 | t=0.1s
[finetune_replay] ep  77/150 | train loss=0.0003 top1=1.000 | val loss=0.0265 | t=0.1s
[finetune_replay] ep  78/150 | train loss=0.0004 top1=1.000 | val loss=0.0263 | t=0.1s
[finetune_replay] ep  79/150 | train loss=0.0003 top1=1.000 | val loss=0.0261 | t=0.1s
[finetune_replay] ep  80/150 | train loss=0.0003 top1=1.000 | val loss=0.0277 | t=0.1s
[finetune_replay] ep  81/150 | train loss=0.0004 top1=1.000 | val loss=0.0279 | t=0.1s
[finetune_replay] ep  82/150 | train loss=0.0004 top1=1.000 | val loss=0.0267 | t=0.1s
[finetune_replay] ep  83/150 | train loss=0.0003 top1=1.000 | val loss=0.0255 | t=0.1s
[finetune_replay] ep  84/150 | train loss=0.0004 top1=1.000 | val loss=0.0238 | t=0.1s
[finetune_replay] ep  85/150 | train loss=0.0003 top1=1.000 | val loss=0.0233 | t=0.1s
[finetune_replay] ep  86/150 | train loss=0.0003 top1=1.000 | val loss=0.0234 | t=0.1s
[finetune_replay] ep  87/150 | train loss=0.0004 top1=1.000 | val loss=0.0227 | t=0.1s
[finetune_replay] ep  88/150 | train loss=0.0003 top1=1.000 | val loss=0.0228 | t=0.1s
[finetune_replay] ep  89/150 | train loss=0.0003 top1=1.000 | val loss=0.0230 | t=0.1s
[finetune_replay] ep  90/150 | train loss=0.0003 top1=1.000 | val loss=0.0217 | t=0.1s
[finetune_replay] ep  91/150 | train loss=0.0003 top1=1.000 | val loss=0.0247 | t=0.1s
[finetune_replay] ep  92/150 | train loss=0.0003 top1=1.000 | val loss=0.0276 | t=0.1s
[finetune_replay] ep  93/150 | train loss=0.0003 top1=1.000 | val loss=0.0268 | t=0.1s
[finetune_replay] ep  94/150 | train loss=0.0003 top1=1.000 | val loss=0.0250 | t=0.1s
[finetune_replay] ep  95/150 | train loss=0.0003 top1=1.000 | val loss=0.0248 | t=0.1s
[finetune_replay] ep  96/150 | train loss=0.0003 top1=1.000 | val loss=0.0251 | t=0.1s
[finetune_replay] ep  97/150 | train loss=0.0003 top1=1.000 | val loss=0.0273 | t=0.1s
[finetune_replay] ep  98/150 | train loss=0.0003 top1=1.000 | val loss=0.0306 | t=0.2s
[finetune_replay] ep  99/150 | train loss=0.0003 top1=1.000 | val loss=0.0310 | t=0.1s
[finetune_replay] ep 100/150 | train loss=0.0003 top1=1.000 | val loss=0.0324 | t=0.1s
[finetune_replay] ep 101/150 | train loss=0.0003 top1=1.000 | val loss=0.0312 | t=0.1s
[finetune_replay] ep 102/150 | train loss=0.0003 top1=1.000 | val loss=0.0308 | t=0.1s
[finetune_replay] ep 103/150 | train loss=0.0003 top1=1.000 | val loss=0.0293 | t=0.1s
[finetune_replay] ep 104/150 | train loss=0.0003 top1=1.000 | val loss=0.0260 | t=0.1s
[finetune_replay] ep 105/150 | train loss=0.0003 top1=1.000 | val loss=0.0251 | t=0.1s
[finetune_replay] ep 106/150 | train loss=0.0003 top1=1.000 | val loss=0.0243 | t=0.1s
[finetune_replay] ep 107/150 | train loss=0.0003 top1=1.000 | val loss=0.0246 | t=0.1s
[finetune_replay] ep 108/150 | train loss=0.0003 top1=1.000 | val loss=0.0236 | t=0.1s
[finetune_replay] ep 109/150 | train loss=0.0003 top1=1.000 | val loss=0.0234 | t=0.1s
[finetune_replay] ep 110/150 | train loss=0.0003 top1=1.000 | val loss=0.0252 | t=0.1s
[finetune_replay] ep 111/150 | train loss=0.0003 top1=1.000 | val loss=0.0252 | t=0.1s
[finetune_replay] ep 112/150 | train loss=0.0003 top1=1.000 | val loss=0.0233 | t=0.1s
[finetune_replay] ep 113/150 | train loss=0.0003 top1=1.000 | val loss=0.0261 | t=0.1s
[finetune_replay] ep 114/150 | train loss=0.0003 top1=1.000 | val loss=0.0277 | t=0.1s
[finetune_replay] ep 115/150 | train loss=0.0003 top1=1.000 | val loss=0.0280 | t=0.1s
[finetune_replay] ep 116/150 | train loss=0.0002 top1=1.000 | val loss=0.0273 | t=0.1s
[finetune_replay] ep 117/150 | train loss=0.0003 top1=1.000 | val loss=0.0272 | t=0.1s
[finetune_replay] ep 118/150 | train loss=0.0003 top1=1.000 | val loss=0.0270 | t=0.1s
[finetune_replay] ep 119/150 | train loss=0.0003 top1=1.000 | val loss=0.0266 | t=0.1s
[finetune_replay] ep 120/150 | train loss=0.0003 top1=1.000 | val loss=0.0246 | t=0.1s
[finetune_replay] ep 121/150 | train loss=0.0004 top1=1.000 | val loss=0.0256 | t=0.1s
[finetune_replay] ep 122/150 | train loss=0.0003 top1=1.000 | val loss=0.0258 | t=0.1s
[finetune_replay] ep 123/150 | train loss=0.0003 top1=1.000 | val loss=0.0253 | t=0.1s
[finetune_replay] ep 124/150 | train loss=0.0003 top1=1.000 | val loss=0.0234 | t=0.1s
[finetune_replay] ep 125/150 | train loss=0.0003 top1=1.000 | val loss=0.0238 | t=0.1s
[finetune_replay] ep 126/150 | train loss=0.0003 top1=1.000 | val loss=0.0253 | t=0.1s
[finetune_replay] ep 127/150 | train loss=0.0003 top1=1.000 | val loss=0.0233 | t=0.1s
[finetune_replay] ep 128/150 | train loss=0.0003 top1=1.000 | val loss=0.0258 | t=0.1s
[finetune_replay] ep 129/150 | train loss=0.0003 top1=1.000 | val loss=0.0251 | t=0.1s
[finetune_replay] ep 130/150 | train loss=0.0003 top1=1.000 | val loss=0.0283 | t=0.1s
[finetune_replay] ep 131/150 | train loss=0.0002 top1=1.000 | val loss=0.0286 | t=0.1s
[finetune_replay] ep 132/150 | train loss=0.0003 top1=1.000 | val loss=0.0256 | t=0.1s
[finetune_replay] ep 133/150 | train loss=0.0002 top1=1.000 | val loss=0.0272 | t=0.1s
[finetune_replay] ep 134/150 | train loss=0.0003 top1=1.000 | val loss=0.0249 | t=0.1s
[finetune_replay] ep 135/150 | train loss=0.0003 top1=1.000 | val loss=0.0246 | t=0.1s
[finetune_replay] ep 136/150 | train loss=0.0003 top1=1.000 | val loss=0.0263 | t=0.1s
[finetune_replay] ep 137/150 | train loss=0.0003 top1=1.000 | val loss=0.0241 | t=0.1s
[finetune_replay] ep 138/150 | train loss=0.0003 top1=1.000 | val loss=0.0250 | t=0.1s
[finetune_replay] ep 139/150 | train loss=0.0003 top1=1.000 | val loss=0.0262 | t=0.1s
[finetune_replay] ep 140/150 | train loss=0.0003 top1=1.000 | val loss=0.0270 | t=0.1s
[finetune_replay] ep 141/150 | train loss=0.0003 top1=1.000 | val loss=0.0247 | t=0.1s
[finetune_replay] ep 142/150 | train loss=0.0002 top1=1.000 | val loss=0.0246 | t=0.1s
[finetune_replay] ep 143/150 | train loss=0.0003 top1=1.000 | val loss=0.0241 | t=0.1s
[finetune_replay] ep 144/150 | train loss=0.0003 top1=1.000 | val loss=0.0222 | t=0.1s
[finetune_replay] ep 145/150 | train loss=0.0004 top1=1.000 | val loss=0.0254 | t=0.1s
[finetune_replay] ep 146/150 | train loss=0.0003 top1=1.000 | val loss=0.0244 | t=0.1s
[finetune_replay] ep 147/150 | train loss=0.0003 top1=1.000 | val loss=0.0248 | t=0.1s
[finetune_replay] ep 148/150 | train loss=0.0002 top1=1.000 | val loss=0.0247 | t=0.1s
[finetune_replay] ep 149/150 | train loss=0.0003 top1=1.000 | val loss=0.0262 | t=0.1s
[finetune_replay] ep 150/150 | train loss=0.0003 top1=1.000 | val loss=0.0277 | t=0.1s
[finetune_replay] DONE best_val_loss=0.0155 @ epoch 8
[19:48:39] [bo-budget] $ /home/s226137394/.conda/envs/maze/bin/python3 -u -m Equivariant_pathway.equivariant_CNN_hybrid.rollout_test --checkpoint /weka/s226137394/DmNfull/Equivariant_pathway/equivariant_CNN_hybrid/baseline_vs_p4/pool_x_selector/results_hpsweep/e150_lr5e-05_rm0.5_do0/run_6/p4_top3_rotate/checkpoints/best_hybrid_policy.pth --layouts /weka/s226137394/DmNfull/Equivariant_pathway/equivariant_CNN_hybrid/baseline_vs_p4/shared/heldout_layouts.yaml --out_dir /weka/s226137394/DmNfull/Equivariant_pathway/equivariant_CNN_hybrid/baseline_vs_p4/pool_x_selector/results_hpsweep/e150_lr5e-05_rm0.5_do0/run_6/p4_top3_rotate/results/eval_round_010 --seed 16 --max_steps 60
[hybrid-rollout] 200 unique; running 200 eps
[hybrid-rollout] loaded /weka/s226137394/DmNfull/Equivariant_pathway/equivariant_CNN_hybrid/baseline_vs_p4/pool_x_selector/results_hpsweep/e150_lr5e-05_rm0.5_do0/run_6/p4_top3_rotate/checkpoints/best_hybrid_policy.pth
[hybrid-rollout] ep 0 (heldout_001): steps=5 success=True
[hybrid-rollout] ep 1 (heldout_002): steps=4 success=True
[hybrid-rollout] ep 2 (heldout_003): steps=60 success=False
[hybrid-rollout] ep 3 (heldout_004): steps=6 success=True
[hybrid-rollout] ep 4 (heldout_005): steps=5 success=True
[hybrid-rollout] ep 5 (heldout_006): steps=3 success=False
[hybrid-rollout] ep 6 (heldout_007): steps=5 success=True
[hybrid-rollout] ep 7 (heldout_008): steps=4 success=True
[hybrid-rollout] ep 8 (heldout_009): steps=6 success=True
[hybrid-rollout] ep 9 (heldout_010): steps=8 success=True
[hybrid-rollout] ep 10 (heldout_011): steps=4 success=True
[hybrid-rollout] ep 11 (heldout_012): steps=4 success=True
[hybrid-rollout] ep 12 (heldout_013): steps=5 success=True
[hybrid-rollout] ep 13 (heldout_014): steps=5 success=True
[hybrid-rollout] ep 14 (heldout_015): steps=4 success=True
[hybrid-rollout] ep 15 (heldout_016): steps=5 success=True
[hybrid-rollout] ep 16 (heldout_017): steps=4 success=True
[hybrid-rollout] ep 17 (heldout_018): steps=60 success=False
[hybrid-rollout] ep 18 (heldout_019): steps=5 success=True
[hybrid-rollout] ep 19 (heldout_020): steps=5 success=True
[hybrid-rollout] ep 20 (heldout_021): steps=4 success=True
[hybrid-rollout] ep 21 (heldout_022): steps=4 success=True
[hybrid-rollout] ep 22 (heldout_023): steps=60 success=False
[hybrid-rollout] ep 23 (heldout_024): steps=60 success=False
[hybrid-rollout] ep 24 (heldout_025): steps=4 success=True
[hybrid-rollout] ep 25 (heldout_026): steps=4 success=True
[hybrid-rollout] ep 26 (heldout_027): steps=4 success=True
[hybrid-rollout] ep 27 (heldout_028): steps=4 success=True
[hybrid-rollout] ep 28 (heldout_029): steps=60 success=False
[hybrid-rollout] ep 29 (heldout_030): steps=5 success=True
[hybrid-rollout] ep 30 (heldout_031): steps=5 success=True
[hybrid-rollout] ep 31 (heldout_032): steps=7 success=True
[hybrid-rollout] ep 32 (heldout_033): steps=4 success=True
[hybrid-rollout] ep 33 (heldout_034): steps=5 success=True
[hybrid-rollout] ep 34 (heldout_035): steps=60 success=False
[hybrid-rollout] ep 35 (heldout_036): steps=5 success=True
[hybrid-rollout] ep 36 (heldout_037): steps=4 success=True
[hybrid-rollout] ep 37 (heldout_038): steps=5 success=True
[hybrid-rollout] ep 38 (heldout_039): steps=6 success=True
[hybrid-rollout] ep 39 (heldout_040): steps=5 success=True
[hybrid-rollout] ep 40 (heldout_041): steps=60 success=False
[hybrid-rollout] ep 41 (heldout_042): steps=4 success=True
[hybrid-rollout] ep 42 (heldout_043): steps=4 success=True
[hybrid-rollout] ep 43 (heldout_044): steps=5 success=True
[hybrid-rollout] ep 44 (heldout_045): steps=5 success=True
[hybrid-rollout] ep 45 (heldout_046): steps=4 success=True
[hybrid-rollout] ep 46 (heldout_047): steps=6 success=True
[hybrid-rollout] ep 47 (heldout_048): steps=6 success=True
[hybrid-rollout] ep 48 (heldout_049): steps=60 success=False
[hybrid-rollout] ep 49 (heldout_050): steps=4 success=True
[hybrid-rollout] ep 50 (heldout_051): steps=4 success=True
[hybrid-rollout] ep 51 (heldout_052): steps=4 success=True
[hybrid-rollout] ep 52 (heldout_053): steps=6 success=True
[hybrid-rollout] ep 53 (heldout_054): steps=4 success=True
[hybrid-rollout] ep 54 (heldout_055): steps=60 success=False
[hybrid-rollout] ep 55 (heldout_056): steps=4 success=True
[hybrid-rollout] ep 56 (heldout_057): steps=4 success=True
[hybrid-rollout] ep 57 (heldout_058): steps=4 success=True
[hybrid-rollout] ep 58 (heldout_059): steps=5 success=True
[hybrid-rollout] ep 59 (heldout_060): steps=6 success=True
[hybrid-rollout] ep 60 (heldout_061): steps=5 success=True
[hybrid-rollout] ep 61 (heldout_062): steps=6 success=True
[hybrid-rollout] ep 62 (heldout_063): steps=5 success=True
[hybrid-rollout] ep 63 (heldout_064): steps=4 success=True
[hybrid-rollout] ep 64 (heldout_065): steps=7 success=True
[hybrid-rollout] ep 65 (heldout_066): steps=6 success=True
[hybrid-rollout] ep 66 (heldout_067): steps=5 success=True
[hybrid-rollout] ep 67 (heldout_068): steps=4 success=True
[hybrid-rollout] ep 68 (heldout_069): steps=4 success=True
[hybrid-rollout] ep 69 (heldout_070): steps=7 success=True
[hybrid-rollout] ep 70 (heldout_071): steps=5 success=True
[hybrid-rollout] ep 71 (heldout_072): steps=5 success=True
[hybrid-rollout] ep 72 (heldout_073): steps=3 success=False
[hybrid-rollout] ep 73 (heldout_074): steps=4 success=True
[hybrid-rollout] ep 74 (heldout_075): steps=5 success=True
[hybrid-rollout] ep 75 (heldout_076): steps=60 success=False
[hybrid-rollout] ep 76 (heldout_077): steps=4 success=True
[hybrid-rollout] ep 77 (heldout_078): steps=3 success=False
[hybrid-rollout] ep 78 (heldout_079): steps=4 success=True
[hybrid-rollout] ep 79 (heldout_080): steps=4 success=True
[hybrid-rollout] ep 80 (heldout_081): steps=60 success=False
[hybrid-rollout] ep 81 (heldout_082): steps=5 success=True
[hybrid-rollout] ep 82 (heldout_083): steps=4 success=True
[hybrid-rollout] ep 83 (heldout_084): steps=5 success=True
[hybrid-rollout] ep 84 (heldout_085): steps=60 success=False
[hybrid-rollout] ep 85 (heldout_086): steps=6 success=True
[hybrid-rollout] ep 86 (heldout_087): steps=7 success=True
[hybrid-rollout] ep 87 (heldout_088): steps=4 success=True
[hybrid-rollout] ep 88 (heldout_089): steps=3 success=False
[hybrid-rollout] ep 89 (heldout_090): steps=4 success=True
[hybrid-rollout] ep 90 (heldout_091): steps=4 success=False
[hybrid-rollout] ep 91 (heldout_092): steps=5 success=True
[hybrid-rollout] ep 92 (heldout_093): steps=6 success=True
[hybrid-rollout] ep 93 (heldout_094): steps=6 success=True
[hybrid-rollout] ep 94 (heldout_095): steps=7 success=True
[hybrid-rollout] ep 95 (heldout_096): steps=60 success=False
[hybrid-rollout] ep 96 (heldout_097): steps=5 success=True
[hybrid-rollout] ep 97 (heldout_098): steps=60 success=False
[hybrid-rollout] ep 98 (heldout_099): steps=60 success=False
[hybrid-rollout] ep 99 (heldout_100): steps=60 success=False
[hybrid-rollout] ep 100 (heldout_101): steps=4 success=True
[hybrid-rollout] ep 101 (heldout_102): steps=4 success=True
[hybrid-rollout] ep 102 (heldout_103): steps=60 success=False
[hybrid-rollout] ep 103 (heldout_104): steps=6 success=True
[hybrid-rollout] ep 104 (heldout_105): steps=6 success=True
[hybrid-rollout] ep 105 (heldout_106): steps=6 success=True
[hybrid-rollout] ep 106 (heldout_107): steps=3 success=False
[hybrid-rollout] ep 107 (heldout_108): steps=4 success=True
[hybrid-rollout] ep 108 (heldout_109): steps=4 success=True
[hybrid-rollout] ep 109 (heldout_110): steps=4 success=True
[hybrid-rollout] ep 110 (heldout_111): steps=6 success=True
[hybrid-rollout] ep 111 (heldout_112): steps=5 success=True
[hybrid-rollout] ep 112 (heldout_113): steps=5 success=True
[hybrid-rollout] ep 113 (heldout_114): steps=60 success=False
[hybrid-rollout] ep 114 (heldout_115): steps=4 success=True
[hybrid-rollout] ep 115 (heldout_116): steps=5 success=True
[hybrid-rollout] ep 116 (heldout_117): steps=60 success=False
[hybrid-rollout] ep 117 (heldout_118): steps=7 success=True
[hybrid-rollout] ep 118 (heldout_119): steps=4 success=True
[hybrid-rollout] ep 119 (heldout_120): steps=7 success=True
[hybrid-rollout] ep 120 (heldout_121): steps=4 success=True
[hybrid-rollout] ep 121 (heldout_122): steps=4 success=True
[hybrid-rollout] ep 122 (heldout_123): steps=6 success=True
[hybrid-rollout] ep 123 (heldout_124): steps=60 success=False
[hybrid-rollout] ep 124 (heldout_125): steps=4 success=True
[hybrid-rollout] ep 125 (heldout_126): steps=4 success=True
[hybrid-rollout] ep 126 (heldout_127): steps=60 success=False
[hybrid-rollout] ep 127 (heldout_128): steps=7 success=True
[hybrid-rollout] ep 128 (heldout_129): steps=60 success=False
[hybrid-rollout] ep 129 (heldout_130): steps=4 success=True
[hybrid-rollout] ep 130 (heldout_131): steps=60 success=False
[hybrid-rollout] ep 131 (heldout_132): steps=4 success=True
[hybrid-rollout] ep 132 (heldout_133): steps=4 success=True
[hybrid-rollout] ep 133 (heldout_134): steps=60 success=False
[hybrid-rollout] ep 134 (heldout_135): steps=6 success=True
[hybrid-rollout] ep 135 (heldout_136): steps=5 success=True
[hybrid-rollout] ep 136 (heldout_137): steps=60 success=False
[hybrid-rollout] ep 137 (heldout_138): steps=4 success=True
[hybrid-rollout] ep 138 (heldout_139): steps=4 success=True
[hybrid-rollout] ep 139 (heldout_140): steps=5 success=True
[hybrid-rollout] ep 140 (heldout_141): steps=5 success=True
[hybrid-rollout] ep 141 (heldout_142): steps=4 success=True
[hybrid-rollout] ep 142 (heldout_143): steps=6 success=True
[hybrid-rollout] ep 143 (heldout_144): steps=4 success=True
[hybrid-rollout] ep 144 (heldout_145): steps=5 success=True
[hybrid-rollout] ep 145 (heldout_146): steps=7 success=True
[hybrid-rollout] ep 146 (heldout_147): steps=4 success=True
[hybrid-rollout] ep 147 (heldout_148): steps=60 success=False
[hybrid-rollout] ep 148 (heldout_149): steps=5 success=True
[hybrid-rollout] ep 149 (heldout_150): steps=4 success=True
[hybrid-rollout] ep 150 (heldout_151): steps=5 success=True
[hybrid-rollout] ep 151 (heldout_152): steps=6 success=True
[hybrid-rollout] ep 152 (heldout_153): steps=5 success=True
[hybrid-rollout] ep 153 (heldout_154): steps=60 success=False
[hybrid-rollout] ep 154 (heldout_155): steps=60 success=False
[hybrid-rollout] ep 155 (heldout_156): steps=4 success=False
[hybrid-rollout] ep 156 (heldout_157): steps=4 success=True
[hybrid-rollout] ep 157 (heldout_158): steps=3 success=False
[hybrid-rollout] ep 158 (heldout_159): steps=6 success=True
[hybrid-rollout] ep 159 (heldout_160): steps=60 success=False
[hybrid-rollout] ep 160 (heldout_161): steps=60 success=False
[hybrid-rollout] ep 161 (heldout_162): steps=5 success=True
[hybrid-rollout] ep 162 (heldout_163): steps=4 success=True
[hybrid-rollout] ep 163 (heldout_164): steps=4 success=True
[hybrid-rollout] ep 164 (heldout_165): steps=5 success=True
[hybrid-rollout] ep 165 (heldout_166): steps=60 success=False
[hybrid-rollout] ep 166 (heldout_167): steps=4 success=True
[hybrid-rollout] ep 167 (heldout_168): steps=4 success=True
[hybrid-rollout] ep 168 (heldout_169): steps=6 success=True
[hybrid-rollout] ep 169 (heldout_170): steps=5 success=False
[hybrid-rollout] ep 170 (heldout_171): steps=60 success=False
[hybrid-rollout] ep 171 (heldout_172): steps=5 success=True
[hybrid-rollout] ep 172 (heldout_173): steps=4 success=True
[hybrid-rollout] ep 173 (heldout_174): steps=5 success=True
[hybrid-rollout] ep 174 (heldout_175): steps=5 success=True
[hybrid-rollout] ep 175 (heldout_176): steps=6 success=True
[hybrid-rollout] ep 176 (heldout_177): steps=6 success=True
[hybrid-rollout] ep 177 (heldout_178): steps=5 success=True
[hybrid-rollout] ep 178 (heldout_179): steps=5 success=True
[hybrid-rollout] ep 179 (heldout_180): steps=4 success=True
[hybrid-rollout] ep 180 (heldout_181): steps=5 success=True
[hybrid-rollout] ep 181 (heldout_182): steps=4 success=True
[hybrid-rollout] ep 182 (heldout_183): steps=5 success=True
[hybrid-rollout] ep 183 (heldout_184): steps=7 success=True
[hybrid-rollout] ep 184 (heldout_185): steps=5 success=True
[hybrid-rollout] ep 185 (heldout_186): steps=4 success=True
[hybrid-rollout] ep 186 (heldout_187): steps=5 success=True
[hybrid-rollout] ep 187 (heldout_188): steps=5 success=True
[hybrid-rollout] ep 188 (heldout_189): steps=60 success=False
[hybrid-rollout] ep 189 (heldout_190): steps=7 success=True
[hybrid-rollout] ep 190 (heldout_191): steps=4 success=True
[hybrid-rollout] ep 191 (heldout_192): steps=5 success=True
[hybrid-rollout] ep 192 (heldout_193): steps=60 success=False
[hybrid-rollout] ep 193 (heldout_194): steps=6 success=True
[hybrid-rollout] ep 194 (heldout_195): steps=5 success=True
[hybrid-rollout] ep 195 (heldout_196): steps=4 success=True
[hybrid-rollout] ep 196 (heldout_197): steps=5 success=True
[hybrid-rollout] ep 197 (heldout_198): steps=4 success=True
[hybrid-rollout] ep 198 (heldout_199): steps=4 success=True
[hybrid-rollout] ep 199 (heldout_200): steps=4 success=True
[hybrid-rollout] DONE successes=157/200
[19:50:00] [replay_p4] run 6 round 10: extras=10 heldout_sr=0.785
[19:50:00] [replay_p4] $ /home/s226137394/.conda/envs/maze/bin/python3 -u -m Equivariant_pathway.equivariant_CNN_hybrid.baseline_vs_p4.pool_x_selector.trainer.finetune_replay --demo_dir /weka/s226137394/DmNfull/Equivariant_pathway/equivariant_CNN_hybrid/baseline_vs_p4/pool_x_selector/results_hpsweep/e150_lr5e-05_rm0.5_do0/run_6/p4_top3_rotate/demos --checkpoint_dir /weka/s226137394/DmNfull/Equivariant_pathway/equivariant_CNN_hybrid/baseline_vs_p4/pool_x_selector/results_hpsweep/e150_lr5e-05_rm0.5_do0/run_6/p4_top3_rotate/checkpoints --epochs 150 --batch_size 64 --lr 5e-05 --weight_decay 0.0001 --replay_mix 0.5 --replay_mix_floor 0.2 --head_dropout 0.0 --seed 6 --resume --new_demos_dir /weka/s226137394/DmNfull/Equivariant_pathway/equivariant_CNN_hybrid/baseline_vs_p4/pool_x_selector/results_hpsweep/e150_lr5e-05_rm0.5_do0/run_6/p4_top3_rotate/demos/round_011
[finetune_replay] device=cuda demo_dir=/weka/s226137394/DmNfull/Equivariant_pathway/equivariant_CNN_hybrid/baseline_vs_p4/pool_x_selector/results_hpsweep/e150_lr5e-05_rm0.5_do0/run_6/p4_top3_rotate/demos new_demos_dir=/weka/s226137394/DmNfull/Equivariant_pathway/equivariant_CNN_hybrid/baseline_vs_p4/pool_x_selector/results_hpsweep/e150_lr5e-05_rm0.5_do0/run_6/p4_top3_rotate/demos/round_011
[hybrid-dataset] 30 demos -> 159 samples
[hybrid-dataset] 1 demos -> 6 samples
[finetune_replay] sampler audit: {'n_old_samples': 159, 'n_new_samples': 6, 'replay_mix_target': 0.5, 'replay_mix_effective': 0.5, 'replay_mix_floor': 0.2}
[finetune_replay] trainable params: 1,400,028
[finetune_replay] WARM START from last_hybrid_policy.pth
[finetune_replay] ep   1/150 | train loss=0.5161 top1=0.805 | val loss=0.1128 | t=0.9s  *
[finetune_replay] ep   2/150 | train loss=0.3044 top1=0.913 | val loss=0.0611 | t=0.3s  *
[finetune_replay] ep   3/150 | train loss=0.1639 top1=0.933 | val loss=0.0148 | t=0.2s  *
[finetune_replay] ep   4/150 | train loss=0.0316 top1=1.000 | val loss=0.0219 | t=0.2s
[finetune_replay] ep   5/150 | train loss=0.0139 top1=1.000 | val loss=0.0121 | t=0.3s  *
[finetune_replay] ep   6/150 | train loss=0.0133 top1=1.000 | val loss=0.1081 | t=0.3s
[finetune_replay] ep   7/150 | train loss=0.0047 top1=1.000 | val loss=0.0663 | t=0.1s
[finetune_replay] ep   8/150 | train loss=0.0033 top1=1.000 | val loss=0.0596 | t=0.2s
[finetune_replay] ep   9/150 | train loss=0.0028 top1=1.000 | val loss=0.0346 | t=0.2s
[finetune_replay] ep  10/150 | train loss=0.0016 top1=1.000 | val loss=0.0339 | t=0.1s
[finetune_replay] ep  11/150 | train loss=0.0013 top1=1.000 | val loss=0.0365 | t=0.2s
[finetune_replay] ep  12/150 | train loss=0.0011 top1=1.000 | val loss=0.0330 | t=0.2s
[finetune_replay] ep  13/150 | train loss=0.0010 top1=1.000 | val loss=0.0321 | t=0.2s
[finetune_replay] ep  14/150 | train loss=0.0007 top1=1.000 | val loss=0.0320 | t=0.1s
[finetune_replay] ep  15/150 | train loss=0.0007 top1=1.000 | val loss=0.0288 | t=0.2s
[finetune_replay] ep  16/150 | train loss=0.0006 top1=1.000 | val loss=0.0236 | t=0.1s
[finetune_replay] ep  17/150 | train loss=0.0005 top1=1.000 | val loss=0.0269 | t=0.2s
[finetune_replay] ep  18/150 | train loss=0.0005 top1=1.000 | val loss=0.0305 | t=0.1s
[finetune_replay] ep  19/150 | train loss=0.0004 top1=1.000 | val loss=0.0303 | t=0.1s
[finetune_replay] ep  20/150 | train loss=0.0005 top1=1.000 | val loss=0.0241 | t=0.1s
[finetune_replay] ep  21/150 | train loss=0.0004 top1=1.000 | val loss=0.0189 | t=0.2s
[finetune_replay] ep  22/150 | train loss=0.0004 top1=1.000 | val loss=0.0189 | t=0.2s
[finetune_replay] ep  23/150 | train loss=0.0004 top1=1.000 | val loss=0.0229 | t=0.1s
[finetune_replay] ep  24/150 | train loss=0.0004 top1=1.000 | val loss=0.0246 | t=0.1s
[finetune_replay] ep  25/150 | train loss=0.0004 top1=1.000 | val loss=0.0209 | t=0.1s
[finetune_replay] ep  26/150 | train loss=0.0003 top1=1.000 | val loss=0.0204 | t=0.1s
[finetune_replay] ep  27/150 | train loss=0.0003 top1=1.000 | val loss=0.0207 | t=0.1s
[finetune_replay] ep  28/150 | train loss=0.0004 top1=1.000 | val loss=0.0229 | t=0.1s
[finetune_replay] ep  29/150 | train loss=0.0004 top1=1.000 | val loss=0.0234 | t=0.1s
[finetune_replay] ep  30/150 | train loss=0.0004 top1=1.000 | val loss=0.0234 | t=0.2s
[finetune_replay] ep  31/150 | train loss=0.0005 top1=1.000 | val loss=0.0259 | t=0.1s
[finetune_replay] ep  32/150 | train loss=0.0003 top1=1.000 | val loss=0.0290 | t=0.1s
[finetune_replay] ep  33/150 | train loss=0.0003 top1=1.000 | val loss=0.0266 | t=0.1s
[finetune_replay] ep  34/150 | train loss=0.0004 top1=1.000 | val loss=0.0269 | t=0.1s
[finetune_replay] ep  35/150 | train loss=0.0004 top1=1.000 | val loss=0.0241 | t=0.2s
[finetune_replay] ep  36/150 | train loss=0.0003 top1=1.000 | val loss=0.0205 | t=0.1s
[finetune_replay] ep  37/150 | train loss=0.0003 top1=1.000 | val loss=0.0212 | t=0.1s
[finetune_replay] ep  38/150 | train loss=0.0003 top1=1.000 | val loss=0.0334 | t=0.1s
[finetune_replay] ep  39/150 | train loss=0.0003 top1=1.000 | val loss=0.0319 | t=0.1s
[finetune_replay] ep  40/150 | train loss=0.0003 top1=1.000 | val loss=0.0292 | t=0.1s
[finetune_replay] ep  41/150 | train loss=0.0002 top1=1.000 | val loss=0.0281 | t=0.1s
[finetune_replay] ep  42/150 | train loss=0.0002 top1=1.000 | val loss=0.0270 | t=0.1s
[finetune_replay] ep  43/150 | train loss=0.0002 top1=1.000 | val loss=0.0264 | t=0.1s
[finetune_replay] ep  44/150 | train loss=0.0003 top1=1.000 | val loss=0.0240 | t=0.1s
[finetune_replay] ep  45/150 | train loss=0.0003 top1=1.000 | val loss=0.0215 | t=0.1s
[finetune_replay] ep  46/150 | train loss=0.0002 top1=1.000 | val loss=0.0196 | t=0.1s
[finetune_replay] ep  47/150 | train loss=0.0003 top1=1.000 | val loss=0.0206 | t=0.1s
[finetune_replay] ep  48/150 | train loss=0.0002 top1=1.000 | val loss=0.0203 | t=0.1s
[finetune_replay] ep  49/150 | train loss=0.0002 top1=1.000 | val loss=0.0208 | t=0.2s
[finetune_replay] ep  50/150 | train loss=0.0002 top1=1.000 | val loss=0.0210 | t=0.2s
[finetune_replay] ep  51/150 | train loss=0.0002 top1=1.000 | val loss=0.0245 | t=0.1s
[finetune_replay] ep  52/150 | train loss=0.0003 top1=1.000 | val loss=0.0267 | t=0.1s
[finetune_replay] ep  53/150 | train loss=0.0002 top1=1.000 | val loss=0.0238 | t=0.1s
[finetune_replay] ep  54/150 | train loss=0.0002 top1=1.000 | val loss=0.0205 | t=0.1s
[finetune_replay] ep  55/150 | train loss=0.0002 top1=1.000 | val loss=0.0193 | t=0.1s
[finetune_replay] ep  56/150 | train loss=0.0002 top1=1.000 | val loss=0.0196 | t=0.1s
[finetune_replay] ep  57/150 | train loss=0.0002 top1=1.000 | val loss=0.0189 | t=0.1s
[finetune_replay] ep  58/150 | train loss=0.0002 top1=1.000 | val loss=0.0179 | t=0.1s
[finetune_replay] ep  59/150 | train loss=0.0002 top1=1.000 | val loss=0.0188 | t=0.1s
[finetune_replay] ep  60/150 | train loss=0.0002 top1=1.000 | val loss=0.0199 | t=0.1s
[finetune_replay] ep  61/150 | train loss=0.0002 top1=1.000 | val loss=0.0193 | t=0.1s
[finetune_replay] ep  62/150 | train loss=0.0002 top1=1.000 | val loss=0.0190 | t=0.1s
[finetune_replay] ep  63/150 | train loss=0.0002 top1=1.000 | val loss=0.0196 | t=0.1s
[finetune_replay] ep  64/150 | train loss=0.0002 top1=1.000 | val loss=0.0221 | t=0.1s
[finetune_replay] ep  65/150 | train loss=0.0002 top1=1.000 | val loss=0.0250 | t=0.1s
[finetune_replay] ep  66/150 | train loss=0.0002 top1=1.000 | val loss=0.0243 | t=0.2s
[finetune_replay] ep  67/150 | train loss=0.0002 top1=1.000 | val loss=0.0230 | t=0.1s
[finetune_replay] ep  68/150 | train loss=0.0002 top1=1.000 | val loss=0.0271 | t=0.1s
[finetune_replay] ep  69/150 | train loss=0.0002 top1=1.000 | val loss=0.0253 | t=0.1s
[finetune_replay] ep  70/150 | train loss=0.0002 top1=1.000 | val loss=0.0204 | t=0.1s
[finetune_replay] ep  71/150 | train loss=0.0002 top1=1.000 | val loss=0.0185 | t=0.2s
[finetune_replay] ep  72/150 | train loss=0.0002 top1=1.000 | val loss=0.0198 | t=0.1s
[finetune_replay] ep  73/150 | train loss=0.0001 top1=1.000 | val loss=0.0192 | t=0.2s
[finetune_replay] ep  74/150 | train loss=0.0002 top1=1.000 | val loss=0.0184 | t=0.1s
[finetune_replay] ep  75/150 | train loss=0.0002 top1=1.000 | val loss=0.0171 | t=0.1s
[finetune_replay] ep  76/150 | train loss=0.0002 top1=1.000 | val loss=0.0172 | t=0.1s
[finetune_replay] ep  77/150 | train loss=0.0001 top1=1.000 | val loss=0.0183 | t=0.1s
[finetune_replay] ep  78/150 | train loss=0.0002 top1=1.000 | val loss=0.0212 | t=0.1s
[finetune_replay] ep  79/150 | train loss=0.0002 top1=1.000 | val loss=0.0214 | t=0.1s
[finetune_replay] ep  80/150 | train loss=0.0002 top1=1.000 | val loss=0.0196 | t=0.1s
[finetune_replay] ep  81/150 | train loss=0.0002 top1=1.000 | val loss=0.0186 | t=0.1s
[finetune_replay] ep  82/150 | train loss=0.0001 top1=1.000 | val loss=0.0182 | t=0.1s
[finetune_replay] ep  83/150 | train loss=0.0002 top1=1.000 | val loss=0.0199 | t=0.1s
[finetune_replay] ep  84/150 | train loss=0.0001 top1=1.000 | val loss=0.0216 | t=0.1s
[finetune_replay] ep  85/150 | train loss=0.0001 top1=1.000 | val loss=0.0216 | t=0.1s
[finetune_replay] ep  86/150 | train loss=0.0002 top1=1.000 | val loss=0.0205 | t=0.1s
[finetune_replay] ep  87/150 | train loss=0.0002 top1=1.000 | val loss=0.0203 | t=0.1s
[finetune_replay] ep  88/150 | train loss=0.0002 top1=1.000 | val loss=0.0209 | t=0.1s
[finetune_replay] ep  89/150 | train loss=0.0002 top1=1.000 | val loss=0.0214 | t=0.1s
[finetune_replay] ep  90/150 | train loss=0.0001 top1=1.000 | val loss=0.0203 | t=0.1s
[finetune_replay] ep  91/150 | train loss=0.0001 top1=1.000 | val loss=0.0189 | t=0.1s
[finetune_replay] ep  92/150 | train loss=0.0002 top1=1.000 | val loss=0.0189 | t=0.1s
[finetune_replay] ep  93/150 | train loss=0.0001 top1=1.000 | val loss=0.0200 | t=0.1s
[finetune_replay] ep  94/150 | train loss=0.0002 top1=1.000 | val loss=0.0213 | t=0.1s
[finetune_replay] ep  95/150 | train loss=0.0001 top1=1.000 | val loss=0.0215 | t=0.1s
[finetune_replay] ep  96/150 | train loss=0.0001 top1=1.000 | val loss=0.0207 | t=0.1s
[finetune_replay] ep  97/150 | train loss=0.0001 top1=1.000 | val loss=0.0197 | t=0.1s
[finetune_replay] ep  98/150 | train loss=0.0001 top1=1.000 | val loss=0.0192 | t=0.1s
[finetune_replay] ep  99/150 | train loss=0.0001 top1=1.000 | val loss=0.0185 | t=0.2s
[finetune_replay] ep 100/150 | train loss=0.0001 top1=1.000 | val loss=0.0180 | t=0.1s
[finetune_replay] ep 101/150 | train loss=0.0001 top1=1.000 | val loss=0.0180 | t=0.1s
[finetune_replay] ep 102/150 | train loss=0.0002 top1=1.000 | val loss=0.0179 | t=0.1s
[finetune_replay] ep 103/150 | train loss=0.0001 top1=1.000 | val loss=0.0180 | t=0.1s
[finetune_replay] ep 104/150 | train loss=0.0001 top1=1.000 | val loss=0.0176 | t=0.1s
[finetune_replay] ep 105/150 | train loss=0.0002 top1=1.000 | val loss=0.0179 | t=0.1s
[finetune_replay] ep 106/150 | train loss=0.0002 top1=1.000 | val loss=0.0184 | t=0.1s
[finetune_replay] ep 107/150 | train loss=0.0001 top1=1.000 | val loss=0.0193 | t=0.1s
[finetune_replay] ep 108/150 | train loss=0.0002 top1=1.000 | val loss=0.0207 | t=0.1s
[finetune_replay] ep 109/150 | train loss=0.0001 top1=1.000 | val loss=0.0224 | t=0.1s
[finetune_replay] ep 110/150 | train loss=0.0001 top1=1.000 | val loss=0.0232 | t=0.1s
[finetune_replay] ep 111/150 | train loss=0.0001 top1=1.000 | val loss=0.0232 | t=0.1s
[finetune_replay] ep 112/150 | train loss=0.0001 top1=1.000 | val loss=0.0232 | t=0.1s
[finetune_replay] ep 113/150 | train loss=0.0001 top1=1.000 | val loss=0.0232 | t=0.1s
[finetune_replay] ep 114/150 | train loss=0.0001 top1=1.000 | val loss=0.0227 | t=0.1s
[finetune_replay] ep 115/150 | train loss=0.0001 top1=1.000 | val loss=0.0223 | t=0.1s
[finetune_replay] ep 116/150 | train loss=0.0001 top1=1.000 | val loss=0.0220 | t=0.1s
[finetune_replay] ep 117/150 | train loss=0.0002 top1=1.000 | val loss=0.0214 | t=0.1s
[finetune_replay] ep 118/150 | train loss=0.0001 top1=1.000 | val loss=0.0207 | t=0.1s
[finetune_replay] ep 119/150 | train loss=0.0001 top1=1.000 | val loss=0.0200 | t=0.1s
[finetune_replay] ep 120/150 | train loss=0.0001 top1=1.000 | val loss=0.0194 | t=0.1s
[finetune_replay] ep 121/150 | train loss=0.0001 top1=1.000 | val loss=0.0188 | t=0.1s
[finetune_replay] ep 122/150 | train loss=0.0002 top1=1.000 | val loss=0.0188 | t=0.1s
[finetune_replay] ep 123/150 | train loss=0.0001 top1=1.000 | val loss=0.0189 | t=0.1s
[finetune_replay] ep 124/150 | train loss=0.0001 top1=1.000 | val loss=0.0191 | t=0.1s
[finetune_replay] ep 125/150 | train loss=0.0001 top1=1.000 | val loss=0.0190 | t=0.1s
[finetune_replay] ep 126/150 | train loss=0.0001 top1=1.000 | val loss=0.0195 | t=0.1s
[finetune_replay] ep 127/150 | train loss=0.0001 top1=1.000 | val loss=0.0191 | t=0.1s
[finetune_replay] ep 128/150 | train loss=0.0001 top1=1.000 | val loss=0.0188 | t=0.1s
[finetune_replay] ep 129/150 | train loss=0.0001 top1=1.000 | val loss=0.0187 | t=0.1s
[finetune_replay] ep 130/150 | train loss=0.0001 top1=1.000 | val loss=0.0185 | t=0.1s
[finetune_replay] ep 131/150 | train loss=0.0001 top1=1.000 | val loss=0.0187 | t=0.1s
[finetune_replay] ep 132/150 | train loss=0.0001 top1=1.000 | val loss=0.0189 | t=0.2s
[finetune_replay] ep 133/150 | train loss=0.0001 top1=1.000 | val loss=0.0192 | t=0.1s
[finetune_replay] ep 134/150 | train loss=0.0001 top1=1.000 | val loss=0.0191 | t=0.1s
[finetune_replay] ep 135/150 | train loss=0.0001 top1=1.000 | val loss=0.0192 | t=0.1s
[finetune_replay] ep 136/150 | train loss=0.0001 top1=1.000 | val loss=0.0194 | t=0.1s
[finetune_replay] ep 137/150 | train loss=0.0001 top1=1.000 | val loss=0.0195 | t=0.1s
[finetune_replay] ep 138/150 | train loss=0.0001 top1=1.000 | val loss=0.0195 | t=0.1s
[finetune_replay] ep 139/150 | train loss=0.0001 top1=1.000 | val loss=0.0196 | t=0.1s
[finetune_replay] ep 140/150 | train loss=0.0001 top1=1.000 | val loss=0.0197 | t=0.1s
[finetune_replay] ep 141/150 | train loss=0.0001 top1=1.000 | val loss=0.0194 | t=0.1s
[finetune_replay] ep 142/150 | train loss=0.0001 top1=1.000 | val loss=0.0191 | t=0.1s
[finetune_replay] ep 143/150 | train loss=0.0001 top1=1.000 | val loss=0.0193 | t=0.1s
[finetune_replay] ep 144/150 | train loss=0.0001 top1=1.000 | val loss=0.0191 | t=0.1s
[finetune_replay] ep 145/150 | train loss=0.0002 top1=1.000 | val loss=0.0193 | t=0.1s
[finetune_replay] ep 146/150 | train loss=0.0001 top1=1.000 | val loss=0.0195 | t=0.1s
[finetune_replay] ep 147/150 | train loss=0.0001 top1=1.000 | val loss=0.0192 | t=0.1s
[finetune_replay] ep 148/150 | train loss=0.0001 top1=1.000 | val loss=0.0193 | t=0.1s
[finetune_replay] ep 149/150 | train loss=0.0001 top1=1.000 | val loss=0.0193 | t=0.1s
[finetune_replay] ep 150/150 | train loss=0.0001 top1=1.000 | val loss=0.0191 | t=0.1s
[finetune_replay] DONE best_val_loss=0.0121 @ epoch 5
[19:50:37] [bo-budget] $ /home/s226137394/.conda/envs/maze/bin/python3 -u -m Equivariant_pathway.equivariant_CNN_hybrid.rollout_test --checkpoint /weka/s226137394/DmNfull/Equivariant_pathway/equivariant_CNN_hybrid/baseline_vs_p4/pool_x_selector/results_hpsweep/e150_lr5e-05_rm0.5_do0/run_6/p4_top3_rotate/checkpoints/best_hybrid_policy.pth --layouts /weka/s226137394/DmNfull/Equivariant_pathway/equivariant_CNN_hybrid/baseline_vs_p4/shared/heldout_layouts.yaml --out_dir /weka/s226137394/DmNfull/Equivariant_pathway/equivariant_CNN_hybrid/baseline_vs_p4/pool_x_selector/results_hpsweep/e150_lr5e-05_rm0.5_do0/run_6/p4_top3_rotate/results/eval_round_011 --seed 17 --max_steps 60
[hybrid-rollout] 200 unique; running 200 eps
[hybrid-rollout] loaded /weka/s226137394/DmNfull/Equivariant_pathway/equivariant_CNN_hybrid/baseline_vs_p4/pool_x_selector/results_hpsweep/e150_lr5e-05_rm0.5_do0/run_6/p4_top3_rotate/checkpoints/best_hybrid_policy.pth
[hybrid-rollout] ep 0 (heldout_001): steps=5 success=True
[hybrid-rollout] ep 1 (heldout_002): steps=4 success=True
[hybrid-rollout] ep 2 (heldout_003): steps=4 success=True
[hybrid-rollout] ep 3 (heldout_004): steps=8 success=True
[hybrid-rollout] ep 4 (heldout_005): steps=5 success=True
[hybrid-rollout] ep 5 (heldout_006): steps=3 success=False
[hybrid-rollout] ep 6 (heldout_007): steps=5 success=True
[hybrid-rollout] ep 7 (heldout_008): steps=4 success=True
[hybrid-rollout] ep 8 (heldout_009): steps=6 success=True
[hybrid-rollout] ep 9 (heldout_010): steps=8 success=True
[hybrid-rollout] ep 10 (heldout_011): steps=4 success=True
[hybrid-rollout] ep 11 (heldout_012): steps=4 success=True
[hybrid-rollout] ep 12 (heldout_013): steps=60 success=False
[hybrid-rollout] ep 13 (heldout_014): steps=5 success=True
[hybrid-rollout] ep 14 (heldout_015): steps=4 success=True
[hybrid-rollout] ep 15 (heldout_016): steps=5 success=True
[hybrid-rollout] ep 16 (heldout_017): steps=4 success=True
[hybrid-rollout] ep 17 (heldout_018): steps=60 success=False
[hybrid-rollout] ep 18 (heldout_019): steps=60 success=False
[hybrid-rollout] ep 19 (heldout_020): steps=5 success=True
[hybrid-rollout] ep 20 (heldout_021): steps=4 success=True
[hybrid-rollout] ep 21 (heldout_022): steps=4 success=True
[hybrid-rollout] ep 22 (heldout_023): steps=7 success=True
[hybrid-rollout] ep 23 (heldout_024): steps=60 success=False
[hybrid-rollout] ep 24 (heldout_025): steps=4 success=True
[hybrid-rollout] ep 25 (heldout_026): steps=4 success=True
[hybrid-rollout] ep 26 (heldout_027): steps=4 success=True
[hybrid-rollout] ep 27 (heldout_028): steps=4 success=True
[hybrid-rollout] ep 28 (heldout_029): steps=7 success=True
[hybrid-rollout] ep 29 (heldout_030): steps=60 success=False
[hybrid-rollout] ep 30 (heldout_031): steps=5 success=True
[hybrid-rollout] ep 31 (heldout_032): steps=7 success=True
[hybrid-rollout] ep 32 (heldout_033): steps=4 success=True
[hybrid-rollout] ep 33 (heldout_034): steps=5 success=True
[hybrid-rollout] ep 34 (heldout_035): steps=6 success=True
[hybrid-rollout] ep 35 (heldout_036): steps=5 success=True
[hybrid-rollout] ep 36 (heldout_037): steps=4 success=True
[hybrid-rollout] ep 37 (heldout_038): steps=5 success=True
[hybrid-rollout] ep 38 (heldout_039): steps=6 success=True
[hybrid-rollout] ep 39 (heldout_040): steps=5 success=True
[hybrid-rollout] ep 40 (heldout_041): steps=60 success=False
[hybrid-rollout] ep 41 (heldout_042): steps=4 success=True
[hybrid-rollout] ep 42 (heldout_043): steps=4 success=True
[hybrid-rollout] ep 43 (heldout_044): steps=5 success=True
[hybrid-rollout] ep 44 (heldout_045): steps=5 success=True
[hybrid-rollout] ep 45 (heldout_046): steps=4 success=True
[hybrid-rollout] ep 46 (heldout_047): steps=3 success=False
[hybrid-rollout] ep 47 (heldout_048): steps=6 success=True
[hybrid-rollout] ep 48 (heldout_049): steps=60 success=False
[hybrid-rollout] ep 49 (heldout_050): steps=4 success=True
[hybrid-rollout] ep 50 (heldout_051): steps=4 success=True
[hybrid-rollout] ep 51 (heldout_052): steps=4 success=True
[hybrid-rollout] ep 52 (heldout_053): steps=60 success=False
[hybrid-rollout] ep 53 (heldout_054): steps=60 success=False
[hybrid-rollout] ep 54 (heldout_055): steps=60 success=False
[hybrid-rollout] ep 55 (heldout_056): steps=4 success=True
[hybrid-rollout] ep 56 (heldout_057): steps=2 success=False
[hybrid-rollout] ep 57 (heldout_058): steps=4 success=True
[hybrid-rollout] ep 58 (heldout_059): steps=5 success=True
[hybrid-rollout] ep 59 (heldout_060): steps=6 success=True
[hybrid-rollout] ep 60 (heldout_061): steps=5 success=True
[hybrid-rollout] ep 61 (heldout_062): steps=6 success=True
[hybrid-rollout] ep 62 (heldout_063): steps=5 success=True
[hybrid-rollout] ep 63 (heldout_064): steps=4 success=True
[hybrid-rollout] ep 64 (heldout_065): steps=7 success=True
[hybrid-rollout] ep 65 (heldout_066): steps=6 success=True
[hybrid-rollout] ep 66 (heldout_067): steps=5 success=True
[hybrid-rollout] ep 67 (heldout_068): steps=4 success=True
[hybrid-rollout] ep 68 (heldout_069): steps=4 success=True
[hybrid-rollout] ep 69 (heldout_070): steps=9 success=True
[hybrid-rollout] ep 70 (heldout_071): steps=5 success=True
[hybrid-rollout] ep 71 (heldout_072): steps=5 success=True
[hybrid-rollout] ep 72 (heldout_073): steps=3 success=False
[hybrid-rollout] ep 73 (heldout_074): steps=4 success=True
[hybrid-rollout] ep 74 (heldout_075): steps=5 success=True
[hybrid-rollout] ep 75 (heldout_076): steps=60 success=False
[hybrid-rollout] ep 76 (heldout_077): steps=4 success=True
[hybrid-rollout] ep 77 (heldout_078): steps=6 success=True
[hybrid-rollout] ep 78 (heldout_079): steps=4 success=True
[hybrid-rollout] ep 79 (heldout_080): steps=4 success=True
[hybrid-rollout] ep 80 (heldout_081): steps=5 success=True
[hybrid-rollout] ep 81 (heldout_082): steps=5 success=True
[hybrid-rollout] ep 82 (heldout_083): steps=4 success=True
[hybrid-rollout] ep 83 (heldout_084): steps=5 success=True
[hybrid-rollout] ep 84 (heldout_085): steps=60 success=False
[hybrid-rollout] ep 85 (heldout_086): steps=6 success=True
[hybrid-rollout] ep 86 (heldout_087): steps=7 success=True
[hybrid-rollout] ep 87 (heldout_088): steps=4 success=True
[hybrid-rollout] ep 88 (heldout_089): steps=3 success=False
[hybrid-rollout] ep 89 (heldout_090): steps=4 success=True
[hybrid-rollout] ep 90 (heldout_091): steps=4 success=False
[hybrid-rollout] ep 91 (heldout_092): steps=9 success=True
[hybrid-rollout] ep 92 (heldout_093): steps=6 success=True
[hybrid-rollout] ep 93 (heldout_094): steps=6 success=True
[hybrid-rollout] ep 94 (heldout_095): steps=7 success=True
[hybrid-rollout] ep 95 (heldout_096): steps=5 success=True
[hybrid-rollout] ep 96 (heldout_097): steps=5 success=True
[hybrid-rollout] ep 97 (heldout_098): steps=60 success=False
[hybrid-rollout] ep 98 (heldout_099): steps=60 success=False
[hybrid-rollout] ep 99 (heldout_100): steps=60 success=False
[hybrid-rollout] ep 100 (heldout_101): steps=4 success=True
[hybrid-rollout] ep 101 (heldout_102): steps=4 success=True
[hybrid-rollout] ep 102 (heldout_103): steps=60 success=False
[hybrid-rollout] ep 103 (heldout_104): steps=6 success=True
[hybrid-rollout] ep 104 (heldout_105): steps=10 success=True
[hybrid-rollout] ep 105 (heldout_106): steps=6 success=True
[hybrid-rollout] ep 106 (heldout_107): steps=4 success=True
[hybrid-rollout] ep 107 (heldout_108): steps=4 success=True
[hybrid-rollout] ep 108 (heldout_109): steps=4 success=True
[hybrid-rollout] ep 109 (heldout_110): steps=60 success=False
[hybrid-rollout] ep 110 (heldout_111): steps=6 success=True
[hybrid-rollout] ep 111 (heldout_112): steps=5 success=True
[hybrid-rollout] ep 112 (heldout_113): steps=5 success=True
[hybrid-rollout] ep 113 (heldout_114): steps=60 success=False
[hybrid-rollout] ep 114 (heldout_115): steps=4 success=True
[hybrid-rollout] ep 115 (heldout_116): steps=5 success=True
[hybrid-rollout] ep 116 (heldout_117): steps=5 success=True
[hybrid-rollout] ep 117 (heldout_118): steps=7 success=True
[hybrid-rollout] ep 118 (heldout_119): steps=4 success=True
[hybrid-rollout] ep 119 (heldout_120): steps=60 success=False
[hybrid-rollout] ep 120 (heldout_121): steps=4 success=True
[hybrid-rollout] ep 121 (heldout_122): steps=4 success=True
[hybrid-rollout] ep 122 (heldout_123): steps=6 success=True
[hybrid-rollout] ep 123 (heldout_124): steps=60 success=False
[hybrid-rollout] ep 124 (heldout_125): steps=4 success=True
[hybrid-rollout] ep 125 (heldout_126): steps=4 success=True
[hybrid-rollout] ep 126 (heldout_127): steps=60 success=False
[hybrid-rollout] ep 127 (heldout_128): steps=7 success=True
[hybrid-rollout] ep 128 (heldout_129): steps=60 success=False
[hybrid-rollout] ep 129 (heldout_130): steps=4 success=True
[hybrid-rollout] ep 130 (heldout_131): steps=5 success=False
[hybrid-rollout] ep 131 (heldout_132): steps=4 success=True
[hybrid-rollout] ep 132 (heldout_133): steps=4 success=True
[hybrid-rollout] ep 133 (heldout_134): steps=7 success=True
[hybrid-rollout] ep 134 (heldout_135): steps=6 success=True
[hybrid-rollout] ep 135 (heldout_136): steps=5 success=True
[hybrid-rollout] ep 136 (heldout_137): steps=60 success=False
[hybrid-rollout] ep 137 (heldout_138): steps=4 success=True
[hybrid-rollout] ep 138 (heldout_139): steps=4 success=True
[hybrid-rollout] ep 139 (heldout_140): steps=5 success=True
[hybrid-rollout] ep 140 (heldout_141): steps=5 success=True
[hybrid-rollout] ep 141 (heldout_142): steps=4 success=True
[hybrid-rollout] ep 142 (heldout_143): steps=8 success=True
[hybrid-rollout] ep 143 (heldout_144): steps=4 success=True
[hybrid-rollout] ep 144 (heldout_145): steps=5 success=True
[hybrid-rollout] ep 145 (heldout_146): steps=7 success=True
[hybrid-rollout] ep 146 (heldout_147): steps=4 success=True
[hybrid-rollout] ep 147 (heldout_148): steps=60 success=False
[hybrid-rollout] ep 148 (heldout_149): steps=5 success=True
[hybrid-rollout] ep 149 (heldout_150): steps=4 success=True
[hybrid-rollout] ep 150 (heldout_151): steps=5 success=True
[hybrid-rollout] ep 151 (heldout_152): steps=6 success=True
[hybrid-rollout] ep 152 (heldout_153): steps=5 success=True
[hybrid-rollout] ep 153 (heldout_154): steps=60 success=False
[hybrid-rollout] ep 154 (heldout_155): steps=60 success=False
[hybrid-rollout] ep 155 (heldout_156): steps=12 success=True
[hybrid-rollout] ep 156 (heldout_157): steps=4 success=True
[hybrid-rollout] ep 157 (heldout_158): steps=3 success=False
[hybrid-rollout] ep 158 (heldout_159): steps=6 success=True
[hybrid-rollout] ep 159 (heldout_160): steps=60 success=False
[hybrid-rollout] ep 160 (heldout_161): steps=4 success=False
[hybrid-rollout] ep 161 (heldout_162): steps=5 success=True
[hybrid-rollout] ep 162 (heldout_163): steps=4 success=True
[hybrid-rollout] ep 163 (heldout_164): steps=4 success=True
[hybrid-rollout] ep 164 (heldout_165): steps=5 success=True
[hybrid-rollout] ep 165 (heldout_166): steps=60 success=False
[hybrid-rollout] ep 166 (heldout_167): steps=60 success=False
[hybrid-rollout] ep 167 (heldout_168): steps=4 success=True
[hybrid-rollout] ep 168 (heldout_169): steps=60 success=False
[hybrid-rollout] ep 169 (heldout_170): steps=5 success=False
[hybrid-rollout] ep 170 (heldout_171): steps=4 success=True
[hybrid-rollout] ep 171 (heldout_172): steps=5 success=True
[hybrid-rollout] ep 172 (heldout_173): steps=4 success=True
[hybrid-rollout] ep 173 (heldout_174): steps=5 success=True
[hybrid-rollout] ep 174 (heldout_175): steps=60 success=False
[hybrid-rollout] ep 175 (heldout_176): steps=6 success=True
[hybrid-rollout] ep 176 (heldout_177): steps=6 success=True
[hybrid-rollout] ep 177 (heldout_178): steps=5 success=True
[hybrid-rollout] ep 178 (heldout_179): steps=5 success=True
[hybrid-rollout] ep 179 (heldout_180): steps=4 success=True
[hybrid-rollout] ep 180 (heldout_181): steps=5 success=True
[hybrid-rollout] ep 181 (heldout_182): steps=4 success=True
[hybrid-rollout] ep 182 (heldout_183): steps=5 success=True
[hybrid-rollout] ep 183 (heldout_184): steps=7 success=True
[hybrid-rollout] ep 184 (heldout_185): steps=5 success=True
[hybrid-rollout] ep 185 (heldout_186): steps=4 success=True
[hybrid-rollout] ep 186 (heldout_187): steps=5 success=True
[hybrid-rollout] ep 187 (heldout_188): steps=5 success=True
[hybrid-rollout] ep 188 (heldout_189): steps=5 success=True
[hybrid-rollout] ep 189 (heldout_190): steps=7 success=True
[hybrid-rollout] ep 190 (heldout_191): steps=4 success=True
[hybrid-rollout] ep 191 (heldout_192): steps=5 success=True
[hybrid-rollout] ep 192 (heldout_193): steps=60 success=False
[hybrid-rollout] ep 193 (heldout_194): steps=6 success=True
[hybrid-rollout] ep 194 (heldout_195): steps=5 success=True
[hybrid-rollout] ep 195 (heldout_196): steps=4 success=True
[hybrid-rollout] ep 196 (heldout_197): steps=5 success=True
[hybrid-rollout] ep 197 (heldout_198): steps=4 success=True
[hybrid-rollout] ep 198 (heldout_199): steps=4 success=True
[hybrid-rollout] ep 199 (heldout_200): steps=4 success=True
[hybrid-rollout] DONE successes=158/200
[19:51:58] [replay_p4] run 6 round 11: extras=11 heldout_sr=0.790
[19:51:58] [replay_p4] $ /home/s226137394/.conda/envs/maze/bin/python3 -u -m Equivariant_pathway.equivariant_CNN_hybrid.baseline_vs_p4.pool_x_selector.trainer.finetune_replay --demo_dir /weka/s226137394/DmNfull/Equivariant_pathway/equivariant_CNN_hybrid/baseline_vs_p4/pool_x_selector/results_hpsweep/e150_lr5e-05_rm0.5_do0/run_6/p4_top3_rotate/demos --checkpoint_dir /weka/s226137394/DmNfull/Equivariant_pathway/equivariant_CNN_hybrid/baseline_vs_p4/pool_x_selector/results_hpsweep/e150_lr5e-05_rm0.5_do0/run_6/p4_top3_rotate/checkpoints --epochs 150 --batch_size 64 --lr 5e-05 --weight_decay 0.0001 --replay_mix 0.5 --replay_mix_floor 0.2 --head_dropout 0.0 --seed 6 --resume --new_demos_dir /weka/s226137394/DmNfull/Equivariant_pathway/equivariant_CNN_hybrid/baseline_vs_p4/pool_x_selector/results_hpsweep/e150_lr5e-05_rm0.5_do0/run_6/p4_top3_rotate/demos/round_012
[finetune_replay] device=cuda demo_dir=/weka/s226137394/DmNfull/Equivariant_pathway/equivariant_CNN_hybrid/baseline_vs_p4/pool_x_selector/results_hpsweep/e150_lr5e-05_rm0.5_do0/run_6/p4_top3_rotate/demos new_demos_dir=/weka/s226137394/DmNfull/Equivariant_pathway/equivariant_CNN_hybrid/baseline_vs_p4/pool_x_selector/results_hpsweep/e150_lr5e-05_rm0.5_do0/run_6/p4_top3_rotate/demos/round_012
[hybrid-dataset] 31 demos -> 165 samples
[hybrid-dataset] 1 demos -> 4 samples
[finetune_replay] sampler audit: {'n_old_samples': 165, 'n_new_samples': 4, 'replay_mix_target': 0.5, 'replay_mix_effective': 0.5, 'replay_mix_floor': 0.2}
[finetune_replay] trainable params: 1,400,028
[finetune_replay] WARM START from last_hybrid_policy.pth
[finetune_replay] ep   1/150 | train loss=0.0741 top1=0.967 | val loss=0.0005 | t=0.9s  *
[finetune_replay] ep   2/150 | train loss=0.0193 top1=1.000 | val loss=0.0008 | t=0.2s
[finetune_replay] ep   3/150 | train loss=0.0031 top1=1.000 | val loss=0.0003 | t=0.1s  *
[finetune_replay] ep   4/150 | train loss=0.0021 top1=1.000 | val loss=0.0004 | t=0.2s
[finetune_replay] ep   5/150 | train loss=0.0024 top1=1.000 | val loss=0.0008 | t=0.1s
[finetune_replay] ep   6/150 | train loss=0.0017 top1=1.000 | val loss=0.0004 | t=0.2s
[finetune_replay] ep   7/150 | train loss=0.0025 top1=1.000 | val loss=0.0021 | t=0.1s
[finetune_replay] ep   8/150 | train loss=0.0034 top1=1.000 | val loss=0.0005 | t=0.1s
[finetune_replay] ep   9/150 | train loss=0.0007 top1=1.000 | val loss=0.0009 | t=0.1s
[finetune_replay] ep  10/150 | train loss=0.0009 top1=1.000 | val loss=0.0013 | t=0.1s
[finetune_replay] ep  11/150 | train loss=0.0008 top1=1.000 | val loss=0.0003 | t=0.2s  *
[finetune_replay] ep  12/150 | train loss=0.0011 top1=1.000 | val loss=0.0005 | t=0.1s
[finetune_replay] ep  13/150 | train loss=0.0008 top1=1.000 | val loss=0.0003 | t=0.1s
[finetune_replay] ep  14/150 | train loss=0.0010 top1=1.000 | val loss=0.0005 | t=0.1s
[finetune_replay] ep  15/150 | train loss=0.0006 top1=1.000 | val loss=0.0006 | t=0.1s
[finetune_replay] ep  16/150 | train loss=0.0009 top1=1.000 | val loss=0.0006 | t=0.1s
[finetune_replay] ep  17/150 | train loss=0.0020 top1=1.000 | val loss=0.0009 | t=0.1s
[finetune_replay] ep  18/150 | train loss=0.0009 top1=1.000 | val loss=0.0005 | t=0.1s
[finetune_replay] ep  19/150 | train loss=0.0019 top1=1.000 | val loss=0.0009 | t=0.1s
[finetune_replay] ep  20/150 | train loss=0.0010 top1=1.000 | val loss=0.0010 | t=0.1s
[finetune_replay] ep  21/150 | train loss=0.0011 top1=1.000 | val loss=0.0006 | t=0.1s
[finetune_replay] ep  22/150 | train loss=0.0019 top1=1.000 | val loss=0.0010 | t=0.1s
[finetune_replay] ep  23/150 | train loss=0.0009 top1=1.000 | val loss=0.0010 | t=0.1s
[finetune_replay] ep  24/150 | train loss=0.0007 top1=1.000 | val loss=0.0007 | t=0.1s
[finetune_replay] ep  25/150 | train loss=0.0004 top1=1.000 | val loss=0.0005 | t=0.1s
[finetune_replay] ep  26/150 | train loss=0.0003 top1=1.000 | val loss=0.0005 | t=0.1s
[finetune_replay] ep  27/150 | train loss=0.0004 top1=1.000 | val loss=0.0003 | t=0.1s
[finetune_replay] ep  28/150 | train loss=0.0003 top1=1.000 | val loss=0.0003 | t=0.1s
[finetune_replay] ep  29/150 | train loss=0.0003 top1=1.000 | val loss=0.0002 | t=0.1s  *
[finetune_replay] ep  30/150 | train loss=0.0002 top1=1.000 | val loss=0.0002 | t=0.1s  *
[finetune_replay] ep  31/150 | train loss=0.0002 top1=1.000 | val loss=0.0002 | t=0.1s
[finetune_replay] ep  32/150 | train loss=0.0003 top1=1.000 | val loss=0.0002 | t=0.1s
[finetune_replay] ep  33/150 | train loss=0.0002 top1=1.000 | val loss=0.0002 | t=0.2s
[finetune_replay] ep  34/150 | train loss=0.0002 top1=1.000 | val loss=0.0002 | t=0.1s
[finetune_replay] ep  35/150 | train loss=0.0002 top1=1.000 | val loss=0.0002 | t=0.1s
[finetune_replay] ep  36/150 | train loss=0.0002 top1=1.000 | val loss=0.0002 | t=0.1s
[finetune_replay] ep  37/150 | train loss=0.0002 top1=1.000 | val loss=0.0002 | t=0.1s
[finetune_replay] ep  38/150 | train loss=0.0002 top1=1.000 | val loss=0.0002 | t=0.1s
[finetune_replay] ep  39/150 | train loss=0.0002 top1=1.000 | val loss=0.0002 | t=0.1s
[finetune_replay] ep  40/150 | train loss=0.0001 top1=1.000 | val loss=0.0002 | t=0.1s
[finetune_replay] ep  41/150 | train loss=0.0002 top1=1.000 | val loss=0.0002 | t=0.1s
[finetune_replay] ep  42/150 | train loss=0.0001 top1=1.000 | val loss=0.0002 | t=0.1s
[finetune_replay] ep  43/150 | train loss=0.0001 top1=1.000 | val loss=0.0002 | t=0.1s
[finetune_replay] ep  44/150 | train loss=0.0002 top1=1.000 | val loss=0.0002 | t=0.1s
[finetune_replay] ep  45/150 | train loss=0.0002 top1=1.000 | val loss=0.0002 | t=0.1s
[finetune_replay] ep  46/150 | train loss=0.0002 top1=1.000 | val loss=0.0002 | t=0.1s
[finetune_replay] ep  47/150 | train loss=0.0002 top1=1.000 | val loss=0.0002 | t=0.1s  *
[finetune_replay] ep  48/150 | train loss=0.0002 top1=1.000 | val loss=0.0002 | t=0.1s
[finetune_replay] ep  49/150 | train loss=0.0001 top1=1.000 | val loss=0.0002 | t=0.1s
[finetune_replay] ep  50/150 | train loss=0.0002 top1=1.000 | val loss=0.0002 | t=0.1s
[finetune_replay] ep  51/150 | train loss=0.0002 top1=1.000 | val loss=0.0002 | t=0.1s
[finetune_replay] ep  52/150 | train loss=0.0002 top1=1.000 | val loss=0.0002 | t=0.1s
[finetune_replay] ep  53/150 | train loss=0.0002 top1=1.000 | val loss=0.0002 | t=0.1s
[finetune_replay] ep  54/150 | train loss=0.0002 top1=1.000 | val loss=0.0002 | t=0.1s
[finetune_replay] ep  55/150 | train loss=0.0002 top1=1.000 | val loss=0.0002 | t=0.2s
[finetune_replay] ep  56/150 | train loss=0.0001 top1=1.000 | val loss=0.0002 | t=0.1s
[finetune_replay] ep  57/150 | train loss=0.0001 top1=1.000 | val loss=0.0002 | t=0.1s
[finetune_replay] ep  58/150 | train loss=0.0002 top1=1.000 | val loss=0.0002 | t=0.1s
[finetune_replay] ep  59/150 | train loss=0.0001 top1=1.000 | val loss=0.0002 | t=0.1s
[finetune_replay] ep  60/150 | train loss=0.0001 top1=1.000 | val loss=0.0002 | t=0.1s
[finetune_replay] ep  61/150 | train loss=0.0001 top1=1.000 | val loss=0.0002 | t=0.1s
[finetune_replay] ep  62/150 | train loss=0.0002 top1=1.000 | val loss=0.0002 | t=0.1s
[finetune_replay] ep  63/150 | train loss=0.0002 top1=1.000 | val loss=0.0002 | t=0.1s
[finetune_replay] ep  64/150 | train loss=0.0001 top1=1.000 | val loss=0.0002 | t=0.1s
[finetune_replay] ep  65/150 | train loss=0.0001 top1=1.000 | val loss=0.0002 | t=0.1s
[finetune_replay] ep  66/150 | train loss=0.0002 top1=1.000 | val loss=0.0002 | t=0.1s  *
[finetune_replay] ep  67/150 | train loss=0.0001 top1=1.000 | val loss=0.0001 | t=0.1s  *
[finetune_replay] ep  68/150 | train loss=0.0002 top1=1.000 | val loss=0.0001 | t=0.1s  *
[finetune_replay] ep  69/150 | train loss=0.0001 top1=1.000 | val loss=0.0002 | t=0.1s
[finetune_replay] ep  70/150 | train loss=0.0001 top1=1.000 | val loss=0.0002 | t=0.1s
[finetune_replay] ep  71/150 | train loss=0.0001 top1=1.000 | val loss=0.0002 | t=0.1s
[finetune_replay] ep  72/150 | train loss=0.0001 top1=1.000 | val loss=0.0002 | t=0.1s
[finetune_replay] ep  73/150 | train loss=0.0001 top1=1.000 | val loss=0.0002 | t=0.1s
[finetune_replay] ep  74/150 | train loss=0.0001 top1=1.000 | val loss=0.0002 | t=0.1s
[finetune_replay] ep  75/150 | train loss=0.0001 top1=1.000 | val loss=0.0002 | t=0.1s
[finetune_replay] ep  76/150 | train loss=0.0001 top1=1.000 | val loss=0.0002 | t=0.1s
[finetune_replay] ep  77/150 | train loss=0.0001 top1=1.000 | val loss=0.0002 | t=0.1s
[finetune_replay] ep  78/150 | train loss=0.0001 top1=1.000 | val loss=0.0002 | t=0.1s
[finetune_replay] ep  79/150 | train loss=0.0001 top1=1.000 | val loss=0.0002 | t=0.2s
[finetune_replay] ep  80/150 | train loss=0.0001 top1=1.000 | val loss=0.0002 | t=0.1s
[finetune_replay] ep  81/150 | train loss=0.0001 top1=1.000 | val loss=0.0002 | t=0.1s
[finetune_replay] ep  82/150 | train loss=0.0001 top1=1.000 | val loss=0.0002 | t=0.1s
[finetune_replay] ep  83/150 | train loss=0.0001 top1=1.000 | val loss=0.0001 | t=0.1s
[finetune_replay] ep  84/150 | train loss=0.0001 top1=1.000 | val loss=0.0001 | t=0.1s
[finetune_replay] ep  85/150 | train loss=0.0001 top1=1.000 | val loss=0.0002 | t=0.1s
[finetune_replay] ep  86/150 | train loss=0.0001 top1=1.000 | val loss=0.0002 | t=0.1s
[finetune_replay] ep  87/150 | train loss=0.0001 top1=1.000 | val loss=0.0002 | t=0.1s
[finetune_replay] ep  88/150 | train loss=0.0001 top1=1.000 | val loss=0.0002 | t=0.1s
[finetune_replay] ep  89/150 | train loss=0.0001 top1=1.000 | val loss=0.0002 | t=0.1s
[finetune_replay] ep  90/150 | train loss=0.0001 top1=1.000 | val loss=0.0002 | t=0.1s
[finetune_replay] ep  91/150 | train loss=0.0001 top1=1.000 | val loss=0.0002 | t=0.1s
[finetune_replay] ep  92/150 | train loss=0.0001 top1=1.000 | val loss=0.0001 | t=0.1s
[finetune_replay] ep  93/150 | train loss=0.0001 top1=1.000 | val loss=0.0002 | t=0.1s
[finetune_replay] ep  94/150 | train loss=0.0001 top1=1.000 | val loss=0.0002 | t=0.1s
[finetune_replay] ep  95/150 | train loss=0.0001 top1=1.000 | val loss=0.0002 | t=0.1s
[finetune_replay] ep  96/150 | train loss=0.0001 top1=1.000 | val loss=0.0002 | t=0.2s
[finetune_replay] ep  97/150 | train loss=0.0001 top1=1.000 | val loss=0.0002 | t=0.1s
[finetune_replay] ep  98/150 | train loss=0.0001 top1=1.000 | val loss=0.0002 | t=0.1s
[finetune_replay] ep  99/150 | train loss=0.0001 top1=1.000 | val loss=0.0002 | t=0.1s
[finetune_replay] ep 100/150 | train loss=0.0001 top1=1.000 | val loss=0.0002 | t=0.1s
[finetune_replay] ep 101/150 | train loss=0.0001 top1=1.000 | val loss=0.0002 | t=0.1s
[finetune_replay] ep 102/150 | train loss=0.0001 top1=1.000 | val loss=0.0001 | t=0.1s
[finetune_replay] ep 103/150 | train loss=0.0001 top1=1.000 | val loss=0.0001 | t=0.1s
[finetune_replay] ep 104/150 | train loss=0.0001 top1=1.000 | val loss=0.0002 | t=0.1s
[finetune_replay] ep 105/150 | train loss=0.0001 top1=1.000 | val loss=0.0002 | t=0.1s
[finetune_replay] ep 106/150 | train loss=0.0001 top1=1.000 | val loss=0.0002 | t=0.1s
[finetune_replay] ep 107/150 | train loss=0.0001 top1=1.000 | val loss=0.0002 | t=0.1s
[finetune_replay] ep 108/150 | train loss=0.0001 top1=1.000 | val loss=0.0002 | t=0.1s
[finetune_replay] ep 109/150 | train loss=0.0001 top1=1.000 | val loss=0.0002 | t=0.1s
[finetune_replay] ep 110/150 | train loss=0.0001 top1=1.000 | val loss=0.0002 | t=0.1s
[finetune_replay] ep 111/150 | train loss=0.0001 top1=1.000 | val loss=0.0002 | t=0.1s
[finetune_replay] ep 112/150 | train loss=0.0001 top1=1.000 | val loss=0.0002 | t=0.1s
[finetune_replay] ep 113/150 | train loss=0.0001 top1=1.000 | val loss=0.0001 | t=0.1s
[finetune_replay] ep 114/150 | train loss=0.0001 top1=1.000 | val loss=0.0001 | t=0.1s
[finetune_replay] ep 115/150 | train loss=0.0001 top1=1.000 | val loss=0.0002 | t=0.1s
[finetune_replay] ep 116/150 | train loss=0.0001 top1=1.000 | val loss=0.0001 | t=0.1s
[finetune_replay] ep 117/150 | train loss=0.0001 top1=1.000 | val loss=0.0001 | t=0.1s
[finetune_replay] ep 118/150 | train loss=0.0001 top1=1.000 | val loss=0.0001 | t=0.1s
[finetune_replay] ep 119/150 | train loss=0.0001 top1=1.000 | val loss=0.0001 | t=0.1s
[finetune_replay] ep 120/150 | train loss=0.0001 top1=1.000 | val loss=0.0001 | t=0.2s
[finetune_replay] ep 121/150 | train loss=0.0001 top1=1.000 | val loss=0.0002 | t=0.1s
[finetune_replay] ep 122/150 | train loss=0.0001 top1=1.000 | val loss=0.0002 | t=0.1s
[finetune_replay] ep 123/150 | train loss=0.0001 top1=1.000 | val loss=0.0002 | t=0.1s
[finetune_replay] ep 124/150 | train loss=0.0001 top1=1.000 | val loss=0.0002 | t=0.1s
[finetune_replay] ep 125/150 | train loss=0.0001 top1=1.000 | val loss=0.0001 | t=0.1s
[finetune_replay] ep 126/150 | train loss=0.0001 top1=1.000 | val loss=0.0001 | t=0.1s
[finetune_replay] ep 127/150 | train loss=0.0001 top1=1.000 | val loss=0.0002 | t=0.1s
[finetune_replay] ep 128/150 | train loss=0.0001 top1=1.000 | val loss=0.0002 | t=0.1s
[finetune_replay] ep 129/150 | train loss=0.0001 top1=1.000 | val loss=0.0002 | t=0.1s
[finetune_replay] ep 130/150 | train loss=0.0001 top1=1.000 | val loss=0.0002 | t=0.1s
[finetune_replay] ep 131/150 | train loss=0.0001 top1=1.000 | val loss=0.0002 | t=0.1s
[finetune_replay] ep 132/150 | train loss=0.0001 top1=1.000 | val loss=0.0002 | t=0.1s
[finetune_replay] ep 133/150 | train loss=0.0001 top1=1.000 | val loss=0.0002 | t=0.1s
[finetune_replay] ep 134/150 | train loss=0.0001 top1=1.000 | val loss=0.0001 | t=0.1s
[finetune_replay] ep 135/150 | train loss=0.0001 top1=1.000 | val loss=0.0001 | t=0.1s
[finetune_replay] ep 136/150 | train loss=0.0001 top1=1.000 | val loss=0.0001 | t=0.1s
[finetune_replay] ep 137/150 | train loss=0.0001 top1=1.000 | val loss=0.0002 | t=0.1s
[finetune_replay] ep 138/150 | train loss=0.0001 top1=1.000 | val loss=0.0002 | t=0.1s
[finetune_replay] ep 139/150 | train loss=0.0001 top1=1.000 | val loss=0.0001 | t=0.1s
[finetune_replay] ep 140/150 | train loss=0.0001 top1=1.000 | val loss=0.0001 | t=0.1s
[finetune_replay] ep 141/150 | train loss=0.0001 top1=1.000 | val loss=0.0002 | t=0.1s
[finetune_replay] ep 142/150 | train loss=0.0001 top1=1.000 | val loss=0.0002 | t=0.1s
[finetune_replay] ep 143/150 | train loss=0.0001 top1=1.000 | val loss=0.0002 | t=0.1s
[finetune_replay] ep 144/150 | train loss=0.0001 top1=1.000 | val loss=0.0002 | t=0.1s
[finetune_replay] ep 145/150 | train loss=0.0001 top1=1.000 | val loss=0.0002 | t=0.1s
[finetune_replay] ep 146/150 | train loss=0.0001 top1=1.000 | val loss=0.0002 | t=0.1s
[finetune_replay] ep 147/150 | train loss=0.0001 top1=1.000 | val loss=0.0001 | t=0.1s
[finetune_replay] ep 148/150 | train loss=0.0001 top1=1.000 | val loss=0.0001 | t=0.1s
[finetune_replay] ep 149/150 | train loss=0.0001 top1=1.000 | val loss=0.0002 | t=0.1s
[finetune_replay] ep 150/150 | train loss=0.0001 top1=1.000 | val loss=0.0001 | t=0.1s
[finetune_replay] DONE best_val_loss=0.0001 @ epoch 68
[19:52:35] [bo-budget] $ /home/s226137394/.conda/envs/maze/bin/python3 -u -m Equivariant_pathway.equivariant_CNN_hybrid.rollout_test --checkpoint /weka/s226137394/DmNfull/Equivariant_pathway/equivariant_CNN_hybrid/baseline_vs_p4/pool_x_selector/results_hpsweep/e150_lr5e-05_rm0.5_do0/run_6/p4_top3_rotate/checkpoints/best_hybrid_policy.pth --layouts /weka/s226137394/DmNfull/Equivariant_pathway/equivariant_CNN_hybrid/baseline_vs_p4/shared/heldout_layouts.yaml --out_dir /weka/s226137394/DmNfull/Equivariant_pathway/equivariant_CNN_hybrid/baseline_vs_p4/pool_x_selector/results_hpsweep/e150_lr5e-05_rm0.5_do0/run_6/p4_top3_rotate/results/eval_round_012 --seed 18 --max_steps 60
[hybrid-rollout] 200 unique; running 200 eps
[hybrid-rollout] loaded /weka/s226137394/DmNfull/Equivariant_pathway/equivariant_CNN_hybrid/baseline_vs_p4/pool_x_selector/results_hpsweep/e150_lr5e-05_rm0.5_do0/run_6/p4_top3_rotate/checkpoints/best_hybrid_policy.pth
[hybrid-rollout] ep 0 (heldout_001): steps=5 success=True
[hybrid-rollout] ep 1 (heldout_002): steps=4 success=True
[hybrid-rollout] ep 2 (heldout_003): steps=4 success=True
[hybrid-rollout] ep 3 (heldout_004): steps=6 success=True
[hybrid-rollout] ep 4 (heldout_005): steps=5 success=True
[hybrid-rollout] ep 5 (heldout_006): steps=3 success=False
[hybrid-rollout] ep 6 (heldout_007): steps=5 success=True
[hybrid-rollout] ep 7 (heldout_008): steps=4 success=True
[hybrid-rollout] ep 8 (heldout_009): steps=6 success=True
[hybrid-rollout] ep 9 (heldout_010): steps=8 success=True
[hybrid-rollout] ep 10 (heldout_011): steps=4 success=True
[hybrid-rollout] ep 11 (heldout_012): steps=4 success=True
[hybrid-rollout] ep 12 (heldout_013): steps=5 success=True
[hybrid-rollout] ep 13 (heldout_014): steps=5 success=True
[hybrid-rollout] ep 14 (heldout_015): steps=4 success=True
[hybrid-rollout] ep 15 (heldout_016): steps=5 success=True
[hybrid-rollout] ep 16 (heldout_017): steps=4 success=True
[hybrid-rollout] ep 17 (heldout_018): steps=60 success=False
[hybrid-rollout] ep 18 (heldout_019): steps=5 success=True
[hybrid-rollout] ep 19 (heldout_020): steps=5 success=True
[hybrid-rollout] ep 20 (heldout_021): steps=4 success=True
[hybrid-rollout] ep 21 (heldout_022): steps=4 success=True
[hybrid-rollout] ep 22 (heldout_023): steps=7 success=True
[hybrid-rollout] ep 23 (heldout_024): steps=60 success=False
[hybrid-rollout] ep 24 (heldout_025): steps=4 success=True
[hybrid-rollout] ep 25 (heldout_026): steps=4 success=True
[hybrid-rollout] ep 26 (heldout_027): steps=4 success=True
[hybrid-rollout] ep 27 (heldout_028): steps=4 success=True
[hybrid-rollout] ep 28 (heldout_029): steps=5 success=True
[hybrid-rollout] ep 29 (heldout_030): steps=5 success=True
[hybrid-rollout] ep 30 (heldout_031): steps=5 success=True
[hybrid-rollout] ep 31 (heldout_032): steps=7 success=True
[hybrid-rollout] ep 32 (heldout_033): steps=4 success=True
[hybrid-rollout] ep 33 (heldout_034): steps=5 success=True
[hybrid-rollout] ep 34 (heldout_035): steps=6 success=True
[hybrid-rollout] ep 35 (heldout_036): steps=5 success=True
[hybrid-rollout] ep 36 (heldout_037): steps=4 success=True
[hybrid-rollout] ep 37 (heldout_038): steps=5 success=True
[hybrid-rollout] ep 38 (heldout_039): steps=6 success=True
[hybrid-rollout] ep 39 (heldout_040): steps=5 success=True
[hybrid-rollout] ep 40 (heldout_041): steps=60 success=False
[hybrid-rollout] ep 41 (heldout_042): steps=4 success=True
[hybrid-rollout] ep 42 (heldout_043): steps=4 success=True
[hybrid-rollout] ep 43 (heldout_044): steps=5 success=True
[hybrid-rollout] ep 44 (heldout_045): steps=5 success=True
[hybrid-rollout] ep 45 (heldout_046): steps=4 success=True
[hybrid-rollout] ep 46 (heldout_047): steps=4 success=True
[hybrid-rollout] ep 47 (heldout_048): steps=6 success=True
[hybrid-rollout] ep 48 (heldout_049): steps=5 success=True
[hybrid-rollout] ep 49 (heldout_050): steps=4 success=True
[hybrid-rollout] ep 50 (heldout_051): steps=4 success=True
[hybrid-rollout] ep 51 (heldout_052): steps=4 success=True
[hybrid-rollout] ep 52 (heldout_053): steps=6 success=True
[hybrid-rollout] ep 53 (heldout_054): steps=4 success=True
[hybrid-rollout] ep 54 (heldout_055): steps=60 success=False
[hybrid-rollout] ep 55 (heldout_056): steps=4 success=True
[hybrid-rollout] ep 56 (heldout_057): steps=4 success=True
[hybrid-rollout] ep 57 (heldout_058): steps=4 success=True
[hybrid-rollout] ep 58 (heldout_059): steps=5 success=True
[hybrid-rollout] ep 59 (heldout_060): steps=6 success=True
[hybrid-rollout] ep 60 (heldout_061): steps=5 success=True
[hybrid-rollout] ep 61 (heldout_062): steps=6 success=True
[hybrid-rollout] ep 62 (heldout_063): steps=5 success=True
[hybrid-rollout] ep 63 (heldout_064): steps=4 success=True
[hybrid-rollout] ep 64 (heldout_065): steps=7 success=True
[hybrid-rollout] ep 65 (heldout_066): steps=6 success=True
[hybrid-rollout] ep 66 (heldout_067): steps=5 success=True
[hybrid-rollout] ep 67 (heldout_068): steps=4 success=True
[hybrid-rollout] ep 68 (heldout_069): steps=4 success=True
[hybrid-rollout] ep 69 (heldout_070): steps=7 success=True
[hybrid-rollout] ep 70 (heldout_071): steps=5 success=True
[hybrid-rollout] ep 71 (heldout_072): steps=5 success=True
[hybrid-rollout] ep 72 (heldout_073): steps=3 success=False
[hybrid-rollout] ep 73 (heldout_074): steps=4 success=True
[hybrid-rollout] ep 74 (heldout_075): steps=5 success=True
[hybrid-rollout] ep 75 (heldout_076): steps=7 success=True
[hybrid-rollout] ep 76 (heldout_077): steps=4 success=True
[hybrid-rollout] ep 77 (heldout_078): steps=3 success=False
[hybrid-rollout] ep 78 (heldout_079): steps=4 success=True
[hybrid-rollout] ep 79 (heldout_080): steps=4 success=True
[hybrid-rollout] ep 80 (heldout_081): steps=5 success=True
[hybrid-rollout] ep 81 (heldout_082): steps=5 success=True
[hybrid-rollout] ep 82 (heldout_083): steps=4 success=True
[hybrid-rollout] ep 83 (heldout_084): steps=5 success=True
[hybrid-rollout] ep 84 (heldout_085): steps=60 success=False
[hybrid-rollout] ep 85 (heldout_086): steps=6 success=True
[hybrid-rollout] ep 86 (heldout_087): steps=7 success=True
[hybrid-rollout] ep 87 (heldout_088): steps=4 success=True
[hybrid-rollout] ep 88 (heldout_089): steps=3 success=False
[hybrid-rollout] ep 89 (heldout_090): steps=4 success=True
[hybrid-rollout] ep 90 (heldout_091): steps=4 success=False
[hybrid-rollout] ep 91 (heldout_092): steps=5 success=True
[hybrid-rollout] ep 92 (heldout_093): steps=6 success=True
[hybrid-rollout] ep 93 (heldout_094): steps=6 success=True
[hybrid-rollout] ep 94 (heldout_095): steps=7 success=True
[hybrid-rollout] ep 95 (heldout_096): steps=5 success=True
[hybrid-rollout] ep 96 (heldout_097): steps=5 success=True
[hybrid-rollout] ep 97 (heldout_098): steps=5 success=True
[hybrid-rollout] ep 98 (heldout_099): steps=6 success=True
[hybrid-rollout] ep 99 (heldout_100): steps=60 success=False
[hybrid-rollout] ep 100 (heldout_101): steps=4 success=True
[hybrid-rollout] ep 101 (heldout_102): steps=4 success=True
[hybrid-rollout] ep 102 (heldout_103): steps=60 success=False
[hybrid-rollout] ep 103 (heldout_104): steps=6 success=True
[hybrid-rollout] ep 104 (heldout_105): steps=6 success=True
[hybrid-rollout] ep 105 (heldout_106): steps=6 success=True
[hybrid-rollout] ep 106 (heldout_107): steps=4 success=True
[hybrid-rollout] ep 107 (heldout_108): steps=4 success=True
[hybrid-rollout] ep 108 (heldout_109): steps=4 success=True
[hybrid-rollout] ep 109 (heldout_110): steps=4 success=True
[hybrid-rollout] ep 110 (heldout_111): steps=6 success=True
[hybrid-rollout] ep 111 (heldout_112): steps=5 success=True
[hybrid-rollout] ep 112 (heldout_113): steps=5 success=True
[hybrid-rollout] ep 113 (heldout_114): steps=60 success=False
[hybrid-rollout] ep 114 (heldout_115): steps=4 success=True
[hybrid-rollout] ep 115 (heldout_116): steps=5 success=True
[hybrid-rollout] ep 116 (heldout_117): steps=5 success=True
[hybrid-rollout] ep 117 (heldout_118): steps=9 success=True
[hybrid-rollout] ep 118 (heldout_119): steps=4 success=True
[hybrid-rollout] ep 119 (heldout_120): steps=7 success=True
[hybrid-rollout] ep 120 (heldout_121): steps=4 success=True
[hybrid-rollout] ep 121 (heldout_122): steps=4 success=True
[hybrid-rollout] ep 122 (heldout_123): steps=6 success=True
[hybrid-rollout] ep 123 (heldout_124): steps=8 success=True
[hybrid-rollout] ep 124 (heldout_125): steps=4 success=True
[hybrid-rollout] ep 125 (heldout_126): steps=4 success=True
[hybrid-rollout] ep 126 (heldout_127): steps=4 success=False
[hybrid-rollout] ep 127 (heldout_128): steps=7 success=True
[hybrid-rollout] ep 128 (heldout_129): steps=60 success=False
[hybrid-rollout] ep 129 (heldout_130): steps=4 success=True
[hybrid-rollout] ep 130 (heldout_131): steps=5 success=False
[hybrid-rollout] ep 131 (heldout_132): steps=4 success=True
[hybrid-rollout] ep 132 (heldout_133): steps=4 success=True
[hybrid-rollout] ep 133 (heldout_134): steps=60 success=False
[hybrid-rollout] ep 134 (heldout_135): steps=6 success=True
[hybrid-rollout] ep 135 (heldout_136): steps=5 success=True
[hybrid-rollout] ep 136 (heldout_137): steps=60 success=False
[hybrid-rollout] ep 137 (heldout_138): steps=4 success=True
[hybrid-rollout] ep 138 (heldout_139): steps=4 success=True
[hybrid-rollout] ep 139 (heldout_140): steps=5 success=True
[hybrid-rollout] ep 140 (heldout_141): steps=5 success=True
[hybrid-rollout] ep 141 (heldout_142): steps=4 success=True
[hybrid-rollout] ep 142 (heldout_143): steps=6 success=True
[hybrid-rollout] ep 143 (heldout_144): steps=4 success=True
[hybrid-rollout] ep 144 (heldout_145): steps=5 success=True
[hybrid-rollout] ep 145 (heldout_146): steps=7 success=True
[hybrid-rollout] ep 146 (heldout_147): steps=4 success=True
[hybrid-rollout] ep 147 (heldout_148): steps=60 success=False
[hybrid-rollout] ep 148 (heldout_149): steps=5 success=True
[hybrid-rollout] ep 149 (heldout_150): steps=4 success=True
[hybrid-rollout] ep 150 (heldout_151): steps=5 success=True
[hybrid-rollout] ep 151 (heldout_152): steps=6 success=True
[hybrid-rollout] ep 152 (heldout_153): steps=5 success=True
[hybrid-rollout] ep 153 (heldout_154): steps=60 success=False
[hybrid-rollout] ep 154 (heldout_155): steps=6 success=True
[hybrid-rollout] ep 155 (heldout_156): steps=8 success=True
[hybrid-rollout] ep 156 (heldout_157): steps=4 success=True
[hybrid-rollout] ep 157 (heldout_158): steps=3 success=False
[hybrid-rollout] ep 158 (heldout_159): steps=6 success=True
[hybrid-rollout] ep 159 (heldout_160): steps=4 success=True
[hybrid-rollout] ep 160 (heldout_161): steps=60 success=False
[hybrid-rollout] ep 161 (heldout_162): steps=5 success=True
[hybrid-rollout] ep 162 (heldout_163): steps=4 success=True
[hybrid-rollout] ep 163 (heldout_164): steps=4 success=True
[hybrid-rollout] ep 164 (heldout_165): steps=5 success=True
[hybrid-rollout] ep 165 (heldout_166): steps=60 success=False
[hybrid-rollout] ep 166 (heldout_167): steps=4 success=True
[hybrid-rollout] ep 167 (heldout_168): steps=4 success=True
[hybrid-rollout] ep 168 (heldout_169): steps=6 success=True
[hybrid-rollout] ep 169 (heldout_170): steps=5 success=False
[hybrid-rollout] ep 170 (heldout_171): steps=4 success=True
[hybrid-rollout] ep 171 (heldout_172): steps=5 success=True
[hybrid-rollout] ep 172 (heldout_173): steps=4 success=True
[hybrid-rollout] ep 173 (heldout_174): steps=5 success=True
[hybrid-rollout] ep 174 (heldout_175): steps=5 success=True
[hybrid-rollout] ep 175 (heldout_176): steps=6 success=True
[hybrid-rollout] ep 176 (heldout_177): steps=6 success=True
[hybrid-rollout] ep 177 (heldout_178): steps=5 success=True
[hybrid-rollout] ep 178 (heldout_179): steps=5 success=True
[hybrid-rollout] ep 179 (heldout_180): steps=4 success=True
[hybrid-rollout] ep 180 (heldout_181): steps=5 success=True
[hybrid-rollout] ep 181 (heldout_182): steps=4 success=True
[hybrid-rollout] ep 182 (heldout_183): steps=5 success=True
[hybrid-rollout] ep 183 (heldout_184): steps=7 success=True
[hybrid-rollout] ep 184 (heldout_185): steps=5 success=True
[hybrid-rollout] ep 185 (heldout_186): steps=4 success=True
[hybrid-rollout] ep 186 (heldout_187): steps=5 success=True
[hybrid-rollout] ep 187 (heldout_188): steps=5 success=True
[hybrid-rollout] ep 188 (heldout_189): steps=60 success=False
[hybrid-rollout] ep 189 (heldout_190): steps=7 success=True
[hybrid-rollout] ep 190 (heldout_191): steps=4 success=True
[hybrid-rollout] ep 191 (heldout_192): steps=5 success=True
[hybrid-rollout] ep 192 (heldout_193): steps=7 success=True
[hybrid-rollout] ep 193 (heldout_194): steps=6 success=True
[hybrid-rollout] ep 194 (heldout_195): steps=5 success=True
[hybrid-rollout] ep 195 (heldout_196): steps=4 success=True
[hybrid-rollout] ep 196 (heldout_197): steps=5 success=True
[hybrid-rollout] ep 197 (heldout_198): steps=4 success=True
[hybrid-rollout] ep 198 (heldout_199): steps=4 success=True
[hybrid-rollout] ep 199 (heldout_200): steps=4 success=True
[hybrid-rollout] DONE successes=175/200
[19:53:40] [replay_p4] run 6 round 12: extras=12 heldout_sr=0.875
[19:53:40] [replay_p4] $ /home/s226137394/.conda/envs/maze/bin/python3 -u -m Equivariant_pathway.equivariant_CNN_hybrid.baseline_vs_p4.pool_x_selector.trainer.finetune_replay --demo_dir /weka/s226137394/DmNfull/Equivariant_pathway/equivariant_CNN_hybrid/baseline_vs_p4/pool_x_selector/results_hpsweep/e150_lr5e-05_rm0.5_do0/run_6/p4_top3_rotate/demos --checkpoint_dir /weka/s226137394/DmNfull/Equivariant_pathway/equivariant_CNN_hybrid/baseline_vs_p4/pool_x_selector/results_hpsweep/e150_lr5e-05_rm0.5_do0/run_6/p4_top3_rotate/checkpoints --epochs 150 --batch_size 64 --lr 5e-05 --weight_decay 0.0001 --replay_mix 0.5 --replay_mix_floor 0.2 --head_dropout 0.0 --seed 6 --resume --new_demos_dir /weka/s226137394/DmNfull/Equivariant_pathway/equivariant_CNN_hybrid/baseline_vs_p4/pool_x_selector/results_hpsweep/e150_lr5e-05_rm0.5_do0/run_6/p4_top3_rotate/demos/round_013
[finetune_replay] device=cuda demo_dir=/weka/s226137394/DmNfull/Equivariant_pathway/equivariant_CNN_hybrid/baseline_vs_p4/pool_x_selector/results_hpsweep/e150_lr5e-05_rm0.5_do0/run_6/p4_top3_rotate/demos new_demos_dir=/weka/s226137394/DmNfull/Equivariant_pathway/equivariant_CNN_hybrid/baseline_vs_p4/pool_x_selector/results_hpsweep/e150_lr5e-05_rm0.5_do0/run_6/p4_top3_rotate/demos/round_013
[hybrid-dataset] 32 demos -> 169 samples
[hybrid-dataset] 1 demos -> 6 samples
[finetune_replay] sampler audit: {'n_old_samples': 169, 'n_new_samples': 6, 'replay_mix_target': 0.5, 'replay_mix_effective': 0.5, 'replay_mix_floor': 0.2}
[finetune_replay] trainable params: 1,400,028
[finetune_replay] WARM START from last_hybrid_policy.pth
[finetune_replay] ep   1/150 | train loss=0.1236 top1=1.000 | val loss=0.0675 | t=1.0s  *
[finetune_replay] ep   2/150 | train loss=0.0150 top1=1.000 | val loss=0.0027 | t=0.2s  *
[finetune_replay] ep   3/150 | train loss=0.0198 top1=1.000 | val loss=0.0019 | t=0.2s  *
[finetune_replay] ep   4/150 | train loss=0.0082 top1=1.000 | val loss=0.0032 | t=0.1s
[finetune_replay] ep   5/150 | train loss=0.0042 top1=1.000 | val loss=0.0073 | t=0.1s
[finetune_replay] ep   6/150 | train loss=0.0016 top1=1.000 | val loss=0.0160 | t=0.1s
[finetune_replay] ep   7/150 | train loss=0.0024 top1=1.000 | val loss=0.0067 | t=0.2s
[finetune_replay] ep   8/150 | train loss=0.0016 top1=1.000 | val loss=0.0012 | t=0.2s  *
[finetune_replay] ep   9/150 | train loss=0.0008 top1=1.000 | val loss=0.0010 | t=0.1s  *
[finetune_replay] ep  10/150 | train loss=0.0011 top1=1.000 | val loss=0.0007 | t=0.1s  *
[finetune_replay] ep  11/150 | train loss=0.0004 top1=1.000 | val loss=0.0013 | t=0.1s
[finetune_replay] ep  12/150 | train loss=0.0010 top1=1.000 | val loss=0.0008 | t=0.1s
[finetune_replay] ep  13/150 | train loss=0.0004 top1=1.000 | val loss=0.0005 | t=0.1s  *
[finetune_replay] ep  14/150 | train loss=0.0004 top1=1.000 | val loss=0.0005 | t=0.1s
[finetune_replay] ep  15/150 | train loss=0.0007 top1=1.000 | val loss=0.0007 | t=0.1s
[finetune_replay] ep  16/150 | train loss=0.0005 top1=1.000 | val loss=0.0005 | t=0.1s
[finetune_replay] ep  17/150 | train loss=0.0004 top1=1.000 | val loss=0.0005 | t=0.1s  *
[finetune_replay] ep  18/150 | train loss=0.0004 top1=1.000 | val loss=0.0005 | t=0.1s  *
[finetune_replay] ep  19/150 | train loss=0.0003 top1=1.000 | val loss=0.0005 | t=0.1s
[finetune_replay] ep  20/150 | train loss=0.0003 top1=1.000 | val loss=0.0005 | t=0.1s
[finetune_replay] ep  21/150 | train loss=0.0003 top1=1.000 | val loss=0.0005 | t=0.1s
[finetune_replay] ep  22/150 | train loss=0.0003 top1=1.000 | val loss=0.0004 | t=0.1s  *
[finetune_replay] ep  23/150 | train loss=0.0003 top1=1.000 | val loss=0.0004 | t=0.1s  *
[finetune_replay] ep  24/150 | train loss=0.0002 top1=1.000 | val loss=0.0004 | t=0.1s
[finetune_replay] ep  25/150 | train loss=0.0002 top1=1.000 | val loss=0.0004 | t=0.1s
[finetune_replay] ep  26/150 | train loss=0.0002 top1=1.000 | val loss=0.0004 | t=0.1s
[finetune_replay] ep  27/150 | train loss=0.0002 top1=1.000 | val loss=0.0004 | t=0.1s  *
[finetune_replay] ep  28/150 | train loss=0.0002 top1=1.000 | val loss=0.0004 | t=0.1s
[finetune_replay] ep  29/150 | train loss=0.0002 top1=1.000 | val loss=0.0004 | t=0.1s  *
[finetune_replay] ep  30/150 | train loss=0.0003 top1=1.000 | val loss=0.0004 | t=0.2s
[finetune_replay] ep  31/150 | train loss=0.0003 top1=1.000 | val loss=0.0004 | t=0.1s
[finetune_replay] ep  32/150 | train loss=0.0002 top1=1.000 | val loss=0.0004 | t=0.1s
[finetune_replay] ep  33/150 | train loss=0.0003 top1=1.000 | val loss=0.0004 | t=0.1s  *
[finetune_replay] ep  34/150 | train loss=0.0002 top1=1.000 | val loss=0.0004 | t=0.1s  *
[finetune_replay] ep  35/150 | train loss=0.0002 top1=1.000 | val loss=0.0004 | t=0.1s
[finetune_replay] ep  36/150 | train loss=0.0002 top1=1.000 | val loss=0.0004 | t=0.1s  *
[finetune_replay] ep  37/150 | train loss=0.0002 top1=1.000 | val loss=0.0004 | t=0.1s
[finetune_replay] ep  38/150 | train loss=0.0002 top1=1.000 | val loss=0.0004 | t=0.1s
[finetune_replay] ep  39/150 | train loss=0.0002 top1=1.000 | val loss=0.0004 | t=0.1s  *
[finetune_replay] ep  40/150 | train loss=0.0002 top1=1.000 | val loss=0.0004 | t=0.1s  *
[finetune_replay] ep  41/150 | train loss=0.0002 top1=1.000 | val loss=0.0004 | t=0.1s
[finetune_replay] ep  42/150 | train loss=0.0002 top1=1.000 | val loss=0.0004 | t=0.1s
[finetune_replay] ep  43/150 | train loss=0.0002 top1=1.000 | val loss=0.0004 | t=0.1s  *
[finetune_replay] ep  44/150 | train loss=0.0002 top1=1.000 | val loss=0.0004 | t=0.1s  *
[finetune_replay] ep  45/150 | train loss=0.0002 top1=1.000 | val loss=0.0004 | t=0.1s
[finetune_replay] ep  46/150 | train loss=0.0002 top1=1.000 | val loss=0.0004 | t=0.1s
[finetune_replay] ep  47/150 | train loss=0.0001 top1=1.000 | val loss=0.0004 | t=0.1s  *
[finetune_replay] ep  48/150 | train loss=0.0002 top1=1.000 | val loss=0.0004 | t=0.1s  *
[finetune_replay] ep  49/150 | train loss=0.0002 top1=1.000 | val loss=0.0004 | t=0.1s
[finetune_replay] ep  50/150 | train loss=0.0002 top1=1.000 | val loss=0.0004 | t=0.1s
[finetune_replay] ep  51/150 | train loss=0.0002 top1=1.000 | val loss=0.0004 | t=0.1s
[finetune_replay] ep  52/150 | train loss=0.0001 top1=1.000 | val loss=0.0004 | t=0.1s
[finetune_replay] ep  53/150 | train loss=0.0002 top1=1.000 | val loss=0.0004 | t=0.1s
[finetune_replay] ep  54/150 | train loss=0.0002 top1=1.000 | val loss=0.0004 | t=0.1s  *
[finetune_replay] ep  55/150 | train loss=0.0002 top1=1.000 | val loss=0.0004 | t=0.1s
[finetune_replay] ep  56/150 | train loss=0.0001 top1=1.000 | val loss=0.0004 | t=0.1s  *
[finetune_replay] ep  57/150 | train loss=0.0001 top1=1.000 | val loss=0.0004 | t=0.1s
[finetune_replay] ep  58/150 | train loss=0.0001 top1=1.000 | val loss=0.0004 | t=0.1s
[finetune_replay] ep  59/150 | train loss=0.0002 top1=1.000 | val loss=0.0004 | t=0.2s
[finetune_replay] ep  60/150 | train loss=0.0002 top1=1.000 | val loss=0.0004 | t=0.1s
[finetune_replay] ep  61/150 | train loss=0.0002 top1=1.000 | val loss=0.0004 | t=0.1s
[finetune_replay] ep  62/150 | train loss=0.0001 top1=1.000 | val loss=0.0004 | t=0.1s
[finetune_replay] ep  63/150 | train loss=0.0001 top1=1.000 | val loss=0.0004 | t=0.1s
[finetune_replay] ep  64/150 | train loss=0.0001 top1=1.000 | val loss=0.0004 | t=0.1s
[finetune_replay] ep  65/150 | train loss=0.0001 top1=1.000 | val loss=0.0004 | t=0.1s  *
[finetune_replay] ep  66/150 | train loss=0.0001 top1=1.000 | val loss=0.0003 | t=0.1s  *
[finetune_replay] ep  67/150 | train loss=0.0001 top1=1.000 | val loss=0.0004 | t=0.1s
[finetune_replay] ep  68/150 | train loss=0.0001 top1=1.000 | val loss=0.0003 | t=0.2s
[finetune_replay] ep  69/150 | train loss=0.0001 top1=1.000 | val loss=0.0003 | t=0.1s  *
[finetune_replay] ep  70/150 | train loss=0.0001 top1=1.000 | val loss=0.0003 | t=0.1s
[finetune_replay] ep  71/150 | train loss=0.0001 top1=1.000 | val loss=0.0003 | t=0.1s
[finetune_replay] ep  72/150 | train loss=0.0001 top1=1.000 | val loss=0.0003 | t=0.1s
[finetune_replay] ep  73/150 | train loss=0.0001 top1=1.000 | val loss=0.0003 | t=0.2s
[finetune_replay] ep  74/150 | train loss=0.0001 top1=1.000 | val loss=0.0003 | t=0.1s  *
[finetune_replay] ep  75/150 | train loss=0.0001 top1=1.000 | val loss=0.0003 | t=0.1s
[finetune_replay] ep  76/150 | train loss=0.0001 top1=1.000 | val loss=0.0003 | t=0.1s
[finetune_replay] ep  77/150 | train loss=0.0001 top1=1.000 | val loss=0.0003 | t=0.1s  *
[finetune_replay] ep  78/150 | train loss=0.0001 top1=1.000 | val loss=0.0003 | t=0.1s
[finetune_replay] ep  79/150 | train loss=0.0001 top1=1.000 | val loss=0.0003 | t=0.2s  *
[finetune_replay] ep  80/150 | train loss=0.0001 top1=1.000 | val loss=0.0003 | t=0.1s
[finetune_replay] ep  81/150 | train loss=0.0001 top1=1.000 | val loss=0.0003 | t=0.1s
[finetune_replay] ep  82/150 | train loss=0.0001 top1=1.000 | val loss=0.0003 | t=0.2s
[finetune_replay] ep  83/150 | train loss=0.0001 top1=1.000 | val loss=0.0003 | t=0.2s
[finetune_replay] ep  84/150 | train loss=0.0001 top1=1.000 | val loss=0.0003 | t=0.1s
[finetune_replay] ep  85/150 | train loss=0.0001 top1=1.000 | val loss=0.0003 | t=0.1s
[finetune_replay] ep  86/150 | train loss=0.0001 top1=1.000 | val loss=0.0003 | t=0.1s
[finetune_replay] ep  87/150 | train loss=0.0001 top1=1.000 | val loss=0.0003 | t=0.1s
[finetune_replay] ep  88/150 | train loss=0.0001 top1=1.000 | val loss=0.0003 | t=0.1s
[finetune_replay] ep  89/150 | train loss=0.0001 top1=1.000 | val loss=0.0003 | t=0.1s
[finetune_replay] ep  90/150 | train loss=0.0001 top1=1.000 | val loss=0.0003 | t=0.1s
[finetune_replay] ep  91/150 | train loss=0.0001 top1=1.000 | val loss=0.0003 | t=0.1s
[finetune_replay] ep  92/150 | train loss=0.0001 top1=1.000 | val loss=0.0003 | t=0.1s
[finetune_replay] ep  93/150 | train loss=0.0001 top1=1.000 | val loss=0.0003 | t=0.1s
[finetune_replay] ep  94/150 | train loss=0.0001 top1=1.000 | val loss=0.0003 | t=0.1s
[finetune_replay] ep  95/150 | train loss=0.0001 top1=1.000 | val loss=0.0003 | t=0.1s
[finetune_replay] ep  96/150 | train loss=0.0001 top1=1.000 | val loss=0.0003 | t=0.1s
[finetune_replay] ep  97/150 | train loss=0.0001 top1=1.000 | val loss=0.0003 | t=0.2s
[finetune_replay] ep  98/150 | train loss=0.0001 top1=1.000 | val loss=0.0003 | t=0.1s
[finetune_replay] ep  99/150 | train loss=0.0001 top1=1.000 | val loss=0.0003 | t=0.1s
[finetune_replay] ep 100/150 | train loss=0.0001 top1=1.000 | val loss=0.0003 | t=0.1s
[finetune_replay] ep 101/150 | train loss=0.0001 top1=1.000 | val loss=0.0003 | t=0.2s
[finetune_replay] ep 102/150 | train loss=0.0001 top1=1.000 | val loss=0.0003 | t=0.1s
[finetune_replay] ep 103/150 | train loss=0.0001 top1=1.000 | val loss=0.0003 | t=0.1s
[finetune_replay] ep 104/150 | train loss=0.0001 top1=1.000 | val loss=0.0003 | t=0.1s
[finetune_replay] ep 105/150 | train loss=0.0001 top1=1.000 | val loss=0.0003 | t=0.1s
[finetune_replay] ep 106/150 | train loss=0.0001 top1=1.000 | val loss=0.0003 | t=0.1s  *
[finetune_replay] ep 107/150 | train loss=0.0001 top1=1.000 | val loss=0.0003 | t=0.1s  *
[finetune_replay] ep 108/150 | train loss=0.0001 top1=1.000 | val loss=0.0003 | t=0.1s
[finetune_replay] ep 109/150 | train loss=0.0001 top1=1.000 | val loss=0.0003 | t=0.1s  *
[finetune_replay] ep 110/150 | train loss=0.0001 top1=1.000 | val loss=0.0003 | t=0.1s
[finetune_replay] ep 111/150 | train loss=0.0001 top1=1.000 | val loss=0.0003 | t=0.1s
[finetune_replay] ep 112/150 | train loss=0.0001 top1=1.000 | val loss=0.0003 | t=0.1s
[finetune_replay] ep 113/150 | train loss=0.0001 top1=1.000 | val loss=0.0003 | t=0.1s
[finetune_replay] ep 114/150 | train loss=0.0001 top1=1.000 | val loss=0.0003 | t=0.1s
[finetune_replay] ep 115/150 | train loss=0.0001 top1=1.000 | val loss=0.0003 | t=0.1s
[finetune_replay] ep 116/150 | train loss=0.0001 top1=1.000 | val loss=0.0003 | t=0.1s
[finetune_replay] ep 117/150 | train loss=0.0001 top1=1.000 | val loss=0.0003 | t=0.1s
[finetune_replay] ep 118/150 | train loss=0.0001 top1=1.000 | val loss=0.0003 | t=0.1s
[finetune_replay] ep 119/150 | train loss=0.0001 top1=1.000 | val loss=0.0003 | t=0.2s
[finetune_replay] ep 120/150 | train loss=0.0001 top1=1.000 | val loss=0.0003 | t=0.2s
[finetune_replay] ep 121/150 | train loss=0.0001 top1=1.000 | val loss=0.0003 | t=0.1s
[finetune_replay] ep 122/150 | train loss=0.0001 top1=1.000 | val loss=0.0003 | t=0.1s
[finetune_replay] ep 123/150 | train loss=0.0001 top1=1.000 | val loss=0.0003 | t=0.1s
[finetune_replay] ep 124/150 | train loss=0.0001 top1=1.000 | val loss=0.0003 | t=0.1s
[finetune_replay] ep 125/150 | train loss=0.0001 top1=1.000 | val loss=0.0003 | t=0.1s
[finetune_replay] ep 126/150 | train loss=0.0001 top1=1.000 | val loss=0.0003 | t=0.1s
[finetune_replay] ep 127/150 | train loss=0.0001 top1=1.000 | val loss=0.0003 | t=0.1s
[finetune_replay] ep 128/150 | train loss=0.0001 top1=1.000 | val loss=0.0003 | t=0.1s
[finetune_replay] ep 129/150 | train loss=0.0001 top1=1.000 | val loss=0.0003 | t=0.1s
[finetune_replay] ep 130/150 | train loss=0.0001 top1=1.000 | val loss=0.0003 | t=0.1s
[finetune_replay] ep 131/150 | train loss=0.0001 top1=1.000 | val loss=0.0003 | t=0.1s
[finetune_replay] ep 132/150 | train loss=0.0001 top1=1.000 | val loss=0.0003 | t=0.1s
[finetune_replay] ep 133/150 | train loss=0.0001 top1=1.000 | val loss=0.0003 | t=0.1s
[finetune_replay] ep 134/150 | train loss=0.0001 top1=1.000 | val loss=0.0003 | t=0.1s
[finetune_replay] ep 135/150 | train loss=0.0001 top1=1.000 | val loss=0.0003 | t=0.1s
[finetune_replay] ep 136/150 | train loss=0.0001 top1=1.000 | val loss=0.0003 | t=0.1s
[finetune_replay] ep 137/150 | train loss=0.0001 top1=1.000 | val loss=0.0003 | t=0.1s
[finetune_replay] ep 138/150 | train loss=0.0001 top1=1.000 | val loss=0.0003 | t=0.1s
[finetune_replay] ep 139/150 | train loss=0.0001 top1=1.000 | val loss=0.0003 | t=0.1s
[finetune_replay] ep 140/150 | train loss=0.0001 top1=1.000 | val loss=0.0003 | t=0.1s
[finetune_replay] ep 141/150 | train loss=0.0001 top1=1.000 | val loss=0.0003 | t=0.1s
[finetune_replay] ep 142/150 | train loss=0.0001 top1=1.000 | val loss=0.0003 | t=0.1s
[finetune_replay] ep 143/150 | train loss=0.0001 top1=1.000 | val loss=0.0003 | t=0.1s
[finetune_replay] ep 144/150 | train loss=0.0001 top1=1.000 | val loss=0.0003 | t=0.1s
[finetune_replay] ep 145/150 | train loss=0.0001 top1=1.000 | val loss=0.0003 | t=0.2s
[finetune_replay] ep 146/150 | train loss=0.0001 top1=1.000 | val loss=0.0003 | t=0.1s
[finetune_replay] ep 147/150 | train loss=0.0001 top1=1.000 | val loss=0.0003 | t=0.1s
[finetune_replay] ep 148/150 | train loss=0.0001 top1=1.000 | val loss=0.0003 | t=0.2s
[finetune_replay] ep 149/150 | train loss=0.0001 top1=1.000 | val loss=0.0003 | t=0.2s
[finetune_replay] ep 150/150 | train loss=0.0001 top1=1.000 | val loss=0.0003 | t=0.1s
[finetune_replay] DONE best_val_loss=0.0003 @ epoch 109
[19:54:19] [bo-budget] $ /home/s226137394/.conda/envs/maze/bin/python3 -u -m Equivariant_pathway.equivariant_CNN_hybrid.rollout_test --checkpoint /weka/s226137394/DmNfull/Equivariant_pathway/equivariant_CNN_hybrid/baseline_vs_p4/pool_x_selector/results_hpsweep/e150_lr5e-05_rm0.5_do0/run_6/p4_top3_rotate/checkpoints/best_hybrid_policy.pth --layouts /weka/s226137394/DmNfull/Equivariant_pathway/equivariant_CNN_hybrid/baseline_vs_p4/shared/heldout_layouts.yaml --out_dir /weka/s226137394/DmNfull/Equivariant_pathway/equivariant_CNN_hybrid/baseline_vs_p4/pool_x_selector/results_hpsweep/e150_lr5e-05_rm0.5_do0/run_6/p4_top3_rotate/results/eval_round_013 --seed 19 --max_steps 60
[hybrid-rollout] 200 unique; running 200 eps
[hybrid-rollout] loaded /weka/s226137394/DmNfull/Equivariant_pathway/equivariant_CNN_hybrid/baseline_vs_p4/pool_x_selector/results_hpsweep/e150_lr5e-05_rm0.5_do0/run_6/p4_top3_rotate/checkpoints/best_hybrid_policy.pth
[hybrid-rollout] ep 0 (heldout_001): steps=5 success=True
[hybrid-rollout] ep 1 (heldout_002): steps=4 success=True
[hybrid-rollout] ep 2 (heldout_003): steps=4 success=True
[hybrid-rollout] ep 3 (heldout_004): steps=6 success=True
[hybrid-rollout] ep 4 (heldout_005): steps=5 success=True
[hybrid-rollout] ep 5 (heldout_006): steps=3 success=False
[hybrid-rollout] ep 6 (heldout_007): steps=5 success=True
[hybrid-rollout] ep 7 (heldout_008): steps=4 success=True
[hybrid-rollout] ep 8 (heldout_009): steps=6 success=True
[hybrid-rollout] ep 9 (heldout_010): steps=8 success=True
[hybrid-rollout] ep 10 (heldout_011): steps=4 success=True
[hybrid-rollout] ep 11 (heldout_012): steps=4 success=True
[hybrid-rollout] ep 12 (heldout_013): steps=5 success=True
[hybrid-rollout] ep 13 (heldout_014): steps=5 success=True
[hybrid-rollout] ep 14 (heldout_015): steps=4 success=True
[hybrid-rollout] ep 15 (heldout_016): steps=5 success=True
[hybrid-rollout] ep 16 (heldout_017): steps=4 success=True
[hybrid-rollout] ep 17 (heldout_018): steps=60 success=False
[hybrid-rollout] ep 18 (heldout_019): steps=5 success=True
[hybrid-rollout] ep 19 (heldout_020): steps=5 success=True
[hybrid-rollout] ep 20 (heldout_021): steps=4 success=True
[hybrid-rollout] ep 21 (heldout_022): steps=4 success=True
[hybrid-rollout] ep 22 (heldout_023): steps=7 success=True
[hybrid-rollout] ep 23 (heldout_024): steps=60 success=False
[hybrid-rollout] ep 24 (heldout_025): steps=4 success=True
[hybrid-rollout] ep 25 (heldout_026): steps=4 success=True
[hybrid-rollout] ep 26 (heldout_027): steps=4 success=True
[hybrid-rollout] ep 27 (heldout_028): steps=4 success=True
[hybrid-rollout] ep 28 (heldout_029): steps=5 success=True
[hybrid-rollout] ep 29 (heldout_030): steps=60 success=False
[hybrid-rollout] ep 30 (heldout_031): steps=5 success=True
[hybrid-rollout] ep 31 (heldout_032): steps=7 success=True
[hybrid-rollout] ep 32 (heldout_033): steps=4 success=True
[hybrid-rollout] ep 33 (heldout_034): steps=5 success=True
[hybrid-rollout] ep 34 (heldout_035): steps=6 success=True
[hybrid-rollout] ep 35 (heldout_036): steps=5 success=True
[hybrid-rollout] ep 36 (heldout_037): steps=4 success=True
[hybrid-rollout] ep 37 (heldout_038): steps=5 success=True
[hybrid-rollout] ep 38 (heldout_039): steps=6 success=True
[hybrid-rollout] ep 39 (heldout_040): steps=5 success=True
[hybrid-rollout] ep 40 (heldout_041): steps=60 success=False
[hybrid-rollout] ep 41 (heldout_042): steps=4 success=True
[hybrid-rollout] ep 42 (heldout_043): steps=4 success=True
[hybrid-rollout] ep 43 (heldout_044): steps=5 success=True
[hybrid-rollout] ep 44 (heldout_045): steps=5 success=True
[hybrid-rollout] ep 45 (heldout_046): steps=4 success=True
[hybrid-rollout] ep 46 (heldout_047): steps=4 success=True
[hybrid-rollout] ep 47 (heldout_048): steps=6 success=True
[hybrid-rollout] ep 48 (heldout_049): steps=5 success=True
[hybrid-rollout] ep 49 (heldout_050): steps=4 success=True
[hybrid-rollout] ep 50 (heldout_051): steps=4 success=True
[hybrid-rollout] ep 51 (heldout_052): steps=4 success=True
[hybrid-rollout] ep 52 (heldout_053): steps=6 success=True
[hybrid-rollout] ep 53 (heldout_054): steps=4 success=True
[hybrid-rollout] ep 54 (heldout_055): steps=60 success=False
[hybrid-rollout] ep 55 (heldout_056): steps=4 success=True
[hybrid-rollout] ep 56 (heldout_057): steps=4 success=True
[hybrid-rollout] ep 57 (heldout_058): steps=4 success=True
[hybrid-rollout] ep 58 (heldout_059): steps=5 success=True
[hybrid-rollout] ep 59 (heldout_060): steps=6 success=True
[hybrid-rollout] ep 60 (heldout_061): steps=5 success=True
[hybrid-rollout] ep 61 (heldout_062): steps=6 success=True
[hybrid-rollout] ep 62 (heldout_063): steps=5 success=True
[hybrid-rollout] ep 63 (heldout_064): steps=4 success=True
[hybrid-rollout] ep 64 (heldout_065): steps=7 success=True
[hybrid-rollout] ep 65 (heldout_066): steps=6 success=True
[hybrid-rollout] ep 66 (heldout_067): steps=5 success=True
[hybrid-rollout] ep 67 (heldout_068): steps=4 success=True
[hybrid-rollout] ep 68 (heldout_069): steps=4 success=True
[hybrid-rollout] ep 69 (heldout_070): steps=60 success=False
[hybrid-rollout] ep 70 (heldout_071): steps=5 success=True
[hybrid-rollout] ep 71 (heldout_072): steps=5 success=True
[hybrid-rollout] ep 72 (heldout_073): steps=3 success=False
[hybrid-rollout] ep 73 (heldout_074): steps=4 success=True
[hybrid-rollout] ep 74 (heldout_075): steps=5 success=True
[hybrid-rollout] ep 75 (heldout_076): steps=7 success=True
[hybrid-rollout] ep 76 (heldout_077): steps=4 success=True
[hybrid-rollout] ep 77 (heldout_078): steps=3 success=False
[hybrid-rollout] ep 78 (heldout_079): steps=4 success=True
[hybrid-rollout] ep 79 (heldout_080): steps=4 success=True
[hybrid-rollout] ep 80 (heldout_081): steps=5 success=True
[hybrid-rollout] ep 81 (heldout_082): steps=5 success=True
[hybrid-rollout] ep 82 (heldout_083): steps=4 success=True
[hybrid-rollout] ep 83 (heldout_084): steps=5 success=True
[hybrid-rollout] ep 84 (heldout_085): steps=60 success=False
[hybrid-rollout] ep 85 (heldout_086): steps=6 success=True
[hybrid-rollout] ep 86 (heldout_087): steps=7 success=True
[hybrid-rollout] ep 87 (heldout_088): steps=4 success=True
[hybrid-rollout] ep 88 (heldout_089): steps=3 success=False
[hybrid-rollout] ep 89 (heldout_090): steps=4 success=True
[hybrid-rollout] ep 90 (heldout_091): steps=5 success=True
[hybrid-rollout] ep 91 (heldout_092): steps=5 success=True
[hybrid-rollout] ep 92 (heldout_093): steps=6 success=True
[hybrid-rollout] ep 93 (heldout_094): steps=6 success=True
[hybrid-rollout] ep 94 (heldout_095): steps=7 success=True
[hybrid-rollout] ep 95 (heldout_096): steps=5 success=True
[hybrid-rollout] ep 96 (heldout_097): steps=5 success=True
[hybrid-rollout] ep 97 (heldout_098): steps=5 success=True
[hybrid-rollout] ep 98 (heldout_099): steps=6 success=True
[hybrid-rollout] ep 99 (heldout_100): steps=60 success=False
[hybrid-rollout] ep 100 (heldout_101): steps=4 success=True
[hybrid-rollout] ep 101 (heldout_102): steps=4 success=True
[hybrid-rollout] ep 102 (heldout_103): steps=60 success=False
[hybrid-rollout] ep 103 (heldout_104): steps=6 success=True
[hybrid-rollout] ep 104 (heldout_105): steps=4 success=True
[hybrid-rollout] ep 105 (heldout_106): steps=6 success=True
[hybrid-rollout] ep 106 (heldout_107): steps=4 success=True
[hybrid-rollout] ep 107 (heldout_108): steps=4 success=True
[hybrid-rollout] ep 108 (heldout_109): steps=4 success=True
[hybrid-rollout] ep 109 (heldout_110): steps=4 success=True
[hybrid-rollout] ep 110 (heldout_111): steps=5 success=False
[hybrid-rollout] ep 111 (heldout_112): steps=5 success=True
[hybrid-rollout] ep 112 (heldout_113): steps=5 success=True
[hybrid-rollout] ep 113 (heldout_114): steps=60 success=False
[hybrid-rollout] ep 114 (heldout_115): steps=4 success=True
[hybrid-rollout] ep 115 (heldout_116): steps=5 success=True
[hybrid-rollout] ep 116 (heldout_117): steps=5 success=True
[hybrid-rollout] ep 117 (heldout_118): steps=9 success=True
[hybrid-rollout] ep 118 (heldout_119): steps=4 success=True
[hybrid-rollout] ep 119 (heldout_120): steps=7 success=True
[hybrid-rollout] ep 120 (heldout_121): steps=4 success=True
[hybrid-rollout] ep 121 (heldout_122): steps=4 success=True
[hybrid-rollout] ep 122 (heldout_123): steps=6 success=True
[hybrid-rollout] ep 123 (heldout_124): steps=8 success=True
[hybrid-rollout] ep 124 (heldout_125): steps=4 success=True
[hybrid-rollout] ep 125 (heldout_126): steps=4 success=True
[hybrid-rollout] ep 126 (heldout_127): steps=60 success=False
[hybrid-rollout] ep 127 (heldout_128): steps=7 success=True
[hybrid-rollout] ep 128 (heldout_129): steps=60 success=False
[hybrid-rollout] ep 129 (heldout_130): steps=4 success=True
[hybrid-rollout] ep 130 (heldout_131): steps=5 success=False
[hybrid-rollout] ep 131 (heldout_132): steps=4 success=True
[hybrid-rollout] ep 132 (heldout_133): steps=4 success=True
[hybrid-rollout] ep 133 (heldout_134): steps=7 success=True
[hybrid-rollout] ep 134 (heldout_135): steps=6 success=True
[hybrid-rollout] ep 135 (heldout_136): steps=5 success=True
[hybrid-rollout] ep 136 (heldout_137): steps=60 success=False
[hybrid-rollout] ep 137 (heldout_138): steps=4 success=True
[hybrid-rollout] ep 138 (heldout_139): steps=4 success=True
[hybrid-rollout] ep 139 (heldout_140): steps=5 success=True
[hybrid-rollout] ep 140 (heldout_141): steps=5 success=True
[hybrid-rollout] ep 141 (heldout_142): steps=4 success=True
[hybrid-rollout] ep 142 (heldout_143): steps=8 success=True
[hybrid-rollout] ep 143 (heldout_144): steps=4 success=True
[hybrid-rollout] ep 144 (heldout_145): steps=5 success=True
[hybrid-rollout] ep 145 (heldout_146): steps=7 success=True
[hybrid-rollout] ep 146 (heldout_147): steps=4 success=True
[hybrid-rollout] ep 147 (heldout_148): steps=60 success=False
[hybrid-rollout] ep 148 (heldout_149): steps=5 success=True
[hybrid-rollout] ep 149 (heldout_150): steps=4 success=True
[hybrid-rollout] ep 150 (heldout_151): steps=5 success=True
[hybrid-rollout] ep 151 (heldout_152): steps=6 success=True
[hybrid-rollout] ep 152 (heldout_153): steps=5 success=True
[hybrid-rollout] ep 153 (heldout_154): steps=60 success=False
[hybrid-rollout] ep 154 (heldout_155): steps=6 success=True
[hybrid-rollout] ep 155 (heldout_156): steps=4 success=False
[hybrid-rollout] ep 156 (heldout_157): steps=4 success=True
[hybrid-rollout] ep 157 (heldout_158): steps=3 success=False
[hybrid-rollout] ep 158 (heldout_159): steps=6 success=True
[hybrid-rollout] ep 159 (heldout_160): steps=60 success=False
[hybrid-rollout] ep 160 (heldout_161): steps=60 success=False
[hybrid-rollout] ep 161 (heldout_162): steps=5 success=True
[hybrid-rollout] ep 162 (heldout_163): steps=4 success=True
[hybrid-rollout] ep 163 (heldout_164): steps=6 success=True
[hybrid-rollout] ep 164 (heldout_165): steps=5 success=True
[hybrid-rollout] ep 165 (heldout_166): steps=60 success=False
[hybrid-rollout] ep 166 (heldout_167): steps=4 success=True
[hybrid-rollout] ep 167 (heldout_168): steps=4 success=True
[hybrid-rollout] ep 168 (heldout_169): steps=6 success=True
[hybrid-rollout] ep 169 (heldout_170): steps=6 success=True
[hybrid-rollout] ep 170 (heldout_171): steps=4 success=True
[hybrid-rollout] ep 171 (heldout_172): steps=5 success=True
[hybrid-rollout] ep 172 (heldout_173): steps=4 success=True
[hybrid-rollout] ep 173 (heldout_174): steps=5 success=True
[hybrid-rollout] ep 174 (heldout_175): steps=5 success=True
[hybrid-rollout] ep 175 (heldout_176): steps=6 success=True
[hybrid-rollout] ep 176 (heldout_177): steps=6 success=True
[hybrid-rollout] ep 177 (heldout_178): steps=5 success=True
[hybrid-rollout] ep 178 (heldout_179): steps=5 success=True
[hybrid-rollout] ep 179 (heldout_180): steps=4 success=True
[hybrid-rollout] ep 180 (heldout_181): steps=5 success=True
[hybrid-rollout] ep 181 (heldout_182): steps=4 success=True
[hybrid-rollout] ep 182 (heldout_183): steps=5 success=True
[hybrid-rollout] ep 183 (heldout_184): steps=7 success=True
[hybrid-rollout] ep 184 (heldout_185): steps=5 success=True
[hybrid-rollout] ep 185 (heldout_186): steps=4 success=True
[hybrid-rollout] ep 186 (heldout_187): steps=5 success=True
[hybrid-rollout] ep 187 (heldout_188): steps=60 success=False
[hybrid-rollout] ep 188 (heldout_189): steps=60 success=False
[hybrid-rollout] ep 189 (heldout_190): steps=7 success=True
[hybrid-rollout] ep 190 (heldout_191): steps=4 success=True
[hybrid-rollout] ep 191 (heldout_192): steps=5 success=True
[hybrid-rollout] ep 192 (heldout_193): steps=60 success=False
[hybrid-rollout] ep 193 (heldout_194): steps=6 success=True
[hybrid-rollout] ep 194 (heldout_195): steps=5 success=True
[hybrid-rollout] ep 195 (heldout_196): steps=4 success=True
[hybrid-rollout] ep 196 (heldout_197): steps=5 success=True
[hybrid-rollout] ep 197 (heldout_198): steps=4 success=True
[hybrid-rollout] ep 198 (heldout_199): steps=4 success=True
[hybrid-rollout] ep 199 (heldout_200): steps=4 success=True
[hybrid-rollout] DONE successes=171/200
[19:55:25] [replay_p4] run 6 round 13: extras=13 heldout_sr=0.855
[19:55:25] [replay_p4] $ /home/s226137394/.conda/envs/maze/bin/python3 -u -m Equivariant_pathway.equivariant_CNN_hybrid.baseline_vs_p4.pool_x_selector.trainer.finetune_replay --demo_dir /weka/s226137394/DmNfull/Equivariant_pathway/equivariant_CNN_hybrid/baseline_vs_p4/pool_x_selector/results_hpsweep/e150_lr5e-05_rm0.5_do0/run_6/p4_top3_rotate/demos --checkpoint_dir /weka/s226137394/DmNfull/Equivariant_pathway/equivariant_CNN_hybrid/baseline_vs_p4/pool_x_selector/results_hpsweep/e150_lr5e-05_rm0.5_do0/run_6/p4_top3_rotate/checkpoints --epochs 150 --batch_size 64 --lr 5e-05 --weight_decay 0.0001 --replay_mix 0.5 --replay_mix_floor 0.2 --head_dropout 0.0 --seed 6 --resume --new_demos_dir /weka/s226137394/DmNfull/Equivariant_pathway/equivariant_CNN_hybrid/baseline_vs_p4/pool_x_selector/results_hpsweep/e150_lr5e-05_rm0.5_do0/run_6/p4_top3_rotate/demos/round_014
[finetune_replay] device=cuda demo_dir=/weka/s226137394/DmNfull/Equivariant_pathway/equivariant_CNN_hybrid/baseline_vs_p4/pool_x_selector/results_hpsweep/e150_lr5e-05_rm0.5_do0/run_6/p4_top3_rotate/demos new_demos_dir=/weka/s226137394/DmNfull/Equivariant_pathway/equivariant_CNN_hybrid/baseline_vs_p4/pool_x_selector/results_hpsweep/e150_lr5e-05_rm0.5_do0/run_6/p4_top3_rotate/demos/round_014
[hybrid-dataset] 33 demos -> 175 samples
[hybrid-dataset] 1 demos -> 4 samples
[finetune_replay] sampler audit: {'n_old_samples': 175, 'n_new_samples': 4, 'replay_mix_target': 0.5, 'replay_mix_effective': 0.5, 'replay_mix_floor': 0.2}
[finetune_replay] trainable params: 1,400,028
[finetune_replay] WARM START from last_hybrid_policy.pth
[finetune_replay] ep   1/150 | train loss=0.3978 top1=0.877 | val loss=0.0404 | t=0.9s  *
[finetune_replay] ep   2/150 | train loss=0.0277 top1=1.000 | val loss=0.0190 | t=0.1s  *
[finetune_replay] ep   3/150 | train loss=0.0068 top1=1.000 | val loss=0.0348 | t=0.2s
[finetune_replay] ep   4/150 | train loss=0.0042 top1=1.000 | val loss=0.0216 | t=0.1s
[finetune_replay] ep   5/150 | train loss=0.0015 top1=1.000 | val loss=0.0037 | t=0.1s  *
[finetune_replay] ep   6/150 | train loss=0.0014 top1=1.000 | val loss=0.0012 | t=0.1s  *
[finetune_replay] ep   7/150 | train loss=0.0035 top1=1.000 | val loss=0.0006 | t=0.1s  *
[finetune_replay] ep   8/150 | train loss=0.0020 top1=1.000 | val loss=0.0005 | t=0.1s  *
[finetune_replay] ep   9/150 | train loss=0.0005 top1=1.000 | val loss=0.0011 | t=0.2s
[finetune_replay] ep  10/150 | train loss=0.0005 top1=1.000 | val loss=0.0013 | t=0.1s
[finetune_replay] ep  11/150 | train loss=0.0005 top1=1.000 | val loss=0.0011 | t=0.2s
[finetune_replay] ep  12/150 | train loss=0.0003 top1=1.000 | val loss=0.0010 | t=0.1s
[finetune_replay] ep  13/150 | train loss=0.0004 top1=1.000 | val loss=0.0008 | t=0.1s
[finetune_replay] ep  14/150 | train loss=0.0004 top1=1.000 | val loss=0.0007 | t=0.1s
[finetune_replay] ep  15/150 | train loss=0.0003 top1=1.000 | val loss=0.0007 | t=0.1s
[finetune_replay] ep  16/150 | train loss=0.0003 top1=1.000 | val loss=0.0007 | t=0.1s
[finetune_replay] ep  17/150 | train loss=0.0003 top1=1.000 | val loss=0.0008 | t=0.1s
[finetune_replay] ep  18/150 | train loss=0.0003 top1=1.000 | val loss=0.0009 | t=0.1s
[finetune_replay] ep  19/150 | train loss=0.0003 top1=1.000 | val loss=0.0011 | t=0.1s
[finetune_replay] ep  20/150 | train loss=0.0003 top1=1.000 | val loss=0.0011 | t=0.1s
[finetune_replay] ep  21/150 | train loss=0.0003 top1=1.000 | val loss=0.0010 | t=0.2s
[finetune_replay] ep  22/150 | train loss=0.0002 top1=1.000 | val loss=0.0008 | t=0.1s
[finetune_replay] ep  23/150 | train loss=0.0002 top1=1.000 | val loss=0.0008 | t=0.1s
[finetune_replay] ep  24/150 | train loss=0.0003 top1=1.000 | val loss=0.0010 | t=0.1s
[finetune_replay] ep  25/150 | train loss=0.0003 top1=1.000 | val loss=0.0010 | t=0.1s
[finetune_replay] ep  26/150 | train loss=0.0002 top1=1.000 | val loss=0.0009 | t=0.1s
[finetune_replay] ep  27/150 | train loss=0.0002 top1=1.000 | val loss=0.0010 | t=0.1s
[finetune_replay] ep  28/150 | train loss=0.0002 top1=1.000 | val loss=0.0010 | t=0.1s
[finetune_replay] ep  29/150 | train loss=0.0002 top1=1.000 | val loss=0.0010 | t=0.1s
[finetune_replay] ep  30/150 | train loss=0.0002 top1=1.000 | val loss=0.0009 | t=0.1s
[finetune_replay] ep  31/150 | train loss=0.0002 top1=1.000 | val loss=0.0009 | t=0.1s
[finetune_replay] ep  32/150 | train loss=0.0002 top1=1.000 | val loss=0.0010 | t=0.1s
[finetune_replay] ep  33/150 | train loss=0.0002 top1=1.000 | val loss=0.0009 | t=0.1s
[finetune_replay] ep  34/150 | train loss=0.0002 top1=1.000 | val loss=0.0009 | t=0.1s
[finetune_replay] ep  35/150 | train loss=0.0002 top1=1.000 | val loss=0.0009 | t=0.1s
[finetune_replay] ep  36/150 | train loss=0.0002 top1=1.000 | val loss=0.0009 | t=0.1s
[finetune_replay] ep  37/150 | train loss=0.0002 top1=1.000 | val loss=0.0009 | t=0.1s
[finetune_replay] ep  38/150 | train loss=0.0002 top1=1.000 | val loss=0.0009 | t=0.1s
[finetune_replay] ep  39/150 | train loss=0.0002 top1=1.000 | val loss=0.0009 | t=0.2s
[finetune_replay] ep  40/150 | train loss=0.0002 top1=1.000 | val loss=0.0008 | t=0.1s
[finetune_replay] ep  41/150 | train loss=0.0002 top1=1.000 | val loss=0.0008 | t=0.1s
[finetune_replay] ep  42/150 | train loss=0.0002 top1=1.000 | val loss=0.0008 | t=0.1s
[finetune_replay] ep  43/150 | train loss=0.0002 top1=1.000 | val loss=0.0008 | t=0.1s
[finetune_replay] ep  44/150 | train loss=0.0002 top1=1.000 | val loss=0.0008 | t=0.1s
[finetune_replay] ep  45/150 | train loss=0.0002 top1=1.000 | val loss=0.0009 | t=0.1s
[finetune_replay] ep  46/150 | train loss=0.0002 top1=1.000 | val loss=0.0010 | t=0.1s
[finetune_replay] ep  47/150 | train loss=0.0002 top1=1.000 | val loss=0.0010 | t=0.1s
[finetune_replay] ep  48/150 | train loss=0.0002 top1=1.000 | val loss=0.0010 | t=0.1s
[finetune_replay] ep  49/150 | train loss=0.0002 top1=1.000 | val loss=0.0009 | t=0.1s
[finetune_replay] ep  50/150 | train loss=0.0001 top1=1.000 | val loss=0.0009 | t=0.1s
[finetune_replay] ep  51/150 | train loss=0.0002 top1=1.000 | val loss=0.0008 | t=0.1s
[finetune_replay] ep  52/150 | train loss=0.0001 top1=1.000 | val loss=0.0008 | t=0.1s
[finetune_replay] ep  53/150 | train loss=0.0001 top1=1.000 | val loss=0.0010 | t=0.1s
[finetune_replay] ep  54/150 | train loss=0.0002 top1=1.000 | val loss=0.0012 | t=0.1s
[finetune_replay] ep  55/150 | train loss=0.0002 top1=1.000 | val loss=0.0012 | t=0.1s
[finetune_replay] ep  56/150 | train loss=0.0001 top1=1.000 | val loss=0.0013 | t=0.1s
[finetune_replay] ep  57/150 | train loss=0.0002 top1=1.000 | val loss=0.0011 | t=0.1s
[finetune_replay] ep  58/150 | train loss=0.0001 top1=1.000 | val loss=0.0011 | t=0.1s
[finetune_replay] ep  59/150 | train loss=0.0001 top1=1.000 | val loss=0.0010 | t=0.1s
[finetune_replay] ep  60/150 | train loss=0.0002 top1=1.000 | val loss=0.0011 | t=0.1s
[finetune_replay] ep  61/150 | train loss=0.0002 top1=1.000 | val loss=0.0011 | t=0.1s
[finetune_replay] ep  62/150 | train loss=0.0001 top1=1.000 | val loss=0.0011 | t=0.1s
[finetune_replay] ep  63/150 | train loss=0.0001 top1=1.000 | val loss=0.0011 | t=0.2s
[finetune_replay] ep  64/150 | train loss=0.0001 top1=1.000 | val loss=0.0011 | t=0.1s
[finetune_replay] ep  65/150 | train loss=0.0001 top1=1.000 | val loss=0.0011 | t=0.1s
[finetune_replay] ep  66/150 | train loss=0.0002 top1=1.000 | val loss=0.0010 | t=0.1s
[finetune_replay] ep  67/150 | train loss=0.0001 top1=1.000 | val loss=0.0009 | t=0.1s
[finetune_replay] ep  68/150 | train loss=0.0001 top1=1.000 | val loss=0.0010 | t=0.1s
[finetune_replay] ep  69/150 | train loss=0.0001 top1=1.000 | val loss=0.0009 | t=0.1s
[finetune_replay] ep  70/150 | train loss=0.0001 top1=1.000 | val loss=0.0009 | t=0.1s
[finetune_replay] ep  71/150 | train loss=0.0001 top1=1.000 | val loss=0.0010 | t=0.1s
[finetune_replay] ep  72/150 | train loss=0.0001 top1=1.000 | val loss=0.0010 | t=0.1s
[finetune_replay] ep  73/150 | train loss=0.0001 top1=1.000 | val loss=0.0010 | t=0.1s
[finetune_replay] ep  74/150 | train loss=0.0001 top1=1.000 | val loss=0.0010 | t=0.1s
[finetune_replay] ep  75/150 | train loss=0.0001 top1=1.000 | val loss=0.0011 | t=0.1s
[finetune_replay] ep  76/150 | train loss=0.0001 top1=1.000 | val loss=0.0011 | t=0.1s
[finetune_replay] ep  77/150 | train loss=0.0001 top1=1.000 | val loss=0.0011 | t=0.1s
[finetune_replay] ep  78/150 | train loss=0.0001 top1=1.000 | val loss=0.0010 | t=0.1s
[finetune_replay] ep  79/150 | train loss=0.0001 top1=1.000 | val loss=0.0010 | t=0.1s
[finetune_replay] ep  80/150 | train loss=0.0001 top1=1.000 | val loss=0.0009 | t=0.1s
[finetune_replay] ep  81/150 | train loss=0.0001 top1=1.000 | val loss=0.0009 | t=0.1s
[finetune_replay] ep  82/150 | train loss=0.0001 top1=1.000 | val loss=0.0009 | t=0.1s
[finetune_replay] ep  83/150 | train loss=0.0001 top1=1.000 | val loss=0.0009 | t=0.1s
[finetune_replay] ep  84/150 | train loss=0.0001 top1=1.000 | val loss=0.0008 | t=0.1s
[finetune_replay] ep  85/150 | train loss=0.0001 top1=1.000 | val loss=0.0008 | t=0.1s
[finetune_replay] ep  86/150 | train loss=0.0001 top1=1.000 | val loss=0.0008 | t=0.1s
[finetune_replay] ep  87/150 | train loss=0.0001 top1=1.000 | val loss=0.0008 | t=0.1s
[finetune_replay] ep  88/150 | train loss=0.0001 top1=1.000 | val loss=0.0009 | t=0.1s
[finetune_replay] ep  89/150 | train loss=0.0001 top1=1.000 | val loss=0.0009 | t=0.1s
[finetune_replay] ep  90/150 | train loss=0.0001 top1=1.000 | val loss=0.0010 | t=0.1s
[finetune_replay] ep  91/150 | train loss=0.0001 top1=1.000 | val loss=0.0011 | t=0.1s
[finetune_replay] ep  92/150 | train loss=0.0001 top1=1.000 | val loss=0.0010 | t=0.1s
[finetune_replay] ep  93/150 | train loss=0.0001 top1=1.000 | val loss=0.0010 | t=0.1s
[finetune_replay] ep  94/150 | train loss=0.0001 top1=1.000 | val loss=0.0009 | t=0.1s
[finetune_replay] ep  95/150 | train loss=0.0001 top1=1.000 | val loss=0.0010 | t=0.1s
[finetune_replay] ep  96/150 | train loss=0.0002 top1=1.000 | val loss=0.0010 | t=0.1s
[finetune_replay] ep  97/150 | train loss=0.0001 top1=1.000 | val loss=0.0011 | t=0.1s
[finetune_replay] ep  98/150 | train loss=0.0001 top1=1.000 | val loss=0.0010 | t=0.1s
[finetune_replay] ep  99/150 | train loss=0.0001 top1=1.000 | val loss=0.0010 | t=0.1s
[finetune_replay] ep 100/150 | train loss=0.0001 top1=1.000 | val loss=0.0010 | t=0.1s
[finetune_replay] ep 101/150 | train loss=0.0001 top1=1.000 | val loss=0.0010 | t=0.1s
[finetune_replay] ep 102/150 | train loss=0.0001 top1=1.000 | val loss=0.0010 | t=0.1s
[finetune_replay] ep 103/150 | train loss=0.0001 top1=1.000 | val loss=0.0009 | t=0.1s
[finetune_replay] ep 104/150 | train loss=0.0001 top1=1.000 | val loss=0.0010 | t=0.1s
[finetune_replay] ep 105/150 | train loss=0.0001 top1=1.000 | val loss=0.0010 | t=0.1s
[finetune_replay] ep 106/150 | train loss=0.0001 top1=1.000 | val loss=0.0012 | t=0.1s
[finetune_replay] ep 107/150 | train loss=0.0001 top1=1.000 | val loss=0.0011 | t=0.1s
[finetune_replay] ep 108/150 | train loss=0.0001 top1=1.000 | val loss=0.0010 | t=0.1s
[finetune_replay] ep 109/150 | train loss=0.0001 top1=1.000 | val loss=0.0010 | t=0.1s
[finetune_replay] ep 110/150 | train loss=0.0001 top1=1.000 | val loss=0.0010 | t=0.1s
[finetune_replay] ep 111/150 | train loss=0.0001 top1=1.000 | val loss=0.0010 | t=0.1s
[finetune_replay] ep 112/150 | train loss=0.0001 top1=1.000 | val loss=0.0011 | t=0.1s
[finetune_replay] ep 113/150 | train loss=0.0001 top1=1.000 | val loss=0.0010 | t=0.1s
[finetune_replay] ep 114/150 | train loss=0.0001 top1=1.000 | val loss=0.0010 | t=0.1s
[finetune_replay] ep 115/150 | train loss=0.0001 top1=1.000 | val loss=0.0011 | t=0.1s
[finetune_replay] ep 116/150 | train loss=0.0001 top1=1.000 | val loss=0.0010 | t=0.1s
[finetune_replay] ep 117/150 | train loss=0.0001 top1=1.000 | val loss=0.0011 | t=0.1s
[finetune_replay] ep 118/150 | train loss=0.0001 top1=1.000 | val loss=0.0012 | t=0.1s
[finetune_replay] ep 119/150 | train loss=0.0001 top1=1.000 | val loss=0.0012 | t=0.1s
[finetune_replay] ep 120/150 | train loss=0.0001 top1=1.000 | val loss=0.0012 | t=0.1s
[finetune_replay] ep 121/150 | train loss=0.0001 top1=1.000 | val loss=0.0011 | t=0.1s
[finetune_replay] ep 122/150 | train loss=0.0001 top1=1.000 | val loss=0.0010 | t=0.1s
[finetune_replay] ep 123/150 | train loss=0.0001 top1=1.000 | val loss=0.0011 | t=0.1s
[finetune_replay] ep 124/150 | train loss=0.0001 top1=1.000 | val loss=0.0011 | t=0.1s
[finetune_replay] ep 125/150 | train loss=0.0001 top1=1.000 | val loss=0.0011 | t=0.1s
[finetune_replay] ep 126/150 | train loss=0.0001 top1=1.000 | val loss=0.0011 | t=0.1s
[finetune_replay] ep 127/150 | train loss=0.0001 top1=1.000 | val loss=0.0011 | t=0.1s
[finetune_replay] ep 128/150 | train loss=0.0001 top1=1.000 | val loss=0.0011 | t=0.1s
[finetune_replay] ep 129/150 | train loss=0.0001 top1=1.000 | val loss=0.0011 | t=0.1s
[finetune_replay] ep 130/150 | train loss=0.0001 top1=1.000 | val loss=0.0010 | t=0.1s
[finetune_replay] ep 131/150 | train loss=0.0001 top1=1.000 | val loss=0.0011 | t=0.1s
[finetune_replay] ep 132/150 | train loss=0.0001 top1=1.000 | val loss=0.0011 | t=0.1s
[finetune_replay] ep 133/150 | train loss=0.0001 top1=1.000 | val loss=0.0011 | t=0.1s
[finetune_replay] ep 134/150 | train loss=0.0001 top1=1.000 | val loss=0.0010 | t=0.1s
[finetune_replay] ep 135/150 | train loss=0.0001 top1=1.000 | val loss=0.0011 | t=0.1s
[finetune_replay] ep 136/150 | train loss=0.0001 top1=1.000 | val loss=0.0010 | t=0.1s
[finetune_replay] ep 137/150 | train loss=0.0001 top1=1.000 | val loss=0.0010 | t=0.1s
[finetune_replay] ep 138/150 | train loss=0.0001 top1=1.000 | val loss=0.0010 | t=0.1s
[finetune_replay] ep 139/150 | train loss=0.0001 top1=1.000 | val loss=0.0010 | t=0.1s
[finetune_replay] ep 140/150 | train loss=0.0001 top1=1.000 | val loss=0.0010 | t=0.1s
[finetune_replay] ep 141/150 | train loss=0.0001 top1=1.000 | val loss=0.0011 | t=0.1s
[finetune_replay] ep 142/150 | train loss=0.0001 top1=1.000 | val loss=0.0011 | t=0.1s
[finetune_replay] ep 143/150 | train loss=0.0001 top1=1.000 | val loss=0.0012 | t=0.1s
[finetune_replay] ep 144/150 | train loss=0.0001 top1=1.000 | val loss=0.0010 | t=0.1s
[finetune_replay] ep 145/150 | train loss=0.0001 top1=1.000 | val loss=0.0011 | t=0.1s
[finetune_replay] ep 146/150 | train loss=0.0001 top1=1.000 | val loss=0.0011 | t=0.1s
[finetune_replay] ep 147/150 | train loss=0.0001 top1=1.000 | val loss=0.0011 | t=0.1s
[finetune_replay] ep 148/150 | train loss=0.0001 top1=1.000 | val loss=0.0011 | t=0.1s
[finetune_replay] ep 149/150 | train loss=0.0001 top1=1.000 | val loss=0.0010 | t=0.1s
[finetune_replay] ep 150/150 | train loss=0.0001 top1=1.000 | val loss=0.0011 | t=0.1s
[finetune_replay] DONE best_val_loss=0.0005 @ epoch 8
[19:56:01] [bo-budget] $ /home/s226137394/.conda/envs/maze/bin/python3 -u -m Equivariant_pathway.equivariant_CNN_hybrid.rollout_test --checkpoint /weka/s226137394/DmNfull/Equivariant_pathway/equivariant_CNN_hybrid/baseline_vs_p4/pool_x_selector/results_hpsweep/e150_lr5e-05_rm0.5_do0/run_6/p4_top3_rotate/checkpoints/best_hybrid_policy.pth --layouts /weka/s226137394/DmNfull/Equivariant_pathway/equivariant_CNN_hybrid/baseline_vs_p4/shared/heldout_layouts.yaml --out_dir /weka/s226137394/DmNfull/Equivariant_pathway/equivariant_CNN_hybrid/baseline_vs_p4/pool_x_selector/results_hpsweep/e150_lr5e-05_rm0.5_do0/run_6/p4_top3_rotate/results/eval_round_014 --seed 20 --max_steps 60
[hybrid-rollout] 200 unique; running 200 eps
[hybrid-rollout] loaded /weka/s226137394/DmNfull/Equivariant_pathway/equivariant_CNN_hybrid/baseline_vs_p4/pool_x_selector/results_hpsweep/e150_lr5e-05_rm0.5_do0/run_6/p4_top3_rotate/checkpoints/best_hybrid_policy.pth
[hybrid-rollout] ep 0 (heldout_001): steps=5 success=True
[hybrid-rollout] ep 1 (heldout_002): steps=4 success=True
[hybrid-rollout] ep 2 (heldout_003): steps=4 success=True
[hybrid-rollout] ep 3 (heldout_004): steps=6 success=True
[hybrid-rollout] ep 4 (heldout_005): steps=5 success=True
[hybrid-rollout] ep 5 (heldout_006): steps=3 success=False
[hybrid-rollout] ep 6 (heldout_007): steps=5 success=True
[hybrid-rollout] ep 7 (heldout_008): steps=4 success=True
[hybrid-rollout] ep 8 (heldout_009): steps=2 success=False
[hybrid-rollout] ep 9 (heldout_010): steps=60 success=False
[hybrid-rollout] ep 10 (heldout_011): steps=4 success=True
[hybrid-rollout] ep 11 (heldout_012): steps=4 success=True
[hybrid-rollout] ep 12 (heldout_013): steps=5 success=True
[hybrid-rollout] ep 13 (heldout_014): steps=5 success=True
[hybrid-rollout] ep 14 (heldout_015): steps=4 success=True
[hybrid-rollout] ep 15 (heldout_016): steps=5 success=True
[hybrid-rollout] ep 16 (heldout_017): steps=4 success=True
[hybrid-rollout] ep 17 (heldout_018): steps=60 success=False
[hybrid-rollout] ep 18 (heldout_019): steps=5 success=True
[hybrid-rollout] ep 19 (heldout_020): steps=5 success=True
[hybrid-rollout] ep 20 (heldout_021): steps=4 success=True
[hybrid-rollout] ep 21 (heldout_022): steps=4 success=True
[hybrid-rollout] ep 22 (heldout_023): steps=7 success=True
[hybrid-rollout] ep 23 (heldout_024): steps=60 success=False
[hybrid-rollout] ep 24 (heldout_025): steps=4 success=True
[hybrid-rollout] ep 25 (heldout_026): steps=4 success=True
[hybrid-rollout] ep 26 (heldout_027): steps=4 success=True
[hybrid-rollout] ep 27 (heldout_028): steps=4 success=True
[hybrid-rollout] ep 28 (heldout_029): steps=5 success=True
[hybrid-rollout] ep 29 (heldout_030): steps=60 success=False
[hybrid-rollout] ep 30 (heldout_031): steps=5 success=True
[hybrid-rollout] ep 31 (heldout_032): steps=7 success=True
[hybrid-rollout] ep 32 (heldout_033): steps=4 success=True
[hybrid-rollout] ep 33 (heldout_034): steps=5 success=True
[hybrid-rollout] ep 34 (heldout_035): steps=6 success=True
[hybrid-rollout] ep 35 (heldout_036): steps=5 success=True
[hybrid-rollout] ep 36 (heldout_037): steps=4 success=True
[hybrid-rollout] ep 37 (heldout_038): steps=60 success=False
[hybrid-rollout] ep 38 (heldout_039): steps=6 success=True
[hybrid-rollout] ep 39 (heldout_040): steps=5 success=True
[hybrid-rollout] ep 40 (heldout_041): steps=6 success=True
[hybrid-rollout] ep 41 (heldout_042): steps=4 success=True
[hybrid-rollout] ep 42 (heldout_043): steps=4 success=True
[hybrid-rollout] ep 43 (heldout_044): steps=5 success=True
[hybrid-rollout] ep 44 (heldout_045): steps=5 success=True
[hybrid-rollout] ep 45 (heldout_046): steps=4 success=True
[hybrid-rollout] ep 46 (heldout_047): steps=4 success=True
[hybrid-rollout] ep 47 (heldout_048): steps=6 success=True
[hybrid-rollout] ep 48 (heldout_049): steps=5 success=True
[hybrid-rollout] ep 49 (heldout_050): steps=4 success=True
[hybrid-rollout] ep 50 (heldout_051): steps=4 success=True
[hybrid-rollout] ep 51 (heldout_052): steps=4 success=True
[hybrid-rollout] ep 52 (heldout_053): steps=6 success=True
[hybrid-rollout] ep 53 (heldout_054): steps=4 success=True
[hybrid-rollout] ep 54 (heldout_055): steps=60 success=False
[hybrid-rollout] ep 55 (heldout_056): steps=4 success=True
[hybrid-rollout] ep 56 (heldout_057): steps=4 success=True
[hybrid-rollout] ep 57 (heldout_058): steps=4 success=True
[hybrid-rollout] ep 58 (heldout_059): steps=5 success=True
[hybrid-rollout] ep 59 (heldout_060): steps=6 success=True
[hybrid-rollout] ep 60 (heldout_061): steps=5 success=True
[hybrid-rollout] ep 61 (heldout_062): steps=6 success=True
[hybrid-rollout] ep 62 (heldout_063): steps=5 success=True
[hybrid-rollout] ep 63 (heldout_064): steps=4 success=True
[hybrid-rollout] ep 64 (heldout_065): steps=7 success=True
[hybrid-rollout] ep 65 (heldout_066): steps=6 success=True
[hybrid-rollout] ep 66 (heldout_067): steps=5 success=True
[hybrid-rollout] ep 67 (heldout_068): steps=4 success=True
[hybrid-rollout] ep 68 (heldout_069): steps=4 success=True
[hybrid-rollout] ep 69 (heldout_070): steps=7 success=True
[hybrid-rollout] ep 70 (heldout_071): steps=5 success=True
[hybrid-rollout] ep 71 (heldout_072): steps=5 success=True
[hybrid-rollout] ep 72 (heldout_073): steps=3 success=False
[hybrid-rollout] ep 73 (heldout_074): steps=4 success=True
[hybrid-rollout] ep 74 (heldout_075): steps=5 success=True
[hybrid-rollout] ep 75 (heldout_076): steps=7 success=True
[hybrid-rollout] ep 76 (heldout_077): steps=4 success=True
[hybrid-rollout] ep 77 (heldout_078): steps=3 success=False
[hybrid-rollout] ep 78 (heldout_079): steps=4 success=True
[hybrid-rollout] ep 79 (heldout_080): steps=4 success=True
[hybrid-rollout] ep 80 (heldout_081): steps=5 success=True
[hybrid-rollout] ep 81 (heldout_082): steps=5 success=True
[hybrid-rollout] ep 82 (heldout_083): steps=4 success=True
[hybrid-rollout] ep 83 (heldout_084): steps=5 success=True
[hybrid-rollout] ep 84 (heldout_085): steps=60 success=False
[hybrid-rollout] ep 85 (heldout_086): steps=6 success=True
[hybrid-rollout] ep 86 (heldout_087): steps=7 success=True
[hybrid-rollout] ep 87 (heldout_088): steps=4 success=True
[hybrid-rollout] ep 88 (heldout_089): steps=3 success=False
[hybrid-rollout] ep 89 (heldout_090): steps=4 success=True
[hybrid-rollout] ep 90 (heldout_091): steps=5 success=True
[hybrid-rollout] ep 91 (heldout_092): steps=5 success=True
[hybrid-rollout] ep 92 (heldout_093): steps=6 success=True
[hybrid-rollout] ep 93 (heldout_094): steps=6 success=True
[hybrid-rollout] ep 94 (heldout_095): steps=7 success=True
[hybrid-rollout] ep 95 (heldout_096): steps=5 success=True
[hybrid-rollout] ep 96 (heldout_097): steps=5 success=True
[hybrid-rollout] ep 97 (heldout_098): steps=5 success=True
[hybrid-rollout] ep 98 (heldout_099): steps=6 success=True
[hybrid-rollout] ep 99 (heldout_100): steps=60 success=False
[hybrid-rollout] ep 100 (heldout_101): steps=4 success=True
[hybrid-rollout] ep 101 (heldout_102): steps=4 success=True
[hybrid-rollout] ep 102 (heldout_103): steps=60 success=False
[hybrid-rollout] ep 103 (heldout_104): steps=6 success=True
[hybrid-rollout] ep 104 (heldout_105): steps=4 success=True
[hybrid-rollout] ep 105 (heldout_106): steps=6 success=True
[hybrid-rollout] ep 106 (heldout_107): steps=4 success=True
[hybrid-rollout] ep 107 (heldout_108): steps=4 success=True
[hybrid-rollout] ep 108 (heldout_109): steps=4 success=True
[hybrid-rollout] ep 109 (heldout_110): steps=4 success=True
[hybrid-rollout] ep 110 (heldout_111): steps=5 success=False
[hybrid-rollout] ep 111 (heldout_112): steps=5 success=True
[hybrid-rollout] ep 112 (heldout_113): steps=5 success=True
[hybrid-rollout] ep 113 (heldout_114): steps=60 success=False
[hybrid-rollout] ep 114 (heldout_115): steps=4 success=True
[hybrid-rollout] ep 115 (heldout_116): steps=5 success=True
[hybrid-rollout] ep 116 (heldout_117): steps=5 success=True
[hybrid-rollout] ep 117 (heldout_118): steps=6 success=False
[hybrid-rollout] ep 118 (heldout_119): steps=4 success=True
[hybrid-rollout] ep 119 (heldout_120): steps=7 success=True
[hybrid-rollout] ep 120 (heldout_121): steps=4 success=True
[hybrid-rollout] ep 121 (heldout_122): steps=4 success=True
[hybrid-rollout] ep 122 (heldout_123): steps=6 success=True
[hybrid-rollout] ep 123 (heldout_124): steps=8 success=True
[hybrid-rollout] ep 124 (heldout_125): steps=4 success=True
[hybrid-rollout] ep 125 (heldout_126): steps=4 success=True
[hybrid-rollout] ep 126 (heldout_127): steps=60 success=False
[hybrid-rollout] ep 127 (heldout_128): steps=7 success=True
[hybrid-rollout] ep 128 (heldout_129): steps=4 success=True
[hybrid-rollout] ep 129 (heldout_130): steps=4 success=True
[hybrid-rollout] ep 130 (heldout_131): steps=5 success=False
[hybrid-rollout] ep 131 (heldout_132): steps=4 success=True
[hybrid-rollout] ep 132 (heldout_133): steps=4 success=True
[hybrid-rollout] ep 133 (heldout_134): steps=7 success=True
[hybrid-rollout] ep 134 (heldout_135): steps=6 success=True
[hybrid-rollout] ep 135 (heldout_136): steps=5 success=True
[hybrid-rollout] ep 136 (heldout_137): steps=5 success=True
[hybrid-rollout] ep 137 (heldout_138): steps=4 success=True
[hybrid-rollout] ep 138 (heldout_139): steps=4 success=True
[hybrid-rollout] ep 139 (heldout_140): steps=5 success=True
[hybrid-rollout] ep 140 (heldout_141): steps=5 success=True
[hybrid-rollout] ep 141 (heldout_142): steps=4 success=True
[hybrid-rollout] ep 142 (heldout_143): steps=8 success=True
[hybrid-rollout] ep 143 (heldout_144): steps=4 success=True
[hybrid-rollout] ep 144 (heldout_145): steps=5 success=True
[hybrid-rollout] ep 145 (heldout_146): steps=7 success=True
[hybrid-rollout] ep 146 (heldout_147): steps=4 success=True
[hybrid-rollout] ep 147 (heldout_148): steps=60 success=False
[hybrid-rollout] ep 148 (heldout_149): steps=5 success=True
[hybrid-rollout] ep 149 (heldout_150): steps=4 success=True
[hybrid-rollout] ep 150 (heldout_151): steps=5 success=True
[hybrid-rollout] ep 151 (heldout_152): steps=6 success=True
[hybrid-rollout] ep 152 (heldout_153): steps=5 success=True
[hybrid-rollout] ep 153 (heldout_154): steps=60 success=False
[hybrid-rollout] ep 154 (heldout_155): steps=6 success=True
[hybrid-rollout] ep 155 (heldout_156): steps=3 success=False
[hybrid-rollout] ep 156 (heldout_157): steps=4 success=True
[hybrid-rollout] ep 157 (heldout_158): steps=3 success=False
[hybrid-rollout] ep 158 (heldout_159): steps=6 success=True
[hybrid-rollout] ep 159 (heldout_160): steps=4 success=True
[hybrid-rollout] ep 160 (heldout_161): steps=60 success=False
[hybrid-rollout] ep 161 (heldout_162): steps=5 success=True
[hybrid-rollout] ep 162 (heldout_163): steps=4 success=True
[hybrid-rollout] ep 163 (heldout_164): steps=6 success=True
[hybrid-rollout] ep 164 (heldout_165): steps=5 success=True
[hybrid-rollout] ep 165 (heldout_166): steps=4 success=True
[hybrid-rollout] ep 166 (heldout_167): steps=4 success=True
[hybrid-rollout] ep 167 (heldout_168): steps=4 success=True
[hybrid-rollout] ep 168 (heldout_169): steps=6 success=True
[hybrid-rollout] ep 169 (heldout_170): steps=5 success=False
[hybrid-rollout] ep 170 (heldout_171): steps=4 success=True
[hybrid-rollout] ep 171 (heldout_172): steps=5 success=True
[hybrid-rollout] ep 172 (heldout_173): steps=4 success=True
[hybrid-rollout] ep 173 (heldout_174): steps=5 success=True
[hybrid-rollout] ep 174 (heldout_175): steps=5 success=True
[hybrid-rollout] ep 175 (heldout_176): steps=6 success=True
[hybrid-rollout] ep 176 (heldout_177): steps=6 success=True
[hybrid-rollout] ep 177 (heldout_178): steps=5 success=True
[hybrid-rollout] ep 178 (heldout_179): steps=5 success=True
[hybrid-rollout] ep 179 (heldout_180): steps=4 success=True
[hybrid-rollout] ep 180 (heldout_181): steps=5 success=True
[hybrid-rollout] ep 181 (heldout_182): steps=4 success=True
[hybrid-rollout] ep 182 (heldout_183): steps=5 success=True
[hybrid-rollout] ep 183 (heldout_184): steps=5 success=False
[hybrid-rollout] ep 184 (heldout_185): steps=5 success=True
[hybrid-rollout] ep 185 (heldout_186): steps=4 success=True
[hybrid-rollout] ep 186 (heldout_187): steps=5 success=True
[hybrid-rollout] ep 187 (heldout_188): steps=5 success=True
[hybrid-rollout] ep 188 (heldout_189): steps=5 success=True
[hybrid-rollout] ep 189 (heldout_190): steps=7 success=True
[hybrid-rollout] ep 190 (heldout_191): steps=4 success=True
[hybrid-rollout] ep 191 (heldout_192): steps=5 success=True
[hybrid-rollout] ep 192 (heldout_193): steps=7 success=True
[hybrid-rollout] ep 193 (heldout_194): steps=6 success=True
[hybrid-rollout] ep 194 (heldout_195): steps=5 success=True
[hybrid-rollout] ep 195 (heldout_196): steps=4 success=True
[hybrid-rollout] ep 196 (heldout_197): steps=5 success=True
[hybrid-rollout] ep 197 (heldout_198): steps=4 success=True
[hybrid-rollout] ep 198 (heldout_199): steps=4 success=True
[hybrid-rollout] ep 199 (heldout_200): steps=4 success=True
[hybrid-rollout] DONE successes=174/200
[19:56:59] [replay_p4] run 6 round 14: extras=14 heldout_sr=0.870
[19:56:59] [replay_p4] $ /home/s226137394/.conda/envs/maze/bin/python3 -u -m Equivariant_pathway.equivariant_CNN_hybrid.baseline_vs_p4.pool_x_selector.trainer.finetune_replay --demo_dir /weka/s226137394/DmNfull/Equivariant_pathway/equivariant_CNN_hybrid/baseline_vs_p4/pool_x_selector/results_hpsweep/e150_lr5e-05_rm0.5_do0/run_6/p4_top3_rotate/demos --checkpoint_dir /weka/s226137394/DmNfull/Equivariant_pathway/equivariant_CNN_hybrid/baseline_vs_p4/pool_x_selector/results_hpsweep/e150_lr5e-05_rm0.5_do0/run_6/p4_top3_rotate/checkpoints --epochs 150 --batch_size 64 --lr 5e-05 --weight_decay 0.0001 --replay_mix 0.5 --replay_mix_floor 0.2 --head_dropout 0.0 --seed 6 --resume --new_demos_dir /weka/s226137394/DmNfull/Equivariant_pathway/equivariant_CNN_hybrid/baseline_vs_p4/pool_x_selector/results_hpsweep/e150_lr5e-05_rm0.5_do0/run_6/p4_top3_rotate/demos/round_015
[finetune_replay] device=cuda demo_dir=/weka/s226137394/DmNfull/Equivariant_pathway/equivariant_CNN_hybrid/baseline_vs_p4/pool_x_selector/results_hpsweep/e150_lr5e-05_rm0.5_do0/run_6/p4_top3_rotate/demos new_demos_dir=/weka/s226137394/DmNfull/Equivariant_pathway/equivariant_CNN_hybrid/baseline_vs_p4/pool_x_selector/results_hpsweep/e150_lr5e-05_rm0.5_do0/run_6/p4_top3_rotate/demos/round_015
[hybrid-dataset] 34 demos -> 179 samples
[hybrid-dataset] 1 demos -> 8 samples
[finetune_replay] sampler audit: {'n_old_samples': 179, 'n_new_samples': 8, 'replay_mix_target': 0.5, 'replay_mix_effective': 0.5, 'replay_mix_floor': 0.2}
[finetune_replay] trainable params: 1,400,028
[finetune_replay] WARM START from last_hybrid_policy.pth
[finetune_replay] ep   1/150 | train loss=0.2230 top1=0.953 | val loss=0.0034 | t=0.9s  *
[finetune_replay] ep   2/150 | train loss=0.0196 top1=1.000 | val loss=0.0115 | t=0.2s
[finetune_replay] ep   3/150 | train loss=0.0219 top1=1.000 | val loss=0.0097 | t=0.1s
[finetune_replay] ep   4/150 | train loss=0.0032 top1=1.000 | val loss=0.0059 | t=0.1s
[finetune_replay] ep   5/150 | train loss=0.0032 top1=1.000 | val loss=0.0034 | t=0.1s  *
[finetune_replay] ep   6/150 | train loss=0.0012 top1=1.000 | val loss=0.0031 | t=0.1s  *
[finetune_replay] ep   7/150 | train loss=0.0010 top1=1.000 | val loss=0.0038 | t=0.1s
[finetune_replay] ep   8/150 | train loss=0.0010 top1=1.000 | val loss=0.0050 | t=0.1s
[finetune_replay] ep   9/150 | train loss=0.0009 top1=1.000 | val loss=0.0030 | t=0.2s  *
[finetune_replay] ep  10/150 | train loss=0.0007 top1=1.000 | val loss=0.0024 | t=0.1s  *
[finetune_replay] ep  11/150 | train loss=0.0006 top1=1.000 | val loss=0.0032 | t=0.2s
[finetune_replay] ep  12/150 | train loss=0.0004 top1=1.000 | val loss=0.0035 | t=0.1s
[finetune_replay] ep  13/150 | train loss=0.0004 top1=1.000 | val loss=0.0036 | t=0.1s
[finetune_replay] ep  14/150 | train loss=0.0005 top1=1.000 | val loss=0.0039 | t=0.1s
[finetune_replay] ep  15/150 | train loss=0.0003 top1=1.000 | val loss=0.0043 | t=0.1s
[finetune_replay] ep  16/150 | train loss=0.0004 top1=1.000 | val loss=0.0047 | t=0.2s
[finetune_replay] ep  17/150 | train loss=0.0003 top1=1.000 | val loss=0.0047 | t=0.1s
[finetune_replay] ep  18/150 | train loss=0.0003 top1=1.000 | val loss=0.0039 | t=0.1s
[finetune_replay] ep  19/150 | train loss=0.0004 top1=1.000 | val loss=0.0038 | t=0.1s
[finetune_replay] ep  20/150 | train loss=0.0004 top1=1.000 | val loss=0.0031 | t=0.1s
[finetune_replay] ep  21/150 | train loss=0.0003 top1=1.000 | val loss=0.0025 | t=0.1s
[finetune_replay] ep  22/150 | train loss=0.0003 top1=1.000 | val loss=0.0031 | t=0.1s
[finetune_replay] ep  23/150 | train loss=0.0004 top1=1.000 | val loss=0.0036 | t=0.1s
[finetune_replay] ep  24/150 | train loss=0.0003 top1=1.000 | val loss=0.0044 | t=0.1s
[finetune_replay] ep  25/150 | train loss=0.0003 top1=1.000 | val loss=0.0037 | t=0.1s
[finetune_replay] ep  26/150 | train loss=0.0003 top1=1.000 | val loss=0.0035 | t=0.1s
[finetune_replay] ep  27/150 | train loss=0.0003 top1=1.000 | val loss=0.0030 | t=0.1s
[finetune_replay] ep  28/150 | train loss=0.0003 top1=1.000 | val loss=0.0031 | t=0.1s
[finetune_replay] ep  29/150 | train loss=0.0003 top1=1.000 | val loss=0.0030 | t=0.1s
[finetune_replay] ep  30/150 | train loss=0.0002 top1=1.000 | val loss=0.0028 | t=0.1s
[finetune_replay] ep  31/150 | train loss=0.0002 top1=1.000 | val loss=0.0023 | t=0.2s  *
[finetune_replay] ep  32/150 | train loss=0.0002 top1=1.000 | val loss=0.0020 | t=0.1s  *
[finetune_replay] ep  33/150 | train loss=0.0002 top1=1.000 | val loss=0.0021 | t=0.1s
[finetune_replay] ep  34/150 | train loss=0.0002 top1=1.000 | val loss=0.0022 | t=0.1s
[finetune_replay] ep  35/150 | train loss=0.0002 top1=1.000 | val loss=0.0023 | t=0.1s
[finetune_replay] ep  36/150 | train loss=0.0002 top1=1.000 | val loss=0.0024 | t=0.1s
[finetune_replay] ep  37/150 | train loss=0.0003 top1=1.000 | val loss=0.0021 | t=0.1s
[finetune_replay] ep  38/150 | train loss=0.0002 top1=1.000 | val loss=0.0020 | t=0.1s  *
[finetune_replay] ep  39/150 | train loss=0.0002 top1=1.000 | val loss=0.0021 | t=0.1s
[finetune_replay] ep  40/150 | train loss=0.0001 top1=1.000 | val loss=0.0021 | t=0.1s
[finetune_replay] ep  41/150 | train loss=0.0002 top1=1.000 | val loss=0.0025 | t=0.1s
[finetune_replay] ep  42/150 | train loss=0.0002 top1=1.000 | val loss=0.0023 | t=0.1s
[finetune_replay] ep  43/150 | train loss=0.0002 top1=1.000 | val loss=0.0022 | t=0.1s
[finetune_replay] ep  44/150 | train loss=0.0002 top1=1.000 | val loss=0.0020 | t=0.1s
[finetune_replay] ep  45/150 | train loss=0.0002 top1=1.000 | val loss=0.0024 | t=0.1s
[finetune_replay] ep  46/150 | train loss=0.0002 top1=1.000 | val loss=0.0026 | t=0.1s
[finetune_replay] ep  47/150 | train loss=0.0002 top1=1.000 | val loss=0.0028 | t=0.1s
[finetune_replay] ep  48/150 | train loss=0.0002 top1=1.000 | val loss=0.0029 | t=0.1s
[finetune_replay] ep  49/150 | train loss=0.0001 top1=1.000 | val loss=0.0028 | t=0.1s
[finetune_replay] ep  50/150 | train loss=0.0002 top1=1.000 | val loss=0.0028 | t=0.1s
[finetune_replay] ep  51/150 | train loss=0.0002 top1=1.000 | val loss=0.0025 | t=0.1s
[finetune_replay] ep  52/150 | train loss=0.0001 top1=1.000 | val loss=0.0019 | t=0.1s  *
[finetune_replay] ep  53/150 | train loss=0.0002 top1=1.000 | val loss=0.0019 | t=0.1s  *
[finetune_replay] ep  54/150 | train loss=0.0001 top1=1.000 | val loss=0.0021 | t=0.1s
[finetune_replay] ep  55/150 | train loss=0.0002 top1=1.000 | val loss=0.0023 | t=0.1s
[finetune_replay] ep  56/150 | train loss=0.0001 top1=1.000 | val loss=0.0025 | t=0.1s
[finetune_replay] ep  57/150 | train loss=0.0002 top1=1.000 | val loss=0.0025 | t=0.1s
[finetune_replay] ep  58/150 | train loss=0.0002 top1=1.000 | val loss=0.0022 | t=0.2s
[finetune_replay] ep  59/150 | train loss=0.0001 top1=1.000 | val loss=0.0020 | t=0.1s
[finetune_replay] ep  60/150 | train loss=0.0001 top1=1.000 | val loss=0.0019 | t=0.1s
[finetune_replay] ep  61/150 | train loss=0.0001 top1=1.000 | val loss=0.0020 | t=0.1s
[finetune_replay] ep  62/150 | train loss=0.0002 top1=1.000 | val loss=0.0020 | t=0.1s
[finetune_replay] ep  63/150 | train loss=0.0001 top1=1.000 | val loss=0.0019 | t=0.1s
[finetune_replay] ep  64/150 | train loss=0.0001 top1=1.000 | val loss=0.0019 | t=0.1s
[finetune_replay] ep  65/150 | train loss=0.0001 top1=1.000 | val loss=0.0020 | t=0.1s
[finetune_replay] ep  66/150 | train loss=0.0001 top1=1.000 | val loss=0.0021 | t=0.1s
[finetune_replay] ep  67/150 | train loss=0.0001 top1=1.000 | val loss=0.0022 | t=0.1s
[finetune_replay] ep  68/150 | train loss=0.0001 top1=1.000 | val loss=0.0021 | t=0.1s
[finetune_replay] ep  69/150 | train loss=0.0001 top1=1.000 | val loss=0.0023 | t=0.1s
[finetune_replay] ep  70/150 | train loss=0.0001 top1=1.000 | val loss=0.0023 | t=0.1s
[finetune_replay] ep  71/150 | train loss=0.0001 top1=1.000 | val loss=0.0021 | t=0.1s
[finetune_replay] ep  72/150 | train loss=0.0001 top1=1.000 | val loss=0.0021 | t=0.1s
[finetune_replay] ep  73/150 | train loss=0.0001 top1=1.000 | val loss=0.0020 | t=0.1s
[finetune_replay] ep  74/150 | train loss=0.0001 top1=1.000 | val loss=0.0020 | t=0.1s
[finetune_replay] ep  75/150 | train loss=0.0001 top1=1.000 | val loss=0.0020 | t=0.1s
[finetune_replay] ep  76/150 | train loss=0.0001 top1=1.000 | val loss=0.0019 | t=0.1s
[finetune_replay] ep  77/150 | train loss=0.0001 top1=1.000 | val loss=0.0022 | t=0.1s
[finetune_replay] ep  78/150 | train loss=0.0001 top1=1.000 | val loss=0.0021 | t=0.1s
[finetune_replay] ep  79/150 | train loss=0.0001 top1=1.000 | val loss=0.0020 | t=0.1s
[finetune_replay] ep  80/150 | train loss=0.0001 top1=1.000 | val loss=0.0020 | t=0.1s
[finetune_replay] ep  81/150 | train loss=0.0001 top1=1.000 | val loss=0.0018 | t=0.1s  *
[finetune_replay] ep  82/150 | train loss=0.0001 top1=1.000 | val loss=0.0016 | t=0.1s  *
[finetune_replay] ep  83/150 | train loss=0.0001 top1=1.000 | val loss=0.0018 | t=0.1s
[finetune_replay] ep  84/150 | train loss=0.0001 top1=1.000 | val loss=0.0018 | t=0.1s
[finetune_replay] ep  85/150 | train loss=0.0001 top1=1.000 | val loss=0.0018 | t=0.1s
[finetune_replay] ep  86/150 | train loss=0.0001 top1=1.000 | val loss=0.0018 | t=0.1s
[finetune_replay] ep  87/150 | train loss=0.0001 top1=1.000 | val loss=0.0021 | t=0.1s
[finetune_replay] ep  88/150 | train loss=0.0001 top1=1.000 | val loss=0.0020 | t=0.1s
[finetune_replay] ep  89/150 | train loss=0.0001 top1=1.000 | val loss=0.0019 | t=0.1s
[finetune_replay] ep  90/150 | train loss=0.0001 top1=1.000 | val loss=0.0017 | t=0.1s
[finetune_replay] ep  91/150 | train loss=0.0001 top1=1.000 | val loss=0.0016 | t=0.1s  *
[finetune_replay] ep  92/150 | train loss=0.0001 top1=1.000 | val loss=0.0016 | t=0.1s
[finetune_replay] ep  93/150 | train loss=0.0001 top1=1.000 | val loss=0.0018 | t=0.1s
[finetune_replay] ep  94/150 | train loss=0.0001 top1=1.000 | val loss=0.0017 | t=0.1s
[finetune_replay] ep  95/150 | train loss=0.0001 top1=1.000 | val loss=0.0018 | t=0.2s
[finetune_replay] ep  96/150 | train loss=0.0001 top1=1.000 | val loss=0.0019 | t=0.1s
[finetune_replay] ep  97/150 | train loss=0.0001 top1=1.000 | val loss=0.0018 | t=0.1s
[finetune_replay] ep  98/150 | train loss=0.0001 top1=1.000 | val loss=0.0018 | t=0.1s
[finetune_replay] ep  99/150 | train loss=0.0001 top1=1.000 | val loss=0.0019 | t=0.1s
[finetune_replay] ep 100/150 | train loss=0.0001 top1=1.000 | val loss=0.0018 | t=0.1s
[finetune_replay] ep 101/150 | train loss=0.0001 top1=1.000 | val loss=0.0018 | t=0.1s
[finetune_replay] ep 102/150 | train loss=0.0001 top1=1.000 | val loss=0.0017 | t=0.1s
[finetune_replay] ep 103/150 | train loss=0.0001 top1=1.000 | val loss=0.0018 | t=0.1s
[finetune_replay] ep 104/150 | train loss=0.0001 top1=1.000 | val loss=0.0017 | t=0.1s
[finetune_replay] ep 105/150 | train loss=0.0001 top1=1.000 | val loss=0.0016 | t=0.1s  *
[finetune_replay] ep 106/150 | train loss=0.0001 top1=1.000 | val loss=0.0015 | t=0.1s  *
[finetune_replay] ep 107/150 | train loss=0.0001 top1=1.000 | val loss=0.0014 | t=0.1s  *
[finetune_replay] ep 108/150 | train loss=0.0001 top1=1.000 | val loss=0.0014 | t=0.1s
[finetune_replay] ep 109/150 | train loss=0.0001 top1=1.000 | val loss=0.0016 | t=0.1s
[finetune_replay] ep 110/150 | train loss=0.0001 top1=1.000 | val loss=0.0016 | t=0.1s
[finetune_replay] ep 111/150 | train loss=0.0001 top1=1.000 | val loss=0.0017 | t=0.1s
[finetune_replay] ep 112/150 | train loss=0.0001 top1=1.000 | val loss=0.0018 | t=0.1s
[finetune_replay] ep 113/150 | train loss=0.0001 top1=1.000 | val loss=0.0019 | t=0.1s
[finetune_replay] ep 114/150 | train loss=0.0001 top1=1.000 | val loss=0.0018 | t=0.1s
[finetune_replay] ep 115/150 | train loss=0.0001 top1=1.000 | val loss=0.0017 | t=0.1s
[finetune_replay] ep 116/150 | train loss=0.0001 top1=1.000 | val loss=0.0017 | t=0.1s
[finetune_replay] ep 117/150 | train loss=0.0001 top1=1.000 | val loss=0.0019 | t=0.1s
[finetune_replay] ep 118/150 | train loss=0.0001 top1=1.000 | val loss=0.0018 | t=0.1s
[finetune_replay] ep 119/150 | train loss=0.0001 top1=1.000 | val loss=0.0018 | t=0.1s
[finetune_replay] ep 120/150 | train loss=0.0001 top1=1.000 | val loss=0.0016 | t=0.1s
[finetune_replay] ep 121/150 | train loss=0.0001 top1=1.000 | val loss=0.0016 | t=0.1s
[finetune_replay] ep 122/150 | train loss=0.0001 top1=1.000 | val loss=0.0017 | t=0.1s
[finetune_replay] ep 123/150 | train loss=0.0001 top1=1.000 | val loss=0.0017 | t=0.1s
[finetune_replay] ep 124/150 | train loss=0.0001 top1=1.000 | val loss=0.0017 | t=0.1s
[finetune_replay] ep 125/150 | train loss=0.0001 top1=1.000 | val loss=0.0016 | t=0.1s
[finetune_replay] ep 126/150 | train loss=0.0001 top1=1.000 | val loss=0.0018 | t=0.1s
[finetune_replay] ep 127/150 | train loss=0.0001 top1=1.000 | val loss=0.0020 | t=0.1s
[finetune_replay] ep 128/150 | train loss=0.0001 top1=1.000 | val loss=0.0018 | t=0.1s
[finetune_replay] ep 129/150 | train loss=0.0001 top1=1.000 | val loss=0.0017 | t=0.1s
[finetune_replay] ep 130/150 | train loss=0.0001 top1=1.000 | val loss=0.0016 | t=0.1s
[finetune_replay] ep 131/150 | train loss=0.0001 top1=1.000 | val loss=0.0017 | t=0.1s
[finetune_replay] ep 132/150 | train loss=0.0001 top1=1.000 | val loss=0.0016 | t=0.1s
[finetune_replay] ep 133/150 | train loss=0.0001 top1=1.000 | val loss=0.0016 | t=0.1s
[finetune_replay] ep 134/150 | train loss=0.0001 top1=1.000 | val loss=0.0016 | t=0.1s
[finetune_replay] ep 135/150 | train loss=0.0001 top1=1.000 | val loss=0.0016 | t=0.1s
[finetune_replay] ep 136/150 | train loss=0.0001 top1=1.000 | val loss=0.0016 | t=0.1s
[finetune_replay] ep 137/150 | train loss=0.0001 top1=1.000 | val loss=0.0015 | t=0.1s
[finetune_replay] ep 138/150 | train loss=0.0001 top1=1.000 | val loss=0.0016 | t=0.1s
[finetune_replay] ep 139/150 | train loss=0.0001 top1=1.000 | val loss=0.0017 | t=0.1s
[finetune_replay] ep 140/150 | train loss=0.0001 top1=1.000 | val loss=0.0016 | t=0.1s
[finetune_replay] ep 141/150 | train loss=0.0001 top1=1.000 | val loss=0.0016 | t=0.1s
[finetune_replay] ep 142/150 | train loss=0.0001 top1=1.000 | val loss=0.0017 | t=0.1s
[finetune_replay] ep 143/150 | train loss=0.0001 top1=1.000 | val loss=0.0016 | t=0.1s
[finetune_replay] ep 144/150 | train loss=0.0001 top1=1.000 | val loss=0.0016 | t=0.1s
[finetune_replay] ep 145/150 | train loss=0.0001 top1=1.000 | val loss=0.0016 | t=0.1s
[finetune_replay] ep 146/150 | train loss=0.0001 top1=1.000 | val loss=0.0014 | t=0.1s
[finetune_replay] ep 147/150 | train loss=0.0001 top1=1.000 | val loss=0.0014 | t=0.1s
[finetune_replay] ep 148/150 | train loss=0.0001 top1=1.000 | val loss=0.0015 | t=0.2s
[finetune_replay] ep 149/150 | train loss=0.0001 top1=1.000 | val loss=0.0017 | t=0.1s
[finetune_replay] ep 150/150 | train loss=0.0001 top1=1.000 | val loss=0.0017 | t=0.1s
[finetune_replay] DONE best_val_loss=0.0014 @ epoch 107
[19:57:36] [bo-budget] $ /home/s226137394/.conda/envs/maze/bin/python3 -u -m Equivariant_pathway.equivariant_CNN_hybrid.rollout_test --checkpoint /weka/s226137394/DmNfull/Equivariant_pathway/equivariant_CNN_hybrid/baseline_vs_p4/pool_x_selector/results_hpsweep/e150_lr5e-05_rm0.5_do0/run_6/p4_top3_rotate/checkpoints/best_hybrid_policy.pth --layouts /weka/s226137394/DmNfull/Equivariant_pathway/equivariant_CNN_hybrid/baseline_vs_p4/shared/heldout_layouts.yaml --out_dir /weka/s226137394/DmNfull/Equivariant_pathway/equivariant_CNN_hybrid/baseline_vs_p4/pool_x_selector/results_hpsweep/e150_lr5e-05_rm0.5_do0/run_6/p4_top3_rotate/results/eval_round_015 --seed 21 --max_steps 60
[hybrid-rollout] 200 unique; running 200 eps
[hybrid-rollout] loaded /weka/s226137394/DmNfull/Equivariant_pathway/equivariant_CNN_hybrid/baseline_vs_p4/pool_x_selector/results_hpsweep/e150_lr5e-05_rm0.5_do0/run_6/p4_top3_rotate/checkpoints/best_hybrid_policy.pth
[hybrid-rollout] ep 0 (heldout_001): steps=5 success=True
[hybrid-rollout] ep 1 (heldout_002): steps=4 success=True
[hybrid-rollout] ep 2 (heldout_003): steps=4 success=True
[hybrid-rollout] ep 3 (heldout_004): steps=6 success=True
[hybrid-rollout] ep 4 (heldout_005): steps=5 success=True
[hybrid-rollout] ep 5 (heldout_006): steps=3 success=False
[hybrid-rollout] ep 6 (heldout_007): steps=5 success=True
[hybrid-rollout] ep 7 (heldout_008): steps=4 success=True
[hybrid-rollout] ep 8 (heldout_009): steps=6 success=True
[hybrid-rollout] ep 9 (heldout_010): steps=10 success=True
[hybrid-rollout] ep 10 (heldout_011): steps=4 success=True
[hybrid-rollout] ep 11 (heldout_012): steps=4 success=True
[hybrid-rollout] ep 12 (heldout_013): steps=5 success=True
[hybrid-rollout] ep 13 (heldout_014): steps=5 success=True
[hybrid-rollout] ep 14 (heldout_015): steps=4 success=True
[hybrid-rollout] ep 15 (heldout_016): steps=5 success=True
[hybrid-rollout] ep 16 (heldout_017): steps=4 success=True
[hybrid-rollout] ep 17 (heldout_018): steps=60 success=False
[hybrid-rollout] ep 18 (heldout_019): steps=5 success=True
[hybrid-rollout] ep 19 (heldout_020): steps=5 success=True
[hybrid-rollout] ep 20 (heldout_021): steps=4 success=True
[hybrid-rollout] ep 21 (heldout_022): steps=4 success=True
[hybrid-rollout] ep 22 (heldout_023): steps=60 success=False
[hybrid-rollout] ep 23 (heldout_024): steps=60 success=False
[hybrid-rollout] ep 24 (heldout_025): steps=4 success=True
[hybrid-rollout] ep 25 (heldout_026): steps=4 success=True
[hybrid-rollout] ep 26 (heldout_027): steps=4 success=True
[hybrid-rollout] ep 27 (heldout_028): steps=4 success=True
[hybrid-rollout] ep 28 (heldout_029): steps=5 success=True
[hybrid-rollout] ep 29 (heldout_030): steps=60 success=False
[hybrid-rollout] ep 30 (heldout_031): steps=5 success=True
[hybrid-rollout] ep 31 (heldout_032): steps=5 success=True
[hybrid-rollout] ep 32 (heldout_033): steps=4 success=True
[hybrid-rollout] ep 33 (heldout_034): steps=5 success=True
[hybrid-rollout] ep 34 (heldout_035): steps=6 success=True
[hybrid-rollout] ep 35 (heldout_036): steps=5 success=True
[hybrid-rollout] ep 36 (heldout_037): steps=4 success=True
[hybrid-rollout] ep 37 (heldout_038): steps=5 success=True
[hybrid-rollout] ep 38 (heldout_039): steps=6 success=True
[hybrid-rollout] ep 39 (heldout_040): steps=5 success=True
[hybrid-rollout] ep 40 (heldout_041): steps=6 success=True
[hybrid-rollout] ep 41 (heldout_042): steps=60 success=False
[hybrid-rollout] ep 42 (heldout_043): steps=4 success=True
[hybrid-rollout] ep 43 (heldout_044): steps=5 success=True
[hybrid-rollout] ep 44 (heldout_045): steps=5 success=True
[hybrid-rollout] ep 45 (heldout_046): steps=4 success=True
[hybrid-rollout] ep 46 (heldout_047): steps=3 success=False
[hybrid-rollout] ep 47 (heldout_048): steps=6 success=True
[hybrid-rollout] ep 48 (heldout_049): steps=5 success=True
[hybrid-rollout] ep 49 (heldout_050): steps=4 success=True
[hybrid-rollout] ep 50 (heldout_051): steps=4 success=True
[hybrid-rollout] ep 51 (heldout_052): steps=4 success=True
[hybrid-rollout] ep 52 (heldout_053): steps=6 success=True
[hybrid-rollout] ep 53 (heldout_054): steps=4 success=True
[hybrid-rollout] ep 54 (heldout_055): steps=60 success=False
[hybrid-rollout] ep 55 (heldout_056): steps=4 success=True
[hybrid-rollout] ep 56 (heldout_057): steps=4 success=True
[hybrid-rollout] ep 57 (heldout_058): steps=4 success=True
[hybrid-rollout] ep 58 (heldout_059): steps=5 success=True
[hybrid-rollout] ep 59 (heldout_060): steps=6 success=True
[hybrid-rollout] ep 60 (heldout_061): steps=5 success=True
[hybrid-rollout] ep 61 (heldout_062): steps=6 success=True
[hybrid-rollout] ep 62 (heldout_063): steps=5 success=True
[hybrid-rollout] ep 63 (heldout_064): steps=4 success=True
[hybrid-rollout] ep 64 (heldout_065): steps=7 success=True
[hybrid-rollout] ep 65 (heldout_066): steps=6 success=True
[hybrid-rollout] ep 66 (heldout_067): steps=5 success=True
[hybrid-rollout] ep 67 (heldout_068): steps=4 success=True
[hybrid-rollout] ep 68 (heldout_069): steps=4 success=True
[hybrid-rollout] ep 69 (heldout_070): steps=7 success=True
[hybrid-rollout] ep 70 (heldout_071): steps=5 success=True
[hybrid-rollout] ep 71 (heldout_072): steps=5 success=True
[hybrid-rollout] ep 72 (heldout_073): steps=6 success=True
[hybrid-rollout] ep 73 (heldout_074): steps=4 success=True
[hybrid-rollout] ep 74 (heldout_075): steps=5 success=True
[hybrid-rollout] ep 75 (heldout_076): steps=7 success=True
[hybrid-rollout] ep 76 (heldout_077): steps=4 success=True
[hybrid-rollout] ep 77 (heldout_078): steps=3 success=False
[hybrid-rollout] ep 78 (heldout_079): steps=4 success=True
[hybrid-rollout] ep 79 (heldout_080): steps=4 success=True
[hybrid-rollout] ep 80 (heldout_081): steps=5 success=True
[hybrid-rollout] ep 81 (heldout_082): steps=5 success=True
[hybrid-rollout] ep 82 (heldout_083): steps=4 success=True
[hybrid-rollout] ep 83 (heldout_084): steps=5 success=True
[hybrid-rollout] ep 84 (heldout_085): steps=60 success=False
[hybrid-rollout] ep 85 (heldout_086): steps=6 success=True
[hybrid-rollout] ep 86 (heldout_087): steps=7 success=True
[hybrid-rollout] ep 87 (heldout_088): steps=4 success=True
[hybrid-rollout] ep 88 (heldout_089): steps=3 success=False
[hybrid-rollout] ep 89 (heldout_090): steps=4 success=True
[hybrid-rollout] ep 90 (heldout_091): steps=5 success=True
[hybrid-rollout] ep 91 (heldout_092): steps=5 success=True
[hybrid-rollout] ep 92 (heldout_093): steps=6 success=True
[hybrid-rollout] ep 93 (heldout_094): steps=6 success=True
[hybrid-rollout] ep 94 (heldout_095): steps=7 success=True
[hybrid-rollout] ep 95 (heldout_096): steps=5 success=True
[hybrid-rollout] ep 96 (heldout_097): steps=5 success=True
[hybrid-rollout] ep 97 (heldout_098): steps=5 success=True
[hybrid-rollout] ep 98 (heldout_099): steps=6 success=True
[hybrid-rollout] ep 99 (heldout_100): steps=60 success=False
[hybrid-rollout] ep 100 (heldout_101): steps=4 success=True
[hybrid-rollout] ep 101 (heldout_102): steps=4 success=True
[hybrid-rollout] ep 102 (heldout_103): steps=60 success=False
[hybrid-rollout] ep 103 (heldout_104): steps=6 success=True
[hybrid-rollout] ep 104 (heldout_105): steps=4 success=True
[hybrid-rollout] ep 105 (heldout_106): steps=6 success=True
[hybrid-rollout] ep 106 (heldout_107): steps=4 success=True
[hybrid-rollout] ep 107 (heldout_108): steps=4 success=True
[hybrid-rollout] ep 108 (heldout_109): steps=4 success=True
[hybrid-rollout] ep 109 (heldout_110): steps=4 success=True
[hybrid-rollout] ep 110 (heldout_111): steps=5 success=False
[hybrid-rollout] ep 111 (heldout_112): steps=5 success=True
[hybrid-rollout] ep 112 (heldout_113): steps=5 success=True
[hybrid-rollout] ep 113 (heldout_114): steps=60 success=False
[hybrid-rollout] ep 114 (heldout_115): steps=4 success=True
[hybrid-rollout] ep 115 (heldout_116): steps=5 success=True
[hybrid-rollout] ep 116 (heldout_117): steps=5 success=True
[hybrid-rollout] ep 117 (heldout_118): steps=7 success=True
[hybrid-rollout] ep 118 (heldout_119): steps=4 success=True
[hybrid-rollout] ep 119 (heldout_120): steps=7 success=True
[hybrid-rollout] ep 120 (heldout_121): steps=4 success=True
[hybrid-rollout] ep 121 (heldout_122): steps=4 success=True
[hybrid-rollout] ep 122 (heldout_123): steps=6 success=True
[hybrid-rollout] ep 123 (heldout_124): steps=8 success=True
[hybrid-rollout] ep 124 (heldout_125): steps=4 success=True
[hybrid-rollout] ep 125 (heldout_126): steps=4 success=True
[hybrid-rollout] ep 126 (heldout_127): steps=4 success=False
[hybrid-rollout] ep 127 (heldout_128): steps=7 success=True
[hybrid-rollout] ep 128 (heldout_129): steps=4 success=True
[hybrid-rollout] ep 129 (heldout_130): steps=4 success=True
[hybrid-rollout] ep 130 (heldout_131): steps=5 success=False
[hybrid-rollout] ep 131 (heldout_132): steps=4 success=True
[hybrid-rollout] ep 132 (heldout_133): steps=4 success=True
[hybrid-rollout] ep 133 (heldout_134): steps=7 success=True
[hybrid-rollout] ep 134 (heldout_135): steps=6 success=True
[hybrid-rollout] ep 135 (heldout_136): steps=5 success=True
[hybrid-rollout] ep 136 (heldout_137): steps=5 success=True
[hybrid-rollout] ep 137 (heldout_138): steps=4 success=True
[hybrid-rollout] ep 138 (heldout_139): steps=4 success=True
[hybrid-rollout] ep 139 (heldout_140): steps=5 success=True
[hybrid-rollout] ep 140 (heldout_141): steps=60 success=False
[hybrid-rollout] ep 141 (heldout_142): steps=4 success=True
[hybrid-rollout] ep 142 (heldout_143): steps=6 success=True
[hybrid-rollout] ep 143 (heldout_144): steps=4 success=True
[hybrid-rollout] ep 144 (heldout_145): steps=5 success=True
[hybrid-rollout] ep 145 (heldout_146): steps=60 success=False
[hybrid-rollout] ep 146 (heldout_147): steps=4 success=True
[hybrid-rollout] ep 147 (heldout_148): steps=60 success=False
[hybrid-rollout] ep 148 (heldout_149): steps=5 success=True
[hybrid-rollout] ep 149 (heldout_150): steps=4 success=True
[hybrid-rollout] ep 150 (heldout_151): steps=5 success=True
[hybrid-rollout] ep 151 (heldout_152): steps=6 success=True
[hybrid-rollout] ep 152 (heldout_153): steps=5 success=True
[hybrid-rollout] ep 153 (heldout_154): steps=60 success=False
[hybrid-rollout] ep 154 (heldout_155): steps=6 success=True
[hybrid-rollout] ep 155 (heldout_156): steps=3 success=False
[hybrid-rollout] ep 156 (heldout_157): steps=4 success=True
[hybrid-rollout] ep 157 (heldout_158): steps=3 success=False
[hybrid-rollout] ep 158 (heldout_159): steps=6 success=True
[hybrid-rollout] ep 159 (heldout_160): steps=60 success=False
[hybrid-rollout] ep 160 (heldout_161): steps=60 success=False
[hybrid-rollout] ep 161 (heldout_162): steps=5 success=True
[hybrid-rollout] ep 162 (heldout_163): steps=4 success=True
[hybrid-rollout] ep 163 (heldout_164): steps=6 success=True
[hybrid-rollout] ep 164 (heldout_165): steps=5 success=True
[hybrid-rollout] ep 165 (heldout_166): steps=4 success=True
[hybrid-rollout] ep 166 (heldout_167): steps=4 success=True
[hybrid-rollout] ep 167 (heldout_168): steps=4 success=True
[hybrid-rollout] ep 168 (heldout_169): steps=6 success=True
[hybrid-rollout] ep 169 (heldout_170): steps=6 success=True
[hybrid-rollout] ep 170 (heldout_171): steps=4 success=True
[hybrid-rollout] ep 171 (heldout_172): steps=5 success=True
[hybrid-rollout] ep 172 (heldout_173): steps=4 success=True
[hybrid-rollout] ep 173 (heldout_174): steps=5 success=True
[hybrid-rollout] ep 174 (heldout_175): steps=7 success=True
[hybrid-rollout] ep 175 (heldout_176): steps=6 success=True
[hybrid-rollout] ep 176 (heldout_177): steps=6 success=True
[hybrid-rollout] ep 177 (heldout_178): steps=5 success=True
[hybrid-rollout] ep 178 (heldout_179): steps=5 success=True
[hybrid-rollout] ep 179 (heldout_180): steps=4 success=True
[hybrid-rollout] ep 180 (heldout_181): steps=5 success=True
[hybrid-rollout] ep 181 (heldout_182): steps=4 success=True
[hybrid-rollout] ep 182 (heldout_183): steps=5 success=True
[hybrid-rollout] ep 183 (heldout_184): steps=7 success=True
[hybrid-rollout] ep 184 (heldout_185): steps=5 success=True
[hybrid-rollout] ep 185 (heldout_186): steps=4 success=True
[hybrid-rollout] ep 186 (heldout_187): steps=5 success=True
[hybrid-rollout] ep 187 (heldout_188): steps=5 success=True
[hybrid-rollout] ep 188 (heldout_189): steps=60 success=False
[hybrid-rollout] ep 189 (heldout_190): steps=7 success=True
[hybrid-rollout] ep 190 (heldout_191): steps=6 success=True
[hybrid-rollout] ep 191 (heldout_192): steps=5 success=True
[hybrid-rollout] ep 192 (heldout_193): steps=7 success=True
[hybrid-rollout] ep 193 (heldout_194): steps=6 success=True
[hybrid-rollout] ep 194 (heldout_195): steps=5 success=True
[hybrid-rollout] ep 195 (heldout_196): steps=4 success=True
[hybrid-rollout] ep 196 (heldout_197): steps=5 success=True
[hybrid-rollout] ep 197 (heldout_198): steps=4 success=True
[hybrid-rollout] ep 198 (heldout_199): steps=4 success=True
[hybrid-rollout] ep 199 (heldout_200): steps=4 success=True
[hybrid-rollout] DONE successes=174/200
[19:58:39] [replay_p4] run 6 round 15: extras=15 heldout_sr=0.870
[19:58:39] [replay_p4] run 6 DONE: final_sr=0.87 n_demos=15
